cik,ticker,name,sic,sic_desc,city,state,zip
0001045810,NVDA,NVIDIA CORP,3674,Semiconductors & Related Devices,SANTA CLARA,CA,95051
0000320193,AAPL,Apple Inc.,3571,Electronic Computers,CUPERTINO,CA,95014
0001652044,GOOGL,Alphabet Inc.,7370,"Services-Computer Programming, Data Processing, Etc.",MOUNTAIN VIEW,CA,94043
0000789019,MSFT,MICROSOFT CORP,7372,Services-Prepackaged Software,REDMOND,WA,98052
0001018724,AMZN,AMAZON COM INC,5961,Retail-Catalog & Mail-Order Houses,SEATTLE,WA,98109
0001730168,AVGO,Broadcom Inc.,3674,Semiconductors & Related Devices,PALO ALTO,CA,94304
0001326801,META,"Meta Platforms, Inc.",7370,"Services-Computer Programming, Data Processing, Etc.",MENLO PARK,CA,94025
0001318605,TSLA,"Tesla, Inc.",3711,Motor Vehicles & Passenger Car Bodies,AUSTIN,TX,78725
0000059478,LLY,ELI LILLY & Co,2834,Pharmaceutical Preparations,INDIANAPOLIS,IN,46285
0001067983,BRK-B,BERKSHIRE HATHAWAY INC,6331,"Fire, Marine & Casualty Insurance",OMAHA,NE,68131
0000019617,JPM,JPMORGAN CHASE & CO,6021,National Commercial Banks,NEW YORK,NY,10017
0000104169,WMT,Walmart Inc.,5331,Retail-Variety Stores,BENTONVILLE,AR,72716
0000002488,AMD,ADVANCED MICRO DEVICES INC,3674,Semiconductors & Related Devices,SANTA CLARA,CA,95054
0002115436,XOM,ExxonMobil Holdings Corp,2911,Petroleum Refining,SPRING,TX,77389
0001403161,V,VISA INC.,7389,"Services-Business Services, NEC",SAN FRANCISCO,CA,94128
0000937966,ASML,ASML HOLDING NV,3559,"Special Industry Machinery, NEC",DR VELDHOVEN,P7,5504
0000200406,JNJ,JOHNSON & JOHNSON,2834,Pharmaceutical Preparations,NEW BRUNSWICK,NJ,08933
0001141391,MA,Mastercard Inc,7389,"Services-Business Services, NEC",PURCHASE,NY,10577
0000050863,INTC,INTEL CORP,3674,Semiconductors & Related Devices,SANTA CLARA,CA,95054
0001551152,ABBV,AbbVie Inc.,2834,Pharmaceutical Preparations,NORTH CHICAGO,IL,60064
0000070858,BAC,BANK OF AMERICA CORP /DE/,6021,National Commercial Banks,CHARLOTTE,NC,28255
0000858877,CSCO,"CISCO SYSTEMS, INC.",3576,Computer Communications Equipment,SAN JOSE,CA,95134
0001321655,PLTR,Palantir Technologies Inc.,7372,Services-Prepackaged Software,AVENTURA,FL,33180
0000909832,COST,COSTCO WHOLESALE CORP /NEW,5331,Retail-Variety Stores,ISSAQUAH,WA,98027
0001341439,ORCL,ORACLE CORP,7372,Services-Prepackaged Software,AUSTIN,TX,78741
0000093410,CVX,CHEVRON CORP,2911,Petroleum Refining,HOUSTON,TX,77002
0000021344,KO,COCA COLA CO,2080,Beverages,ATLANTA,GA,30313
0000006951,AMAT,APPLIED MATERIALS INC /DE,3674,Semiconductors & Related Devices,SANTA CLARA,CA,95054
0000707549,LRCX,LAM RESEARCH CORP,3559,"Special Industry Machinery, NEC",FREMONT,CA,94538
0000310158,MRK,"Merck & Co., Inc.",2834,Pharmaceutical Preparations,RAHWAY,NJ,07065
0002070829,CYATY,"Contemporary Amperex Technology Co., Limited/ADR",,,FUJIAN,,35210
0000018230,CAT,CATERPILLAR INC,3531,Construction Machinery & Equip,IRVING,TX,75039
0000040545,GE,GENERAL ELECTRIC CO,3600,Electronic & Other Electrical Equipment (No Computer Equip),EVENDALE,OH,45215
0001089113,HSBC,HSBC HOLDINGS PLC,6035,"Savings Institution, Federally Chartered",LONDON,X0,E145H
0000731766,UNH,UNITEDHEALTH GROUP INC,6324,Hospital & Medical Service Plans,EDEN PRAIRIE,MN,55344
0001065280,NFLX,NETFLIX INC,7841,Services-Video Tape Rental,LOS GATOS,CA,95032
0000080424,PG,PROCTER & GAMBLE Co,2840,"Soap, Detergents, Cleang Preparations, Perfumes, Cosmetics",CINCINNATI,OH,45202
0000895421,MS,MORGAN STANLEY,6211,"Security Brokers, Dealers & Flotation Companies",NEW YORK,NY,10036
0001577552,BABA,Alibaba Group Holding Ltd,7389,"Services-Business Services, NEC",CAUSEWAY BAY,,00000
0001413329,PM,Philip Morris International Inc.,2111,Cigarettes,STAMFORD,CT,06901
0001114448,NVS,NOVARTIS AG,2834,Pharmaceutical Preparations,BASEL,V8,CH 40
0000886982,GS,GOLDMAN SACHS GROUP INC,6211,"Security Brokers, Dealers & Flotation Companies",NEW YORK,NY,10282
0000101829,RTX,RTX Corp,3724,Aircraft Engines & Engine Parts,ARLINGTON,VA,22209
0001000275,RY,ROYAL BANK OF CANADA,6029,"Commercial Banks, NEC",TORONTO,,M5J 2
0001327567,PANW,Palo Alto Networks Inc,3577,"Computer Peripheral Equipment, NEC",SANTA CLARA,CA,95054
0001571996,DELL,Dell Technologies Inc.,3571,Electronic Computers,ROUND ROCK,TX,78682
0001973239,ARM,ARM HOLDINGS PLC /UK,3674,Semiconductors & Related Devices,CAMBRIDGE,X0,CB1 9
0001306965,SHEL,Shell plc,1311,Crude Petroleum & Natural Gas,LONDON,,SE1 7
0000901832,AZN,ASTRAZENECA PLC,2834,Pharmaceutical Preparations,CAMBRIDGE,,CB2 0
0001996810,GEV,GE Vernova Inc.,3600,Electronic & Other Electrical Equipment (No Computer Equip),CAMBRIDGE,MA,02141
0000072971,WFC,WELLS FARGO & COMPANY/MN,6021,National Commercial Banks,SAN FRANCISCO,CA,94105
0001000184,SAP,SAP SE,7372,Services-Prepackaged Software,WALLDORF,2M,69190
0000067088,MUFG,MITSUBISHI UFJ FINANCIAL GROUP INC,6029,"Commercial Banks, NEC",TOKYO,M0,100-8
0000097476,TXN,TEXAS INSTRUMENTS INC,3674,Semiconductors & Related Devices,DALLAS,TX,75266
0000319201,KLAC,KLA CORP,3827,Optical Instruments & Lenses,MILPITAS,CA,95035
0000811809,BHP,BHP Group Ltd,1000,Metal Mining,VICTORIA AUSTRALIA,,3000
0000318154,AMGN,AMGEN INC,2836,"Biological Products, (No Diagnostic Substances)",THOUSAND OAKS,CA,91320
0001596532,ANET,"Arista Networks, Inc.",3576,Computer Communications Equipment,SANTA CLARA,CA,95054
0000097745,TMO,THERMO FISHER SCIENTIFIC INC.,3829,"Measuring & Controlling Devices, NEC",WALTHAM,MA,02451
0002023554,SNDK,Sandisk Corp,3572,Computer Storage Devices,MILPITAS,CA,95035
0001094517,TM,TOYOTA MOTOR CORP/,3711,Motor Vehicles & Passenger Car Bodies,JAPAN,M0,00000
0000004962,AXP,AMERICAN EXPRESS CO,6199,Finance Services,NEW YORK,NY,10285
0000051143,IBM,INTERNATIONAL BUSINESS MACHINES CORP,3570,Computer & office Equipment,ARMONK,NY,10504
0001707925,LIN,LINDE PLC,2810,Industrial Inorganic Chemicals,WOKING SURREY,X0,GU216
0001835632,MRVL,"Marvell Technology, Inc.",3674,Semiconductors & Related Devices,WILMINGTON,DE,19801
0000831001,C,CITIGROUP INC,6021,National Commercial Banks,NEW YORK,NY,10013
0000732712,VZ,VERIZON COMMUNICATIONS INC,4813,Telephone Communications (No Radiotelephone),NEW YORK,NY,10036
0000353278,NVO,NOVO NORDISK A S,2834,Pharmaceutical Preparations,BAGSVAERD DENMARK,G7,00000
0000879764,TTE,TotalEnergies SE,1311,Crude Petroleum & Natural Gas,COURBEVOIE,I0,92400
0000891478,SAN,"Banco Santander, S.A.",6029,"Commercial Banks, NEC",MADRID,U3,28660
0000887028,RTNTF,RIO TINTO LTD,1000,Metal Mining,VICTORIA 3000,C3,AUSTR
0000001800,ABT,ABBOTT LABORATORIES,2834,Pharmaceutical Preparations,ABBOTT PARK,IL,60064
0000077476,PEP,PEPSICO INC,2080,Beverages,PURCHASE,NY,10577
0001283699,TMUS,"T-Mobile US, Inc.",4812,Radiotelephone Communications,BELLEVUE,WA,98006
0001535527,CRWD,"CrowdStrike Holdings, Inc.",7372,Services-Prepackaged Software,AUSTIN,TX,78701
0000947263,TD,TORONTO DOMINION BANK,6029,"Commercial Banks, NEC","TORONTO, ONTARIO",A6,M5K 1
0001137789,STX,Seagate Technology Holdings plc,3572,Computer Storage Devices,SINGAPORE,U0,73900
0000063908,MCD,MCDONALDS CORP,5812,Retail-Eating  Places,CHICAGO,IL,60607
0001594805,SHOP,SHOPIFY INC.,7372,Services-Prepackaged Software,OTTAWA,,K2P2L
0000316709,SCHW,SCHWAB CHARLES CORP,6211,"Security Brokers, Dealers & Flotation Companies",WESTLAKE,TX,76262
0000820313,APH,AMPHENOL CORP /DE/,3678,Electronic Connectors,WALLINGFORD,CT,06492
0002012383,BLK,"BlackRock, Inc.",6211,"Security Brokers, Dealers & Flotation Companies",NEW YORK,NY,10001
0001744489,DIS,Walt Disney Co,7990,Services-Miscellaneous Amusement & Recreation,BURBANK,CA,91521
0000100885,UNP,UNION PACIFIC CORP,4011,"Railroads, Line-Haul Operating",OMAHA,NE,68179
0000882095,GILD,"GILEAD SCIENCES, INC.",2836,"Biological Products, (No Diagnostic Substances)",FOSTER CITY,CA,94404
0000753308,NEE,NEXTERA ENERGY INC,4911,Electric Services,JUNO BEACH,FL,33408
0002053383,KXIAY,Kioxia Holdings Corporation/ADR,,,NEW YORK,NY,10179
0000732717,T,AT&T INC.,4813,Telephone Communications (No Radiotelephone),DALLAS,TX,75202
0000766704,WELL,WELLTOWER INC.,6798,Real Estate Investment Trusts,TOLEDO,OH,43615
0000012927,BA,BOEING CO,3721,Aircraft,ARLINGTON,VA,22202
0001393818,BX,Blackstone Inc.,6282,Investment Advice,NEW YORK,NY,10154
0000804328,QCOM,QUALCOMM INC/DE,3663,Radio & Tv Broadcasting & Communications Equipment,SAN DIEGO,CA,92121
0000106040,WDC,WESTERN DIGITAL CORP,3572,Computer Storage Devices,SAN JOSE,CA,95119
0001001838,SCCO,SOUTHERN COPPER CORP/,1000,Metal Mining,PHOENIX,AZ,85020
0000315189,DE,DEERE & CO,3523,Farm Machinery & Equipment,MOLINE,IL,61265
0000863064,RIO,RIO TINTO PLC,1000,Metal Mining,"LONDON, SW1Y 4AD",X0,00000
0001610520,UBS,UBS Group AG,6021,National Commercial Banks,ZURICH,,CH-80
0000946770,DTEGY,DEUTSCHE TELEKOM AG,4812,Radiotelephone Communications,BONN,,53113
0001551182,ETN,Eaton Corp plc,3590,Misc Industrial & Commercial Machinery & Equipment,DUBLIN,L2,DUBLI
0001163165,COP,CONOCOPHILLIPS,2911,Petroleum Refining,HOUSTON,TX,77079
0001543151,UBER,"Uber Technologies, Inc",7389,"Services-Business Services, NEC",SAN FRANCISCO,CA,94158
0000078003,PFE,PFIZER INC,2834,Pharmaceutical Preparations,NEW YORK,NY,10001
0001075531,BKNG,Booking Holdings Inc.,4700,Transportation Services,NORWALK,CT,06854
0000842180,BBVA,"BANCO BILBAO VIZCAYA ARGENTARIA, S.A.",6029,"Commercial Banks, NEC",MADRID,U3,28050
0001158838,ATEYY,ADVANTEST CORP,3674,Semiconductors & Related Devices,"CHIYODA-KU, TOKYO 100-0005",M0,00000
0001022837,SMFG,"SUMITOMO MITSUI FINANCIAL GROUP, INC.",6029,"Commercial Banks, NEC",TOKYO,M0,100-0
0000109198,TJX,TJX COMPANIES INC /DE/,5651,Retail-Family Clothing Stores,FRAMINGHAM,MA,01701
0001381197,IBKR,"Interactive Brokers Group, Inc.",6211,"Security Brokers, Dealers & Flotation Companies",GREENWICH,CT,06830
0000313616,DHR,DANAHER CORP /DE/,3823,"Industrial Instruments For Measurement, Display, and Control",WASHINGTON,DC,20037
0001668717,BUD,Anheuser-Busch InBev SA/NV,2082,Malt Beverages,LEUVEN,,
0001830056,SMERY,Siemens Energy AG/ADR,,,MUNICH,2M,80333
0000047710,HTHIY,HITACHI LTD,1600,Heavy Construction Other Than Bldg Const - Contractors,TOKYO JAPAN,M0,100-8
0000313838,SONY,Sony Group Corp,3651,Household Audio & Video Equipment,TOKYO,,108-0
0001045609,PLD,"Prologis, Inc.",6798,Real Estate Investment Trusts,SAN FRANCISCO,CA,94111
0000875320,VRTX,VERTEX PHARMACEUTICALS INC / MA,2834,Pharmaceutical Preparations,BOSTON,MA,02210
0000217410,UL,UNILEVER PLC,2840,"Soap, Detergents, Cleang Preparations, Perfumes, Cosmetics",LONDON,,EC4Y 
0000014272,BMY,BRISTOL MYERS SQUIBB CO,2834,Pharmaceutical Preparations,PRINCETON,NJ,08543
0001164727,NEM,NEWMONT Corp /DE/,1040,Gold and Silver Ores,DENVER,CO,80237
0001373715,NOW,"ServiceNow, Inc.",7372,Services-Prepackaged Software,SANTA CLARA,CA,95054
0001035267,ISRG,INTUITIVE SURGICAL INC,3842,"Orthopedic, Prosthetic & Surgical Appliances & Supplies",SUNNYVALE,CA,94086
0000936468,LMT,LOCKHEED MARTIN CORP,3760,Guided Missiles & Space Vehicles & Parts,BETHESDA,MD,20817
0000896159,CB,Chubb Ltd,6331,"Fire, Marine & Casualty Insurance",ZURICH,V8,CH-80
0000927628,COF,CAPITAL ONE FINANCIAL CORP,6021,National Commercial Banks,MCLEAN,VA,22102
0000024741,GLW,CORNING INC /NY,3357,Drawing & Insulating of  Nonferrous Wire,CORNING,NY,14831
0000080661,PGR,PROGRESSIVE CORP/OH/,6331,"Fire, Marine & Casualty Insurance",MAYFIELD VILLAGE,OH,44143
0001737806,PDD,PDD Holdings Inc.,7389,"Services-Business Services, NEC",DUBLIN 2,,
0000310764,SYK,STRYKER CORP,3841,Surgical & Medical Instruments & Apparatus,PORTAGE,MI,49002
0000064040,SPGI,S&P Global Inc.,7320,"Services-Consumer Credit Reporting, Collection Agencies",NEW YORK,NY,10041
0000076334,PH,Parker-Hannifin Corp,3490,Miscellaneous Fabricated Metal Products,CLEVELAND,OH,44124
0001335730,MFG,MIZUHO FINANCIAL GROUP INC,6021,National Commercial Banks,"CHIYODA-KU, TOKYO",M0,100-8
0001119639,PBR,PETROBRAS - PETROLEO BRASILEIRO SA,1311,Crude Petroleum & Natural Gas,RIO DE JANERIO RJ BR,,
0001303523,BTI,British American Tobacco p.l.c.,2111,Cigarettes,LONDON,,
0000927971,BMO,BANK OF MONTREAL /CAN/,6029,"Commercial Banks, NEC",TORONTO,A6,M5X 1
0000064803,CVS,CVS HEALTH Corp,5912,Retail-Drug Stores and Proprietary Stores,WOONSOCKET,RI,02895
0001144967,HDB,HDFC BANK LTD,6029,"Commercial Banks, NEC",MUMBAI,,
0001613103,MDT,Medtronic plc,3845,Electromedical & Electrotherapeutic Apparatus,GALWAY,,H91 4
0000829224,SBUX,STARBUCKS CORP,5810,Retail-Eating & Drinking Places,SEATTLE,WA,98124
0000313807,BP,BP PLC,2911,Petroleum Refining,LONDON,X0,SW1Y 
0001467373,ACN,Accenture plc,7389,"Services-Business Services, NEC",DUBLIN,L2,D2
0000764180,MO,"ALTRIA GROUP, INC.",2111,Cigarettes,RICHMOND,VA,23230
0000895728,ENB,ENBRIDGE INC,4610,Pipe Lines (No Natural Gas),CALGARY,A0,T2P 3
0000008670,ADP,AUTOMATIC DATA PROCESSING INC,7374,Services-Computer Processing & Data Preparation,ROSELAND,NJ,07068
0001559720,ABNB,"Airbnb, Inc.",7340,Services-To Dwellings & Other Buildings,SAN FRANCISCO,CA,94103
0001640147,SNOW,Snowflake Inc.,7372,Services-Prepackaged Software,MENLO PARK,CA,94025
0001262039,FTNT,"Fortinet, Inc.",3577,"Computer Peripheral Equipment, NEC",SUNNYVALE,CA,94086
0001639920,SPOT,Spotify Technology S.A.,4832,Radio Broadcasting Stations,LUXEMBOURG,,
0000004281,HWM,Howmet Aerospace Inc.,3350,Rolling Drawing & Extruding of  Nonferrous Metals,PITTSBURGH,PA,15212
0001121404,SNY,Sanofi,2834,Pharmaceutical Preparations,PARIS,I0,75017
0000796343,ADBE,ADOBE INC.,7372,Services-Prepackaged Software,SAN JOSE,CA,95110
0001390777,BNY,Bank of New York Mellon Corp,6022,State Commercial Banks,NEW YORK,NY,10286
0001101239,EQIX,EQUINIX INC,6798,Real Estate Investment Trusts,REDWOOD CITY,CA,94065
0000002809,AEM,AGNICO EAGLE MINES LTD,1040,Gold and Silver Ores,TORONTO,A6,M5C 2
0001045520,CM,CANADIAN IMPERIAL BANK OF COMMERCE /CAN/,6029,"Commercial Banks, NEC",TORONTO,A6,M5J 0
0000009631,BNS,BANK OF NOVA SCOTIA,6022,State Commercial Banks,TORONTO,A6,M5H 0
0000092122,SO,SOUTHERN CO,4911,Electric Services,ATLANTA,GA,30308
0001017413,CNQ,CANADIAN NATURAL RESOURCES Ltd,1311,Crude Petroleum & Natural Gas,CALGARY,,T2P 0
0000040533,GD,GENERAL DYNAMICS CORP,3730,Ship & Boat Building & Repairing,RESTON,VA,20190
0001690820,CVNA,CARVANA CO.,5500,Retail-Auto Dealers & Gasoline Stations,TEMPE,AZ,85281
0001131399,GSK,GSK plc,2834,Pharmaceutical Preparations,LONDON,,WC1A 
0001751008,APP,AppLovin Corp,7370,"Services-Computer Programming, Data Processing, Etc.",PALO ALTO,CA,94304
0001140625,EQNR,EQUINOR ASA,2911,Petroleum Refining,STAVANGER NORWAY,Q8,N 403
0001510295,MPC,Marathon Petroleum Corp,2911,Petroleum Refining,FINDLAY,OH,45840
0001050915,PWR,"QUANTA SERVICES, INC.",1731,Electrical Work,HOUSTON,TX,77008
0001674101,VRT,Vertiv Holdings Co,3679,"Electronic Components, NEC",WESTERVILLE,OH,43082
0001404912,KKR,KKR & Co. Inc.,6282,Investment Advice,NEW YORK,NY,10001
0001477333,NET,"Cloudflare, Inc.",7372,Services-Prepackaged Software,SAN FRANCISCO,CA,94107
0000896878,INTU,INTUIT INC.,7372,Services-Prepackaged Software,MOUNTAIN VIEW,CA,94043
0000831259,FCX,FREEPORT-MCMORAN INC,1000,Metal Mining,PHOENIX,AZ,85040
0001466258,TT,Trane Technologies plc,3822,Auto Controls For Regulating Residential & Comml Environments,CO. DUBLIN,L2,00000
0000927653,MCK,MCKESSON CORP,5122,"Wholesale-Drugs, Proprietaries & Druggists' Sundries",IRVING,TX,75039
0001039765,ING,ING GROEP NV,6029,"Commercial Banks, NEC",AMSTERDAM,P7,1000 
0001035002,VLO,VALERO ENERGY CORP/TX,2911,Petroleum Refining,SAN ANTONIO,TX,78269
0001156375,CME,CME GROUP INC.,6200,"Security & Commodity Brokers, Dealers, Exchanges & Services",CHICAGO,IL,60606
0000713676,PNC,"PNC FINANCIAL SERVICES GROUP, INC.",6021,National Commercial Banks,PITTSBURGH,PA,15222
0000036104,USB,US BANCORP \DE\,6021,National Commercial Banks,MINNEAPOLIS,MN,55402
0001534701,PSX,Phillips 66,2911,Petroleum Refining,HOUSTON,TX,77042
0001099590,MELI,MERCADOLIBRE INC,7389,"Services-Business Services, NEC",MONTEVIDEO,X3,11300
0001792789,DASH,"DoorDash, Inc.",7389,"Services-Business Services, NEC",SAN FRANCISCO,CA,94107
0001868275,CEG,Constellation Energy Corp,4911,Electric Services,BALTIMORE,MD,21231
0001326160,DUK,Duke Energy CORP,4931,Electric & Other Services Combined,CHARLOTTE,NC,28202
0001122411,ASX,"ASE Technology Holding Co., Ltd.",3674,Semiconductors & Related Devices,KAOHSIUNG,,811
0000277948,CSX,CSX CORP,4011,"Railroads, Line-Haul Operating",JACKSONVILLE,FL,32202
0002039784,MGCLY,"Midea Group Co., Ltd./ADR",,,"FOSHAN, GUANGDONG",F4,52831
0001166691,CMCSA,COMCAST CORP,4841,Cable & Other Pay Television Services,PHILADELPHIA,PA,19103
0001001085,BN,BROOKFIELD Corp /ON/,6512,Opeators of  Nonresidential Buildings,TORONTO,A6,M5J2T
0001048286,MAR,MARRIOTT INTERNATIONAL INC /MD/,7011,Hotels & Motels,BETHESDA,MD,20814
0000865752,MNST,Monster Beverage Corp,2086,Bottled & Canned Soft Drinks & Carbonated Waters,CORONA,CA,92879
0000066740,MMM,3M CO,3841,Surgical & Medical Instruments & Apparatus,ST PAUL,MN,55144
0000062709,MRSH,"MARSH & MCLENNAN COMPANIES, INC.",6411,"Insurance Agents, Brokers & Service",NEW YORK,NY,10036
0001571949,ICE,"Intercontinental Exchange, Inc.",6200,"Security & Commodity Brokers, Dealers, Exchanges & Services",ATLANTA,GA,30328
0000823768,WM,WASTE MANAGEMENT INC,4953,Refuse Systems,HOUSTON,TX,77002
0000312069,BCS,BARCLAYS PLC,6029,"Commercial Banks, NEC",LONDON,X0,E14 5
0000860730,HCA,"HCA Healthcare, Inc.",8062,"Services-General Medical & Surgical Hospitals, NEC",NASHVILLE,TN,37203
0002098326,SNHIY,"Sany Heavy Industries Co., Ltd./ADR",,,NEW YORK,NY,10271
0000107263,WMB,"WILLIAMS COMPANIES, INC.",4922,Natural Gas Transmission,TULSA,OK,74172
0001090727,UPS,UNITED PARCEL SERVICE INC,4210,Trucking & Courier Services (No Air),ATLANTA,GA,30328
0000833444,JCI,Johnson Controls International plc,3585,Air-Cond & Warm Air Heatg Equip & Comm & Indl Refrig Equip,CORK,L2,00000
0001059556,MCO,MOODYS CORP /DE/,7320,"Services-Consumer Credit Reporting, Collection Agencies",NEW YORK,NY,10007
0000032604,EMR,EMERSON ELECTRIC CO,3600,Electronic & Other Electrical Equipment (No Computer Equip),ST LOUIS,MO,63105
0001169486,TKOMY,"TOKIO MARINE HOLDINGS, INC.",6331,"Fire, Marine & Casualty Insurance","CHIYODA-KU, TOKYO",,100-0
0000813672,CDNS,CADENCE DESIGN SYSTEMS INC,7372,Services-Prepackaged Software,SAN JOSE,CA,95134
0001156039,ELV,"Elevance Health, Inc.",6324,Hospital & Medical Service Plans,INDIANAPOLIS,IN,46204
0001160106,LYG,Lloyds Banking Group plc,6029,"Commercial Banks, NEC",LONDON,X0,EC2V 
0000872589,REGN,"REGENERON PHARMACEUTICALS, INC.",2834,Pharmaceutical Preparations,TARRYTOWN,NY,10591
0000895564,BAESY,BAE SYSTEMS PLC /FI/,,,LONDON,X0,SW1Y 
0001783879,HOOD,"Robinhood Markets, Inc.",6211,"Security Brokers, Dealers & Flotation Companies",MENLO PARK,CA,94025
0000089800,SHW,SHERWIN WILLIAMS CO,5200,"Retail-Building Materials, Hardware, Garden Supply",CLEVELAND,OH,44113
0001107457,IFNNY,INFINEON TECHNOLOGIES AG,3674,Semiconductors & Related Devices,"NEUBIBERG, MUNICH",2M,D-855
0001063761,SPG,SIMON PROPERTY GROUP INC.,6798,Real Estate Investment Trusts,INDIANAPOLIS,IN,46204
0001561550,DDOG,"Datadog, Inc.",7372,Services-Prepackaged Software,NEW YORK,NY,10018
0000016875,CP,CANADIAN PACIFIC KANSAS CITY LTD/CN,4011,"Railroads, Line-Haul Operating",CALGARY ALBERTA,A0,T2C 4
0001002242,E,ENI SPA,1311,Crude Petroleum & Natural Gas,ROME ITALY,,00144
0001061219,EPD,ENTERPRISE PRODUCTS PARTNERS L.P.,4922,Natural Gas Transmission,HOUSTON,TX,77002
0001937926,BAM,Brookfield Asset Management Ltd.,6282,Investment Advice,NEW YORK,NY,
0001053507,AMT,AMERICAN TOWER CORP /MA/,6798,Real Estate Investment Trusts,BOSTON,MA,02116
0001103982,MDLZ,"Mondelez International, Inc.",2000,Food and Kindred Products,CHICAGO,IL,60607
0000026172,CMI,CUMMINS INC,3510,Engines & Turbines,COLUMBUS,IN,47202
0000723254,CTAS,CINTAS CORP,2320,"Men's & Boys' Furnishgs, Work Clothg, & Allied Garments",CINCINNATI,OH,45262
0001004315,NGG,NATIONAL GRID PLC,4922,Natural Gas Transmission,LONDON,X0,WC2N 
0000049826,ITW,ILLINOIS TOOL WORKS INC,3560,General Industrial Machinery & Equipment,GLENVIEW,IL,60025
0001133421,NOC,NORTHROP GRUMMAN CORP /DE/,3812,"Search, Detection, Navigation, Guidance, Aeronautical Sys",FALLS CHURCH,VA,22042
0000311337,SU,SUNCOR ENERGY INC,2911,Petroleum Refining,CALGARY,A0,T2P 3
0000821189,EOG,EOG RESOURCES INC,1311,Crude Petroleum & Natural Gas,HOUSTON,TX,77002
0000087347,SLB,SLB LIMITED/NV,1389,"Oil & Gas Field Services, NEC",HOUSTON,TX,77056
0001132597,ITUB,Itau Unibanco Holding S.A.,6022,State Commercial Banks,SAO PAULO,D5,00000
0000068505,MSI,"Motorola Solutions, Inc.",3663,Radio & Tv Broadcasting & Communications Equipment,CHICAGO,IL,60661
0000031462,ECL,ECOLAB INC.,2840,"Soap, Detergents, Cleang Preparations, Perfumes, Cosmetics",SAINT PAUL,MN,55102
0000702165,NSC,NORFOLK SOUTHERN CORP,4011,"Railroads, Line-Haul Operating",ATLANTA,GA,30308
0001633978,LITE,Lumentum Holdings Inc.,3669,"Communications Equipment, NEC",SAN JOSE,CA,95131
0001467858,GM,General Motors Co,3711,Motor Vehicles & Passenger Car Bodies,DETROIT,MI,48265
0000016868,CNI,CANADIAN NATIONAL RAILWAY CO,4011,"Railroads, Line-Haul Operating",CANADA,A8,H3B 2
0001858681,APO,"Apollo Global Management, Inc.",6282,Investment Advice,NEW YORK,NY,10019
0001048911,FDX,FEDEX CORP,4513,Air Courier Services,MEMPHIS,TN,38120
0001110646,NTES,"NetEase, Inc.",7372,Services-Prepackaged Software,"KOWLOON, HONG KONG",,00000
0000884887,RCL,ROYAL CARIBBEAN CRUISES LTD,4400,Water Transportation,MIAMI,FL,33132
0000086312,TRV,"TRAVELERS COMPANIES, INC.",6331,"Fire, Marine & Casualty Insurance",SAINT PAUL,MN,55102
0000756894,B,BARRICK MINING CORP,1040,Gold and Silver Ores,TORONTO,,M5J 2
0000883241,SNPS,SYNOPSYS INC,7372,Services-Prepackaged Software,SUNNYVALE,CA,94085
0001648416,RACE,Ferrari N.V.,3711,Motor Vehicles & Passenger Car Bodies,MARANELLO,L6,I-410
0000315293,AON,Aon plc,6411,"Insurance Agents, Brokers & Service",DUBLIN 2,L2,D02 V
0001585689,HLT,Hilton Worldwide Holdings Inc.,7011,Hotels & Motels,MCLEAN,VA,22102
0000745732,ROST,"ROSS STORES, INC.",5651,Retail-Family Clothing Stores,DUBLIN,CA,94568
0001297996,DLR,"DIGITAL REALTY TRUST, INC.",6798,Real Estate Investment Trusts,AUSTIN,TX,78701
0001276187,ET,Energy Transfer LP,4922,Natural Gas Transmission,DALLAS,TX,75225
0000844150,NWG,NatWest Group plc,6029,"Commercial Banks, NEC","EDINBURGH, SCOTLAND",X0,EH12 
0001739940,CI,Cigna Group,6324,Hospital & Medical Service Plans,BLOOMFIELD,CT,06002
0000885725,BSX,BOSTON SCIENTIFIC CORP,3841,Surgical & Medical Instruments & Apparatus,MARLBOROUGH,MA,01752
0000021665,CL,COLGATE PALMOLIVE CO,2844,"Perfumes, Cosmetics & Other Toilet Preparations",NEW YORK,NY,10022
0000898173,ORLY,O REILLY AUTOMOTIVE INC,5531,Retail-Auto & Home Supply Stores,SPRINGFIELD,MO,65802
0001437107,WBD,"Warner Bros. Discovery, Inc.",4841,Cable & Other Pay Television Services,NEW YORK,NY,10003
0001159508,DB,DEUTSCHE BANK AKTIENGESELLSCHAFT,6022,State Commercial Banks,NEW YORK,NY,10019
0001086888,MFC,MANULIFE FINANCIAL CORP,6311,Life Insurance,TORONTO,A6,M4W1E
0001506307,KMI,"KINDER MORGAN, INC.",4922,Natural Gas Transmission,HOUSTON,TX,77002
0001129137,AMX,AMERICA MOVIL SAB DE CV/,4813,Telephone Communications (No Radiotelephone),MEXICO CITY,,
0001645590,HPE,Hewlett Packard Enterprise Co,3570,Computer & office Equipment,SPRING,TX,77389
0000773840,HON,HONEYWELL INTERNATIONAL INC,3724,Aircraft Engines & Engine Parts,CHARLOTTE,NC,28202
0000004904,AEP,AMERICAN ELECTRIC POWER CO INC,4911,Electric Services,COLUMBUS,OH,43215
0001691493,NU,Nu Holdings Ltd.,6199,Finance Services,"SAO PAULO, SP",D5,05409
0001067701,URI,"UNITED RENTALS, INC.",7359,"Services-Equipment Rental & Leasing, NEC",STAMFORD,CT,06902
0000075362,PCAR,PACCAR INC,3711,Motor Vehicles & Passenger Car Bodies,BELLEVUE,WA,98004
0001323404,WPM,Wheaton Precious Metals Corp.,1040,Gold and Silver Ores,VANCOUVER,A1,V6E 0
0001060391,RSG,"REPUBLIC SERVICES, INC.",4953,Refuse Systems,PHOENIX,AZ,85054
0000354190,AJG,Arthur J. Gallagher & Co.,6411,"Insurance Agents, Brokers & Service",ROLLING MEADOWS,IL,60008
0000002969,APD,"Air Products & Chemicals, Inc.",2810,Industrial Inorganic Chemicals,ALLENTOWN,PA,18106
0002071868,JHPCY,"Jiangsu Hengrui Pharmaceuticals Co., Ltd./ADR",,,LIANYUNGANG,,22204
0001260221,TDG,TransDigm Group INC,3728,"Aircraft Parts & Auxiliary Equipment, NEC",CLEVELAND,OH,44115
0001280452,MPWR,"MONOLITHIC POWER SYSTEMS, INC.",3674,Semiconductors & Related Devices,WEST PALM BEACH,FL,33401
0000899051,ALL,ALLSTATE CORP,6331,"Fire, Marine & Casualty Insurance",NORTHBROOK,IL,60062
0001389170,TRGP,Targa Resources Corp.,4922,Natural Gas Transmission,HOUSTON,TX,77002
0001697862,ARGX,ARGENX SE,2836,"Biological Products, (No Diagnostic Substances)",ZWIJNAARDE,,
0000849395,CRH,CRH PUBLIC LTD CO,3241,"Cement, Hydraulic",DUBLIN 16,L2,D16 K
0001701605,BKR,Baker Hughes Co,3533,Oil & Gas Field Machinery & Equipment,HOUSTON,TX,77079
0000929869,RELX,RELX PLC,7389,"Services-Business Services, NEC",LONDON,X0,WC2N 
0000092230,TFC,TRUIST FINANCIAL CORP,6021,National Commercial Banks,CHARLOTTE,NC,28202
0000797468,OXY,OCCIDENTAL PETROLEUM CORP /DE/,1311,Crude Petroleum & Natural Gas,HOUSTON,TX,77046
0000277135,GWW,"W.W. GRAINGER, INC.",5000,Wholesale-Durable Goods,LAKE FOREST,IL,60045
0000917851,VALE,Vale S.A.,1000,Metal Mining,RIO DE JANEIRO,,
0001140859,COR,"Cencora, Inc.",5122,"Wholesale-Drugs, Proprietaries & Druggists' Sundries",CONSHOHOCKEN,PA,19428
0001393311,PSA,Public Storage,6798,Real Estate Investment Trusts,FRISCO,TX,75034
0000726728,O,REALTY INCOME CORP,6798,Real Estate Investment Trusts,SAN DIEGO,CA,92130
0001099219,MET,METLIFE INC,6311,Life Insurance,NEW YORK,NY,10166
0001475260,CVE,CENOVUS ENERGY INC.,1311,Crude Petroleum & Natural Gas,CALGARY,A0,T2P 1
0001039684,OKE,ONEOK INC /NEW/,4923,Natural Gas Transmisison & Distribution,TULSA,OK,74103
0000320187,NKE,"NIKE, Inc.",3021,Rubber & Plastics Footwear,BEAVERTON,OR,97005
0000715957,D,"DOMINION ENERGY, INC",4911,Electric Services,RICHMOND,VA,23219
0001552000,MPLX,MPLX LP,4610,Pipe Lines (No Natural Gas),FINDLAY,OH,45840
0000097210,TER,"TERADYNE, INC",3825,Instruments For Meas & Testing of  Electricity & Elec Signals,NORTH READING,MA,01864
0001664703,BE,Bloom Energy Corp,3620,Electrical Industrial Apparatus,SAN JOSE,CA,95134
0001513845,NBIS,Nebius Group N.V.,7370,"Services-Computer Programming, Data Processing, Etc.",SCHIPHOL,,
0001539838,FANG,"Diamondback Energy, Inc.",1311,Crude Petroleum & Natural Gas,MIDLAND,TX,79701
0000004977,AFL,AFLAC INC,6321,Accident & Health Insurance,COLUMBUS,GA,31999
0001035983,FIX,COMFORT SYSTEMS USA INC,1731,Electrical Work,HOUSTON,TX,77024
0001385157,TEL,TE Connectivity plc,5065,"Wholesale-Electronic Parts & Equipment, NEC",GALWAY,,H91VN
0000815556,FAST,FASTENAL CO,5200,"Retail-Building Materials, Hardware, Garden Supply",WINONA,MN,55987
0001274152,CSLLY,CSL LTD,,,PRAKVILLE VICTORIA AUSTRA,C3,00000
0001395064,TAK,TAKEDA PHARMACEUTICAL CO LTD,2834,Pharmaceutical Preparations,TOKYO,M0,103-8
0000850918,GWLIF,GREAT-WEST LIFECO INC.,6311,Life Insurance,WINNIPEG,A2,R3C 1
0001973832,AU,AngloGold Ashanti PLC,1040,Gold and Silver Ores,LONDON,,SW1Y 
0000003570,LNG,"Cheniere Energy, Inc.",4924,Natural Gas Distribution,HOUSTON,TX,77002
0001032208,SRE,SEMPRA,4932,Gas & Other Services Combined,SAN DIEGO,CA,92101
0001121788,GRMN,GARMIN LTD,3812,"Search, Detection, Navigation, Guidance, Aeronautical Sys",SCHAFFHAUSEN,,8200
0001413447,NXPI,NXP Semiconductors N.V.,3674,Semiconductors & Related Devices,,,
0001842726,LSEGY,London Stock Exchange Group plc,,,LONDON,,EC4M 
0000037996,F,FORD MOTOR CO,3711,Motor Vehicles & Passenger Car Bodies,DEARBORN,MI,48126
0000820318,COHR,COHERENT CORP.,3827,Optical Instruments & Lenses,SAXONBURG,PA,16056
0000936395,CIEN,CIENA CORP,3661,Telephone & Telegraph Apparatus,HANOVER,MD,21076
0001037868,AME,AMETEK INC/,3823,"Industrial Instruments For Measurement, Display, and Control",BERWYN,PA,19312
0000073309,NUE,NUCOR CORP,3312,"Steel Works, Blast Furnaces & Rolling Mills (Coke Ovens)",CHARLOTTE,NC,28211
0001120193,NDAQ,"NASDAQ, INC.",6200,"Security & Commodity Brokers, Dealers, Exchanges & Services",NEW YORK,NY,10036
0001682852,MRNA,"Moderna, Inc.",2836,"Biological Products, (No Diagnostic Substances)",CAMBRIDGE,MA,02142
0001090012,DVN,DEVON ENERGY CORP/DE,1311,Crude Petroleum & Natural Gas,HOUSTON,TX,77024
0001243429,MT,ArcelorMittal,3312,"Steel Works, Blast Furnaces & Rolling Mills (Coke Ovens)",GRAND DUCHY OF LUXEMBOURG,N4,00000
0001633917,PYPL,"PayPal Holdings, Inc.",7389,"Services-Business Services, NEC",SAN JOSE,CA,95131
0000721371,CAH,CARDINAL HEALTH INC,5122,"Wholesale-Drugs, Proprietaries & Druggists' Sundries",DUBLIN,OH,43017
0001601046,KEYS,"Keysight Technologies, Inc.",3823,"Industrial Instruments For Measurement, Display, and Control",SANTA ROSA,CA,95403
0001136808,EONGY,E.ON SE,4900,"Electric, Gas & Sanitary Services",DUSSELDORF,2M,40479
0000769397,ADSK,"Autodesk, Inc.",7372,Services-Prepackaged Software,SAN FRANCISCO,CA,94105
0001755672,CTVA,"Corteva, Inc.",0100,Agricultural Production-Crops,INDIANAPOLIS,IN,46268
0000835403,DEO,DIAGEO PLC,2080,Beverages,LONDON,X0,W1F 7
0002089271,HONA,Honeywell Aerospace Inc.,3724,Aircraft Engines & Engine Parts,PHOENIX,AZ,85034
0001099800,EW,Edwards Lifesciences Corp,3842,"Orthopedic, Prosthetic & Surgical Appliances & Supplies",IRVINE,CA,92614
0000010795,BDX,BECTON DICKINSON & CO,3841,Surgical & Medical Instruments & Apparatus,FRANKLIN LAKES,NJ,07417
0000093751,STT,STATE STREET CORP,6022,State Commercial Banks,BOSTON,MA,02114
0001069183,AXON,"AXON ENTERPRISE, INC.",3480,"Ordnance & Accessories, (No Vehicles/Guided Missiles)",SCOTTSDALE,AZ,85255
0000202058,LHX,"L3HARRIS TECHNOLOGIES, INC. /DE/",3812,"Search, Detection, Navigation, Guidance, Aeronautical Sys",MELBOURNE,FL,32919
0000065984,ETR,ENTERGY CORP /DE/,4911,Electric Services,NEW ORLEANS,LA,70113
0001736297,ALAB,"Astera Labs, Inc.",3674,Semiconductors & Related Devices,SAN JOSE,CA,95131
0001783180,CARR,CARRIER GLOBAL Corp,3585,Air-Cond & Warm Air Heatg Equip & Comm & Indl Refrig Equip,PALM BEACH GARDENS,FL,33418
0000035527,FITB,FIFTH THIRD BANCORP,6022,State Commercial Banks,CINCINNATI,OH,45263
0000072903,XEL,XCEL ENERGY INC,4931,Electric & Other Services Combined,MINNEAPOLIS,MN,55401
0000943452,WAB,WESTINGHOUSE AIR BRAKE TECHNOLOGIES CORP,3743,Railroad Equipment,PITTSBURGH,PA,15212
0001456346,FNV,FRANCO NEVADA Corp,1040,Gold and Silver Ores,TORONTO,A6,M5L 1
0002021728,CBRS,Cerebras Systems Inc.,3674,Semiconductors & Related Devices,SUNNYVALE,CA,94085
0001769628,CRWV,"CoreWeave, Inc.",7372,Services-Prepackaged Software,LIVINGSTON,NJ,07039
0002021390,GALDY,Galderma Group AG/ADR,,,NEW YORK,NY,10179
0000820027,AMP,AMERIPRISE FINANCIAL INC,6282,Investment Advice,MINNEAPOLIS,MN,55474
0001327811,WDAY,"Workday, Inc.",7374,Services-Computer Processing & Data Preparation,PLEASANTON,CA,94588
0001067491,INFY,Infosys Ltd,7371,Services-Computer Programming Services,BANGALORE,,
0001512673,XYZ,"Block, Inc.",7372,Services-Prepackaged Software,OAKLAND,CA,94612
0001024478,ROK,"ROCKWELL AUTOMATION, INC",3829,"Measuring & Controlling Devices, NEC",MILWAUKEE,WI,53204
0000740260,VTR,"Ventas, Inc.",6798,Real Estate Investment Trusts,CHICAGO,IL,60654
0001650107,CCEP,COCA-COLA EUROPACIFIC PARTNERS plc,2086,Bottled & Canned Soft Drinks & Carbonated Waters,UXBRIDGE,,
0001604821,NTRA,"Natera, Inc.",8071,Services-Medical Laboratories,AUSTIN,TX,78753
0001109357,EXC,EXELON CORP,4931,Electric & Other Services Combined,CHICAGO,IL,60680
0001065088,EBAY,EBAY INC,7389,"Services-Business Services, NEC",SAN JOSE,CA,95125
0001176948,ARES,Ares Management Corp,6282,Investment Advice,LOS ANGELES,CA,90067
0001692819,VST,Vistra Corp.,4911,Electric Services,IRVING,TX,75039
0002011641,FERG,Ferguson Enterprises Inc. /DE/,5070,Wholesale-Hardware & Plumbing & Heating Equipment & Supplies,NEWPORT NEWS,VA,23606
0001819994,RKLB,Rocket Lab Corp,3760,Guided Missiles & Space Vehicles & Parts,LONG BEACH,CA,90808
0001075124,TRI,THOMSON REUTERS CORP /CAN/,2741,Miscellaneous Publishing,TORONTO,A6,M5H 3
0000049071,HUM,HUMANA INC,6324,Hospital & Medical Service Plans,LOUISVILLE,KY,
0001468522,FER,Ferrovial N.V.,1600,Heavy Construction Other Than Bldg Const - Contractors,AMSTERDAM,,
0001109262,AGGI,"BILI Social International, Inc.",5960,Retail-Nonstore Retailers,NEWARK,NJ,07102
0001628171,RVMD,"Revolution Medicines, Inc.",2836,"Biological Products, (No Diagnostic Substances)",REDWOOD CITY,CA,94063
0001679788,COIN,"Coinbase Global, Inc.",6199,Finance Services,NEW YORK,NY,10010
0001033767,UMC,UNITED MICROELECTRONICS CORP,3674,Semiconductors & Related Devices,TAIPEI,F5,11493
0000932787,STM,STMicroelectronics N.V.,3674,Semiconductors & Related Devices,SCHIPHOL AIRPORT,P7,1118B
0000946581,TTWO,TAKE TWO INTERACTIVE SOFTWARE INC,7372,Services-Prepackaged Software,NEW YORK,NY,10036
0001650372,TEAM,Atlassian Corp,7372,Services-Prepackaged Software,SAN FRANCISCO,CA,94104
0001138118,CBRE,"CBRE GROUP, INC.",6500,Real Estate,DALLAS,TX,75201
0001090872,A,"AGILENT TECHNOLOGIES, INC.",3826,Laboratory Analytical Instruments,SANTA CLARA,CA,95051
0001058090,CMG,CHIPOTLE MEXICAN GRILL INC,5812,Retail-Eating  Places,NEWPORT BEACH,CA,92660
0002046386,MDLN,Medline Inc.,3841,Surgical & Medical Instruments & Apparatus,NORTHFIELD,IL,60093
0001050446,MSTR,Strategy Inc,6199,Finance Services,TYSONS CORNER,VA,22182
0000723531,PAYX,PAYCHEX INC,8700,"Services-Engineering, Accounting, Research, Management",ROCHESTER,NY,14625
0001097362,SLF,SUN LIFE FINANCIAL INC,6311,Life Insurance,TORONTO,,M5J 0
0001420798,RBGLY,RECKITT BENCKISER GROUP PLC,,,SLOUGH,X0,SL1 3
0001900304,HLN,Haleon plc,2844,"Perfumes, Cosmetics & Other Toilet Preparations",WEYBRIDGE,X0,KT13 
0001565025,ABEV,AMBEV S.A.,2080,Beverages,SAO PAULO,,
0001418135,KDP,Keurig Dr Pepper Inc.,2080,Beverages,FRISCO,TX,75034
0000818686,TEVA,TEVA PHARMACEUTICAL INDUSTRIES LTD,2834,Pharmaceutical Preparations,TEL AVIV,,
0001807794,CRDO,Credo Technology Group Holding Ltd,3674,Semiconductors & Related Devices,GRAND CAYMAN,E9,KY1-1
0000874716,IDXX,IDEXX LABORATORIES INC /DE,2835,In Vitro & In Vivo Diagnostic Substances,WESTBROOK,ME,04092
0001478242,IQV,IQVIA HOLDINGS INC.,8731,Services-Commercial Physical & Biological Research,DURHAM,NC,27703
0001335258,LYV,"Live Nation Entertainment, Inc.",7900,Services-Amusement & Recreation Services,BEVERLY HILLS,CA,90210
0001318220,WCN,"Waste Connections, Inc.",4953,Refuse Systems,WOODBRIDGE,A6,L4H 4
0000095227,SMTOY,SUMITOMO ELECTRIC INDUSTRIES LTD/ADR/,8880,American Depositary Receipts,NEW YORK,NY,10015
0000878927,ODFL,"OLD DOMINION FREIGHT LINE, INC.",4213,Trucking (No Local),THOMASVILLE,NC,27360
0000715153,HMC,HONDA MOTOR CO LTD,3711,Motor Vehicles & Passenger Car Bodies,"TOKYO, JAPAN",,105-8
0001651308,ONC,BeOne Medicines Ltd.,2834,Pharmaceutical Preparations,BASEL,,4051
0001137774,PRU,PRUDENTIAL FINANCIAL INC,6311,Life Insurance,NEWARK,NJ,07102
0000882184,DHI,HORTON D R INC /DE/,1531,Operative Builders,ARLINGTON,TX,76011
0001471055,BSBR,Banco Santander (Brasil) S.A.,6029,"Commercial Banks, NEC","SAO PAULO, SP",D5,04543
0000827054,MCHP,MICROCHIP TECHNOLOGY INC,3674,Semiconductors & Related Devices,CHANDLER,AZ,85224
0001408198,MSCI,MSCI Inc.,7389,"Services-Business Services, NEC",NEW YORK,NY,10007
0001009001,CCJ,CAMECO CORP,1090,Miscellaneous Metal Ores,SASKATOON,,
0001069336,SCMWY,SWISSCOM AG,4813,Telephone Communications (No Radiotelephone),BERN,V8,CH 30
0001070304,IX,ORIX CORP,6159,Miscellaneous Business Credit Institution,TOKYO,,105 0
0001041061,YUM,YUM BRANDS INC,5812,Retail-Eating  Places,LOUISVILLE,KY,40213
0000882835,ROP,ROPER TECHNOLOGIES INC,3823,"Industrial Instruments For Measurement, Display, and Control",SARASOTA,FL,34240
0001393052,VEEV,VEEVA SYSTEMS INC,7372,Services-Prepackaged Software,PLEASANTON,CA,94588
0001061736,FMX,MEXICAN ECONOMIC DEVELOPMENT INC,2086,Bottled & Canned Soft Drinks & Carbonated Waters,"MONTERREY, N.L.",,
0000866374,FLEX,FLEX LTD.,3672,Printed Circuit Boards,AUSTIN,TX,78759
0001047862,ED,CONSOLIDATED EDISON INC,4931,Electric & Other Services Combined,NEW YORK,NY,10003
0001004980,PCG,PG&E Corp,4931,Electric & Other Services Combined,OAKLAND,CA,94612
0001000697,WAT,WATERS CORP /DE/,3826,Laboratory Analytical Instruments,MILFORD,MA,01757
0000096021,SYY,SYSCO CORP,5140,Wholesale-Groceries & Related Products,HOUSTON,TX,77077
0000007084,ADM,Archer-Daniels-Midland Co,2070,Fats & Oils,CHICAGO,IL,60601
0000005272,AIG,"AMERICAN INTERNATIONAL GROUP, INC.",6331,"Fire, Marine & Casualty Insurance",NEW YORK,NY,10020
0001445930,KB,KB Financial Group Inc.,6029,"Commercial Banks, NEC",SEOUL,M5,07332
0001805284,RKT,"Rocket Companies, Inc.",6162,Mortgage Bankers & Loan Correspondents,DETROIT,MI,48226
0001446250,BMWKY,Bayerische Motoren Werke AG/ADR,8880,American Depositary Receipts,NEW YORK,NY,10271
0001324424,EXPE,"Expedia Group, Inc.",4700,Transportation Services,SEATTLE,WA,98119
0001745201,VIK,Viking Holdings Ltd,4400,Water Transportation,WOODLAND HILLS,CA,91367
0001002047,NTAP,"NetApp, Inc.",3572,Computer Storage Devices,SAN JOSE,CA,95128
0000047111,HSY,HERSHEY CO,2060,Sugar & Confectionery Products,HERSHEY,PA,17033
0001030894,CLS,CELESTICA INC,3672,Printed Circuit Boards,TORONTO,A6,M2N 6
0000788784,PEG,PUBLIC SERVICE ENTERPRISE GROUP INC,4931,Electric & Other Services Combined,NEWARK,NJ,07102
0000874766,HIG,"HARTFORD INSURANCE GROUP, INC.",6331,"Fire, Marine & Casualty Insurance",HARTFORD,CT,06155
0000701818,KGC,KINROSS GOLD CORP,1040,Gold and Silver Ores,TORONTO,,
0000839923,VOD,VODAFONE GROUP PUBLIC LTD CO,4812,Radiotelephone Communications,"NEWBURY, BERKSHIRE",,
0001973266,TKO,"TKO Group Holdings, Inc.",7900,Services-Amusement & Recreation Services,NEW YORK,NY,10010
0001020569,IRM,IRON MOUNTAIN INC,6798,Real Estate Investment Trusts,PORTSMOUTH,NH,03801
0001444406,EC,ECOPETROL S.A.,1311,Crude Petroleum & Natural Gas,BOGOTA,,11031
0002073893,DLMAY,Dollarama Inc./ADR,,,NEW YORK,NY,10271
0001944048,KVUE,Kenvue Inc.,2844,"Perfumes, Cosmetics & Other Toilet Preparations",SUMMIT,NJ,07901
0000055785,KMB,KIMBERLY CLARK CORP,2670,Converted Paper & Paperboard Prods (No Contaners/Boxes),IRVING,TX,75038
0001618756,QSR,Restaurant Brands International Inc.,5812,Retail-Eating  Places,MIAMI,FL,33126
0000100517,UAL,"United Airlines Holdings, Inc.",4512,"Air Transportation, Scheduled",CHICAGO,IL,60606
0002007855,VG,"Venture Global, Inc.",4924,Natural Gas Distribution,ARLINGTON,VA,22209
0001167379,ALC,ALCON INC,3851,Ophthalmic Goods,FORT WORTH,TX,76134
0000783325,WEC,"WEC ENERGY GROUP, INC.",4931,Electric & Other Services Combined,MILWAUKEE,WI,53201
0001396009,VMC,Vulcan Materials CO,1400,Mining & Quarrying of  Nonmetallic Minerals (No Fuels),BIRMINGHAM,AL,35242
0001802768,RPRX,Royalty Pharma plc,2834,Pharmaceutical Preparations,NEW YORK,NY,10022
0001511737,UI,Ubiquiti Inc.,3663,Radio & Tv Broadcasting & Communications Equipment,NEW YORK,NY,10017
0001027664,ESLT,ELBIT SYSTEMS LTD,3728,"Aircraft Parts & Auxiliary Equipment, NEC","HAIFA, ISRAEL",L3,31053
0000105634,EME,"EMCOR Group, Inc.",1731,Electrical Work,NORWALK,CT,06851
0001725964,NTR,Nutrien Ltd.,2870,Agricultural Chemicals,SASKATOON,A9,S7K 5
0000815097,CCL,Carnival Corp Ltd.,4400,Water Transportation,MIAMI,FL,33178
0000036270,MTB,M&T BANK CORP,6022,State Commercial Banks,BUFFALO,NY,14203
0000049196,HBAN,HUNTINGTON BANCSHARES INC /MD/,6021,National Commercial Banks,COLUMBUS,OH,43287
0001116578,PUK,PRUDENTIAL PLC,6311,Life Insurance,LONDON,,EC4M 
0000947484,ACGL,ARCH CAPITAL GROUP LTD.,6331,"Fire, Marine & Casualty Insurance",PEMBROKE,D0,HM 08
0001093557,DXCM,DEXCOM INC,3841,Surgical & Medical Instruments & Apparatus,SAN DIEGO,CA,92121
0001447669,TWLO,TWILIO INC,7372,Services-Prepackaged Software,San Francisco,CA,94105
0001441816,MDB,"MongoDB, Inc.",7372,Services-Prepackaged Software,NEW YORK,NY,10019
0001263043,SHG,SHINHAN FINANCIAL GROUP CO LTD,6021,National Commercial Banks,SEOUL100-102,,00000
0000915191,FRFHF,FAIRFAX FINANCIAL HOLDINGS LTD/ CAN,6331,"Fire, Marine & Casualty Insurance",TORONTO,A6,M5J 2
0001132924,CHT,CHUNGHWA TELECOM CO LTD,4812,Radiotelephone Communications,TAIPEI TAIWAN,,
0001932393,GEHC,GE HealthCare Technologies Inc.,3844,X-Ray Apparatus & Tubes & Related Irradiation Apparatus,CHICAGO,IL,60661
0000033213,EQT,EQT Corp,1311,Crude Petroleum & Natural Gas,CANONSBURG,PA,15317
0000073124,NTRS,NORTHERN TRUST CORP,6022,State Commercial Banks,CHICAGO,IL,60603
0001383650,CQP,"Cheniere Energy Partners, L.P.",4924,Natural Gas Distribution,HOUSTON,TX,77002
0000720005,RJF,RAYMOND JAMES FINANCIAL INC,6211,"Security Brokers, Dealers & Flotation Companies",ST PETERSBURG,FL,33716
0000717826,ERIC,ERICSSON LM TELEPHONE CO,3663,Radio & Tv Broadcasting & Communications Equipment,STOCKHOLM SWEDEN,V7,164 8
0001051470,CCI,CROWN CASTLE INC.,6798,Real Estate Investment Trusts,HOUSTON,TX,77024
0000943819,RMD,RESMED INC,3841,Surgical & Medical Instruments & Apparatus,SAN DIEGO,CA,92123
0000898293,JBL,JABIL INC,3672,Printed Circuit Boards,ST PETERSBURG,FL,33716
0001447391,RSHGY,RESONA HOLDINGS INC,,,"KOTO-KU, TOKYO",,135-8
0001469059,CKHGF,Capitec Limited/ADR,,,NEW YORK,NY,10271
0001289490,EXR,Extra Space Storage Inc.,6798,Real Estate Investment Trusts,SALT LAKE CITY,UT,84121
0001160330,BBD,BANK BRADESCO,6022,State Commercial Banks,SAO PAULO,,06029
0000886986,TECK,TECK RESOURCES LTD,1400,Mining & Quarrying of  Nonmetallic Minerals (No Fuels),VANCOUVER,A1,V6C 0
0001110803,ILMN,"ILLUMINA, INC.",3826,Laboratory Analytical Instruments,SAN DIEGO,CA,92122
0000875045,BIIB,BIOGEN INC.,2836,"Biological Products, (No Diagnostic Substances)",CAMBRIDGE,MA,02142
0000900075,CPRT,COPART INC,5500,Retail-Auto Dealers & Gasoline Stations,DALLAS,TX,75254
0001890126,UNVGY,Universal Music Group N.V./ADR,,,NEW YORK,NY,10179
0001071739,CNC,CENTENE CORP,6324,Hospital & Medical Service Plans,ST LOUIS,MO,63105
0002083785,SUNB,"Sunbelt Rentals Holdings, Inc.",7359,"Services-Equipment Rental & Leasing, NEC",FORT MILL,SC,29715
0001140536,WTW,WILLIS TOWERS WATSON PLC,6411,"Insurance Agents, Brokers & Service",LONDON ENGLAND,X0,EC3M 
0001022671,STLD,STEEL DYNAMICS INC,3312,"Steel Works, Blast Furnaces & Rolling Mills (Coke Ovens)",FORT WAYNE,IN,46804
0001880661,TPG,TPG Inc.,6282,Investment Advice,FORT WORTH,TX,76102
0000916076,MLM,MARTIN MARIETTA MATERIALS INC,1400,Mining & Quarrying of  Nonmetallic Minerals (No Fuels),RALEIGH,NC,27612
0001585521,ZM,"Zoom Communications, Inc.",7370,"Services-Computer Programming, Data Processing, Etc.",SAN JOSE,CA,95113
0001329099,BIDU,"Baidu, Inc.",7370,"Services-Computer Programming, Data Processing, Etc.",BEIJING,,10008
0001555280,ZTS,Zoetis Inc.,2834,Pharmaceutical Preparations,PARSIPPANY,NJ,07054
0001178670,ALNY,"ALNYLAM PHARMACEUTICALS, INC.",2834,Pharmaceutical Preparations,CAMBRIDGE,MA,02142
0001374310,CBOE,"Cboe Global Markets, Inc.",6200,"Security & Commodity Brokers, Dealers, Exchanges & Services",CHICAGO,IL,60607
0000904868,FSNUY,Fresenius SE & Co. KGaA,3841,Surgical & Medical Instruments & Apparatus,BAD HOMBURG,2M,61346
0001699150,IR,Ingersoll Rand Inc.,3560,General Industrial Machinery & Equipment,DAVIDSON,NC,28036
0000726958,CASY,CASEYS GENERAL STORES INC,5500,Retail-Auto Dealers & Gasoline Stations,ANKENY,IA,50021
0001681459,FTI,TechnipFMC plc,3533,Oil & Gas Field Machinery & Equipment,NEWCASTLE UPON TYNE,X0,NE6 3
0001637459,KHC,Kraft Heinz Co,2030,"Canned, Frozen & Preservd Fruit, Veg & Food Specialties",PITTSBURGH,PA,15222
0001002910,AEE,AMEREN CORP,4931,Electric & Other Services Combined,ST LOUIS,MO,63166
0001300514,LVS,LAS VEGAS SANDS CORP,7011,Hotels & Motels,LAS VEGAS,NV,89113
0001535759,KBGGY,Kongsberg Gruppen ASA/ADR,8880,American Depositary Receipts,NEW YORK,NY,10271
0001001290,BAP,CREDICORP LTD,6029,"Commercial Banks, NEC",HAMILTON,,HM CX
0000045012,HAL,HALLIBURTON CO,1389,"Oil & Gas Field Services, NEC",HOUSTON,TX,77032
0000759944,CFG,CITIZENS FINANCIAL GROUP INC/RI,6022,State Commercial Banks,PROVIDENCE,RI,02903
0001705696,VICI,VICI PROPERTIES INC.,6798,Real Estate Investment Trusts,NEW YORK,NY,10022
0001097864,ON,ON SEMICONDUCTOR CORP,3674,Semiconductors & Related Devices,SCOTTSDALE,AZ,85250
0001094285,TDY,TELEDYNE TECHNOLOGIES INC,3812,"Search, Detection, Navigation, Guidance, Aeronautical Sys",THOUSAND OAKS,CA,91360
0001269238,TCOM,Trip.com Group Ltd,7389,"Services-Business Services, NEC",SINGAPORE,U0,04862
0001834584,CPNG,"Coupang, Inc.",5961,Retail-Catalog & Mail-Order Houses,SEATTLE,WA,98101
0000827052,EIX,EDISON INTERNATIONAL,4911,Electric Services,ROSEMEAD,CA,91770
0000731802,ATO,ATMOS ENERGY CORP,4924,Natural Gas Distribution,DALLAS,TX,75240
0000936340,DTE,DTE ENERGY CO,4911,Electric Services,DETROIT,MI,48226
0001754301,FOXA,Fox Corp,4833,Television Broadcasting Stations,NEW YORK,NY,10036
0001666175,FTS,Fortis Inc.,4911,Electric Services,ST. JOHN'S,A4,A1B 3
0001546066,PBA,PEMBINA PIPELINE CORP,1382,Oil & Gas Field Exploration Services,CALGARY,A0,T2P 1
0001713683,ZS,"Zscaler, Inc.",7371,Services-Computer Programming Services,SAN JOSE,CA,95134
0001713445,RDDT,"Reddit, Inc.",7374,Services-Computer Processing & Data Preparation,SAN FRANCISCO,CA,94104
0001018963,ATI,ATI INC,3317,Steel Pipe & Tubes,DALLAS,TX,75201
0001038683,RYAAY,RYANAIR HOLDINGS PLC,4512,"Air Transportation, Scheduled",COUNTY DUBLIN IRELAN,,
0001037646,MTD,METTLER TOLEDO INTERNATIONAL INC/,3826,Laboratory Analytical Instruments,COLUMBUS,OH,43240
0001823945,OWL,BLUE OWL CAPITAL INC.,6282,Investment Advice,NEW YORK,NY,10022
0001776985,BNTX,BioNTech SE,2836,"Biological Products, (No Diagnostic Substances)",MAINZ,2M,55131
0001397911,LPLA,LPL Financial Holdings Inc.,6200,"Security & Commodity Brokers, Dealers, Exchanges & Services",SAN DIEGO,CA,92121
0002058873,Q,"Qnity Electronics, Inc.",3674,Semiconductors & Related Devices,WILMINGTON,DE,19805
0001163653,NMR,NOMURA HOLDINGS INC,6211,"Security Brokers, Dealers & Flotation Companies",TOKYO,,103-8
0000719955,WSM,WILLIAMS SONOMA INC,5700,"Retail-Home Furniture, Furnishings & Equipment Stores",SAN FRANCISCO,CA,94109
0001058290,CTSH,COGNIZANT TECHNOLOGY SOLUTIONS CORP,7371,Services-Computer Programming Services,TEANECK,NJ,07666
0001031296,FE,FIRSTENERGY CORP,4911,Electric Services,AKRON,OH,44320
0001315098,RBLX,Roblox Corp,7372,Services-Prepackaged Software,SAN MATEO,CA,94403
0001104506,INSM,INSMED Inc,2834,Pharmaceutical Preparations,BRIDGEWATER,NJ,08807
0001410636,AWK,"American Water Works Company, Inc.",4941,Water Supply,CAMDEN,NJ,08102
0000798354,FISV,FISERV INC,7389,"Services-Business Services, NEC",MILWAUKEE,WI,53203
0001781335,OTIS,Otis Worldwide Corp,3600,Electronic & Other Electrical Equipment (No Computer Equip),FARMINGTON,CT,06032
0000072741,ES,EVERSOURCE ENERGY,4911,Electric Services,SPRINGFIELD,MA,01104
0001175454,CPAY,"CORPAY, INC.",7389,"Services-Business Services, NEC",ATLANTA,GA,30305
0000029905,DOV,DOVER Corp,3530,"Construction, Mining & Materials Handling Machinery & Equip",DOWNERS GROVE,IL,60515
0000920148,LH,LABCORP HOLDINGS INC.,8071,Services-Medical Laboratories,BURLINGTON,NC,27215
0000313216,PHG,KONINKLIJKE PHILIPS NV,3844,X-Ray Apparatus & Tubes & Related Irradiation Apparatus,AMSTERDAM,,1077W
0000029534,DG,DOLLAR GENERAL CORP,5331,Retail-Variety Stores,GOODLETTSVILLE,TN,37072
0001022079,DGX,QUEST DIAGNOSTICS INC,8071,Services-Medical Laboratories,SECAUCUS,NJ,07094
0001635088,ROIV,Roivant Sciences Ltd.,2834,Pharmaceutical Preparations,LONDON,,SW1H 
0000922224,PPL,PPL Corp,4911,Electric Services,ALLENTOWN,PA,18101
0001130310,CNP,CENTERPOINT ENERGY INC,4911,Electric Services,HOUSTON,TX,77002
0001885110,CHLSY,Chocoladefabriken Lindt & Spruengli AG/ADR,,,KILCHBERG,V8,CH-88
0001524472,XYL,Xylem Inc.,3561,Pumps & Pumping Equipment,WASHINGTON,DC,20003
0001709048,GFS,GLOBALFOUNDRIES Inc.,3674,Semiconductors & Related Devices,MALTA,NY,12020
0001281761,RF,REGIONS FINANCIAL CORP,6021,National Commercial Banks,BIRMINGHAM,AL,35203
0000879169,INCY,INCYTE CORP,8731,Services-Commercial Physical & Biological Research,WILMINGTON,DE,19803
0000020286,CINF,CINCINNATI FINANCIAL CORP,6331,"Fire, Marine & Casualty Insurance",FAIRFIELD,OH,45014
0000011544,WRB,BERKLEY W R CORP,6331,"Fire, Marine & Casualty Insurance",GREENWICH,CT,06830
0000728535,JBHT,HUNT J B TRANSPORT SERVICES INC,4213,Trucking (No Local),LOWELL,AR,72745
0001116132,TPR,"TAPESTRY, INC.",3100,Leather & Leather Products,NEW YORK,NY,10001
0002004711,BSP,Bending Spoons S.p.A.,7370,"Services-Computer Programming, Data Processing, Etc.",MILAN,,
0001474968,GELHY,Geely Automobile Holdings Limited/ADR,,,NEW YORK,NY,10271
0001957132,SN,"SharkNinja, Inc.",3630,Household Appliances,NEEDHAM,MA,02494
0000928876,TSEM,TOWER SEMICONDUCTOR LTD,3674,Semiconductors & Related Devices,MIGDAL HAEMEK,,23105
0002005951,SW,Smurfit Westrock plc,2650,Paperboard Containers & Boxes,DUBLIN 4,,D04 N
0001014473,VRSN,VERISIGN INC/CA,7371,Services-Computer Programming Services,RESTON,VA,20190
0001820953,AFRM,"Affirm Holdings, Inc.",6141,Personal Credit Institutions,SAN FRANCISCO,CA,94105
0001601712,SYF,Synchrony Financial,6199,Finance Services,STAMFORD,CT,06902
0000079879,PPG,PPG INDUSTRIES INC,2851,"Paints, Varnishes, Lacquers, Enamels & Allied Prods",PITTSBURGH,PA,15272
0000105770,WST,WEST PHARMACEUTICAL SERVICES INC,3841,Surgical & Medical Instruments & Apparatus,EXTON,PA,19341
0001415404,ECHO,EchoStar CORP,4899,"Communications Services, NEC",ENGLEWOOD,CO,80112
0001780312,ASTS,"AST SpaceMobile, Inc.",4899,"Communications Services, NEC",MIDLAND,TX,79706
0001720635,NVT,nVent Electric plc,3550,Special Industry Machinery (No Metalworking Machinery),LONDON,,TW8 9
0000048898,HUBB,HUBBELL INC,3670,Electronic Components & Accessories,SHELTON,CT,06484
0001811074,TPL,Texas Pacific Land Corp,6792,Oil Royalty Traders,DALLAS,TX,75204
0000940944,DRI,DARDEN RESTAURANTS INC,5812,Retail-Eating  Places,ORLANDO,FL,32837
0000814547,FICO,FAIR ISAAC CORP,7389,"Services-Business Services, NEC",BOZEMAN,MT,59715
0001837240,SYM,Symbotic Inc.,3569,"General Industrial Machinery & Equipment, NEC",WILMINGTON,MA,01887
0002035989,AMRZ,Amrize Ltd,3241,"Cement, Hydraulic",ZUG,,6300
0000931182,EQR,ERP OPERATING LTD PARTNERSHIP,6798,Real Estate Investment Trusts,CHICAGO,IL,60606
0000935703,DLTR,"DOLLAR TREE, INC.",5331,Retail-Variety Stores,CHESAPEAKE,VA,23320
0001442145,VRSK,"Verisk Analytics, Inc.",7374,Services-Computer Processing & Data Preparation,JERSEY CITY,NJ,07310
0000746515,EXPD,EXPEDITORS INTERNATIONAL OF WASHINGTON INC,4731,Arrangement of  Transportation of  Freight & Cargo,BELLEVUE,WA,98006
0001123360,GPN,GLOBAL PAYMENTS INC,7389,"Services-Business Services, NEC",ATLANTA,GA,30326
0000798941,FCNCA,FIRST CITIZENS BANCSHARES INC /DE/,6022,State Commercial Banks,RALEIGH,NC,27609
0000079282,BRO,"BROWN & BROWN, INC.",6411,"Insurance Agents, Brokers & Service",DAYTONA BEACH,FL,32114
0001967680,VLTO,Veralto Corp,3825,Instruments For Meas & Testing of  Electricity & Elec Signals,WALTHAM,MA,02451
0001013871,NRG,"NRG ENERGY, INC.",4911,Electric Services,HOUSTON,TX,77010
0001113169,TROW,PRICE T ROWE GROUP INC,6282,Investment Advice,BALTIMORE,MD,21231
0000017843,CRS,CARPENTER TECHNOLOGY CORP,3312,"Steel Works, Blast Furnaces & Rolling Mills (Coke Ovens)",PHILADELPHIA,PA,19103
0000026324,CW,CURTISS WRIGHT CORP,3590,Misc Industrial & Commercial Machinery & Equipment,DAVIDSON,NC,28036
0001560385,FWONA,Liberty Media Corp,4833,Television Broadcasting Stations,ENGLEWOOD,CO,80112
0001375365,SMCI,"Super Micro Computer, Inc.",3571,Electronic Computers,SAN JOSE,CA,95131
0000029989,OMC,OMNICOM GROUP INC.,7311,Services-Advertising Agencies,NEW YORK,NY,10017
0001751788,DOW,DOW INC.,2821,"Plastic Materials, Synth Resins & Nonvulcan Elastomers",MIDLAND,MI,48674
0001126328,PFG,PRINCIPAL FINANCIAL GROUP INC,6321,Accident & Health Insurance,DES MOINES,IA,50392
0000858446,IHG,INTERCONTINENTAL HOTELS GROUP PLC /NEW/,7011,Hotels & Motels,BERKSHIRE,,X0 SL
0002074176,VNOM,"Viper Energy, Inc.",1311,Crude Petroleum & Natural Gas,MIDLAND,TX,79701
0000091576,KEY,KEYCORP /NEW/,6021,National Commercial Banks,CLEVELAND,OH,44114
0001428439,ROKU,"ROKU, INC",4841,Cable & Other Pay Television Services,SAN JOSE,CA,95110
0001665918,USFD,US Foods Holding Corp.,5140,Wholesale-Groceries & Related Products,ROSEMONT,IL,60018
0000313927,CHD,CHURCH & DWIGHT CO INC /DE/,2840,"Soap, Detergents, Cleang Preparations, Perfumes, Cosmetics",EWING,NJ,08628
0001378789,AER,AerCap Holdings N.V.,7359,"Services-Equipment Rental & Leasing, NEC",DUBLIN,,D02 Y
0001660134,OKTA,"Okta, Inc.",7372,Services-Prepackaged Software,SAN FRANCISCO,CA,94105
0002058897,CIB,Grupo Cibest S.A.,6029,"Commercial Banks, NEC",MEDELLIN,,05002
0001274494,FSLR,"FIRST SOLAR, INC.",3674,Semiconductors & Related Devices,PHOENIX,AZ,85018
0001861737,HSAI,Hesai Group,3569,"General Industrial Machinery & Equipment, NEC",SHANGHAI,F4,20170
0001818874,SOFI,"SoFi Technologies, Inc.",6199,Finance Services,SAN FRANCISCO,CA,94105
0001758730,TW,Tradeweb Markets Inc.,6200,"Security & Commodity Brokers, Dealers, Exchanges & Services",NEW YORK,NY,10167
0001166003,XPO,"XPO, Inc.",4700,Transportation Services,GREENWICH,CT,06831
0001757898,STE,STERIS plc,3842,"Orthopedic, Prosthetic & Surgical Appliances & Supplies",DUBLIN,L2,2
0000016918,STZ,"CONSTELLATION BRANDS, INC.",2080,Beverages,ROCHESTER,NY,14614
0001874178,RIVN,"Rivian Automotive, Inc. / DE",3711,Motor Vehicles & Passenger Car Bodies,IRVINE,CA,92618
0002093536,ARXS,"Arxis, Inc.",3728,"Aircraft Parts & Auxiliary Equipment, NEC",BLOOMFIELD,CT,06002
0001576280,GH,"Guardant Health, Inc.",8071,Services-Medical Laboratories,PALO ALTO,CA,94304
0000033185,EFX,EQUIFAX INC,7320,"Services-Consumer Credit Reporting, Collection Agencies",ATLANTA,GA,30302
0000060086,L,LOEWS CORP,6331,"Fire, Marine & Casualty Insurance",NEW YORK,NY,10019
0001876042,CRCL,"Circle Internet Group, Inc.",6199,Finance Services,NEW YORK,NY,10007
0001996862,BG,Bunge Global SA,2070,Fats & Oils,GENEVA,V8,1206
0001039610,EDPFY,EDP ENERGIAS DE PORTUGAL SA,4911,Electric Services,LISBON,S1,1250-
0000075677,PKG,PACKAGING CORP OF AMERICA,2650,Paperboard Containers & Boxes,LAKE FOREST,IL,60045
0001082554,UTHR,UNITED THERAPEUTICS Corp,2834,Pharmaceutical Preparations,SILVER SPRING,MD,20910
0001096343,MKL,MARKEL GROUP INC.,6331,"Fire, Marine & Casualty Insurance",GLEN ALLEN,VA,23060
0000909037,SQM,CHEMICAL & MINING CO OF CHILE INC,1400,Mining & Quarrying of  Nonmetallic Minerals (No Fuels),SANTIAGO CHILE,F3,00000
0001403568,ULTA,"Ulta Beauty, Inc.",5990,"Retail-Retail Stores, NEC",BOLINGBROOK,IL,60440
0001748790,AMCR,Amcor plc,3990,Miscellaneous Manufacturing Industries,"WARMLEY, BRISTOL",X0,BS30 
0000718940,BCE,BCE INC,4813,Telephone Communications (No Radiotelephone),VERDUN,,
0001037038,RL,RALPH LAUREN CORP,2320,"Men's & Boys' Furnishgs, Work Clothg, & Allied Garments",NEW YORK,NY,10022
0000895126,EXE,EXPAND ENERGY Corp,1311,Crude Petroleum & Natural Gas,SPRING,TX,77389
0000070318,THC,TENET HEALTHCARE CORP,8062,"Services-General Medical & Surgical Hospitals, NEC",DALLAS,TX,75254
0001163420,MTNOY,MTN GROUP LTD/ADR,8880,American Depositary Receipts,NEW YORK,NY,10286
0001101302,ENTG,ENTEGRIS INC,3089,"Plastics Products, NEC",BILLERICA,MA,01821
0001489393,LYB,LyondellBasell Industries N.V.,2860,Industrial Organic Chemicals,HOUSTON,TX,77056
0000811156,CMS,CMS ENERGY CORP,4931,Electric & Other Services Combined,JACKSON,MI,49201
0001142231,HKHHY,HEINEKEN HOLDING N V,,,NETHERLAND,P7,00000
0000215466,CDE,"Coeur Mining, Inc.",1040,Gold and Silver Ores,CHICAGO,IL,60606
0000015615,MTZ,MASTEC INC,1623,"Water, Sewer, Pipeline, Comm & Power Line Construction",CORAL GABLES,FL,33134
0000051434,IP,INTERNATIONAL PAPER CO /NEW/,2621,Paper Mills,MEMPHIS,TN,38197
0000085535,RGLD,ROYAL GOLD INC,6795,Mineral Royalty Traders,DENVER,CO,80202
0001048695,FFIV,"F5, INC.",3576,Computer Communications Equipment,SEATTLE,WA,98104
0000040704,GIS,GENERAL MILLS INC,2040,Grain Mill Products,MINNEAPOLIS,MN,55426
0000771992,PAAS,PAN AMERICAN SILVER CORP,1040,Gold and Silver Ores,VANCOUVER,A1,V6B 0
0000051253,IFF,INTERNATIONAL FLAVORS & FRAGRANCES INC,2860,Industrial Organic Chemicals,NEW YORK,NY,10019
0001579298,BURL,"Burlington Stores, Inc.",5311,Retail-Department Stores,BURLINGTON,NJ,08016
0001136893,FIS,"Fidelity National Information Services, Inc.",7389,"Services-Business Services, NEC",JACKSONVILLE,FL,32202
0000920760,LEN,LENNAR CORP /NEW/,1520,General Bldg Contractors - Residential Bldgs,MIAMI,FL,33126
0001161125,BCH,BANK OF CHILE,6029,"Commercial Banks, NEC",SANTIAGO,F3,00000
0001653192,CNGKY,Cheung Kong Property Holdings Limited/ADR,,,HONG KONG,F4,00001
0001434265,GMAB,GENMAB A/S,2834,Pharmaceutical Preparations,1253 COPENHAGEN K,G7,00000
0000100493,TSN,"TYSON FOODS, INC.",2015,Poultry Slaughtering and Processing,SPRINGDALE,AR,
0002082247,FDXF,"FedEx Freight Holding Company, Inc.",4513,Air Courier Services,MEMPHIS,TN,38125
0001650164,TOST,"Toast, Inc.",7374,Services-Computer Processing & Data Preparation,BOSTON,MA,02210
0001493594,MTSI,"MACOM Technology Solutions Holdings, Inc.",3674,Semiconductors & Related Devices,LOWELL,MA,01851
0001383312,BR,"BROADRIDGE FINANCIAL SOLUTIONS, INC.",7389,"Services-Business Services, NEC",LAKE SUCCESS,NY,11042
0001590364,FTAI,FTAI Aviation Ltd.,7350,Services-Miscellaneous Equipment Rental & Leasing,NEW YORK,NY,10014
0001810806,U,Unity Software Inc.,7372,Services-Prepackaged Software,SAN FRANCISCO,CA,94105
0001423902,WES,"Western Midstream Partners, LP",4922,Natural Gas Transmission,THE WOODLANDS,TX,77380
0000091440,SNA,Snap-on Inc,3420,"Cutlery, Handtools & General Hardware",KENOSHA,WI,53143
0000108312,WWD,"Woodward, Inc.",3620,Electrical Industrial Apparatus,FORT COLLINS,CO,80524
0001943896,RBRK,"Rubrik, Inc.",7372,Services-Prepackaged Software,PALO ALTO,CA,94304
0001111711,NI,NISOURCE INC.,4931,Electric & Other Services Combined,MERRILLVILLE,IN,46410
0001091667,CHTR,"CHARTER COMMUNICATIONS, INC. /MO/",4841,Cable & Other Pay Television Services,STAMFORD,CT,06902
0000920522,ESS,"ESSEX PROPERTY TRUST, INC.",6798,Real Estate Investment Trusts,SAN MATEO,CA,94403
0001605484,STLA,Stellantis N.V.,3711,Motor Vehicles & Passenger Car Bodies,HOOFDDORP,P7,2132L
0000904851,YPF,YPF SOCIEDAD ANONIMA,2911,Petroleum Refining,BUENOS AIRES 1364 AR,,
0001985487,KSPI,Joint Stock Co Kaspi.kz,7389,"Services-Business Services, NEC",ALMATY,1P,05001
0001658566,PR,Permian Resources Corp,1311,Crude Petroleum & Natural Gas,MIDLAND,TX,79701
0000092380,LUV,SOUTHWEST AIRLINES CO,4512,"Air Transportation, Scheduled",DALLAS,TX,75235
0000733099,RCI,ROGERS COMMUNICATIONS INC,4841,Cable & Other Pay Television Services,"TORONTO, ONTARIO",A6,M4W 1
0000861884,RS,"RELIANCE, INC.",5051,Wholesale-Metals Service Centers & of fices,PHOENIX,AZ,85009
0001402436,SSNC,SS&C Technologies Holdings Inc,7372,Services-Prepackaged Software,WINDSOR,CT,06095
0001126113,TELNY,TELENOR ASA,4813,Telephone Communications (No Radiotelephone),FORNEBU,Q8,00000
0001711269,EVRG,"Evergy, Inc.",4931,Electric & Other Services Combined,KANSAS CITY,MO,64105
0001034054,SBAC,SBA COMMUNICATIONS CORP,6798,Real Estate Investment Trusts,BOCA RATON,FL,33487
0001123799,WIT,WIPRO LTD,7371,Services-Computer Programming Services,KARNATAKA,,56003
0001136869,ZBH,"ZIMMER BIOMET HOLDINGS, INC.",3842,"Orthopedic, Prosthetic & Surgical Appliances & Supplies",WARSAW,IN,46580
0001809587,BEKE,KE Holdings Inc.,6531,Real Estate Agents & Managers (For Others),BEIJING,,10008
0001324404,CF,"CF Industries Holdings, Inc.",2870,Agricultural Chemicals,NORTHBROOK,IL,60062
0001049502,MKSI,MKS INC,3823,"Industrial Instruments For Measurement, Display, and Control",ANDOVER,MA,01810
0001666700,DD,"DuPont de Nemours, Inc.",2821,"Plastic Materials, Synth Resins & Nonvulcan Elastomers",WILMINGTON,DE,19805
0000749098,MGA,MAGNA INTERNATIONAL INC,3714,Motor Vehicle Parts & Accessories,"AURORA, ONTARIO, CAN",A6,L4G 7
0000072331,NDSN,NORDSON CORP,3569,"General Industrial Machinery & Equipment, NEC",WESTLAKE,OH,44145
0001792044,VTRS,Viatris Inc,2834,Pharmaceutical Preparations,CANONSBURG,PA,15317
0000861967,WTKWY,WOLTERS KLUWER N V /FI,,,ALPHEN AAN DEN RIJN,P7,2408 
0001792580,OVV,Ovintiv Inc.,1311,Crude Petroleum & Natural Gas,DENVER,CO,
0000040987,GPC,GENUINE PARTS CO,5013,Wholesale-Motor Vehicle Supplies & New Parts,ATLANTA,GA,30339
0001796209,APG,APi Group Corp,7340,Services-To Dwellings & Other Buildings,NEW BRIGHTON,MN,55112
0000916365,TSCO,TRACTOR SUPPLY CO /DE/,5200,"Retail-Building Materials, Hardware, Garden Supply",BRENTWOOD,TN,37027
0001618732,NTNX,"Nutanix, Inc.",7372,Services-Prepackaged Software,SAN JOSE,CA,95110
0001687229,INVH,Invitation Homes Inc.,6510,Real Estate Operators (No Developers) & Lessors,DALLAS,TX,75240
0000352541,LNT,ALLIANT ENERGY CORP,4931,Electric & Other Services Combined,MADISON,WI,53718
0000704532,ONTO,ONTO INNOVATION INC.,3829,"Measuring & Controlling Devices, NEC",WILMINGTON,MA,01887
0000106535,WY,WEYERHAEUSER CO,6798,Real Estate Investment Trusts,SEATTLE,WA,98104
0001451809,SITM,SITIME Corp,3674,Semiconductors & Related Devices,SANTA CLARA,CA,95054
0001037976,JLL,JONES LANG LASALLE INC,6531,Real Estate Agents & Managers (For Others),CHICAGO,IL,60601
0001659166,FTV,Fortive Corp,3823,"Industrial Instruments For Measurement, Display, and Control",EVERETT,WA,98203
0001069157,EWBC,EAST WEST BANCORP INC,6022,State Commercial Banks,PASADENA,CA,91101
0001764757,DIDIY,DiDi Global Inc.,7389,"Services-Business Services, NEC",BEIJING,,10019
0001336920,LDOS,"Leidos Holdings, Inc.",7373,Services-Computer Integrated Systems Design,RESTON,VA,20190
0001043219,NLY,ANNALY CAPITAL MANAGEMENT INC,6798,Real Estate Investment Trusts,NEW YORK,NY,10036
0000084839,ROL,ROLLINS INC,7340,Services-To Dwellings & Other Buildings,ATLANTA,GA,30324
0000038777,BEN,FRANKLIN RESOURCES INC,6282,Investment Advice,SAN MATEO,CA,94403
0001159152,JHX,James Hardie Industries plc,3272,"Concrete Products, Except Block & Brick",DUBLIN 2,,D02 F
0000052988,J,JACOBS SOLUTIONS INC.,1600,Heavy Construction Other Than Bldg Const - Contractors,DALLAS,TX,75201
0000889132,PKX,POSCO HOLDINGS INC.,3312,"Steel Works, Blast Furnaces & Rolling Mills (Coke Ovens)","GANGNAM-GU, SEOUL",M5,06194
0001668397,MEDP,"Medpace Holdings, Inc.",8731,Services-Commercial Physical & Biological Research,CINCINNATI,OH,45227
0001527166,CG,Carlyle Group Inc.,6282,Investment Advice,WASHINGTON,DC,20004
0001635327,FLUT,Flutter Entertainment plc,7370,"Services-Computer Programming, Data Processing, Etc.",NEW YORK,NY,10010
0000832101,IEX,IDEX CORP /DE/,3561,Pumps & Pumping Equipment,NORTHBROOK,IL,60062
0001070423,PAA,PLAINS ALL AMERICAN PIPELINE LP,4610,Pipe Lines (No Natural Gas),HOUSTON,TX,77002
0001567094,CNH,CNH Industrial N.V.,3531,Construction Machinery & Equip,"BASILDON, ESSEX",,SS14 
0000822818,CLH,CLEAN HARBORS INC,4955,Hazardous Waste Management,NORWELL,MA,02061
0001402057,CDW,CDW Corp,5961,Retail-Catalog & Mail-Order Houses,VERNON HILLS,IL,60061
0000877212,ZBRA,ZEBRA TECHNOLOGIES CORP,3560,General Industrial Machinery & Equipment,LINCOLNSHIRE,IL,60069
0002109150,INIO,INNIO N.V.,3621,Motors & Generators,MUNICH,,00000
0002071881,TRMOY,Tourmaline Oil Corp/ADR,,,NEW YORK,NY,10271
0000906163,NVR,NVR INC,1531,Operative Builders,RESTON,VA,20190
0001468174,H,Hyatt Hotels Corp,7011,Hotels & Motels,CHICAGO,IL,60606
0000849399,GEN,Gen Digital Inc.,7372,Services-Prepackaged Software,TEMPE,AZ,85281
0001043277,CHRW,"C. H. ROBINSON WORLDWIDE, INC.",4731,Arrangement of  Transportation of  Freight & Cargo,EDEN PRAIRIE,MN,55347
0001849253,RYAN,"RYAN SPECIALTY HOLDINGS, INC.",6411,"Insurance Agents, Brokers & Service",CHICAGO,IL,60606
0001612042,ASND,Ascendis Pharma A/S,2834,Pharmaceutical Preparations,HELLERUP,,
0001824920,IONQ,"IonQ, Inc.",7373,Services-Computer Integrated Systems Design,COLLEGE PARK,MD,20740
0000855658,LSCC,LATTICE SEMICONDUCTOR CORP,3674,Semiconductors & Related Devices,HILLSBORO,OR,97124
0000857005,PTC,PTC INC.,7372,Services-Prepackaged Software,BOSTON,MA,02210
0001673358,YUMC,"Yum China Holdings, Inc.",5812,Retail-Eating  Places,PLANO,TX,75074
0001719117,ARNNY,ASR Nederland N.V./ADR,,,NEW YORK,NY,10005
0000009389,BALL,BALL Corp,3411,Metal Cans,WESTMINSTER,CO,80021
0001915657,DINO,HF Sinclair Corp,4610,Pipe Lines (No Natural Gas),DALLAS,TX,75219
0001025378,WPC,W. P. Carey Inc.,6798,Real Estate Investment Trusts,NEW YORK,NY,10001
0000929008,WCC,WESCO INTERNATIONAL INC,5063,"Wholesale-Electrical Apparatus & Equipment, Wiring Supplies ",PITTSBURGH,PA,15219
0000879101,KIM,KIMCO REALTY CORP,6798,Real Estate Investment Trusts,JERICHO,NY,11753
0001618673,PFGC,Performance Food Group Co,5141,"Wholesale-Groceries, General Line",RICHMOND,VA,23238
0001027552,BSAC,BANCO SANTANDER CHILE,6029,"Commercial Banks, NEC",SANTIAGO,,83200
0001477049,PHYS,Sprott Physical Gold Trust,6221,Commodity Contracts Brokers & Dealers,TORONTO,A6,M5J 2
0001743881,BBIO,"BridgeBio Pharma, Inc.",2834,Pharmaceutical Preparations,PALO ALTO,CA,94304
0001677250,ZTO,ZTO Express (Cayman) Inc.,4210,Trucking & Courier Services (No Air),SHANGHAI,F4,20170
0001552033,TRU,TransUnion,7320,"Services-Consumer Credit Reporting, Collection Agencies",CHICAGO,IL,60661
0001264136,WF,WOORI FINANCIAL GROUP INC.,6029,"Commercial Banks, NEC",SEOUL,,04632
0001046102,RBA,RB GLOBAL INC.,7389,"Services-Business Services, NEC",BURNABY,,V5J 0
0001089063,DKS,"DICK'S SPORTING GOODS, INC.",5940,Retail-Miscellaneous Shopping Goods Stores,CORAOPOLIS,PA,15108
0001544379,SCRNY,"SCREEN Holdings Co., Ltd./ADR",,,NEW YORK,NY,10271
0001070750,HST,"HOST HOTELS & RESORTS, INC.",6798,Real Estate Investment Trusts,BETHESDA,MD,20814
0001232524,JAZZ,Jazz Pharmaceuticals plc,2834,Pharmaceutical Preparations,DUBLIN,,D04 E
0001533232,BEP,Brookfield Renewable Partners L.P.,4911,Electric Services,HAMILTON,,
0001324948,RBC,RBC Bearings INC,3562,Ball & Roller Bearings,OXFORD,CT,06478
0001408710,FN,Fabrinet,3661,Telephone & Telegraph Apparatus,GRAND CAYMAN,,KY1-9
0001564708,NWSA,NEWS CORP,2711,Newspapers: Publishing or  Publishing & Printing,NEW YORK,NY,10036
0001127248,EMA,EMERA INC,4911,Electric Services,HALIFAX,A5,B3J 3
0000915913,ALB,ALBEMARLE CORP,2821,"Plastic Materials, Synth Resins & Nonvulcan Elastomers",CHARLOTTE,NC,28209
0000898174,RGA,REINSURANCE GROUP OF AMERICA INC,6311,Life Insurance,CHESTERFIELD,MO,63017
0000912595,MAA,MID AMERICA APARTMENT COMMUNITIES INC.,6798,Real Estate Investment Trusts,GERMANTOWN,TN,38138
0000874238,STRL,"STERLING INFRASTRUCTURE, INC.",1600,Heavy Construction Other Than Bldg Const - Contractors,THE WOODLANDS,TX,77380
0002026053,PS,PERSHING SQUARE INC.,6282,Investment Advice,NEW YORK,NY,10019
0001170858,SBS,COMPANHIA DE SANEAMENTO BASICO DO ESTADO DE SAO PAULO-SABESP,4941,Water Supply,SP,,
0001086222,AKAM,AKAMAI TECHNOLOGIES INC,7389,"Services-Business Services, NEC",CAMBRIDGE,MA,02142
0001584509,ARMK,Aramark,5812,Retail-Eating  Places,PHILADELPHIA,PA,19103
0001968385,BAWAY,BAWAG Group AG/ADR,,,VIENNA,C4,1100
0000868675,TU,TELUS CORP,4812,Radiotelephone Communications,VANCOUVER,A1,V6B 0
0001754581,FUTU,Futu Holdings Ltd,6211,"Security Brokers, Dealers & Flotation Companies","NANSHAN DISTRICT, SHENZHEN",F4,51805
0000914475,NBIX,NEUROCRINE BIOSCIENCES INC,2836,"Biological Products, (No Diagnostic Substances)",SAN DIEGO,CA,92130
0001841666,APA,APA Corp,1311,Crude Petroleum & Natural Gas,HOUSTON,TX,77042
0001481045,DSEEY,Daiwa Securities Group Inc.,8880,American Depositary Receipts,"CHIYODA-KU,TOKYO",,100-6
0000912593,SUI,SUN COMMUNITIES INC,6798,Real Estate Investment Trusts,SOUTHFIELD,MI,48034
0001090425,LAMR,LAMAR ADVERTISING CO/NEW,6798,Real Estate Investment Trusts,BATON ROUGE,LA,70808
0001061574,GIB,CGI INC,8742,Services-Management Consulting Services,MONTREAL,A8,H3G 1
0002082866,PNFP,"Pinnacle Financial Partners, Inc.",6021,National Commercial Banks,ATLANTA,GA,30339
0000912958,TIGO,MILLICOM INTERNATIONAL CELLULAR SA,4812,Radiotelephone Communications,LUXEMBOURG,N4,L-233
0001178819,AGI,ALAMOS GOLD INC,1040,Gold and Silver Ores,TORONTO,,
0001528396,GWRE,"Guidewire Software, Inc.",7372,Services-Prepackaged Software,SAN MATEO,CA,94403
0001901440,ULS,UL Solutions Inc.,8734,Services-Testing Laboratories,NORTHBROOK,IL,60062
0001483994,HTHT,H World Group Ltd,7011,Hotels & Motels,SHANGHAI,F4,00000
0001964738,SOLV,Solventum Corp,3841,Surgical & Medical Instruments & Apparatus,EAGAN,MN,55121
0000059527,LECO,LINCOLN ELECTRIC HOLDINGS INC,3540,Metalworkg Machinery & Equipment,CLEVELAND,OH,44117
0001622536,TLN,Talen Energy Corp,4911,Electric Services,HOUSTON,TX,77019
0000765880,DOC,"HEALTHPEAK PROPERTIES, INC.",6798,Real Estate Investment Trusts,DENVER,CO,80237
0000888491,OHI,OMEGA HEALTHCARE INVESTORS INC,6798,Real Estate Investment Trusts,HUNT VALLEY,MD,21030
0000063754,MKC,MCCORMICK & CO INC,2090,Miscellaneous Food Preparations & Kindred Products,HUNT VALLEY,MD,21031
0000093556,SWK,"STANLEY BLACK & DECKER, INC.",3420,"Cutlery, Handtools & General Hardware",NEW BRITAIN,CT,06053
0002029472,PUGBY,Puig Brands S.A./ADR,,,BARCELONA,U3,08902
0001756607,EQX,Equinox Gold Corp.,1040,Gold and Silver Ores,VANCOUVER,A1,V6C 1
0001015650,SKM,SK TELECOM CO LTD,4812,Radiotelephone Communications,SEOUL,,
0001878848,IREN,IREN Ltd,6199,Finance Services,SYDNEY,,2000
0001780232,GFL,GFL Environmental Inc.,4953,Refuse Systems,MIAMI,FL,33139
0001816319,LYTHF,Lytus Technologies Holdings PTV. Ltd.,7374,Services-Computer Processing & Data Preparation,"NAD AL SHEBA, DUBAI",,
0000217346,TXT,TEXTRON INC,3720,Aircraft & Parts,PROVIDENCE,RI,02903
0001791942,JBS,JBS N.V.,2011,Meat Packing Plants,AMSTELVEEN,,
0001744676,TME,Tencent Music Entertainment Group,4832,Radio Broadcasting Stations,"NANSHAN DISTRICT, SHENZHEN",F4,51805
0000062996,MAS,MASCO CORP /DE/,3430,"Heating Equip, Except Elec & Warm Air; & Plumbing Fixtures",LIVONIA,MI,48152
0001579878,FIG,"Figma, Inc.",7372,Services-Prepackaged Software,SAN FRANCISCO,CA,94102
0001001807,TLK,PERUSAHAAN PERSEROAN PERSERO PT TELEKOMUNIKASI INDONESIA TBK,4813,Telephone Communications (No Radiotelephone),BANDUNG,K8,40133
0000887225,KEP,KOREA ELECTRIC POWER CORP,4911,Electric Services,NAJU-SI,,58322
0001855612,GRAB,Grab Holdings Ltd,7389,"Services-Business Services, NEC",SINGAPORE,U0,13849
0000910606,REG,REGENCY CENTERS CORP,6798,Real Estate Investment Trusts,JACKSONVILLE,FL,32202
0001100682,CRL,"CHARLES RIVER LABORATORIES INTERNATIONAL, INC.",8731,Services-Commercial Physical & Biological Research,WILMINGTON,MA,01887
0000860731,TYL,TYLER TECHNOLOGIES INC,7372,Services-Prepackaged Software,PLANO,TX,75024
0001486957,BWXT,"BWX Technologies, Inc.",3510,Engines & Turbines,LYNCHBURG,VA,24504
0001552275,SUN,Sunoco LP,2911,Petroleum Refining,DALLAS,TX,75225
0001019849,PAG,"PENSKE AUTOMOTIVE GROUP, INC.",5500,Retail-Auto Dealers & Gasoline Stations,BLOOMFIELD HILLS,MI,48302
0002110105,QNT,Quantinuum Inc.,7373,Services-Computer Integrated Systems Design,BROOMFIELD,CO,
0001889539,CRBG,"Corebridge Financial, Inc.",6311,Life Insurance,HOUSTON,TX,77019
0001287750,ARCC,ARES CAPITAL CORP,,,NEW YORK,NY,10167
0000016058,CACI,CACI INTERNATIONAL INC /DE/,7373,Services-Computer Integrated Systems Design,RESTON,VA,20190
0001773383,DT,"Dynatrace, Inc.",7372,Services-Prepackaged Software,BOSTON,MA,02210
0000790051,CSL,CARLISLE COMPANIES INC,3060,"Fabricated Rubber Products, NEC",SCOTTSDALE,AZ,85254
0001319161,WMG,Warner Music Group Corp.,7900,Services-Amusement & Recreation Services,NEW YORK,NY,10019
0001095073,EG,"EVEREST GROUP, LTD.",6331,"Fire, Marine & Casualty Insurance",HAMILTON,D0,HM 19
0000004457,UHAL,U-Haul Holding Co /NV/,7510,Services-Auto Rental & Leasing (No Drivers),RENO,NV,89511
0001616707,W,Wayfair Inc.,5961,Retail-Catalog & Mail-Order Houses,BOSTON,MA,02116
0001494728,PSLV,Sprott Physical Silver Trust,6221,Commodity Contracts Brokers & Dealers,TORONTO,A6,M5J 2
0000110621,RPM,RPM INTERNATIONAL INC/DE/,2851,"Paints, Varnishes, Lacquers, Enamels & Allied Prods",MEDINA,OH,44258
0001069202,LII,LENNOX INTERNATIONAL INC,3585,Air-Cond & Warm Air Heatg Equip & Comm & Indl Refrig Equip,RICHARDSON,TX,75080
0002098381,LNTCY,"Lens Technology Co., Ltd./ADR",,,CHANGSHA,,41031
0000914208,IVZ,Invesco Ltd.,6282,Investment Advice,ATLANTA,GA,30309
0001267238,AIZ,"ASSURANT, INC.",6399,"Insurance Carriers, NEC",ATLANTA,GA,30339
0000719413,HL,HECLA MINING CO/DE/,1400,Mining & Quarrying of  Nonmetallic Minerals (No Fuels),COEUR D'ALENE,ID,83815
0000074208,UDR,"UDR, Inc.",6798,Real Estate Investment Trusts,HIGHLANDS RANCH,CO,80129
0000922621,ERIE,ERIE INDEMNITY CO,6411,"Insurance Agents, Brokers & Service",ERIE,PA,16530
0001236275,QXO,"QXO, Inc.",5030,Wholesale-Lumber & Other Construction Materials,GREENWICH,CT,06831
0000031791,RVTY,"REVVITY, INC.",3826,Laboratory Analytical Instruments,WALTHAM,MA,02451
0000008818,AVY,Avery Dennison Corp,2670,Converted Paper & Paperboard Prods (No Contaners/Boxes),MENTOR,OH,44060
0000864749,TRMB,TRIMBLE INC.,3829,"Measuring & Controlling Devices, NEC",WESTMINSTER,CO,80021
0002109234,BLMOY,BELIMO Holding AG/ADR,,,HINWIL,,8340
0001579241,ALLE,Allegion plc,7381,"Services-Detective, Guard & Armored Car Services",DUBLIN 7,,D07 X
0000005513,UNM,Unum Group,6321,Accident & Health Insurance,CHATTANOOGA,TN,37402
0001032975,LOGI,LOGITECH INTERNATIONAL S.A.,3577,"Computer Peripheral Equipment, NEC",SAN JOSE,CA,95134
0000089439,MLI,MUELLER INDUSTRIES INC,3350,Rolling Drawing & Extruding of  Nonferrous Metals,COLLIERVILLE,TN,38017
0000010456,BAX,BAXTER INTERNATIONAL INC,3841,Surgical & Medical Instruments & Apparatus,DEERFIELD,IL,60015
0001206264,SGI,SOMNIGROUP INTERNATIONAL INC.,2510,Household Furniture,LEXINGTON,KY,40511
0001048268,IESC,"IES Holdings, Inc.",1731,Electrical Work,HOUSTON,TX,77478
0001060955,ICLR,ICON PLC,8731,Services-Commercial Physical & Biological Research,DUBLIN 18,L2,00000
0000021175,CNA,CNA FINANCIAL CORP,6331,"Fire, Marine & Casualty Insurance",CHICAGO,IL,60606
0001859392,GLXY,Galaxy Digital Inc.,6211,"Security Brokers, Dealers & Flotation Companies",NEW YORK,NY,10282
0001355444,EMBJ,EMBRAER S.A.,3721,Aircraft,SAO JOSE DOS CAMPOS,D5,12227
0001333986,EQH,"Equitable Holdings, Inc.",6411,"Insurance Agents, Brokers & Service",NEW YORK,NY,10105
0001852131,NXT,Nextpower Inc.,3674,Semiconductors & Related Devices,FREMONT,CA,94555
0000769218,AEG,AEGON LTD.,6311,Life Insurance,SCHIPHOL,,1118 
0001015922,CHKP,CHECK POINT SOFTWARE TECHNOLOGIES LTD,7372,Services-Prepackaged Software,"TEL AVIV, ISRAEL",,67891
0000913144,RNR,RENAISSANCERE HOLDINGS LTD,6331,"Fire, Marine & Casualty Insurance",PEMBROKE,D0,HM19
0000939767,EXEL,"EXELIXIS, INC.",2836,"Biological Products, (No Diagnostic Substances)",ALAMEDA,CA,94502
0000042888,GGG,GRACO INC,3561,Pumps & Pumping Equipment,MINNEAPOLIS,MN,55413
0000091419,SJM,J M SMUCKER Co,2033,"Canned, Fruits, Veg, Preserves, Jams & Jellies",ORRVILLE,OH,44667
0000046080,HAS,"HASBRO, INC.",3944,"Games, Toys & Children's Vehicles (No Dolls & Bicycles)",PAWTUCKET,RI,02861
0000895417,ELS,EQUITY LIFESTYLE PROPERTIES INC,6798,Real Estate Investment Trusts,CHICAGO,IL,60606
0001842022,DTM,"DT Midstream, Inc.",4922,Natural Gas Transmission,DETROIT,MI,48226
0001582961,DOCN,"DigitalOcean Holdings, Inc.",7370,"Services-Computer Programming, Data Processing, Etc.",BROOMFIELD,CO,80021
0000908255,BWA,BORGWARNER INC,3714,Motor Vehicle Parts & Accessories,AUBURN HILLS,MI,48326
0001575965,GLPI,"Gaming & Leisure Properties, Inc.",6798,Real Estate Investment Trusts,WYOMISSING,PA,19610
0001675149,AA,Alcoa Corp,3334,Primary Production of  Aluminum,PITTSBURGH,PA,15212
0001057352,CSGP,"COSTAR GROUP, INC.",7389,"Services-Business Services, NEC",ARLINGTON,VA,22209
0001048477,BMRN,BIOMARIN PHARMACEUTICAL INC,2834,Pharmaceutical Preparations,NOVATO,CA,94949
0000320335,GL,GLOBE LIFE INC.,6311,Life Insurance,MCKINNEY,TX,75070
0001289460,TXRH,"Texas Roadhouse, Inc.",5812,Retail-Eating  Places,LOUISVILLE,KY,40205
0001506293,PINS,"PINTEREST, INC.",7370,"Services-Computer Programming, Data Processing, Etc.",SAN FRANCISCO,CA,94107
0001397187,LULU,lululemon athletica inc.,2300,Apparel & Other Finishd Prods of  Fabrics & Similar Matl,VANCOUVER,A1,V6J 1
0002098430,MAIR,Madison Air Solutions Corp,3564,Industrial & Commercial Fans & Blowers & Air Purifing Equip,CHICAGO,IL,60606
0000014693,BF-B,BROWN FORMAN CORP,2080,Beverages,LOUISVILLE,KY,40210
0001177609,FIVE,"FIVE BELOW, INC",5331,Retail-Variety Stores,PHILADELPHIA,PA,19106
0001088856,CORT,CORCEPT THERAPEUTICS INC,2834,Pharmaceutical Preparations,REDWOOD CITY,CA,94065
0000021076,CLX,CLOROX CO /DE/,2842,"Specialty Cleaning, Polishing and Sanitation Preparations",OAKLAND,CA,94612
0000350894,SEIC,SEI INVESTMENTS CO,6211,"Security Brokers, Dealers & Flotation Companies",OAKS,PA,19456
0000040729,ALLY,Ally Financial Inc.,6022,State Commercial Banks,DETROIT,MI,48226
0001919275,VARRY,Var Energi ASA/ADR,,,NEW YORK,NY,10179
0001423689,AGNC,AGNC Investment Corp.,6798,Real Estate Investment Trusts,BETHESDA,MD,20814
0000105016,WSO,WATSCO INC,5070,Wholesale-Hardware & Plumbing & Heating Equipment & Supplies,COCONUT GROVE,FL,33133
0001331875,FNF,"Fidelity National Financial, Inc.",6361,Title Insurance,JACKSONVILLE,FL,32204
0001829311,BMNR,"BITMINE IMMERSION TECHNOLOGIES, INC.",6199,Finance Services,NORWALK,CT,06854
0001321732,PEN,Penumbra Inc,3841,Surgical & Medical Instruments & Apparatus,ALAMEDA,CA,94502
0001219601,CCK,"CROWN HOLDINGS, INC.",3411,Metal Cans,TAMPA,FL,33637
0002077146,OBICY,"OBIC Co., Ltd./ADR",,,NEW YORK,NY,10179
0001791706,LI,Li Auto Inc.,3711,Motor Vehicles & Passenger Car Bodies,BEIJING,,
0001047127,AMKR,"AMKOR TECHNOLOGY, INC.",3674,Semiconductors & Related Devices,TEMPE,AZ,85284
0000317540,COKE,"Coca-Cola Consolidated, Inc.",2086,Bottled & Canned Soft Drinks & Carbonated Waters,CHARLOTTE,NC,28211
0001333141,FMS,Fresenius Medical Care AG,8090,"Services-Misc Health & Allied Services, NEC",BAD HOMBURG,2M,61352
0001609711,GDDY,GoDaddy Inc.,7373,Services-Computer Integrated Systems Design,TEMPE,AZ,85281
0001322422,HBM,Hudbay Minerals Inc.,1000,Metal Mining,TORONTO,,M5J 2
0000109563,AIT,APPLIED INDUSTRIAL TECHNOLOGIES INC,5080,"Wholesale-Machinery, Equipment & Supplies",CLEVELAND,OH,44115
0001056696,MANH,MANHATTAN ASSOCIATES INC,7372,Services-Prepackaged Software,ATLANTA,GA,30339
0001347557,PAC,Pacific Airport Group,4581,"Airports, Flying Fields & Airport Terminal Services","GUADALAJARA, JALISCO",,
0000795403,WTS,WATTS WATER TECHNOLOGIES INC,3490,Miscellaneous Fabricated Metal Products,NORTH ANDOVER,MA,01845
0001883685,DKNG,DraftKings Inc.,7990,Services-Miscellaneous Amusement & Recreation,BOSTON,MA,02116
0002099039,WSE,Wise Group plc,7389,"Services-Business Services, NEC",LONDON,,EC2A 
0001037540,BXP,"BXP, Inc.",6798,Real Estate Investment Trusts,BOSTON,MA,02199
0000749251,IT,GARTNER INC,8741,Services-Management Services,STAMFORD,CT,06904
0001404655,HUBS,HUBSPOT INC,7372,Services-Prepackaged Software,CAMBRIDGE,MA,02141
0000879407,ARWR,"ARROWHEAD PHARMACEUTICALS, INC.",2834,Pharmaceutical Preparations,PASADENA,CA,91105
0001795586,CHYM,"Chime Financial, Inc.",6199,Finance Services,SAN FRANCISCO,CA,94111
0001632970,AHR,"American Healthcare REIT, Inc.",6798,Real Estate Investment Trusts,IRVINE,CA,92612
0001474735,GNRC,GENERAC HOLDINGS INC.,3621,Motors & Generators,WAUKESHA,WI,53187
0000845982,SNN,SMITH & NEPHEW PLC,3842,"Orthopedic, Prosthetic & Surgical Appliances & Supplies","WATFORD, HERTFORDSHIRE",,WD18 
0001828108,AUR,"Aurora Innovation, Inc.",7373,Services-Computer Integrated Systems Design,PITTSBURGH,PA,15222
0002071668,MICC,Magnum Ice Cream Co N.V.,2024,Ice Cream & Frozen Desserts,AMSTERDAM,,1017 
0001157601,MDGL,"MADRIGAL PHARMACEUTICALS, INC.",2834,Pharmaceutical Preparations,WEST CONSHOHOCKEN,PA,
0000720672,SF,STIFEL FINANCIAL CORP,6211,"Security Brokers, Dealers & Flotation Companies",ST. LOUIS,MO,63102
0001072397,BZLFY,BUNZL PLC,5141,"Wholesale-Groceries, General Line",LONDON W1K 6NX,X0,00000
0001109345,NVMI,NOVA LTD.,3827,Optical Instruments & Lenses,REHOVOT,L3,76102
0001159036,HALO,"HALOZYME THERAPEUTICS, INC.",2836,"Biological Products, (No Diagnostic Substances)",SAN DIEGO,CA,92130
0000003124,AKZOY,AKZO NOBEL NV,2800,Chemicals & Allied Products,AMSTERDAM,,1077 
0000910521,DECK,DECKERS OUTDOOR CORP,3021,Rubber & Plastics Footwear,GOLETA,CA,93117
0000764622,PNW,PINNACLE WEST CAPITAL CORP,4911,Electric Services,PHOENIX,AZ,85004
0000067887,MOG-A,MOOG INC.,3590,Misc Industrial & Commercial Machinery & Equipment,EAST AURORA,NY,14052
0001042046,AFG,AMERICAN FINANCIAL GROUP INC,6331,"Fire, Marine & Casualty Insurance",CINCINNATI,OH,45202
0001717115,TEM,"Tempus AI, Inc.",7370,"Services-Computer Programming, Data Processing, Etc.",CHICAGO,IL,60654
0000785161,EHC,Encompass Health Corp,8060,Services-Hospitals,BIRMINGHAM,AL,35242
0001116942,TTMI,TTM TECHNOLOGIES INC,3672,Printed Circuit Boards,SANTA ANA,CA,92707
0001261333,DOCU,"DOCUSIGN, INC.",7372,Services-Prepackaged Software,SAN FRANCISCO,CA,
0001944013,CR,Crane Co,3490,Miscellaneous Fabricated Metal Products,STAMFORD,CT,06902
0001501585,HII,"HUNTINGTON INGALLS INDUSTRIES, INC.",3730,Ship & Boat Building & Repairing,NEWPORT NEWS,VA,23607
0001579091,CART,Maplebear Inc.,7389,"Services-Business Services, NEC",SAN FRANCISCO,CA,94105
0001279956,YARIY,YARA INTERNATIONAL ASA,8880,American Depositary Receipts,N-0257 OSLO,Q8,00000
0000779152,JKHY,JACK HENRY & ASSOCIATES INC,7373,Services-Computer Integrated Systems Design,MONETT,MO,65708
0001865782,BTSG,"BrightSpring Health Services, Inc.",8082,Services-Home Health Care Services,LOUISVILLE,KY,40222
0000927003,AEIS,ADVANCED ENERGY INDUSTRIES INC,3679,"Electronic Components, NEC",DENVER,CO,80202
0000930157,RTO,RENTOKIL INITIAL PLC /FI,8741,Services-Management Services,CRAWLEY,,
0000036966,FHN,FIRST HORIZON CORP,6021,National Commercial Banks,MEMPHIS,TN,38103
0002072098,TMTNY,Toromont Industries Ltd./ADR,,,NEW YORK,NY,10271
0002103884,CONE,"Compass Sub North, Inc.",6022,State Commercial Banks,BIRMINGHAM,AL,35203
0001739104,ELAN,Elanco Animal Health Inc,2834,Pharmaceutical Preparations,INDIANAPOLIS,IN,46221
0000088941,SMTC,SEMTECH CORP,3674,Semiconductors & Related Devices,CAMARILLO,CA,93012
0001203464,IAG,IAMGOLD CORP,1040,Gold and Silver Ores,TORONTO,A6,M5H 1
0001433270,AR,ANTERO RESOURCES Corp,1311,Crude Petroleum & Natural Gas,DENVER,CO,80202
0001370946,OC,Owens Corning,3290,"Abrasive, Asbestos & Misc Nonmetallic Mineral Prods",TOLEDO,OH,43659
0001237831,GMED,GLOBUS MEDICAL INC,3841,Surgical & Medical Instruments & Apparatus,AUDUBON,PA,19403
0000078128,WTRG,"Essential Utilities, Inc.",4941,Water Supply,BRYN MAWR,PA,19010
0001531152,BJ,"BJ's Wholesale Club Holdings, Inc.",5331,Retail-Variety Stores,MARLBOROUGH,MA,01752
0002041610,PSKY,Paramount Skydance Corp,4833,Television Broadcasting Stations,NEW YORK,NY,10036
0001588823,TFII,TFI International Inc.,4210,Trucking & Courier Services (No Air),SAINT-LAURENT,A8,H4S 1
0001837429,BNT,Brookfield Wealth Solutions Ltd.,6399,"Insurance Carriers, NEC",PEMBROKE,D0,HM08
0001810997,XPEV,XPENG INC.,3711,Motor Vehicles & Passenger Car Bodies,GUANGZHOU,,51064
0000089089,SCI,SERVICE CORP INTERNATIONAL,7200,Services-Personal Services,HOUSTON,TX,77019
0001492691,KNX,Knight-Swift Transportation Holdings Inc.,4213,Trucking (No Local),PHOENIX,AZ,85043
0001097149,ALGN,ALIGN TECHNOLOGY INC,3842,"Orthopedic, Prosthetic & Surgical Appliances & Supplies",TEMPE,AZ,85288
0000842023,TECH,BIO-TECHNE Corp,2836,"Biological Products, (No Diagnostic Substances)",MINNEAPOLIS,MN,
0000927066,DVA,DAVITA INC.,8090,"Services-Misc Health & Allied Services, NEC",DENVER,CO,80202
0001286681,DPZ,DOMINOS PIZZA INC,5140,Wholesale-Groceries & Related Products,ANN ARBOR,MI,48105
0000101382,UMBF,UMB FINANCIAL CORP,6021,National Commercial Banks,KANSAS CITY,MO,64106
0001922641,ENLT,Enlight Renewable Energy Ltd.,4911,Electric Services,ROSH HAAYIN,L3,-
0001801729,NCLTY,"Nitori Holdings Co., Ltd.",,,NEW YORK,NY,10271
0001360901,EVR,Evercore Inc.,6282,Investment Advice,NEW YORK,NY,10055
0001800667,FROG,JFrog Ltd,7372,Services-Prepackaged Software,SUNNYVALE,CA,94089
0000789570,MGM,MGM Resorts International,7011,Hotels & Motels,LAS VEGAS,NV,89109
0000918608,EGO,ELDORADO GOLD CORP /FI,1040,Gold and Silver Ores,VANCOUVER,A1,V6C 2
0000082811,RRX,REGAL REXNORD CORP,3569,"General Industrial Machinery & Equipment, NEC",MILWAUKEE,WI,53203
0001833756,DRS,"Leonardo DRS, Inc.",3812,"Search, Detection, Navigation, Guidance, Aeronautical Sys",ARLINGTON,VA,22202
0001031308,BSY,BENTLEY SYSTEMS INC,7372,Services-Prepackaged Software,EXTON,PA,19341
0000906345,CPT,CAMDEN PROPERTY TRUST,6798,Real Estate Investment Trusts,HOUSTON,TX,77056
0001192448,GKOS,GLAUKOS Corp,3841,Surgical & Medical Instruments & Apparatus,ALISO VIEJO,CA,92656
0000049600,EGP,EASTGROUP PROPERTIES INC,6798,Real Estate Investment Trusts,RIDGELAND,MS,39157
0000916540,DAR,DARLING INGREDIENTS INC.,2070,Fats & Oils,IRVING,TX,75038
0001158114,AAOI,"APPLIED OPTOELECTRONICS, INC.",3674,Semiconductors & Related Devices,SUGAR LAND,TX,77478
0000763901,BPOP,"POPULAR, INC.",6022,State Commercial Banks,HATO REY,PR,00918
0001579428,AXSM,"Axsome Therapeutics, Inc.",2834,Pharmaceutical Preparations,NEW YORK,NY,10007
0001604028,WMS,"ADVANCED DRAINAGE SYSTEMS, INC.",3086,Plastics Foam Products,HILLIARD,OH,
0001013237,FDS,FACTSET RESEARCH SYSTEMS INC,7370,"Services-Computer Programming, Data Processing, Etc.",NORWALK,CT,06850
0001061983,CYTK,CYTOKINETICS INC,2834,Pharmaceutical Preparations,SOUTH SAN FRANCISCO,CA,94080
0001964789,HUT,Hut 8 Corp.,6199,Finance Services,MIAMI,FL,
0001049724,DLAKY,DEUTSCHE LUFTHANSA A G                                  /FI,,,FEDERAL REPUBLIC OF GERMANY,I9,10022
0001366868,GSAT,"Globalstar, Inc.",4899,"Communications Services, NEC","COVINGTON,",LA,70433
0001623925,AM,Antero Midstream Corp,4922,Natural Gas Transmission,DENVER,CO,80202
0000924805,FRHC,Freedom Holding Corp.,6211,"Security Brokers, Dealers & Flotation Companies","NEW YORK, NY",NY,10005
0000096223,JEF,Jefferies Financial Group Inc.,6211,"Security Brokers, Dealers & Flotation Companies",NEW YORK,NY,10022
0000071691,NYT,NEW YORK TIMES CO,2711,Newspapers: Publishing or  Publishing & Printing,NEW YORK,NY,10018
0001411207,ALSN,Allison Transmission Holdings Inc,3714,Motor Vehicle Parts & Accessories,Indianapolis,IN,46222
0001069258,KTOS,"KRATOS DEFENSE & SECURITY SOLUTIONS, INC.",3760,Guided Missiles & Space Vehicles & Parts,SAN DIEGO,CA,92131
0002030781,SAIL,"SailPoint, Inc.",7372,Services-Prepackaged Software,AUSTIN,TX,78726
0000874761,AES,AES CORP,4991,Cogeneration Services & Small Power Producers,ARLINGTON,VA,22203
0001125376,ENSG,"ENSIGN GROUP, INC",8051,Services-Skilled Nursing Care Facilities,SAN JUAN CAPISTRANO,CA,92675
0000007536,ARW,"ARROW ELECTRONICS, INC.",5065,"Wholesale-Electronic Parts & Equipment, NEC",CENTENNIAL,CO,80112
0000909327,SUZ,Suzano S.A.,2621,Paper Mills,SALVADOR - BA,D5,41 81
0001868159,LINE,"Lineage, Inc.",6798,Real Estate Investment Trusts,NOVI,MI,48377
0001767582,LKNCY,Luckin Coffee Inc.,5810,Retail-Eating & Drinking Places,"XIAMEN, FUJIAN",,36100
0000889331,LFUS,LITTELFUSE INC /DE,3613,Switchgear & Switchboard Apparatus,ROSEMONT,IL,60018
0001573516,MUSA,Murphy USA Inc.,5500,Retail-Auto Dealers & Gasoline Stations,EL DORADO,AR,71730
0001308648,AG,FIRST MAJESTIC SILVER CORP,1040,Gold and Silver Ores,VANCOUVER,,
0000034903,FRT,FEDERAL REALTY INVESTMENT TRUST,6798,Real Estate Investment Trusts,NORTH BETHESDA,MD,20852
0000004127,SWKS,"SKYWORKS SOLUTIONS, INC.",3674,Semiconductors & Related Devices,IRVINE,CA,92617
0000764038,SSB,SouthState Bank Corp,6022,State Commercial Banks,WINTER HAVEN,FL,33880
0001179929,MOH,"MOLINA HEALTHCARE, INC.",6324,Hospital & Medical Service Plans,LONG BEACH,CA,90802
0001174922,WYNN,WYNN RESORTS LTD,7011,Hotels & Motels,LAS VEGAS,NV,89109
0001145197,PODD,INSULET CORP,3841,Surgical & Medical Instruments & Apparatus,ACTON,MA,01720
0001015328,WTFC,WINTRUST FINANCIAL CORP,6022,State Commercial Banks,ROSEMONT,IL,60018
0000039263,CFR,"CULLEN/FROST BANKERS, INC.",6021,National Commercial Banks,SAN ANTONIO,TX,78205
0000352915,UHS,UNIVERSAL HEALTH SERVICES INC,8062,"Services-General Medical & Surgical Hospitals, NEC",KING OF PRUSSIA,PA,19406
0001956827,ABVX,Abivax S.A.,2834,Pharmaceutical Preparations,PARIS,,
0000797721,VSAT,VIASAT INC,4899,"Communications Services, NEC",CARLSBAD,CA,92009
0000088205,SPXC,"SPX Technologies, Inc.",3540,Metalworkg Machinery & Equipment,CHARLOTTE,NC,28277
0001144215,AYI,ACUITY INC. (DE),3640,Electric Lighting & Wiring Equipment,ATLANTA,GA,30309
0000897723,SANM,SANMINA CORP,3672,Printed Circuit Boards,SAN JOSE,CA,95134
0000730272,RGEN,REPLIGEN CORP,2836,"Biological Products, (No Diagnostic Substances)",WALTHAM,MA,02453
0001974640,APGE,"Apogee Therapeutics, Inc.",2836,"Biological Products, (No Diagnostic Substances)",SAN FRANCISCO,CA,
0001061894,GIL,Gildan Activewear Inc.,2300,Apparel & Other Finishd Prods of  Fabrics & Similar Matl,MONTREAL,,H3A 3
0001590955,PAYC,"Paycom Software, Inc.",7372,Services-Prepackaged Software,OKLAHOMA CITY,OK,73142
0000077360,PNR,PENTAIR plc,3550,Special Industry Machinery (No Metalworking Machinery),LONDON,X0,TW13Q
0000074260,ORI,OLD REPUBLIC INTERNATIONAL CORP,6351,Surety Insurance,CHICAGO,IL,60601
0001135951,RDY,DR REDDYS LABORATORIES LTD,2834,Pharmaceutical Preparations,HYDERABAD,,500-0
0001689548,PRAX,"Praxis Precision Medicines, Inc.",2834,Pharmaceutical Preparations,BOSTON,MA,02110
0000012208,BIO,"BIO-RAD LABORATORIES, INC.",3826,Laboratory Analytical Instruments,HERCULES,CA,94547
0001262823,WLK,WESTLAKE CORP,2860,Industrial Organic Chemicals,HOUSTON,TX,
0000851205,CGNX,COGNEX CORP,3823,"Industrial Instruments For Measurement, Display, and Control",NATICK,MA,01760
0002080126,FPS,"Forgent Power Solutions, Inc.",3620,Electrical Industrial Apparatus,COMMERCE,CA,90040
0000067347,MOD,MODINE MANUFACTURING CO,3714,Motor Vehicle Parts & Accessories,RACINE,WI,53403
0001815442,KYMR,"Kymera Therapeutics, Inc.",2836,"Biological Products, (No Diagnostic Substances)",WATERTOWN,MA,02472
0001568651,OSCR,"Oscar Health, Inc.",6324,Hospital & Medical Service Plans,NEW YORK,NY,10013
0001711279,KRYS,"Krystal Biotech, Inc.",2836,"Biological Products, (No Diagnostic Substances)",PITTSBURGH,PA,15203
0000917273,RMBS,RAMBUS INC,3674,Semiconductors & Related Devices,SAN JOSE,CA,95134
0000109380,ZION,"ZIONS BANCORPORATION, NATIONAL ASSOCIATION /UT/",6021,National Commercial Banks,SALT LAKE CITY,UT,84133
0001869198,LTH,"Life Time Group Holdings, Inc.",7997,Services-Membership Sports & Recreation Clubs,CHANHASSEN,MN,55317
0001858985,ONON,On Holding AG,3021,Rubber & Plastics Footwear,8005 ZURICH,V8,00000
0001599298,SMMT,Summit Therapeutics Inc.,2834,Pharmaceutical Preparations,MIAMI,FL,33131
0002052568,LGN,Legence Corp.,1700,Construction - Special Trade Contractors,SAN JOSE,CA,95133
0000030625,FLS,FLOWSERVE CORP,3561,Pumps & Pumping Equipment,IRVING,TX,75039
0000703351,EAT,"BRINKER INTERNATIONAL, INC",5812,Retail-Eating  Places,DALLAS,TX,75019
0001000228,HSIC,HENRY SCHEIN INC,5047,"Wholesale-Medical, Dental & Hospital Equipment & Supplies",MELVILLE,NY,11747
0000707179,ONB,OLD NATIONAL BANCORP /IN/,6021,National Commercial Banks,EVANSVILLE,IN,47708
0001521332,APTV,Aptiv PLC,3714,Motor Vehicle Parts & Accessories,SCHAFFHAUSEN,V8,8200
0000874015,IONS,IONIS PHARMACEUTICALS INC,2834,Pharmaceutical Preparations,CARLSBAD,CA,92010
0000913290,FRO,Frontline plc,4412,Deep Sea Foreign Transportation of  Freight,LIMASSOL,G4,3106
0001021635,OGE,OGE ENERGY CORP.,4911,Electric Services,OKLAHOMA CITY,OK,73101
0002080845,PAYP,PayPay Corp,7389,"Services-Business Services, NEC","YOTSUYA, SHINJUKU-KU",,160-0
0001766502,CHWY,"Chewy, Inc.",5961,Retail-Catalog & Mail-Order Houses,PLANTATION,FL,33322
0000938323,PSO,PEARSON PLC,2731,Books: Publishing or  Publishing & Printing,LONDON ENGLAND,X0,WC2R 
0001722482,AVTR,"Avantor, Inc.",3826,Laboratory Analytical Instruments,RADNOR,PA,19087
0001377121,PTGX,"Protagonist Therapeutics, Inc",2834,Pharmaceutical Preparations,NEWARK,CA,94560
0001611052,PCOR,"PROCORE TECHNOLOGIES, INC.",7372,Services-Prepackaged Software,CARPINTERIA,CA,93013
0000908937,SIRI,SIRIUS XM HOLDINGS INC.,4832,Radio Broadcasting Stations,NEW YORK,NY,10020
0001801368,MP,MP Materials Corp. / DE,1000,Metal Mining,LAS VEGAS,NV,89135
0001636519,MSGS,Madison Square Garden Sports Corp.,7990,Services-Miscellaneous Amusement & Recreation,NEW YORK,NY,10121
0001177702,SAIA,SAIA INC,4213,Trucking (No Local),JOHNS CREEK,GA,30097
0002100805,JAN,"Janus Living, Inc.",6798,Real Estate Investment Trusts,DENVER,CO,80237
0000085961,R,RYDER SYSTEM INC,7510,Services-Auto Rental & Leasing (No Drivers),MIAMI,FL,33134
0000912093,VIAV,VIAVI SOLUTIONS INC.,3674,Semiconductors & Related Devices,CHANDLER,AZ,85286
0000751978,VICR,VICOR CORP,3679,"Electronic Components, NEC",ANDOVER,MA,01810
0000315852,RRC,RANGE RESOURCES CORP,1311,Crude Petroleum & Natural Gas,FT WORTH,TX,76102
0001590717,CTRE,"CareTrust REIT, Inc.",6798,Real Estate Investment Trusts,DANA POINT,CA,92629
0000775158,OSK,OSHKOSH CORP,3711,Motor Vehicles & Passenger Car Bodies,OSHKOSH,WI,54902
0002078416,LLYVA,"Liberty Live Holdings, Inc.",7900,Services-Amusement & Recreation Services,ENGLEWOOD,CO,80112
0001636282,SYRE,"Spyre Therapeutics, Inc.",2834,Pharmaceutical Preparations,WALTHAM,MA,02453
0000891103,MTCH,"Match Group, Inc.",7370,"Services-Computer Programming, Data Processing, Etc.",DALLAS,TX,75231
0001298675,CUBE,CubeSmart,6798,Real Estate Investment Trusts,MALVERN,PA,19355
0000102729,VMI,VALMONT INDUSTRIES INC,3440,Fabricated Structural Metal Products,OMAHA,NE,68154
0000831641,TTEK,TETRA TECH INC,8711,Services-Engineering Services,PASADENA,CA,91107
0000917251,ADC,AGREE REALTY CORP,6798,Real Estate Investment Trusts,ROYAL OAK,MI,48073
0001015820,QGEN,QIAGEN N.V.,2836,"Biological Products, (No Diagnostic Substances)",PL VENLO,,5912 
0001692787,KNTK,Kinetik Holdings Inc.,4922,Natural Gas Transmission,HOUSTON,TX,77056
0002108185,AZBLY,Azbil Corporation/ADR,,,TOKYO,,100-0
0001475922,PRI,"Primerica, Inc.",6311,Life Insurance,DULUTH,GA,30099
0001443646,BAH,Booz Allen Hamilton Holding Corp,8742,Services-Management Consulting Services,MCLEAN,VA,22102
0001649094,PCVX,"Vaxcyte, Inc.",2836,"Biological Products, (No Diagnostic Substances)",SAN CARLOS,CA,94070
0001563190,COMP,"Compass, Inc.",6531,Real Estate Agents & Managers (For Others),NEW YORK,NY,10011
0001109354,BRKR,BRUKER CORP,3826,Laboratory Analytical Instruments,BILLERICA,MA,01821
0001764013,IMVT,"Immunovant, Inc.",2836,"Biological Products, (No Diagnostic Substances)",DURHAM,NC,27713
0001581068,BRX,Brixmor Property Group Inc.,6798,Real Estate Investment Trusts,NEW YORK,NY,10017
0001838413,YMM,Full Truck Alliance Co. Ltd.,7372,Services-Prepackaged Software,NANJING,,
0000851968,MHK,MOHAWK INDUSTRIES INC,2273,Carpets & Rugs,CALHOUN,GA,30701
0001034983,MINBY,MINEBEA MITSUMI Inc.,3670,Electronic Components & Accessories,TOKYO,M0,108-8
0001302215,HLI,"HOULIHAN LOKEY, INC.",6282,Investment Advice,LOS ANGELES,CA,90067
0001638826,TTAN,"ServiceTitan, Inc.",7372,Services-Prepackaged Software,GLENDALE,CA,91203
0001039399,FORM,FORMFACTOR INC,3674,Semiconductors & Related Devices,LIVERMORE,CA,94551
0001658247,CRNX,"Crinetics Pharmaceuticals, Inc.",2834,Pharmaceutical Preparations,SAN DIEGO,CA,92121
0000840489,FCFS,"FirstCash Holdings, Inc.",5900,Retail-Miscellaneous Retail,FORT WORTH,TX,76102
0002064953,SOLS,Solstice Advanced Materials Inc.,2800,Chemicals & Allied Products,MORRIS PLAINS,NJ,07950
0000006201,AAL,American Airlines Group Inc.,4512,"Air Transportation, Scheduled",FORT WORTH,TX,76155
0000893538,SM,SM Energy Co,1311,Crude Petroleum & Natural Gas,DENVER,CO,80203
0002083221,SPIIY,SPIE SA/ADR,,,ILE-DE-FRANCE,,95863
0001707753,ESTC,Elastic N.V.,7372,Services-Prepackaged Software,SAN FRANCISCO,CA,94105
0000892450,KT,KT CORP,4813,Telephone Communications (No Radiotelephone),KOREA M5,,
0001035443,ARE,"ALEXANDRIA REAL ESTATE EQUITIES, INC.",6798,Real Estate Investment Trusts,PASADENA,CA,91101
0001034670,ALV,AUTOLIV INC,3714,Motor Vehicle Parts & Accessories,OGDEN,UT,84405
0002006960,FOIL,Londian Wason New Energy Tech Inc.,3390,Miscellaneous Primary Metal Products,SHENZHEN,F4,51805
0001505880,PNDRY,Pandora A/S / ADR,8880,American Depositary Receipts,NEW YORK,NY,10271
0001040829,RHP,"Ryman Hospitality Properties, Inc.",6798,Real Estate Investment Trusts,NASHVILLE,TN,37214
0000751364,NNN,"NNN REIT, INC.",6798,Real Estate Investment Trusts,ORLANDO,FL,32801
0001535929,VOYA,"Voya Financial, Inc.",6311,Life Insurance,NEW YORK,NY,10166
0000091388,SFD,SMITHFIELD FOODS INC,2011,Meat Packing Plants,SMITHFIELD,VA,23430
0001068851,PB,PROSPERITY BANCSHARES INC,6022,State Commercial Banks,HOUSTON,TX,77027
0001822993,JXN,Jackson Financial Inc.,6311,Life Insurance,LANSING,MI,48951
0001405495,IDCC,"InterDigital, Inc.",6794,Patent Owners & Lessors,WILMINGTON,DE,19809
0000887343,COLB,"COLUMBIA BANKING SYSTEM, INC.",6022,State Commercial Banks,TACOMA,WA,98402
0001428336,HQY,"HEALTHEQUITY, INC.",7389,"Services-Business Services, NEC",DRAPER,UT,84020
0001564408,SNAP,Snap Inc,7370,"Services-Computer Programming, Data Processing, Etc.",SANTA MONICA,CA,90405
0001669162,KNSL,"Kinsale Capital Group, Inc.",6331,"Fire, Marine & Casualty Insurance",RICHMOND,VA,23230
0001212545,WAL,WESTERN ALLIANCE BANCORPORATION,6022,State Commercial Banks,PHOENIX,AZ,85004
0002062522,GWKSY,GAMES WORKSHOP GROUP PLC/ADR,,,NOTTINGHAM,X0,NG7 2
0001590714,ESI,Element Solutions Inc,2890,Miscellaneous Chemical Products,MIAMI BEACH,FL,33139
0000921825,FR,FIRST INDUSTRIAL REALTY TRUST INC,6798,Real Estate Investment Trusts,CHICAGO,IL,60606
0002107989,KERCY,Keisei Electric Railway Co. Ltd/ADR,,,ICHIKAWA CITY,,272-8
0001856525,CNM,"Core & Main, Inc.",5099,"Wholesale-Durable Goods, NEC",ST. LOUIS,MO,63146
0001866581,BROS,Dutch Bros Inc.,5810,Retail-Eating & Drinking Places,TEMPE,AZ,85281
0001581280,TWST,Twist Bioscience Corp,2836,"Biological Products, (No Diagnostic Substances)",SOUTH SAN FRANCISCO,CA,94080
0000098362,TKR,TIMKEN CO,3562,Ball & Roller Bearings,NORTH CANTON,OH,44720
0001282637,NEU,NEWMARKET CORP,2860,Industrial Organic Chemicals,RICHMOND,VA,23218
0000875357,BOKF,BOK FINANCIAL CORP,6021,National Commercial Banks,TULSA,OK,74172
0001604778,QRVO,"Qorvo, Inc.",3674,Semiconductors & Related Devices,GREENSBORO,NC,27409
0001073404,GGB,GERDAU S.A.,3310,"Steel Works, Blast Furnaces & Rolling & Finishing Mills","SAO PAULO, SP",,05425
0001571283,REXR,"Rexford Industrial Realty, Inc.",6798,Real Estate Investment Trusts,LOS ANGELES,CA,90025
0001786909,SBSW,Sibanye Stillwater Ltd,1040,Gold and Silver Ores,WELTEVREDEN PARK,T3,1709
0000091142,AOS,SMITH A O CORP,3630,Household Appliances,MILWAUKEE,WI,53224
0000896622,ATR,"APTARGROUP, INC.",3089,"Plastics Products, NEC",CRYSTAL LAKE,IL,60014
0001591698,PCTY,Paylocity Holding Corp,7372,Services-Prepackaged Software,SCHAUMBURG,IL,60173
0000022356,CBSH,COMMERCE BANCSHARES INC /MO/,6022,State Commercial Banks,KANSAS CITY,MO,64106
0000868857,ACM,AECOM,8711,Services-Engineering Services,DALLAS,TX,75240
0000915389,EMN,EASTMAN CHEMICAL CO,2821,"Plastic Materials, Synth Resins & Nonvulcan Elastomers",KINGSPORT,TN,37660
0001326110,IBRX,"ImmunityBio, Inc.",2836,"Biological Products, (No Diagnostic Substances)",SAN DIEGO,CA,92121
0001639438,CAVA,"CAVA GROUP, INC.",5812,Retail-Eating  Places,WASHINGTON,DC,20016
0001329394,SIMO,Silicon Motion Technology CORP,3674,Semiconductors & Related Devices,HONG KONG ISLAND,K3,000
0002025410,SARO,"StandardAero, Inc.",3724,Aircraft Engines & Engine Parts,SCOTTSDALE,AZ,85253
0000842162,LEA,LEAR CORP,3714,Motor Vehicle Parts & Accessories,SOUTHFIELD,MI,48033
0001826168,TIMB,TIM S.A.,4813,Telephone Communications (No Radiotelephone),"RIO DE JANEIRO, RJ",D5,22775
0002042694,PRMB,Primo Brands Corp,2080,Beverages,TAMPA,FL,33607
0001341766,CELH,"Celsius Holdings, Inc.",2086,Bottled & Canned Soft Drinks & Carbonated Waters,BOCA RATON,FL,33431
0001012019,RUSHA,RUSH ENTERPRISES INC \TX\,5500,Retail-Auto Dealers & Gasoline Stations,NEW BRAUNFELS,TX,78130
0001534504,PBF,PBF Energy Inc.,2911,Petroleum Refining,PARSIPPANY,NJ,07054
0001131383,STN,STANTEC INC,8711,Services-Engineering Services,EDMONTON,A0,00000
0001734722,PATH,"UiPath, Inc.",7372,Services-Prepackaged Software,NEW YORK,NY,10017
0001770787,TXG,"10x Genomics, Inc.",3826,Laboratory Analytical Instruments,PLEASANTON,CA,94588
0001617640,ZG,"ZILLOW GROUP, INC.",7389,"Services-Business Services, NEC",SEATTLE,WA,98101
0002064124,FIGR,"Figure Technology Solutions, Inc.",6163,Loan Brokers,RENO,NV,10018
0001023128,LAD,LITHIA MOTORS INC,5500,Retail-Auto Dealers & Gasoline Stations,MEDFORD,OR,97501
0000884614,UGI,UGI CORP /PA/,4932,Gas & Other Services Combined,KING OF PRUSSIA,PA,19406
0001584273,SNROY,"Sanrio Company, Ltd./ADR",,,NEW YORK,NY,10005
0000094845,LEVI,LEVI STRAUSS & CO,2300,Apparel & Other Finishd Prods of  Fabrics & Similar Matl,SAN FRANCISCO,CA,94111
0001057877,IDA,IDACORP INC,4911,Electric Services,BOISE,ID,83702
0001789832,HESM,Hess Midstream LP,1311,Crude Petroleum & Natural Gas,HOUSTON,TX,77002
0001520262,ALKS,Alkermes plc.,2834,Pharmaceutical Preparations,DUBLIN 4,L2,00000
0001439288,ZWS,Zurn Elkay Water Solutions Corp,3560,General Industrial Machinery & Equipment,MILWAUKEE,WI,53204
0001486159,CHRD,Chord Energy Corp,1311,Crude Petroleum & Natural Gas,HOUSTON,TX,77002
0000059558,LNC,LINCOLN NATIONAL CORP,6311,Life Insurance,RADNOR,PA,19087
0001726122,CEF,Sprott Physical Gold & Silver Trust,6221,Commodity Contracts Brokers & Dealers,TORONTO,A6,M5J 2
0001289419,MORN,"Morningstar, Inc.",6282,Investment Advice,CHICAGO,IL,60602
0001173382,CAE,CAE INC,3690,"Miscellaneous Electrical Machinery, Equipment & Supplies",ST-LAURENT,A8,H4T 1
0001567683,CWEN,"Clearway Energy, Inc.",4911,Electric Services,PRINCETON,NJ,08540
0001326380,GME,GameStop Corp.,5734,Retail-Computer & Computer Software Stores,GRAPEVINE,TX,76051
0002019061,SOBO,South Bow Corp,4610,Pipe Lines (No Natural Gas),CALGARY,,T2P 1
0001368622,AVAV,AeroVironment Inc,3721,Aircraft,ARLINGTON,VA,22202
0000070145,NFG,NATIONAL FUEL GAS CO,4924,Natural Gas Distribution,WILLIAMSVILLE,NY,14221
0001041792,ELPC,ENERGY CO OF PARANA,4911,Electric Services,FEDERATIVE REPUBLIC,,
0000913760,SNEX,StoneX Group Inc.,6200,"Security & Commodity Brokers, Dealers, Exchanges & Services",NEW YORK,NY,10169
0001000377,VBREY,Vibra Energia S.A./ADR,8880,American Depositary Receipts,NEW YORK,NY,10179
0000024545,TAP,MOLSON COORS BEVERAGE CO,2082,Malt Beverages,GOLDEN,CO,80401
0001787425,XP,XP Inc.,6211,"Security Brokers, Dealers & Flotation Companies","GRAND CAYMAN, GEORGE TOWN",E9,KY-1-
0001144879,APLD,Applied Digital Corp.,7374,Services-Computer Processing & Data Preparation,DALLAS,TX,75219
0001083301,WULF,TERAWULF INC.,6199,Finance Services,EASTON,MD,21601
0000714310,VLY,VALLEY NATIONAL BANCORP,6021,National Commercial Banks,NEW YORK,NY,10119
0001762506,VIST,"Vista Energy, S.A.B. de C.V.",1311,Crude Petroleum & Natural Gas,MEXICO CITY,,06500
0001001316,TGTX,"TG THERAPEUTICS, INC.",2834,Pharmaceutical Preparations,NEW YORK,NY,10014
0000023217,CAG,CONAGRA BRANDS INC.,2000,Food and Kindred Products,CHICAGO,IL,60654
0000944695,THG,"HANOVER INSURANCE GROUP, INC.",6331,"Fire, Marine & Casualty Insurance",WORCESTER,MA,01653
0001836833,PL,Planet Labs PBC,3663,Radio & Tv Broadcasting & Communications Equipment,SAN FRANCISCO,CA,94107
0001433195,APPF,APPFOLIO INC,7372,Services-Prepackaged Software,SANTA BARBARA,CA,93117
0000920371,SSD,"Simpson Manufacturing Co., Inc.",3420,"Cutlery, Handtools & General Hardware",PLEASANTON,CA,94588
0000899689,VNO,VORNADO REALTY TRUST,6798,Real Estate Investment Trusts,NEW YORK,NY,10019
0001167419,RIOT,"Riot Platforms, Inc.",6199,Finance Services,CASTLE ROCK,CO,80104
0001616862,AXTA,Axalta Coating Systems Ltd.,2851,"Paints, Varnishes, Lacquers, Enamels & Allied Prods",PHILADELPHIA,PA,19112
0001849056,OKLO,Oklo Inc.,4911,Electric Services,SANTA CLARA,CA,95054
0002065601,CBC,"Central Bancompany, Inc.",,,JEFFERSON CITY,MO,65101
0000007431,AWI,ARMSTRONG WORLD INDUSTRIES INC,3089,"Plastics Products, NEC",LANCASTER,PA,17603
0001316835,BLDR,"Builders FirstSource, Inc.",5211,Retail-Lumber & Other Building Materials Dealers,IRVING,TX,75039
0001513761,NCLH,Norwegian Cruise Line Holdings Ltd.,4400,Water Transportation,MIAMI,FL,33126
0001910139,MBLY,Mobileye Global Inc.,7372,Services-Prepackaged Software,JERUSALEM,,
0001773751,HIMS,"Hims & Hers Health, Inc.",8011,Services-Offices & Clinics of  Doctors of  Medicine,SAN FRANCISCO,CA,94123
0001370637,ETSY,ETSY INC,7389,"Services-Business Services, NEC",BROOKLYN,NY,11201
0001648512,SHMXY,Shimadzu Corporation/ADR,,,KYOTO,M0,604-8
0001649904,RYTM,"RHYTHM PHARMACEUTICALS, INC.",2834,Pharmaceutical Preparations,BOSTON,MA,02116
0001476150,TRNO,Terreno Realty Corp,6500,Real Estate,SAN FRANCISCO,CA,94104
0001895262,NE,Noble Corp plc,1381,Drilling Oil & Gas Wells,HOUSTON,TX,77042
0000802481,PPC,PILGRIMS PRIDE CORP,2015,Poultry Slaughtering and Processing,GREELEY,CO,80634
0001467623,DBX,"DROPBOX, INC.",7372,Services-Prepackaged Software,SAN FRANCISCO,CA,94105
0000921638,SSRM,SSR MINING INC.,6795,Mineral Royalty Traders,DENVER,CO,80237
0000277509,FSS,FEDERAL SIGNAL CORP /DE/,3711,Motor Vehicles & Passenger Car Bodies,DOWNERS GROVE,IL,60515
0001819848,JOBY,"Joby Aviation, Inc.",3721,Aircraft,SANTA CRUZ,CA,95060
0001679273,LW,"Lamb Weston Holdings, Inc.",2030,"Canned, Frozen & Preservd Fruit, Veg & Food Specialties",EAGLE,ID,83616
0000056047,KEX,KIRBY CORP,4400,Water Transportation,HOUSTON,TX,77007
0000866706,ESE,ESCO TECHNOLOGIES INC,3669,"Communications Equipment, NEC",ST. LOUIS,MO,63141
0001472787,FAF,First American Financial Corp,6361,Title Insurance,SANTA ANA,CA,92707
0001285785,MOS,MOSAIC CO,2870,Agricultural Chemicals,TAMPA,FL,33602
0002088896,XE,"X-Energy, Inc.",3443,Fabricated Plate Work (Boiler Shops),WILMINGTON,DE,19808
0000097216,TEX,TEREX CORP,3537,"Industrial Trucks, Tractors, Trailors & Stackers",NORWALK,CT,06851
0000066570,MSA,MSA Safety Inc,3842,"Orthopedic, Prosthetic & Surgical Appliances & Supplies",CRANBERRY TOWNSHIP,PA,16066
0001038074,SLAB,SILICON LABORATORIES INC.,3674,Semiconductors & Related Devices,AUSTIN,TX,78701
0001639723,NAVN,"Navan, Inc.",7372,Services-Prepackaged Software,PALO ALTO,CA,94306
0001626115,PJT,PJT Partners Inc.,6282,Investment Advice,NEW YORK,NY,10017
0001468642,AUGO,Aura Minerals Inc.,1000,Metal Mining,ROAD TOWN TORTOLA,D8,00000
0000912242,MAC,MACERICH CO,6798,Real Estate Investment Trusts,SANTA MONICA,CA,90401
0001968378,BCHMY,Bachem Holding AG/ADR,,,BUBENDORF,V8,4416
0001214816,AXS,AXIS CAPITAL HOLDINGS LTD,6331,"Fire, Marine & Casualty Insurance",PEMBROKE,,HM 08
0002098425,BJGPY,"Beijing Geekplus Technology Co., Ltd./ADR",,,BEIJING,,00000
0001913510,VFS,VinFast Auto Ltd.,3711,Motor Vehicles & Passenger Car Bodies,SINGAPORE,U0,06889
0001520006,MTDR,Matador Resources Co,1311,Crude Petroleum & Natural Gas,DALLAS,TX,75240
0001021860,NOV,NOV Inc.,3533,Oil & Gas Field Machinery & Equipment,HOUSTON,TX,77042
0001479094,STAG,"STAG Industrial, Inc.",6798,Real Estate Investment Trusts,BOSTON,MA,02110
0000880266,AGCO,AGCO CORP /DE,3523,Farm Machinery & Equipment,DULUTH,GA,30096
0000310522,FNMA,FEDERAL NATIONAL MORTGAGE ASSOCIATION FANNIE MAE,6111,Federal & Federally-Sponsored Credit Agencies,WASHINGTON,DC,20005
0000008858,AVT,AVNET INC,5065,"Wholesale-Electronic Parts & Equipment, NEC",TEMPE,AZ,85284
0001575515,SFM,"Sprouts Farmers Market, Inc.",5411,Retail-Grocery Stores,PHOENIX,AZ,85054
0001584207,OMF,"OneMain Holdings, Inc.",6141,Personal Credit Institutions,EVANSVILLE,IN,47708
0001739445,ACA,"Arcosa, Inc.",3440,Fabricated Structural Metal Products,DALLAS,TX,75201
0001583708,S,"SentinelOne, Inc.",7372,Services-Prepackaged Software,MOUNTAIN VIEW,CA,94041
0000717605,HXL,HEXCEL CORP /DE/,2821,"Plastic Materials, Synth Resins & Nonvulcan Elastomers",STAMFORD,CT,06901
0000080420,POWL,POWELL INDUSTRIES INC,3613,Switchgear & Switchboard Apparatus,HOUSTON,TX,77075
0000100591,AGX,ARGAN INC,1700,Construction - Special Trade Contractors,ARLINGTON,VA,22203
0002040127,KRMN,Karman Holdings Inc.,3728,"Aircraft Parts & Auxiliary Equipment, NEC",HUNTINGTON BEACH,CA,92649
0001653482,GTLB,Gitlab Inc.,7372,Services-Prepackaged Software,SAN FRANCISCO,CA,94104
0002041385,RAL,Ralliant Corp,3823,"Industrial Instruments For Measurement, Display, and Control",RALEIGH,NC,27609
0001842827,BZ,Kanzhun Ltd,7370,"Services-Computer Programming, Data Processing, Etc.",BEIJING,,
0000019584,CHE,CHEMED CORP,8082,Services-Home Health Care Services,CINCINNATI,OH,45202
0001429937,BTG,B2GOLD CORP,1040,Gold and Silver Ores,VANCOUVER,A1,V6C 2
0001433642,HLNE,Hamilton Lane INC,6282,Investment Advice,CONSHOHOCKEN,PA,19428
0002068440,LPGCY,Laopu Gold Co. Ltd./ADR,,,BEIJING,,10001
0001124198,FLR,FLUOR CORP,1600,Heavy Construction Other Than Bldg Const - Contractors,IRVING,TX,75039
0002001184,PACS,"PACS Group, Inc.",8051,Services-Skilled Nursing Care Facilities,SALT LAKE CITY,UT,84101
0002000178,LOAR,Loar Holdings Inc.,3728,"Aircraft Parts & Auxiliary Equipment, NEC",WHITE PLAINS,NY,10604
0001750264,MAAS,Maase Inc.,6282,Investment Advice,"CHENGDU SICHUAN PROVINCE, PRC",,
0000907654,ORKA,"Oruka Therapeutics, Inc.",2834,Pharmaceutical Preparations,MENLO PARK,CA,94025
0001109138,CAMT,CAMTEK LTD,3827,Optical Instruments & Lenses,MIGDAL HAEMEK,,
0001723690,BILI,Bilibili Inc.,7374,Services-Computer Processing & Data Preparation,SHANGHAI,,
0001094972,UGP,ULTRAPAR HOLDINGS INC,4924,Natural Gas Distribution,SP BRAZIL 01350-900,D5,
0002019410,CAI,"Caris Life Sciences, Inc.",8071,Services-Medical Laboratories,IRVING,TX,75039
0001673743,HNGE,"Hinge Health, Inc.",7374,Services-Computer Processing & Data Preparation,SAN FRANCISCO,CA,94105
0000945841,POOL,POOL CORP,5090,Wholesale-Misc Durable Goods,COVINGTON,LA,70433
0001856437,VSXY,Victoria's Secret & Co.,5621,Retail-Women's Clothing Stores,REYNOLDSBURG,OH,43068
0001570827,VCTR,"Victory Capital Holdings, Inc.",6282,Investment Advice,BROOKLYN,OH,44144
0001510599,PDI,PIMCO Dynamic Income Fund,,,NEW YORK,NY,10019
0001851003,ZETA,Zeta Global Holdings Corp.,7372,Services-Prepackaged Software,NEW YORK,NY,10016
0001907982,QBTS,D-Wave Quantum Inc.,7374,Services-Computer Processing & Data Preparation,PALO ALTO,CA,94303
0001529192,VIPS,Vipshop Holdings Ltd,5961,Retail-Catalog & Mail-Order Houses,Guangzhou,,51033
0001114700,GGAL,GRUPO FINANCIERO GALICIA SA,6029,"Commercial Banks, NEC",BUENOS AIRES,C1,CP103
0000866291,ALGM,"ALLEGRO MICROSYSTEMS, INC.",3674,Semiconductors & Related Devices,MANCHESTER,NH,03103
0001991792,CGON,"CG Oncology, Inc.",2836,"Biological Products, (No Diagnostic Substances)",DALLAS,TX,75247
0001835963,GLBE,Global-E Online Ltd.,7372,Services-Prepackaged Software,PETAH,L3,49510
0001470419,ESYJY,easyJet plc,,,,,
0001289308,ENS,EnerSys,3690,"Miscellaneous Electrical Machinery, Equipment & Supplies",READING,PA,19605
0001823529,ACT,"Enact Holdings, Inc.",6411,"Insurance Agents, Brokers & Service",RALEIGH,NC,27615
0001487326,OGC,OceanaGold Corp,1000,Metal Mining,VANCOUVER,,V6C 3
0001309108,WEX,WEX Inc.,7389,"Services-Business Services, NEC",PORTLAND,ME,04101
0001829726,TFPM,Triple Flag Precious Metals Corp.,6795,Mineral Royalty Traders,TORONTO,A6,M5J 2
0001728951,EPRT,"ESSENTIAL PROPERTIES REALTY TRUST, INC.",6798,Real Estate Investment Trusts,PRINCETON,NJ,
0001698990,MGY,Magnolia Oil & Gas Corp,1311,Crude Petroleum & Natural Gas,HOUSTON,TX,77046
0001698535,NXE,NexGen Energy Ltd.,1090,Miscellaneous Metal Ores,VANCOUVER,,V6E 0
0001562088,DUOL,"Duolingo, Inc.",7372,Services-Prepackaged Software,PITTSBURGH,PA,15206
0001046257,INGR,Ingredion Inc,2040,Grain Mill Products,WESTCHESTER,IL,60154
0001360604,HR,Healthcare Realty Trust Inc,6798,Real Estate Investment Trusts,NASHVILLE,TN,37203
0002107018,DPC,DPC Holdings PLC,3360,Nonferrous Foundries (Castings),DERBY,,DE742
0001296445,ORA,"ORMAT TECHNOLOGIES, INC.",4911,Electric Services,RENO,NV,89511
0001727196,SRRK,Scholar Rock Holding Corp,2836,"Biological Products, (No Diagnostic Substances)",CAMBRIDGE,MA,02142
0001819989,CIFR,Cipher Digital Inc.,6199,Finance Services,NEW YORK,NY,10017
0001995807,LB,LandBridge Co LLC,6792,Oil Royalty Traders,HOUSTON,TX,77056
0001878057,SGHC,Super Group (SGHC) Ltd,7990,Services-Miscellaneous Amusement & Recreation,ST. PETER PORT,Y7,GY1 2
0001451505,RIG,Transocean Ltd.,1381,Drilling Oil & Gas Wells,STEINHAUSEN,V8,6312
0001164863,NPO,Enpro Inc.,3050,"Gaskets, Packg & Sealg Devices & Rubber & Plastics Hose",CHARLOTTE,NC,28209
0001050140,DSGX,DESCARTES SYSTEMS GROUP INC,7372,Services-Prepackaged Software,WATERLOO,A6,N2V 1
0001692115,SWX,"Southwest Gas Holdings, Inc.",4923,Natural Gas Transmisison & Distribution,LAS VEGAS,NV,89113
0002041918,LOTMY,Lottomatica Group S.p.A./ADR,,,ROME,L6,00163
0000350698,AN,"AUTONATION, INC.",5500,Retail-Auto Dealers & Gasoline Stations,FORT LAUDERDALE,FL,33301
0000824142,AAON,"AAON, INC.",3585,Air-Cond & Warm Air Heatg Equip & Comm & Indl Refrig Equip,TULSA,OK,74107
0001526125,GDS,GDS Holdings Ltd,7370,"Services-Computer Programming, Data Processing, Etc.",SHANGHAI,,20013
0000037808,FNB,FNB CORP/PA/,6021,National Commercial Banks,PITTSBURGH,PA,15219
0001627272,OR,OR Royalties Inc.,1040,Gold and Silver Ores,MONTREAL,,
0001718512,GTES,Gates Industrial Corp Ltd.,3560,General Industrial Machinery & Equipment,DENVER,CO,80202
0002084022,SFGYY,Sony Financial Group Inc./ADR,,,NEW YORK,NY,10179
0000012659,HRB,H&R BLOCK INC,7200,Services-Personal Services,KANSAS CITY,MO,64105
0001065696,LKQ,LKQ CORP,5010,Wholesale-Motor Vehicles & Motor Vehicle Parts & Supplies,ANTIOCH,TN,37013
0001603923,WFRD,Weatherford International plc,3533,Oil & Gas Field Machinery & Equipment,HOUSTON,TX,77056
0001521036,LNTH,"Lantheus Holdings, Inc.",2835,In Vitro & In Vivo Diagnostic Substances,NORTH BILLERICA,MA,01862
0001759509,LYFT,"Lyft, Inc.",7389,"Services-Business Services, NEC",SAN FRANCISCO,CA,94107
0001580905,IBP,"Installed Building Products, Inc.",1520,General Bldg Contractors - Residential Bldgs,COLUMBUS,OH,
0000729986,UBSI,UNITED BANKSHARES INC/WV,6022,State Commercial Banks,CHARLESTON,WV,25301
0000003453,MATX,"Matson, Inc.",4400,Water Transportation,HONOLULU,HI,96819
0001889109,BLTE,"BELITE BIO, INC",2834,Pharmaceutical Preparations,SAN DIEGO,CA,92130
0000020212,CHDN,Churchill Downs Inc,7948,"Services-Racing, Including Track Operation",LOUISVILLE,KY,40222
0002090312,MBGL,Mobility Global Inc.,7389,"Services-Business Services, NEC",RESTON,VA,20190
0001504764,AVAL,Grupo Aval Acciones Y Valores S.A.,6029,"Commercial Banks, NEC",Bogota D.C.,F8,00000
0000785786,PLXS,PLEXUS CORP,3672,Printed Circuit Boards,NEENAH,WI,54956
0002015845,ECG,"Everus Construction Group, Inc.",1531,Operative Builders,BISMARCK,ND,58503
0001819576,LQDA,Liquidia Corp,2834,Pharmaceutical Preparations,MORRISVILLE,NC,27560
0000876437,MTG,MGIC INVESTMENT CORP,6351,Surety Insurance,MILWAUKEE,WI,53202
0001107843,QLYS,"QUALYS, INC.",7372,Services-Prepackaged Software,FOSTER CITY,CA,94404
0001718227,ROAD,"Construction Partners, Inc.",1600,Heavy Construction Other Than Bldg Const - Contractors,DOTHAN,AL,36303
0001796022,STEP,StepStone Group Inc.,6282,Investment Advice,NEW YORK,NY,10172
0001062579,DOX,AMDOCS LTD,7371,Services-Computer Programming Services,ST. PETER PORT,,
0002079706,MBSHY,"Mitsubishi Gas Chemical Company, Inc./ADR",,,TOKYO,,100-8
0001637810,FSV,FirstService Corp,6500,Real Estate,TORONTO,A6,M5R 2
0001398659,G,Genpact LTD,8742,Services-Management Consulting Services,HAMILTON,D0,HM 12
0001897762,INGM,Ingram Micro Holding Corp,5045,Wholesale-Computers & Peripheral Equipment & Software,IRVINE,CA,92612
0001465128,STWD,"STARWOOD PROPERTY TRUST, INC.",6798,Real Estate Investment Trusts,MIAMI BEACH,FL,33139
0001370418,SLFPY,STANDARD LIFE PLC,,,EDINBURGH EH1 2DH 0131,X0,00000
0000918646,EXP,EAGLE MATERIALS INC,3241,"Cement, Hydraulic",DALLAS,TX,75225
0000853816,LSTR,LANDSTAR SYSTEM INC,4213,Trucking (No Local),JACKSONVILLE,FL,32224
0001793659,RSI,"Rush Street Interactive, Inc.",7990,Services-Miscellaneous Amusement & Recreation,CHICAGO,IL,60611
0001671933,TTD,"Trade Desk, Inc.",7370,"Services-Computer Programming, Data Processing, Etc.",VENTURA,CA,93001
0001791863,BEPC,Brookfield Renewable Corp,4911,Electric Services,NEW YORK,NY,10281
0001448893,ESNT,Essent Group Ltd.,6351,Surety Insurance,HAMILTON,D0,HM 11
0000040211,GATX,GATX CORP,4700,Transportation Services,CHICAGO,IL,60606
0001653653,RRR,"Red Rock Resorts, Inc.",7011,Hotels & Motels,LAS VEGAS,NV,89135
0001723128,AMRX,"Amneal Pharmaceuticals, Inc.",2834,Pharmaceutical Preparations,,,
0000912615,URBN,URBAN OUTFITTERS INC,5651,Retail-Family Clothing Stores,PHILADELPHIA,PA,19112
0001581990,PAGP,PLAINS GP HOLDINGS LP,4610,Pipe Lines (No Natural Gas),HOUSTON,TX,77002
0000868671,GBCI,"GLACIER BANCORP, INC.",6022,State Commercial Banks,KALISPELL,MT,59901
0000018926,LUMN,"Lumen Technologies, Inc.",4813,Telephone Communications (No Radiotelephone),MONROE,LA,71203
0000314808,VAL,Valaris Ltd,1381,Drilling Oil & Gas Wells,HAMILTON,,HM 08
0001860742,BLCO,Bausch & Lomb Corp,3851,Ophthalmic Goods,VAUGHAN,A6,L4K 4
0000885550,CACC,CREDIT ACCEPTANCE CORP,6141,Personal Credit Institutions,SOUTHFIELD,MI,48034
0000790526,RDNT,"RadNet, Inc.",8071,Services-Medical Laboratories,LOS ANGELES,CA,90025
0001784570,BETA,"BETA Technologies, Inc.",3721,Aircraft,SOUTH BURLINGTON,VT,05403
0001622229,COGT,"Cogent Biosciences, Inc.",2834,Pharmaceutical Preparations,WALTHAM,MA,
0001477294,ST,Sensata Technologies Holding plc,3823,"Industrial Instruments For Measurement, Display, and Control",SWINDON,X0,SN4 8
0001659939,ENIC,Enel Chile S.A.,4911,Electric Services,SANTIAGO,F3,00000
0001692063,SNDR,"Schneider National, Inc.",4213,Trucking (No Local),GREEN BAY,WI,54313
0001767042,KGS,"Kodiak Gas Services, Inc.",4922,Natural Gas Transmission,THE WOODLANDS,TX,77380
0001730430,KNSA,"Kiniksa Pharmaceuticals International, plc",2834,Pharmaceutical Preparations,LONDON,,W1J 7
0001849853,STVN,Stevanato Group S.p.A.,3841,Surgical & Medical Instruments & Apparatus,PADUA,,35017
0001331520,HOMB,HOME BANCSHARES INC,6022,State Commercial Banks,CONWAY,AR,72032
0000750577,HWC,HANCOCK WHITNEY CORP,6022,State Commercial Banks,GULFPORT,MS,39501
0001690585,DNTH,"Dianthus Therapeutics, Inc. /DE/",2834,Pharmaceutical Preparations,NEW YORK,NY,10036
0001813814,DFTX,"Definium Therapeutics, Inc.",2833,Medicinal Chemicals & Botanical Products,NEW YORK,NY,10007
0001454144,ERELY,Eregli Demir ve Celik Fabrikalari TAS/ADR,,,NEW YORK,NY,10036
0000764065,CLF,CLEVELAND-CLIFFS INC.,1000,Metal Mining,CLEVELAND,OH,44114
0001438533,TVTX,"Travere Therapeutics, Inc.",2834,Pharmaceutical Preparations,SAN DIEGO,CA,92130
0001590895,CZR,"Caesars Entertainment, Inc.",7011,Hotels & Motels,RENO,NV,89501
0000102752,VSEC,VSE CORP,8711,Services-Engineering Services,MIRAMAR,FL,33025
0001529864,ENVA,"Enova International, Inc.",6141,Personal Credit Institutions,CHICAGO,IL,60604
0001433660,JBTM,JBT MAREL Corp,3550,Special Industry Machinery (No Metalworking Machinery),CHICAGO,IL,60606
0001978954,TBBB,BBB FOODS INC,5411,Retail-Grocery Stores,MEXICO CITY,O5,11560
0000084246,RLI,RLI CORP,6331,"Fire, Marine & Casualty Insurance",PEORIA,IL,61615
0001308547,DLB,"Dolby Laboratories, Inc.",6794,Patent Owners & Lessors,SAN FRANCISCO,CA,94103
0001761918,ERAS,"Erasca, Inc.",2834,Pharmaceutical Preparations,SAN DIEGO,CA,92121
0001002638,OTEX,OPEN TEXT CORP,7373,Services-Computer Integrated Systems Design,ONTARIO CANADA,A6,N2L 0
0000794367,M,"Macy's, Inc.",5311,Retail-Department Stores,NEW YORK,NY,10001
0000784977,POR,PORTLAND GENERAL ELECTRIC CO /OR/,4911,Electric Services,PORTLAND,OR,97204
0001108426,TXNM,TXNM ENERGY INC,4911,Electric Services,ALBUQUERQUE,NM,87102
0001759425,MIRM,"Mirum Pharmaceuticals, Inc.",2834,Pharmaceutical Preparations,FOSTER CITY,CA,94404
0001615903,IFS,Intercorp Financial Services Inc.,6029,"Commercial Banks, NEC",LIMA,R5,LIMA 
0001003935,NICE,NICE Ltd.,7372,Services-Prepackaged Software,RA'ANANA,L3,43107
0001830918,MAUTF,Montage Gold Corp.,,,VANCOUVER,A1,V6C 3
0001070081,PTCT,"PTC THERAPEUTICS, INC.",2834,Pharmaceutical Preparations,WARREN,NJ,07059
0001288469,MXL,"MAXLINEAR, INC",3674,Semiconductors & Related Devices,CARLSBAD,CA,92008
0001334036,CROX,"Crocs, Inc.",3021,Rubber & Plastics Footwear,BROOMFIELD,CO,80021
0000911177,CWST,CASELLA WASTE SYSTEMS INC,4953,Refuse Systems,RUTLAND,VT,05701
0000906553,BYD,BOYD GAMING CORP,7011,Hotels & Motels,LAS VEGAS,NV,89118
0000883948,AUB,Atlantic Union Bankshares Corp,6022,State Commercial Banks,GLEN ALLEN,VA,23060
0001856314,YOU,"Clear Secure, Inc.",7372,Services-Prepackaged Software,NEW YORK,NY,10011
0001507079,FND,"Floor & Decor Holdings, Inc.",5211,Retail-Lumber & Other Building Materials Dealers,ATLANTA,GA,30339
0001516324,BTDPY,Barratt Developments PLC/ADR,,,NEW YORK,NY,10271
0000772406,CRUS,"CIRRUS LOGIC, INC.",3674,Semiconductors & Related Devices,AUSTIN,TX,78701
0002065636,MWH,"SOLV Energy, Inc.",1600,Heavy Construction Other Than Bldg Const - Contractors,SAN DIEGO,CA,92127
0001839341,CORZ,"Core Scientific, Inc./tx",6199,Finance Services,DOVER,DE,19904
0002044984,ARSTY,Ariston Holding N.V./ADR,,,MILAN,L6,20121
0001600033,ELF,"e.l.f. Beauty, Inc.",2844,"Perfumes, Cosmetics & Other Toilet Preparations",OAKLAND,CA,
0000007789,ASB,ASSOCIATED BANC-CORP,6022,State Commercial Banks,GREEN BAY,WI,54301
0000351569,ABCB,Ameris Bancorp,6022,State Commercial Banks,ATLANTA,GA,30305
0001654795,BBUC,Brookfield Business Partners L.P.,1700,Construction - Special Trade Contractors,HAMILTON,,
0001646972,ACI,"Albertsons Companies, Inc.",5411,Retail-Grocery Stores,BOISE,ID,83706
0001582313,XENE,Xenon Pharmaceuticals Inc.,2834,Pharmaceutical Preparations,BURNABY,,
0001345105,CPA,"Copa Holdings, S.A.",4512,"Air Transportation, Scheduled",PANAMA CITY,R1,00000
0002063196,NTSK,Netskope Inc,7372,Services-Prepackaged Software,SANTA CLARA,CA,95054
0001495153,MMYT,MakeMyTrip Ltd,4700,Transportation Services,GURGAON,K7,12200
0001736035,BXSL,Blackstone Secured Lending Fund,,,NEW YORK,NY,10154
0000009326,BCPC,BALCHEM CORP,2800,Chemicals & Allied Products,MONTVALE,NJ,07645
0000096943,TFX,TELEFLEX INC,3841,Surgical & Medical Instruments & Apparatus,WAYNE,PA,19087
0000091767,SON,SONOCO PRODUCTS CO,2650,Paperboard Containers & Boxes,HARTSVILLE,SC,29551
0001142417,NXST,"NEXSTAR MEDIA GROUP, INC.",4833,Television Broadcasting Stations,IRVING,TX,75062
0001977102,BIRK,Birkenstock Holding plc,3140,"Footwear, (No Rubber)",LONDON,,W1J 6
0000886163,LGND,LIGAND PHARMACEUTICALS INC,2834,Pharmaceutical Preparations,SAN DIEGO,CA,92121
0001278021,MKTX,MARKETAXESS HOLDINGS INC,6211,"Security Brokers, Dealers & Flotation Companies",NEW YORK,NY,10001
0000310142,SXT,SENSIENT TECHNOLOGIES CORP,2860,Industrial Organic Chemicals,MILWAUKEE,WI,53202
0001556593,RITM,Rithm Capital Corp.,6798,Real Estate Investment Trusts,New York,NY,10003
0001795250,SPHR,Sphere Entertainment Co.,7900,Services-Amusement & Recreation Services,NEW YORK,NY,10121
0000806968,WPP,WPP plc,7311,Services-Advertising Agencies,LONDON,X0,SE1 9
0001389050,AROC,"Archrock, Inc.",4922,Natural Gas Transmission,HOUSTON,TX,77024
0001297989,EXLS,"ExlService Holdings, Inc.",7389,"Services-Business Services, NEC",NEW YORK,NY,10022
0001049521,MRCY,MERCURY SYSTEMS INC,3670,Electronic Components & Accessories,ANDOVER,MA,01810
0001130464,BKH,BLACK HILLS CORP /SD/,4911,Electric Services,RAPID CITY,SD,57709
0001674416,CRSP,CRISPR Therapeutics AG,2836,"Biological Products, (No Diagnostic Substances)",ZUG,,
0000910073,FLG,"FLAGSTAR BANK, NATIONAL ASSOCIATION",6036,"Savings Institutions, Not Federally Chartered",HICKSVILLE,NY,11801
0002062583,MMED,"MiniMed Group, Inc.",3841,Surgical & Medical Instruments & Apparatus,NORTHRIDGE,CA,91325
0001476204,PECO,"Phillips Edison & Company, Inc.",6798,Real Estate Investment Trusts,CINCINNATI,OH,45249
0001727263,FTDR,"Frontdoor, Inc.",7340,Services-To Dwellings & Other Buildings,MEMPHIS,TN,38125
0001655888,OBDC,Blue Owl Capital Corp,,,NEW YORK,NY,10022
0000356309,NJR,NEW JERSEY RESOURCES CORP,4924,Natural Gas Distribution,WALL,NJ,07719
0001722684,WH,"WYNDHAM HOTELS & RESORTS, INC.",7011,Hotels & Motels,PARSIPPANY,NJ,07054
0002065708,ANDG,Andersen Group Inc.,7389,"Services-Business Services, NEC",SAN FRANCISCO,CA,94104
0001699136,WHD,"Cactus, Inc.",3533,Oil & Gas Field Machinery & Equipment,HOUSTON,TX,77024
0002093907,RKGRY,RENK Group AG/ADR,,,AUGSBURG,,86150
0001076930,NOVT,NOVANTA INC,3690,"Miscellaneous Electrical Machinery, Equipment & Supplies",BEDFORD,MA,01730
0001352010,EPAM,"EPAM Systems, Inc.",7371,Services-Computer Programming Services,NEWTOWN,PA,18940
0001822479,SHC,Sotera Health Co,8090,"Services-Misc Health & Allied Services, NEC",BROADVIEW HEIGHTS,OH,44147
0001013857,PEGA,PEGASYSTEMS INC,7374,Services-Computer Processing & Data Preparation,WALTHAM,MA,02451
0001384905,RNG,"RingCentral, Inc.",7374,Services-Computer Processing & Data Preparation,BELMONT,CA,94002
0001438569,GRFS,Grifols SA,2834,Pharmaceutical Preparations,NEW YORK,NY,10036
0000861459,GVA,GRANITE CONSTRUCTION INC,1600,Heavy Construction Other Than Bldg Const - Contractors,WATSONVILLE,CA,95076
0000913353,CIGI,Colliers International Group Inc.,6500,Real Estate,TORONTO,A6,M5S 2
0001169561,CVLT,COMMVAULT SYSTEMS INC,7372,Services-Prepackaged Software,TINTON FALLS,NJ,07724
0001592386,VIRT,"Virtu Financial, Inc.",6211,"Security Brokers, Dealers & Flotation Companies",NEW YORK,NY,10019
0001396440,MAIN,Main Street Capital CORP,,,HOUSTON,TX,77056
0001697500,SEI,"Solaris Energy Infrastructure, Inc.",3533,Oil & Gas Field Machinery & Equipment,HOUSTON,TX,77024
0000103379,VFC,V F CORP,2320,"Men's & Boys' Furnishgs, Work Clothg, & Allied Garments",DENVER,CO,80202
0002054696,NIQ,NIQ Global Intelligence plc,7370,"Services-Computer Programming, Data Processing, Etc.",CHICAGO,IL,60606
0001691303,HCC,"WARRIOR MET COAL, INC.",1220,Silver Ores,BROOKWOOD,AL,35444
0001299709,AX,"Axos Financial, Inc.",6035,"Savings Institution, Federally Chartered",LAS VEGAS,NV,89148
0001680062,ACMR,"ACM Research, Inc.",3559,"Special Industry Machinery, NEC",FREMONT,CA,94539
0000717423,MUR,MURPHY OIL CORP,1311,Crude Petroleum & Natural Gas,HOUSTON,TX,77024
0001786431,REYN,Reynolds Consumer Products Inc.,2673,"Plastics, Foil & Coated Paper Bags",LAKE FOREST,IL,60045
0001519751,FBIN,"Fortune Brands Innovations, Inc.",2430,"Millwood, Veneer, Plywood, & Structural Wood Members",DEERFIELD,IL,60015
0001835830,KVYO,"Klaviyo, Inc.",7372,Services-Prepackaged Software,BOSTON,MA,02110
0001286043,KRG,KITE REALTY GROUP TRUST,6798,Real Estate Investment Trusts,INDIANAPOLIS,IN,46204
0001364479,HRI,HERC HOLDINGS INC,7350,Services-Miscellaneous Equipment Rental & Leasing,BONITA SPRINGS,FL,34134
0000856982,MMSI,MERIT MEDICAL SYSTEMS INC,3841,Surgical & Medical Instruments & Apparatus,SOUTH JORDAN,UT,84095
0001402388,WFG,"WEST FRASER TIMBER CO., LTD",2421,"Sawmills & Planting Mills, General",VANCOUVER,A1,V6C 3
0001703056,ADT,ADT Inc.,7381,"Services-Detective, Guard & Armored Car Services",BOCA RATON,FL,33431
0000001750,AIR,AAR CORP,3720,Aircraft & Parts,WOOD DALE,IL,60191
0002067876,VSNT,"Versant Media Group, Inc.",4833,Television Broadcasting Stations,PHILADELPHIA,PA,19103
0000230557,SIGI,SELECTIVE INSURANCE GROUP INC,6331,"Fire, Marine & Casualty Insurance",BRANCHVILLE,NJ,07890
0000812011,MTN,VAIL RESORTS INC,7990,Services-Miscellaneous Amusement & Recreation,BROOMFIELD,CO,80021
0001569650,OZK,Bank OZK,,,LITTLE ROCK,AR,72223
0001866175,CRGY,Crescent Energy Co,1311,Crude Petroleum & Natural Gas,HOUSTON,TX,77002
0001070412,CNX,CNX Resources Corp,1311,Crude Petroleum & Natural Gas,CANONSBURG,PA,15317
0001207179,GLNG,GOLAR LNG LTD,4400,Water Transportation,HAMILTON,D0,HM 11
0001571123,SAIC,Science Applications International Corp,7373,Services-Computer Integrated Systems Design,RESTON,VA,20190
0001782170,RELY,"Remitly Global, Inc.",7389,"Services-Business Services, NEC",SEATTLE,WA,98101
0001838359,RGTI,"Rigetti Computing, Inc.",7371,Services-Computer Programming Services,BERKELEY,CA,94710
0002127043,JMKE,Jersey Mike's Subs Inc.,5812,Retail-Eating  Places,TINTON FALLS,NJ,07724
0001492298,SBRA,"Sabra Health Care REIT, Inc.",6798,Real Estate Investment Trusts,TUSTIN,CA,92782
0001624794,CSW,"CSW INDUSTRIALS, INC.",2891,Adhesives & Sealants,DALLAS,TX,75240
0002003292,KLAR,Klarna Group plc,6199,Finance Services,LONDON,X0,SE1 7
0001579877,OUT,OUTFRONT Media Inc.,6798,Real Estate Investment Trusts,NEW YORK,NY,10016
0001561894,HASI,"HA Sustainable Infrastructure Capital, Inc.",6799,"Investors, NEC",ANNAPOLIS,MD,21401
0000014930,BC,BRUNSWICK CORP,3510,Engines & Turbines,METTAWA,IL,60045
0000887596,CAKE,CHEESECAKE FACTORY INC,5812,Retail-Eating  Places,CALABASAS HILLS,CA,91301
0000717954,UNF,UNIFIRST CORP,7200,Services-Personal Services,WILMINGTON,MA,01887
0000935036,ACIW,"ACI WORLDWIDE, INC.",7372,Services-Prepackaged Software,ELKHORN,NE,68022
0001041803,PSMT,PRICESMART INC,5331,Retail-Variety Stores,SAN DIEGO,CA,92123
0001094831,BGC,"BGC Group, Inc.",6200,"Security & Commodity Brokers, Dealers, Exchanges & Services",NEW YORK,NY,10022
0001810546,EBC,"Eastern Bankshares, Inc.",6035,"Savings Institution, Federally Chartered",BOSTON,MA,02110
0001672013,GOLF,Acushnet Holdings Corp.,3949,"Sporting & Athletic Goods, NEC",FAIRHAVEN,MA,02719
0001852244,GXO,"GXO Logistics, Inc.",4700,Transportation Services,GREENWICH,CT,06831
0000060519,LPX,LOUISIANA-PACIFIC CORP,2400,Lumber & Wood Products (No Furniture),NASHVILLE,TN,37203
0001611983,LBRDA,Liberty Broadband Corp,4841,Cable & Other Pay Television Services,ENGLEWOOD,CO,80112
0000912766,LAUR,"LAUREATE EDUCATION, INC.",8200,Services-Educational Services,MIAMI,FL,33131
0000073756,OII,OCEANEERING INTERNATIONAL INC,1389,"Oil & Gas Field Services, NEC",HOUSTON,TX,77086
0001604481,CMBT,CMB.TECH NV,4412,Deep Sea Foreign Transportation of  Freight,ANTWERP,C9,2000
0002044863,TKMTY,"Tokyo Metro Co., Ltd./ADR",,,TOKYO,M0,110-8
0001587732,OGS,"ONE Gas, Inc.",4924,Natural Gas Distribution,TULSA,OK,74103
0001230245,PIPR,PIPER SANDLER COMPANIES,6211,"Security Brokers, Dealers & Flotation Companies",MINNEAPOLIS,MN,55401
0001306830,CE,Celanese Corp,2820,"Plastic Material, Synth Resin/Rubber, Cellulos (No Glass)",IRVING,TX,75039
0001418819,IRDM,Iridium Communications Inc.,4899,"Communications Services, NEC",MCLEAN,VA,22102
0001747777,OTF,Blue Owl Technology Finance Corp.,,,NEW YORK,NY,10022
0001880319,PRM,"Perimeter Solutions, Inc.",2800,Chemicals & Allied Products,CLAYTON,MO,63105
0002017206,MRP,"Millrose Properties, Inc.",6500,Real Estate,CHEVY CHASE,MD,20815
0001463101,ENPH,"Enphase Energy, Inc.",3674,Semiconductors & Related Devices,FREMONT,CA,94538
0000723612,CAR,"AVIS BUDGET GROUP, INC.",7510,Services-Auto Rental & Leasing (No Drivers),PARSIPPANY,NJ,07054
0000769520,MIDD,MIDDLEBY Corp,3580,Refrigeration & Service Industry Machinery,ELGIN,IL,60120
0001857047,MDA,MDA Space Ltd.,3760,Guided Missiles & Space Vehicles & Parts,BRAMPTON,,L6Y 6
0000776867,WTM,WHITE MOUNTAINS INSURANCE GROUP LTD,6331,"Fire, Marine & Casualty Insurance",HANOVER,NH,03755
0002011286,AMTM,"Amentum Holdings, Inc.",7389,"Services-Business Services, NEC",CHANTILLY,VA,20151
0001070494,ACAD,ACADIA PHARMACEUTICALS INC,2834,Pharmaceutical Preparations,SAN DIEGO,CA,92130
0001853868,FRVO,Fervo Energy Co,4911,Electric Services,HOUSTON,TX,
0001670061,ALM,Almonty Industries Inc.,1000,Metal Mining,DILLON,MT,59725
0001516536,RMVEY,Rightmove PLC/ADR,,,NEW YORK,NY,10271
0001046311,CHH,CHOICE HOTELS INTERNATIONAL INC /DE,7011,Hotels & Motels,NORTH BETHESDA,MD,20852
0001596967,MC,Moelis & Co,6282,Investment Advice,NEW YORK,NY,10022
0000355811,GNTX,GENTEX CORP,3714,Motor Vehicle Parts & Accessories,ZEELAND,MI,49464
0000700923,MYRG,MYR GROUP INC.,1623,"Water, Sewer, Pipeline, Comm & Power Line Construction",THORNTON,CO,80241
0000313143,HAE,HAEMONETICS CORP,3841,Surgical & Medical Instruments & Apparatus,BOSTON,MA,02110
0001126956,SR,SPIRE INC,4924,Natural Gas Distribution,ST LOUIS,MO,63101
0001820872,GBTG,"Global Business Travel Group, Inc.",4700,Transportation Services,NEW YORK,NY,10017
0000043920,GEF,"GREIF, INC",3412,"Metal Shipping Barrels, Drums, Kegs & Pails",DELAWARE,OH,43015
0001657677,PBLS,"Parabilis Medicines, Inc.",2834,Pharmaceutical Preparations,CAMBRIDGE,MA,02140
0001679049,INSW,"International Seaways, Inc.",4400,Water Transportation,NEW YORK,NY,10016
0001735707,GTX,Garrett Motion Inc.,3714,Motor Vehicle Parts & Accessories,ROLLE,V8,1180
0001114995,PI,IMPINJ INC,3679,"Electronic Components, NEC",SEATTLE,WA,98109
0001224608,CNO,"CNO Financial Group, Inc.",6321,Accident & Health Insurance,CARMEL,IN,46032
0001381668,TFSL,TFS Financial CORP,6035,"Savings Institution, Federally Chartered",CLEVELAND,OH,44105
0000036029,FFIN,FIRST FINANCIAL BANKSHARES INC,6022,State Commercial Banks,ABILENE,TX,79601
0000025232,CUZ,COUSINS PROPERTIES INC,6798,Real Estate Investment Trusts,ATLANTA,GA,30326
0000090896,SKY,"Champion Homes, Inc.",2451,Mobile Homes,TROY,MI,48084
0000913142,BDC,BELDEN INC.,3357,Drawing & Insulating of  Nonferrous Wire,ST. LOUIS,MO,63105
0000275880,PSN,PARSONS CORP,7373,Services-Computer Integrated Systems Design,CENTREVILLE,VA,20120
0001032033,SLM,SLM Corp,6141,Personal Credit Institutions,NEWARK,DE,19713
0000104889,GHC,Graham Holdings Co,8200,Services-Educational Services,ARLINGTON,VA,22209
0001378239,OMAB,Central North Airport Group,4581,"Airports, Flying Fields & Airport Terminal Services",APODACA,NY,66600
0002083632,OCTV,Octave Intelligence plc,7372,Services-Prepackaged Software,MADISON,AL,35758
0001104657,MTRN,MATERION Corp,3460,Metal Forgings & Stampings,MAYFIELD HTS.,OH,44124
0001877322,ESAB,ESAB Corp,3569,"General Industrial Machinery & Equipment, NEC",NORTH BETHESDA,MD,20852
0001748797,DOO,BRP Inc.,3790,Miscellaneous Transportation Equipment,VALCOURT,,
0000912767,UFPI,UFP INDUSTRIES INC,2421,"Sawmills & Planting Mills, General",GRAND RAPIDS,MI,49525
0001788348,BIPC,Brookfield Infrastructure Corp,4923,Natural Gas Transmisison & Distribution,NEW YORK,NY,10281
0002094691,OBOCY,Ottobock SE & Co. KGaA/ADR,,,NEW YORK,NY,10271
0001841156,PAY,"Paymentus Holdings, Inc.",7389,"Services-Business Services, NEC",ADDISON,TX,75001
0001610250,BOOT,"Boot Barn Holdings, Inc.",5661,Retail-Shoe Stores,IRVINE,CA,92618
0000890926,RDN,RADIAN GROUP INC,6351,Surety Insurance,WAYNE,PA,19087
0001845257,LFST,"LifeStance Health Group, Inc.",8000,Services-Health Services,SCOTTSDALE,AZ,85251
0000103730,VSH,VISHAY INTERTECHNOLOGY INC,3670,Electronic Components & Accessories,MALVERN,PA,19355
0001818794,DYN,"Dyne Therapeutics, Inc.",2834,Pharmaceutical Preparations,WALTHAM,MA,02451
0001496919,MBRFY,MARFRIG GLOBAL FOODS S.A.,,,SAO PAULO,,04551
0001069878,TREX,TREX CO INC,2400,Lumber & Wood Products (No Furniture),WINCHESTER,VA,22601
0001866364,BULL,Webull Corp,6211,"Security Brokers, Dealers & Flotation Companies",ST. PETERSBURG,FL,33716
0001051627,AXTI,AXT INC,3674,Semiconductors & Related Devices,FREMONT,CA,94538
0001070235,BB,BLACKBERRY Ltd,7372,Services-Prepackaged Software,WATERLOO,A6,N2K 0
0001430723,SFBS,"ServisFirst Bancshares, Inc.",6022,State Commercial Banks,BIRMINGHAM,AL,35209
0001357615,KBR,"KBR, INC.",1600,Heavy Construction Other Than Bldg Const - Contractors,HOUSTON,TX,77002
0001990354,WAY,Waystar Holding Corp.,7373,Services-Computer Integrated Systems Design,LEHI,UT,84043
0001657573,XMTR,"Xometry, Inc.",7389,"Services-Business Services, NEC",NORTH BETHESDA,MD,20852
0000098222,TDW,TIDEWATER INC,4400,Water Transportation,HOUSTON,TX,77024
0001609253,CRC,California Resources Corp,1311,Crude Petroleum & Natural Gas,LONG BEACH,CA,90831
0000813762,IEP,ICAHN ENTERPRISES L.P.,2911,Petroleum Refining,SUNNY ISLES BEACH,FL,33160
0001853717,ATAT,Atour Lifestyle Holdings Ltd,7011,Hotels & Motels,SHANGHAI,,
0001056288,FHI,"FEDERATED HERMES, INC.",6282,Investment Advice,PITTSBURGH,PA,15222
0001361113,VRNS,VARONIS SYSTEMS INC,7372,Services-Prepackaged Software,MIAMI,FL,33131
0001710072,EWTX,"Edgewise Therapeutics, Inc.",2834,Pharmaceutical Preparations,BOULDER,CO,80301
0001045450,EPR,EPR PROPERTIES,6798,Real Estate Investment Trusts,KANSAS CITY,MO,64106
0000077543,TPC,TUTOR PERINI CORP,1540,General Bldg Contractors - Nonresidential Bldgs,SYLMAR,CA,91342
0001646188,ONDS,Ondas Inc.,3663,Radio & Tv Broadcasting & Communications Equipment,WEST PALM BEACH,FL,33401
0001071321,TKC,TURKCELL ILETISIM HIZMETLERI A S,4813,Telephone Communications (No Radiotelephone),ISTANBUL,,34854
0002113060,IQMX,IQM Quantum Computers Oyj,7372,Services-Prepackaged Software,02150 ESPOO,,00000
0000833079,MTH,Meritage Homes CORP,1531,Operative Builders,SCOTTSDALE,AZ,85255
0001449664,NWSGY,CTF Services Ltd,,,KOWLOON,K3,00000
0001786352,BILL,"BILL Holdings, Inc.",7372,Services-Prepackaged Software,SAN JOSE,CA,95002
0000078890,BCO,BRINKS CO,4731,Arrangement of  Transportation of  Freight & Cargo,RICHMOND,VA,23226
0001710366,CNR,"Core Natural Resources, Inc.",1220,Silver Ores,CANONSBURG,PA,15317
0001516513,DOCS,"Doximity, Inc.",7371,Services-Computer Programming Services,SAN FRANCISCO,CA,94107
0001824502,ACHR,Archer Aviation Inc.,3721,Aircraft,SAN JOSE,CA,95134
0000889900,PTEN,PATTERSON UTI ENERGY INC,1381,Drilling Oil & Gas Wells,HOUSTON,TX,77064
0000883984,ICUI,ICU MEDICAL INC/DE,3841,Surgical & Medical Instruments & Apparatus,SAN CLEMENTE,CA,92763
0001018840,ANF,ABERCROMBIE & FITCH CO /DE/,5651,Retail-Family Clothing Stores,NEW ALBANY,OH,43054
0000899715,SKT,TANGER INC.,6798,Real Estate Investment Trusts,GREENSBORO,NC,27408
0000038725,FELE,FRANKLIN ELECTRIC CO INC,3621,Motors & Generators,FORT WAYNE,IN,46809
0001317685,ALH,Alliance Laundry Holdings Inc.,3580,Refrigeration & Service Industry Machinery,RIPON,WI,54971
0001693736,EQPT,EquipmentShare.com Inc,7359,"Services-Equipment Rental & Leasing, NEC",COLUMBIA,MO,65201
0000886977,MEOH,METHANEX CORP,2860,Industrial Organic Chemicals,VANCOUVER BC CANADA,A1,00000
0000050725,GFF,GRIFFON CORP,3442,"Metal Doors, Sash, Frames, Moldings & Trim",NEW YORK,NY,10019
0001347426,BMA,Macro Bank Inc.,6029,"Commercial Banks, NEC",BUENOS AIRES,,C1106
0001854640,CGAU,Centerra Gold Inc.,1040,Gold and Silver Ores,TORONTO,A6,M5J 2
0001424182,BNL,"Broadstone Net Lease, Inc.",6798,Real Estate Investment Trusts,VICTOR,NY,14564
0000315213,RHI,ROBERT HALF INC.,7363,Services-Help Supply Services,MENLO PARK,CA,94025
0000700564,FULT,FULTON FINANCIAL CORP,6021,National Commercial Banks,LANCASTER,PA,17604
0001258602,NNI,NELNET INC,6141,Personal Credit Institutions,LINCOLN,NE,68508
0001639300,OLLI,"Ollie's Bargain Outlet Holdings, Inc.",5331,Retail-Variety Stores,HARRISBURG,PA,17112
0002070849,BLLN,"BillionToOne, Inc.",8071,Services-Medical Laboratories,MENLO PARK,CA,
0001040971,SLG,SL GREEN REALTY CORP,6798,Real Estate Investment Trusts,NEW YORK,NY,10017
0002067129,NP,Neptune Insurance Holdings Inc.,6411,"Insurance Agents, Brokers & Service",ST. PETERSBURG,FL,33701
0001174169,AQN,ALGONQUIN POWER & UTILITIES CORP.,4911,Electric Services,OAKVILLE,A6,L6J2X
0000278166,CVCO,"CAVCO INDUSTRIES, INC.",2451,Mobile Homes,PHOENIX,AZ,85012
0001625297,INDV,"Indivior Pharmaceuticals, Inc.",2834,Pharmaceutical Preparations,NORTH CHESTERFIELD,VA,23235
0000056978,KLIC,KULICKE & SOFFA INDUSTRIES INC,3674,Semiconductors & Related Devices,SINGAPORE,,
0001603454,CELC,Celcuity Inc.,8071,Services-Medical Laboratories,MINNEAPOLIS,MN,55446
0000766421,ALK,"ALASKA AIR GROUP, INC.",4512,"Air Transportation, Scheduled",SEATTLE,WA,98188
0000315709,IBOC,INTERNATIONAL BANCSHARES CORP,6022,State Commercial Banks,LAREDO,TX,78040
0001658551,AMLX,"Amylyx Pharmaceuticals, Inc.",2834,Pharmaceutical Preparations,CAMBRIDGE,MA,02142
0001888447,EE,"Excelerate Energy, Inc.",4924,Natural Gas Distribution,THE WOODLANDS,TX,77381
0002014596,CON,"Concentra Group Holdings Parent, Inc.",8093,"Services-Specialty Outpatient Facilities, NEC",ADDISON,TX,75001
0001786842,VNT,Vontier Corp,3824,Totalizing Fluid Meters & Counting Devices,RALEIGH,NC,27607
0001600928,HPHTY,Hamamatsu Photonics K.K./ADR,,,NEW YORK,NY,10271
0000016040,CBT,CABOT CORP,2890,Miscellaneous Chemical Products,BOSTON,MA,02210
0001818201,CCC,CCC Intelligent Solutions Holdings Inc.,7372,Services-Prepackaged Software,CHICAGO,IL,60607
0001517175,CHEF,"Chefs' Warehouse, Inc.",5141,"Wholesale-Groceries, General Line",RIDGEFIELD,CT,06877
0001840776,HGTY,"Hagerty, Inc.",6411,"Insurance Agents, Brokers & Service",TRAVERSE CITY,MI,49684
0000730464,CVSA,Covista Inc.,8200,Services-Educational Services,CHICAGO,IL,60606
0000046765,HP,"Helmerich & Payne, Inc.",1381,Drilling Oil & Gas Wells,TULSA,OK,74120
0001993004,NWE,"NorthWestern Energy Group, Inc.",4931,Electric & Other Services Combined,SIOUX FALLS,SD,57108
0000932696,NSIT,INSIGHT ENTERPRISES INC,5961,Retail-Catalog & Mail-Order Houses,CHANDLER,AZ,85286
0001455863,COLD,AMERICOLD REALTY TRUST,6798,Real Estate Investment Trusts,Atlanta,GA,30328
0001025996,KRC,KILROY REALTY CORP,6798,Real Estate Investment Trusts,LOS ANGELES,CA,90064
0001757073,NVST,Envista Holdings Corp,3843,Dental Equipment & Supplies,BREA,CA,92821
0001827635,MANE,"Veradermics, Inc",2834,Pharmaceutical Preparations,NEW HAVEN,CT,06513
0001713748,SKE,Skeena Resources Ltd,1040,Gold and Silver Ores,VANCOUVER,,V6E4E
0000056679,KFY,KORN FERRY,7361,Services-Employment Agencies,LOS ANGELES,CA,90067
0001433087,FLIDY,FLSMIDTH & CO. A/S,,,DK-2500 VALBY,G7,00000
0001057706,FBP,FIRST BANCORP /PR/,6022,State Commercial Banks,SAN JUAN,PR,00908
0001385280,CNK,"Cinemark Holdings, Inc.",7830,Services-Motion Picture Theaters,PLANO,TX,75093
0000780571,ITRI,"ITRON, INC.",3825,Instruments For Meas & Testing of  Electricity & Elec Signals,LIBERTY LAKE,WA,99019
0001361658,TNL,Travel & Leisure Co.,7011,Hotels & Motels,ORLANDO,FL,32805
0001639691,LIVN,LivaNova PLC,3845,Electromedical & Electrotherapeutic Apparatus,GLOUCESTER,,
0002044153,NGXXF,NGEx Minerals Ltd.,,,VANCOUVER,A1,V7X 1
0000849869,SLGN,SILGAN HOLDINGS INC,3411,Metal Cans,NORWALK,CT,06851
0000067716,MDU,MDU RESOURCES GROUP INC,1400,Mining & Quarrying of  Nonmetallic Minerals (No Fuels),BISMARCK,ND,58503
0000860546,CDP,COPT DEFENSE PROPERTIES,6798,Real Estate Investment Trusts,COLUMBIA,MD,21046
0001760965,KTB,"Kontoor Brands, Inc.",2320,"Men's & Boys' Furnishgs, Work Clothg, & Allied Garments",GREENSBORO,NC,27401
0001812364,RLAY,"Relay Therapeutics, Inc.",2836,"Biological Products, (No Diagnostic Substances)",CAMBRIDGE,MA,02139
0001674910,VVV,VALVOLINE INC,2990,Miscellaneous Products of  Petroleum & Coal,LEXINGTON,KY,40509
0001841408,DAVE,Dave Inc./DE,6199,Finance Services,LOS ANGELES,CA,90019
0001077428,TCBI,TEXAS CAPITAL BANCSHARES INC/TX,6022,State Commercial Banks,DALLAS,TX,75201
0001872195,BLSH,Bullish,6199,Finance Services,GEORGE TOWN,,KY1-1
0001114483,ITGR,Integer Holdings Corp,3845,Electromedical & Electrotherapeutic Apparatus,PLANO,TX,75024
0000931427,TGS,GAS TRANSPORTER OF THE SOUTH INC,4922,Natural Gas Transmission,ARGENTINA,C1,00000
0000857855,UCB,UNITED COMMUNITY BANKS INC,6022,State Commercial Banks,GREENVILLE,SC,29601
0002013745,CLMT,"Calumet, Inc. /DE",2911,Petroleum Refining,INDIANAPOLIS,IN,46204
0001361538,PRIM,Primoris Services Corp,1623,"Water, Sewer, Pipeline, Comm & Power Line Construction",DALLAS,TX,75201
0001672619,ELVN,"Enliven Therapeutics, Inc.",2834,Pharmaceutical Preparations,BURLINGAME,CA,94010
0001997350,ARX,Accelerant Holdings,6411,"Insurance Agents, Brokers & Service",GRAND CAYMAN,E9,KY1-1
0000003197,CECO,CECO ENVIRONMENTAL CORP,3564,Industrial & Commercial Fans & Blowers & Air Purifing Equip,ADDISON,TX,75001
0001469395,PAM,Pampa Energy Inc.,4911,Electric Services,CITY OF BUENOS AIRES,C1,C1084
0000949157,CENX,CENTURY ALUMINUM CO,3334,Primary Production of  Aluminum,CHICAGO,IL,60606
0000887936,FCN,"FTI CONSULTING, INC",8742,Services-Management Consulting Services,WASHINGTON,DC,20004
0000887153,SIM,"GRUPO SIMEC, S.A.B. de C.V.",3312,"Steel Works, Blast Furnaces & Rolling Mills (Coke Ovens)",44910 GUADALAJARA JA,NY,10022
0001388658,IRTC,"iRhythm Holdings, Inc.",3841,Surgical & Medical Instruments & Apparatus,San Francisco,CA,94103
0000923796,GEO,GEO GROUP INC,1520,General Bldg Contractors - Residential Bldgs,BOCA RATON,FL,33431
0001846832,DLO,dLocal Ltd,7389,"Services-Business Services, NEC",MONTEVIDEO,X3,11300
0001311370,LAZ,"Lazard, Inc.",6282,Investment Advice,NEW YORK,NY,10112
0001395942,OPLN,"OPENLANE, Inc.",5500,Retail-Auto Dealers & Gasoline Stations,CARMEL,IN,46032
0000029002,DIOD,DIODES INC /DEL/,3674,Semiconductors & Related Devices,PLANO,TX,75024
0000088121,SEB,SEABOARD CORP /DE/,5150,Wholesale-Farm Product Raw Materials,SHAWNEE MISSION,KS,66202
0000008947,AZZ,AZZ INC,3470,"Coating, Engraving & Allied Services",FORT WORTH,TX,76107
0002085236,AMVOY,AUMOVIO SE,,,FRANKFURT AM MAIN,,60488
0002007191,TLX,Telix Pharmaceuticals Ltd,2834,Pharmaceutical Preparations,NORTH MELBOURNE,C3,3051
0001507605,MARA,"MARA Holdings, Inc.",6199,Finance Services,HALLANDALE BEACH,FL,33009
0000861842,CATY,CATHAY GENERAL BANCORP,6022,State Commercial Banks,LOS ANGELES,CA,90012
0000063276,MAT,MATTEL INC /DE/,3942,Dolls & Stuffed Toys,EL SEGUNDO,CA,90245
0001284812,CNS,"COHEN & STEERS, INC.",6282,Investment Advice,NEW YORK,NY,10036
0001464521,HTFL,"Heartflow, Inc.",3841,Surgical & Medical Instruments & Apparatus,SAN FRANCISCO,CA,94105
0000806628,DNP,DNP SELECT INCOME FUND INC,,,GREENFIELD,MA,01301
0001970622,USAR,"USA Rare Earth, Inc.",1000,Metal Mining,STILLWATER,OK,74075
0001650729,SITE,"SiteOne Landscape Supply, Inc.",5040,Wholesale-Professional & Commercial Equipment & Supplies,ROSWELL,GA,30076
0001445305,WK,WORKIVA INC,7372,Services-Prepackaged Software,AMES,IA,50010
0001801198,LEGN,Legend Biotech Corp,2834,Pharmaceutical Preparations,SOMERSET,NJ,08873
0002035057,IFHLY,Inficon Holding AG/ADR,,,BAD RAGAZ,V8,7310
0001438472,MIAX,"MIAMI INTERNATIONAL HOLDINGS, INC.",6211,"Security Brokers, Dealers & Flotation Companies",PRINCETON,NJ,08540
0000828944,WSFS,WSFS FINANCIAL CORP,6021,National Commercial Banks,WILMINGTON,DE,19801
0002091028,MTLMY,Metallium Limited/ADR,,,NEW YORK,NY,10271
0001830081,RUM,RUM Group Inc.,7370,"Services-Computer Programming, Data Processing, Etc.",LONGBOAT KEY,FL,34228
0001964504,ARIS,Aris Mining Corp,1040,Gold and Silver Ores,VANCOUVER,,V6E 0
0001783398,UWMC,UWM Holdings Corp,6162,Mortgage Bankers & Loan Correspondents,PONTIAC,MI,48341
0000730263,THO,THOR INDUSTRIES INC,3716,Motor Homes,ELKHART,IN,
0001981792,HHH,Howard Hughes Holdings Inc.,6798,Real Estate Investment Trusts,THE WOODLANDS,TX,77380
0001425205,IOVA,"IOVANCE BIOTHERAPEUTICS, INC.",2836,"Biological Products, (No Diagnostic Substances)",SAN CARLOS,CA,94070
0001478320,ADPT,Adaptive Biotechnologies Corp,2836,"Biological Products, (No Diagnostic Substances)",SEATTLE,WA,98109
0001489079,ADOOY,Adaro Energy PT/ADR/,8880,American Depositary Receipts,NEW YORK,NY,10271
0001466085,IRT,"INDEPENDENCE REALTY TRUST, INC.",6798,Real Estate Investment Trusts,PHILADELPHIA,PA,19103
0000023194,CRK,COMSTOCK RESOURCES INC,1311,Crude Petroleum & Natural Gas,FRISCO,TX,75034
0001101215,BFH,"BREAD FINANCIAL HOLDINGS, INC.",6141,Personal Credit Institutions,COLUMBUS,OH,43219
0001811935,PTRN,Pattern Group Inc.,5961,Retail-Catalog & Mail-Order Houses,LEHI,UT,84043
0001122976,AVNT,AVIENT CORP,2821,"Plastic Materials, Synth Resins & Nonvulcan Elastomers",AVON LAKE,OH,44012
0001637207,PLNT,"Planet Fitness, Inc.",7997,Services-Membership Sports & Recreation Clubs,HAMPTON,NH,03842
0001410384,QTWO,"Q2 Holdings, Inc.",7372,Services-Prepackaged Software,Austin,TX,78729
0002064947,WBI,WaterBridge Infrastructure LLC,1389,"Oil & Gas Field Services, NEC",HOUSTON,TX,77056
0001921963,ATMU,Atmus Filtration Technologies Inc.,3714,Motor Vehicle Parts & Accessories,NASHVILLE,TN,37214
0001607678,VKTX,"Viking Therapeutics, Inc.",2834,Pharmaceutical Preparations,SAN DIEGO,CA,
0001714899,DNLI,Denali Therapeutics Inc.,2836,"Biological Products, (No Diagnostic Substances)",SOUTH SAN FRANCISCO,CA,94080
0001051512,TDS,TELEPHONE & DATA SYSTEMS INC /DE/,4813,Telephone Communications (No Radiotelephone),CHICAGO,IL,60602
0000354647,CVBF,CVB FINANCIAL CORP,6022,State Commercial Banks,ONTARIO,CA,91764
0001647088,WSC,WillScot Holdings Corp,7350,Services-Miscellaneous Equipment Rental & Leasing,SCOTTSDALE,AZ,85257
0001005284,OLED,UNIVERSAL DISPLAY CORP \PA\,3670,Electronic Components & Accessories,EWING,NJ,08618
0001144800,TAC,TRANSALTA CORP,4911,Electric Services,CALGARY,A0,T2G 1
0001690680,NMRK,"NEWMARK GROUP, INC.",6531,Real Estate Agents & Managers (For Others),NEW YORK,NY,10017
0000776901,INDB,INDEPENDENT BANK CORP,6022,State Commercial Banks,ROCKLAND,MA,02370
0001483934,STNG,Scorpio Tankers Inc.,4412,Deep Sea Foreign Transportation of  Freight,MONACO,O9,98000
0001745916,PFSI,"PennyMac Financial Services, Inc.",6162,Mortgage Bankers & Loan Correspondents,WESTLAKE VILLAGE,CA,91361
0000701985,BBWI,"Bath & Body Works, Inc.",5990,"Retail-Retail Stores, NEC",COLUMBUS,OH,43230
0002089661,SUNC,SunocoCorp LLC,2911,Petroleum Refining,DALLAS,TX,75225
0001691421,LMND,"Lemonade, Inc.",6331,"Fire, Marine & Casualty Insurance",NEW YORK,NY,10013
0001815779,HAFN,Hafnia Ltd,4700,Transportation Services,SINGAPORE,,
0001819133,TNGX,"Tango Therapeutics, Inc.",2834,Pharmaceutical Preparations,BOSTON,MA,02215
0000745308,JOE,ST JOE Co,6552,Land Subdividers & Developers (No Cemeteries),PANAMA CITY BEACH,FL,32407
0001350593,MWA,"Mueller Water Products, Inc.",3490,Miscellaneous Fabricated Metal Products,ATLANTA,GA,30328
0000203596,WSBC,WESBANCO INC,6021,National Commercial Banks,WHEELING,WV,26003
0001662991,SEZL,Sezzle Inc.,7389,"Services-Business Services, NEC",MINNEAPOLIS,MN,55402
0000793733,SKYW,SKYWEST INC,4512,"Air Transportation, Scheduled",ST GEORGE,UT,84790
0001694426,DK,"Delek US Holdings, Inc.",2911,Petroleum Refining,BRENTWOOD,TN,37027
0000868780,DORM,"Dorman Products, Inc.",3714,Motor Vehicle Parts & Accessories,COLMAR,PA,18915
0001418121,APLE,"Apple Hospitality REIT, Inc.",6798,Real Estate Investment Trusts,RICHMOND,VA,23219
0001468091,VEON,VEON Ltd.,4812,Radiotelephone Communications,DUBAI (DIFC),,
0000817720,SYNA,SYNAPTICS Inc,3674,Semiconductors & Related Devices,SAN JOSE,CA,95131
0001860160,FLY,Firefly Aerospace Inc.,3760,Guided Missiles & Space Vehicles & Parts,LEANDER,TX,78641
0001466593,OTTR,Otter Tail Corp,4911,Electric Services,FERGUS FALLS,MN,56538
0001845338,MNDY,monday.com Ltd.,7372,Services-Prepackaged Software,TEL AVIV-YAFO,L3,67775
0001826836,AYA,Aya Gold & Silver Inc.,1040,Gold and Silver Ores,"MONT-ROYAL, QUEBEC",Z4,H3P 3
0000016160,CALM,CAL-MAINE FOODS INC,0200,Agricultural Prod-Livestock & Animal Specialties,RIDGELAND,MS,39157
0001522727,USAC,"USA Compression Partners, LP",4922,Natural Gas Transmission,DALLAS,TX,75225
0000715072,RNST,RENASANT CORP,6022,State Commercial Banks,TUPELO,MS,38804
0001144980,ABG,ASBURY AUTOMOTIVE GROUP INC,5500,Retail-Auto Dealers & Gasoline Stations,ATLANTA,GA,30328
0001113232,ACLS,AXCELIS TECHNOLOGIES INC,3559,"Special Industry Machinery, NEC",BEVERLY,MA,01915
0001985406,NEXHY,"Nippon Express Holdings, Inc./ADR",,,TOKYO,M0,101-0
0000925261,AKO-A,ANDINA BOTTLING CO INC,2086,Bottled & Canned Soft Drinks & Carbonated Waters,SANTIAGO CHILE,F3,00000
0000799292,MHO,"M/I HOMES, INC.",1531,Operative Builders,COLUMBUS,OH,43219
0000760498,BANF,BANCFIRST CORP /OK/,6021,National Commercial Banks,OKLAHOMA CITY,OK,73102
0001434588,LOPE,"Grand Canyon Education, Inc.",8200,Services-Educational Services,PHOENIX,AZ,85017
0001952073,MSGE,Madison Square Garden Entertainment Corp.,7990,Services-Miscellaneous Amusement & Recreation,NEW YORK,NY,10121
0001809987,MIR,"Mirion Technologies, Inc.",3829,"Measuring & Controlling Devices, NEC",ATLANTA,GA,30318
0001524358,VAC,MARRIOTT VACATIONS WORLDWIDE Corp,6531,Real Estate Agents & Managers (For Others),ORLANDO,FL,32836
0001482981,COCO,"Vita Coco Company, Inc.",2080,Beverages,NEW YORK,NY,10003
0001717393,CAAP,CORPORACION AMERICA AIRPORTS S.A.,4581,"Airports, Flying Fields & Airport Terminal Services",LUXEMBOURG,,2330
0001660280,TENB,"Tenable Holdings, Inc.",7372,Services-Prepackaged Software,COLUMBIA,MD,21044
0001794669,FOUR,"Shift4 Payments, Inc.",7389,"Services-Business Services, NEC",CENTER VALLEY,PA,18034
0001836470,SRAD,Sportradar Group AG,7370,"Services-Computer Programming, Data Processing, Etc.",ST. GALLEN,V8,CH-90
0001823144,GPGI,"GPGI, Inc.",6199,Finance Services,SOMERSET,NJ,08873
0000310354,SXI,STANDEX INTERNATIONAL CORP/DE/,3580,Refrigeration & Service Industry Machinery,SALEM,NH,03079
0001173420,NG,NOVAGOLD RESOURCES INC,1040,Gold and Silver Ores,SALT LAKE CITY,UT,84111
0000009092,BMI,BADGER METER INC,3824,Totalizing Fluid Meters & Counting Devices,MILWAUKEE,WI,53223
0001276520,GNW,GENWORTH FINANCIAL INC,6311,Life Insurance,GLEN ALLEN,VA,23060
0001724521,RCUS,"Arcus Biosciences, Inc.",2834,Pharmaceutical Preparations,HAYWARD,CA,94545
0001955520,KNF,Knife River Corp,1400,Mining & Quarrying of  Nonmetallic Minerals (No Fuels),BISMARCK,ND,58503
0001530238,JOYY,JOYY Inc.,7374,Services-Computer Processing & Data Preparation,MAPLETREE BUSINESS CITY,U0,11744
0001047335,NHC,NATIONAL HEALTHCARE CORP,8051,Services-Skilled Nursing Care Facilities,MURFREESBORO,TN,37130
0001581760,LIF,"Life360, Inc.",7374,Services-Computer Processing & Data Preparation,SAN MATEO,CA,94403
0000822663,IPAR,INTERPARFUMS INC,2844,"Perfumes, Cosmetics & Other Toilet Preparations",NEW YORK,NY,10176
0001703057,ABCL,AbCellera Biologics Inc.,2834,Pharmaceutical Preparations,VANCOUVER,A1,V5Y 1
0001676725,IDYA,"IDEAYA Biosciences, Inc.",2834,Pharmaceutical Preparations,SOUTH SAN FRANCISCO,CA,94080
0002071778,FRMI,Fermi Inc.,6798,Real Estate Investment Trusts,AMARILLO,TX,79101
0000886346,KAI,KADANT INC,3550,Special Industry Machinery (No Metalworking Machinery),WESTFORD,MA,01886
0001853860,ERO,Ero Copper Corp.,1000,Metal Mining,VANCOUVER,A1,V6C 2
0000805676,PRK,PARK NATIONAL CORP /OH/,6021,National Commercial Banks,NEWARK,OH,43055
0001026214,FMCC,FEDERAL HOME LOAN MORTGAGE CORP,6111,Federal & Federally-Sponsored Credit Agencies,MCLEAN,VA,22102
0000821483,PARR,"PAR PACIFIC HOLDINGS, INC.",1311,Crude Petroleum & Natural Gas,HOUSTON,TX,77024
0001958140,BATRA,"Atlanta Braves Holdings, Inc.",7900,Services-Amusement & Recreation Services,ATLANTA,GA,30339
0002092258,AWATY,Air Water Inc./ADR,,,OSAKA,,542-0
0001822966,SMR,NUSCALE POWER Corp,3443,Fabricated Plate Work (Boiler Shops),CORVALLIS,OR,97330
0000931015,PII,Polaris Inc.,3790,Miscellaneous Transportation Equipment,MEDINA,MN,55340
0001888886,GPCR,Structure Therapeutics Inc.,2834,Pharmaceutical Preparations,SOUTH SAN FRANCISCO,CA,94080
0000877860,NHI,NATIONAL HEALTH INVESTORS INC,6798,Real Estate Investment Trusts,MURFREESBORO,TN,37129
0001210677,FA,FIRST ADVANTAGE CORP,7374,Services-Computer Processing & Data Preparation,ATLANTA,GA,30328
0001877787,ZGN,Ermenegildo Zegna N.V.,2300,Apparel & Other Finishd Prods of  Fabrics & Similar Matl,VALDILANA (BIELLA),L6,13835
0001376139,CVI,CVR ENERGY INC,2911,Petroleum Refining,SUGAR LAND,TX,77479
0001518715,MCHB,Mechanics Bancorp,6022,State Commercial Banks,WALNUT CREEK,CA,94596
0001570585,LBTYA,Liberty Global Ltd.,4841,Cable & Other Pay Television Services,HAMILTON,D0,HM 11
0001821825,OGN,Organon & Co.,2834,Pharmaceutical Preparations,JERSEY CITY,NJ,07302
0000860413,FIBK,FIRST INTERSTATE BANCSYSTEM INC,6022,State Commercial Banks,BILLINGS,MT,59101
0001174850,NIC,NICOLET BANKSHARES INC,6021,National Commercial Banks,GREEN BAY,WI,54301
0000874866,CRVL,CORVEL CORP,6411,"Insurance Agents, Brokers & Service",PORTLAND,OR,97201
0000910108,LXP,LXP Industrial Trust,6798,Real Estate Investment Trusts,NEW YORK,NY,10119
0001929561,RXO,"RXO, Inc.",4700,Transportation Services,CHARLOTTE,NC,28277
0001437578,BFAM,BRIGHT HORIZONS FAMILY SOLUTIONS INC.,8351,Services-Child Day Care Services,NEWTON,MA,02459
0001517413,FSLY,"Fastly, Inc.",7372,Services-Prepackaged Software,SAN FRANCISCO,CA,94107
0001056903,AWR,AMERICAN STATES WATER CO,4941,Water Supply,SAN DIMAS,CA,91773
0001231346,SA,SEABRIDGE GOLD INC,1040,Gold and Silver Ores,TORONTO,A6,M5A 1
0001649313,BWLP,BW LPG Ltd,4700,Transportation Services,MAPLETREE BUSINESS CITY,,
0001039065,OSIS,OSI SYSTEMS INC,3674,Semiconductors & Related Devices,HAWTHORNE,CA,90250
0001563411,CSTM,CONSTELLIUM SE,3341,Secondary Smelting & Refining of  Nonferrous Metals,PARIS,I0,75008
0001611647,FRPT,"Freshpet, Inc.",2040,Grain Mill Products,BEDMINSTER,NJ,07921
0000921082,HIW,"HIGHWOODS PROPERTIES, INC.",6798,Real Estate Investment Trusts,RALEIGH,NC,27601
0002110029,EROC,"ERock, Inc.",3620,Electrical Industrial Apparatus,HOUSTON,TX,77002
0000825542,SMG,SCOTTS MIRACLE-GRO CO,2870,Agricultural Chemicals,MARYSVILLE,OH,43041
0001263994,UTG,REAVES UTILITY INCOME FUND,,,DENVER,CO,
0001530950,POST,"Post Holdings, Inc.",2040,Grain Mill Products,ST. LOUIS,MO,63144
0001014739,OPCH,"Option Care Health, Inc.",8082,Services-Home Health Care Services,BANNOCKBURN,IL,60015
0001628369,CWK,Cushman & Wakefield Ltd.,6500,Real Estate,HAMILTON,,HM 11
0001341335,FSM,FORTUNA MINING CORP.,1040,Gold and Silver Ores,VANCOUVER,,V6E 3
0002104882,EROK,"EagleRock Land, LLC",6792,Oil Royalty Traders,MIDLAND,TX,79701
0001676238,BRZE,"Braze, Inc.",7372,Services-Prepackaged Software,NEW YORK,NY,10016
0001699031,GRAL,"GRAIL, Inc.",8071,Services-Medical Laboratories,MENLO PARK,CA,94025
0000082020,USLM,UNITED STATES LIME & MINERALS INC,1400,Mining & Quarrying of  Nonmetallic Minerals (No Fuels),DALLAS,TX,75240
0000708955,FFBC,FIRST FINANCIAL BANCORP /OH/,6021,National Commercial Banks,CINCINNATI,OH,45202
0001549084,CHRN,ChronoScale Holdings Corp,3569,"General Industrial Machinery & Equipment, NEC",DALLAS,TX,75219
0001674168,HGV,Hilton Grand Vacations Inc.,7000,"Hotels, Rooming Houses, Camps & Other Lodging Places",ORLANDO,FL,32835
0001974138,NATL,NCR Atleos Corp,3578,Calculating & Accounting Machines (No Electronic Computers),ATLANTA,GA,30308
0001795589,KC,Kingsoft Cloud Holdings Ltd,7372,Services-Prepackaged Software,"HAIDIAN DISTRICT, BEIJING",,00000
0001065059,LEU,CENTRUS ENERGY CORP,1400,Mining & Quarrying of  Nonmetallic Minerals (No Fuels),BETHESDA,MD,20817
0001040470,AEHR,AEHR TEST SYSTEMS,3825,Instruments For Meas & Testing of  Electricity & Elec Signals,FREMONT,CA,94539
0000048287,HNI,HNI CORP,2522,Office Furniture (No Wood),MUSCATINE,IA,52761
0000880631,WT,"WisdomTree, Inc.",6211,"Security Brokers, Dealers & Flotation Companies",NEW YORK,NY,10119
0001157408,LRN,"Stride, Inc.",8200,Services-Educational Services,RESTON,VA,20190
0001547903,NMIH,"NMI Holdings, Inc.",6351,Surety Insurance,EMERYVILLE,CA,94608
0001476765,GBDC,"GOLUB CAPITAL BDC, Inc.",,,NEW YORK,NY,10166
0001385849,UUUU,ENERGY FUELS INC,1400,Mining & Quarrying of  Nonmetallic Minerals (No Fuels),LAKEWOOD,CO,80228
0002052959,LION,Lionsgate Studios Corp.,7812,Services-Motion Picture & Video Tape Production,VANCOUVER,,
0001811414,QS,QuantumScape Corp,3690,"Miscellaneous Electrical Machinery, Equipment & Supplies",SAN JOSE,CA,95110
0001408075,GPK,GRAPHIC PACKAGING HOLDING CO,2650,Paperboard Containers & Boxes,ATLANTA,GA,30328
0002070457,XXI,"Twenty One Capital, Inc.",6199,Finance Services,AUSTIN,TX,78701
0001576789,WIX,Wix.com Ltd.,7370,"Services-Computer Programming, Data Processing, Etc.",TEL AVIV,,
0002027317,CURB,Curbline Properties Corp.,6500,Real Estate,NEW YORK,NY,10022
0001544522,FRSH,Freshworks Inc.,7372,Services-Prepackaged Software,SAN MATEO,CA,94403
0001625101,PLSE,"PULSE BIOSCIENCES, INC.",3841,Surgical & Medical Instruments & Apparatus,HAYWARD,CA,94545
0001384101,VCYT,"VERACYTE, INC.",8071,Services-Medical Laboratories,SOUTH SAN FRANCISCO,CA,94080
0001195737,NEA,Nuveen AMT-Free Quality Municipal Income Fund,,,CHICAGO,IL,60606
0001761312,PLMR,"Palomar Holdings, Inc.",6331,"Fire, Marine & Casualty Insurance",LA JOLLA,CA,92037
0001590560,QURE,uniQure N.V.,2834,Pharmaceutical Preparations,AMSTERDAM,,1105 
0001386716,SBLK,Star Bulk Carriers Corp.,4412,Deep Sea Foreign Transportation of  Freight,ATHENS,,14124
0000825313,AB,ALLIANCEBERNSTEIN HOLDING L.P.,6282,Investment Advice,NASHVILLE,TN,37203
0001279495,BTE,BAYTEX ENERGY CORP.,1381,Drilling Oil & Gas Wells,CALGARY,,T2P 0
0000730708,SBCF,SEACOAST BANKING CORP OF FLORIDA,6022,State Commercial Banks,STUART,FL,34994
0001086600,ARLP,ALLIANCE RESOURCE PARTNERS LP,1221,Bituminous Coal & Lignite Surface Mining,TULSA,OK,74119
0002105398,CSQR,"Csquare, Inc.",7370,"Services-Computer Programming, Data Processing, Etc.",COPPELL,TX,75019
0001801169,OPEN,Opendoor Technologies Inc.,6531,Real Estate Agents & Managers (For Others),TEMPE,AZ,85288
0001821769,NVTS,Navitas Semiconductor Corp,3674,Semiconductors & Related Devices,TORRANCE,CA,90503
0001969302,PONY,Pony AI Inc.,7373,Services-Computer Integrated Systems Design,GUANGZHOU,F4,51145
0001726978,GSHD,"Goosehead Insurance, Inc.",6411,"Insurance Agents, Brokers & Service",WESTLAKE,TX,76262
0000913241,SHOO,"STEVEN MADDEN, LTD.",3140,"Footwear, (No Rubber)",LONG ISLAND CITY,NY,11104
0001504776,WRBY,Warby Parker Inc.,3851,Ophthalmic Goods,NEW YORK,NY,10013
0001290109,LPL,"LG Display Co., Ltd.",3679,"Electronic Components, NEC",SEOUL,,00000
0001595974,MGNI,"MAGNITE, INC.",7370,"Services-Computer Programming, Data Processing, Etc.",NEW YORK,NY,
0001815846,MNSO,MINISO Group Holding Ltd,5331,Retail-Variety Stores,GUANGDONG PROVINCE,,51000
0001674862,ASH,ASHLAND INC.,5160,Wholesale-Chemicals & Allied Products,WILMINGTON,DE,19808
0000090498,SFNC,SIMMONS FIRST NATIONAL CORP,6021,National Commercial Banks,PINE BLUFF,AR,71601
0000723188,CBU,"COMMUNITY FINANCIAL SYSTEM, INC.",6021,National Commercial Banks,SYRACUSE,NY,13214
0001698514,NESR,National Energy Services Reunited Corp.,1389,"Oil & Gas Field Services, NEC",HOUSTON,TX,77056
0002078008,VGNT,Versigent PLC,3714,Motor Vehicle Parts & Accessories,SCHAFFHAUSEN,,8200
0001275214,CSQ,CALAMOS STRATEGIC TOTAL RETURN FUND,,,NAPERVILLE,IL,60563
0001504008,BKU,"BankUnited, Inc.",6035,"Savings Institution, Federally Chartered",MIAMI LAKES,FL,33016
0000019745,CPK,CHESAPEAKE UTILITIES CORP,4923,Natural Gas Transmisison & Distribution,DOVER,DE,19901
0001275014,UCTT,"Ultra Clean Holdings, Inc.",3674,Semiconductors & Related Devices,HAYWARD,CA,94545
0001494259,CARG,"CarGurus, Inc.",7374,Services-Computer Processing & Data Preparation,BOSTON,MA,02115
0000026780,DAN,DANA Inc,3714,Motor Vehicle Parts & Accessories,MAUMEE,OH,43537
0001070985,CXW,"CoreCivic, Inc.",6798,Real Estate Investment Trusts,BRENTWOOD,TN,37027
0000851520,EXPO,EXPONENT INC,8742,Services-Management Consulting Services,MENLO PARK,CA,94025
0000826675,DX,DYNEX CAPITAL INC,6798,Real Estate Investment Trusts,GLEN ALLEN,VA,23059
0001422183,FSK,FS KKR Capital Corp,,,PHILADELPHIA,PA,19104
0000008063,ATRO,ASTRONICS CORP,3728,"Aircraft Parts & Auxiliary Equipment, NEC",EAST AURORA,NY,14052
0001064728,BTU,PEABODY ENERGY CORP,1221,Bituminous Coal & Lignite Surface Mining,ST LOUIS,MO,63131
0001273813,AGO,ASSURED GUARANTY LTD,6351,Surety Insurance,HAMILTON BERMUDA,D0,HM08
0001654126,ZIM,ZIM Integrated Shipping Services Ltd.,4412,Deep Sea Foreign Transportation of  Freight,HAIFA,,
0000036377,FHB,"FIRST HAWAIIAN, INC.",6022,State Commercial Banks,HONOLULU,HI,96813
0001671235,BMRRY,B&M European Value Retail S.A./ADR,,,LUXEMBOURG,N4,L-231
0001532173,KOZAY,Turk Altin Isletmeleri A.S./ADR,8880,American Depositary Receipts,NEW YORK,NY,10271
0001280263,AMBA,AMBARELLA INC,3674,Semiconductors & Related Devices,SANTA CLARA,CA,95054
0001936258,NAMS,NewAmsterdam Pharma Co N.V.,2834,Pharmaceutical Preparations,NARRDEN,P7,1411 
0001277866,EXK,ENDEAVOUR SILVER CORP,1040,Gold and Silver Ores,VANCOUVER,,
0001788451,LIFE,Ethos Technologies Inc.,6411,"Insurance Agents, Brokers & Service",AUSTIN,TX,78754
0000104918,AVA,AVISTA CORP,4931,Electric & Other Services Combined,SPOKANE,WA,99202
0000002230,ADX,"ADAMS DIVERSIFIED EQUITY FUND, INC.",,,BALTIMORE,MD,21202
0001748824,AAMI,Acadian Asset Management Inc.,6282,Investment Advice,BOSTON,MA,
0001512920,SII,SPROTT INC.,6199,Finance Services,TORONTO,A6,M5J 2
0000078749,AGYS,AGILYSYS INC,7373,Services-Computer Integrated Systems Design,ALPHARETTA,GA,30022
0001331284,DHT,"DHT Holdings, Inc.",4412,Deep Sea Foreign Transportation of  Freight,HAMILTON,,HM 08
0001472012,IMNM,Immunome Inc.,2834,Pharmaceutical Preparations,BOTHELL,WA,98011
0000039368,FUL,FULLER H B CO,2891,Adhesives & Sealants,ST PAUL,MN,55110
0000937098,TNET,"TRINET GROUP, INC.",7389,"Services-Business Services, NEC",DUBLIN,CA,94568
0001280784,HTGC,"Hercules Capital, Inc.",,,SAN MATEO,CA,94401
0001969373,VTMX,"Vesta Real Estate Corporation, S.A.B. de C.V.",6500,Real Estate,MEXICO CITY,O5,05210
0001756262,TMDX,"TransMedics Group, Inc.",3845,Electromedical & Electrotherapeutic Apparatus,ANDOVER,MA,01810
0001655891,TRMD,TORM plc,4412,Deep Sea Foreign Transportation of  Freight,LONDON,X0,EC3R 
0001111928,IPGP,IPG PHOTONICS CORP,3674,Semiconductors & Related Devices,MARLBOROUGH,MA,01752
0001419945,TNK,TEEKAY TANKERS LTD.,4400,Water Transportation,HAMILTON,D0,HM12
0001670592,YETI,"YETI Holdings, Inc.",3949,"Sporting & Athletic Goods, NEC",AUSTIN,TX,78735
0001776111,MBX,"MBX Biosciences, Inc.",2834,Pharmaceutical Preparations,CARMEL,IN,46032
0000878518,TGB,Trekor Metals Ltd,1040,Gold and Silver Ores,VANCOUVER,,V6E 4
0001993344,AAUC,Allied Gold Corp,1040,Gold and Silver Ores,TORONTO,A6,M5H 0
0001666138,ATKR,Atkore Inc.,3690,"Miscellaneous Electrical Machinery, Equipment & Supplies",HARVEY,IL,60426
0001031203,GPI,GROUP 1 AUTOMOTIVE INC,5500,Retail-Auto Dealers & Gasoline Stations,HOUSTON,TX,77024
0001694028,LBRT,Liberty Energy Inc.,1389,"Oil & Gas Field Services, NEC",DENVER,CO,80202
0001617406,PK,Park Hotels & Resorts Inc.,7011,Hotels & Motels,TYSONS,VA,22102
0001787306,ARQT,"Arcutis Biotherapeutics, Inc.",2834,Pharmaceutical Preparations,WESTLAKE VILLAGE,CA,91361
0000827876,CLSK,"CLEANSPARK, INC.",6199,Finance Services,HENDERSON,NV,89052
0001621434,BSM,"Black Stone Minerals, L.P.",1311,Crude Petroleum & Natural Gas,HOUSTON,TX,77022
0001834622,HAYW,"Hayward Holdings, Inc.",3580,Refrigeration & Service Industry Machinery,CHARLOTTE,NC,28203
0000098677,TR,TOOTSIE ROLL INDUSTRIES INC,2060,Sugar & Confectionery Products,CHICAGO,IL,60629
0001620533,SHAK,Shake Shack Inc.,5810,Retail-Eating & Drinking Places,NEW YORK,NY,10014
0001526243,PPTA,PERPETUA RESOURCES CORP.,1040,Gold and Silver Ores,BOISE,ID,
0001552797,DKL,"Delek Logistics Partners, LP",4610,Pipe Lines (No Natural Gas),BRENTWOOD,TN,37027
0001845097,AMBP,Ardagh Metal Packaging S.A.,3411,Metal Cans,LUXEMBOURG,,L-213
0000729580,BELFA,BEL FUSE INC /NJ,3677,"Electronic Coils, Transformers & Other Inductors",WEST ORANGE,NJ,07052
0001850351,LFTO,"Liftoff Mobile, Inc.",7374,Services-Computer Processing & Data Preparation,PALO ALTO,CA,94301
0001636222,WING,Wingstop Inc.,5812,Retail-Eating  Places,DALLAS,TX,75204
0000744218,CLDX,"Celldex Therapeutics, Inc.",2835,In Vitro & In Vivo Diagnostic Substances,HAMPTON,NJ,08827
0000057515,MZTI,MARZETTI CO,2030,"Canned, Frozen & Preservd Fruit, Veg & Food Specialties",WESTERVILLE,OH,43082
0002007691,IOND,Ionic Digital Inc.,6199,Finance Services,CORAL GABLES,FL,33134
0001819790,TARS,"Tarsus Pharmaceuticals, Inc.",2836,"Biological Products, (No Diagnostic Substances)",IRVINE,CA,92618
0001178970,PFS,PROVIDENT FINANCIAL SERVICES INC,6035,"Savings Institution, Federally Chartered",JERSEY CITY,NJ,07306
0001035201,CWT,CALIFORNIA WATER SERVICE GROUP,4941,Water Supply,SAN JOSE,CA,95112
0001565687,INTA,"Intapp, Inc.",7372,Services-Prepackaged Software,PALO ALTO,CA,94306
0001781755,BWIN,"Baldwin Insurance Group, Inc.",6411,"Insurance Agents, Brokers & Service",TAMPA,FL,33607
0000899629,AKR,ACADIA REALTY TRUST,6798,Real Estate Investment Trusts,RYE,NY,10580
0000046195,BOH,BANK OF HAWAII CORP,6022,State Commercial Banks,HONOLULU,HI,96813
0001840856,SOUN,"SOUNDHOUND AI, INC.",7372,Services-Prepackaged Software,CLAYMONT,DE,19703
0001373670,GRBK,"Green Brick Partners, Inc.",1531,Operative Builders,PLANO,TX,75024
0000833640,POWI,POWER INTEGRATIONS INC,3674,Semiconductors & Related Devices,SAN JOSE,CA,95138
0000821130,AD,"ARRAY DIGITAL INFRASTRUCTURE, INC.",4812,Radiotelephone Communications,CHICAGO,IL,60661
0001161728,MGEE,MGE ENERGY INC,4900,"Electric, Gas & Sanitary Services",MADISON,WI,53701
0000874499,GPOR,GULFPORT ENERGY CORP,1311,Crude Petroleum & Natural Gas,OKLAHOMA CITY,OK,73114
0002097163,XNDU,Xanadu Quantum Technologies Ltd,3571,Electronic Computers,TORONTO,,M5G 2
0001685040,BHF,"Brighthouse Financial, Inc.",6311,Life Insurance,CHARLOTTE,NC,28277
0001823239,MRVI,"MARAVAI LIFESCIENCES HOLDINGS, INC.",2834,Pharmaceutical Preparations,SAN DIEGO,CA,92121
0001740332,REZI,"RESIDEO TECHNOLOGIES, INC.",5072,Wholesale-Hardware,AUSTIN,TX,78702
0001050797,COLM,COLUMBIA SPORTSWEAR CO,2300,Apparel & Other Finishd Prods of  Fabrics & Similar Matl,PORTLAND,OR,97229
0000069891,FIZZ,NATIONAL BEVERAGE CORP,2086,Bottled & Canned Soft Drinks & Carbonated Waters,FT. LAUDERDALE,FL,33324
0001032220,MMS,"MAXIMUS, INC.",7389,"Services-Business Services, NEC",MCLEAN,VA,22102
0000894405,ARCB,ARCBEST CORP /TX/,4213,Trucking (No Local),FORT SMITH,AR,72916
0001816736,IRON,"Disc Medicine, Inc.",2834,Pharmaceutical Preparations,WATERTOWN,MA,02472
0001093691,PLUG,PLUG POWER INC,3620,Electrical Industrial Apparatus,SLINGERLANDS,NY,12159
0001517302,APAM,Artisan Partners Asset Management Inc.,6282,Investment Advice,MILWAUKEE,WI,53202
0001737706,SDRL,Seadrill Ltd,1381,Drilling Oil & Gas Wells,HAMILTON,,HM 11
0001169770,BANC,"BANC OF CALIFORNIA, INC.",6021,National Commercial Banks,SANTA ANA,CA,92707
0000944148,CBZ,"CBIZ, Inc.",7389,"Services-Business Services, NEC",INDEPENDENCE,OH,44131
0001611547,UE,Urban Edge Properties,6500,Real Estate,NEW YORK,NY,10017
0001528849,RH,RH,5712,Retail-Furniture Stores,CORTE MADERA,CA,94925
0001803696,ADEA,Adeia Inc.,4841,Cable & Other Pay Television Services,SAN JOSE,CA,95134
0001724965,TALO,TALOS ENERGY INC.,1311,Crude Petroleum & Natural Gas,HOUSTON,TX,77002
0002062440,KYIV,Kyivstar Group Ltd.,4812,Radiotelephone Communications,DUBAI,,
0001679688,DBRG,"DigitalBridge Group, Inc.",6282,Investment Advice,BOCA RATON,FL,33487
0001649749,FBK,FB Financial Corp,6022,State Commercial Banks,NASHVILLE,TN,37203
0001704292,ZLAB,Zai Lab Ltd,2834,Pharmaceutical Preparations,SHANGHAI,,
0001078271,EXTR,EXTREME NETWORKS INC,3576,Computer Communications Equipment,MORRISVILLE,NC,27560
0001865631,NN,NEXTNAV INC.,3812,"Search, Detection, Navigation, Guidance, Aeronautical Sys",RESTON,VA,20190
0001745999,BEAM,Beam Therapeutics Inc.,2836,"Biological Products, (No Diagnostic Substances)",CAMBRIDGE,MA,02139
0001934850,FG,"F&G Annuities & Life, Inc.",6311,Life Insurance,DES MOINES,IA,50309
0001587523,KN,Knowles Corp,3651,Household Audio & Video Equipment,ITASCA,IL,60143
0001847367,ALMS,ALUMIS INC.,2834,Pharmaceutical Preparations,SOUTH SAN FRANCISCO,CA,94080
0000030305,DCO,DUCOMMUN INC /DE/,3728,"Aircraft Parts & Auxiliary Equipment, NEC",COSTA MESA,CA,92626
0001092699,SPSC,SPS COMMERCE INC,7372,Services-Prepackaged Software,MINNEAPOLIS,MN,55402
0001332349,BKD,Brookdale Senior Living Inc.,8050,Services-Nursing & Personal Care Facilities,BRENTWOOD,TN,37027
0000105132,WDFC,WD 40 CO,2890,Miscellaneous Chemical Products,SAN DIEGO,CA,92131
0001819810,RDW,Redwire Corp,3760,Guided Missiles & Space Vehicles & Parts,JACKSONVILLE,FL,32256
0000103145,VECO,VEECO INSTRUMENTS INC,3559,"Special Industry Machinery, NEC",PLAINVIEW,NY,11803
0000793952,HOG,"HARLEY-DAVIDSON, INC.",3751,"Motorcycles, Bicycles & Parts",MILWAUKEE,WI,53208
0001693256,WTTR,"Select Water Solutions, Inc.",1389,"Oil & Gas Field Services, NEC",GAINESVILLE,TX,76240
0000913059,BBAR,Banco BBVA Argentina S.A.,6029,"Commercial Banks, NEC",C1054AAA BUENOS AIRES,,
0000921582,IMAX,IMAX CORP,3861,Photographic Equipment & Supplies,MISSISSAUGA,A6,L5K 1
0001020710,DXPE,DXP ENTERPRISES INC,5084,Wholesale-Industrial Machinery & Equipment,HOUSTON,TX,77040
0001854587,CLBT,Cellebrite DI Ltd.,7372,Services-Prepackaged Software,PETAH TIKVA,L3,49706
0001832332,AVAH,"Aveanna Healthcare Holdings, Inc.",8082,Services-Home Health Care Services,ATLANTA,GA,30339
0001486749,HYPMY,Hypermarcas S.A.,,,SAO PAULO,D5,04543
0000752714,MGRC,MCGRATH RENTCORP,7359,"Services-Equipment Rental & Leasing, NEC",LIVERMORE,CA,94551
0001328581,BCC,BOISE CASCADE Co,5030,Wholesale-Lumber & Other Construction Materials,BOISE,ID,83702
0001844452,LUNR,"Intuitive Machines, Inc.",3812,"Search, Detection, Navigation, Guidance, Aeronautical Sys",HOUSTON,TX,77059
0000871763,MAN,ManpowerGroup Inc.,7363,Services-Help Supply Services,MILWAUKEE,WI,53212
0001104485,NOG,"NORTHERN OIL & GAS, INC.",1311,Crude Petroleum & Natural Gas,MINNETONKA,MN,55343
0001838406,BKV,BKV Corp,1311,Crude Petroleum & Natural Gas,DENVER,CO,80202
0000025445,CXT,"Crane NXT, Co.",3490,Miscellaneous Fabricated Metal Products,WALTHAM,MA,02451
0000081362,KWR,QUAKER CHEMICAL CORP,2990,Miscellaneous Products of  Petroleum & Coal,CONSHOHOCKEN,PA,19428
0001876183,IHS,IHS Holding Ltd,4812,Radiotelephone Communications,LONDON,,SW1E5
0001063259,DNN,DENISON MINES CORP.,1090,Miscellaneous Metal Ores,TORONTO,,M5J 1
0001899123,BTDR,Bitdeer Technologies Group,6199,Finance Services,SINGAPORE,,
0001549595,NRIX,"Nurix Therapeutics, Inc.",2834,Pharmaceutical Preparations,BRISBANE,CA,94005
0001020859,UNFI,UNITED NATURAL FOODS INC,5141,"Wholesale-Groceries, General Line",PROVIDENCE,RI,02903
0001216583,JPC,Nuveen Preferred & Income Opportunities Fund,,,CHICAGO,IL,60606
0001817358,ASO,"Academy Sports & Outdoors, Inc.",5940,Retail-Miscellaneous Shopping Goods Stores,KATY,TX,77449
0001111335,VC,VISTEON CORP,3714,Motor Vehicle Parts & Accessories,VAN BUREN TOWNSHIP,MI,48111
0000837465,CALY,Callaway Golf Co,3949,"Sporting & Athletic Goods, NEC",CARLSBAD,CA,92008
0001459200,ALRM,"Alarm.com Holdings, Inc.",7372,Services-Prepackaged Software,TYSONS,VA,22102
0001650132,FCPT,"Four Corners Property Trust, Inc.",6798,Real Estate Investment Trusts,MILL VALLEY,CA,94941
0000108516,WOR,"WORTHINGTON ENTERPRISES, INC.",3310,"Steel Works, Blast Furnaces & Rolling & Finishing Mills",COLUMBUS,OH,43085
0001800227,PPLI,People Inc,7370,"Services-Computer Programming, Data Processing, Etc.",NEW YORK,NY,10011
0001599617,DNOW,DNOW Inc.,3533,Oil & Gas Field Machinery & Equipment,HOUSTON,TX,77041
0001647639,UPST,"Upstart Holdings, Inc.",6199,Finance Services,BURLINGAME,CA,94010
0001340677,SVM,SILVERCORP METALS INC,1040,Gold and Silver Ores,VANCOUVER,,V6E 3
0001777921,AVPT,"AvePoint, Inc.",7372,Services-Prepackaged Software,JERSEY CITY,NJ,07310
0000771497,ABM,ABM INDUSTRIES INC /DE/,7340,Services-To Dwellings & Other Buildings,NEW YORK,NY,10006
0002081043,ATAI,AtaiBeckley Inc.,2834,Pharmaceutical Preparations,NEW YORK,NY,10119
0002007825,INFQ,"Infleqtion, Inc.",7374,Services-Computer Processing & Data Preparation,LOUISVILLE,CO,80027
0000854775,DGII,DIGI INTERNATIONAL INC,3576,Computer Communications Equipment,HOPKINS,MN,55343
0001078075,NTCT,NETSCOUT SYSTEMS INC,7373,Services-Computer Integrated Systems Design,WESTFORD,MA,01886
0002035304,TTAM,Titan America SA,1400,Mining & Quarrying of  Nonmetallic Minerals (No Fuels),BRUSSELS,,
0000887733,CENT,CENTRAL GARDEN & PET CO,5190,Wholesale-Miscellaneous Nondurable Goods,WALNUT CREEK,CA,94597
0001590750,VRDN,"Viridian Therapeutics, Inc.\DE",2834,Pharmaceutical Preparations,WALTHAM,MA,02453
0001356576,SUPN,"SUPERNUS PHARMACEUTICALS, INC.",2834,Pharmaceutical Preparations,ROCKVILLE,MD,20850
0001576018,SPNT,SiriusPoint Ltd,6331,"Fire, Marine & Casualty Insurance",PEMBROKE,,HM 08
0001816581,OUST,"Ouster, Inc.",3569,"General Industrial Machinery & Equipment, NEC",SAN FRANCISCO,CA,94110
0001295401,TBBK,"Bancorp, Inc.",6021,National Commercial Banks,WILMINGTON,DE,19809
0001820144,GRND,Grindr Inc.,7370,"Services-Computer Programming, Data Processing, Etc.",WEST HOLLYWOOD,CA,90069
0001083839,NAD,Nuveen Quality Municipal Income Fund,,,CHICAGO,IL,60606
0000076605,PATK,PATRICK INDUSTRIES INC,3714,Motor Vehicle Parts & Accessories,ELKHART,IN,46516
0000936528,WAFD,WAFD INC,6021,National Commercial Banks,SEATTLE,WA,98101
0000036146,TRMK,TRUSTMARK CORP,6021,National Commercial Banks,JACKSON,MS,39201
0001759655,PRVA,"Privia Health Group, Inc.",8000,Services-Health Services,ARLINGTON,VA,22203
0001867072,KD,"Kyndryl Holdings, Inc.",7373,Services-Computer Integrated Systems Design,NEW YORK,NY,10017
0001390478,SLS,"SELLAS Life Sciences Group, Inc.",2834,Pharmaceutical Preparations,NEW YORK,NY,10036
0001124796,LASR,"NLIGHT, INC.",3674,Semiconductors & Related Devices,CAMAS,WA,98607
0001533082,EBOSY,EBOS Group Limited/ADR,,,NEW YORK,NY,10271
0000766829,HTO,H2O AMERICA,4941,Water Supply,SAN JOSE,CA,95110
0000790359,NBTB,NBT BANCORP INC,6021,National Commercial Banks,NORWICH,NY,13815
0001488813,CUBI,"Customers Bancorp, Inc.",6022,State Commercial Banks,WEST READING,PA,19611
0001441683,APPN,APPIAN CORP,7372,Services-Prepackaged Software,MCLEAN,VA,22102
0000107140,WLY,"JOHN WILEY & SONS, INC.",2731,Books: Publishing or  Publishing & Printing,HOBOKEN,NJ,07030
0001108134,BBT,Beacon Financial Corp,6036,"Savings Institutions, Not Federally Chartered",BOSTON,MA,02116
0000811589,FBNC,FIRST BANCORP /NC/,6022,State Commercial Banks,SOUTHERN PINES,NC,28387
0002118195,AADX,"Applied Aerospace & Defense, Inc.",3728,"Aircraft Parts & Auxiliary Equipment, NEC",HUNTSVILLE,AL,
0001832466,ALHC,"Alignment Healthcare, Inc.",6324,Hospital & Medical Service Plans,ORANGE,CA,92868
0001886428,SLDE,"Slide Insurance Holdings, Inc.",6331,"Fire, Marine & Casualty Insurance",TAMPA,FL,33607
0001090116,NVG,Nuveen AMT-Free Municipal Credit Income Fund,,,CHICAGO,IL,60606
0001545057,PTXKY,PT XLSMART Telecom Sejahtera Tbk/ADR,8880,American Depositary Receipts,NEW YORK,NY,10271
0001260729,GDV,GABELLI DIVIDEND & INCOME TRUST,,,RYE,NY,10580
0001758488,OSW,ONESPAWORLD HOLDINGS Ltd,7997,Services-Membership Sports & Recreation Clubs,NASSAU,C5,0000
0000712534,FRME,FIRST MERCHANTS CORP,6021,National Commercial Banks,MUNCIE,IN,47308
0001356090,PGEN,"PRECIGEN, INC.",2834,Pharmaceutical Preparations,GERMANTOWN,MD,20876
0001968915,PHIN,PHINIA INC.,3714,Motor Vehicle Parts & Accessories,AUBURN HILLS,MI,48326
0001699963,LIME,"Neutron Holdings, Inc.",7372,Services-Prepackaged Software,SAN FRANCISCO,CA,94107
0000106640,WHR,WHIRLPOOL CORP /DE/,3630,Household Appliances,BENTON HARBOR,MI,49022
0000863436,BHE,BENCHMARK ELECTRONICS INC,3672,Printed Circuit Boards,TEMPE,AZ,85281
0001298946,DRH,DiamondRock Hospitality Co,6798,Real Estate Investment Trusts,BETHESDA,MD,
0001563880,TRVI,"Trevi Therapeutics, Inc.",2834,Pharmaceutical Preparations,NEW HAVEN,CT,06510
0001517228,VISN,"Vistance Networks, Inc.",3663,Radio & Tv Broadcasting & Communications Equipment,RICHARDSON,TX,75082
0001616533,PENG,"Penguin Solutions, Inc.",3674,Semiconductors & Related Devices,FREMONT,CA,94538
0001307748,IVT,InvenTrust Properties Corp.,6798,Real Estate Investment Trusts,DOWNERS GROVE,IL,60515
0000711377,NEOG,NEOGEN CORP,2835,In Vitro & In Vivo Diagnostic Substances,LANSING,MI,48912
0001029199,EEFT,"EURONET WORLDWIDE, INC.",6099,"Functions Related To Depository Banking, NEC",LEAWOOD,KS,66211
0001337634,STUB,"StubHub Holdings, Inc.",7990,Services-Miscellaneous Amusement & Recreation,NEW YORK,NY,10007
0000885590,BHC,Bausch Health Companies Inc.,2834,Pharmaceutical Preparations,QUEBEC,A8,H7L 4
0001289848,HURN,Huron Consulting Group Inc.,8742,Services-Management Consulting Services,CHICAGO,IL,60607
0000816761,TDC,TERADATA CORP /DE/,7372,Services-Prepackaged Software,SAN DIEGO,CA,92127
0001527636,ATHM,Autohome Inc.,7374,Services-Computer Processing & Data Preparation,BEIJING,,
0002091467,BGSI,Boyd Group Services Inc.,7500,"Services-Automotive Repair, Services & Parking",WINNIPEG,,00000
0000021535,COHU,COHU INC,3825,Instruments For Meas & Testing of  Electricity & Elec Signals,POWAY,CA,92064
0001868941,FLNC,"Fluence Energy, Inc.",3690,"Miscellaneous Electrical Machinery, Equipment & Supplies",ARLINGTON,VA,22203
0000835324,SYBT,"Stock Yards Bancorp, Inc.",6022,State Commercial Banks,LOUISVILLE,KY,40206
0000763744,LCII,LCI INDUSTRIES,3714,Motor Vehicle Parts & Accessories,ELKHART,IN,46514
0001406666,CALX,"CALIX, INC",4899,"Communications Services, NEC",SAN JOSE,CA,95117
0001830487,PHVS,Pharvaris N.V.,2834,Pharmaceutical Preparations,LEIDEN,,
0000814453,NWL,NEWELL BRANDS INC.,3089,"Plastics Products, NEC",ATLANTA,GA,
0001964954,ECO,Okeanis Eco Tankers Corp.,4412,Deep Sea Foreign Transportation of  Freight,N. FALIRO,J3,185 4
0001520697,ACHC,"Acadia Healthcare Company, Inc.",8093,"Services-Specialty Outpatient Facilities, NEC",FRANKLIN,TN,37067
0001756770,CURLF,"Curaleaf Holdings, Inc.",2833,Medicinal Chemicals & Botanical Products,NEW YORK,NY,10170
0000906709,NKTR,NEKTAR THERAPEUTICS,2834,Pharmaceutical Preparations,SAN FRANCISCO,CA,94158
0001468748,KOD,Kodiak Sciences Inc.,2836,"Biological Products, (No Diagnostic Substances)",PALO ALTO,CA,94304
0002096861,SIND,Sinda Ltd.,1040,Gold and Silver Ores,SAN MIGUEL ALLENDE,,37898
0001024795,HLIO,"HELIOS TECHNOLOGIES, INC.",3490,Miscellaneous Fabricated Metal Products,SARASOTA,FL,34243
0000046250,HWKN,HAWKINS INC,5160,Wholesale-Chemicals & Allied Products,ROSEVILLE,MN,55113
0001515673,RARE,Ultragenyx Pharmaceutical Inc.,2834,Pharmaceutical Preparations,NOVATO,CA,94949
0000314489,BUSE,FIRST BUSEY CORP /NV/,6022,State Commercial Banks,LEAWOOD,KS,66211
0000921738,PENN,"PENN Entertainment, Inc.",7011,Hotels & Motels,WYOMISSING,PA,19610
0001293613,KYN,"Kayne Anderson Energy Infrastructure Fund, Inc.",,,HOUSTON,TX,77002
0001848763,RNW,ReNew Energy Global plc,4911,Electric Services,GURUGRAM-HARYANA,K7,12200
0001430162,CSAN,Cosan S.A.,5500,Retail-Auto Dealers & Gasoline Stations,"SAO PAULO, SP",D5,04538
0001601548,VVX,"V2X, Inc.",8744,Services-Facilities Support Management Services,RESTON,VA,
0001190935,PTY,PIMCO CORPORATE & INCOME OPPORTUNITY FUND,,,NEW YORK,NY,10019
0000805928,AXGN,"Axogen, Inc.",3845,Electromedical & Electrotherapeutic Apparatus,ALACHUA,FL,32615
0001287865,MPT,MEDICAL PROPERTIES TRUST INC,6798,Real Estate Investment Trusts,BIRMINGHAM,AL,
0001629019,MBIN,Merchants Bancorp,6022,State Commercial Banks,CARMEL,IN,46032
0001951070,MH,"McGraw Hill, Inc.",2741,Miscellaneous Publishing,BEVERLY HILLS,CA,90210
0001024305,COTY,COTY INC.,2844,"Perfumes, Cosmetics & Other Toilet Preparations",NEW YORK,NY,10118
0000882796,BCRX,BIOCRYST PHARMACEUTICALS INC,2836,"Biological Products, (No Diagnostic Substances)",DURHAM,NC,27703
0001043509,SAH,SONIC AUTOMOTIVE INC,5500,Retail-Auto Dealers & Gasoline Stations,CHARLOTTE,NC,28211
0002020795,UNIT,Uniti Group Inc.,4813,Telephone Communications (No Radiotelephone),LITTLE ROCK,AR,72202
0000940942,HUBG,"Hub Group, Inc.",4731,Arrangement of  Transportation of  Freight & Cargo,OAK BROOK,IL,60523
0002091017,SSMR,Sunshine Silver Mining & Refining Co,1040,Gold and Silver Ores,KELLOGG,ID,83837
0001393434,OCUL,"OCULAR THERAPEUTIX, INC",2834,Pharmaceutical Preparations,BEDFORD,MA,01730
0000811596,KALU,KAISER ALUMINUM CORP,3350,Rolling Drawing & Extruding of  Nonferrous Metals,FRANKLIN,TN,37067
0001925283,LCLN,"Lincoln International, Inc.",6282,Investment Advice,CHICAGO,IL,60606
0002035149,FLOC,Flowco Holdings Inc.,3533,Oil & Gas Field Machinery & Equipment,HOUSTON,TX,77042
0001818331,WGS,GeneDx Holdings Corp.,8000,Services-Health Services,STAMFORD,CT,06902
0001704715,AMR,"Alpha Metallurgical Resources, Inc.",1221,Bituminous Coal & Lignite Surface Mining,BRISTOL,TN,37620
0001555815,TSCFY,Tisco Financial Group Public Co Limited/ADR,,,NEW YORK,NY,10271
0001415921,NMM,Navios Maritime Partners L.P.,4412,Deep Sea Foreign Transportation of  Freight,PIRAEUS 18538,,
0001061630,BXMT,"BLACKSTONE MORTGAGE TRUST, INC.",6798,Real Estate Investment Trusts,NEW YORK,NY,10154
0001323885,ATRC,"AtriCure, Inc.",3841,Surgical & Medical Instruments & Apparatus,MASON,OH,45040
0001718405,HYMC,HYCROFT MINING HOLDING CORP,1040,Gold and Silver Ores,WINNEMUCCA,NV,89445
0001904856,EFXT,Enerflex Ltd.,3560,General Industrial Machinery & Equipment,CALGARY ALBERTA,Z4,T2G 0
0000946673,BANR,BANNER CORP,6022,State Commercial Banks,WALLA WALLA,WA,99362
0001217234,CDNA,"CareDx, Inc.",8071,Services-Medical Laboratories,BRISBANE,CA,94005
0001288847,FIVN,"Five9, Inc.",7374,Services-Computer Processing & Data Preparation,SAN RAMON,CA,94583
0001804176,BFLY,"Butterfly Network, Inc.",3844,X-Ray Apparatus & Tubes & Related Irradiation Apparatus,BURLINGTON,MA,01803
0000845877,AGM,FEDERAL AGRICULTURAL MORTGAGE CORP,6111,Federal & Federally-Sponsored Credit Agencies,WASHINGTON,DC,20037
0001845815,PAYO,Payoneer Global Inc.,7389,"Services-Business Services, NEC",NEW YORK,NY,10007
0001295947,PBH,Prestige Consumer Healthcare Inc.,2834,Pharmaceutical Preparations,TARRYTOWN,NY,10591
0001137887,NZF,Nuveen Municipal Credit Income Fund,,,CHICAGO,IL,60606
0001362988,AYR,Aircastle LTD,7359,"Services-Equipment Rental & Leasing, NEC",STAMFORD,CT,06901
0001639825,PTON,"PELOTON INTERACTIVE, INC.",3949,"Sporting & Athletic Goods, NEC",NEW YORK,NY,10001
0001364250,DEI,Douglas Emmett Inc,6798,Real Estate Investment Trusts,SANTA MONICA,CA,90401
0001653477,NGVT,Ingevity Corp,2800,Chemicals & Allied Products,NORTH CHARLESTON,SC,29405
0001846576,FIGS,"FIGS, Inc.",2300,Apparel & Other Finishd Prods of  Fabrics & Similar Matl,SANTA MONICA,CA,90404
0002104204,ALMR,"Alamar Biosciences, Inc.",3826,Laboratory Analytical Instruments,FREMONT,CA,94538
0001811063,NUVB,Nuvation Bio Inc.,2834,Pharmaceutical Preparations,NEW YORK,NY,10036
0001802255,GRDN,"Guardian Pharmacy Services, Inc.",5912,Retail-Drug Stores and Proprietary Stores,ATLANTA,GA,30339
0001342338,HIMX,"Himax Technologies, Inc.",3674,Semiconductors & Related Devices,TAIWAN,,
0001849635,DJT,Trump Media & Technology Group Corp.,7370,"Services-Computer Programming, Data Processing, Etc.",SARASOTA,FL,34232
0001627223,CC,Chemours Co,2800,Chemicals & Allied Products,WILMINGTON,DE,19801
0002085187,BOBS,"Bob's Discount Furniture, Inc.",5712,Retail-Furniture Stores,MANCHESTER,CT,06042
0000914156,UFPT,UFP TECHNOLOGIES INC,3841,Surgical & Medical Instruments & Apparatus,NEWBURYPORT,MA,01950
0001493318,ETOR,eToro Group Ltd.,6211,"Security Brokers, Dealers & Flotation Companies",BNEI BRAK,,
0000099780,TRN,TRINITY INDUSTRIES INC,3743,Railroad Equipment,DALLAS,TX,75254
0001712807,PAGS,PagSeguro Digital Ltd.,7374,Services-Computer Processing & Data Preparation,GRAND CAYMAN,,
0001978867,CDLR,Cadeler A/S,4412,Deep Sea Foreign Transportation of  Freight,COPENHAGEN V,G7,DK-15
0001864163,INTR,"Inter & Co, Inc.",6029,"Commercial Banks, NEC",BELO HORIZONTE,D5,30 19
0002042556,SPGNY,Springer Nature AG & Co. KGaA/ADR,,,NEW YORK,NY,10271
0001025835,EFSC,ENTERPRISE FINANCIAL SERVICES CORP,6022,State Commercial Banks,CLAYTON,MO,63105
0001653242,NTB,Bank of N.T. Butterfield & Son Ltd,6029,"Commercial Banks, NEC",HAMILTON,,HM12
0001428205,ARR,"Armour Residential REIT, Inc.",6798,Real Estate Investment Trusts,VERO BEACH,FL,32963
0000804116,RVT,"ROYCE SMALL-CAP TRUST, INC.",,,NEW YORK,NY,10010
0002012593,RAPP,"Rapport Therapeutics, Inc.",2834,Pharmaceutical Preparations,BOSTON,MA,02110
0000821026,ANDE,"Andersons, Inc.",5150,Wholesale-Farm Product Raw Materials,MAUMEE,OH,43537
0001560968,SMSGY,Samsonite International SA/ADR,8880,American Depositary Receipts,NEW YORK,NY,10271
0000028823,DBD,"DIEBOLD NIXDORF, Inc",3578,Calculating & Accounting Machines (No Electronic Computers),NORTH CANTON,OH,44720
0001785680,BVC,BitVentures Ltd,6282,Investment Advice,HONG KONG,,
0001022408,PLUS,EPLUS INC,5045,Wholesale-Computers & Peripheral Equipment & Software,HERNDON,VA,20171
0000733269,RAMP,"LiveRamp Holdings, Inc.",7374,Services-Computer Processing & Data Preparation,SAN FRANCISCO,CA,94104
0001593275,HG,"Hamilton Insurance Group, Ltd.",6331,"Fire, Marine & Casualty Insurance",PEMBROKE,D0,HM08
0001054905,IOSP,INNOSPEC INC.,2800,Chemicals & Allied Products,ENGLEWOOD,CO,80112
0001400810,HCI,"HCI Group, Inc.",6331,"Fire, Marine & Casualty Insurance",TAMPA,FL,33619
0001600620,AUPH,Aurinia Pharmaceuticals Inc.,2834,Pharmaceutical Preparations,EDMONTON,A0,T5L 4
0000055242,KMT,KENNAMETAL INC,3541,"Machine Tools, Metal Cutting Types",PITTSBURGH,PA,15219
0001580560,FLYW,Flywire Corp,7389,"Services-Business Services, NEC",BOSTON,MA,02111
0000793074,WERN,WERNER ENTERPRISES INC,4213,Trucking (No Local),OMAHA,NE,68138
0001668243,URGN,UroGen Pharma Ltd.,2834,Pharmaceutical Preparations,RA'ANANA,L3,43650
0001345099,MESO,MESOBLAST LTD,2836,"Biological Products, (No Diagnostic Substances)","MELBOURNE, VICTORIA",C3,3000
0002096997,KLRA,"Kailera Therapeutics, Inc.",2834,Pharmaceutical Preparations,WALTHAM,MA,02451
0000084748,ROG,ROGERS CORP,2821,"Plastic Materials, Synth Resins & Nonvulcan Elastomers",CHANDLER,AZ,85224
0001845840,TSAT,Telesat Corp,4899,"Communications Services, NEC",OTTAWA,A6,K2P 2
0001365135,WU,Western Union CO,7389,"Services-Business Services, NEC",DENVER,CO,80237
0000715787,TILE,INTERFACE INC,2273,Carpets & Rugs,ATLANTA,GA,30309
0001933414,MLYS,"Mineralys Therapeutics, Inc.",2834,Pharmaceutical Preparations,RADNOR,PA,
0002035697,PLBL,Polibeli Group Ltd,5064,"Wholesale-Electrical Appliances, Tv & Radio Sets",DAERAH KHUSUS IBUKOTA JAKARTA,K8,14450
0001468328,ADUS,Addus HomeCare Corp,8082,Services-Home Health Care Services,FRISCO,TX,75034
0001519449,SKWD,"Skyward Specialty Insurance Group, Inc.",6331,"Fire, Marine & Casualty Insurance",HOUSTON,TX,77024
0002114044,COAG,"Hemab Therapeutics Holdings, Inc.",2836,"Biological Products, (No Diagnostic Substances)",CAMBRIDGE,MA,02142
0001788060,VOYG,"Voyager Technologies, Inc./TX",3760,Guided Missiles & Space Vehicles & Parts,DENVER,CO,80202
0001902733,NCNO,"nCino, Inc.",7372,Services-Prepackaged Software,WILMINGTON,NC,28405
0001309167,AEGXF,Aecon Group Inc.,,,TORONTO,,M9W7K
0000907242,MCRI,MONARCH CASINO & RESORT INC,7011,Hotels & Motels,RENO,NV,89502
0001622629,SXGCF,Southern Cross Gold Consolidated Ltd.,,,VANCOUVER,,V6E 3
0001336917,UAA,"Under Armour, Inc.",2300,Apparel & Other Finishd Prods of  Fabrics & Similar Matl,BALTIMORE,MD,21230
0001603015,VIA,"Via Transportation, Inc.",7372,Services-Prepackaged Software,NEW YORK,NY,10011
0001471265,NWBI,"Northwest Bancshares, Inc.",6021,National Commercial Banks,WARREN,PA,16365
0001828365,RLX,RLX Technology Inc.,2111,Cigarettes,GUANGDONG PROVINCE,,51812
0000078814,PBI,PITNEY BOWES INC /DE/,3579,"Office Machines, NEC",SHELTON,CT,06484
0001802665,HRMY,"Harmony Biosciences Holdings, Inc.",2834,Pharmaceutical Preparations,PLYMOUTH MEETING,PA,19462
0001831828,VERA,"Vera Therapeutics, Inc.",2834,Pharmaceutical Preparations,BRISBANE,CA,94005
0001811210,LCID,"Lucid Group, Inc.",3711,Motor Vehicles & Passenger Car Bodies,NEWARK,CA,94560
0001265131,HTH,Hilltop Holdings Inc.,6022,State Commercial Banks,DALLAS,TX,75205
0001469367,RUN,Sunrun Inc.,3690,"Miscellaneous Electrical Machinery, Equipment & Supplies",SAN FRANCISCO,CA,94108
0001760854,NBTX,Nanobiotix S.A.,2834,Pharmaceutical Preparations,PARIS,I0,75012
0001709682,CTOS,"Custom Truck One Source, Inc.",7359,"Services-Equipment Rental & Leasing, NEC",KANSAS CITY,MO,64125
0000887905,LTC,LTC PROPERTIES INC,6798,Real Estate Investment Trusts,WESTLAKE VILLAGE,CA,91361
0001477720,ASAN,"Asana, Inc.",7372,Services-Prepackaged Software,SAN FRANCISCO,CA,94107
0001981599,CTRI,"Centuri Holdings, Inc.",4923,Natural Gas Transmisison & Distribution,PHOENIX,AZ,85027
0001983550,TDTH,Trident Digital Tech Holdings Ltd,7389,"Services-Business Services, NEC",SINGAPORE,,
0001652535,ICHR,"ICHOR HOLDINGS, LTD.",3674,Semiconductors & Related Devices,FREMONT,CA,94538
0001368514,ADMA,"ADMA BIOLOGICS, INC.",2836,"Biological Products, (No Diagnostic Substances)",RAMSEY,NJ,07446
0001801170,CLOV,"CLOVER HEALTH INVESTMENTS, CORP. /DE",6324,Hospital & Medical Service Plans,JERSEY CITY,NJ,07302
0000891014,MTX,MINERALS TECHNOLOGIES INC,2810,Industrial Inorganic Chemicals,NEW YORK,NY,10017
0001030469,OFG,OFG BANCORP,6022,State Commercial Banks,SAN JUAN,PR,00918
0001806837,VERX,"Vertex, Inc.",7372,Services-Prepackaged Software,KING OF PRUSSIA,PA,19406
0001648257,HCM,HUTCHMED (China) Ltd,2834,Pharmaceutical Preparations,HONG KONG,,
0002088281,MFP,"Midera Food Processing, Inc.",3580,Refrigeration & Service Industry Machinery,ELGIN,IL,60120
0001266585,NMZ,NUVEEN MUNICIPAL HIGH INCOME OPPORTUNITY FUND,,,CHICAGO,IL,60606
0001798562,TMC,TMC the metals Co Inc.,1000,Metal Mining,VANCOUVER,A1,V6E 2
0001834489,GENI,Genius Sports Ltd,7990,Services-Miscellaneous Amusement & Recreation,LONDON,X0,W1D 3
0001253327,EVT,Eaton Vance Tax-Advantaged Dividend Income Fund,,,BOSTON,MA,02109
0001262976,CMPR,CIMPRESS plc,2750,Commercial Printing,"DUNDALK, COUNTY LOUTH",L2,A91 H
0001866226,EMAT,Evolution Metals & Technologies Corp.,3690,"Miscellaneous Electrical Machinery, Equipment & Supplies",WEST PALM BEACH,FL,33401
0000818479,XRAY,DENTSPLY SIRONA Inc.,3843,Dental Equipment & Supplies,CHARLOTTE,NC,28277
0000712537,FCF,FIRST COMMONWEALTH FINANCIAL CORP /PA/,6021,National Commercial Banks,INDIANA,PA,15701
0000814083,CLM,"Cornerstone Strategic Investment Fund, Inc.",,,CINCINNATI,OH,45246
0000887359,VCEL,Vericel Corp,2836,"Biological Products, (No Diagnostic Substances)",BURLINGTON,MA,01803
0000903651,INOD,INNODATA INC,7374,Services-Computer Processing & Data Preparation,RIDGEFIELD PARK,NJ,07660
0000893949,MD,"Pediatrix Medical Group, Inc.",8060,Services-Hospitals,SUNRISE,FL,33323
0001733998,NWN,Northwest Natural Holding Co,4924,Natural Gas Distribution,PORTLAND,OR,97204
0001529274,ALKT,"ALKAMI TECHNOLOGY, INC.",7372,Services-Prepackaged Software,PLANO,TX,75024
0001596993,LPG,DORIAN LPG LTD.,4412,Deep Sea Foreign Transportation of  Freight,STAMFORD,CT,06902
0001688757,ESTA,ESTABLISHMENT LABS HOLDINGS INC.,3842,"Orthopedic, Prosthetic & Surgical Appliances & Supplies",ALAJUELA,G2,20101
0001745431,STNE,StoneCo Ltd.,7374,Services-Computer Processing & Data Preparation,GRAND CAYMAN,E9,KY1-1
0001280058,BLKB,BLACKBAUD INC,7372,Services-Prepackaged Software,CHARLESTON,SC,29492
0001804745,DRVN,Driven Brands Holdings Inc.,7500,"Services-Automotive Repair, Services & Parking",CHARLOTTE,NC,28202
0001798100,NTST,NETSTREIT Corp.,6798,Real Estate Investment Trusts,DALLAS,TX,75201
0001526113,GNL,"Global Net Lease, Inc.",6798,Real Estate Investment Trusts,NEW YORK,NY,10019
0001077183,NEO,NEOGENOMICS INC,8734,Services-Testing Laboratories,FORT MYERS,FL,33912
0001619762,BRSL,Brightstar Lottery PLC,7990,Services-Miscellaneous Amusement & Recreation,LONDON,,EC2M 
0001980088,MNR,MACH NATURAL RESOURCES LP,1311,Crude Petroleum & Natural Gas,OKLAHOMA CITY,OK,73134
0000094344,STC,STEWART INFORMATION SERVICES CORP,6361,Title Insurance,HOUSTON,TX,77056
0001380936,GOF,GUGGENHEIM STRATEGIC OPPORTUNITIES FUND,,,CHICAGO,IL,60606
0001295810,SHO,"Sunstone Hotel Investors, Inc.",7011,Hotels & Motels,ALISO VIEJO,CA,92656
0001768666,BSTZ,BlackRock Science & Technology Term Trust,,,WILMINGTON,DE,19809
0001474098,PEB,Pebblebrook Hotel Trust,6798,Real Estate Investment Trusts,BETHESDA,MD,20814
0000876883,STGW,Stagwell Inc,7311,Services-Advertising Agencies,NEW YORK,NY,10007
0001750704,HAWK,"HawkEye 360, Inc.",7374,Services-Computer Processing & Data Preparation,HERNDON,VA,20170
0001409970,HAPN,"Happen, Inc.",6141,Personal Credit Institutions,SAN FRANCISCO,CA,94108
0001362468,ALGT,Allegiant Travel CO,4512,"Air Transportation, Scheduled",LAS VEGAS,NV,89144
0000034782,SRCE,1ST SOURCE CORP,6022,State Commercial Banks,SOUTH BEND,IN,46601
0001084961,ECPG,ENCORE CAPITAL GROUP INC,6153,Short-Term Business Credit Institutions,SAN DIEGO,CA,92108
0001935979,BHVN,Biohaven Ltd.,2834,Pharmaceutical Preparations,NEW HAVEN,CT,06510
0002068385,SHAZ,SharonAI Holdings Inc.,7374,Services-Computer Processing & Data Preparation,NEW YORK,NY,10151
0002126198,XPRO,Expro Ltd,1389,"Oil & Gas Field Services, NEC",CAMANA BAY,,KY1-9
0001052752,GTY,GETTY REALTY CORP /MD/,6500,Real Estate,NEW YORK,NY,10017
0001645113,NVCR,NovoCure Ltd,3841,Surgical & Medical Instruments & Apparatus,ST. HELIER,,
0001819928,DV,"DoubleVerify Holdings, Inc.",7370,"Services-Computer Programming, Data Processing, Etc.",NEW YORK,NY,10013
0001953926,ZBIO,"Zenas BioPharma, Inc.",2834,Pharmaceutical Preparations,WALTHAM,MA,02451
0001381640,MLCO,Melco Resorts & Entertainment LTD,7011,Hotels & Motels,HONG KONG.,K3,00000
0000042682,GRC,GORMAN RUPP CO,3561,Pumps & Pumping Equipment,MANSFIELD,OH,44901
0002086716,STDN,"Standard Nuclear, Inc.",2810,Industrial Inorganic Chemicals,OAK RIDGE,TN,37830
0000850141,HMN,HORACE MANN EDUCATORS CORP /DE/,6331,"Fire, Marine & Casualty Insurance",SPRINGFIELD,IL,62715
0002100782,GENB,"Generate Biomedicines, Inc.",2834,Pharmaceutical Preparations,SOMERVILLE,MA,02143
0001512499,LIND,"LINDBLAD EXPEDITIONS HOLDINGS, INC.",4700,Transportation Services,NEW YORK,NY,10036
0001583648,PVLA,"PALVELLA THERAPEUTICS, INC.",2834,Pharmaceutical Preparations,WAYNE,PA,19087
0001636639,PLGO,Pelagos Insurance Capital Ltd,6331,"Fire, Marine & Casualty Insurance",PEMBROKE,,HM08
0000354707,HE,HAWAIIAN ELECTRIC INDUSTRIES INC,4911,Electric Services,HONOLULU,HI,96813
0001739566,UTZ,"Utz Brands, Inc.",2090,Miscellaneous Food Preparations & Kindred Products,HANOVER,PA,17331
0001439222,AGIO,"AGIOS PHARMACEUTICALS, INC.",2834,Pharmaceutical Preparations,CAMBRIDGE,MA,02139
0001564902,PRKS,United Parks & Resorts Inc.,7990,Services-Miscellaneous Amusement & Recreation,ORLANDO,FL,32821
0001832511,PIII,P3 Health Partners Inc.,8000,Services-Health Services,CHICAGO,IL,60612
0000080035,PLPC,PREFORMED LINE PRODUCTS CO,1623,"Water, Sewer, Pipeline, Comm & Power Line Construction",CLEVELAND,OH,44101
0001042893,INVX,"Innovex International, Inc.",3533,Oil & Gas Field Machinery & Equipment,HUMBLE,TX,77338
0000726854,CHCO,CITY HOLDING CO,6021,National Commercial Banks,CHARLESTON,WV,25313
0001046568,PRDO,PERDOCEO EDUCATION Corp,8200,Services-Educational Services,SCHAUMBURG,IL,60173
0002013649,CHA,Chagee Holdings Ltd.,5810,Retail-Eating & Drinking Places,SICHUAN,F4,61000
0001326732,XNCR,Xencor Inc,2834,Pharmaceutical Preparations,PASADENA,CA,91107
0002100161,BXDC,Blackstone Digital Infrastructure Trust Inc.,6500,Real Estate,NEW YORK,NY,10154
0000873303,SRPT,"Sarepta Therapeutics, Inc.",2834,Pharmaceutical Preparations,CAMBRIDGE,MA,02142
0001812477,KEEL,Keel Infrastructure Corp.,6199,Finance Services,NEW YORK,NY,10004
0001781753,DAO,"Youdao, Inc.",8200,Services-Educational Services,"BINJIANG DISTRICT, HANGZHOU",,
0001623526,STOK,"Stoke Therapeutics, Inc.",2834,Pharmaceutical Preparations,BEDFORD,MA,01730
0001000753,NSP,"INSPERITY, INC.",7363,Services-Help Supply Services,KINGWOOD,TX,77339
0001551306,PGNY,"Progyny, Inc.",8090,"Services-Misc Health & Allied Services, NEC",NEW YORK,NY,10018
0001050377,CNXN,PC CONNECTION INC,5045,Wholesale-Computers & Peripheral Equipment & Software,MERRIMACK,NH,03054
0001576940,CCS,"Century Communities, Inc.",1531,Operative Builders,GREENWOOD VILLAGE,CO,80111
0000109177,SPB,"Spectrum Brands Holdings, Inc.",3690,"Miscellaneous Electrical Machinery, Equipment & Supplies",MIDDLETON,WI,53562
0001855129,GHRS,GH Research PLC,2834,Pharmaceutical Preparations,DUBLIN 2,L2,D02 R
0001867729,WRD,WeRide Inc.,7373,Services-Computer Integrated Systems Design,GUANZHOU,,51030
0001022321,GEL,GENESIS ENERGY LP,4610,Pipe Lines (No Natural Gas),HOUSTON,TX,77002
0001806310,TSHA,"Taysha Gene Therapies, Inc.",2836,"Biological Products, (No Diagnostic Substances)",DALLAS,TX,75247
0001754195,TRLV,Trulieve Cannabis Corp.,2833,Medicinal Chemicals & Botanical Products,TALLAHASSEE,FL,32312
0001293135,VET,VERMILION ENERGY INC.,1311,Crude Petroleum & Natural Gas,CALGARY,A0,T2P 0
0000897077,ALG,ALAMO GROUP INC,3523,Farm Machinery & Equipment,SEGUIN,TX,78155
0001075415,DHC,DIVERSIFIED HEALTHCARE TRUST,6798,Real Estate Investment Trusts,NEWTON,MA,02458
0000949870,SAM,BOSTON BEER CO INC,2082,Malt Beverages,BOSTON,MA,02210
0002078856,PURR,Hyperliquid Strategies Inc,6199,Finance Services,NEW YORK,NY,10022
0001657788,KRP,"Kimbell Royalty Partners, LP",1311,Crude Petroleum & Natural Gas,FORT WORTH,TX,76102
0001784535,PRCH,"Porch Group, Inc.",7372,Services-Prepackaged Software,SEATTLE,WA,98104
0001561861,AERO,"Grupo Aeromexico, S.A.B. de C.V.",4512,"Air Transportation, Scheduled","MEXICO, D.F.",O5,06500
0001884082,PSNY,Polestar Automotive Holding UK PLC,3711,Motor Vehicles & Passenger Car Bodies,GOTEBORG,V7,405 3
0001083446,ASTH,"Astrana Health, Inc.",8742,Services-Management Consulting Services,ALHAMBRA,CA,91801
0001828102,KARO,Karooooo Ltd.,7372,Services-Prepackaged Software,NEW BRIDGE CENTRE,,
0001589526,BLBD,Blue Bird Corp,3713,Truck & Bus Bodies,MACON,GA,31210
0001717161,CEPU,CENTRAL PUERTO S.A.,4911,Electric Services,BUENOS AIRES,,
0002032966,TIC,"TIC Solutions, Inc.",7389,"Services-Business Services, NEC",HOUSTON,TX,77056
0001043000,SNDA,"SONIDA SENIOR LIVING, INC.",8050,Services-Nursing & Personal Care Facilities,DALLAS,TX,75254
0002123613,KARD,"Kardigan, Inc.",2834,Pharmaceutical Preparations,SOUTH SAN FRANCISCO,CA,94080
0001816590,CMPS,COMPASS Pathways plc,2834,Pharmaceutical Preparations,CHESIRE,X0,WA14 
0001585364,PRGO,PERRIGO Co plc,2834,Pharmaceutical Preparations,DUBLIN 2,L2,D02 T
0001616000,XHR,"Xenia Hotels & Resorts, Inc.",7011,Hotels & Motels,ORLANDO,FL,32801
0001585389,SMA,"SmartStop Self Storage REIT, Inc.",6798,Real Estate Investment Trusts,LADERA RANCH,CA,92694
0000006955,EPAC,ENERPAC TOOL GROUP CORP,3590,Misc Industrial & Commercial Machinery & Equipment,MILWAUKEE,WI,53203
0000099614,TY,TRI-CONTINENTAL Corp,,,BOSTON,MA,02210
0001394832,ATS,ATS Corp /ATS,3569,"General Industrial Machinery & Equipment, NEC",CAMBRIDGE,A6,N3H 4
0001314727,SONO,Sonos Inc,3651,Household Audio & Video Equipment,SANTA BARBARA,CA,93117
0001084048,ZD,"ZIFF DAVIS, INC.",4822,Telegraph & Other Message Communications,NEW YORK,NY,10010
0001419612,SEDG,"SOLAREDGE TECHNOLOGIES, INC.",3674,Semiconductors & Related Devices,HERZILIYA PITUACH,,
0002131524,BRVE,"Braveheart Bio, Inc.",2834,Pharmaceutical Preparations,SAN FRANCISCO,CA,94129
0001984086,SEPN,"Septerna, Inc.",2834,Pharmaceutical Preparations,SOUTH SAN FRANCISCO,CA,94080
0001508475,VNET,"VNET Group, Inc.",7370,"Services-Computer Programming, Data Processing, Etc.",Beijing,F4,10001
0001282631,NLST,NETLIST INC,3674,Semiconductors & Related Devices,IRVINE,CA,92617
0002073620,PAEXY,Parex Resources Inc./ADR,,,NEW YORK,NY,10271
0001462120,LOB,"Live Oak Bancshares, Inc.",6022,State Commercial Banks,WILMINGTON,NC,28403
0001123134,IMOS,CHIPMOS TECHNOLOGIES INC,3674,Semiconductors & Related Devices,TAIWAN,F5,00000
0001120914,PDFS,PDF SOLUTIONS INC,7372,Services-Prepackaged Software,SANTA CLARA,CA,95050
0001443669,PRLB,Proto Labs Inc,3440,Fabricated Structural Metal Products,Maple Plain,MN,55359
0001158895,LMAT,LEMAITRE VASCULAR INC,3841,Surgical & Medical Instruments & Apparatus,BURLINGTON,MA,01803
0000714395,GABC,"GERMAN AMERICAN BANCORP, INC.",6022,State Commercial Banks,JASPER,IN,47546
0001937653,ZYME,Zymeworks Inc.,2834,Pharmaceutical Preparations,MIDDLETOWN,DE,19709
0001941365,MBC,"MasterBrand, Inc.",2511,"Wood Household Furniture, (No Upholstered)",BEACHWOOD,OH,44122
0001800315,DMRA,"Damora Therapeutics, Inc.",2834,Pharmaceutical Preparations,WALTHAM,MA,02453
0000812801,NUV,NUVEEN MUNICIPAL VALUE FUND INC,,,CHICAGO,IL,60606
0001713930,NEXA,Nexa Resources S.A.,1000,Metal Mining,LUXEMBOURG,,
0001475841,NBHC,National Bank Holdings Corp,6021,National Commercial Banks,GREENWOOD VILLAGE,CO,80111
0001612720,NEXT,NextDecade Corp,4923,Natural Gas Transmisison & Distribution,HOUSTON,TX,77002
0001580808,ATEN,"A10 Networks, Inc.",3576,Computer Communications Equipment,SAN JOSE,CA,95131
0001004702,OCFC,OCEANFIRST FINANCIAL CORP,6021,National Commercial Banks,TOMS RIVER,NJ,08753
0001666134,BL,"BLACKLINE, INC.",7372,Services-Prepackaged Software,WOODLAND HILLS,CA,91367
0001421876,LKFT,Lakefront Biotherapeutics NV,2834,Pharmaceutical Preparations,2800 MECHELEN,,
0000921557,RBCAA,REPUBLIC BANCORP INC /KY/,6022,State Commercial Banks,LOUISVILLE,KY,40202
0001503584,CMRE,Costamare Inc.,4412,Deep Sea Foreign Transportation of  Freight,MONACO,,MC980
0000789460,WKC,WORLD KINECT CORP,5172,Wholesale-Petroleum & Petroleum Products (No Bulk Stations),MIAMI,FL,33178
0001671927,IMCR,Immunocore Holdings plc,2836,"Biological Products, (No Diagnostic Substances)",OXFORDSHIRE,X0,OX14 
0001825570,PAX,Patria Investments Ltd,6282,Investment Advice,GRAND CAYMAN,E9,KY1-9
0001758009,QUBT,Quantum Computing Inc.,7372,Services-Prepackaged Software,HOBOKEN,NJ,07030
0001013934,STRA,"Strategic Education, Inc.",8200,Services-Educational Services,HERNDON,VA,20171
0001270523,ETG,Eaton Vance Tax-Advantaged Global Dividend Income Fund,,,BOSTON,MA,02110
0000834365,BLFS,BIOLIFE SOLUTIONS INC,3845,Electromedical & Electrotherapeutic Apparatus,BOTHELL,WA,98021
0001638833,SGRY,"Surgery Partners, Inc.",8062,"Services-General Medical & Surgical Hospitals, NEC",BRENTWOOD,TN,
0001508655,TSLX,"Sixth Street Specialty Lending, Inc.",,,DALLAS,TX,75201
0001534675,TGLS,Tecnoglass Holdings Inc.,3211,Flat Glass,MIAMI,FL,33142
0001798618,PDO,PIMCO Dynamic Income Opportunities Fund,,,NEW YORK,NY,10019
0000876167,PRGS,PROGRESS SOFTWARE CORP /MA,7372,Services-Prepackaged Software,BURLINGTON,MA,01803
0001411342,EFC,Ellington Financial Inc.,6500,Real Estate,Greenwich,CT,06870
0001128361,HOPE,HOPE BANCORP INC,6021,National Commercial Banks,LOS ANGELES,CA,90010
0000356171,TCBK,TRICO BANCSHARES /,6022,State Commercial Banks,CHICO,CA,95973
0001509991,KOS,Kosmos Energy Ltd.,1311,Crude Petroleum & Natural Gas,DALLAS,TX,75231
0001559865,EVTC,"EVERTEC, Inc.",7374,Services-Computer Processing & Data Preparation,RIO PIEDRAS,PR,00926
0001601830,RXRX,"RECURSION PHARMACEUTICALS, INC.",2836,"Biological Products, (No Diagnostic Substances)",SALT LAKE CITY,UT,84101
0001500217,AAT,"American Assets Trust, Inc.",6798,Real Estate Investment Trusts,SAN DIEGO,CA,92121
0001045986,FORTY,FORMULA SYSTEMS (1985) LTD,7371,Services-Computer Programming Services,OR YEHUDA,L3,60375
0002132582,LYNX,Lyntris Inc.,3812,"Search, Detection, Navigation, Guidance, Aeronautical Sys",DALLAS,TX,75201
0001158463,JBLU,JETBLUE AIRWAYS CORP,4512,"Air Transportation, Scheduled",LONG ISLAND CITY,NY,11101
0001652130,NTLA,"Intellia Therapeutics, Inc.",2835,In Vitro & In Vivo Diagnostic Substances,CAMBRIDGE,MA,02139
0001023024,ANIP,ANI PHARMACEUTICALS INC,2834,Pharmaceutical Preparations,PRINCETON,NJ,08540
0001539638,TFIN,"Triumph Financial, Inc.",6022,State Commercial Banks,DALLAS,TX,75251
0000846617,DCOM,"Dime Commercial Bancshares, Inc. /NY/",6021,National Commercial Banks,HAUPPAUGE,NY,11788
0000910612,CBL,CBL & ASSOCIATES PROPERTIES INC,6798,Real Estate Investment Trusts,CHATTANOOGA,TN,37421
0001322436,ETV,Eaton Vance Tax-Managed Buy-Write Opportunities Fund,,,BOSTON,MA,02109
0000719220,STBA,S&T BANCORP INC,6022,State Commercial Banks,INDIANA,PA,15701
0001307954,HUN,Huntsman CORP,2800,Chemicals & Allied Products,THE WOODLANDS,TX,77380
0001901279,NYAX,Nayax Ltd.,7372,Services-Prepackaged Software,HERZLIYA,L3,46590
0001595761,WB,WEIBO Corp,7370,"Services-Computer Programming, Data Processing, Etc.",BEIJING,,10002
0000810136,PLAB,PHOTRONICS INC,3674,Semiconductors & Related Devices,BROOKFIELD,CT,06804
0001857816,GCT,GigaCloud Technology Inc,5961,Retail-Catalog & Mail-Order Houses,EL MONTE,CA,91731
0001527753,PSNL,"Personalis, Inc.",8071,Services-Medical Laboratories,FREMONT,CA,94555
0001286973,USAS,Americas Gold & Silver Corp,1000,Metal Mining,TORONTO,A6,M5H 1
0000102426,STEW,"SRH Total Return Fund, Inc.",,,DENVER,CO,
0001395937,SNDX,Syndax Pharmaceuticals Inc,2834,Pharmaceutical Preparations,NEW YORK,NY,10017
0001709442,FSUN,FIRSTSUN CAPITAL BANCORP,6021,National Commercial Banks,DENVER,CO,80202
0001609550,INSP,"Inspire Medical Systems, Inc.",3841,Surgical & Medical Instruments & Apparatus,GOLDEN VALLEY,MN,55416
0001511337,RLJ,RLJ Lodging Trust,6798,Real Estate Investment Trusts,BETHESDA,MD,20814
0001772253,FLNG,Flex LNG Ltd.,4400,Water Transportation,HAMILTON,D0,00000
0001290677,TPB,"Turning Point Brands, Inc.",2100,Tobacco Products,LOUISVILLE,KY,40229
0001746618,RVLV,"Revolve Group, Inc.",5961,Retail-Catalog & Mail-Order Houses,CERRITOS,CA,90703
0001712189,TH,Target Hospitality Corp.,7000,"Hotels, Rooming Houses, Camps & Other Lodging Places",THE WOODLANDS,TX,77381
0000876523,EZPW,EZCORP INC,5900,Retail-Miscellaneous Retail,ROLLINGWOOD,TX,78746
0002095292,BVENY,Brava Energia S.A.,,,RIO DE JANEIRO,,22250
0001710340,ETON,"Eton Pharmaceuticals, Inc.",2834,Pharmaceutical Preparations,DEER PARK,IL,60010
0000907471,CASH,"PATHWARD FINANCIAL, INC.",6021,National Commercial Banks,SIOUX FALLS,SD,57108
0001332283,BDJ,BlackRock Enhanced Equity Dividend Trust,,,WILMINGTON,DE,19809
0001164009,FXCNY,FIH Mobile Ltd,,,SHENZHEN,F4,51810
0001702750,BY,"BYLINE BANCORP, INC.",6022,State Commercial Banks,CHICAGO,IL,60601
0002094100,MDCOY,PT Medco Energi Internasional Tbk/ADR,,,NEW YORK,NY,10017
0002105139,ADIG,ADI GLOBAL DISTRIBUTION INC.,5072,Wholesale-Hardware,WILMINGTON,DE,19808
0001968487,WS,"Worthington Steel, Inc.",3310,"Steel Works, Blast Furnaces & Rolling & Finishing Mills",COLUMBUS,OH,43085
0001965040,FTRE,Fortrea Holdings Inc.,8071,Services-Medical Laboratories,DURHAM,NC,27709
0001323468,GLP,GLOBAL PARTNERS LP,5171,Wholesale-Petroleum Bulk Stations & Terminals,NEWTON,MA,02466
0001688568,DXC,DXC Technology Co,7374,Services-Computer Processing & Data Preparation,ASHBURN,VA,20147
0001967649,VSTS,Vestis Corp,5190,Wholesale-Miscellaneous Nondurable Goods,ROSWELL,GA,30076
0001999001,FUN,Six Flags Entertainment Corporation/NEW,7900,Services-Amusement & Recreation Services,CHARLOTTE,NC,28217
0002094433,RMIX,"Suncrete, Inc.",3272,"Concrete Products, Except Block & Brick",TULSA,OK,
0001866692,AMPL,"Amplitude, Inc.",7372,Services-Prepackaged Software,SAN FRANCISCO,CA,94103
0001853145,EVCM,EverCommerce Inc.,7372,Services-Prepackaged Software,DENVER,CO,80205
0001557860,GLOB,Globant S.A.,7374,Services-Computer Processing & Data Preparation,N/A,N4,L-185
0001746109,BFC,Bank First Corp,6021,National Commercial Banks,MANITOWOC,WI,54220
0001883085,PGY,Pagaya Technologies Ltd.,6199,Finance Services,NEW YORK,NY,10017
0000042582,GT,GOODYEAR TIRE & RUBBER CO /OH/,3011,Tires & Inner Tubes,AKRON,OH,44316
0001157842,RQI,COHEN & STEERS QUALITY INCOME REALTY FUND INC,,,NEW YORK,NY,10036
0001370053,ANAB,"ANAPTYSBIO, INC",2834,Pharmaceutical Preparations,SAN DIEGO,CA,92121
0000819793,AIN,ALBANY INTERNATIONAL CORP /DE/,2221,"Broadwoven Fabric Mills, Man Made Fiber & Silk",ROCHESTER,NH,03867
0002082141,AVVSY,Avio S.p.A./ADR,,,NEW YORK,NY,10179
0000110471,WWW,WOLVERINE WORLD WIDE INC /DE/,3140,"Footwear, (No Rubber)",ROCKFORD,MI,49351
0000785956,JJSF,J&J SNACK FOODS CORP,2052,Cookies & Crackers,MOUNT LAUREL,NJ,08054
0001651562,COUR,"Coursera, Inc.",7372,Services-Prepackaged Software,MOUNTAIN VIEW,CA,94040
0000030697,WEN,Wendy's Co,5810,Retail-Eating & Drinking Places,DUBLIN,OH,43017
0000046129,ALNT,ALLIENT INC,3825,Instruments For Meas & Testing of  Electricity & Elec Signals,WILLIAMSVILLE,NY,14221
0001809541,BCAT,BlackRock Capital Allocation Term Trust,,,WILMINGTON,DE,19809
0001540171,AVLN,Avalyn Pharma Inc.,2834,Pharmaceutical Preparations,BOSTON,MA,02127
0000906465,QCRH,QCR HOLDINGS INC,6022,State Commercial Banks,MOLINE,IL,61265
0001879016,IE,Ivanhoe Electric Inc.,1000,Metal Mining,TEMPE,AZ,85281
0001522540,MQ,"Marqeta, Inc.",7372,Services-Prepackaged Software,OAKLAND,CA,94612
0001795139,GTBIF,Green Thumb Industries Inc.,0100,Agricultural Production-Crops,CHICAGO,IL,60654
0001786108,TRIN,Trinity Capital Inc.,,,PHOENIX,AZ,85004
0001508478,ARCO,Arcos Dorados Holdings Inc.,5812,Retail-Eating  Places,MONTEVIDEO,X3,11300
0001304492,ATEX,Anterix Inc.,4813,Telephone Communications (No Radiotelephone),WOODLAND PARK,NJ,07424
0000026058,CTS,CTS CORP,3672,Printed Circuit Boards,LISLE,IL,60532
0001737450,OPRA,Opera Ltd,7372,Services-Prepackaged Software,OSLO,Q8,0485
0001883313,SVV,"Savers Value Village, Inc.",5900,Retail-Miscellaneous Retail,BELLEVUE,WA,98004
0001419041,FBRX,"Forte Biosciences, Inc.",2834,Pharmaceutical Preparations,DALLAS,TX,75247
0001482512,HPP,"Hudson Pacific Properties, Inc.",6500,Real Estate,LOS ANGELES,CA,90025
0001516912,OBK,"Origin Bancorp, Inc.",6022,State Commercial Banks,RUSTON,LA,71270
0000720762,NIMU,NON INVASIVE MONITORING SYSTEMS INC /FL/,3760,Guided Missiles & Space Vehicles & Parts,MIAMI BEACH,FL,33139
0001981535,SBET,"Sharplink, Inc.",6199,Finance Services,MIAMI,FL,33131
0001672688,ABSI,Absci Corp,8731,Services-Commercial Physical & Biological Research,VANCOUVER,WA,98683
0000860748,KMPR,KEMPER Corp,6331,"Fire, Marine & Casualty Insurance",CHICAGO,IL,60601
0001848275,TOP,TOP Financial Group Ltd,6200,"Security & Commodity Brokers, Dealers, Exchanges & Services",SINGAPORE,,
0000712771,CNOB,"ConnectOne Bancorp, Inc.",6022,State Commercial Banks,ENGLEWOOD CLIFFS,NJ,07632
0001984060,AESI,Atlas Energy Solutions Inc.,1311,Crude Petroleum & Natural Gas,AUSTIN,TX,78730
0000926326,OMCL,"OMNICELL, INC.",3571,Electronic Computers,FORT WORTH,TX,76137
0001822492,HLMN,Hillman Solutions Corp.,3420,"Cutlery, Handtools & General Hardware",CINCINNATI,OH,45240
0002023311,AAPG,ASCENTAGE PHARMA GROUP INTERNATIONAL,2834,Pharmaceutical Preparations,"SUZHOU , JIANGSU",,
0000933974,AZTA,"Azenta, Inc.",3559,"Special Industry Machinery, NEC",BURLINGTON,MA,01803
0002023658,BCAX,Bicara Therapeutics Inc.,2834,Pharmaceutical Preparations,BOSTON,MA,02116
0000703604,DSGR,"Distribution Solutions Group, Inc.",5080,"Wholesale-Machinery, Equipment & Supplies",FORT WORTH,TX,76102
0000040417,GAM,GENERAL AMERICAN INVESTORS CO INC,,,NEW YORK,NY,10036
0001877184,KMTS,"KESTRA MEDICAL TECHNOLOGIES, LTD.",3841,Surgical & Medical Instruments & Apparatus,KIRKLAND,WA,98033
0001499505,AGRO,Adecoagro S.A.,0100,Agricultural Production-Crops,N/A,N4,L-241
0001777835,PWP,Perella Weinberg Partners,6199,Finance Services,NEW YORK,NY,10153
0000050493,IMKTA,INGLES MARKETS INC,5411,Retail-Grocery Stores,ASHEVILLE,NC,28816
0001842295,MAZE,"Maze Therapeutics, Inc.",2836,"Biological Products, (No Diagnostic Substances)",SOUTH SAN FRANCISCO,CA,94080
0001362004,ICFI,"ICF International, Inc.",8742,Services-Management Consulting Services,RESTON,VA,20190
0001831097,AGL,"agilon health, inc.",8090,"Services-Misc Health & Allied Services, NEC",WESTERVILLE,OH,43082
0001867096,XERS,"Xeris Biopharma Holdings, Inc.",2834,Pharmaceutical Preparations,CHICAGO,IL,60607
0000319654,PBT,PERMIAN BASIN ROYALTY TRUST,6792,Oil Royalty Traders,DALLAS,TX,75219
0001530721,CPRI,Capri Holdings Ltd,3100,Leather & Leather Products,LONDON,X0,W1T 4
0000017313,CSWC,CAPITAL SOUTHWEST CORP,,,DALLAS,TX,75225
0002143673,UROY,Uranium Royalty Corp.,6221,Commodity Contracts Brokers & Dealers,LAKEWOOD,CO,80228
0000731012,HCSG,HEALTHCARE SERVICES GROUP INC,8050,Services-Nursing & Personal Care Facilities,BENSALEM,PA,19020
0002110117,ITG,"ITG, Inc./DE/",1623,"Water, Sewer, Pipeline, Comm & Power Line Construction",FORT LAUDERDALE,FL,33308
0001712184,LILA,Liberty Latin America Ltd.,4841,Cable & Other Pay Television Services,DENVER,CO,80202
0001803599,CNXC,Concentrix Corp,7389,"Services-Business Services, NEC",NEWARK,CA,94560
0001677576,IIPR,INNOVATIVE INDUSTRIAL PROPERTIES INC,6500,Real Estate,PARK CITY,UT,84098
0001360214,HROW,"HARROW, INC.",2834,Pharmaceutical Preparations,NASHVILLE,TN,
0001438133,TNDM,TANDEM DIABETES CARE INC,3841,Surgical & Medical Instruments & Apparatus,San Diego,CA,92130
0001128928,FLO,FLOWERS FOODS INC,2000,Food and Kindred Products,THOMASVILLE,GA,31757
0002070534,SLBT,SL Science Holding Ltd,2836,"Biological Products, (No Diagnostic Substances)",TAIPEI CITY,,11501
0000066382,MLKN,"MILLERKNOLL, INC.",2520,Office Furniture,ZEELAND,MI,49464
0001514416,BAND,Bandwidth Inc.,7372,Services-Prepackaged Software,RALEIGH,NC,27607
0000816956,CNMD,CONMED Corp,3845,Electromedical & Electrotherapeutic Apparatus,LARGO,FL,33773
0001808834,PRG,"PROG Holdings, Inc.",7359,"Services-Equipment Rental & Leasing, NEC",DRAPER,UT,84020
0001706431,VIR,"Vir Biotechnology, Inc.",2836,"Biological Products, (No Diagnostic Substances)",SAN FRANCISCO,CA,94158
0002007596,TWFG,"TWFG, Inc.",6411,"Insurance Agents, Brokers & Service",THE WOODLANDS,TX,77380
0001863127,TYRA,"Tyra Biosciences, Inc.",2834,Pharmaceutical Preparations,CARLSBAD,CA,92008
0002080921,APC,ARKO Petroleum Corp.,5172,Wholesale-Petroleum & Petroleum Products (No Bulk Stations),RICHMOND,VA,23227
0002091349,TRAX,"First Tracks Biotherapeutics, Inc.",2834,Pharmaceutical Preparations,SAN DIEGO,CA,92121
0001691082,LBRX,LB PHARMACEUTICALS INC,2834,Pharmaceutical Preparations,NEW YORK,NY,10022
0001368458,SBH,"Sally Beauty Holdings, Inc.",5990,"Retail-Retail Stores, NEC",PLANO,TX,75024
0001853962,IAUX,i-80 Gold Corp.,1040,Gold and Silver Ores,TORONTO,,M5H 3
0001670541,ADNT,Adient plc,3714,Motor Vehicle Parts & Accessories,DUBLIN,,
0001080014,INVA,"Innoviva, Inc.",2834,Pharmaceutical Preparations,BURLINGAME,CA,94010
0001172052,SAFT,SAFETY INSURANCE GROUP INC,6331,"Fire, Marine & Casualty Insurance",BOSTON,MA,02110
0001062231,DCH,Dauch Corp,3714,Motor Vehicle Parts & Accessories,DETROIT,MI,48211
0001420800,ENOV,Enovis CORP,3842,"Orthopedic, Prosthetic & Surgical Appliances & Supplies",LEWISVILLE,TX,75067
0001864843,ECAT,BlackRock ESG Capital Allocation Term Trust,,,WILMINGTON,DE,19809
0000721994,LKFN,LAKELAND FINANCIAL CORP,6022,State Commercial Banks,WARSAW,IN,46581
0001906364,BXBL,BOXABL Inc.,1520,General Bldg Contractors - Residential Bldgs,ITASCA,IL,60143
0001406587,FOR,Forestar Group Inc.,6500,Real Estate,ARLINGTON,TX,76006
0001756655,ARDT,"Ardent Health, Inc.",8062,"Services-General Medical & Surgical Hospitals, NEC",BRENTWOOD,TN,37027
0001541401,ESRT,"Empire State Realty Trust, Inc.",6798,Real Estate Investment Trusts,NEW YORK,NY,10120
0001608741,QQQX,Nuveen NASDAQ 100 Dynamic Overwrite Fund,,,CHICAGO,IL,60606
0001047340,DMC,DEL MONTE CORP,0100,Agricultural Production-Crops,CORAL GABLES,FL,33134
0002087852,SBCLY,Sumitomo Bakelite Co Limited/ADR,,,TOKYO,,140-0
0001611115,OMDA,"Omada Health, Inc.",8000,Services-Health Services,SOUTH SAN FRANCISCO,CA,94080
0001899287,AMPX,"Amprius Technologies, Inc.",3690,"Miscellaneous Electrical Machinery, Equipment & Supplies",FREMONT,CA,94538
0001260563,NFJ,"Virtus Dividend, Interest & Premium Strategy Fund",6163,Loan Brokers,GREENFIELD,MA,01301
0001823608,AMAL,Amalgamated Financial Corp.,6022,State Commercial Banks,NEW YORK,NY,10001
0000945114,GIC,GLOBAL INDUSTRIAL Co,5084,Wholesale-Industrial Machinery & Equipment,PORT WASHINGTON,NY,11050
0001834376,INNV,InnovAge Holding Corp.,8000,Services-Health Services,DENVER,CO,80230
0001490978,SDGR,"Schrodinger, Inc.",2834,Pharmaceutical Preparations,NEW YORK,NY,10036
0001836981,BBAI,"BigBear.ai Holdings, Inc.",7372,Services-Prepackaged Software,MCLEAN,VA,22102
0002017526,FRNM,"Freenome, Inc.",8071,Services-Medical Laboratories,BRISBANE,CA,94005
0000886128,FCEL,FUELCELL ENERGY INC,3620,Electrical Industrial Apparatus,DANBURY,CT,06810
0001856485,SLVM,Sylvamo Corp,2621,Paper Mills,MEMPHIS,TN,38119
0000744187,REX,REX AMERICAN RESOURCES Corp,2860,Industrial Organic Chemicals,DAYTON,OH,45459
0000880807,AMSC,AMERICAN SUPERCONDUCTOR CORP /DE/,3621,Motors & Generators,DEVENS,MA,01434
0002007919,INBX,"Inhibrx Biosciences, Inc.",2836,"Biological Products, (No Diagnostic Substances)",LA JOLLA,CA,92037
0001873951,XZO,"Exzeo Group, Inc.",7372,Services-Prepackaged Software,TAMPA,FL,33607
0000094049,SCL,STEPAN CO,2840,"Soap, Detergents, Cleang Preparations, Perfumes, Cosmetics",NORTHFIELD,IL,60093
0001964333,BHRB,Burke & Herbert Financial Services Corp.,6021,National Commercial Banks,ALEXANDRIA,VA,22314
0001868279,AVBP,"ArriVent BioPharma, Inc.",2834,Pharmaceutical Preparations,NEWTOWN SQUARE,PA,19073
0001796280,ORIC,"Oric Pharmaceuticals, Inc.",2834,Pharmaceutical Preparations,SOUTH SAN FRANCISCO,CA,94080
0001350653,ATEC,"Alphatec Holdings, Inc.",3841,Surgical & Medical Instruments & Apparatus,CARLSBAD,CA,
0001528437,BTT,BlackRock Municipal 2030 Target Term Trust,,,WILMINGTON,DE,19809
0000318300,PEBO,PEOPLES BANCORP INC,6022,State Commercial Banks,MARIETTA,OH,45750
0001311307,LNXSY,LANXESS AG,,,COLOGNE,2M,50569
0001069899,PAHC,PHIBRO ANIMAL HEALTH CORP,2834,Pharmaceutical Preparations,TEANECK,NJ,07666
0001710155,EYE,"National Vision Holdings, Inc.",3851,Ophthalmic Goods,ALPHARETTA,GA,30009
0000912892,TV,"GRUPO TELEVISA, S.A.B.",4833,Television Broadcasting Stations,"MEXICO, D.F.",,
0000752642,UMH,"UMH PROPERTIES, INC.",6798,Real Estate Investment Trusts,FREEHOLD,NJ,07728
0001860543,CDRE,"Cadre Holdings, Inc.",3842,"Orthopedic, Prosthetic & Surgical Appliances & Supplies",JACKSONVILLE,FL,32218
0001969796,EBCRY,Embracer Group AB/ADR,,,KARLSTAD,V7,SE-65
0001632790,ENR,"ENERGIZER HOLDINGS, INC.",3690,"Miscellaneous Electrical Machinery, Equipment & Supplies",SAINT LOUIS,MO,63105
0002026478,NMAX,Newsmax Inc.,4833,Television Broadcasting Stations,BOCA RATON,FL,33487
0001736946,ARLO,"Arlo Technologies, Inc.",7381,"Services-Detective, Guard & Armored Car Services",CARLSBAD,CA,92008
0001437424,POET,POET TECHNOLOGIES INC.,3674,Semiconductors & Related Devices,"TORONTO, ONTARIO",A6,M4P 1
0001573221,REAL,"TheRealReal, Inc.",5900,Retail-Miscellaneous Retail,SAN FRANCISCO,CA,94133
0000923120,GBX,GREENBRIER COMPANIES INC,3743,Railroad Equipment,LAKE OSWEGO,OR,97035
0001898416,ALVO,Alvotech,2836,"Biological Products, (No Diagnostic Substances)",LUXEMBOURG,N4,L-127
0000748268,RCAT,"Red Cat Holdings, Inc.",7372,Services-Prepackaged Software,SOUTH SALT LAKE,UT,84115
0001735438,MGTX,MeiraGTx Holdings plc,2836,"Biological Products, (No Diagnostic Substances)",NEW YORK,NY,10017
0001172358,DMLP,"DORCHESTER MINERALS, L.P.",1311,Crude Petroleum & Natural Gas,DALLAS,TX,75219
0001432364,AZUL,AZUL SA,4512,"Air Transportation, Scheduled",BARUERI,D5,06460
0000821002,GIII,G III APPAREL GROUP LTD /DE/,2300,Apparel & Other Finishd Prods of  Fabrics & Similar Matl,NEW YORK,NY,10018
0000003499,ALX,ALEXANDERS INC,6798,Real Estate Investment Trusts,PARAMUS,NJ,07652
0001005817,TMP,TOMPKINS FINANCIAL CORP,6022,State Commercial Banks,ITHACA,NY,14850
0001953575,CNL,Collective Mining Ltd.,1040,Gold and Silver Ores,TORONTO,,
0001500412,AMBQ,"Ambiq Micro, Inc.",3674,Semiconductors & Related Devices,AUSTIN,TX,78730
0002086771,ELE,Elemental Royalty Corp,1040,Gold and Silver Ores,LITTLETON,CO,80125
0001741530,QFIN,"Qfin Holdings, Inc.",6199,Finance Services,"PUDONG NEW AREA, SHANGHAI",,20012
0001680247,PUMP,ProPetro Holding Corp.,1389,"Oil & Gas Field Services, NEC",MIDLAND,TX,79702
0000742278,RES,RPC INC,1389,"Oil & Gas Field Services, NEC",ATLANTA,GA,30329
0001497770,WD,"Walker & Dunlop, Inc.",6199,Finance Services,BETHESDA,MD,20814
0001531031,ESQ,"Esquire Financial Holdings, Inc.",6029,"Commercial Banks, NEC",JERICHO,NY,11753
0000350852,CTBI,COMMUNITY TRUST BANCORP INC /KY/,6022,State Commercial Banks,PIKEVILLE,KY,41502
0001000694,NVAX,NOVAVAX INC,2836,"Biological Products, (No Diagnostic Substances)",GAITHERSBURG,MD,
0000912562,ROCK,"GIBRALTAR INDUSTRIES, INC.",3310,"Steel Works, Blast Furnaces & Rolling & Finishing Mills",BUFFALO,NY,14219
0001715497,BORR,Borr Drilling Ltd,1381,Drilling Oil & Gas Wells,HAMILTON,D0,HM11
0001767258,XPEL,"XPEL, Inc.",3470,"Coating, Engraving & Allied Services",SAN ANTONIO,TX,78215
0000842633,TRS,TRIMAS CORP,3460,Metal Forgings & Stampings,BLOOMFIELD HILLS,MI,48304
0001392326,CCEC,Capital Clean Energy Carriers Corp.,4412,Deep Sea Foreign Transportation of  Freight,PIRAEUS,J3,18537
0001920406,ASST,"Strive, Inc.",6199,Finance Services,DALLAS,TX,
0001766400,PNTG,"Pennant Group, Inc.",8000,Services-Health Services,EAGLE,ID,83616
0001525221,VTOL,Bristow Group Inc.,4522,"Air Transportation, Nonscheduled",HOUSTON,TX,77042
0000784199,AORT,"ARTIVION, INC.",3841,Surgical & Medical Instruments & Apparatus,KENNESAW,GA,30144
0001817229,VOR,Vor Biopharma Inc.,2836,"Biological Products, (No Diagnostic Substances)",BOSTON,MA,02116
0001493507,SFDMY,Shanghai Fudan Microelectronics Co Limited/ADR/,8880,American Depositary Receipts,NEW YORK,NY,10271
0000899460,MNKD,MANNKIND CORP,2834,Pharmaceutical Preparations,DANBURY,CT,06810
0000101199,UFCS,UNITED FIRE GROUP INC,6331,"Fire, Marine & Casualty Insurance",CEDAR RAPIDS,IA,52401
0001524566,WLTH,WEALTHFRONT CORP,6199,Finance Services,PALO ALTO,CA,94301
0001875444,ARHS,"Arhaus, Inc.",5712,Retail-Furniture Stores,BOSTON HEIGHTS,OH,44236
0002033377,MGRT,Mega Fortune Co Ltd,7371,Services-Computer Programming Services,HONG KONG,F4,00000
0001743235,RIOFF,Rio2 Ltd,,,TORONTO,A6,M5J 2
0001737953,REPL,"Replimune Group, Inc.",2836,"Biological Products, (No Diagnostic Substances)",WOBURN,MA,01801
0001821586,MLTX,MoonLake Immunotherapeutics,2834,Pharmaceutical Preparations,ZUG,V8,6300
0001013488,BJRI,BJs RESTAURANTS INC,5812,Retail-Eating  Places,HUNTINGTON BEACH,CA,92647
0001796073,VZLA,Vizsla Silver Corp.,1040,Gold and Silver Ores,VANCOUVER,A1,V7X 1
0001798749,JBIO,"Jade Biosciences, Inc.",2834,Pharmaceutical Preparations,WALTHAM,MA,02453
0001581804,NVGS,Navigator Holdings Ltd.,4412,Deep Sea Foreign Transportation of  Freight,LONDON,X0,SW1E 
0002056611,LTGO,"Latigo Biotherapeutics, Inc.",2834,Pharmaceutical Preparations,THOUSAND OAKS,CA,
0000069633,NSSC,"NAPCO SECURITY TECHNOLOGIES, INC",3669,"Communications Equipment, NEC",AMITYVILLE,NY,11701
0001222401,HYT,"BLACKROCK CORPORATE HIGH YIELD FUND, INC.",,,WILMINGTON,DE,19809
0000037785,FMC,FMC CORP,2800,Chemicals & Allied Products,PHILADELPHIA,PA,19104
0000851310,HLIT,HARMONIC INC.,3663,Radio & Tv Broadcasting & Communications Equipment,SAN JOSE,CA,95131
0000311094,WABC,WESTAMERICA BANCORPORATION,6021,National Commercial Banks,SAN RAFAEL,CA,94901
0001825088,DFH,"Dream Finders Homes, Inc.",1531,Operative Builders,JACKSONVILLE,FL,32256
0001142750,AMN,AMN HEALTHCARE SERVICES INC,7363,Services-Help Supply Services,DALLAS,TX,75019
0001999480,ANRO,"Alto Neuroscience, Inc.",2834,Pharmaceutical Preparations,MOUNTAIN VIEW,CA,94041
0001163739,NBR,NABORS INDUSTRIES LTD,1381,Drilling Oil & Gas Wells,"HAMILTON, HM08",D0,0000
0002035832,AKTS,"Aktis Oncology, Inc.",2834,Pharmaceutical Preparations,BOSTON,MA,02210
0001823306,LSPD,Lightspeed Commerce Inc.,7372,Services-Prepackaged Software,MONTREAL,Z4,H2Y 1
0002019103,SLSR,Solaris Resources Inc.,1040,Gold and Silver Ores,BAAR,,6340
0000057131,LZB,LA-Z-BOY INC,2510,Household Furniture,MONROE,MI,48162
0001371285,TRUP,"TRUPANION, INC.",6324,Hospital & Medical Service Plans,SEATTLE,WA,98108
0001827090,CERT,"Certara, Inc.",7372,Services-Prepackaged Software,RADNOR,PA,19087
0000700565,FMBH,"FIRST MID BANCSHARES, INC.",6022,State Commercial Banks,MATTOON,IL,61938
0001235468,LQDT,LIQUIDITY SERVICES INC,7389,"Services-Business Services, NEC",BETHESDA,MD,20814
0001997652,TBN,Tamboran Resources Corp,1311,Crude Petroleum & Natural Gas,BARANGAROO,C3,2000
0001830033,PCT,"PureCycle Technologies, Inc.",2821,"Plastic Materials, Synth Resins & Nonvulcan Elastomers",ORLANDO,FL,32801
0001285819,OMER,OMEROS CORP,2834,Pharmaceutical Preparations,SEATTLE,WA,98119
0001518621,ORC,"Orchid Island Capital, Inc.",6798,Real Estate Investment Trusts,VERO BEACH,FL,32963
0001764046,CLVT,CLARIVATE PLC,7374,Services-Computer Processing & Data Preparation,ST. HELIER,Y9,JE14T
0001580670,LGIH,"LGI Homes, Inc.",1531,Operative Builders,THE WOODLANDS,TX,77380
0001871321,DRTS,Alpha Tau Medical Ltd.,3841,Surgical & Medical Instruments & Apparatus,JERUSALEM,L3,97776
0000890564,EFOR,Everforth Inc,7363,Services-Help Supply Services,GLEN ALLEN,VA,23060
0001553079,ESBA,"Empire State Realty OP, L.P.",6798,Real Estate Investment Trusts,NEW YORK,NY,10120
0000884219,PRSU,"Pursuit Attractions & Hospitality, Inc.",7990,Services-Miscellaneous Amusement & Recreation,DENVER,CO,80202
0001670076,ULCC,"Frontier Group Holdings, Inc.",4512,"Air Transportation, Scheduled",DENVER,CO,80239
0000316888,ASM,AVINO SILVER & GOLD MINES LTD,1000,Metal Mining,VANCOUVER BC CANADA,A1,V6C 3
0000895419,WOLF,"WOLFSPEED, INC.",3674,Semiconductors & Related Devices,DURHAM,NC,27703
0001591588,GOLD,"Gold.com, Inc.",5094,"Wholesale-Jewelry, Watches, Precious Stones & Metals",COSTA MESA,CA,92626
0001060822,CRI,CARTERS INC,2300,Apparel & Other Finishd Prods of  Fabrics & Similar Matl,ATLANTA,GA,30326
0000088948,SENEA,Seneca Foods Corp,2033,"Canned, Fruits, Veg, Preserves, Jams & Jellies",MARION,NY,14505
0001841644,PICS,PicS N.V.,6141,Personal Credit Institutions,AMSTELVEEN,,
0001789029,AEVA,"Aeva Technologies, Inc.",3714,Motor Vehicle Parts & Accessories,MOUNTAIN VIEW,CA,94043
0000317788,APPS,"Digital Turbine, Inc.",6794,Patent Owners & Lessors,AUSTIN,TX,78701
0001370450,WLDN,"Willdan Group, Inc.",8711,Services-Engineering Services,ANAHEIM,CA,92806
0000917520,IART,INTEGRA LIFESCIENCES HOLDINGS CORP,3841,Surgical & Medical Instruments & Apparatus,PRINCETON,NJ,08540
0001789972,CGEM,"Cullinan Therapeutics, Inc.",2836,"Biological Products, (No Diagnostic Substances)",CAMBRIDGE,MA,02142
0000058492,LEG,LEGGETT & PLATT INC,2510,Household Furniture,CARTHAGE,MO,64836
0001782524,MSDL,Morgan Stanley Direct Lending Fund,,,NEW YORK,NY,10036
0002046042,JCAP,"Jefferson Capital, Inc. / DE",6153,Short-Term Business Credit Institutions,MINNEAPOLIS,MN,55426
0000775215,HBT,"HBT Financial, Inc.",6022,State Commercial Banks,BLOOMINGTON,IL,61702
0001096752,EPC,EDGEWELL PERSONAL CARE Co,2844,"Perfumes, Cosmetics & Other Toilet Preparations",SHELTON,CT,06484
0001637873,ACVA,ACV Auctions Inc.,7389,"Services-Business Services, NEC",BUFFALO,NY,14203
0001345016,YELP,YELP INC,7200,Services-Personal Services,SAN FRANCISCO,CA,94105
0001166663,TEN,TSAKOS ENERGY NAVIGATION LTD,4412,Deep Sea Foreign Transportation of  Freight,ATHENS,,175 6
0002042347,SPTX,"Seaport Therapeutics, Inc.",2834,Pharmaceutical Preparations,BOSTON,MA,02110
0000357173,OSBC,OLD SECOND BANCORP INC,6022,State Commercial Banks,AURORA,IL,60507
0001479681,NUTX,Nutex Health Inc.,7389,"Services-Business Services, NEC",HOUSTON,TX,77056
0001577670,LADR,Ladder Capital Corp,6798,Real Estate Investment Trusts,NEW YORK,NY,10022
0001369085,NEWP,NEW PACIFIC METALS CORP,1040,Gold and Silver Ores,VANCOUVER,,V6E 3
0001956955,UMAC,"Unusual Machines, Inc.",3663,Radio & Tv Broadcasting & Communications Equipment,ORLANDO,FL,
0001726173,BH-A,Biglari Holdings Inc.,5812,Retail-Eating  Places,SAN ANTONIO,TX,78259
0001857475,DOLE,Dole plc,0100,Agricultural Production-Crops,DUBLIN,,
0001826457,GLUE,"Monte Rosa Therapeutics, Inc.",2836,"Biological Products, (No Diagnostic Substances)",BOSTON,MA,02118
0001992243,TE,T1 Energy Inc.,3674,Semiconductors & Related Devices,AUSTIN,TX,78702
0002054507,HBNB,Hotel101 Global Holdings Corp.,7011,Hotels & Motels,SINGAPORE,,
0000069488,MYE,MYERS INDUSTRIES INC,3089,"Plastics Products, NEC",AKRON,OH,44301
0001481582,RYZ,Ryerson Holding Corp,5051,Wholesale-Metals Service Centers & of fices,CHICAGO,IL,60606
0001620393,NXRT,"NexPoint Residential Trust, Inc.",6798,Real Estate Investment Trusts,DALLAS,TX,75201
0002086587,YSS,York Space Systems Inc.,3760,Guided Missiles & Space Vehicles & Parts,GREENWOOD VILLAGE,CO,80111
0001578732,MMI,"Marcus & Millichap, Inc.",6531,Real Estate Agents & Managers (For Others),CALABASAS,CA,91302
0002130606,OBX,"Obsidian Therapeutics, Inc.",2834,Pharmaceutical Preparations,CAMBRIDGE,MA,02138
0001180262,HLF,HERBALIFE LTD.,5122,"Wholesale-Drugs, Proprietaries & Druggists' Sundries",GEORGE TOWN,E9,00000
0001630805,BW,"Babcock & Wilcox Enterprises, Inc.",3433,"Heating Equipment, Except Electric & Warm Air Furnaces",AKRON,OH,44305
0000903129,THRM,Gentherm Inc,3714,Motor Vehicle Parts & Accessories,NOVI,MI,48377
0001816007,LU,Lufax Holding Ltd,6199,Finance Services,SHANGHAI,,
0000908315,WINA,WINMARK CORP,5900,Retail-Miscellaneous Retail,MINNEAPOLIS,MN,55441
0001067294,CBRL,"CRACKER BARREL OLD COUNTRY STORE, INC",5812,Retail-Eating  Places,LEBANON,TN,37087
0001261654,UTI,UNIVERSAL TECHNICAL INSTITUTE INC,8200,Services-Educational Services,PHOENIX,AZ,85032
0001831651,SHLS,"Shoals Technologies Group, Inc.",3674,Semiconductors & Related Devices,PORTLAND,TN,
0001042776,PDM,"Piedmont Realty Trust, Inc.",6512,Opeators of  Nonresidential Buildings,ATLANTA,GA,30342
0001492165,PFBC,Preferred Bank,,,LOS ANGELES,CA,90017
0001805077,EOSE,"Eos Energy Enterprises, Inc.",3690,"Miscellaneous Electrical Machinery, Equipment & Supplies",PITTSBURGH,PA,15212
0000933267,IRS,IRSA INVESTMENTS & REPRESENTATIONS INC,6552,Land Subdividers & Developers (No Cemeteries),BUENOS AIRES,C1,C1C10
0001771007,AFYA,Afya Ltd,8200,Services-Educational Services,"BELO HORIZONTE, MINAS GERAIS",,
0002115119,CLBK,"Columbia Financial, Inc./MD/",6035,"Savings Institution, Federally Chartered",FAIR LAWN,NJ,07410
0001772016,BRBR,"BELLRING BRANDS, INC.",2000,Food and Kindred Products,CLAYTON,MO,63105
0001488139,AMRC,"Ameresco, Inc.",1700,Construction - Special Trade Contractors,FRAMINGHAM,MA,01701
0001622194,DEA,"Easterly Government Properties, Inc.",6798,Real Estate Investment Trusts,WASHINGTON,DC,20006
0002040491,ASIC,Ategrity Specialty Insurance Co Holdings,6331,"Fire, Marine & Casualty Insurance",NEW YORK,NY,10019
0001566388,DSL,DoubleLine Income Solutions Fund,,,TAMPA,FL,33602
0000314203,MUX,McEwen Inc.,1040,Gold and Silver Ores,TORONTO,,
0001334978,CCO,"Clear Channel Outdoor Holdings, Inc.",7310,Services-Advertising,SAN ANTONIO,TX,78249
0001809519,GDRX,"GoodRx Holdings, Inc.",7374,Services-Computer Processing & Data Preparation,SANTA MONICA,CA,90404
0000799167,MRTN,MARTEN TRANSPORT LTD,4213,Trucking (No Local),MONDOVI,WI,54755
0001739016,ELVR,Elevra Lithium Ltd,1400,Mining & Quarrying of  Nonmetallic Minerals (No Fuels),BRISBANE,,
0001665988,BVS,Bioventus Inc.,3841,Surgical & Medical Instruments & Apparatus,DURHAM,NC,27703
0001626971,CRVS,"Corvus Pharmaceuticals, Inc.",2834,Pharmaceutical Preparations,SOUTH SAN FRANCISCO,CA,94080
0001848309,SGML,Sigma Lithium Corp,1000,Metal Mining,SAO PAULO,D5,01407
0001584297,MNSKY,MoneySupermarket.com Group PLC/ADR,,,NEW YORK,NY,10271
0000791963,OPY,OPPENHEIMER HOLDINGS INC,6211,"Security Brokers, Dealers & Flotation Companies",NEW YORK,NY,10004
0001669811,DFIN,"Donnelley Financial Solutions, Inc.",7380,Services-Miscellaneous Business Services,LANCASTER,PA,17601
0000907254,BFS,"SAUL CENTERS, INC.",6798,Real Estate Investment Trusts,BETHESDA,MD,20814
0001477449,TDOC,"Teladoc Health, Inc.",8011,Services-Offices & Clinics of  Doctors of  Medicine,NEW YORK,NY,10017
0001656472,CRON,Cronos Group Inc.,2833,Medicinal Chemicals & Botanical Products,STAYNER,A6,L0M 1
0001843181,NBXG,Neuberger Next Generation Connectivity Fund Inc.,,,NEW YORK,NY,10104
0000885978,USPH,U S PHYSICAL THERAPY INC /NV,8000,Services-Health Services,HOUSTON,TX,77043
0001046025,HFWA,HERITAGE FINANCIAL CORP /WA/,6036,"Savings Institutions, Not Federally Chartered",OLYMPIA,WA,98501
0001588978,PRCT,PROCEPT BioRobotics Corp,3841,Surgical & Medical Instruments & Apparatus,SAN JOSE,CA,95134
0001005210,SPH,SUBURBAN PROPANE PARTNERS LP,5900,Retail-Miscellaneous Retail,WIPPANY,NJ,07981
0001743759,CRSR,"Corsair Gaming, Inc.",3577,"Computer Peripheral Equipment, NEC",MILPITAS,CA,95035
0001882782,ODTX,"Odyssey Therapeutics, Inc.",2836,"Biological Products, (No Diagnostic Substances)",BOSTON,MA,02210
0001117297,QNST,"QUINSTREET, INC",7389,"Services-Business Services, NEC",FOSTER CITY,CA,94404
0000836157,LNN,LINDSAY CORP,3523,Farm Machinery & Equipment,OMAHA,NE,68022
0001049659,SID,NATIONAL STEEL CO,3310,"Steel Works, Blast Furnaces & Rolling & Finishing Mills",SAO PAULO,,04538
0000891166,UVE,"UNIVERSAL INSURANCE HOLDINGS, INC.",6331,"Fire, Marine & Casualty Insurance",FORT LAUDERDALE,FL,33309
0001809196,IMTX,Immatics N.V.,2836,"Biological Products, (No Diagnostic Substances)",TUBINGEN,2M,72076
0000716314,GHM,GRAHAM CORP,3560,General Industrial Machinery & Equipment,BATAVIA,NY,14020
0000918965,SCSC,"SCANSOURCE, INC.",5045,Wholesale-Computers & Peripheral Equipment & Software,GREENVILLE,SC,29615
0000097134,TNC,TENNANT CO,3580,Refrigeration & Service Industry Machinery,EDEN PRAIRIE,MN,55344
0001802974,AVO,"Mission Produce, Inc.",0700,Agricultural Services,OXNARD,CA,93030
0001667011,AIP,"Arteris, Inc.",3674,Semiconductors & Related Devices,CAMPBELL,CA,95008
0000071829,NPKI,NPK International Inc.,7350,Services-Miscellaneous Equipment Rental & Leasing,THE WOODLANDS,TX,77381
0001526520,TRIP,"TripAdvisor, Inc.",7370,"Services-Computer Programming, Data Processing, Etc.",NEEDHAM,MA,02494
0002097725,AIIR,AIR Global PLC,2100,Tobacco Products,DUBAI (DIFC),,00000
0000718937,STAA,STAAR SURGICAL CO,3851,Ophthalmic Goods,MONROVIA,CA,91016
0001745648,APMD,"Apnimed, Inc.",2834,Pharmaceutical Preparations,CAMBRIDGE,MA,02138
0002090646,BRUN,Boost Run Inc.,7374,Services-Computer Processing & Data Preparation,NORTHBROOK,IL,60062
0000911971,TK,TEEKAY CORP LTD,4412,Deep Sea Foreign Transportation of  Freight,HAMILTON,D0,HM 12
0001414932,OCSL,Oaktree Specialty Lending Corp,,,LOS ANGLES,CA,90071
0001057060,HZO,MARINEMAX INC,5531,Retail-Auto & Home Supply Stores,CLEARWATER,FL,33759
0000102212,UVSP,UNIVEST FINANCIAL Corp,6022,State Commercial Banks,SOUDERTON,PA,18964
0001498547,CMRF,"CIM GROUP, INC.",6798,Real Estate Investment Trusts,PHOENIX,AZ,85016
0001287032,PSEC,PROSPECT CAPITAL CORP,,,NEW YORK,NY,10016
0001828962,CRCT,"Cricut, Inc.",3559,"Special Industry Machinery, NEC",SOUTH JORDAN,UT,84095
0001997859,WBTN,WEBTOON Entertainment Inc.,2741,Miscellaneous Publishing,EL SEGUNDO,CA,90245
0002076975,BRAI,Braiin Ltd,7374,Services-Computer Processing & Data Preparation,SUBIACO,,6008
0001308335,EOS,Eaton Vance Enhanced Equity Income Fund II,,,BOSTON,MA,02109
0001476034,MCB,Metropolitan Bank Holding Corp.,6022,State Commercial Banks,NEW YORK,NY,10016
0000102037,UVV,UNIVERSAL CORP /VA/,5150,Wholesale-Farm Product Raw Materials,RICHMOND,VA,23235
0001018164,WLFC,WILLIS LEASE FINANCE CORP,5080,"Wholesale-Machinery, Equipment & Supplies",COCONUT CREEK,FL,33073
0001708035,ECVT,Ecovyst Inc.,2800,Chemicals & Allied Products,WAYNE,PA,19087
0001326200,GNK,GENCO SHIPPING & TRADING LTD,4412,Deep Sea Foreign Transportation of  Freight,NEW YORK,NY,10171
0002080073,VMET,Versamet Royalties Corp,6795,Mineral Royalty Traders,VANCOUVER,,V6B 0
0001720116,RDVT,"Red Violet, Inc.",7372,Services-Prepackaged Software,BOCA RATON,FL,33431
0002071288,LMRI,"Lumexa Imaging Holdings, Inc.",8071,Services-Medical Laboratories,RALEIGH,NC,27609
0002001201,TALMF,Fuerte Metals Corp,,,VANCOUVER,,V6B 0
0001013605,PDS,PRECISION DRILLING Corp,1381,Drilling Oil & Gas Wells,CALGARY,A0,T2P 3
0002098395,IMC,IMC Rare Earths Ltd,1000,Metal Mining,SAO PAOLO,,0311-
0001691710,CPPKF,Faraday Copper Corp.,,,VANCOUVER,A1,V6C 3
0001794338,IGIC,International General Insurance Holdings Ltd.,6399,"Insurance Carriers, NEC",AMMAN,M2,11194
0001094366,RDWR,RADWARE LTD,7389,"Services-Business Services, NEC",TEL AVIV,L3,69710
0001770121,SANA,"Sana Biotechnology, Inc.",2836,"Biological Products, (No Diagnostic Substances)",SEATTLE,WA,
0001572694,GSBD,"Goldman Sachs BDC, Inc.",,,NEW YORK,NY,10282
0000033934,CRF,CORNERSTONE TOTAL RETURN FUND INC,,,CINCINNATI,OH,45246
0000883237,VRTS,"VIRTUS INVESTMENT PARTNERS, INC.",6282,Investment Advice,HARTFORD,CT,06103
0001734342,AMTB,Amerant Bancorp Inc.,6021,National Commercial Banks,CORAL GABLES,FL,33134
0001309402,GPRE,Green Plains Inc.,2860,Industrial Organic Chemicals,OMAHA,NE,68106
0001325618,IRMD,IRADIMED CORP,3841,Surgical & Medical Instruments & Apparatus,ORLANDO,FL,32826
0001794515,GTM,ZoomInfo Technologies Inc.,7372,Services-Prepackaged Software,VANCOUVER,WA,98660
0000066004,MSEX,MIDDLESEX WATER CO,4941,Water Supply,ISELIN,NJ,08830
0001160308,SVRA,Savara Inc,2834,Pharmaceutical Preparations,AUSTIN,TX,78746
0001275168,FSBC,FIVE STAR BANCORP,6022,State Commercial Banks,RANCHO CORDOVA,CA,95670
0002002473,BOW,Bowhead Specialty Holdings Inc.,6331,"Fire, Marine & Casualty Insurance",NEW YORK,NY,10018
0000027996,DLX,DELUXE CORP,2780,"Blankbooks, Looseleaf Binders & Bookbindg & Relatd Work",MINNEAPOLIS,MN,55402
0000080172,NPK,NATIONAL PRESTO INDUSTRIES INC,3480,"Ordnance & Accessories, (No Vehicles/Guided Missiles)",EAU CLAIRE,WI,54703
0001053706,CRAI,"CRA INTERNATIONAL, INC.",8111,Services-Legal Services,BOSTON,MA,02116
0001771515,GO,Grocery Outlet Holding Corp.,5411,Retail-Grocery Stores,EMERYVILLE,CA,94608
0001756594,IVA,Inventiva S.A.,2834,Pharmaceutical Preparations,DAIX,I0,21121
0001095651,SAFE,Safehold Inc.,6798,Real Estate Investment Trusts,NEW YORK,NY,10119
0001753539,BKSY,BlackSky Technology Inc.,3663,Radio & Tv Broadcasting & Communications Equipment,HERNDON,VA,20171
0000944809,OPK,"OPKO HEALTH, INC.",2834,Pharmaceutical Preparations,MIAMI,FL,33137
0000933036,UPBD,"UPBOUND GROUP, INC.",7359,"Services-Equipment Rental & Leasing, NEC",PLANO,TX,75024
0001711375,LOMA,Loma Negra Compania Industrial Argentina Sociedad Anonima,3241,"Cement, Hydraulic",BUENOS AIRES,C1,C1107
0001627475,UPWK,"UPWORK, INC",7374,Services-Computer Processing & Data Preparation,PALO ALTO,CA,94301
0001567569,FPF,First Trust Intermediate Duration Preferred & Income Fund,,,WHEATON,IL,60187
0002013223,HSLV,Highlander Silver Corp.,1040,Gold and Silver Ores,PORT MOODY,,
0000844965,TTI,TETRA TECHNOLOGIES INC,1311,Crude Petroleum & Natural Gas,SPRING,TX,77389
0001966983,LAC,LITHIUM AMERICAS CORP.,1000,Metal Mining,VANCOUVER,,V6C 2
0001309251,MALG,MICROALLIANCE GROUP INC.,2080,Beverages,CARSON CITY,NV,89701
0001829118,TUYA,Tuya Inc.,7372,Services-Prepackaged Software,HANGZHOU,,00000
0001603145,XIFR,"XPLR Infrastructure, LP",4911,Electric Services,JUNO BEACH,FL,33408
0001831907,LUXE,LuxExperience B.V.,5961,Retail-Catalog & Mail-Order Houses,ASCHHEIM/MUNICH,,
0001817713,JANX,"Janux Therapeutics, Inc.",2834,Pharmaceutical Preparations,SAN DIEGO,CA,92130
0001322435,ETW,Eaton Vance Tax-Managed Global Buy-Write Opportunities Fund,,,BOSTON,MA,02109
0001785971,BMEZ,BlackRock Health Sciences Term Trust,,,WILMINGTON,DE,19809
0000710752,SBR,SABINE ROYALTY TRUST,6792,Oil Royalty Traders,DALLAS,TX,75219
0001534120,AVTX,"Avalo Therapeutics, Inc.",2834,Pharmaceutical Preparations,WAYNE,PA,19087
0001792849,HPK,"HighPeak Energy, Inc.",1381,Drilling Oil & Gas Wells,FORT WORTH,TX,76102
0001001385,NWPX,"NWPX Infrastructure, Inc.",3317,Steel Pipe & Tubes,VANCOUVER,WA,98684
0001490906,CFFN,"Capitol Federal Financial, Inc.",6035,"Savings Institution, Federally Chartered",TOPEKA,KS,66603
0000070866,VYX,NCR Voyix Corp,3578,Calculating & Accounting Machines (No Electronic Computers),ATLANTA,GA,30308
0000930420,KFRC,KFORCE INC,7363,Services-Help Supply Services,TAMPA,FL,33607
0001843974,DXYZ,Destiny Tech100 Inc.,,,AUSTIN,TX,78701
0001253986,ABR,ARBOR REALTY TRUST INC,6798,Real Estate Investment Trusts,UNIONDALE,NY,11553
0001569963,LTGHY,Life Healthcare Group Holdings Limited/ADR,,,NEW YORK,NY,10271
0001222719,CHY,CALAMOS CONVERTIBLE & HIGH INCOME FUND,,,NAPERVILLE,IL,60563
0001691445,FINV,FinVolution Group,6163,Loan Brokers,SHANGHAI,,
0001094324,SIFY,SIFY TECHNOLOGIES LTD,7370,"Services-Computer Programming, Data Processing, Etc.",CHENNAI 600113,,60011
0001836057,BTX,BlackRock Technology & Private Equity Term Trust,,,WILMINGTON,DE,19808
0001568194,FSCO,FS Credit Opportunities Corp.,,,PHILADELPHIA,PA,19104
0001722606,MTA,Metalla Royalty & Streaming Ltd.,1040,Gold and Silver Ores,VANCOUVER,,V6C 3
0001422143,KURA,"Kura Oncology, Inc.",2834,Pharmaceutical Preparations,SAN DIEGO,CA,92121
0001227654,CMP,COMPASS MINERALS INTERNATIONAL INC,1400,Mining & Quarrying of  Nonmetallic Minerals (No Fuels),OVERLAND PARK,KS,66210
0000945394,SVC,Service Properties Trust,6798,Real Estate Investment Trusts,NEWTON,MA,02458
0001085913,FMCB,FARMERS & MERCHANTS BANCORP,6021,National Commercial Banks,LODI,CA,95240
0001171471,CHI,CALAMOS CONVERTIBLE OPPORTUNITIES & INCOME FUND,,,NAPERVILLE,IL,60563
0001734713,BV,"BrightView Holdings, Inc.",0700,Agricultural Services,BLUE BELL,PA,19422
0002107946,YKCLY,Yamato Kogyo Co. Ltd/ADR,,,HIMEJI,,671-1
0001042729,MBWM,MERCANTILE BANK CORP,6022,State Commercial Banks,GRAND RAPIDS,MI,49504
0002057463,GLIBA,Liberty Capital Corp/NV,4841,Cable & Other Pay Television Services,ENGLEWOOD,CO,80112
0002094496,SECZ,Securitize Corp.,6199,Finance Services,MIAMI,FL,33130
0001971213,SBGI,"Sinclair, Inc.",4833,Television Broadcasting Stations,HUNT VALLEY,MD,21030
0001227500,EQBK,EQUITY BANCSHARES INC,6022,State Commercial Banks,WICHITA,KS,67207
0001631574,WVE,"Wave Life Sciences, Inc.",2834,Pharmaceutical Preparations,CAMBRIDGE,MA,02138
0001755953,ABTC,American Bitcoin Corp.,6199,Finance Services,MIAMI,FL,
0001747068,MCBS,"MetroCity Bankshares, Inc.",6022,State Commercial Banks,DORAVILLE,GA,30340
0001793882,PTA,Cohen & Steers Tax-Advantaged Preferred Securities & Income Fund,,,NEW YORK,NY,10036
0001885680,RAJAF,"TFA Therapeutics, Inc.",2833,Medicinal Chemicals & Botanical Products,TAIPEI CITY,,
0001419806,REEMF,RARE ELEMENT RESOURCES LTD,1040,Gold and Silver Ores,LITTLETON,CO,80127
0002096300,AVEX,AEVEX Corp.,3721,Aircraft,SOLANA BEACH,CA,92075
0001922446,DEC,Diversified Energy Co,1311,Crude Petroleum & Natural Gas,BIRMINGHAM,AL,35242
0001624322,BFST,"Business First Bancshares, Inc.",6022,State Commercial Banks,BATON ROUGE,LA,70801
0001286139,LZ,"LEGALZOOM.COM, INC.",7374,Services-Computer Processing & Data Preparation,MOUNTAIN VIEW,CA,94041
0001906324,QDEL,QuidelOrtho Corp,2835,In Vitro & In Vivo Diagnostic Substances,SAN DIEGO,CA,92121
0002039497,RHLD,"Resolute Holdings Management, Inc.",6199,Finance Services,NEW YORK,NY,10022
0001221029,CPAC,CEMENTOS PACASMAYO SAA,3241,"Cement, Hydraulic",LIMA 33,R5,00000
0001447362,CSTL,CASTLE BIOSCIENCES INC,8071,Services-Medical Laboratories,FRIENDSWOOD,TX,77546
0001600222,PXED,"Phoenix Education Partners, Inc.",8200,Services-Educational Services,PHOENIX,AZ,85040
0000886744,GERN,GERON CORP,2834,Pharmaceutical Preparations,FOSTER CITY,CA,94404
0001722608,IQ,"iQIYI, Inc.",7841,Services-Video Tape Rental,CHAOYANG DISTRICT BEIJING,,
0000706129,HBNC,HORIZON BANCORP INC /IN/,6022,State Commercial Banks,MICHIGAN CITY,IN,46360
0001477641,DQ,DAQO NEW ENERGY CORP.,3674,Semiconductors & Related Devices,"WANZHOU, CHONGQING",,
0001337117,ITRN,Ituran Location & Control Ltd.,5065,"Wholesale-Electronic Parts & Equipment, NEC",AZOUR,,58001
0000736772,CCNE,CNB FINANCIAL CORP/PA,6022,State Commercial Banks,CLEARFIELD,PA,16830
0001062822,LXRX,"LEXICON PHARMACEUTICALS, INC.",2834,Pharmaceutical Preparations,THE WOODLANDS,TX,77381
0001051004,MUC,"BLACKROCK MUNIHOLDINGS CALIFORNIA QUALITY FUND, INC.",,,WILMINGTON,DE,19809
0001437402,ARDX,"ARDELYX, INC.",2834,Pharmaceutical Preparations,FREMONT,CA,94555
0001598665,HRTG,"Heritage Insurance Holdings, Inc.",6331,"Fire, Marine & Casualty Insurance",TAMPA,FL,33607
0001462056,BLZE,"Backblaze, Inc.",7372,Services-Prepackaged Software,SAN FRANCISCO,CA,94114
0001278895,CII,"BlackRock Enhanced Large Cap Core Fund, Inc.",,,WILMINGTON,DE,19809
0001375877,CSIQ,Canadian Solar Inc.,3674,Semiconductors & Related Devices,KITCHENER,A6,N2P 2
0000755001,UTL,UNITIL CORP,4931,Electric & Other Services Combined,HAMPTON,NH,03842
0001506289,BCX,BlackRock Resources & Commodities Strategy Trust,,,WILMINGTON,DE,19809
0001840502,TBLA,Taboola.com Ltd.,7370,"Services-Computer Programming, Data Processing, Etc.",NEW YORK,NY,10010
0001440972,LAR,Lithium Argentina AG,1000,Metal Mining,ZUG,,
0001379785,BBDC,"Barings BDC, Inc.",,,CHARLOTTE,NC,28202
0001528115,ANNX,"Annexon, Inc.",2834,Pharmaceutical Preparations,BRISBANE,CA,94005
0001224450,RNP,COHEN & STEERS REIT & PREFERRED & INCOME FUND INC,,,NEW YORK,NY,10036
0001768446,CLYM,"Climb Bio, Inc.",2834,Pharmaceutical Preparations,WELLESLEY HILLS,MA,02481
0000357301,TRST,TRUSTCO BANK CORP N Y,6022,State Commercial Banks,ALBANY,NY,12205
0001698991,ACEL,"Accel Entertainment, Inc.",7900,Services-Amusement & Recreation Services,BURR RIDGE,IL,60527
0001756908,PDX,PIMCO Dynamic Income Strategy Fund,,,NEW YORK,NY,10019
0001920294,RZLV,REZOLVE AI PLC,7370,"Services-Computer Programming, Data Processing, Etc.",LONDON,,
0001805385,EVLV,"Evolv Technologies Holdings, Inc.",3577,"Computer Peripheral Equipment, NEC",WALTHAM,MA,02451
0001493683,BBN,BlackRock Taxable Municipal Bond Trust,,,WILMINGTON,DE,19809
0001702744,SMPL,Simply Good Foods Co,2000,Food and Kindred Products,DENVER,CO,80202
0001409493,CIM,CHIMERA INVESTMENT CORP,6798,Real Estate Investment Trusts,NEW YORK,NY,10020
0000812074,OI,"O-I Glass, Inc. /DE/",3221,Glass Containers,PERRYSBURG,OH,43551
0001831481,SOC,Sable Offshore Corp.,1311,Crude Petroleum & Natural Gas,HOUSTON,TX,77002
0001807120,DSGN,"Design Therapeutics, Inc.",2834,Pharmaceutical Preparations,CARLSBAD,CA,92011
0000701347,CPF,CENTRAL PACIFIC FINANCIAL CORP,6022,State Commercial Banks,HONOLULU,HI,96813
0000031235,KODK,EASTMAN KODAK CO,3861,Photographic Equipment & Supplies,ROCHESTER,NY,14650
0001925062,FRBT,"Forbright, Inc.",6022,State Commercial Banks,CHEVY CHASE,MD,20815
0001707502,SLDB,Solid Biosciences Inc.,2836,"Biological Products, (No Diagnostic Substances)",CHARLESTOWN,MA,02129
0001891027,MNTN,"MNTN, Inc.",7310,Services-Advertising,AUSTIN,TX,78768
0001923891,NNE,Nano Nuclear Energy Inc.,4911,Electric Services,NEW YORK,NY,10018
0000798359,CSR,CENTERSPACE,6798,Real Estate Investment Trusts,MINOT,ND,58701
0000792987,ASTE,ASTEC INDUSTRIES INC,3531,Construction Machinery & Equip,CHATTANOOGA,TN,37421
0000799233,HTLD,HEARTLAND EXPRESS INC,4213,Trucking (No Local),NORTH LIBERTY,IA,52317
0001979330,NBBK,"NB Bancorp, Inc.",6036,"Savings Institutions, Not Federally Chartered",NEEDHAM,MA,02492
0001579684,TDAY,"USA TODAY Co., Inc.",2711,Newspapers: Publishing or  Publishing & Printing,PITTSFORD,NY,14534
0002004340,SYNSY,Syensqo SA/ADR,,,NEW YORK,NY,10179
0002081206,AGBK,AGI Inc,6029,"Commercial Banks, NEC",CAMPINAS,,13054
0001689796,JBGS,JBG SMITH Properties,6798,Real Estate Investment Trusts,BETHESDA,MD,20814
0000750686,CAC,CAMDEN NATIONAL CORP,6021,National Commercial Banks,CAMDEN,ME,04843
0001396814,PCRX,"Pacira BioSciences, Inc.",2834,Pharmaceutical Preparations,BRISBANE,CA,94005
0001841968,RPC,"Ridgepost Capital, Inc.",6282,Investment Advice,DALLAS,TX,75204
0001841387,CADL,"Candel Therapeutics, Inc.",2836,"Biological Products, (No Diagnostic Substances)",NEEDHAM,MA,02494
0000705432,SBSI,SOUTHSIDE BANCSHARES INC,6022,State Commercial Banks,TYLER,TX,75701
0001447028,ABUS,Arbutus Biopharma Corp,2834,Pharmaceutical Preparations,WARMINSTER,PA,18974
0001750284,OLMA,"Olema Pharmaceuticals, Inc.",2834,Pharmaceutical Preparations,SAN FRANCISCO,CA,94103
0001287213,PLOW,"DOUGLAS DYNAMICS, INC",3531,Construction Machinery & Equip,MILWAUKEE,WI,53224
0000879635,MPB,MID PENN BANCORP INC,6022,State Commercial Banks,HARRISBURG,PA,17110
0001850235,HEPS,D-MARKET Electronic Services & Trading,5961,Retail-Catalog & Mail-Order Houses,SISLI ISTANBUL,,
0000714562,THFF,FIRST FINANCIAL CORP /IN/,6022,State Commercial Banks,TERRE HAUTE,IN,47807
0001714174,BUR,Burford Capital Ltd,6199,Finance Services,ST PETER PORT,Y7,GY1 2
0001257640,KRO,KRONOS WORLDWIDE INC,2810,Industrial Inorganic Chemicals,DALLAS,TX,75240
0001758021,KRT,Karat Packaging Inc.,3089,"Plastics Products, NEC",CHINO,CA,91708
0001861107,CBLL,"Ceribell, Inc.",3845,Electromedical & Electrotherapeutic Apparatus,SUNNYVALE,CA,94085
0001568100,PD,"PagerDuty, Inc.",7372,Services-Prepackaged Software,SAN FRANCISCO,CA,94103
0001966287,GFR,Greenfire Resources Ltd.,1311,Crude Petroleum & Natural Gas,CALGARY,,AB T2
0001325964,LWLG,"Lightwave Logic, Inc.",3080,Miscellaneous Plastics Products,ENGLEWOOD,CO,80112
0000709337,FMNB,FARMERS NATIONAL BANC CORP /OH/,6022,State Commercial Banks,CANFIELD,OH,44406
0001109242,HAFC,HANMI FINANCIAL CORP,6021,National Commercial Banks,LOS ANGELES,CA,90017
0002087844,MSSHY,Mitsui-Soko Holdings Co Limited/ADR,,,TOKYO,,103-0
0001873835,IMMX,"Immix Biopharma, Inc.",2834,Pharmaceutical Preparations,LOS ANGELES,CA,90064
0000859070,FCBC,FIRST COMMUNITY BANKSHARES INC /VA/,6022,State Commercial Banks,BLUEFIELD,VA,24605
0001557746,ACRS,"Aclaris Therapeutics, Inc.",2834,Pharmaceutical Preparations,WAYNE,PA,19087
0001164771,NAK,NORTHERN DYNASTY MINERALS LTD,1040,Gold and Silver Ores,VANCOUVER,,V6E 4
0000062234,MCS,MARCUS CORP,7830,Services-Motion Picture Theaters,MILWAUKEE,WI,53202
0000915779,DAKT,DAKTRONICS INC /SD/,3990,Miscellaneous Manufacturing Industries,BROOKINGS,SD,57006
0001846069,NXDR,"Nextdoor Holdings, Inc.",7370,"Services-Computer Programming, Data Processing, Etc.",SAN FRANCISCO,CA,94012
0001641229,FFMGF,First Mining Gold Corp.,1040,Gold and Silver Ores,VANCOUVER,,V6E 4
0001538849,CAPL,CrossAmerica Partners LP,5172,Wholesale-Petroleum & Petroleum Products (No Bulk Stations),ALLENTOWN,PA,18101
0001297184,AMPH,"Amphastar Pharmaceuticals, Inc.",2834,Pharmaceutical Preparations,RANCHO CUCAMONGA,CA,91730
0002048519,AEBI,Aebi Schmidt Holding AG,3531,Construction Machinery & Equip,FRAUENFELD,V8,8500
0001833141,HELP,CYBIN INC.,2834,Pharmaceutical Preparations,TORONTO,A6,M5X 1
0001423221,NX,Quanex Building Products CORP,3350,Rolling Drawing & Extruding of  Nonferrous Metals,HOUSTON,TX,77024
0001840572,LUCK,Lucky Strike Entertainment Corp,7900,Services-Amusement & Recreation Services,MECHANICSVILLE,VA,23111
0000107687,WGO,WINNEBAGO INDUSTRIES INC,3716,Motor Homes,EDEN PRAIRIE,MN,55347
0001944552,ANL,Adlai Nortye Ltd.,2834,Pharmaceutical Preparations,NORTH BRUNSWICK,NJ,08902
0002088256,HQ,Horizon Quantum Holdings Ltd.,7371,Services-Computer Programming Services,SINGAPORE,,13856
0001260041,HTD,JOHN HANCOCK TAX-ADVANTAGED DIVIDEND INCOME FUND,,,BOSTON,MA,02116
0001495222,OXLC,Oxford Lane Capital Corp.,,,GREENWICH,CT,06830
0001828016,PLTK,Playtika Holding Corp.,7374,Services-Computer Processing & Data Preparation,HERZLIYA PITUARCH,L3,46724
0001838957,RERE,ATRenew Inc.,5990,"Retail-Retail Stores, NEC",SHANGHAI,,
0001424929,FOXF,FOX FACTORY HOLDING CORP,3751,"Motorcycles, Bicycles & Parts",DULUTH,GA,30097
0001055160,MFA,"MFA FINANCIAL, INC.",6798,Real Estate Investment Trusts,NEW YORK,NY,10022
0001756699,TIGR,UP Fintech Holding Ltd,6211,"Security Brokers, Dealers & Flotation Companies",BEIJING,,10002
0001613780,DBVT,DBV Technologies S.A.,2836,"Biological Products, (No Diagnostic Substances)",CHATILLON,,
0001494191,KRNGY,Karoon Gas Australia Ltd /ADR/,,,NEW YORK,NY,10271
0002021880,HMH,HMH Holding Inc,3533,Oil & Gas Field Machinery & Equipment,HOUSTON,TX,77032
0002011514,AVR,Anteris Technologies Global Corp.,3842,"Orthopedic, Prosthetic & Surgical Appliances & Supplies",EAGAN,MN,55121
0001784930,MAKO,Mako Mining Corp.,1040,Gold and Silver Ores,VANCOUVER,,V6C 0
0001530804,TROX,Tronox Holdings plc,2810,Industrial Inorganic Chemicals,STAMFORD,CT,06901
0000928054,FTK,FLOTEK INDUSTRIES INC/CN/,2890,Miscellaneous Chemical Products,HOUSTON,TX,77086
0001195739,NRK,NUVEEN NEW YORK AMT-FREE QUALITY MUNICIPAL INCOME FUND,,,CHICAGO,IL,60606
0001788882,ROOT,"Root, Inc.",6331,"Fire, Marine & Casualty Insurance",COLUMBUS,OH,43215
0001273685,ADAM,"ADAMAS TRUST, INC.",6798,Real Estate Investment Trusts,NEW YORK,NY,10016
0001747172,KBDC,"Kayne Anderson BDC, Inc.",,,HOUSTON,TX,77002
0001778922,SGP,"SpyGlass Pharma, Inc.",3841,Surgical & Medical Instruments & Apparatus,IRVINE,CA,92618
0001548536,SCZM,Santacruz Silver Mining Ltd.,1040,Gold and Silver Ores,NUEVO LEON,O5,64250
0001814287,ABX,"Abacus Global Management, Inc.",6282,Investment Advice,ORLANDO,FL,32830
0001431852,OGG,Osisko Gold Group Inc.,1040,Gold and Silver Ores,TORONTO,,M5H 3
0000880117,JBSS,SANFILIPPO JOHN B & SON INC,2060,Sugar & Confectionery Products,ELGIN,IL,60123
0000915840,BZH,BEAZER HOMES USA INC,1531,Operative Builders,ATLANTA,GA,30319
0001546417,BLMN,"Bloomin' Brands, Inc.",5812,Retail-Eating  Places,TAMPA,FL,33607
0001467760,ARI,"Apollo Commercial Real Estate Finance, Inc.",6798,Real Estate Investment Trusts,NEW YORK,NY,10019
0001778114,AIO,Virtus Artificial Intelligence & Technology Opportunities Fund,,,GREENFIELD,MA,01301
0001823652,EVEX,"Eve Holding, Inc.",3721,Aircraft,MELBOURNE,FL,32935
0001583107,TBPH,"Theravance Biopharma, Inc.",2834,Pharmaceutical Preparations,"GEORGE TOWN, GRAND CAYMAN",CA,KY1-1
0001345126,CODI,Compass Diversified Holdings,2510,Household Furniture,WESTPORT,CT,06880
0000771266,KOPN,KOPIN CORP,3674,Semiconductors & Related Devices,WESTBOROUGH,MA,01581
0000726601,CCBG,CAPITAL CITY BANK GROUP INC,6022,State Commercial Banks,TALLAHASSEE,FL,32301
0001879248,ADSE,Ads-Tec Energy Public Ltd Co,3690,"Miscellaneous Electrical Machinery, Equipment & Supplies",DUBLIN,,
0002101833,NANO,ATII Holdings Inc.,3559,"Special Industry Machinery, NEC",CLAYMONT,DE,19703
0002065812,FSSL,FS Specialty Lending Fund,,,PHILADELPHIA,PA,19104
0001640428,EVER,"EverQuote, Inc.",7370,"Services-Computer Programming, Data Processing, Etc.",CAMBRIDGE,MA,02139
0001650648,FDMT,"4D Molecular Therapeutics, Inc.",2836,"Biological Products, (No Diagnostic Substances)",EMERYVILLE,CA,94608
0001401257,FET,"FORUM ENERGY TECHNOLOGIES, INC.",3533,Oil & Gas Field Machinery & Equipment,HOUSTON,TX,77064
0001702318,AHG,Akso Health Group,7389,"Services-Business Services, NEC",QINGDAO PILOT FREE TRADE ZONE,F4,0000
0000906013,AWF,ALLIANCEBERNSTEIN GLOBAL HIGH INCOME FUND INC,,,NEW YORK,NY,10001
0000928658,CVLG,"COVENANT LOGISTICS GROUP, INC.",4213,Trucking (No Local),CHATTANOOGA,TN,37419
0002095096,ENRD,Einride AB,7373,Services-Computer Integrated Systems Design,STOCKHOLM,,116 4
0001038773,SMBK,SMARTFINANCIAL INC.,6021,National Commercial Banks,KNOXVILLE,TN,37919
0000810332,RJET,REPUBLIC AIRWAYS HOLDINGS INC.,4512,"Air Transportation, Scheduled",CARMEL,IN,46032
0001956744,TRON,Tron Inc.,6199,Finance Services,WINTER PARK,FL,32789
0001315257,KOP,Koppers Holdings Inc.,2400,Lumber & Wood Products (No Furniture),PITTSBURGH,PA,15219
0001828105,HIPO,Hippo Holdings Inc.,6331,"Fire, Marine & Casualty Insurance",SAN JOSE,CA,95113
0001593538,NAVI,NAVIENT CORP,6211,"Security Brokers, Dealers & Flotation Companies",HERNDON,VA,20171
0001787117,REF,Reformation Inc.,2330,"Women's, Misses':  and Juniors Outerwear",VERNON,CA,90058
0001459839,SIBN,"SI-BONE, Inc.",3841,Surgical & Medical Instruments & Apparatus,SANTA CLARA,CA,95050
0001379041,EIG,"Employers Holdings, Inc.",6331,"Fire, Marine & Casualty Insurance",RENO,NV,89511
0001576427,CRTO,Criteo S.A.,7311,Services-Advertising Agencies,LUXEMBOURG,,L-161
0001759774,PSTL,"Postal Realty Trust, Inc.",6798,Real Estate Investment Trusts,CEDARHURST,NY,11516
0000854560,GSBC,"GREAT SOUTHERN BANCORP, INC.",6022,State Commercial Banks,SPRINGFIELD,MO,65802
0001869666,HAPVY,Hapvida Participacoes e Investimentos S.A./ADR,,,NEW YORK,NY,10017
0001742692,INMD,InMode Ltd.,3845,Electromedical & Electrotherapeutic Apparatus,YOKNEAM,L3,20692
0002047190,TCGLF,TechCreate Group Ltd.,7374,Services-Computer Processing & Data Preparation,GRAND CAYMAN KY1-1002,E9,10240
0000006845,APOG,"APOGEE ENTERPRISES, INC.",3231,"Glass Products, Made of  Purchased Glass",MINNEAPOLIS,MN,55435
0001674632,BBNX,"Beta Bionics, Inc.",3841,Surgical & Medical Instruments & Apparatus,IRVINE,CA,92618
0001538379,IBTA,"Ibotta, Inc.",7310,Services-Advertising,DENVER,CO,
0000108385,WRLD,WORLD ACCEPTANCE CORP,6141,Personal Credit Institutions,GREENVILLE,SC,29601
0000099302,TRNS,TRANSCAT INC,3825,Instruments For Meas & Testing of  Electricity & Elec Signals,ROCHESTER,NY,14624
0000093389,SMP,"STANDARD MOTOR PRODUCTS, INC.",3714,Motor Vehicle Parts & Accessories,LONG ISLAND CITY,NY,11101
0001267565,COLL,"COLLEGIUM PHARMACEUTICAL, INC",2834,Pharmaceutical Preparations,STOUGHTON,MA,02072
0001124524,CYRX,"Cryoport, Inc.",2834,Pharmaceutical Preparations,BRENTWOOD,TN,37027
0000807863,MITK,MITEK SYSTEMS INC,3577,"Computer Peripheral Equipment, NEC",SAN DIEGO,CA,
0001848731,GLAS,Glass House Brands Inc.,2833,Medicinal Chemicals & Botanical Products,LONG BEACH,CA,90807
0001050441,EGBN,EAGLE BANCORP INC,6022,State Commercial Banks,BETHESDA,MD,20814
0001434754,SB,"SAFE BULKERS, INC.",4412,Deep Sea Foreign Transportation of  Freight,MONACO,O9,MC980
0001951089,CRML,Critical Metals Corp.,1000,Metal Mining,WEST LEEDERVILLE,C3,66007
0000783412,DJCO,DAILY JOURNAL CORP,2711,Newspapers: Publishing or  Publishing & Printing,LOS ANGELES,CA,90012
0001034842,RIGL,RIGEL PHARMACEUTICALS INC,2834,Pharmaceutical Preparations,SOUTH SAN FRANCISCO,CA,94080
0001095565,HSTM,HEALTHSTREAM INC,7370,"Services-Computer Programming, Data Processing, Etc.",NASHVILLE,TN,
0001610601,MOMO,Hello Group Inc.,7372,Services-Prepackaged Software,BEIJING,,
0001720424,HIVE,HIVE Digital Technologies Ltd.,6199,Finance Services,VANCOUVER,A1,V6E 2
0002079999,CDNL,Cardinal Infrastructure Group Inc.,1600,Heavy Construction Other Than Bldg Const - Contractors,RALEIGH,NC,27609
0001163668,SPFI,"SOUTH PLAINS FINANCIAL, INC.",6022,State Commercial Banks,LUBBOCK,TX,79407
0001828791,DSP,Viant Technology Inc.,7370,"Services-Computer Programming, Data Processing, Etc.",IRVINE,CA,92612
0000949858,ACHV,"ACHIEVE LIFE SCIENCES, INC.",2835,In Vitro & In Vivo Diagnostic Substances,SEATTLE,WA,98021
0001597033,SABR,Sabre Corp,7370,"Services-Computer Programming, Data Processing, Etc.",SOUTHLAKE,TX,76092
0001794350,YALA,Yalla Group Ltd,7370,"Services-Computer Programming, Data Processing, Etc.",DUBAI,,50191
0001819796,GCMG,GCM Grosvenor Inc.,6282,Investment Advice,CHICAGO,IL,60611
0001810019,RXT,"Rackspace Technology, Inc.",7370,"Services-Computer Programming, Data Processing, Etc.",SAN ANTONIO,TX,
0001995306,HDL,SUPER HI INTERNATIONAL HOLDING LTD.,5812,Retail-Eating  Places,PAYA LEBAR,U0,40853
0001481513,JKS,"JinkoSolar Holding Co., Ltd.",3674,Semiconductors & Related Devices,JIANGXI PROVINCE,F4,33410
0001690511,GOOS,Canada Goose Holdings Inc.,2300,Apparel & Other Finishd Prods of  Fabrics & Similar Matl,TORONTO,A6,M6E 4
0001828316,PHAR,Pharming Group N.V.,2834,Pharmaceutical Preparations,LEIDEN,P7,2333 
0001865200,ANGX,"Angel Studios, Inc.",7812,Services-Motion Picture & Video Tape Production,PROVO,UT,84601
0000732417,HBIA,HILLS BANCORPORATION,6022,State Commercial Banks,HILLS,IA,52235
0000023795,CTO,"CTO Realty Growth, Inc.",6798,Real Estate Investment Trusts,WINTER PARK,FL,32789
0000826154,ORRF,ORRSTOWN FINANCIAL SERVICES INC,6022,State Commercial Banks,HARRISBURG,PA,17111
0001833197,SWIM,"Latham Group, Inc.",3089,"Plastics Products, NEC",LATHAM,NY,12110
0001829802,FTH,"Faeth Therapeutics, Inc.",2834,Pharmaceutical Preparations,AUSTIN,TX,78702
0001823587,SKYH,Sky Harbour Group Corp,6500,Real Estate,OMAHA,NE,68102
0001001614,REPX,"Riley Exploration Permian, Inc.",1311,Crude Petroleum & Natural Gas,OKLAHOMA CITY,OK,73104
0002042022,WYFI,"WhiteFiber, Inc.",6199,Finance Services,NEW YORK,NY,10001
0001604522,THQ,abrdn Healthcare Opportunities Fund,,,PHILADELPHIA,PA,19103
0001487952,VPG,"Vishay Precision Group, Inc.",3670,Electronic Components & Accessories,MALVERN,PA,19355
0001841925,INDI,"indie Semiconductor, Inc.",3674,Semiconductors & Related Devices,ALISO VIEJO,CA,92656
0001852353,DC,Dakota Gold Corp.,1000,Metal Mining,LEAD,SD,57754
0001137091,PSIX,"POWER SOLUTIONS INTERNATIONAL, INC.",3510,Engines & Turbines,WOOD DALE,IL,60191
0000916907,SMBC,"SOUTHERN MISSOURI BANCORP, INC.",6036,"Savings Institutions, Not Federally Chartered",POPLAR BLUFF,MO,63901
0001286613,LINC,LINCOLN EDUCATIONAL SERVICES CORP,8200,Services-Educational Services,PARSIPPANY,NJ,07054
0001756708,JMIA,Jumia Technologies AG,5961,Retail-Catalog & Mail-Order Houses,BERLIN,,10997
0001278752,MFIC,MidCap Financial Investment Corp,,,NEW YORK,NY,10019
0001479615,SLN,Silence Therapeutics plc,2834,Pharmaceutical Preparations,LONDON,,W6 7A
0001300391,EOI,Eaton Vance Enhanced Equity Income Fund,,,BOSTON,MA,02109
0001806347,WEST,Westrock Coffee Co,2080,Beverages,LITTLE ROCK,AR,72212
0000903419,ALRS,ALERUS FINANCIAL CORP,6021,National Commercial Banks,GRAND FORKS,ND,58201
0001201792,APEI,AMERICAN PUBLIC EDUCATION INC,8200,Services-Educational Services,CHARLES TOWN,WV,25414
0001826470,WOOF,"Petco Health & Wellness Company, Inc.",5990,"Retail-Retail Stores, NEC",SAN DIEGO,CA,92127
0001874315,SATL,Satellogic Inc.,3663,Radio & Tv Broadcasting & Communications Equipment,DAVIDSON,NC,28036
0001071438,BAK,BRASKEM SA,2860,Industrial Organic Chemicals,CAMACARI BAHIA BRAZI,,00000
0001334388,OBE,OBSIDIAN ENERGY LTD.,1311,Crude Petroleum & Natural Gas,CALGARY,A0,T2P 1
0001598428,MTUS,Metallus Inc.,3312,"Steel Works, Blast Furnaces & Rolling Mills (Coke Ovens)",CANTON,OH,44706
0001818383,MAX,"MediaAlpha, Inc.",7389,"Services-Business Services, NEC",LOS ANGELES,CA,90017
0000862831,FISI,FINANCIAL INSTITUTIONS INC,6021,National Commercial Banks,WARSAW,NY,14569
0001173489,CEVA,CEVA INC,7370,"Services-Computer Programming, Data Processing, Etc.",ROCKVILLE,MD,20850
0001881487,ACDC,ProFrac Holding Corp.,1389,"Oil & Gas Field Services, NEC",WILLOW PARK,TX,76087
0001050743,PGC,PEAPACK GLADSTONE FINANCIAL CORP,6029,"Commercial Banks, NEC",BEDMINSTER,NJ,07921
0000709283,QMCO,QUANTUM CORP /DE/,3572,Computer Storage Devices,SAN JOSE,CA,95110
0000897322,GILT,GILAT SATELLITE NETWORKS LTD,3663,Radio & Tv Broadcasting & Communications Equipment,MCLEAN,VA,22102
0000902791,BBSI,BARRETT BUSINESS SERVICES INC,7363,Services-Help Supply Services,VANCOUVER,WA,98662
0001514705,SXC,"SunCoke Energy, Inc.",3312,"Steel Works, Blast Furnaces & Rolling Mills (Coke Ovens)",LISLE,IL,60532
0001560327,RPD,"Rapid7, Inc.",7372,Services-Prepackaged Software,BOSTON,MA,02114
0000890196,MQY,"BLACKROCK MUNIYIELD QUALITY FUND, INC.",0000,,WILMINGTON,DE,19809
0001490281,GRPN,"Groupon, Inc.",7311,Services-Advertising Agencies,CHICAGO,IL,60601
0001581091,RMAX,"RE/MAX Holdings, Inc.",6531,Real Estate Agents & Managers (For Others),DENVER,CO,80237
0000889971,LPTH,LIGHTPATH TECHNOLOGIES INC,3674,Semiconductors & Related Devices,ORLANDO,FL,32826
0000216851,PEO,"ADAMS NATURAL RESOURCES FUND, INC.",,,BALTIMORE,MD,21202
0001387467,AOSL,ALPHA & OMEGA SEMICONDUCTOR Ltd,3674,Semiconductors & Related Devices,SUNNYVALE,CA,94085
0001501796,AURA,"Aura Biosciences, Inc.",2836,"Biological Products, (No Diagnostic Substances)",BOSTON,MA,02135
0001855066,MEGI,NYLI CBRE Global Infrastructure Megatrends Term Fund,,,NEW YORK,NY,10010
0000708821,PAR,PAR TECHNOLOGY CORP,3578,Calculating & Accounting Machines (No Electronic Computers),NEW HARTFORD,NY,13413
0001851112,RSKD,RISKIFIED LTD.,7389,"Services-Business Services, NEC",NEW YORK,NY,10001
0001655050,BCSF,"Bain Capital Specialty Finance, Inc.",,,BOSTON,MA,02116
0001520504,VLRS,"Controladora Vuela Compania de Aviacion, S.A.B. de C.V.",4512,"Air Transportation, Scheduled",COL. ZEDEC SANTA FE,,01210
0002074973,CCXI,Churchill Capital Corp XI,3569,"General Industrial Machinery & Equipment, NEC",NEW YORK,NY,10019
0000101538,UAMY,UNITED STATES ANTIMONY CORP,3330,Primary Smelting & Refining of  Nonferrous Metals,DALLAS,TX,75209
0001544206,CGBD,"Carlyle Secured Lending, Inc.",,,NEW YORK,NY,10017
0001559432,TXO,"TXO Partners, L.P.",1311,Crude Petroleum & Natural Gas,FORT WORTH,TX,76102
0001827401,DRUG,BRIGHT MINDS BIOSCIENCES INC.,2834,Pharmaceutical Preparations,CHICAGO,IL,60642
0001834026,GROY,Gold Royalty Corp.,1040,Gold and Silver Ores,VANCOUVER,A1,V6E 4
0001793855,ASGI,abrdn Global Infrastructure Income Fund,,,PHILDELPHIA,PA,19103
0001681622,VREX,Varex Imaging Corp,3679,"Electronic Components, NEC",SALT LAKE CITY,UT,84104
0001898718,GMRS,GMR Solutions Inc.,4700,Transportation Services,LEWISVILLE,TX,75056
0001174164,FFC,Flaherty & Crumrine PREFERRED & INCOME SECURITIES FUND INC,,,PASADENA,CA,91101
0001645469,MNPR,Monopar Therapeutics,2834,Pharmaceutical Preparations,WILMETTE,IL,60091
0001789940,FWRG,"First Watch Restaurant Group, Inc.",5812,Retail-Eating  Places,BRADENTON,FL,34201
0001496443,PAYS,"Paysign, Inc.",7389,"Services-Business Services, NEC",HENDERSON,NV,89052
0001477815,SG,"Sweetgreen, Inc.",5812,Retail-Eating  Places,LOS ANGELES,CA,90018
0001034957,CRESY,CRESUD INC,6500,Real Estate,BUENOS AIRES,C1,C1C10
0001782430,STRW,"Strawberry Fields REIT, Inc.",6798,Real Estate Investment Trusts,SOUTH BEND,IN,46628
0001437071,IVR,Invesco Mortgage Capital Inc.,6798,Real Estate Investment Trusts,ATLANTA,GA,30309
0001875558,NVCT,"Nuvectis Pharma, Inc.",2834,Pharmaceutical Preparations,FORT LEE,NJ,07024
0002074220,CAZGF,Catapult Group International Ltd,,,RICHMOND,,3121
0001538263,HTB,"HomeTrust Bancshares, Inc.",6035,"Savings Institution, Federally Chartered",ASHEVILLE,NC,28801
0001035092,SHBI,SHORE BANCSHARES INC,6021,National Commercial Banks,EASTON,MD,21601
0000039311,IBCP,INDEPENDENT BANK CORP /MI/,6022,State Commercial Banks,GRAND RAPIDS,MI,49525
0001853138,KDK,"Kodiak AI, Inc.",7373,Services-Computer Integrated Systems Design,MOUNTAIN VIEW,CA,94043
0001859836,YSWY,"Yesway, Inc.",5411,Retail-Grocery Stores,BEVERLY,MA,01915
0000060714,LXU,"LSB INDUSTRIES, INC.",2810,Industrial Inorganic Chemicals,OKLAHOMA CITY,OK,73116
0001740604,BTGO,"BITGO HOLDINGS, INC.",6199,Finance Services,SIOUX FALLS,SD,57103
0001574197,FPH,"Five Point Holdings, LLC",6500,Real Estate,IRVINE,CA,92618
0002128115,AAC,Ares Acquisition Corp III,6770,Blank Checks,LOS ANGELES,CA,90067
0001959455,HSHP,Himalaya Shipping Ltd.,4412,Deep Sea Foreign Transportation of  Freight,HAMILTON,D0,HM 11
0000912147,RMT,"ROYCE MICRO-CAP TRUST, INC.",,,NEW YORK,NY,10010
0001386278,GDOT,GREEN DOT CORP,6199,Finance Services,PROVO,UT,84604
0001495932,AGNT,"AGNT, Inc.",6531,Real Estate Agents & Managers (For Others),BELLINGHAM,WA,98226
0001567900,ALOY,REALLOYS INC.,1000,Metal Mining,BOCA RATON,FL,
0001561032,NHP,"National Healthcare Properties, Inc.",6798,Real Estate Investment Trusts,NEW YORK,NY,10022
0000866729,SCHL,SCHOLASTIC CORP,2731,Books: Publishing or  Publishing & Printing,NEW YORK,NY,10012
0001604665,WLKP,Westlake Chemical Partners LP,2860,Industrial Organic Chemicals,HOUSTON,TX,77056
0000901491,PZZA,PAPA JOHNS INTERNATIONAL INC,5812,Retail-Eating  Places,LOUISVILLE,KY,40299
0000763532,LYTS,LSI INDUSTRIES INC,3640,Electric Lighting & Wiring Equipment,CINCINNATI,OH,45242
0001404644,NGNE,Neurogene Inc.,2834,Pharmaceutical Preparations,NEW YORK,NY,10011
0001513363,FDUS,FIDUS INVESTMENT Corp,,,EVANSTON,IL,60201
0001781730,TCBX,"Third Coast Bancshares, Inc.",6036,"Savings Institutions, Not Federally Chartered",HUMBLE,TX,77338
0000737468,WASH,WASHINGTON TRUST BANCORP INC,6022,State Commercial Banks,WESTERLY,RI,02891
0001520358,MAMA,"Mama's Creations, Inc.",2013,Sausages & Other Prepared Meat Products,EAST RUTHERFORD,NJ,07073
0001422930,PUBM,"PubMatic, Inc.",7370,"Services-Computer Programming, Data Processing, Etc.",REDWOOD CITY,CA,94063
0001898601,IPX,IPERIONX Ltd,1090,Miscellaneous Metal Ores,SOUTH BOSTON,VA,24592
0001109116,EVC,ENTRAVISION COMMUNICATIONS CORP,4833,Television Broadcasting Stations,BURBANK,CA,91504
0001577437,ASC,Ardmore Shipping Corp,4412,Deep Sea Foreign Transportation of  Freight,HAMILTON,,HM11
0001412408,PHR,"Phreesia, Inc.",7389,"Services-Business Services, NEC",WILMINGTON,DE,19803
0001124105,GYRE,"GYRE THERAPEUTICS, INC.",2834,Pharmaceutical Preparations,SAN DIEGO,CA,92130
0001590877,RGNX,REGENXBIO Inc.,2836,"Biological Products, (No Diagnostic Substances)",ROCKVILLE,MD,20850
0001847590,BWMN,Bowman Consulting Group Ltd.,8742,Services-Management Consulting Services,RESTON,VA,20191
0001680367,STTK,"Shattuck Labs, Inc.",2834,Pharmaceutical Preparations,AUSTIN,TX,78701
0000076267,PKE,PARK AEROSPACE CORP,3728,"Aircraft Parts & Auxiliary Equipment, NEC",MELVILLE,NY,11747
0001657853,HTZ,"HERTZ GLOBAL HOLDINGS, INC",7510,Services-Auto Rental & Leasing (No Drivers),ESTERO,FL,33928
0001869105,BBOT,"BridgeBio Oncology Therapeutics, Inc.",2834,Pharmaceutical Preparations,SOUTH SAN FRANCISCO,CA,94080
0001504619,PFLT,PennantPark Floating Rate Capital Ltd.,,,NEW YORK,NY,10022
0000788965,HNRG,HALLADOR ENERGY CO,4911,Electric Services,TERRE HAUTE,IN,47802
0001795851,SWRD,"Stewards, Inc.",6153,Short-Term Business Credit Institutions,LAUDERHILL,FL,33351
0002085091,RVI,Robinhood Ventures Fund I,,,MENLO PARK,CA,94025
0001953530,OCS,Oculis Holding AG,2834,Pharmaceutical Preparations,ZUG,V8,6300
0001832803,THSGF,THESIS GOLD INC.,,,VANCOUVER,A1,V6E 2
0001383441,NIE,Virtus Equity & Convertible Income Fund,,,GREENFIELD,MA,01301
0001725255,AHCO,AdaptHealth Corp.,8082,Services-Home Health Care Services,CONSHOHOCKEN,PA,19428
0001944558,VTS,"Vitesse Energy, Inc.",1311,Crude Petroleum & Natural Gas,GREENWOOD VILLAGE,CO,80111
0000708781,CASS,CASS INFORMATION SYSTEMS INC,7389,"Services-Business Services, NEC",ST. LOUIS,MO,63131
0001501989,CTMX,"CytomX Therapeutics, Inc.",2834,Pharmaceutical Preparations,SOUTH SAN FRANCISCO,CA,94080
0001676163,SSII,"SS Innovations International, Inc.",3841,Surgical & Medical Instruments & Apparatus,GURUGRAM,,12201
0001829576,CARE,"Carter Bankshares, Inc.",6021,National Commercial Banks,MARTINSVILLE,VA,24112
0001737287,ALLO,"Allogene Therapeutics, Inc.",2836,"Biological Products, (No Diagnostic Substances)",SOUTH SAN FRANCISCO,CA,94080
0001692376,VEL,"Velocity Financial, Inc.",6199,Finance Services,WESTLAKE VILLAGE,CA,91361
0001517399,SUPV,Grupo Supervielle S.A.,6029,"Commercial Banks, NEC",Buenos Aires,C1,00000
0001842731,SMWB,SIMILARWEB LTD.,7370,"Services-Computer Programming, Data Processing, Etc.",GIVATAYIM,,
0001819404,NRDY,Nerdy Inc.,8200,Services-Educational Services,ST. LOUIS,MO,63105
0001496099,NMFC,New Mountain Finance Corp,,,NEW YORK,NY,10019
0001602584,CCD,Calamos Dynamic Convertible & Income Fund,,,NAPERVILLE,IL,60563
0001820721,ARRY,"Array Technologies, Inc.",3674,Semiconductors & Related Devices,ALBUQUERQUE,NM,87109
0002087587,CSHR,CoinShares PLC,6211,"Security Brokers, Dealers & Flotation Companies",ST. HELIER,,JE2-4
0001453015,BLDP,Ballard Power Systems Inc.,3620,Electrical Industrial Apparatus,BURNABY,,V5J 5
0001829864,TASK,"TaskUs, Inc.",7374,Services-Computer Processing & Data Preparation,NEW BRAUNFELS,TX,78132
0001820378,TBLD,Thornburg Income Builder Opportunities Trust,,,SANTA FE,NM,87506
0001821159,EVGO,EVgo Inc.,7500,"Services-Automotive Repair, Services & Parking",EL SEGUNDO,CA,90245
0001840706,SOPH,SOPHiA GENETICS SA,7374,Services-Computer Processing & Data Preparation,ROLLE,V8,00000
0001185348,PRAA,PRA GROUP INC,6153,Short-Term Business Credit Institutions,NORFOLK,VA,23502
0000717538,AROW,ARROW FINANCIAL CORP,6021,National Commercial Banks,GLENS FALLS,NY,12801
0001682745,VRRM,VERRA MOBILITY Corp,4700,Transportation Services,MESA,AZ,
0001127371,CWBC,Community West Bancshares,6022,State Commercial Banks,FRESNO,CA,93720
0001625791,KRNT,Kornit Digital Ltd.,3555,Printing Trades Machinery & Equipment,ROSH-HA'AYIN,,
0001434647,ZVRA,"ZEVRA THERAPEUTICS, INC.",2834,Pharmaceutical Preparations,BOSTON,MA,02110
0001828318,ENVX,Enovix Corp,3690,"Miscellaneous Electrical Machinery, Equipment & Supplies",FREMONT,CA,94538
0001687187,METC,"Ramaco Resources, Inc.",1220,Silver Ores,LEXINGTON,KY,40507
0000039020,FEIM,FREQUENCY ELECTRONICS INC,3825,Instruments For Meas & Testing of  Electricity & Elec Signals,MITCHEL FIELD,NY,11553
0001962746,LOT,Lotus Technology Inc.,3711,Motor Vehicles & Passenger Car Bodies,SHANGHAI,,
0001696556,OFRM,"Once Upon a Farm, PBC",2000,Food and Kindred Products,BERKELEY,CA,94702
0001681087,TECX,"Tectonic Therapeutic, Inc.",2836,"Biological Products, (No Diagnostic Substances)",WATERTOWN,MA,
0001268884,IGR,CBRE GLOBAL REAL ESTATE INCOME FUND,,,RADNOR,PA,19087
0001056943,PFIS,PEOPLES FINANCIAL SERVICES CORP.,6021,National Commercial Banks,MOOSIC,PA,18507
0001839839,JBI,"Janus International Group, Inc.",3442,"Metal Doors, Sash, Frames, Moldings & Trim",TEMPLE,GA,30179
0001437958,CCB,COASTAL FINANCIAL CORP,6022,State Commercial Banks,EVERETT,WA,98203
0001655099,RA,Brookfield Real Assets Income Fund Inc.,,,NEW YORK,NY,10281
0000357294,HOV,HOVNANIAN ENTERPRISES INC,1531,Operative Builders,MATAWAN,NJ,07747
0000800457,DGICA,DONEGAL GROUP INC,6331,"Fire, Marine & Casualty Insurance",MARIETTA,PA,17547
0001418076,SLRC,SLR Investment Corp.,,,NEW YORK,NY,10022
0001393726,TIPT,TIPTREE INC.,6331,"Fire, Marine & Casualty Insurance",GREENWICH,CT,06830
0001517396,SSYS,STRATASYS LTD.,3577,"Computer Peripheral Equipment, NEC",EDEN PRAIRIE,MN,55344
0000061986,MTW,MANITOWOC CO INC,3531,Construction Machinery & Equip,MILWAUKEE,WI,53224
0001296250,PFN,PIMCO Income Strategy Fund II,,,NEW YORK,NY,10019
0001412558,EVO,Evotec SE,2834,Pharmaceutical Preparations,HAMBURG,,22419
0001436208,LEGH,Legacy Housing Corp,2451,Mobile Homes,BEDFORD,TX,76022
0000063296,MATW,MATTHEWS INTERNATIONAL CORP,3360,Nonferrous Foundries (Castings),PITTSBURGH,PA,15212
0001783183,PHAT,"Phathom Pharmaceuticals, Inc.",2834,Pharmaceutical Preparations,FLORHAM PARK,NJ,07932
0001866633,CCSI,"Consensus Cloud Solutions, Inc.",7372,Services-Prepackaged Software,LOS ANGELES,CA,90017
0001425450,KIDS,ORTHOPEDIATRICS CORP,3841,Surgical & Medical Instruments & Apparatus,WARSAW,IN,46582
0001795815,BCAL,California BanCorp \ CA,6021,National Commercial Banks,SAN DIEGO,CA,92130
0001928446,GRNT,"Granite Ridge Resources, Inc.",1311,Crude Petroleum & Natural Gas,DALLAS,TX,75205
0001446847,IRWD,IRONWOOD PHARMACEUTICALS INC,2834,Pharmaceutical Preparations,BOSTON,MA,02110
0001502377,CTGO,Contango Silver & Gold Inc.,1040,Gold and Silver Ores,FAIRBANKS,AK,99701
0001426800,ASMB,"ASSEMBLY BIOSCIENCES, INC.",2834,Pharmaceutical Preparations,SOUTH SAN FRANCISCO,CA,94080
0000354963,SHEN,SHENANDOAH TELECOMMUNICATIONS CO/VA/,4813,Telephone Communications (No Radiotelephone),EDINBURG,VA,22824
0001562818,BIT,BlackRock Multi-Sector Income Trust,,,WILMINGTON,DE,19809
0001466026,MSBI,"Midland States Bancorp, Inc.",6022,State Commercial Banks,EFFINGHAM,IL,62401
0001840616,NFGC,New Found Gold Corp.,1040,Gold and Silver Ores,TORONTO,,M5C 2
0002081119,BOT,"RoboStrategy, Inc.",,,SAN JUAN,PR,00901
0001819559,WDI,Western Asset Diversified Income Fund (WDI),,,NEW YORK,NY,10017
0001788399,DLY,DoubleLine Yield Opportunities Fund,,,TAMPA,FL,33602
0000724004,MLAB,MESA LABORATORIES INC /CO/,3823,"Industrial Instruments For Measurement, Display, and Control",LAKEWOOD,CO,80228
0001956439,ENHA,Enhanced Group Inc.,7990,Services-Miscellaneous Amusement & Recreation,NEW YORK,NY,10016
0002019804,IMSR,Terrestrial Energy Inc. /DE/,3443,Fabricated Plate Work (Boiler Shops),CHARLOTTE,NC,28217
0001562528,FBRT,"Franklin BSP Realty Trust, Inc.",6798,Real Estate Investment Trusts,NEW YORK,NY,10010
0000872716,ALPIB,ALPINE BANKS OF COLORADO,,,GLENWOOD SPRINGS,CO,81601
0001828536,NRGV,"Energy Vault Holdings, Inc.",3690,"Miscellaneous Electrical Machinery, Equipment & Supplies",WESTLAKE VILLIAGE,CA,91362
0001497645,INN,"Summit Hotel Properties, Inc.",6798,Real Estate Investment Trusts,AUSTIN,TX,78738
0001730463,AUTL,Autolus Therapeutics plc,2836,"Biological Products, (No Diagnostic Substances)",LONDON,X0,W12 7
0001071236,RRBI,RED RIVER BANCSHARES INC,6022,State Commercial Banks,ALEXANDRIA,LA,71301
0001997377,ISOU,IsoEnergy Ltd.,1090,Miscellaneous Metal Ores,TORONTO,,M5V 0
0001669779,CWH,"Camping World Holdings, Inc.",5500,Retail-Auto Dealers & Gasoline Stations,LINCOLNSHIRE,IL,60069
0001000623,MATV,"Mativ Holdings, Inc.",2621,Paper Mills,ALPHARETTA,GA,30009
0001886878,PAXS,PIMCO Access Income Fund,,,NEW YORK,NY,10019
0000743367,BHB,BAR HARBOR BANKSHARES,6022,State Commercial Banks,BAR HARBOR,ME,04609
0001683606,CARS,Cars.com Inc.,7374,Services-Computer Processing & Data Preparation,CHICAGO,IL,60606
0001799191,STLN,"Starling Oncology, Inc.",8011,Services-Offices & Clinics of  Doctors of  Medicine,CERRITOS,CA,90703
0001704720,CNNE,"Cannae Holdings, Inc.",5810,Retail-Eating & Drinking Places,LAS VEGAS,NV,89134
0001301787,BXC,BlueLinx Holdings Inc.,5031,"Wholesale-Lumber, Plywood, Millwork & Wood Panels",MARIETTA,GA,30067
0000076282,PKOH,PARK OHIO HOLDINGS CORP,3460,Metal Forgings & Stampings,CLEVELAND,OH,44124
0001834488,NABL,"N-able, Inc.",7372,Services-Prepackaged Software,WILMINGTON,DE,19801
0002020932,AGMB,Agomab Therapeutics NV,2836,"Biological Products, (No Diagnostic Substances)",ANTWERPEN,,2600
0001476045,CLDT,Chatham Lodging Trust,6798,Real Estate Investment Trusts,WEST PALM BEACH,FL,33401
0001275187,ANGO,ANGIODYNAMICS INC,3841,Surgical & Medical Instruments & Apparatus,LATHAM,NY,12110
0001410098,CRMD,CorMedix Inc.,2834,Pharmaceutical Preparations,PARSIPPANY,NJ,07054
0002076631,AMRQF,AMAROQ LTD.,,,TORONTO,,M5X 1
0001957538,OIO,OIO Group,4953,Refuse Systems,SINGAPORE,,
0001433551,SGLA,Sino Green Land Corp.,5090,Wholesale-Misc Durable Goods,"SEMENYIH, SELANGOR",N8,43500
0001503290,ACP,abrdn Income Credit Strategies Fund,,,PHILADELPHIA,PA,19103
0002040475,DMII,Drugs Made In America Acquisition II Corp.,6770,Blank Checks,NEW YORK,NY,10170
0001809104,ALIT,"Alight, Inc. / Delaware",7389,"Services-Business Services, NEC",CHICAGO,IL,60606
0001921603,WHK,WhiteHawk Minerals Corp.,1311,Crude Petroleum & Natural Gas,PHILADELPHIA,PA,19103
0000715579,ACNB,ACNB CORP,6022,State Commercial Banks,GETTYSBURG,PA,17325
0001743725,GDYN,"GRID DYNAMICS HOLDINGS, INC.",7372,Services-Prepackaged Software,SAN RAMON,CA,94583
0001195738,NKX,NUVEEN CALIFORNIA AMT-FREE QUALITY MUNICIPAL INCOME FUND,,,CHICAGO,IL,60606
0001971975,ABXXF,Abaxx Technologies Inc.,7372,Services-Prepackaged Software,TORONTO,A6,M5C 1
0001824403,RSVR,"Reservoir Media, Inc.",7900,Services-Amusement & Recreation Services,NEW YORK,NY,10014
0001824814,CGNT,Cognyte Software Ltd.,7372,Services-Prepackaged Software,HERZLIYA PITUACH,L3,46733
0000926282,ADTN,"ADTRAN Holdings, Inc.",3661,Telephone & Telegraph Apparatus,HUNTSVILLE,AL,35806
0001569187,AHRT,"AH Realty Trust, Inc.",6500,Real Estate,VIRGINIA BEACH,VA,23462
0001836564,VALN,Valneva SE,2836,"Biological Products, (No Diagnostic Substances)",SAINT-HERBLAIN,I0,44800
0002059573,PINWF,Pinewood Technologies Group plc,,,BIRMINGHAM,X0,B37 7
0001785493,RHNO,RHINO BITCOIN INC.,1700,Construction - Special Trade Contractors,MIAMI,FL,33131
0001625278,NRDS,"NERDWALLET, INC.",7374,Services-Computer Processing & Data Preparation,SAN MATEO,CA,94401
0000924822,MLR,MILLER INDUSTRIES INC /TN/,3713,Truck & Bus Bodies,OOLTEWAH,TN,37363
0000916789,HELE,HELEN OF TROY LTD,3634,Electric Housewares & Fans,HAMILTON,D0,HM 11
0001400118,SGMT,Sagimet Biosciences Inc.,2834,Pharmaceutical Preparations,FOSTER CITY,CA,94404
0001234006,GOOD,GLADSTONE COMMERCIAL CORP,6519,"Lessors of  Real Property, NEC",MCLEAN,VA,22102
0000103595,VLGEA,VILLAGE SUPER MARKET INC,5411,Retail-Grocery Stores,SPRINGFIELD,NJ,07081
0001799567,DDI,"DoubleDown Interactive Co., Ltd.",7374,Services-Computer Processing & Data Preparation,SEOUL,,
0001731348,TLRY,"Tilray Brands, Inc.",2833,Medicinal Chemicals & Botanical Products,NEW YORK,NY,10065
0001614178,YEXT,"Yext, Inc.",7374,Services-Computer Processing & Data Preparation,NEW YORK,NY,10011
0001464591,GPRK,GeoPark Ltd,1311,Crude Petroleum & Natural Gas,BOGOTA,F8,00000
0001539190,SPPP,SPROTT PHYSICAL PLATINUM & PALLADIUM TRUST,6221,Commodity Contracts Brokers & Dealers,TORONTO,A6,M5J 2
0001838615,ALTI,"AlTi Global, Inc.",6282,Investment Advice,NEW YORK,NY,10017
0000894627,EGY,VAALCO ENERGY INC /DE/,1311,Crude Petroleum & Natural Gas,HOUSTON,TX,77042
0001995520,YB,Yuanbao Inc.,6411,"Insurance Agents, Brokers & Service",BEIJING,F4,10010
0001846253,OABI,"OmniAb, Inc.",8731,Services-Commercial Physical & Biological Research,EMERYVILLE,CA,94608
0001092796,SWBI,"SMITH & WESSON BRANDS, INC.",3480,"Ordnance & Accessories, (No Vehicles/Guided Missiles)",MARYVILLE,TN,37801
0001376339,MDXG,"MIMEDX GROUP, INC.",3841,Surgical & Medical Instruments & Apparatus,MARIETTA,GA,30062
0001700844,EVOH,EvoAir Holdings Inc.,3585,Air-Cond & Warm Air Heatg Equip & Comm & Indl Refrig Equip,KUALA LUMPUR,N8,52000
0002067627,NKLR,Terra Innovatum Global N.V.,3443,Fabricated Plate Work (Boiler Shops),LUCCA,,55100
0001547459,NGVC,"Natural Grocers by Vitamin Cottage, Inc.",5411,Retail-Grocery Stores,LAKEWOOD,CO,80228
0001543418,TMQ,Trilogy Metals Inc.,1040,Gold and Silver Ores,VANCOUVER,A1,V6C 3
0001436126,MG,"Mistras Group, Inc.",8711,Services-Engineering Services,PRINCETON JUNCTION,NJ,08550
0001690639,VBNK,VersaBank,6029,"Commercial Banks, NEC",LONDON,A6,N6A 5
0001826286,VINP,Vinci Compass Investments Ltd.,6282,Investment Advice,LEBLON-RIO DE JANEIRO,,
0001717547,BRSP,"BrightSpire Capital, Inc.",6798,Real Estate Investment Trusts,NEW YORK,NY,10022
0001737924,NCDL,Nuveen Churchill Direct Lending Corp.,,,NEW YORK,NY,10152
0001512228,NB,NIOCORP DEVELOPMENTS LTD,1000,Metal Mining,CENTENNIAL,CO,80112
0000095029,RGR,STURM RUGER & CO INC,3480,"Ordnance & Accessories, (No Vehicles/Guided Missiles)",MAYODAN,NC,27027
0000025475,CRD-A,CRAWFORD & CO,6411,"Insurance Agents, Brokers & Service",PEACHTREE CORNERS,GA,30092
0002109616,FFPP,Fast Finance Pay Corp.,7389,"Services-Business Services, NEC",NEW YORK,NY,NY 10
0001818502,OPFI,OppFi Inc.,6199,Finance Services,CHICAGO,IL,60601
0001517375,SPT,"Sprout Social, Inc.",7372,Services-Prepackaged Software,CHICAGO,IL,60603
0001862461,REAX,Real Brokerage Inc,6531,Real Estate Agents & Managers (For Others),MIAMI,FL,33131
0001638290,MCFT,"MasterCraft Boat Holdings, Inc.",3730,Ship & Boat Building & Repairing,VONORE,TN,37885
0001617242,KRNY,Kearny Financial Corp.,6035,"Savings Institution, Federally Chartered",FAIRFIELD,NJ,07004
0001526119,VSTM,"Verastem, Inc.",2834,Pharmaceutical Preparations,NEEDHAM,MA,02494
0000912728,FWRD,FORWARD AIR CORP,4731,Arrangement of  Transportation of  Freight & Cargo,DALLAS,TX,75019
0001831915,CTKB,"Cytek Biosciences, Inc.",3826,Laboratory Analytical Instruments,FREMONT,CA,94538
0001793663,VTEX,VTEX,7372,Services-Prepackaged Software,GRAND CAYMAN,E9,KY1-9
0001253689,CBIO,"CRESCENT BIOPHARMA, INC.",2834,Pharmaceutical Preparations,WALTHAM,MA,02451
0002114227,CXII,Churchill Capital Corp XII,6770,Blank Checks,NEW YORK,NY,10019
0000790500,FAX,"ABRDN ASIA-PACIFIC INCOME FUND, INC.",,,PHILADELPHIA,PA,19103
0001499543,NOAH,NOAH HOLDINGS LTD,6282,Investment Advice,SHANGHAI,,20110
0001857154,DNUT,"Krispy Kreme, Inc.",5400,Retail-Food Stores,CHARLOTTE,NC,28203
0001988494,FVR,"FrontView REIT, Inc.",6798,Real Estate Investment Trusts,DALLAS,TX,75204
0001793129,NDMO,Nuveen Dynamic Municipal Opportunities Fund,,,CHICAGO,IL,60606
0002064355,BCSS,Bain Capital GSS Investment Corp.,6770,Blank Checks,GEORGE TOWN,,KY1-1
0001811115,RNLXY,Renalytix plc,8071,Services-Medical Laboratories,LONDON,,
0001855175,CTNM,"Contineum Therapeutics, Inc.",2834,Pharmaceutical Preparations,SAN DIEGO,CA,92121
0001341317,BWB,Bridgewater Bancshares Inc,6022,State Commercial Banks,ST. LOUIS PARK,MN,55416
0001562051,NML,Neuberger Energy Infrastructure & Income Fund Inc.,,,NEW YORK,NY,10104
0001630472,TRTX,"TPG RE Finance Trust, Inc.",6798,Real Estate Investment Trusts,SAN FRANCISCO,CA,94104
0002042902,EVAC,EQV Ventures Acquisition Corp. II,6770,Blank Checks,PARK CITY,UT,84098
0001505065,BWAY,Brainsway Ltd.,3841,Surgical & Medical Instruments & Apparatus,Jerusalem,L3,97775
0001921865,ASPI,ASP Isotopes Inc.,2890,Miscellaneous Chemical Products,DALLAS,TX,75201
0001288403,WTI,W&T OFFSHORE INC,1311,Crude Petroleum & Natural Gas,HOUSTON,TX,77057
0001090009,SFST,SOUTHERN FIRST BANCSHARES INC,6021,National Commercial Banks,GREENVILLE,SC,29607
0001419536,CBNK,Capital Bancorp Inc,6021,National Commercial Banks,Rockville,MD,20850
0000930236,RWT,REDWOOD TRUST INC,6798,Real Estate Investment Trusts,MILL VALLEY,CA,94941
0001336706,NPB,NORTHPOINTE BANCSHARES INC,6022,State Commercial Banks,GRAND RAPIDS,MI,49546
0001051003,DSU,"BLACKROCK DEBT STRATEGIES FUND, INC.",,,WILMINGTON,DE,19809
0001070524,GCBC,GREENE COUNTY BANCORP INC,6036,"Savings Institutions, Not Federally Chartered",CATSKILL,NY,12414
0002034267,CEPF,"Cantor Equity Partners IV, Inc.",6770,Blank Checks,NEW YORK,NY,10022
0000784539,EACO,EACO CORP,5065,"Wholesale-Electronic Parts & Equipment, NEC",ANAHEIM,CA,92807
0000920427,UNTY,UNITY BANCORP INC /NJ/,6022,State Commercial Banks,CLINTON,NJ,08809
0000885601,IIM,Invesco Value Municipal Income Trust,,,ATLANTA,GA,30309
0001788257,BWMX,"BETTERWARE DE MEXICO, S.A.P.I. DE C.V",5961,Retail-Catalog & Mail-Order Houses,EL ARENAL,,45350
0001173514,HY,"HYSTER-YALE, INC.",3537,"Industrial Trucks, Tractors, Trailors & Stackers",CLEVELAND,OH,44124
0000764401,IIIN,INSTEEL INDUSTRIES INC,3310,"Steel Works, Blast Furnaces & Rolling & Finishing Mills",MOUNT AIRY,NC,27030
0001377757,GAU,Galiano Gold Inc.,1400,Mining & Quarrying of  Nonmetallic Minerals (No Fuels),VANCOUVER,,V6E 3
0001861123,EIKN,"Eikon Therapeutics, Inc.",2836,"Biological Products, (No Diagnostic Substances)",MILLBRAE,CA,94030
0001793229,CTEV,Claritev Corp,7389,"Services-Business Services, NEC",MCLEAN,VA,22102
0001772177,KRUS,"KURA SUSHI USA, INC.",5812,Retail-Eating  Places,IRVINE,CA,92614
0001894562,PRME,"Prime Medicine, Inc.",2836,"Biological Products, (No Diagnostic Substances)",CAMBRIDGE,MA,02141
0001655759,ARVN,"ARVINAS, INC.",2834,Pharmaceutical Preparations,NEW HAVEN,CT,06511
0001609151,WEAV,"Weave Communications, Inc.",7372,Services-Prepackaged Software,LEHI,UT,84043
0000872912,DCTH,"DELCATH SYSTEMS, INC.",3841,Surgical & Medical Instruments & Apparatus,QUEENSBURY,NY,12804
0001759631,HYLN,Hyliion Holdings Corp.,3713,Truck & Bus Bodies,CEDAR PARK,TX,78613
0001907085,ODD,Oddity Tech Ltd,2844,"Perfumes, Cosmetics & Other Toilet Preparations",TEL AVIV-JAFFA,L3,67613
0001597672,RYAM,RAYONIER ADVANCED MATERIALS INC.,2611,Pulp Mills,JACKSONVILLE,FL,32207
0000896156,ETD,ETHAN ALLEN INTERIORS INC,2511,"Wood Household Furniture, (No Upholstered)",DANBURY,CT,06811
0000055135,KELYA,KELLY SERVICES INC,7363,Services-Help Supply Services,TROY,MI,48084
0001774342,NMCO,Nuveen Municipal Credit Opportunities Fund,,,CHICAGO,IL,60606
0001829959,DCBO,Docebo Inc.,7372,Services-Prepackaged Software,TORONTO,,M5J 1
0001710350,BTBT,"Bit Digital, Inc",6199,Finance Services,NEW YORK,NY,10001
0001318484,CTRN,Citi Trends Inc,5600,Retail-Apparel & Accessory Stores,SAVANNAH,GA,31405
0002028336,NUAI,"New ERA Energy & Digital, Inc.",1311,Crude Petroleum & Natural Gas,MIDLAND,TX,79701
0001535778,MSIF,"MSC INCOME FUND, INC.",,,HOUSTON,TX,77056
0002079173,AEXA,American Exceptionalism Acquisition Corp. A,6770,Blank Checks,MENLO PARK,CA,94025
0001521951,FBIZ,"FIRST BUSINESS FINANCIAL SERVICES, INC.",6022,State Commercial Banks,MADISON,WI,53719
0000798783,UHT,UNIVERSAL HEALTH REALTY INCOME TRUST,6798,Real Estate Investment Trusts,KING OF PRUSSIA,PA,19406
0000944745,CIVB,"CIVISTA BANCSHARES, INC.",6022,State Commercial Banks,SANDUSKY,OH,44870
0001044777,OSPN,OneSpan Inc.,7373,Services-Computer Integrated Systems Design,BOSTON,MA,02210
0001850270,PROK,PROKIDNEY CORP.,2836,"Biological Products, (No Diagnostic Substances)",WINSTON-SALEM,NC,27103
0001590976,MBUU,"MALIBU BOATS, INC.",3730,Ship & Boat Building & Repairing,LOUDON,TN,37774
0001839886,MRRDF,Meridian Mining UK Societas,,,LONDON,X0,EC2V 
0001326190,ALT,"Altimmune, Inc.",2834,Pharmaceutical Preparations,GAITHERSBURG,MD,20878
0001163370,NRIM,NORTHRIM BANCORP INC,6035,"Savings Institution, Federally Chartered",ANCHORAGE,AK,99524
0002074850,GFUZ,General Fusion Group Ltd.,4911,Electric Services,RICHMOND,,V7B 1
0001722387,ITRG,Integra Resources Corp.,1040,Gold and Silver Ores,VANCOUVER,A1,V6C 3
0001537137,SLI,STANDARD LITHIUM LTD.,2800,Chemicals & Allied Products,VANCOUVER,,V6E 3
0001635977,THW,abrdn World Healthcare Fund,,,PHILADELPHIA,PA,19103
0001766368,MEC,"Mayville Engineering Company, Inc.",3460,Metal Forgings & Stampings,MAYVILLE,WI,53050
0002104052,NVRI,Enviri Corp,4953,Refuse Systems,PHILADELPHIA,PA,19103
0001606757,KE,"Kimball Electronics, Inc.",3672,Printed Circuit Boards,JASPER,IN,47546
0001122904,NTGR,"NETGEAR, INC.",3576,Computer Communications Equipment,SAN JOSE,CA,95134
0001958086,CLB,Core Laboratories Inc. /DE/,1389,"Oil & Gas Field Services, NEC",HOUSTON,TX,77040
0001395325,ETJ,Eaton Vance Risk-Managed Diversified Equity Income Fund,,,BOSTON,MA,02109
0001020214,CERS,CERUS CORP,3841,Surgical & Medical Instruments & Apparatus,CONCORD,CA,94520
0001853921,SCTX,"Scribe Therapeutics, Inc.",2836,"Biological Products, (No Diagnostic Substances)",ALAMEDA,CA,94501
0001638097,ENTX,Entera Bio Ltd.,2836,"Biological Products, (No Diagnostic Substances)",JERUSALEM,,91120
0001327688,OOMA,OOMA INC,7374,Services-Computer Processing & Data Preparation,SUNNYVALE,CA,94085
0001671858,SPRY,"ARS Pharmaceuticals, Inc.",2834,Pharmaceutical Preparations,SAN DIEGO,CA,92130
0001863934,ADUR,ADURO CLEAN TECHNOLOGIES INC.,2800,Chemicals & Allied Products,LONDON,A6,N6E 2
0000886043,MMU,WESTERN ASSET MANAGED MUNICIPALS FUND INC.,,,NEW YORK,NY,10018
0001473334,XMAX,XMax Inc.,2510,Household Furniture,COMMERCE,CA,90040
0001717307,ILPT,Industrial Logistics Properties Trust,6798,Real Estate Investment Trusts,NEWTON,MA,02458
0000880892,VGM,Invesco Trust for Investment Grade Municipals,,,ATLANTA,GA,30309
0001951222,LAES,SEALSQ Corp,3674,Semiconductors & Related Devices,COINTRIN,V8,1216
0000108985,YORW,YORK WATER CO,4941,Water Supply,YORK,PA,17401
0001594204,RBTK,ZHEN DING RESOURCES INC.,1000,Metal Mining,SAINT LAMBERT,A8,J45 1
0000804123,TWN,TAIWAN FUND INC,,,BOSTON,MA,02111
0002095161,DBCA,D. Boral Acquisition I Corp.,6770,Blank Checks,NEW YORK,NY,10022
0001398733,AQST,"Aquestive Therapeutics, Inc.",2834,Pharmaceutical Preparations,WARREN,NJ,07059
0001364125,WRN,Western Copper & Gold Corp,1000,Metal Mining,VANCOUVER,,V6E 2
0001570562,EOLS,"Evolus, Inc.",2834,Pharmaceutical Preparations,NEWPORT BEACH,CA,92660
0001674930,FLGT,"Fulgent Genetics, Inc.",8071,Services-Medical Laboratories,EL MONTE,CA,91731
0001816017,SPIR,"Spire Global, Inc.",4899,"Communications Services, NEC",VIENNA,VA,
0001436425,HBCP,"HOME BANCORP, INC.",6036,"Savings Institutions, Not Federally Chartered",LAFAYETTE,LA,70508
0001855644,ZURA,Zura Bio Ltd,2836,"Biological Products, (No Diagnostic Substances)",LA JOLLA,CA,92037
0000720858,ITIC,INVESTORS TITLE CO,6361,Title Insurance,CHAPEL HILL,NC,27514
0001016281,CSV,CARRIAGE SERVICES INC,7200,Services-Personal Services,HOUSTON,TX,77056
0002048951,TMS,Teamshares Inc,5900,Retail-Miscellaneous Retail,NEW YORK,NY,10012
0002092574,SWMR,"Swarmer, Inc",7372,Services-Prepackaged Software,AUSTIN,TX,78759
0001849396,NEXN,Nexxen International Ltd.,7370,"Services-Computer Programming, Data Processing, Etc.",TEL AVIV,,
0002086438,GHXI,"Gores Holdings XI, Inc.",6770,Blank Checks,GRAND CAYMAN,,KY1-1
0001759138,CABA,"Cabaletta Bio, Inc.",2836,"Biological Products, (No Diagnostic Substances)",PHILADELPHIA,PA,19104
0001817241,ARTV,"Artiva Biotherapeutics, Inc.",2836,"Biological Products, (No Diagnostic Substances)",SAN DIEGO,CA,92121
0001533615,XRN,Chiron Real Estate Inc.,6798,Real Estate Investment Trusts,BETHESDA,MD,20814
0001809691,HKD,AMTD Digital Inc.,6199,Finance Services,PARIS,I0,75001
0001636651,OVID,Ovid Therapeutics Inc.,2834,Pharmaceutical Preparations,NEW YORK,NY,10001
0000712770,OLP,ONE LIBERTY PROPERTIES INC,6798,Real Estate Investment Trusts,GREAT NECK,NY,11021
0001515671,DPG,Duff & Phelps Utility & Infrastructure Fund Inc.,,,GREENFIELD,MA,01301
0001375205,URG,UR-ENERGY INC,1040,Gold and Silver Ores,CASPER,WY,82604
0001771706,VREOF,Vireo Growth Inc.,2834,Pharmaceutical Preparations,MINNEAPOLIS,MN,55402
0001530979,HNST,"Honest Company, Inc.",5961,Retail-Catalog & Mail-Order Houses,LOS ANGELES,CA,90094
0000910638,DDD,3D SYSTEMS CORP,7372,Services-Prepackaged Software,ROCK HILL,SC,29730
0001341170,ESEA,EUROSEAS LTD.,4412,Deep Sea Foreign Transportation of  Freight,151 25 MAROUSSI,J3,00000
0000945983,CLMB,"Climb Global Solutions, Inc.",5045,Wholesale-Computers & Peripheral Equipment & Software,EATONTOWN,NJ,07724
0000724910,NVEC,NVE CORP /NEW/,3674,Semiconductors & Related Devices,EDEN PRAIRIE,MN,55344
0001628908,EVH,"Evolent Health, Inc.",8741,Services-Management Services,ARLINGTON,VA,22209
0001505732,BWFG,"Bankwell Financial Group, Inc.",6022,State Commercial Banks,NEW CANAAN,CT,06840
0001349436,SD,SANDRIDGE ENERGY INC,1311,Crude Petroleum & Natural Gas,OKLAHOMA CITY,OK,73104
0001064052,FGOVF,FREEGOLD VENTURES LTD,1040,Gold and Silver Ores,VANCOUVER,,V7Y 1
0001027838,TCMD,TACTILE SYSTEMS TECHNOLOGY INC,3841,Surgical & Medical Instruments & Apparatus,MINNEAPOLIS,MN,55413
0001481792,QUAD,"Quad/Graphics, Inc.",2750,Commercial Printing,SUSSEX,WI,53089
0001779128,SRTA,"Strata Critical Medical, Inc.",8000,Services-Health Services,NEW YORK,NY,10017
0002064307,LOGC,ContextLogic Holdings Inc.,1400,Mining & Quarrying of  Nonmetallic Minerals (No Fuels),OAKLAND,CA,94601
0000790816,BDN,BRANDYWINE REALTY TRUST,6798,Real Estate Investment Trusts,PHILADELPHIA,PA,19104
0001393299,BGY,BlackRock Enhanced International Dividend Trust,,,WILMINGTON,DE,19809
0001121484,OIS,"OIL STATES INTERNATIONAL, INC",3533,Oil & Gas Field Machinery & Equipment,HOUSTON,TX,77002
0001285890,IGD,Voya GLOBAL EQUITY DIVIDEND & PREMIUM OPPORTUNITY FUND,,,SCOTTSDALE,AZ,85258
0001643615,ONT,"Onterris, Inc.",8742,Services-Management Consulting Services,IRVINE,CA,92614
0000096664,AMFN,"American Fusion, Inc.",4911,Electric Services,SOUTHLAKE,TX,76092
0001937987,FBYD,"Falcon's Beyond Global, Inc.",7990,Services-Miscellaneous Amusement & Recreation,ORLANDO,FL,32835
0001606163,LMB,"Limbach Holdings, Inc.",1700,Construction - Special Trade Contractors,TAMPA,FL,33607
0001130144,BSRR,SIERRA BANCORP,6022,State Commercial Banks,PORTERVILLE,CA,93257
0001158324,CCOI,"COGENT COMMUNICATIONS HOLDINGS, INC.",4899,"Communications Services, NEC",WASHINGTON,DC,20037
0001281926,ETO,Eaton Vance Tax-Advantaged Global Dividend Opportunities Fund,,,BOSTON,MA,02109
0001606909,PANL,Pangaea Logistics Solutions Ltd.,4412,Deep Sea Foreign Transportation of  Freight,NEWPORT,RI,02840
0001854545,DDL,Dingdong (Cayman) Ltd,5961,Retail-Catalog & Mail-Order Houses,SHANGHAI,F4,20121
0000895531,VCV,Invesco California Value Municipal Income Trust,,,ATLANTA,GA,30309
0001308208,ULH,"UNIVERSAL LOGISTICS HOLDINGS, INC.",4213,Trucking (No Local),WARREN,MI,48089
0002108962,GCGR,General Catalyst Global Resilience Merger Corp.,6770,Blank Checks,CAMBRIDGE,MA,02138
0000075288,OXM,OXFORD INDUSTRIES INC,2320,"Men's & Boys' Furnishgs, Work Clothg, & Allied Garments",ATLANTA,GA,
0001844862,SLDP,"Solid Power, Inc.",3690,"Miscellaneous Electrical Machinery, Equipment & Supplies",LOUISVILLE,CO,80027
0001732379,BMM,Blue Moon Metals Inc.,1000,Metal Mining,TORONTO,,M5J 2
0000065270,MEI,METHODE ELECTRONICS INC,3678,Electronic Connectors,SOUTHFILED,MI,48034
0000901243,MUA,"BLACKROCK MUNIASSETS FUND, INC.",,,WILMINGTON,DE,19809
0001823794,ARKO,ARKO Corp.,5412,Retail-Convenience Stores,RICHMOND,VA,23227
0002055592,GEMI,"Gemini Space Station, Inc.",6199,Finance Services,NEW YORK,NY,10016
0001994702,KYTX,"Kyverna Therapeutics, Inc.",2836,"Biological Products, (No Diagnostic Substances)",EMERYVILLE,CA,
0001770069,MPLT,"MapLight Therapeutics, Inc.",2834,Pharmaceutical Preparations,REDWOOD CITY,CA,94063
0002101698,ELMT,Elmet Group Co.,3490,Miscellaneous Fabricated Metal Products,PORTLAND,ME,04101
0002047273,BUUU,BUUU Group Ltd,7900,Services-Amusement & Recreation Services,HONG KONG,K3,00000
0001945240,ROMA,Roma Green Finance Ltd,8742,Services-Management Consulting Services,HONG KONG,K3,000
0001754226,OBT,"Orange County Bancorp, Inc. /DE/",6022,State Commercial Banks,MIDDLETOWN,NY,10940
0001821866,BTQ,BTQ Technologies Corp.,7370,"Services-Computer Programming, Data Processing, Etc.",VANCOUVER,,V7Y 1
0001944955,GSKRF,FIRST NORDIC METALS CORP.,,,VANCOUVER,A1,V6E 2
0002074878,NWAX,New America Acquisition I Corp.,6770,Blank Checks,NEW YORK,NY,10022
0001604174,ECC,Eagle Point Credit Co,,,GREENWICH,CT,06830
0000917100,IFN,"ABERDEEN INDIA FUND, INC.",,,PHILADELPHIA,PA,19103
0001385613,GLRE,"GREENLIGHT CAPITAL RE, LTD.",6331,"Fire, Marine & Casualty Insurance",GRAND CAYMAN,,KY1-1
0001514991,AMCX,AMC Global Media Inc.,4841,Cable & Other Pay Television Services,NEW YORK,NY,10001
0001678660,PRLD,Prelude Therapeutics Inc,2834,Pharmaceutical Preparations,WILMINGTON,DE,19805
0001421461,IPI,"Intrepid Potash, Inc.",1400,Mining & Quarrying of  Nonmetallic Minerals (No Fuels),DENVER,CO,80202
0000043196,GTN,"GRAY MEDIA, INC",4833,Television Broadcasting Stations,ATLANTA,GA,30319
0001005229,CMCO,COLUMBUS MCKINNON CORP,3531,Construction Machinery & Equip,CHARLOTTE,NC,28277
0001705284,PBAM,"Private Bancorp of America, Inc.",6021,National Commercial Banks,LA JOLLA,CA,92037
0002087361,MEVO,M Evo Global Acquisition Corp II,6770,Blank Checks,FARMERS BRANCH,TX,75234
0000803164,COFS,CHOICEONE FINANCIAL SERVICES INC,6022,State Commercial Banks,SPARTA,MI,49345
0001737927,CGC,Canopy Growth Corp,2833,Medicinal Chemicals & Botanical Products,SMITH FALLS,A6,K7A0A
0001728190,HUYA,HUYA Inc.,7370,"Services-Computer Programming, Data Processing, Etc.",GUANGZHOU,,51144
0001233681,BLW,BLACKROCK Ltd DURATION INCOME TRUST,,,WILMINGTON,DE,19809
0001746129,BSVN,Bank7 Corp.,6022,State Commercial Banks,OKLAHOMA CITY,OK,73116
0002007587,AII,"American Integrity Insurance Group, Inc.",6331,"Fire, Marine & Casualty Insurance",TAMPA,FL,33607
0000088000,HKHC,Horizon Kinetics Holding Corp,6282,Investment Advice,NEW YORK,NY,10020
0002025416,OWLS,OBOOK HOLDINGS INC.,7372,Services-Prepackaged Software,TAIPEI CITY,,112
0001747079,BALY,Bally's Corp,7011,Hotels & Motels,PROVIDENCE,RI,02903
0001030192,IDR,"Idaho Strategic Resources, Inc.",1040,Gold and Silver Ores,COEUR D'ALENE,ID,83814
0001176984,EIM,Eaton Vance Municipal Bond Fund,,,BOSTON,MA,02109
0001932737,AIIO,ROBO.AI INC.,3711,Motor Vehicles & Passenger Car Bodies,DUBAI,,
0001810523,FTHY,FIRST TRUST HIGH YIELD OPPORTUNITIES 2027 TERM FUND,,,WHEATON,IL,60187
0000788329,JOUT,JOHNSON OUTDOORS INC,3949,"Sporting & Athletic Goods, NEC",RACINE,WI,53403
0002049662,FAC,Factorial Energy Inc.,3690,"Miscellaneous Electrical Machinery, Equipment & Supplies",BILLERICA,MA,01821
0001864208,GUG,Guggenheim Active Allocation Fund,,,CHICAGO,IL,60606
0001320461,CPS,Cooper-Standard Holdings Inc.,3714,Motor Vehicle Parts & Accessories,NORTHVILLE,MI,48168
0001313310,GRVY,"GRAVITY Co., Ltd.",7374,Services-Computer Processing & Data Preparation,SEOUL,M5,121-7
0001553643,RLMD,"RELMADA THERAPEUTICS, INC.",2834,Pharmaceutical Preparations,CORAL GABLES,FL,33134
0001874071,PDLB,"Ponce Financial Group, Inc.",6035,"Savings Institution, Federally Chartered",BRONX,NY,10462
0001131312,ZNOG,ZION OIL & GAS INC,1382,Oil & Gas Field Exploration Services,DALLAS,TX,75243
0002074872,KRSP,Rice Acquisition Corp 3,6770,Blank Checks,CARNEGIE,PA,15106
0002052053,PWRL,Powerlaw Corp.,,,GREENWOOD VILLAGE,CO,80111
0001166928,WTBA,WEST BANCORPORATION INC,6022,State Commercial Banks,WEST DES MOINES,IA,50266
0001662579,CCCC,"C4 Therapeutics, Inc.",2836,"Biological Products, (No Diagnostic Substances)",WATERTOWN,MA,02472
0002044725,EVMN,"Evommune, Inc.",2834,Pharmaceutical Preparations,PALO ALTO,CA,
0001959224,AXG,"Solowin Holdings, Ltd.",6211,"Security Brokers, Dealers & Flotation Companies",KOWLOON,,0000
0000059255,VHI,VALHI INC /DE/,2810,Industrial Inorganic Chemicals,DALLAS,TX,75240
0001720420,IBEX,IBEX Ltd,7374,Services-Computer Processing & Data Preparation,WASHINGTON,DC,20006
0001631596,KREF,KKR Real Estate Finance Trust Inc.,6798,Real Estate Investment Trusts,NEW YORK,NY,10001
0001131903,FCCN,SPECTRAL CAPITAL Corp,7374,Services-Computer Processing & Data Preparation,SEATTLE,WA,98105
0002080019,GIW,GigCapital8 Corp.,6770,Blank Checks,PALO ALTO,CA,94303
0001830214,DNA,"Ginkgo Bioworks Holdings, Inc.",2836,"Biological Products, (No Diagnostic Substances)",BOSTON,MA,02210
0000070487,NRC,NRC HEALTH,8731,Services-Commercial Physical & Biological Research,LINCOLN,NE,68508
0001018979,AMSF,AMERISAFE INC,6331,"Fire, Marine & Casualty Insurance",DERIDDER,LA,70634
0001986817,GTEN,"Gores Holdings X, Inc. / CI",6770,Blank Checks,BOULDER,CO,80301
0000879585,ATNI,"ATN International, Inc.",4813,Telephone Communications (No Radiotelephone),BEVERLY,MA,01915
0000766011,CMCL,Caledonia Mining Corp Plc,1040,Gold and Silver Ores,ST HELIER,,JE2 3
0002024218,SMC,Summit Midstream Corp,4922,Natural Gas Transmission,HOUSTON,TX,77002
0001554697,GHY,"PGIM Global High Yield Fund, Inc.",,,NEWARK,NJ,07102
0002106613,QNC,Quantum eMotion Corp,7372,Services-Prepackaged Software,MONTREAL,,H4S 2
0001635282,RMNI,"Rimini Street, Inc.",7389,"Services-Business Services, NEC",LAS VEGAS,NV,89135
0002081358,CRAN,Crane Harbor Acquisition Corp. II,6770,Blank Checks,PHILADELPHIA,PA,19103
0000928340,CWCO,Consolidated Water Co. Ltd.,4941,Water Supply,GRAND CAYMAN,,KY1-1
0002033535,CMDB,Costamare Bulkers Holdings Ltd,4400,Water Transportation,MONACO,O9,MC 98
0000879526,WNC,WABASH NATIONAL Corp,3715,Truck Trailers,LAFAYETTE,IN,47905
0002035709,PHOE,Phoenix Asia Holdings Ltd,1700,Construction - Special Trade Contractors,"KOWLOON BAY, HONG KONG",K3,0000
0001861115,NMAI,Nuveen Multi-Asset Income Fund,,,CHICAGO,IL,60606
0001868995,CINT,CI&T Inc,7371,Services-Computer Programming Services,UGLAND HOUSE - GRAND CAYMAN,E9,KY1-1
0001673985,ASIX,AdvanSix Inc.,2821,"Plastic Materials, Synth Resins & Nonvulcan Elastomers",PARSIPPANY,NJ,07054
0001616543,SENS,"Senseonics Holdings, Inc.",3823,"Industrial Instruments For Measurement, Display, and Control",GERMANTOWN,MD,20876
0001401667,PBYI,"PUMA BIOTECHNOLOGY, INC.",2834,Pharmaceutical Preparations,LOS ANGELES,CA,
0000808439,TATT,TAT TECHNOLOGIES LTD,3724,Aircraft Engines & Engine Parts,GEDERA,,70750
0002039972,GMTL,Guardian Metal Resources PLC,1000,Metal Mining,LONDON,,SW1W 
0001285550,CLPT,"ClearPoint Neuro, Inc.",3841,Surgical & Medical Instruments & Apparatus,SOLANA BEACH,CA,92075
0001661998,QTTB,Q32 Bio Inc.,2834,Pharmaceutical Preparations,WALTHAM,MA,02451
0001372299,OCGN,"Ocugen, Inc.",2836,"Biological Products, (No Diagnostic Substances)",MALVERN,PA,19355
0001528287,NPCE,NeuroPace Inc,3841,Surgical & Medical Instruments & Apparatus,MOUNTAIN VIEW,CA,94043
0002079253,APXT,Apex Treasury Corp,6770,Blank Checks,VERO BEACH,FL,32963
0001860805,ASTL,Algoma Steel Group Inc.,3312,"Steel Works, Blast Furnaces & Rolling Mills (Coke Ovens)",SAULT STE. MARIE,A6,P6A 7
0001706946,SPCE,"Virgin Galactic Holdings, Inc",4700,Transportation Services,TUSTIN,CA,92782
0001291334,FFA,FIRST TRUST ENHANCED EQUITY INCOME FUND,,,WHEATON,IL,60187
0001567529,KMDA,KAMADA LTD,2834,Pharmaceutical Preparations,REHOVOT,L3,76704
0001606366,LOCO,"El Pollo Loco Holdings, Inc.",5812,Retail-Eating  Places,COSTA MESA,CA,92626
0000792966,FMAO,FARMERS & MERCHANTS BANCORP INC,6035,"Savings Institution, Federally Chartered",ARCHBOLD,OH,43502
0001981546,CBK,"Commercial Bancgroup, Inc.",6022,State Commercial Banks,HARROGATE,TN,37752
0001839970,BLSM,"BlossomHill Therapeutics, Inc.",2834,Pharmaceutical Preparations,SAN DIEGO,CA,
0001650664,EDIT,"Editas Medicine, Inc.",2836,"Biological Products, (No Diagnostic Substances)",CAMBRIDGE,MA,02141
0001862044,ZKH,ZKH Group Ltd,5200,"Retail-Building Materials, Hardware, Garden Supply",SHANGHAI,,
0001653558,PRTH,"Priority Technology Holdings, Inc.",7389,"Services-Business Services, NEC",ALPHARETTA,GA,30004
0000929351,STRZ,STARZ ENTERTAINMENT CORP /CN/,7812,Services-Motion Picture & Video Tape Production,SANTA MONICA,CA,90404
0001579733,VITL,"Vital Farms, Inc.",2000,Food and Kindred Products,AUSTIN,TX,
0001965615,MGMNF,MAGNA MINING INC.,,,DOWLING,A6,P0M 1
0001308927,ETB,Eaton Vance Tax-Managed Buy-Write Income Fund,,,BOSTON,MA,02109
0001559053,PRTA,PROTHENA CORP PUBLIC LTD CO,2834,Pharmaceutical Preparations,DUBLIN 2,L2,D02 V
0001096056,LXFR,LUXFER HOLDINGS PLC,2810,Industrial Inorganic Chemicals,MANCHESTER,X0,M27 8
0000810958,CZNC,CITIZENS & NORTHERN CORP,6022,State Commercial Banks,WELLSBORO,PA,16901
0002075786,SEAH,"Seahawk Recycling Holdings, Inc.",5090,Wholesale-Misc Durable Goods,TOKYO,,16900
0001084991,NGS,NATURAL GAS SERVICES GROUP INC,1389,"Oil & Gas Field Services, NEC",MIDLAND,TX,79705
0001314102,EYPT,"EyePoint, Inc.",3826,Laboratory Analytical Instruments,WATERTOWN,MA,02472
0001843586,OTLY,Oatly Group AB,2000,Food and Kindred Products,MALMO,,
0001703956,BBCP,"Concrete Pumping Holdings, Inc.",1700,Construction - Special Trade Contractors,THORNTON,CO,80229
0001699350,SI,"SHOULDER INNOVATIONS, INC.",3841,Surgical & Medical Instruments & Apparatus,GRAND RAPIDS,MI,49507
0001649752,NMG,Nouveau Monde Graphite Inc.,1090,Miscellaneous Metal Ores,L'ANGE-GARDIEN,,J8L 0
0001918102,FISN,"DEEP FISSION, INC.",4911,Electric Services,BERKELEY,CA,94705
0000711669,CBAN,COLONY BANKCORP INC,6022,State Commercial Banks,FITZGERALD,GA,31750
0001400891,IHRT,"iHeartMedia, Inc.",4832,Radio Broadcasting Stations,SAN ANTONIO,TX,78258
0001059386,VVR,Invesco Senior Income Trust,,,ATLANTA,GA,30309
0001531177,SGHT,"Sight Sciences, Inc.",3841,Surgical & Medical Instruments & Apparatus,MENLO PARK,CA,94025
0001776661,ADV,Advantage Solutions Inc.,7389,"Services-Business Services, NEC",ST. LOUIS,MO,63105
0001215913,HPS,JOHN HANCOCK PREFERRED INCOME FUND III,,,BOSTON,MA,02116
0001709941,BIOA,"BioAge Labs, Inc.",2834,Pharmaceutical Preparations,EMERYVILLE,CA,94608
0001865389,NPFD,Nuveen Variable Rate Preferred & Income Fund,,,CHICAGO,IL,60606
0001515940,KIO,KKR Income Opportunities Fund,,,SAN FRANCISCO,CA,94104
0001499422,RBB,RBB Bancorp,6022,State Commercial Banks,LOS ANGELES,CA,90017
0001509261,RZLT,"Rezolute, Inc.",2834,Pharmaceutical Preparations,REDWOOD CITY,CA,94065
0001591670,FPI,Farmland Partners Inc.,6798,Real Estate Investment Trusts,DENVER,CO,80237
0001576942,SFIX,"Stitch Fix, Inc.",5961,Retail-Catalog & Mail-Order Houses,SAN FRANCISCO,CA,94104
0002084396,IEAG,Infinite Eagle Acquisition Corp.,6770,Blank Checks,NEW YORK,NY,10075
0001709164,HBB,Hamilton Beach Brands Holding Co,3634,Electric Housewares & Fans,GLEN ALLEN,VA,23060
0000096869,TRC,TEJON RANCH CO,6500,Real Estate,LEBEC,CA,93243
0001143513,GLAD,GLADSTONE CAPITAL CORP,,,MCLEAN,VA,22102
0002035992,MCTA,Charming Medical Ltd,8090,"Services-Misc Health & Allied Services, NEC",HONG KONG,K3,00000
0001306550,BGR,BlackRock Energy & Resources Trust,,,WILMINGTON,DE,19809
0001848416,VRNO,Verano Holdings Corp.,0100,Agricultural Production-Crops,CHICAGO,IL,60610
0001899883,FIP,FTAI Infrastructure Inc.,4011,"Railroads, Line-Haul Operating",NEW YORK,NY,10105
0002088749,KBON,Karbon Capital Partners Corp.,6770,Blank Checks,GRAND CAYMAN,,KY1-1
0001581178,EPRX,EUPRAXIA PHARMACEUTICALS INC.,2834,Pharmaceutical Preparations,VANCOUVER,,V5Y 3
0000934549,ACTG,ACACIA RESEARCH CORP,6794,Patent Owners & Lessors,NEW YORK,NY,10017
0002073928,MBVI,M3-Brigade Acquisition VI Corp.,6770,Blank Checks,NEW YORK,NY,10019
0001145604,NIKA,"NIKA PHARMACEUTICALS, INC",2834,Pharmaceutical Preparations,HENDERSON,NV,89044
0001401521,ACIC,AMERICAN COASTAL INSURANCE Corp,6331,"Fire, Marine & Casualty Insurance",SAINT PETERSBURG,FL,33716
0001403475,BMRC,Bank of Marin Bancorp,6022,State Commercial Banks,NOVATO,CA,94947
0001861974,ECX,ECARX Holdings Inc.,7373,Services-Computer Integrated Systems Design,SHANGHAI,F4,20003
0001808898,BNTC,Benitec Biopharma Inc.,2834,Pharmaceutical Preparations,HAYWARD,CA,94545
0001728688,IIIV,"i3 Verticals, Inc.",7372,Services-Prepackaged Software,NASHVILLE,TN,37215
0001940941,MFI,mF International Ltd,7371,Services-Computer Programming Services,HONG KONG,K3,00000
0002091176,IACO,Idea Acquisition Corp.,6770,Blank Checks,LOS ANGELES,CA,90017
0002081468,MESH,Meshflow Acquisition Corp,6770,Blank Checks,CHICAGO,IL,60642
0002073340,TLNC,Talon Capital Corp.,6770,Blank Checks,HOUSTON,TX,77002
0001794546,CARL,"CARLSMED, INC.",3841,Surgical & Medical Instruments & Apparatus,CARLSBAD,CA,92008
0001593899,AVIR,"Atea Pharmaceuticals, Inc.",2834,Pharmaceutical Preparations,BOSTON,MA,02110
0001830043,BMBL,Bumble Inc.,7370,"Services-Computer Programming, Data Processing, Etc.",AUSTIN,TX,78756
0001434621,TREE,"LendingTree, Inc.",6163,Loan Brokers,CHARLOTTE,NC,28203
0001734107,SOHU,Sohu.com Ltd,7374,Services-Computer Processing & Data Preparation,BEIJING,,10019
0001617553,ZIP,"ZIPRECRUITER, INC.",7370,"Services-Computer Programming, Data Processing, Etc.",SANTA MONICA,CA,90405
0002082119,KRAQ,KRAKacquisition Corp,6770,Blank Checks,GRAND CAYMAN,,KY1-1
0001074540,EVN,Eaton Vance Municipal Income Trust,,,BOSTON,MA,02109
0000106532,WEYS,WEYCO GROUP INC,5130,"Wholesale-Apparel, Piece Goods & Notions",GLENDALE,WI,53312
0000014707,CAL,CALERES INC,3140,"Footwear, (No Rubber)",ST LOUIS,MO,63105
0001168455,PLBC,PLUMAS BANCORP,6153,Short-Term Business Credit Institutions,RENO,NV,89511
0001559991,DFP,Flaherty & Crumrine Dynamic Preferred & Income Fund Inc,,,,,
0001631569,CHCT,Community Healthcare Trust Inc,6798,Real Estate Investment Trusts,FRANKLIN,TN,37067
0000049754,DIN,"Dine Brands Global, Inc.",5812,Retail-Eating  Places,PASADENA,CA,91103
0001862935,CURR,Currenc Group Inc.,7389,"Services-Business Services, NEC",SINGAPORE,,18872
0000041719,MAGN,Magnera Corp,2621,Paper Mills,CHARLOTTE,NC,28269
0001683695,IMXI,"International Money Express, Inc.",7389,"Services-Business Services, NEC",MIAMI,FL,33156
0000216085,HVT,HAVERTY FURNITURE COMPANIES INC,5712,Retail-Furniture Stores,ATLANTA,GA,30342
0001822462,FHTX,Foghorn Therapeutics Inc.,2834,Pharmaceutical Preparations,CAMBRIDGE,MA,02139
0000899751,TWI,TITAN INTERNATIONAL INC,3312,"Steel Works, Blast Furnaces & Rolling Mills (Coke Ovens)",WEST CHICAGO,IL,60185
0000844059,FRPH,"FRP HOLDINGS, INC.",6500,Real Estate,JACKSONVILLE,FL,32202
0001738021,CMPX,"Compass Therapeutics, Inc.",2836,"Biological Products, (No Diagnostic Substances)",BOSTON,MA,02135
0001145986,ASPN,ASPEN AEROGELS INC,5030,Wholesale-Lumber & Other Construction Materials,NORTHBOROUGH,MA,01532
0002093912,PTOR,Praetorian Acquisition Corp.,6770,Blank Checks,MIAMI,FL,33131
0001374690,LRMR,"Larimar Therapeutics, Inc.",2834,Pharmaceutical Preparations,BALA CYNWYD,PA,19004
0001555279,MASS,908 Devices Inc.,3826,Laboratory Analytical Instruments,BURLINGTON,MA,01803
0001712463,PACK,Ranpak Holdings Corp.,2670,Converted Paper & Paperboard Prods (No Contaners/Boxes),CONCORD TOWNSHIP,OH,44077
0001825079,VELO,"Velo3D, Inc.",3559,"Special Industry Machinery, NEC",FREMONT,CA,94538
0001759783,EH,EHang Holdings Ltd,3728,"Aircraft Parts & Auxiliary Equipment, NEC",GUANGZHOU,,
0001745059,FINS,Angel Oak Financial Strategies Income Term Trust,,,ATLANTA,GA,30328
0001903145,GRRR,Gorilla Technology Group Inc.,7372,Services-Prepackaged Software,GRAND CAYMAN,,KY1-1
0001506488,NXG,NXG NextGen Infrastructure Income Fund,,,DALLAS,TX,75206
0001769663,PBFS,"Pioneer Bancorp, Inc./MD",6036,"Savings Institutions, Not Federally Chartered",ALBANY,NY,12211
0002029976,KFII,K&F GROWTH ACQUISITION CORP. II,6770,Blank Checks,MANHATTAN BEACH,CA,90266
0001494582,BOC,BOSTON OMAHA Corp,6510,Real Estate Operators (No Developers) & Lessors,OMAHA,NE,68102
0001866782,CDRO,"Codere Online Luxembourg, S.A.",7990,Services-Miscellaneous Amusement & Recreation,LUXEMBOURG,N4,L-255
0001901637,USCB,"USCB FINANCIAL HOLDINGS, INC.",6022,State Commercial Banks,DORAL,FL,33172
0001409171,TITN,Titan Machinery Inc.,5990,"Retail-Retail Stores, NEC",WEST FARGO,ND,58078
0001634117,BNED,"Barnes & Noble Education, Inc.",5940,Retail-Miscellaneous Shopping Goods Stores,FLORHAM PARK,NJ,07932
0001108109,CYH,COMMUNITY HEALTH SYSTEMS INC,8062,"Services-General Medical & Surgical Hospitals, NEC",FRANKLIN,TN,37067
0002044009,XRPN,Armada Acquisition Corp. II,6770,Blank Checks,"CARMANA BAY, GRAND CAYMAN",E9,KY 1-
0001907108,LXEO,"Lexeo Therapeutics, Inc.",2836,"Biological Products, (No Diagnostic Substances)",NEW YORK,NY,10010
0001602658,ISTR,Investar Holding Corp,6022,State Commercial Banks,BATON ROUGE,LA,70816
0000895447,SHOE,SHOE STATION GROUP INC,5661,Retail-Shoe Stores,FORT MILL,SC,29715
0001133869,CAPR,"CAPRICOR THERAPEUTICS, INC.",2834,Pharmaceutical Preparations,SAN DIEGO,CA,92121
0001002590,SGU,"STAR GROUP, L.P.",5990,"Retail-Retail Stores, NEC",STAMFORD,CT,06902
0001534880,ISD,"PGIM High Yield Bond Fund, Inc.",,,NEWARK,NJ,07102
0002091024,CLBR,Colombier Acquisition Corp. III,6770,Blank Checks,PALM BEACH,FL,33480
0002128045,BCCQ,Bleichroeder Acquisition Corp. III,6770,Blank Checks,NEW YORK,NY,10105
0001438423,MRAM,EVERSPIN TECHNOLOGIES INC.,3674,Semiconductors & Related Devices,CHANDLER,AZ,85226
0001171155,RLGT,"RADIANT LOGISTICS, INC",4731,Arrangement of  Transportation of  Freight & Cargo,RENTON,WA,98057
0001913847,CNCK,Coincheck Group N.V.,6199,Finance Services,1012 SJ AMSTERDAM,,
0002058758,AVBC,"Avidia Bancorp, Inc.",6036,"Savings Institutions, Not Federally Chartered",HUDSON,MA,01749
0001774170,AIOT,"Powerfleet, Inc.",3669,"Communications Equipment, NEC",WOODCLIFF LAKE,NJ,07677
0000884624,OFIX,Orthofix Medical Inc.,3841,Surgical & Medical Instruments & Apparatus,LEWISVILLE,TX,75056
0002058359,CRAQ,Cal Redwood Acquisition Corp.,6770,Blank Checks,MENLO PARK,CA,94025
0000922864,AIV,APARTMENT INVESTMENT & MANAGEMENT CO,6798,Real Estate Investment Trusts,DENVER,CO,80237
0001832483,SERV,Serve Robotics Inc. /DE/,3569,"General Industrial Machinery & Equipment, NEC",SAN CARLOS,CA,94070
0001768259,GOTU,Gaotu Techedu Inc.,8200,Services-Educational Services,BEIJING,,10019
0001699039,RNGR,"Ranger Energy Services, Inc.",1389,"Oil & Gas Field Services, NEC",HOUSTON,TX,77042
0002048948,NPAC,New Providence Acquisition Corp. III/Cayman,6770,Blank Checks,PALM BEACH,FL,33480
0001315399,PKBK,"PARKE BANCORP, INC.",6022,State Commercial Banks,WASHINGTON TOWNSHIP,NJ,08080
0001812923,SDHY,PGIM Short Duration High Yield Opportunities Fund,,,NEWARK,NJ,07102
0001325670,FRST,Primis Financial Corp.,6022,State Commercial Banks,MCLEAN,VA,22102
0002035173,RTAC,Renatus Tactical Acquisition Corp I,6770,Blank Checks,GRAND CAYMAN,E9,KY1-1
0000069733,NATH,"NATHANS FAMOUS, INC.",5812,Retail-Eating  Places,JERICHO,NY,11753
0001494904,GBLI,"Global Indemnity Group, LLC",6331,"Fire, Marine & Casualty Insurance",BALA CYNWYD,PA,19004
0001528356,GNE,Genie Energy Ltd.,4931,Electric & Other Services Combined,NEWARK,NJ,07012
0001501697,XFOR,"X4 Pharmaceuticals, Inc",2836,"Biological Products, (No Diagnostic Substances)",BOSTON,MA,02134
0001211583,FENC,FENNEC PHARMACEUTICALS INC.,2836,"Biological Products, (No Diagnostic Substances)",RESEARCH TRIANGLE PARK,NC,27709
0001290877,CUVL,Clinuvel Pharmaceuticals Ltd,8880,American Depositary Receipts,"MELBOURNE, VICTORIA",,
0000352825,FSTR,FOSTER L B CO,5051,Wholesale-Metals Service Centers & of fices,PITTSBURGH,PA,15220
0001786248,NREF,"NexPoint Real Estate Finance, Inc.",6798,Real Estate Investment Trusts,DALLAS,TX,75201
0000908993,VKI,Invesco Advantage Municipal Income Trust II,,,ATLANTA,GA,30309
0001030997,WILC,G WILLI FOOD INTERNATIONAL LTD,5141,"Wholesale-Groceries, General Line",YAVNE,,81222
0001710680,HFRO,HIGHLAND OPPORTUNITIES & INCOME FUND,,,DALLAS,TX,75201
0000763563,CHMG,CHEMUNG FINANCIAL CORP,6022,State Commercial Banks,ELMIRA,NY,14902
0002091222,SAAQ,Space Asset Acquisition Corp.,6770,Blank Checks,PRINCETON,NJ,08542
0001633336,CCAP,"Crescent Capital BDC, Inc.",,,LOS ANGELES,CA,90025
0001338940,PERI,Perion Network Ltd.,7371,Services-Computer Programming Services,TEL AVIV,L3,64733
0001130713,NXH,"NEIGHBORHOOD INTELLIGENCE, INC.",5961,Retail-Catalog & Mail-Order Houses,MURRAY,UT,84123
0001041514,LSAK,LESAKA TECHNOLOGIES INC,6099,"Functions Related To Depository Banking, NEC",JOHANNESBURG,,2196
0002056634,PCAP,ProCap Acquisition Corp,6770,Blank Checks,NEW YORK,NY,10022
0002033122,TACO,Berto Acquisition Corp.,6770,Blank Checks,LAS VEGAS,NV,89144
0000712034,ACCO,ACCO BRANDS Corp,2780,"Blankbooks, Looseleaf Binders & Bookbindg & Relatd Work",LAKE ZURICH,IL,60047
0000814586,LWAY,"Lifeway Foods, Inc.",2020,Dairy Products,MORTON GROVE,IL,60053
0001421517,ERII,"Energy Recovery, Inc.",3559,"Special Industry Machinery, NEC",SAN LEANDRO,CA,94577
0002107724,MTAL,Metals Acquisition Corp. II,6770,Blank Checks,GRAND CAYMAN,,KY1-1
0001277575,SCGX,SAXON CAPITAL GROUP INC,1311,Crude Petroleum & Natural Gas,SCOTTSDALE,AZ,85260
0002081515,GUAC,Berto Acquisition Corp. II,6770,Blank Checks,LAS VEGAS,NV,89144
0000765207,FNLC,"First Bancorp, Inc /ME/",6021,National Commercial Banks,DAMARISCOTTA,ME,04543
0002087447,ZKP,Lafayette Digital Acquisition Corp. I,6770,Blank Checks,MIAMI,FL,33131
0000739421,CZFS,CITIZENS FINANCIAL SERVICES INC,6022,State Commercial Banks,MANSFIELD,PA,16933
0001299130,PACB,"PACIFIC BIOSCIENCES OF CALIFORNIA, INC.",3826,Laboratory Analytical Instruments,MENLO PARK,CA,94025
0001423869,PCB,PCB BANCORP,6022,State Commercial Banks,LOS ANGELES,CA,90010
0002088295,BBCQ,Bleichroeder Acquisition Corp. II,6770,Blank Checks,NEW YORK,NY,10105
0001531193,FCBM,"First Carolina Financial Services, Inc.",6022,State Commercial Banks,RALEIGH,NC,27608
0001384195,REI,"RING ENERGY, INC.",1311,Crude Petroleum & Natural Gas,THE WOODLANDS,TX,77380
0002057043,WENN,WEN Acquisition Corp,6770,Blank Checks,OAKLAND,CA,94612
0001854368,DGXX,Digi Power X Inc.,6199,Finance Services,TORONTO,A6,M5C 1
0002055459,RDAG,Republic Digital Acquisition Co,6770,Blank Checks,NEW YORK,NY,10010
0001277902,MVBF,MVB FINANCIAL CORP,6022,State Commercial Banks,FAIRMONT,WV,26554
0001831631,LDI,"loanDepot, Inc.",6199,Finance Services,IRVINE,CA,92618
0001049606,CIX,COMPX INTERNATIONAL INC,3420,"Cutlery, Handtools & General Hardware",DALLAS,TX,75240
0001692705,HTT,High Templar Tech Ltd,6199,Finance Services,FUJIAN PROVINCE,,
0001799207,AUNA,AUNA S.A.,8011,Services-Offices & Clinics of  Doctors of  Medicine,GRAND DUCHY OF LUXEMBOURG,,L-218
0001528985,INRE,"Inland Real Estate Income Trust, Inc.",6798,Real Estate Investment Trusts,OAK BROOK,IL,60523
0001495825,GBAB,Guggenheim Taxable Municipal Bond & Investment Grade Debt Trust,,,CHICAGO,IL,60606
0000818972,LEO,"BNY MELLON STRATEGIC MUNICIPALS, INC.",,,NEW YORK,NY,10286
0001907909,VOXR,VOX ROYALTY CORP.,1040,Gold and Silver Ores,WESTMINSTER,CO,80234
0000835011,MGPI,MGP INGREDIENTS INC,5180,"Wholesale-Beer, Wine & Distilled Alcoholic Beverages",ATCHISON,KS,66002
0002123471,CCCT,Columbus Circle Capital Corp III,6770,Blank Checks,NEW YORK,NY,10019
0000018498,GCO,GENESCO INC,5661,Retail-Shoe Stores,NASHVILLE,TN,37214
0001456772,OPI,OFFICE PROPERTIES INCOME TRUST,6500,Real Estate,NEWTON,MA,02458
0001281895,RCKT,"ROCKET PHARMACEUTICALS, INC.",2834,Pharmaceutical Preparations,NEW YORK,NY,10118
0002130386,YICC,Yorkville International Capital Corp.,6770,Blank Checks,MOUNTAINSIDE,NJ,07092
0001474627,NEGG,"Newegg Commerce, Inc.",5990,"Retail-Retail Stores, NEC",DIAMOND BAR,CA,91765
0002102771,KEYY,Keystone Acquisition Corp.,6770,Blank Checks,NEW YORK,NY,10003
0001842279,OPAL,OPAL Fuels Inc.,4932,Gas & Other Services Combined,BOSTON,MA,02116
0001850902,TKNO,"Alpha Teknova, Inc.",2835,In Vitro & In Vivo Diagnostic Substances,HOLLISTER,CA,95023
0001177648,ENTA,ENANTA PHARMACEUTICALS INC,2834,Pharmaceutical Preparations,WATERTOWN,MA,02472
0001569994,WSBF,"Waterstone Financial, Inc.",6035,"Savings Institution, Federally Chartered",WAUWATOSA,WI,53226
0000275694,MCI,BARINGS CORPORATE INVESTORS,,,CHARLOTTE,NC,28202
0001966041,DSC,DSC Holdings Ltd.,7370,"Services-Computer Programming, Data Processing, Etc.",BEIJING,F4,00000
0002089982,HACQ,HCM IV Acquisition Corp.,6770,Blank Checks,STAMFORD,CT,06902
0001210123,EAD,ALLSPRING INCOME OPPORTUNITIES FUND,,,CHARLOTTE,NC,28203
0001091223,MTLS,MATERIALISE NV,7372,Services-Prepackaged Software,LEVUEN,,3001
0002083989,ALOV,"Aldabra 4 Liquidity Opportunity Vehicle, Inc.",6770,Blank Checks,MIAMI,FL,33133
0000882150,MYN,"BLACKROCK MUNIYIELD NEW YORK QUALITY FUND, INC.",0000,,WILMINGTON,DE,19809
0000846676,AEF,"abrdn Emerging Markets ex-China Fund, Inc.",,,PHILADELPHIA,PA,19103
0000796505,CLFD,"Clearfield, Inc.",3661,Telephone & Telegraph Apparatus,BROOKLYN PARK,MN,55428
0002097376,MZYX,MOZAYYX Acquisition Corp.,6770,Blank Checks,AUSTIN,TX,78701
0001495240,LAND,GLADSTONE LAND Corp,6798,Real Estate Investment Trusts,MCLEAN,VA,22102
0001023459,SLP,"Simulations Plus, Inc.",7373,Services-Computer Integrated Systems Design,DURHAM,NC,27713
0001930313,SBC,SBC Medical Group Holdings Inc,8011,Services-Offices & Clinics of  Doctors of  Medicine,IRVINE,CA,92618
0001770450,XRX,Xerox Holdings Corp,3577,"Computer Peripheral Equipment, NEC",NORWALK,CT,
0001448397,SHIP,Seanergy Maritime Holdings Corp.,4412,Deep Sea Foreign Transportation of  Freight,ATHENS,,
0002022626,UPB,"Upstream Bio, Inc.",2834,Pharmaceutical Preparations,WALTHAM,MA,02451
0000799288,LE,"LANDS' END, INC.",5651,Retail-Family Clothing Stores,DODGEVILLE,WI,53533
0001786117,PINE,"Alpine Income Property Trust, Inc.",6798,Real Estate Investment Trusts,WINTER PARK,FL,32789
0001489993,MOBI,"Mobia Medical, Inc.",3841,Surgical & Medical Instruments & Apparatus,AUSTIN,TX,78738
0001013272,NWFL,NORWOOD FINANCIAL CORP,6022,State Commercial Banks,HONESDALE,PA,18431
0000038264,FWDI,"Forward Industries, Inc.",6199,Finance Services,AUSTIN,TX,78701
0001850733,FVAV,Fortress Value Acquisition Corp. V,6770,Blank Checks,NEW YORK,NY,10105
0001402829,ORN,Orion Group Holdings Inc,1600,Heavy Construction Other Than Bldg Const - Contractors,Houston,TX,77020
0001392380,GEVO,"Gevo, Inc.",2860,Industrial Organic Chemicals,ENGLEWOOD,CO,80112
0000863110,ARTNA,ARTESIAN RESOURCES CORP,4941,Water Supply,NEWARK,DE,19702
0001822928,HLLY,Holley Inc.,3714,Motor Vehicle Parts & Accessories,NASHVILLE,TN,37215
0002087398,TMCR,Metals Royalty Co Inc.,1040,Gold and Silver Ores,CALGARY,,T2P 2
0002074697,FCRS,FutureCrest Acquisition Corp.,6770,Blank Checks,NEW YORK,NY,10022
0001850119,IPSC,"Century Therapeutics, Inc.",2836,"Biological Products, (No Diagnostic Substances)",PHILADELPHIA,PA,
0002129659,FDMM,Freedom Metals Acquisition Corp.,6770,Blank Checks,MIAMI,FL,33137
0002111762,GSRV,GSR V Acquisition Corp.,6770,Blank Checks,AUSTIN,TX,78731
0001447221,LGSXY,Light S.A./ADR,8880,American Depositary Receipts,RIO DE JANEIRO,D5,2008-
0000701719,ELA,Envela Corp,5944,Retail-Jewelry Stores,IRVING,TX,75038
0001647822,SVMB,"Jingbo Technology, Inc.",7372,Services-Prepackaged Software,"HANGZHOU, ZHEJIANG",,
0001802883,API,"Agora, Inc.",7372,Services-Prepackaged Software,SANTA CLARA,CA,95054
0001133416,GALT,GALECTIN THERAPEUTICS INC,2834,Pharmaceutical Preparations,NORCROSS,GA,30071
0000728387,CATX,"Perspective Therapeutics, Inc.",2834,Pharmaceutical Preparations,SEATTLE,WA,98121
0002034037,SDHI,Siddhi Acquisition Corp (Cayman Islands),6770,Blank Checks,NEW YORK,NY,10005
0000876427,MNRO,"MONRO, INC.",7500,"Services-Automotive Repair, Services & Parking",FAIRPORT,NY,14450
0002088325,OIM,OneIM Acquisition Corp.,6770,Blank Checks,NEW YORK,NY,10022
0001365767,ALLT,Allot Ltd.,3576,Computer Communications Equipment,HOD-HASHARON,,45013
0001564180,KNOP,KNOT Offshore Partners LP,4400,Water Transportation,ABERDEEN,,AB15 
0002098712,GIX,GigCapital9 Corp.,6770,Blank Checks,PALO ALTO,CA,94303
0001390195,AWP,abrdn Global Premier Properties Fund,,,PHILADELPHIA,PA,19103
0002041493,ALUB,Alussa Energy Acquisition Corp. II,6770,Blank Checks,GRAND CAYMAN,E9,KY1-1
0001725160,ZNTL,"Zentalis Pharmaceuticals, Inc.",2834,Pharmaceutical Preparations,SAN DIEGO,CA,92121
0001046050,TSBK,TIMBERLAND BANCORP INC,6036,"Savings Institutions, Not Federally Chartered",HOQUIAM,WA,98550
0002009183,TACH,Titan Acquisition Corp.,6770,Blank Checks,HOUSTON,TX,77002
0001806952,LYEL,"Lyell Immunopharma, Inc.",2834,Pharmaceutical Preparations,SOUTH SAN FRANCISCO,CA,94080
0001368519,NOA,North American Construction Group Ltd.,1389,"Oil & Gas Field Services, NEC",ACHESON,,
0001958217,LZM,Lifezone Metals Ltd,1000,Metal Mining,DOUGLAS,Y8,IM1 1
0000890393,MIY,"BLACKROCK MUNIYIELD MICHIGAN QUALITY FUND, INC.",0000,,WILMINGTON,DE,19809
0001847398,NECB,"NorthEast Community Bancorp, Inc./MD/",6036,"Savings Institutions, Not Federally Chartered",WHITE PLAINS,NY,10601
0002077010,OTGA,OTG Acquisition Corp. I,6770,Blank Checks,PALM BEACH GARDENS,FL,33418
0001270131,SCD,LMP CAPITAL & INCOME FUND INC.,,,NEW YORK,NY,10018
0001527762,CD,Chaince Digital Holdings Inc.,6199,Finance Services,NEW YORK,NY,10019
0001587987,NEWT,"NewtekOne, Inc.",6021,National Commercial Banks,BOCA RATON,FL,33431
0000891532,PESI,PERMA FIX ENVIRONMENTAL SERVICES INC,4955,Hazardous Waste Management,ATLANTA,GA,30350
0001823986,WDH,Waterdrop Inc.,6411,"Insurance Agents, Brokers & Service",BEIJING,,10010
0001703157,SCTH,"Securetech Innovations, Inc.",3714,Motor Vehicle Parts & Accessories,ROSEVILLE,MN,55113
0001768267,CRNC,Cerence Inc.,7372,Services-Prepackaged Software,BURLINGTON,MA,
0002064683,CCII,Cohen Circle Acquisition Corp. II,6770,Blank Checks,PHILADELPHIA,PA,19104
0001859690,ARQQ,Arqit Quantum Inc.,7372,Services-Prepackaged Software,LONDON,X0,SW1H 
0001534254,CION,CION Investment Corp,,,NEW YORK,NY,10017
0001357459,PALI,"PALISADE BIO, INC.",2836,"Biological Products, (No Diagnostic Substances)",CARLSBAD,CA,92009
0002083125,FTW,PRESIDIO PRODUCTION Co,1311,Crude Petroleum & Natural Gas,PARK CITY,UT,84098
0001484778,TDUP,ThredUp Inc.,5961,Retail-Catalog & Mail-Order Houses,OAKLAND,CA,94607
0002083910,ARCI,Archimedes Tech SPAC Partners III Co.,6770,Blank Checks,CLAYMONT,DE,19703
0002053799,KCHV,Kochav Defense Acquisition Corp.,6770,Blank Checks,NEW YORK,NY,10018
0001708055,RBBN,Ribbon Communications Inc.,7373,Services-Computer Integrated Systems Design,PLANO,TX,75023
0002096900,ACAA,Averin Capital Acquisition Corp.,6770,Blank Checks,ANDOVER,MA,01810
0001058239,HIX,WESTERN ASSET HIGH INCOME FUND II INC.,,,NEW YORK,NY,10018
0002099093,HCIC,Hennessy Capital Investment Corp. VIII,6770,Blank Checks,ZEPHYR COVE,NV,89448
0002025608,SOUL,Soulpower Acquisition Corp.,6770,Blank Checks,NEW YORK,NY,10019
0001328919,GASS,StealthGas Inc.,4412,Deep Sea Foreign Transportation of  Freight,ATHENS,,
0002069238,PAII,Pyrophyte Acquisition Corp. II,6770,Blank Checks,HOUSTON,TX,77098
0001368265,CLNE,Clean Energy Fuels Corp.,4932,Gas & Other Services Combined,NEWPORT BEACH,CA,92660
0001443575,AVBH,"Avidbank Holdings, Inc.",6022,State Commercial Banks,SAN JOSE,CA,95112
0001590584,CVEO,Civeo Corp,7000,"Hotels, Rooming Houses, Camps & Other Lodging Places",HOUSTON,TX,77002
0001963685,RR,RICHTECH ROBOTICS INC.,3569,"General Industrial Machinery & Equipment, NEC",LAS VEGAS,NV,89115
0000717720,VALU,VALUE LINE INC,6282,Investment Advice,NEW YORK,NY,10176
0002042182,OYSE,Oyster Enterprises II Acquisition Corp,6770,Blank Checks,MIAMI,FL,33131
0002042292,BDCI,BTC Development Corp.,6770,Blank Checks,PHILADELPHIA,PA,19104
0002075310,BLZR,Trailblazer Acquisition Corp.,6770,Blank Checks,NEW YORK,NY,10019
0002057030,AXIN,Axiom Intelligence Acquisition Corp 1,6770,Blank Checks,GRAND CAYMAN,,KY1-9
0000842717,BRBS,"BLUE RIDGE BANKSHARES, INC.",6022,State Commercial Banks,RICHMOND,VA,23226
0002081909,SBXE,SilverBox Corp V,6770,Blank Checks,AUSTIN,TX,78746
0001537054,GOGO,Gogo Inc.,4899,"Communications Services, NEC",BROOMFIELD,CO,80021
0001615905,JGH,Nuveen Global High Income Fund,,,CHICAGO,IL,60606
0001401040,DMAC,DiaMedica Therapeutics Inc.,2834,Pharmaceutical Preparations,MINNEAPOLIS,MN,55305
0002011674,YDES,YD Bio Ltd,8071,Services-Medical Laboratories,IRVING,TX,75039
0001902314,MPTI,"M-tron Industries, Inc.",3679,"Electronic Components, NEC",ORLANDO,FL,32804
0000895456,RCKY,"ROCKY BRANDS, INC.",3140,"Footwear, (No Rubber)",NELSONVILLE,OH,45764
0002069856,HCMA,HCM III ACQUISITION CORP.,6770,Blank Checks,STAMFORD,CT,03902
0001713334,MSC,STUDIO CITY INTERNATIONAL HOLDINGS Ltd,7011,Hotels & Motels,HONG KONG,K3,99907
0001855747,BLND,"Blend Labs, Inc.",7370,"Services-Computer Programming, Data Processing, Etc.",NOVATO,CA,94945
0002082149,DSAC,Daedalus Special Acquisition Corp.,6770,Blank Checks,LONDON,,SW3 3
0002086263,SORN,Soren Acquisition Corp.,6770,Blank Checks,MIAMI,FL,33131
0001441236,CLW,Clearwater Paper Corp,2631,Paperboard Mills,SPOKANE,WA,99201
0002009684,SEG,Seaport Entertainment Group Inc.,7990,Services-Miscellaneous Amusement & Recreation,NEW YORK,NY,10038
0000100378,TWIN,TWIN DISC INC,3560,General Industrial Machinery & Equipment,RACINE,WI,53403
0000839533,KTF,DWS MUNICIPAL INCOME TRUST,,,NEW YORK,NY,10022
0002135163,ATAC,Albatross Acquisition Corp,6770,Blank Checks,NEW YORK,NY,10036
0000056868,PNRG,PRIMEENERGY RESOURCES CORP,1311,Crude Petroleum & Natural Gas,HOUSTON,TX,77024
0001683825,TRVG,trivago N.V.,7374,Services-Computer Processing & Data Preparation,DUSSELDORF,2M,40221
0001609804,OEC,Orion S.A.,2890,Miscellaneous Chemical Products,SPRING,TX,77389
0001704711,FNKO,"Funko, Inc.",3944,"Games, Toys & Children's Vehicles (No Dolls & Bicycles)",EVERETT,WA,98201
0001228627,IRD,"Opus Genetics, Inc.",2834,Pharmaceutical Preparations,DURHAM,NC,27713
0001871509,PTLO,Portillo's Inc.,5812,Retail-Eating  Places,OAK BROOK,IL,60523
0000318306,ABEO,ABEONA THERAPEUTICS INC.,2834,Pharmaceutical Preparations,CLEVELAND,OH,44103
0001273441,GTE,GRAN TIERRA ENERGY INC.,1311,Crude Petroleum & Natural Gas,CALGARY,A0,T2G 1
0001338561,SPXX,Nuveen S&P 500 Dynamic Overwrite Fund,,,CHICAGO,IL,60606
0001833835,PSFE,Paysafe Ltd,7389,"Services-Business Services, NEC",LONDON,X0,EC2V 
0001957413,DCX,Digital Currency X Technology Inc.,3711,Motor Vehicles & Passenger Car Bodies,SHANDONG,,
0001539337,JRI,Nuveen Real Asset Income & Growth Fund,,,CHICAGO,IL,60606
0001382101,STRO,"SUTRO BIOPHARMA, INC.",2836,"Biological Products, (No Diagnostic Substances)",SOUTH SAN FRANCISCO,CA,94080
0002102041,IPFX,Inflection Point Acquisition Corp. VI,6770,Blank Checks,MIAMI BEACH,FL,33139
0002092897,AACI,Armada Acquisition Corp. III,6770,Blank Checks,CARMANA BAY,,KY 1-
0002126043,CGCF,Cartesian Growth Corp IV,6770,Blank Checks,NEW YORK,NY,10017
0001525769,PLAY,"Dave & Buster's Entertainment, Inc.",5812,Retail-Eating  Places,DALLAS,TX,75220
0001189740,HPF,JOHN HANCOCK PREFERRED INCOME FUND II,,,BOSTON,MA,02116
0001866816,OPTX,"SYNTEC OPTICS HOLDINGS, INC.",3827,Optical Instruments & Lenses,MIAMI BEACH,FL,33139
0000836412,ZTR,Virtus Total Return Fund Inc.,,,GREENFIELD,MA,01301
0001370755,TCPC,BlackRock TCP Capital Corp.,,,SANTA MONICA,CA,90405
0001538716,OPRT,Oportun Financial Corp,6199,Finance Services,SAN MATEO,CA,94402
0001790340,IMRX,Immuneering Corp,2834,Pharmaceutical Preparations,CAMBRIDGE,MA,02142
0002115404,CAII,Collective Acquisition Corp. II,6770,Blank Checks,MIAMI,FL,33131
0002124403,VCRE,Vicore Pharma Holding AB,2834,Pharmaceutical Preparations,STOCKHOLM,,111 2
0001644378,RMR,RMR GROUP INC.,8742,Services-Management Consulting Services,NEWTON,MA,02458
0002028707,MRLN,"Merlin, Inc.",7373,Services-Computer Integrated Systems Design,NEW YORK,NY,10105
0000832327,BKT,"BLACKROCK INCOME TRUST, INC.",0000,,WILMINGTON,DE,19809
0002100457,AIBZ,Bitzero Holdings Inc.,6199,Finance Services,VANCOUVER,,V7X 1
0001490078,PHOS,First Phosphate Corp.,1400,Mining & Quarrying of  Nonmetallic Minerals (No Fuels),VANCOUVER,A1,V6E 4
0001833214,SABS,"SAB Biotherapeutics, Inc.",2836,"Biological Products, (No Diagnostic Substances)",MIAMI BEACH,FL,33140
0001627281,CLLS,Cellectis S.A.,2836,"Biological Products, (No Diagnostic Substances)","PARIS, LLE-DE-FRANCE",,
0001854964,NLCP,"NewLake Capital Partners, Inc.",6798,Real Estate Investment Trusts,NEW CANAAN,CT,06840
0002050501,BLUW,Blue Water Acquisition Corp. III,6770,Blank Checks,GREENWICH,CT,06830
0001766600,SNDL,SNDL Inc.,2833,Medicinal Chemicals & Botanical Products,EDMONTON,,
0002117702,SICOF,Silverco Mining Ltd.,,,VANCOUVER,,V6E 2
0000320121,TLS,TELOS CORP,7373,Services-Computer Integrated Systems Design,ASHBURN,VA,20147
0001675644,FVCB,"FVCBankcorp, Inc.",6022,State Commercial Banks,FAIRFAX,VA,22030
0001852207,BEAG,Bold Eagle Acquisition Corp.,6770,Blank Checks,NEW YORK,NY,10075
0000786035,ASG,LIBERTY ALL STAR GROWTH FUND INC.,,,DENVER,CO,80203
0001488917,ELMD,"Electromed, Inc.",3845,Electromedical & Electrotherapeutic Apparatus,NEW PRAGUE,MN,56071
0001820302,BKKT,"Bakkt, Inc.",6199,Finance Services,ATLANTA,GA,30305
0001720592,RPAY,Repay Holdings Corp,7389,"Services-Business Services, NEC",ATLANTA,GA,30305
0002060016,AGCC,Agencia Comercial Spirits Ltd.,5180,"Wholesale-Beer, Wine & Distilled Alcoholic Beverages",TAICHUNG CITY,,
0001098972,AGEN,AGENUS INC,2836,"Biological Products, (No Diagnostic Substances)",LEXINGTON,MA,02421
0000733590,TCI,TRANSCONTINENTAL REALTY INVESTORS INC,6798,Real Estate Investment Trusts,DALLAS,TX,75234
0001747657,SITKF,Sitka Gold Corp.,,,VANCOUVER,A1,V6C 1
0001844450,ELVA,Electrovaya Inc.,3690,"Miscellaneous Electrical Machinery, Equipment & Supplies",MISSISSAUGA,A6,L5N 1
0002096362,AIAI,AIAI Holdings Corp,7374,Services-Computer Processing & Data Preparation,DALLAS,TX,75252
0000883569,FOSL,"Fossil Group, Inc.",3873,"Watches, Clocks, Clockwork Operated Devices/Parts",RICHARDSON,TX,75080
0002097461,BORAY,"Bora Pharmaceuticals Co., Ltd./ADR",,,NEW YORK,NY,10017
0001487428,HRZN,Horizon Technology Finance Corp,,,FARMINGTON,CT,06032
0002123969,RREV,RRE Ventures Acquisition Corp.,6770,Blank Checks,BOCA RATON,FL,33486
0001873529,KLC,"KinderCare Learning Companies, Inc.",8351,Services-Child Day Care Services,LAKE OSWEGO,OR,97035
0002034266,CEPV,"Cantor Equity Partners V, Inc.",6770,Blank Checks,NEW YORK,NY,10022
0001730984,BCML,BayCom Corp,6022,State Commercial Banks,WALNUT CREEK,CA,94596
0001612940,PRQR,ProQR Therapeutics N.V.,2834,Pharmaceutical Preparations,LEIDEN,,
0001318885,DSX,DIANA SHIPPING INC.,4412,Deep Sea Foreign Transportation of  Freight,ATHENS,J3,00000
0000933034,STRT,STRATTEC SECURITY CORP,3714,Motor Vehicle Parts & Accessories,MILWAUKEE,WI,53209
0000809708,EMF,TEMPLETON EMERGING MARKETS FUND,,,FORT LAUDERDALE,FL,33301
0001892492,ORBS,Eightco Holdings Inc.,6153,Short-Term Business Credit Institutions,EASTON,PA,18042
0001729149,VMD,"VIEMED HEALTHCARE, INC.",8090,"Services-Misc Health & Allied Services, NEC",LAFAYETTE,LA,70508
0001762301,FVRR,Fiverr International Ltd.,7389,"Services-Business Services, NEC",TEL AVIV,L3,64734
0001710482,JMSB,"John Marshall Bancorp, Inc.",6022,State Commercial Banks,RESTON,VA,20190
0002025401,FERA,Fifth Era Acquisition Corp I,6770,Blank Checks,TIBURON,CA,94920
0001297107,COSO,"CoastalSouth Bancshares, Inc.",6022,State Commercial Banks,ATLANTA,GA,30339
0000037472,FLXS,FLEXSTEEL INDUSTRIES INC,2510,Household Furniture,DUBUQUE,IA,52001
0000826020,BRW,Saba Capital Income & Opportunities Fund,,,NEW YORK,NY,10174
0002030663,SZZL,Sizzle Acquisition Corp. II,6770,Blank Checks,WASHINGTON,DC,20011
0001287480,BGT,BLACKROCK FLOATING RATE INCOME TRUST,,,WILMINGTON,DE,19809
0000778164,ALTO,"Alto Ingredients, Inc.",2860,Industrial Organic Chemicals,SACRAMENTO,CA,95814
0001750149,IKT,"Inhibikase Therapeutics, Inc.",2836,"Biological Products, (No Diagnostic Substances)",WILMINGTON,DE,19801
0002034313,OBA,Oxley Bridge Acquisition Ltd,6770,Blank Checks,CENTRAL HONG KONG,K3,00000
0002040381,PACH,Pioneer Acquisition I Corp,6770,Blank Checks,BROOKLYN,NY,11201
0002032528,DRDB,Roman DBDR Acquisition Corp. II,6770,Blank Checks,BOCA RATON,FL,33496
0001982708,NNNN,Anbio Biotechnology,2835,In Vitro & In Vivo Diagnostic Substances,FRANKFURT AM MAIN,2M,60308
0001814114,OBIO,"Orchestra BioMed Holdings, Inc.",3841,Surgical & Medical Instruments & Apparatus,NEW HOPE,PA,18938
0001347178,VNDA,Vanda Pharmaceuticals Inc.,2834,Pharmaceutical Preparations,WASHINGTON,DC,20037
0001510593,XNET,Xunlei Ltd,7372,Services-Prepackaged Software,SHENZHEN,,51800
0001396536,DUOT,"DUOS TECHNOLOGIES GROUP, INC.",7372,Services-Prepackaged Software,JACKSONVILLE,FL,
0001423867,WHGOF,White Gold Corp.,,,TORONTO,,
0002077954,EVOX,Evolution Global Acquisition Corp,6770,Blank Checks,GRAND CAYMAN,,KY1-1
0001416090,BSAI,BLUSKY AI INC.,1040,Gold and Silver Ores,MURRAY,UT,84117
0001826667,TLSI,"TriSalus Life Sciences, Inc.",3841,Surgical & Medical Instruments & Apparatus,WESTMINSTER,CO,80031
0002068454,KOYN,"CSLM Digital Asset Acquisition Corp III, Ltd",6770,Blank Checks,GRAND CAYMAN,,KY1-9
0000768899,TBI,"TrueBlue, Inc.",7363,Services-Help Supply Services,TACOMA,WA,98402
0002031561,ALDF,Aldel Financial II Inc.,6770,Blank Checks,ITASCA,IL,60143
0002025341,POLE,Andretti Acquisition Corp. II,6770,Blank Checks,INDIANAPOLIS,IN,46268
0002087965,CAES,"Cantor Equity Partners VII, Inc.",6770,Blank Checks,NEW YORK,NY,10022
0001643303,NNDM,Nano Dimension Ltd.,3672,Printed Circuit Boards,WALTHAM,MA,02451
0002080023,VACI,Viking Acquisition Corp I,4899,"Communications Services, NEC",NEW YORK,NY,10022
0002061473,PMTR,Perimeter Acquisition Corp. I,6770,Blank Checks,DALLAS,TX,75204
0002122505,IACQ,Irenic Acquisition Corp.,6770,Blank Checks,NEW YORK,NY,10153
0000932781,FCCO,FIRST COMMUNITY CORP /SC/,6022,State Commercial Banks,LEXINGTON,SC,29072
0001368493,CAF,"Morgan Stanley China A Share Fund, Inc.",,,NEW YORK,NY,10036
0000909112,TEI,TEMPLETON EMERGING MARKETS INCOME FUND,,,FORT LAUDERDALE,FL,33301
0000807882,JACK,JACK IN THE BOX INC,5812,Retail-Eating  Places,SAN DIEGO,CA,92123
0000825202,FUND,SPROTT FOCUS TRUST INC.,,,DARIEN,CT,06820
0001817159,RFMZ,"RiverNorth Flexible Municipal Income Fund II, Inc.",,,WEST PALM BEACH,FL,33401
0001641614,PMTS,CPI Card Group Inc.,2750,Commercial Printing,LITTLETON,CO,80127
0000865400,GSVRF,GUANAJUATO SILVER CO LTD,,,VANCOUVER,,V6C 3
0002078653,RNGT,Range Capital Acquisition Corp II,6770,Blank Checks,COLD SPRING HARBOR,NY,11724
0002039058,JACS,Jackson Acquisition Co II,6770,Blank Checks,ALPHARETTA,GA,30009
0001872789,EMBC,Embecta Corp.,3841,Surgical & Medical Instruments & Apparatus,PARSIPPANY,NJ,07054
0001913288,BRVMF,Bravo Mining Corp.,,,RIO DE JANEIRO,D5,22631
0000063330,MLP,MAUI LAND & PINEAPPLE CO INC,6500,Real Estate,LAHAINA,HI,96761
0002082844,SAC,Safeguard Acquisition Corp.,6770,Blank Checks,LAS VEGAS,NV,89128
0001530249,FSBW,"FS Bancorp, Inc.",6036,"Savings Institutions, Not Federally Chartered",MOUNTLAKE TERRACE,WA,98043
0002046223,CDPMF,Cerro de Pasco Resources Inc.,,,SAINT-SAUVEUR,A8,J0R 1
0002053033,PLTS,Platinum Analytics Cayman Ltd,7372,Services-Prepackaged Software,MAPLETREE,U0,07991
0001794776,PSBD,Palmer Square Capital BDC Inc.,,,MISSION WOODS,KS,66205
0002033991,TVA,Texas Ventures Acquisition III Corp,6770,Blank Checks,HOUSTON,TX,77056
0002083689,AEAQ,Activate Energy Acquisition Corp.,6770,Blank Checks,GRAND CAYMAN,,00000
0001987240,SHMD,SCHMID Group N.V.,3590,Misc Industrial & Commercial Machinery & Equipment,FREUDENSTADT,,72250
0002028516,ATII,Archimedes Tech SPAC Partners II Co.,6770,Blank Checks,CLAYMONT,DE,19703
0000866273,MTRX,MATRIX SERVICE CO,1700,Construction - Special Trade Contractors,TULSA,OK,74103
0001053369,ELTP,ELITE PHARMACEUTICALS INC /NV/,2834,Pharmaceutical Preparations,NORTHVALE,NJ,07647
0000714256,SMTI,Sanara MedTech Inc.,3842,"Orthopedic, Prosthetic & Surgical Appliances & Supplies",FORT WORTH,TX,76102
0002088805,CMII,Columbus Circle Capital Corp II,7373,Services-Computer Integrated Systems Design,NEW YORK,NY,10019
0001903784,VOGX,"Vogenx, Inc.",2834,Pharmaceutical Preparations,RALEIGH,NC,27609
0001576873,ABAT,AMERICAN BATTERY TECHNOLOGY Co,1400,Mining & Quarrying of  Nonmetallic Minerals (No Fuels),RENO,NV,89503
0001484769,FUBO,FuboTV Inc.,7812,Services-Motion Picture & Video Tape Production,NEW YORK,NY,10104
0002070954,SMJF,SMJ International Holdings Inc.,5030,Wholesale-Lumber & Other Construction Materials,SINGAPORE,,61911
0001584549,VFF,"Village Farms International, Inc.",0100,Agricultural Production-Crops,LAKE MARY,FL,32746
0002099906,AACO,Abony Acquisition Corp. I,6770,Blank Checks,AUSTIN,TX,78704
0002098242,SVIV,Spring Valley Acquisition Corp. IV,6770,Blank Checks,DALLAS,TX,75219
0002087450,LEGO,Legato Merger Corp. IV,6770,Blank Checks,NEW YORK,NY,10017
0002101135,ILLU,Illumination Acquisition Corp. I,6770,Blank Checks,NEW YORK,NY,10022
0001098151,FDBC,FIDELITY D & D BANCORP INC,6021,National Commercial Banks,DUNMORE,PA,18512
0002100125,CAQ,Cambridge Acquisition Corp.,6770,Blank Checks,BOSTON,MA,02109
0001762303,RCEL,"AVITA Medical, Inc.",3841,Surgical & Medical Instruments & Apparatus,VALENCIA,CA,91355
0000918541,NNBR,NN INC,3540,Metalworkg Machinery & Equipment,CHARLOTTE,NC,28277
0002061379,LWAC,LightWave Acquisition Corp.,6770,Blank Checks,MENLO PARK,CA,94025
0001903508,PPHC,"Public Policy Holding Company, Inc.",8742,Services-Management Consulting Services,WASHINGTON,DC,20002
0001258623,EFR,Eaton Vance Senior Floating-Rate Trust,,,BOSTON,MA,02109
0000039092,FRD,FRIEDMAN INDUSTRIES INC,3310,"Steel Works, Blast Furnaces & Rolling & Finishing Mills",LONGVIEW,TX,75601
0001876431,PRE,Prenetics Global Ltd,2834,Pharmaceutical Preparations,QUARRY BAY,K3,00000
0002023676,LPBB,Launch Two Acquisition Corp.,3443,Fabricated Plate Work (Boiler Shops),OAKLAND,CA,94612
0002047497,RAC,Rithm Acquisition Corp.,6770,Blank Checks,NEW YORK,NY,10003
0001519401,RM,Regional Management Corp.,6141,Personal Credit Institutions,GREER,SC,29651
0000899923,MYGN,MYRIAD GENETICS INC,2835,In Vitro & In Vivo Diagnostic Substances,SALT LAKE CITY,UT,84116
0001681206,NODK,"NI Holdings, Inc.",6331,"Fire, Marine & Casualty Insurance",FARGO,ND,58102
0002097364,TMTS,Spartacus Acquisition Corp. II,6770,Blank Checks,AUSTIN,TX,78756
0000065433,MXF,MEXICO FUND INC,,,COLUMBIA,MD,21046
0001453687,RNAC,"Cartesian Therapeutics, Inc.",2834,Pharmaceutical Preparations,FREDERICK,MD,21703
0002086264,VHCP,Vine Hill Capital Investment Corp. II,6770,Blank Checks,FORT LAUDERDALE,FL,33394
0000789933,NC,NACCO INDUSTRIES INC,1221,Bituminous Coal & Lignite Surface Mining,CLEVELAND,OH,44122
0002125750,CLCHF,Clinch Resources Ltd.,,,KNOXVILLE,TN,37919
0002080985,ITHA,ITHAX Acquisition Corp III,6770,Blank Checks,MIAMI,FL,33139
0002043766,GTERA,Globa Terra Acquisition Corp,6770,Blank Checks,MIAMI,FL,33179
0001866030,AZ,A2Z CUST2MATE SOLUTIONS CORP.,3569,"General Industrial Machinery & Equipment, NEC",TORONTO,A6,M5N 1
0001327607,MYFW,First Western Financial Inc,6022,State Commercial Banks,DENVER,CO,80202
0001318596,KRYXF,KORYX COPPER INC.,1400,Mining & Quarrying of  Nonmetallic Minerals (No Fuels),VANCOUVER,A1,V6E 3
0000832428,SSP,E.W. SCRIPPS Co,4833,Television Broadcasting Stations,CININNATI,OH,45202
0001527590,RC,Ready Capital Corp,6798,Real Estate Investment Trusts,NEW YORK,NY,10020
0001768224,ARCT,Arcturus Therapeutics Holdings Inc.,2834,Pharmaceutical Preparations,SAN DIEGO,CA,
0002082542,BIXI,Bitcoin Infrastructure Acquisition Corp Ltd,6770,Blank Checks,BOCA RATON,FL,33432
0000731122,CCFN,MUNCY COLUMBIA FINANCIAL Corp,6022,State Commercial Banks,BLOOMSBURG,PA,17815
0002058349,EFTY,"ETOILES CAPITAL GROUP CO., LTD",8742,Services-Management Consulting Services,SHEUNG WANG,,
0001687932,JILL,"J.Jill, Inc.",2330,"Women's, Misses':  and Juniors Outerwear",QUINCY,MA,02169
0000842517,ISBA,ISABELLA BANK CORP,6022,State Commercial Banks,MT PLEASANT,MI,48858
0001377936,SAR,SARATOGA INVESTMENT CORP.,,,NEW YORK,NY,10022
0001788999,XPER,Xperi Inc.,7372,Services-Prepackaged Software,SAN JOSE,CA,95002
0002070602,HVMC,Highview Merger Corp.,6770,Blank Checks,DELRAY BEACH,FL,33445
0001791145,GBFH,GBank Financial Holdings Inc.,6022,State Commercial Banks,LAS VEGAS,NV,89148
0002072404,GSRF,GSR IV Acquisition Corp.,6770,Blank Checks,AUSTIN,TX,78731
0002060337,JENA,JENA ACQUISITION Corp II,6770,Blank Checks,LAS VEGAS,NV,89134
0002102155,QLEP,Quantum Leap Acquisition Corp,6770,Blank Checks,GRAND CAYMAN,,KY1-1
0001501072,RIV,"RIVERNORTH OPPORTUNITIES FUND, INC.",,,WEST PALM BEACH,FL,33401
0001392272,CBNA,CHAIN BRIDGE BANCORP INC,6021,National Commercial Banks,MCLEAN,VA,22101
0001760689,MVST,"Microvast Holdings, Inc.",3690,"Miscellaneous Electrical Machinery, Equipment & Supplies",STAFFORD,TX,77477
0001378325,CV,"CapsoVision, Inc",3845,Electromedical & Electrotherapeutic Apparatus,SARATOGA,CA,95070
0000897448,AMRN,AMARIN CORP PLC\UK,2834,Pharmaceutical Preparations,DUBLIN 2,,
0001708688,IFRX,InflaRx N.V.,2834,Pharmaceutical Preparations,JENA,2M,07745
0001356115,NXDT,NEXPOINT DIVERSIFIED REAL ESTATE TRUST,6798,Real Estate Investment Trusts,DALLAS,TX,75201
0001742518,MTC,"MMTEC, INC.",6211,"Security Brokers, Dealers & Flotation Companies",308 DES VOEUX ROAD CENTRAL,,
0001515324,ARDC,"Ares Dynamic Credit Allocation Fund, Inc.",,,LOS ANGELES,CA,90067
0002069785,GLOO,"Gloo Holdings, Inc.",7374,Services-Computer Processing & Data Preparation,BOULDER,CO,80302
0001826681,PDYN,Palladyne AI Corp.,7372,Services-Prepackaged Software,SALT LAKE CITY,UT,84101
0000727273,CDZI,CADIZ INC,4941,Water Supply,LOS ANGELES,CA,90071
0000873860,ONIT,ONITY GROUP INC.,6162,Mortgage Bankers & Loan Correspondents,WEST PALM BEACH,FL,33409
0001434316,FATE,FATE THERAPEUTICS INC,2836,"Biological Products, (No Diagnostic Substances)",SAN DIEGO,CA,92131
0002085408,GPAC,General Purpose Acquisition Corp.,6770,Blank Checks,MILLBROOK,NY,12545
0001703079,XFLT,XAI Floating Rate & Alternative Income Trust,,,CHICAGO,IL,60654
0001570132,ANVI,"ANVI GLOBAL HOLDINGS, INC.",5400,Retail-Food Stores,CARY,NC,27511
0001832038,IVVD,"Invivyd, Inc.",2836,"Biological Products, (No Diagnostic Substances)",NEW HAVEN,CT,
0001072379,NWBO,NORTHWEST BIOTHERAPEUTICS INC,2834,Pharmaceutical Preparations,BETHESDA,MD,20814
0000003545,ALCO,"ALICO, INC.",0100,Agricultural Production-Crops,"FT. MYERS,",FL,33913
0000002186,BKTI,BK Technologies Corp,3663,Radio & Tv Broadcasting & Communications Equipment,WEST MELBOURNE,FL,32904
0001023731,EGHT,8X8 INC /DE/,7374,Services-Computer Processing & Data Preparation,CAMPBELL,CA,95008
0002085659,SVAQ,Silicon Valley Acquisition Corp.,7372,Services-Prepackaged Software,PALO ALTO,CA,94301
0002079013,HCAC,Hall Chadwick Acquisition Corp,3341,Secondary Smelting & Refining of  Nonferrous Metals,GRAND CAYMAN,,KY1-1
0002051985,IRHO,Iron Horse Acquisition II Corp.,7389,"Services-Business Services, NEC",BOCA RATON,FL,33487
0002023016,TTRX,Turn Therapeutics Inc.,2834,Pharmaceutical Preparations,WESTLAKE VILLAGE,CA,91362
0002043699,NHIC,NewHold Investment Corp. III,6770,Blank Checks,NEW YORK,NY,10018
0001227857,NCZ,Virtus Convertible & Income Fund II,,,GREENFIELD,MA,01301
0001682056,SVRSF,Silver Storm Mining Ltd.,,,TORONTO,A6,M5H 4
0002102123,AACP,Apogee Acquisition Corp,6770,Blank Checks,CHEYENNE,WY,82001
0001318008,ZUMZ,Zumiez Inc,5600,Retail-Apparel & Accessory Stores,LYNNWOOD,WA,98036
0002059654,BACC,Blue Acquisition Corp/Cayman,6770,Blank Checks,NEWPORT BEACH,CA,92660
0002044817,MTNE,CH4 Natural Solutions Corp,6770,Blank Checks,NEW YORK,NY,10019
0000700841,RCMT,"RCM TECHNOLOGIES, INC.",7363,Services-Help Supply Services,PENNSAUKEN,NJ,08109
0001680581,FULC,"Fulcrum Therapeutics, Inc.",2834,Pharmaceutical Preparations,CAMBRIDGE,MA,02139
0001689375,TRDA,"Entrada Therapeutics, Inc.",2834,Pharmaceutical Preparations,BOSTON,MA,02210
0001630627,TMCI,"TREACE MEDICAL CONCEPTS, INC.",3841,Surgical & Medical Instruments & Apparatus,PONTE VEDRA,FL,32081
0001897087,SUPX,SuperX AI Technology Ltd,8742,Services-Management Consulting Services,SINGAPORE,,15947
0002111542,ACGC,ACP Holdings Acquisition Corp.,6770,Blank Checks,HOUSTON,TX,77098
0001072627,KWY,KINGSWAY Corp,6331,"Fire, Marine & Casualty Insurance",CHICAGO,IL,60606
0002083002,ADAC,American Drive Acquisition Co,6770,Blank Checks,"WASHINGTON, D.C.",DC,20036
0001831359,JWSMF,Jaws Mustang Acquisition Corp,6770,Blank Checks,MIAMI BEACH,FL,33139
0001903870,AFRI,Forafric Global PLC,2040,Grain Mill Products,GIBRALTAR,J1,GX111
0001400897,SRV,NXG Cushing Midstream Energy Fund,,,DALLAS,TX,75206
0001761612,BCYC,BICYCLE THERAPEUTICS PLC,2834,Pharmaceutical Preparations,CAMBRIDGE,X0,CB21 
0002095297,KPET,KPET Ultra Paceline Corp,6770,Blank Checks,SIOUX FALLS,SD,57108
0002090452,FGII,FG Imperii Acquisition Corp.,6770,Blank Checks,ITASCA,IL,60143
0000835333,OIA,Invesco Municipal Income Opportunities Trust,,,ATLANTA,GA,30309
0001319947,DBI,Designer Brands Inc.,5661,Retail-Shoe Stores,COLUMBUS,OH,43219
0001314052,AVXL,ANAVEX LIFE SCIENCES CORP.,2836,"Biological Products, (No Diagnostic Substances)",NEW YORK,NY,10111
0001431567,OVLY,Oak Valley Bancorp,6022,State Commercial Banks,OAKDALE,CA,95361
0002083728,LPCV,Launchpad Cadenza Acquisition Corp I,6770,Blank Checks,OAKLAND,CA,94612
0001901203,UCFI,CN Healthy Food Tech Group Corp.,2000,Food and Kindred Products,TOLUCA LAKE,CA,91610
0001084554,LTBR,LIGHTBRIDGE Corp,2810,Industrial Inorganic Chemicals,RESTON,VA,20190
0000855887,DSM,"BNY MELLON STRATEGIC MUNICIPAL BOND FUND, INC.",,,NEW YORK,NY,10286
0001913971,BPRN,"Princeton Bancorp, Inc.",6022,State Commercial Banks,READING,PA,19603
0001386067,EOD,ALLSPRING GLOBAL DIVIDEND OPPORTUNITY FUND,,,CHARLOTTE,NC,28203
0002104879,SHOT,RMG ML Sports Holdings,6770,Blank Checks,INCLINE VILLAGE,NV,89451
0000898437,ANIK,"Anika Therapeutics, Inc.",3841,Surgical & Medical Instruments & Apparatus,BEDFORD,MA,01730
0001114927,FNRN,FIRST NORTHERN COMMUNITY BANCORP,6035,"Savings Institution, Federally Chartered",DIXON,CA,95620
0002099656,HLXC,Helix Acquisition Corp. III,6770,Blank Checks,BOSTON,MA,
0001009829,JAKK,JAKKS PACIFIC INC,3944,"Games, Toys & Children's Vehicles (No Dolls & Bicycles)",SANTA MONICA,CA,90405
0002015955,CUB,Lionheart Holdings,6770,Blank Checks,FORT LAUDERDATE,FL,33309
0000033488,ESCA,ESCALADE INC,3949,"Sporting & Athletic Goods, NEC",EVANSVILLE,IN,47711
0000033992,KINS,"KINGSTONE COMPANIES, INC.",6331,"Fire, Marine & Casualty Insurance",KINGSTON,NY,
0001885522,NMRA,"Neumora Therapeutics, Inc.",2836,"Biological Products, (No Diagnostic Substances)",WATERTOWN,MA,02472
0002128739,JAB,JAB Acquisition Corp I,6770,Blank Checks,ENGLEWOOD CLIFFS,NJ,07632
0001394056,OSS,"ONE STOP SYSTEMS, INC.",3571,Electronic Computers,ESCONDIDO,CA,92029
0001464790,RILY,"BRC Group Holdings, Inc.",6282,Investment Advice,LOS ANGELES,CA,90025
0001771226,RMM,"RiverNorth Managed Duration Municipal Income Fund, Inc.",,,WEST PALM BEACH,FL,33401
0000064463,SLNH,"Soluna Holdings, Inc",6199,Finance Services,ALBANY,NY,12205
0001872228,TVAI,Thayer Ventures Acquisition Corp II,6770,Blank Checks,VALENCIA,CA,91355
0000276720,PCYO,PURE CYCLE CORP,4941,Water Supply,WATKINS,CO,80137
0002101470,WLCO,Wilco 63 Corp,6770,Blank Checks,LAS VEGAS,NV,89117
0000064472,GENC,GENCOR INDUSTRIES INC,3531,Construction Machinery & Equip,ORLANDO,FL,32810
0001404281,ELDN,"Eledon Pharmaceuticals, Inc.",2834,Pharmaceutical Preparations,IRVINE,CA,92612
0002083493,XCBE,X3 Acquisition Corp. Ltd.,6770,Blank Checks,MINNEAPOLIS,MN,55416
0001819580,YSG,Yatsen Holding Ltd,2844,"Perfumes, Cosmetics & Other Toilet Preparations",GUANGZHOU,,51033
0001175680,CYDY,CytoDyn Inc.,2834,Pharmaceutical Preparations,VANCOUVER,WA,98660
0001823584,AENT,ALLIANCE ENTERTAINMENT HOLDING CORP,5099,"Wholesale-Durable Goods, NEC",PLANTATION,FL,33324
0000763907,FUNC,FIRST UNITED CORP/MD/,6021,National Commercial Banks,OAKLAND,MD,21550
0001074902,LCNB,LCNB CORP,6021,National Commercial Banks,LEBANON,OH,45036
0001921050,TDRRF,Tudor Gold Corp.,,,VANCOUVER,A1,V6C 3
0002123475,ISNR,Snow Rothschild Acquisition Corp.,6770,Blank Checks,NEW YORK,NY,10019
0001835068,NPCT,Nuveen Core Plus Impact Fund,,,CHICAGO,IL,60606
0000719402,FXNC,FIRST NATIONAL CORP /VA/,6022,State Commercial Banks,STRASBURG,VA,22657
0001653384,RWAY,Runway Growth Finance Corp.,,,CHICAGO,IL,60601
0000809559,TSI,TCW STRATEGIC INCOME FUND INC,,,LOS ANGELES,CA,90071
0001132651,ATLO,AMES NATIONAL CORP,6021,National Commercial Banks,AMES,IA,50010
0002018064,TTGT,"TechTarget, Inc.",4822,Telegraph & Other Message Communications,NEWTON,MA,02466
0001317945,OFLX,"Omega Flex, Inc.",3430,"Heating Equip, Except Elec & Warm Air; & Plumbing Fixtures",EXTON,PA,19341
0000946394,ELLO,Ellomay Capital Ltd.,4911,Electric Services,TEL AVIV,L3,66881
0001736730,CAMP,Camp4 Therapeutics Corp,2834,Pharmaceutical Preparations,WATERTOWN,MA,02472
0002099767,NHIV,NewHold Investment Corp IV,6770,Blank Checks,NEW YORK,NY,10018
0001636289,ACV,Virtus Diversified Income & Convertible Fund,,,GREENFIELD,MA,01301
0001621910,PTHRF,Pantheon Resources plc,,,LONDON,X0,WC2N 
0001810182,ALXO,ALX ONCOLOGY HOLDINGS INC,2834,Pharmaceutical Preparations,SOUTH SAN FRANCISCO,CA,94080
0000723646,FRAF,FRANKLIN FINANCIAL SERVICES CORP /PA/,6022,State Commercial Banks,CHAMBERSBURG,PA,17201
0000879911,AERG,"APPLIED ENERGETICS, INC.",3812,"Search, Detection, Navigation, Guidance, Aeronautical Sys",TUCSON,AZ,85747
0000913341,CFFI,C & F FINANCIAL CORP,6022,State Commercial Banks,TOANO,VA,23168
0002088807,XSLL,Xsolla SPAC 1,6770,Blank Checks,SHERMAN OAKS,CA,91403
0002015947,SBXD,SilverBox Corp IV,6770,Blank Checks,AUSTIN,TX,78746
0001157647,WNEB,"Western New England Bancorp, Inc.",6035,"Savings Institution, Federally Chartered",WESTFIELD,MA,01085
0001495651,UURAF,Ucore Rare Metals Inc.,,,BEDFORD,,B4A 0
0001625641,LAW,"CS Disco, Inc.",7372,Services-Prepackaged Software,AUSTIN,TX,78701
0001824893,SRZN,"Surrozen, Inc./DE",2836,"Biological Products, (No Diagnostic Substances)",SOUTH SAN FRANCISCO,CA,94080
0000014846,BRT,BRT Apartments Corp.,6798,Real Estate Investment Trusts,GREAT NECK,NY,11021
0000829365,NTPIF,NAM TAI PROPERTY INC.,6500,Real Estate,"ROAD TOWN, TORTOLA",D8,00000
0001590715,AREC,American Resources Corp,1220,Silver Ores,FISHERS,IN,46038
0001828805,ALMU,"Aeluma, Inc.",3674,Semiconductors & Related Devices,GOLETA,CA,93117
0000850429,TG,TREDEGAR CORP,3350,Rolling Drawing & Extruding of  Nonferrous Metals,RICHMOND,VA,23225
0001114925,LTRX,LANTRONIX INC,3576,Computer Communications Equipment,IRVINE,CA,92618
0000893847,HWBK,"HAWTHORN BANCSHARES, INC.",6021,National Commercial Banks,JEFFERSON CITY,MO,65101
0002093484,MUZE,Muzero Acquisition Corp,6770,Blank Checks,NEW YORK,NY,10016
0001278027,BGS,"B&G Foods, Inc.",2000,Food and Kindred Products,PARSIPPANY,NJ,07054
0002027708,CEPO,"Cantor Equity Partners I, Inc.",6770,Blank Checks,NEW YORK,NY,10022
0000919893,TDF,TEMPLETON DRAGON FUND INC,,,FORT LAUDERDALE,FL,33301
0000027093,USAU,U.S. GOLD CORP.,1000,Metal Mining,ELKO,NV,89801
0001835724,ZH,Zhihu Inc.,7389,"Services-Business Services, NEC",BEIJING,F4,10008
0001867949,REFI,"Chicago Atlantic Real Estate Finance, Inc.",6798,Real Estate Investment Trusts,CHICAGO,IL,60611
0001422142,WHWK,"Whitehawk Therapeutics, Inc.",2834,Pharmaceutical Preparations,MORRISTOWN,NJ,07960
0000876343,LCTX,"Lineage Cell Therapeutics, Inc.",2836,"Biological Products, (No Diagnostic Substances)",CARLSBAD,CA,92008
0002029118,INR,"INFINITY NATURAL RESOURCES, INC.",1311,Crude Petroleum & Natural Gas,MORGANTOWN,WV,26508
0000015847,BUKS,BUTLER NATIONAL CORP,7990,Services-Miscellaneous Amusement & Recreation,NEW CENTURY,KS,66031
0001754170,ASLE,AerSale Corp,5080,"Wholesale-Machinery, Equipment & Supplies",DORAL,FL,33178
0001057379,HCKT,"HACKETT GROUP, INC.",8742,Services-Management Consulting Services,MIAMI,FL,33131
0002028027,NTWO,Newbury Street II Acquisition Corp,6770,Blank Checks,BOSTON,MA,02211
0001547452,TAKOF,Volatus Aerospace Inc.,,,VAUGHAN,,L4H 0
0002081125,DNMX,Dynamix Corp III,6770,Blank Checks,HOUSTON,TX,77056
0000844790,PMM,FRANKLIN MANAGED MUNICIPAL INCOME TRUST,,,BOSTON,MA,02110
0001818838,ADAG,Adagene Inc.,2834,Pharmaceutical Preparations,JIANGSU,F4,00000
0002095743,REA,"Rare Earths Americas, Inc.",1000,Metal Mining,MANCHESTER,GA,31816
0001377789,AVNW,"AVIAT NETWORKS, INC.",3663,Radio & Tv Broadcasting & Communications Equipment,AUSTIN,TX,78728
0002079109,VRXA,Veraxa Biotech AG - Post de-SPAC,2834,Pharmaceutical Preparations,ZURICH,,8001
0001826600,MNTK,"Montauk Renewables, Inc.",4932,Gas & Other Services Combined,PITTSBURGH,PA,15205
0001690334,SMHI,SEACOR Marine Holdings Inc.,4412,Deep Sea Foreign Transportation of  Freight,HOUSTON,TX,77079
0001509470,NSLR,Neostellar Capital Corp.,,,NEW YORK,NY,10019
0002029769,OACC,Oaktree Acquisition Corp. III Life Sciences,6770,Blank Checks,LOS ANGELES,CA,90071
0001015383,POWW,Outdoor Holding Co,7389,"Services-Business Services, NEC",ATLANTA,GA,30339
0000748691,KF,KOREA FUND INC,,,LONDON,,
0001717457,CPZ,Calamos Long/Short Equity & Dynamic Income Trust,,,NAPERVILLE,IL,60563
0001000209,MFIN,MEDALLION FINANCIAL CORP,6199,Finance Services,NEW YORK,NY,10065
0001866874,RLTY,Cohen & Steers Real Estate Opportunities & Income Fund,,,NEW YORK,NY,10017
0000922358,FGPR,FERRELLGAS PARTNERS L P,5900,Retail-Miscellaneous Retail,LIBERTY,MO,64068
0002083946,WLII,Willow Lane Acquisition Corp. II,6770,Blank Checks,NEW YORK,NY,10107
0002028614,DMAA,Drugs Made In America Acquisition Corp.,6770,Blank Checks,NEW YORK,NY,10170
0001529377,ACRE,Ares Commercial Real Estate Corp,6798,Real Estate Investment Trusts,NEW YORK,NY,10167
0000796534,NKSH,NATIONAL BANKSHARES INC,6021,National Commercial Banks,BLACKSBURG,VA,24060
0002028935,FACT,FACT II Acquisition Corp.,3728,"Aircraft Parts & Auxiliary Equipment, NEC",NEW YORK,NY,10005
0001837014,SMRT,"SmartRent, Inc.",7373,Services-Computer Integrated Systems Design,PHOENIX,AZ,85054
0001227073,ERC,ALLSPRING MULTI-SECTOR INCOME FUND,,,CHARLOTTE,NC,28203
0002036042,SION,"Sionna Therapeutics, Inc.",2834,Pharmaceutical Preparations,WALTHAM,MA,02451
0001412095,TROO,"Troops, Inc. /Cayman Islands/",6159,Miscellaneous Business Credit Institution,NEW TERRITORIES HONG KONG,,
0001782223,PYXS,"Pyxis Oncology, Inc.",2834,Pharmaceutical Preparations,BOSTON,MA,02118
0001927958,AIRO,"AIRO Group Holdings, Inc.",3721,Aircraft,MCLEAN,VA,22102
0000803016,CFNB,CALIFORNIA FIRST LEASING CORP,6021,National Commercial Banks,NEWPORT BEACH,CA,92660
0002098780,TRGS,TRG Latin America Acquisitions Corp.,6770,Blank Checks,NEW YORK,NY,10022
0001439725,BDSX,BIODESIX INC,8071,Services-Medical Laboratories,LOUISVILLE,CO,80027
0001058811,IMMR,IMMERSION CORP,3577,"Computer Peripheral Equipment, NEC",AVENTURA,FL,33180
0001684693,SLGL,Sol-Gel Technologies Ltd.,2834,Pharmaceutical Preparations,NESS ZIONA,,74036
0001432133,KLTR,KALTURA INC,7372,Services-Prepackaged Software,NEW YORK,NY,10003
0001084869,FLWS,1 800 FLOWERS COM INC,5990,"Retail-Retail Stores, NEC",JERICHO,NY,11753
0001125345,MGNX,MACROGENICS INC,2834,Pharmaceutical Preparations,Rockville,MD,20850
0001116463,OSUR,ORASURE TECHNOLOGIES INC,3841,Surgical & Medical Instruments & Apparatus,BETHLEHEM,PA,18015
0002055879,VNME,Vendome Acquisition Corp I,6770,Blank Checks,PARK CITY,UT,84098
0000355948,RELL,"RICHARDSON ELECTRONICS, LTD.",5065,"Wholesale-Electronic Parts & Equipment, NEC",LAFOX,IL,60147
0001655210,BYND,"BEYOND MEAT, INC.",2000,Food and Kindred Products,EL SEGUNDO,CA,90245
0001434728,GWRS,"Global Water Resources, Inc.",4941,Water Supply,PHOENIX,AZ,85027
0001767837,RMBI,"Richmond Mutual Bancorporation, Inc.",6022,State Commercial Banks,RICHMOND,IN,47374
0001682149,DVLT,Datavault AI Inc.,7389,"Services-Business Services, NEC",BEAVERTON,OR,97006
0002066836,CNXU,Conexeu Sciences Inc.,3842,"Orthopedic, Prosthetic & Surgical Appliances & Supplies",RENO,NV,89501
0001162194,LAB,STANDARD BIOTOOLS INC.,2834,Pharmaceutical Preparations,BOSTON,MA,02109
0001653087,ALEC,"Alector, Inc.",2836,"Biological Products, (No Diagnostic Substances)",SOUTH SAN FRANCISCO,CA,94080
0001896084,IONR,ioneer Ltd,1400,Mining & Quarrying of  Nonmetallic Minerals (No Fuels),NORTH SYDNEY,NV,
0001342423,LMNR,Limoneira CO,0100,Agricultural Production-Crops,SANTA PAULA,CA,93060
0001733968,WRLGF,West Red Lake Gold Mines Ltd.,,,VANCOUVER,A1,V7X 1
0002120422,PFSTY,Pfisterer Holdings SE/ADR,,,NEW YORK,NY,10271
0001111485,RXST,"RxSight, Inc.",3851,Ophthalmic Goods,ALISO VIEJO,CA,92656
0000720500,ASYS,AMTECH SYSTEMS INC,3559,"Special Industry Machinery, NEC",TEMPE,AZ,85288
0001572334,VABK,Virginia National Bankshares Corp,6021,National Commercial Banks,CHARLOTTESVILLE,VA,22911
0000275053,NATR,NATURES SUNSHINE PRODUCTS INC,2834,Pharmaceutical Preparations,LEHI,UT,84048
0001734750,MOVE,"Corvex, Inc.",7374,Services-Computer Processing & Data Preparation,ARLINGTON,VA,22226
0000798287,PAMT,PAMT CORP,4213,Trucking (No Local),TONTITOWN,AR,72770
0002105274,IPVV,"InterPrivate Investment Partners V, Inc.",6770,Blank Checks,NEW YORK,NY,10019
0001450445,NUW,Nuveen AMT-Free Municipal Value Fund,,,CHICAGO,IL,60606
0002076739,SCII,SC II Acquisition Corp.,6770,Blank Checks,NEW YORK,NY,10018
0002016072,VLOS,Velos Acquisition I Corp.,6770,Blank Checks,NEW YORK,NY,10166
0001120970,LODE,Comstock Inc.,2860,Industrial Organic Chemicals,"VIRGINIA CITY,",NV,89440
0001517022,AKBA,"Akebia Therapeutics, Inc.",2834,Pharmaceutical Preparations,CAMBRIDGE,MA,02142
0001802156,XPOF,"Xponential Fitness, Inc.",7990,Services-Miscellaneous Amusement & Recreation,IRVINE,CA,92614
0001651625,ACIU,AC Immune SA,2834,Pharmaceutical Preparations,1015 LAUSANNE,V8,00000
0001463972,VUZI,Vuzix Corp,3663,Radio & Tv Broadcasting & Communications Equipment,WEST HENRIETTA,NY,14586
0001803800,TSKFF,Talisker Resources Ltd.,,,TORONTO,,M5H 3
0000916183,RCS,"PIMCO STRATEGIC INCOME FUND, INC.",,,NEW YORK,NY,10019
0001729173,UXIN,Uxin Ltd,7389,"Services-Business Services, NEC",BEIJING,,10010
0001562823,HHLKF,Hot Chili Ltd,,,"APPLECROSS, WA",,
0001562463,INBK,First Internet Bancorp,6022,State Commercial Banks,FISHERS,IN,46038
0002080216,THEO,BOA Acquisition Corp. II,6770,Blank Checks,WASHINGTON,DC,20037
0002083217,QADR,QDRO Acquisition Corp.,6770,Blank Checks,NEW YORK,NY,10036
0002045473,COPL,Copley Acquisition Corp,6770,Blank Checks,GEORGE TOWN,E9,KY1-1
0002090787,OHAC,Oceanhawk Acquisition Corp.,6770,Blank Checks,NEW YORK,NY,10022
0002067592,MKLY,McKinley Acquisition Corp,7372,Services-Prepackaged Software,NEEDHAM,MA,02494
0001386570,NAGE,"Niagen Bioscience, Inc.",2833,Medicinal Chemicals & Botanical Products,LOS ANGELES,CA,90024
0001337298,FF,FutureFuel Corp.,2860,Industrial Organic Chemicals,BATESVILLE,AR,72501
0001119774,CGEN,COMPUGEN LTD,2836,"Biological Products, (No Diagnostic Substances)",HOLON,L3,58858
0001628808,PROF,Profound Medical Corp.,3841,Surgical & Medical Instruments & Apparatus,MISSISSAUGA,A6,L4W 5
0001407582,CAMVF,Cambria Gold Mines Inc.,,,VANCOUVER,,V7X 1
0001320760,TSSI,"TSS, Inc.",8742,Services-Management Consulting Services,ROUND ROCK,TX,78664
0001367644,EBS,Emergent BioSolutions Inc.,2834,Pharmaceutical Preparations,GAITHERSBURG,MD,20879
0001551901,SCM,Stellus Capital Investment Corp,,,HOUSTON,TX,77027
0000884144,ASUR,ASURE SOFTWARE INC,7373,Services-Computer Integrated Systems Design,AUSTIN,TX,78701
0001791703,TII,Titan Mining Corp,1040,Gold and Silver Ores,GOUVERNEUR,NY,13642
0001677703,CNDT,CONDUENT Inc,7389,"Services-Business Services, NEC",FLORHAM PARK,NJ,07932
0000814585,MBI,MBIA INC,6351,Surety Insurance,PURCHASE,NY,
0001939801,SMDRF,SIERRA MADRE GOLD & SILVER LTD.,,,WEST VANCOUVER,A1,V7T 1
0001538847,GLDG,GoldMining Inc.,1040,Gold and Silver Ores,VANCOUVER,A1,V6E 4
0001666291,CMTG,"Claros Mortgage Trust, Inc.",6500,Real Estate,NEW YORK,NY,10023
0000809173,MMT,ABERDEEN MULTI-MARKET INCOME FUND,,,PHILADELPHIA,PA,19103
0001945565,BGIN,BGIN BLOCKCHAIN Ltd,6199,Finance Services,SINGAPORE,U0,40905
0002064658,MCGA,Yorkville Acquisition Corp.,6199,Finance Services,MOUNTAINSIDE,NJ,07092
0001337013,INFU,"InfuSystem Holdings, Inc",3841,Surgical & Medical Instruments & Apparatus,ROCHESTER HILLS,MI,48309
0002081300,SSAC,SPACSphere Acquisition Corp.,6770,Blank Checks,SACRAMENTO,CA,95826
0002065948,SOCA,Solarius Capital Acquisition Corp.,6770,Blank Checks,GRAND CAYMAN,,KY1-1
0002118032,RACC,Research Alliance Corp III,6770,Blank Checks,NEW YORK,NY,10020
0001357874,DTIL,PRECISION BIOSCIENCES INC,2836,"Biological Products, (No Diagnostic Substances)",DURHAM,NC,27701
0001383414,PNNT,PENNANTPARK INVESTMENT CORP,,,NEW YORK,NY,10022
0002028699,DYNC,Dynamix Corp,6770,Blank Checks,GRAND CAYMAN,,0000
0001661181,ORGO,Organogenesis Holdings Inc.,2834,Pharmaceutical Preparations,CANTON,MA,02021
0001930459,PMMCF,Pampa Metals Corp,,,VANCOUVER,A1,V6C 2
0000916793,SILC,SILICOM LTD.,3576,Computer Communications Equipment,KFAR-SAVA,L3,44643
0001515964,GORO,Goldgroup Mining Inc.,1040,Gold and Silver Ores,VANCOUVER,,V6E 3
0002075068,IGAC,Invest Green Acquisition Corp,6770,Blank Checks,CAMAS,WA,
0001377630,NCMI,"National CineMedia, Inc.",7310,Services-Advertising,CENTENNIAL,CO,80111
0000896264,USNA,USANA HEALTH SCIENCES INC,2833,Medicinal Chemicals & Botanical Products,SALT LAKE CITY,UT,84120
0001683541,ACB,AURORA CANNABIS INC,2833,Medicinal Chemicals & Botanical Products,EDMONTON,A0,T6X 1
0002052162,DAAQ,Digital Asset Acquisition Corp.,6022,State Commercial Banks,PRINCETON,NJ,08542
0002058601,BRBI,BRBI BR Partners S.A.,6199,Finance Services,SAO PAULO,,
0000002098,ACU,ACME UNITED CORP,3420,"Cutlery, Handtools & General Hardware",SHELTON,CT,06484
0001921158,FUFU,Bitfufu Inc.,6199,Finance Services,SINGAPORE,,03898
0001371489,III,Information Services Group Inc.,8742,Services-Management Consulting Services,STAMFORD,CT,06901
0002016221,MACI,Melar Acquisition Corp. I/Cayman,7389,"Services-Business Services, NEC",NEW YORK,NY,10023
0002076616,TDWD,Tailwind 2.0 Acquisition Corp.,6770,Blank Checks,GREENWICH,CT,06830
0001702780,OPTU,"Optimum Communications, Inc.",4841,Cable & Other Pay Television Services,LONG ISLAND CITY,NY,11101
0002111009,AVAC,American Ventures Acquisition Corp. I,6770,Blank Checks,JUPITER,FL,33477
0001596961,RDNW,"RideNow Group, Inc.",7371,Services-Computer Programming Services,CHANDLER,AZ,85286
0001701758,LOVE,Lovesac Co,5712,Retail-Furniture Stores,STAMFORD,CT,
0000935419,RICK,"RCI HOSPITALITY HOLDINGS, INC.",5812,Retail-Eating  Places,HOUSTON,TX,77066
0002052243,TWLV,Twelve Seas Investment Co III/Cayman,6770,Blank Checks,LOS ANGELES,CA,90027
0000925528,HDSN,HUDSON TECHNOLOGIES INC /NY,5080,"Wholesale-Machinery, Equipment & Supplies",PEARL RIVER,NY,10965
0001821534,EXOD,"Exodus Movement, Inc.",6199,Finance Services,OMAHA,NE,68137
0001750735,MRBK,Meridian Corp,6021,National Commercial Banks,MALVERN,PA,19355
0001879726,SIDU,Sidus Space Inc.,4812,Radiotelephone Communications,CAPE CANAVERAL,FL,32920
0001754836,EIC,Eagle Point Income Co Inc.,,,GREENWICH,CT,06830
0001750777,HWKE,"Hawkeye Digital, Inc.",3861,Photographic Equipment & Supplies,MIAMI BEACH,FL,33139
0001996493,SUGRF,Sucro Ltd,,,CORAL GABLES,FL,33134
0001093672,PEBK,PEOPLES BANCORP OF NORTH CAROLINA INC,6022,State Commercial Banks,NEWTON,NC,28658
0002076427,LATA,Galata Acquisition Corp. II,6770,Blank Checks,NASHVILLE,TN,37203
0001320854,RAIL,"FreightCar America, Inc.",3743,Railroad Equipment,CHICAGO,IL,60606
0001476840,EXFY,"Expensify, Inc.",7372,Services-Prepackaged Software,SAN FRANCISCO,CA,94108
0001783432,TETOF,Tectonic Metals Inc.,,,VANCOUVER,,V6E 3
0002067674,SBMT,SILVER BOW MINING CORP.,1040,Gold and Silver Ores,BUTTE,MT,59702
0001059213,BXSY,BEXIL INVESTMENT TRUST,0000,,WALPOLE,NH,
0002105838,SUMA,SUMA Acquisition Corp,6770,Blank Checks,TORONTO,,M6J2K
0002079292,DYOR,Insight Digital Partners II,6770,Blank Checks,NEW YORK,NY,10004
0001026655,CMT,CORE MOLDING TECHNOLOGIES INC,3089,"Plastics Products, NEC",COLUMBUS,OH,43228
0001498612,PSF,"Cohen & Steers Select Preferred & Income Fund, Inc.",,,NEW YORK,NY,10036
0001086434,AUDC,AUDIOCODES LTD,3661,Telephone & Telegraph Apparatus,OR YEHUDA,L3,70151
0001227636,STIM,"Neuronetics, Inc.",3841,Surgical & Medical Instruments & Apparatus,MALVERN,PA,19355
0000880641,EFSI,EAGLE FINANCIAL SERVICES INC,6022,State Commercial Banks,BERRYVILLE,VA,22611
0002081532,BLRK,Bluerock Acquisition Corp.,6770,Blank Checks,SOUTHFIELD,MI,48034
0001069533,RGCO,RGC RESOURCES INC,4923,Natural Gas Transmisison & Distribution,ROANOKE,VA,24016
0001140102,HQI,"HireQuest, Inc.",7363,Services-Help Supply Services,GOOSE CREEK,SC,29445
0002087087,BIII,Black Spade Acquisition III Co,6770,Blank Checks,CENTRAL,,00000
0002033593,SVCC,Stellar V Capital Corp. (Cayman Islands),6770,Blank Checks,NEW YORK,NY,10169
0000718413,CMTV,COMMUNITY BANCORP /VT,6021,National Commercial Banks,DERBY,VT,05829
0000318673,SNFCA,SECURITY NATIONAL FINANCIAL CORP,6199,Finance Services,SALT LAKE CITY,UT,84157
0001722010,OPBK,OP Bancorp,6022,State Commercial Banks,LOS ANGELES,CA,90017
0001876581,IMPP,Imperial Petroleum Inc./Marshall Islands,4412,Deep Sea Foreign Transportation of  Freight,ATHENS,,
0000855950,PNPNF,POWER METALLIC MINES INC.,8880,American Depositary Receipts,TORONTO,A6,M5C 1
0001758530,SY,So-Young International Inc.,7374,Services-Computer Processing & Data Preparation,BEIJING,,10001
0002013639,FBLA,"FB Bancorp, Inc. /MD/",6036,"Savings Institutions, Not Federally Chartered",NEW ORLEANS,LA,70130
0001837821,ZJYL,Jin Medical International Ltd.,3842,"Orthopedic, Prosthetic & Surgical Appliances & Supplies",JIANGSU PROVINCE,F4,21314
0001359931,TARA,"Protara Therapeutics, Inc.",2836,"Biological Products, (No Diagnostic Substances)",NEW YORK,NY,10010
0002104177,LTGR,Long Table Growth Corp.,6770,Blank Checks,DALLAS,TX,75225
0000706698,UTMD,UTAH MEDICAL PRODUCTS INC,3841,Surgical & Medical Instruments & Apparatus,MIDVALE,UT,84070
0001598646,NERV,"Minerva Neurosciences, Inc.",2834,Pharmaceutical Preparations,BURLINGTON,MA,01803
0002070887,CRAC,Crown Reserve Acquisition Corp. I,6770,Blank Checks,GRAND CAYMAN,,00000
0001898795,LVWR,"LiveWire Group, Inc.",3751,"Motorcycles, Bicycles & Parts",MILWAUKEE,WI,53208
0002077785,IRAB,Iris Acquisition Corp II,6770,Blank Checks,GRAND CAYMAN,,KY1-9
0001576885,ABOS,"Acumen Pharmaceuticals, Inc.",2836,"Biological Products, (No Diagnostic Substances)",NEWTON,MA,02465
0000008146,ALOT,"AstroNova, Inc.",3577,"Computer Peripheral Equipment, NEC",WEST WARWICK,RI,02893
0002106436,MRCO,Mercator Acquisition Corp.,6770,Blank Checks,STAMFORD,CT,06902
0002093101,RNA,"Atrium Therapeutics, Inc.",2834,Pharmaceutical Preparations,SAN DIEGO,CA,92121
0001778129,TSNDF,TerrAscend Corp.,0100,Agricultural Production-Crops,MISSISSAUGA,A6,L5B 4
0002046117,MAGH,Magnitude International Ltd,1731,Electrical Work,SINGAPORE,U0,75771
0001799788,GLSI,"Greenwich LifeSciences, Inc.",2834,Pharmaceutical Preparations,STAFFORD,TX,77477
0002111038,DGAC,DISCIPLINED GROWTH ACQUISITION Corp,6770,Blank Checks,GARDEN CITY,NY,11530
0001769256,XHG,XChange TEC.INC,6411,"Insurance Agents, Brokers & Service","XUHUI, SHANGHAI",F4,20003
0001070680,CFBK,CF BANKSHARES INC.,6021,National Commercial Banks,COLUMBUS,OH,43081
0001023313,FORR,"FORRESTER RESEARCH, INC.",8700,"Services-Engineering, Accounting, Research, Management",CAMBRIDGE,MA,02140
0001126741,GSIT,GSI TECHNOLOGY INC,3674,Semiconductors & Related Devices,SUNNYVALE,CA,94089
0000918251,MPAA,MOTORCAR PARTS OF AMERICA INC,3714,Motor Vehicle Parts & Accessories,TORRANCE,CA,90503
0002054272,ONCH,1RT Acquisition Corp.,6770,Blank Checks,GRAND CAYMAN,E9,KY1-1
0001943289,SVCO,"Silvaco Group, Inc.",7372,Services-Prepackaged Software,SANTA CLARA,CA,95054
0000801961,MFM,ABERDEEN MUNICIPAL INCOME FUND,,,PHILADELPHIA,PA,19103
0001280776,IMUX,"IMMUNIC, INC.",2834,Pharmaceutical Preparations,NEW YORK,X1,10036
0001021561,NUS,"NU SKIN ENTERPRISES, INC.",5122,"Wholesale-Drugs, Proprietaries & Druggists' Sundries",PROVO,UT,84601
0001843162,LIEN,"Chicago Atlantic BDC, Inc.",,,NEW YORK,NY,10022
0001846416,HVII,Hennessy Capital Investment Corp. VII,4911,Electric Services,ZEPHYR COVE,NV,83014
0000803742,KISB,KISH BANCORP INC,6021,National Commercial Banks,REEDSVILLE,PA,17084
0001708259,LX,LexinFintech Holdings Ltd.,6199,Finance Services,SHENZHEN,,
0000828803,SABA,Saba Capital Income & Opportunities Fund II,,,FORT LAUDERDALE,FL,33301
0001580345,TPVG,TriplePoint Venture Growth BDC Corp.,,,MENLO PARK,CA,94025
0001099668,FOTB,"FIRST OTTAWA BANCSHARES, INC.",6022,State Commercial Banks,OTTAWA,IL,61350
0001357971,ESOA,Energy Services of America CORP,1623,"Water, Sewer, Pipeline, Comm & Power Line Construction",HUNTINGTON,WV,25701
0001289945,SPOK,"Spok Holdings, Inc",4812,Radiotelephone Communications,PLANO,TX,75074
0002008007,MAMK,MaxsMaking Inc.,2390,Miscellaneous Fabricated Textile Products,SHANGHAI,F4,00000
0001616885,RVLGF,Revival Gold Inc.,,,TORONTO,A6,A6 M5
0001835856,BETR,Better Home & Finance Holding Co,6163,Loan Brokers,NEW YORK,NY,
0001477081,KGEI,Kolibri Global Energy Inc.,1311,Crude Petroleum & Natural Gas,THOUSAND OAKS,CA,91320
0000750558,QNBC,QNB CORP.,6022,State Commercial Banks,QUAKERTOWN,PA,18951
0001880438,ANTX,"AN2 Therapeutics, Inc.",2834,Pharmaceutical Preparations,MENLO PARK,CA,94025
0002099095,PTAC,Patriot Acquisition Corp./CI,6770,Blank Checks,RADNOR,PA,19087
0001867066,DERM,Journey Medical Corp,2834,Pharmaceutical Preparations,SCOTTSDALE,AZ,85258
0001493761,TBCH,Turtle Beach Corp,3669,"Communications Equipment, NEC",SAN DIEGO,CA,92127
0001766478,AOMR,"Angel Oak Mortgage REIT, Inc.",6500,Real Estate,ATLANTA,GA,30326
0001702123,CRDL,Cardiol Therapeutics Inc.,2836,"Biological Products, (No Diagnostic Substances)",OAKVILLE,A6,L6H 0
0000874396,LCUT,"LIFETIME BRANDS, INC",3420,"Cutlery, Handtools & General Hardware",GARDEN CITY,NY,11530
0001847409,HITI,High Tide Inc.,5990,"Retail-Retail Stores, NEC",CALGARY,A0,T3K 2
0001141240,LQMT,LIQUIDMETAL TECHNOLOGIES INC,2800,Chemicals & Allied Products,LAKE FOREST,CA,92630
0002044635,GSHR,Gesher Acquisition Corp. II,6770,Blank Checks,DENVER,CO,80205
0000788920,PDEX,PRO DEX INC,3841,Surgical & Medical Instruments & Apparatus,IRVINE,CA,92614
0001616156,WEWA,"WEWARDS, INC.",7370,"Services-Computer Programming, Data Processing, Etc.",LAS VEGAS,NV,89102
0002089283,NUCL,Eagle Nuclear Energy Corp.,1090,Miscellaneous Metal Ores,DALLAS,TX,75201
0000914122,PPIH,"Perma-Pipe International Holdings, Inc.",3564,Industrial & Commercial Fans & Blowers & Air Purifing Equip,THE WOODLANDS,TX,77380
0001792781,CURV,Torrid Holdings Inc.,5600,Retail-Apparel & Accessory Stores,CITY OF INDUSTRY,CA,91748
0001947016,FJET,"Starfighters Space, Inc.",4512,"Air Transportation, Scheduled",KENNEDY SPACE CENTER,FL,32952
0000716634,RDIB,READING INTERNATIONAL INC,7830,Services-Motion Picture Theaters,CULVER CITY,CA,90230
0001835597,PEPG,PepGen Inc.,2834,Pharmaceutical Preparations,BOSTON,MA,02210
0001010086,SIGA,SIGA TECHNOLOGIES INC,2834,Pharmaceutical Preparations,NEW YORK,NY,10065
0001778016,NBP,NovaBridge Biosciences,2834,Pharmaceutical Preparations,ROCKVILLE,MD,20850
0001430306,TNXP,Tonix Pharmaceuticals Holding Corp.,2834,Pharmaceutical Preparations,BERKELEY HEIGHTS,NJ,07922
0001421642,MSLE,Satellos Bioscience Inc.,2834,Pharmaceutical Preparations,MARKHAM,,L3R 5
0002052547,EGHA,EGH Acquisition Corp.,6770,Blank Checks,LAKEWOOD RANCH,FL,34202
0001664710,KROS,"Keros Therapeutics, Inc.",2834,Pharmaceutical Preparations,LEXINGTON,MA,02421
0002041047,CCAQ,COLLECTIVE ACQUISITION CORP.,6770,Blank Checks,PMB 616 MIAMI,FL,33181
0001514281,MITT,"TPG Mortgage Investment Trust, Inc.",6798,Real Estate Investment Trusts,NEW YORK,NY,10167
0001991413,PSRHF,Pulsar Helium Inc.,,,WHITE ROCK,A1,V4B 1
0001655923,ACOG,Alpha Cognition Inc.,2836,"Biological Products, (No Diagnostic Substances)",GRAPEVINE,TX,76051
0001725033,XYF,X Financial,6199,Finance Services,SHENZHEN,F4,51806
0002065779,BCAR,D. Boral ARC Acquisition I Corp.,7372,Services-Prepackaged Software,NEW YORK,NY,10022
0002090441,IDAC,Iron Dome Acquisition I Corp.,6770,Blank Checks,NEW YORK,NY,10001
0001075736,CXDO,"Crexendo, Inc.",4813,Telephone Communications (No Radiotelephone),TEMPE,AZ,85288
0002042460,HAVA,Harvard Ave Acquisition Corp,6770,Blank Checks,SEOUL,,
0000894671,OVBC,OHIO VALLEY BANC CORP,6022,State Commercial Banks,GALLIPOLIS,OH,45631
0002101562,PALO,PALOMA ACQUISITION CORP I,6770,Blank Checks,NEW YORK,NY,10017
0001926599,TDAC,Translational Development Acquisition Corp.,6770,Blank Checks,NEW YORK,NY,10028
0001070296,FCAP,FIRST CAPITAL INC,6035,"Savings Institution, Federally Chartered",CORYDON,IN,47112
0000882508,QUIK,QUICKLOGIC Corp,3674,Semiconductors & Related Devices,SAN JOSE,CA,95131
0001588871,OAKC,"Oakworth Capital, Inc.",,,BIRMINGHAM,AL,35209
0000897421,NPV,NUVEEN VIRGINIA QUALITY MUNICIPAL INCOME FUND,,,CHICAGO,IL,60606
0001941131,TORO,TORO CORP.,4412,Deep Sea Foreign Transportation of  Freight,LIMASSOL,,
0002094073,CTAA,Clearthink 1 Acquisition Corp.,6770,Blank Checks,BOCA RATON,FL,33487
0001759824,ALTG,ALTA EQUIPMENT GROUP INC.,5084,Wholesale-Industrial Machinery & Equipment,LIVONIA,MI,48150
0002082526,AESP,Aeon Acquisition I Corp.,6770,Blank Checks,MIAMI,FL,33103
0001010134,ICTSF,ICTS INTERNATIONAL N V,7389,"Services-Business Services, NEC",SCHIPHOL-OOST,,
0001640266,VYGR,"Voyager Therapeutics, Inc.",2836,"Biological Products, (No Diagnostic Substances)",LEXINGTON,MA,02421
0001529628,SND,"Smart Sand, Inc.",1400,Mining & Quarrying of  Nonmetallic Minerals (No Fuels),YARDLEY,PA,19067
0001759186,ZSQR,Z Squared Inc.,6199,Finance Services,FORT LAUDERDALE,FL,33301
0002096755,TVIV,Texas Ventures Acquisition IV Corp,6770,Blank Checks,HOUSTON,TX,77056
0001649739,BAFN,BayFirst Financial Corp.,6022,State Commercial Banks,ST PETERSBURG,FL,33701
0001843973,FLYX,FLYEXCLUSIVE INC.,4522,"Air Transportation, Nonscheduled",KINSTON,NC,28504
0001979408,STLRF,STLLR Gold Inc.,,,TORONTO,A6,M5J 2
0001482436,AGXPF,SILVER X MINING CORP.,,,VANCOUVER,A1,V6E 2
0001823255,MINE,MAYFAIR GOLD CORP.,1000,Metal Mining,MATHESON,A6,P0K 1
0001419275,RTB,"RTB Digital, Inc.",8742,Services-Management Consulting Services,SAN DIEGO,CA,92108
0001848739,GDEV,GDEV Inc.,7371,Services-Computer Programming Services,"ROAD TOWN, TORTOLA",,
0001367859,CZWI,Citizens Community Bancorp Inc.,6035,"Savings Institution, Federally Chartered",EAU CLAIRE,WI,54701
0001500881,EU,enCore Energy Corp.,1090,Miscellaneous Metal Ores,DALLAS,TX,75240
0001533924,AMPY,Amplify Energy Corp.,1311,Crude Petroleum & Natural Gas,HOUSTON,TX,77002
0000874501,OSG,OCTAVE SPECIALTY GROUP INC,6351,Surety Insurance,NEW YORK,NY,10005
0002086524,KTWO,K2 Capital Acquisition Corp,6770,Blank Checks,VANCOUVER,,V6E 2
0000889609,CPSS,"CONSUMER PORTFOLIO SERVICES, INC.",6199,Finance Services,LAS VEGAS,NV,89169
0001397616,SSVFF,SOUTHERN SILVER EXPLORATION CORP,,,VANCOUVER,A1,V6E 3
0001393584,AMWL,American Well Corp,7389,"Services-Business Services, NEC",Boston,MA,02109
0001578987,BANX,ArrowMark Financial Corp.,,,DENVER,CO,80206
0001780652,CAN,Canaan Inc.,6199,Finance Services,SINGAPORE,U0,13995
0002076163,BRR,"ProCap Financial, Inc.",6199,Finance Services,NEW YORK,NY,10022
0001512762,CHRS,"Coherus Oncology, Inc.",2836,"Biological Products, (No Diagnostic Substances)",REDWOOD CITY,CA,94065
0002079933,BEBE,TGE Value Creative Solutions Corp,6770,Blank Checks,PARIS,,75001
0001417802,IDE,"Voya Infrastructure, Industrials & Materials Fund",,,SCOTTSDALE,AZ,85258
0001891101,BRCC,BRC Inc.,2080,Beverages,WEST VALLEY CITY,UT,84119
0002059033,FIGX,FIGX Capital Acquisition Corp.,6770,Blank Checks,TIBURON,CA,94920
0001043337,SRI,STONERIDGE INC,3714,Motor Vehicle Parts & Accessories,NOVI,MI,48377
0001751783,RBKB,"Rhinebeck Bancorp, Inc.",6036,"Savings Institutions, Not Federally Chartered",POUGHKEEPSIE,NY,12601
0001009759,CEPL,"Capstone Energy Plus, Inc.",3510,Engines & Turbines,VAN NUYS,CA,91406
0002085932,ETSS,Energy Transition Special Opportunities,6770,Blank Checks,GREENWICH,CT,06830
0001176309,ORMP,ORAMED PHARMACEUTICALS INC.,2834,Pharmaceutical Preparations,NEW YORK,NY,10036
0000095574,SGC,"SUPERIOR GROUP OF COMPANIES, INC.",2300,Apparel & Other Finishd Prods of  Fabrics & Similar Matl,ST. PETERSBURG,FL,33701
0001563696,ETX,Eaton Vance Municipal Income 2028 Term Trust,,,BOSTON,MA,02109
0002101393,APMC,AmperCap Acquisition Co,6770,Blank Checks,NEW YORK,NY,10017
0001066194,EGAN,EGAIN Corp,7372,Services-Prepackaged Software,SUNNYVALE,CA,94089
0002084563,LFAC,Leapfrog Acquisition Corp,6770,Blank Checks,SUMMIT,NJ,07078
0001888274,DEFT,"Defi Technologies, Inc.",6199,Finance Services,TORONTO,Z4,M5R 1
0002073553,AIIA,AI Infrastructure Acquisition Corp.,6770,Blank Checks,LAS VEGAS,NV,89135
0000065312,EVI,"EVI INDUSTRIES, INC.",7200,Services-Personal Services,MIAMI,FL,33137
0001141688,LARK,LANDMARK BANCORP INC,6021,National Commercial Banks,MANHATTAN,KS,66502
0001870940,AIRS,"Airsculpt Technologies, Inc.",8011,Services-Offices & Clinics of  Doctors of  Medicine,TAMPA,FL,33605
0001549346,SSTK,"Shutterstock, Inc.",7374,Services-Computer Processing & Data Preparation,NEW YORK,NY,10118
0001852551,NVA,Nova Minerals Corp,1040,Gold and Silver Ores,CAULFIELD,,
0001598599,IPHA,Innate Pharma SA,2836,"Biological Products, (No Diagnostic Substances)",MARSEILLE,,13009
0000746838,UIS,UNISYS CORP,7373,Services-Computer Integrated Systems Design,BLUE BELL,PA,19422
0001856365,FINW,Finwise Bancorp,6022,State Commercial Banks,MURRAY,UT,84107
0000880417,CSBB,"CSB Bancorp, Inc.",6022,State Commercial Banks,MILLERSBURG,OH,44654
0001725569,GARLF,Roxmore Resources Inc.,,,VANCOUVER,,V6E 4
0001299969,CHCI,"Comstock Holding Companies, Inc.",6500,Real Estate,RESTON,VA,20190
0001626450,CMRC,"Commerce.com, Inc.",7372,Services-Prepackaged Software,AUSTIN,TX,78758
0001807046,OZ,"Belpointe PREP, LLC",6500,Real Estate,GREENWICH,CT,06831
0000024090,CIA,"CITIZENS, INC.",6311,Life Insurance,AUSTIN,TX,78758
0002068577,BRCB,"Black Rock Coffee Bar, Inc.",5810,Retail-Eating & Drinking Places,SCOTTSDALE,AZ,
0000746514,NEN,NEW ENGLAND REALTY ASSOCIATES LIMITED PARTNERSHIP,6513,Operators of  Apartment Buildings,ALLSTON,MA,02134
0001580110,LBCMF,Copper Giant Resources Corp.,,,VANCOUVER,,V7X 1
0001565381,DMB,"BNY Mellon Municipal Bond Infrastructure Fund, Inc.",,,NEW YORK,NY,10289
0001985273,TOYO,"TOYO Co., Ltd",3674,Semiconductors & Related Devices,TOKYO,,140-0
0001119769,CRNT,CERAGON NETWORKS LTD,3663,Radio & Tv Broadcasting & Communications Equipment,ROSH HA AYIN,L3,48100
0001828588,HNVR,"Hanover Bancorp, Inc. /MD",6022,State Commercial Banks,MINEOLA,NY,11501
0000804563,BMBN,BENCHMARK BANKSHARES INC,6022,State Commercial Banks,KENBRIDGE,VA,23944
0001716410,GLATF,Global Atomic Corp,,,TORONTO,A6,M5C 1
0001595097,CRBP,"Corbus Pharmaceuticals Holdings, Inc.",2834,Pharmaceutical Preparations,NORWOOD,MA,02062
0001999124,HWAIF,Healwell AI Inc.,,,TORONTO,A6,M2N 5
0001605301,CBFV,"CB Financial Services, Inc.",6022,State Commercial Banks,CARMICHAELS,PA,15320
0001828937,FOA,Finance of America Companies Inc.,6162,Mortgage Bankers & Loan Correspondents,PLANO,TX,75024
0002094919,BID,Tribeca Strategic Acquisition Corp.,6770,Blank Checks,NEW YORK,NY,10019
0001703647,KRRO,"Korro Bio, Inc.",2834,Pharmaceutical Preparations,CAMBRIDGE,MA,02141
0001772921,ONEW,OneWater Marine Inc.,5531,Retail-Auto & Home Supply Stores,BUFORD,GA,30518
0001006281,PLX,"Protalix BioTherapeutics, Inc.",2836,"Biological Products, (No Diagnostic Substances)",HACKENSACK,NJ,07601
0000919864,FNWD,Finward Bancorp,6035,"Savings Institution, Federally Chartered",MUNSTER,IN,46321
0001748137,NEOV,NeoVolta Inc.,3690,"Miscellaneous Electrical Machinery, Equipment & Supplies",POWAY,CA,92064
0001899830,PERF,Perfect Corp.,7372,Services-Prepackaged Software,NEW TAIPEI CITY,F5,231
0001725262,TYFG,"Tri-County Financial Group, Inc.",6022,State Commercial Banks,MENDOTA,IL,61342
0001818382,HUMA,"Humacyte, Inc.",2836,"Biological Products, (No Diagnostic Substances)",DURHAM,NC,27713
0002012219,OMSE,OMS Energy Technologies Inc.,3533,Oil & Gas Field Machinery & Equipment,SINGAPORE,,62956
0000058361,LEE,"LEE ENTERPRISES, Inc",2711,Newspapers: Publishing or  Publishing & Printing,DAVENPORT,IA,52807
0001261166,NRO,NEUBERGER REAL ESTATE SECURITIES INCOME FUND INC,,,NEW YORK,NY,10104
0001863006,VLN,Valens Semiconductor Ltd.,3674,Semiconductors & Related Devices,"HOD HASHARON, 4501309",L3,00000
0001678130,OPP,"RiverNorth/DoubleLine Strategic Opportunity Fund, Inc.",,,WEST PALM BEACH,FL,33401
0001930147,SPMC,"Sound Point Meridian Capital, Inc.",,,NEW YORK,NY,10152
0001254370,WIA,WESTERN ASSET INFLATION-LINKED INCOME FUND,,,NEW YORK,NY,10018
0001165002,WHG,WESTWOOD HOLDINGS GROUP INC,6282,Investment Advice,DALLAS,TX,75201
0001620459,JRVR,"James River Group Holdings, Inc.",6331,"Fire, Marine & Casualty Insurance",CHAPEL HILL,NC,27517
0001819142,SES,SES AI Corp,3690,"Miscellaneous Electrical Machinery, Equipment & Supplies",WOBURN,MA,01801
0002022059,AGMRF,"Silver Mountain Resources, Inc.",,,TORONTO,A6,M5C 1
0001705110,ANGI,Angi Inc.,7310,Services-Advertising,NEW YORK,NY,10011
0001274737,XGN,EXAGEN INC.,8071,Services-Medical Laboratories,VISTA,CA,92081
0001893657,RLEA,Rubber Leaf Inc,3714,Motor Vehicle Parts & Accessories,"NINGBO, ZHEJIANG",F4,31550
0001751912,NGEN,NERVGEN PHARMA CORP.,2834,Pharmaceutical Preparations,VANCOUVER,A1,V7X 1
0001919182,UTKN,Universal Token,6199,Finance Services,SHERIDAN,WY,82801
0000832480,UTGN,UTG INC,6311,Life Insurance,STANFORD,KY,40484
0001620749,PHCI,Panamera Holdings Corp,8742,Services-Management Consulting Services,HOUSTON,TX,77056
0000786298,FGFH,FORESIGHT FINANCIAL GROUP INC,6022,State Commercial Banks,WINNEBAGO,IL,61088
0001407583,BHLL,Bunker Hill Mining Corp.,1000,Metal Mining,KELLOGG,ID,83837
0000847538,CPKF,CHESAPEAKE FINANCIAL SHARES INC,6021,National Commercial Banks,KILMARNOCK,VA,22482
0001799011,LUCD,Lucid Diagnostics Inc.,3841,Surgical & Medical Instruments & Apparatus,NEW YORK,NY,10017
0001302387,BVFL,"BV Financial, Inc.",6035,"Savings Institution, Federally Chartered",BALTIMORE,MD,21219
0001478454,EBMT,"Eagle Bancorp Montana, Inc.",6022,State Commercial Banks,HELENA,MT,59604
0001420520,ATOM,Atomera Inc,3674,Semiconductors & Related Devices,LOS GATOS,CA,95032
0001393883,DHX,"DHI GROUP, INC.",7389,"Services-Business Services, NEC",CENTENNIAL,CO,80111
0001645460,CUE,"Cue Biopharma, Inc.",2834,Pharmaceutical Preparations,BOSTON,MA,02135
0001857044,INDP,"Indaptus Therapeutics, Inc.",2834,Pharmaceutical Preparations,NEW YORK,NY,10019
0001851961,GCTS,"GCT Semiconductor Holding, Inc.",3674,Semiconductors & Related Devices,SAN JOSE,CA,95131
0002084026,QMLS,"QumulusAI, Inc.",7374,Services-Computer Processing & Data Preparation,ATLANTA,GA,30308
0001785476,TBXXF,King Copper Discovery Corp.,,,VANCOUVER,,V6B 2
0001914605,ECBK,"ECB Bancorp, Inc. /MD/",6036,"Savings Institutions, Not Federally Chartered",EVERETT,MA,02149
0001794276,ZHJD,Intelligent Hotel Group Ltd.,2870,Agricultural Chemicals,"CHENGDU, SICHUAN PROVINCE",,
0001834526,GPAT,GP-Act III Acquisition Corp.,6770,Blank Checks,NEW YORK,NY,10022
0001530766,STEX,Streamex Corp.,3845,Electromedical & Electrotherapeutic Apparatus,WINTER PARK,FL,32789
0000096536,TAYD,"TAYLOR DEVICES, INC.",3569,"General Industrial Machinery & Equipment, NEC",NORTH TONAWANDA,NY,14120
0001674335,JELD,"JELD-WEN Holding, Inc.",2430,"Millwood, Veneer, Plywood, & Structural Wood Members",CHARLOTTE,NC,28273
0001934114,SUJA,"SUJA LIFE, INC.",2080,Beverages,OCEANSIDE,CA,92056
0001693577,MNSB,"MainStreet Bancshares, Inc.",6022,State Commercial Banks,FAIRFAX,VA,22030
0002073515,ARCL,ARC Group Acquisition I Corp.,6770,Blank Checks,TEMPE,AZ,85284
0001819516,UP,Wheels Up Experience Inc.,4522,"Air Transportation, Nonscheduled",CHAMBLEE,GA,30341
0001622148,HGLB,HIGHLAND GLOBAL ALLOCATION FUND,,,DALLAS,TX,75201
0002047177,CHEC,Chenghe Acquisition III Co.,6770,Blank Checks,GRAND CAYMAN,E9,KY1-9
0002087446,PAAC,Proem Acquisition Corp. I,6770,Blank Checks,DALLAS,TX,75209
0002082847,BWIV,Blue Water Acquisition Corp. IV,6770,Blank Checks,GREENWICH,CT,06830
0001505952,DOMO,"DOMO, INC.",7372,Services-Prepackaged Software,AMERICAN FORK,UT,84003
0000006176,AP,AMPCO PITTSBURGH CORP,3561,Pumps & Pumping Equipment,CARNEGIE,PA,15106
0001437925,MRDN,Meridian Holdings Inc./NV,7372,Services-Prepackaged Software,LAS VEGAS,NV,
0001245648,FLC,FLAHERTY & CRUMRINE TOTAL RETURN FUND INC,,,PASADENA,CA,91101
0001171759,RRGB,RED ROBIN GOURMET BURGERS INC,5812,Retail-Eating  Places,ENGLEWOOD,CO,80112
0001228509,EHI,WESTERN ASSET GLOBAL HIGH INCOME FUND INC.,,,NEW YORK,NY,10018
0001787400,NKTX,"Nkarta, Inc.",2834,Pharmaceutical Preparations,SOUTH SAN FRANCISCO,CA,94080
0000831655,MPV,BARINGS PARTICIPATION INVESTORS,,,CHARLOTTE,NC,28202
0001852767,MRT,"Marti Technologies, Inc.",7510,Services-Auto Rental & Leasing (No Drivers),GRAND CAYMAN,,
0001878897,DOUG,Douglas Elliman Inc.,6531,Real Estate Agents & Managers (For Others),MIAMI,FL,33137
0002097986,FTHA,Forefront Tech Holdings Acquisition Corp,6770,Blank Checks,TORTOLA,,VG111
0001452477,SEVN,Seven Hills Realty Trust,6798,Real Estate Investment Trusts,NEWTON,MA,02458
0002108164,PONO,"Pono Capital Four, Inc.",6770,Blank Checks,HONOLULU,HI,96813
0000931148,EAF,GRAFTECH INTERNATIONAL LTD,3620,Electrical Industrial Apparatus,BROOKLYN HEIGHTS,OH,44131
0002007599,LAWR,"Robot Consulting Co., Ltd.",7370,"Services-Computer Programming, Data Processing, Etc.",TOKYO,M0,105-0
0001005286,LFCR,"LIFECORE BIOMEDICAL, INC. \DE\",2834,Pharmaceutical Preparations,CHASKA,MN,55318
0001952976,NLOP,Net Lease Office Properties,6798,Real Estate Investment Trusts,NEW YORK,NY,10001
0001455632,NXPGY,Mobico Group PLC/ADR,,,NEW YORK,NY,10271
0001619856,CRBU,"Caribou Biosciences, Inc.",2836,"Biological Products, (No Diagnostic Substances)",BERKELEY,CA,94710
0001200375,CDXS,"CODEXIS, INC.",2860,Industrial Organic Chemicals,REDWOOD CITY,CA,94063
0000921671,GGT,GABELLI MULTIMEDIA TRUST INC.,,,RYE,NY,10580
0001776909,CURI,CuriosityStream Inc.,7812,Services-Motion Picture & Video Tape Production,SILVER SPRING,MD,20910
0001057861,DHF,BNY MELLON HIGH YIELD STRATEGIES FUND,,,NEW YORK,NY,10286
0001175596,AXREF,AMARC RESOURCES LTD,1040,Gold and Silver Ores,VANCOUVER,,
0000793040,ECF,ELLSWORTH GROWTH & INCOME FUND LTD,0000,,MORRISTOWN,NJ,07960
0001816431,QSI,Quantum-Si Inc,3829,"Measuring & Controlling Devices, NEC",BRANFORD,CT,06405
0001726126,EPSN,Epsilon Energy Ltd.,1311,Crude Petroleum & Natural Gas,HOUSTON,TX,77002
0001016838,RDCM,RADCOM LTD,3577,"Computer Peripheral Equipment, NEC",TEL AVIV,,69719
0002020385,TAVI,Tavia Acquisition Corp.,6770,Blank Checks,NEWARK,DE,19711
0000055234,GAMG,"Global Asset Management Group, Inc.",7990,Services-Miscellaneous Amusement & Recreation,ROCKVILLE,MD,20852
0001840199,WALD,Waldencast plc,2844,"Perfumes, Cosmetics & Other Toilet Preparations",LONDON,X0,SW3 6
0002093667,MRUWY,"Maruwa Co., Ltd./ADR",,,AICHI,,488-0
0001593984,MDWD,MediWound Ltd.,2833,Medicinal Chemicals & Botanical Products,YAVNE,L3,81227
0001861657,CNTN,"Canton Strategic Holdings, Inc.",6199,Finance Services,NEW YORK,NY,10036
0001997403,ZENA,"ZenaTech, Inc.",7372,Services-Prepackaged Software,VANCOUVER,A1,V6Z 1
0001560672,EARN,Ellington Credit Co,6798,Real Estate Investment Trusts,OLD GREENWICH,CT,06870
0001801661,FIRY,Firy Inc.,7374,Services-Computer Processing & Data Preparation,LAS VEGAS,NV,89118
0001620737,OGI,ORGANIGRAM GLOBAL INC.,2834,Pharmaceutical Preparations,TORONTO,,M5H 1
0000005094,VBF,Invesco Bond Fund,,,ATLANTA,GA,30309
0000767405,SBFG,"SB FINANCIAL GROUP, INC.",6022,State Commercial Banks,DEFIANCE,OH,43512
0001857190,NYXH,Nyxoah SA,3841,Surgical & Medical Instruments & Apparatus,MONT-SAINT-GUIBERT,,1435
0001437479,ENBP,ENB Financial Corp,6021,National Commercial Banks,EPHRATA,PA,17522
0001514860,GCUMF,Gunnison Copper Corp.,,,PHOENIX,AZ,85018
0002054876,NMP,NMP Acquisition Corp.,6770,Blank Checks,GRAND CAYMAN,E9,KY1-9
0001816708,OWLT,"Owlet, Inc.",3829,"Measuring & Controlling Devices, NEC",LEHI,UT,84048
0002047148,CTW,CTW,7374,Services-Computer Processing & Data Preparation,TOKYO,,
0001649989,OTLK,"Outlook Therapeutics, Inc.",2836,"Biological Products, (No Diagnostic Substances)",ISELIN,NJ,08830
0001501103,EDF,Virtus Stone Harbor Emerging Markets Income Fund,,,GREENFIELD,MA,01301
0002137965,TCGX,TCGX Acquisition Corp.,6770,Blank Checks,GRAND CAYMAN,,94301
0001873923,ONL,Orion Properties Inc.,6798,Real Estate Investment Trusts,PHOENIX,AZ,85018
0001449794,EMYB,"Embassy Bancorp, Inc.",6022,State Commercial Banks,BETHLEHEM,PA,18017
0002025947,TGMPF,Tantalus Systems Holding Inc.,,,BURNABY,A1,V5G 0
0001074828,USBC,"USBC, Inc.",6199,Finance Services,RENO,NV,89501
0002023153,HTLM,HomesToLife Ltd,5712,Retail-Furniture Stores,SINGAPORE,U0,03959
0001790538,SCTSF,Scottie Resources Corp.,,,VANCOUVER,A1,V6C 1
0001954488,MENS,Jyong Biotech Ltd.,2834,Pharmaceutical Preparations,NEW TAIPEI CITY,,
0001625414,BZUN,Baozun Inc.,5961,Retail-Catalog & Mail-Order Houses,SHANGHAI,F4,20043
0001656081,DAVA,Endava plc,7371,Services-Computer Programming Services,LONDON,X0,EC2N 
0001532383,VNJA,VANJIA CORP,1531,Operative Builders,SUGAR LAND,TX,77479
0000921114,ARMP,"Armata Pharmaceuticals, Inc.",2836,"Biological Products, (No Diagnostic Substances)",LOS ANGELES,CA,90066
0002075816,EMIS,Emmis Acquisition Corp.,6770,Blank Checks,FORT LAUDERDALE,FL,33301
0000010329,BSET,BASSETT FURNITURE INDUSTRIES INC,2511,"Wood Household Furniture, (No Upholstered)",BASSETT,VA,24055
0000948320,LFMD,"LifeMD, Inc.",8011,Services-Offices & Clinics of  Doctors of  Medicine,NEW YORK,NY,10001
0002085177,QRED,QuasarEdge Acquisition Corp,6770,Blank Checks,NEW YORK,NY,10036
0002083452,SAGU,Shreya Acquisition Group,6770,Blank Checks,GRAND CAYMAN,,KY1-9
0001892704,FBDT,"First Breach, Inc.",3480,"Ordnance & Accessories, (No Vehicles/Guided Missiles)",BALTIMORE,MD,21208
0002104260,WENC,West Enclave Merger Corp.,6770,Blank Checks,CIUDAD DE MEXICO,,11540
0002043508,LKSP,Lake Superior Acquisition Corp,6770,Blank Checks,NEW YORK,NY,10175
0001041934,FOCL,EDAP TMS SA,3845,Electromedical & Electrotherapeutic Apparatus,69120 VAULX EN VELIN,I0,69120
0002091484,GLED,GalaxyEdge Acquisition Corp,6770,Blank Checks,NEW YORK,NY,10036
0000036840,FREVS,"FIRST REAL ESTATE INVESTMENT TRUST OF NEW JERSEY, INC.",6798,Real Estate Investment Trusts,HACKENSACK,NJ,07601
0002079106,LAFA,LaFayette Acquisition Corp.,6770,Blank Checks,PARIS,,75008
0000894315,SITC,SITE Centers Corp.,6798,Real Estate Investment Trusts,BEACHWOOD,OH,44122
0001598981,SKYX,SKYX Platforms Corp.,3640,Electric Lighting & Wiring Equipment,POMPANO BEACH,FL,33069
0002028735,SPEG,Silver Pegasus Acquisition Corp.,6770,Blank Checks,SANTA CLARA,CA,95054
0001745114,MOLN,MOLECULAR PARTNERS AG,2836,"Biological Products, (No Diagnostic Substances)",Schlieren-Zurich,V8,8952
0002099232,FMAC,Future Money Acquisition Corp,6770,Blank Checks,SAN FRANCISCO,CA,94107
0001228454,BCBP,BCB BANCORP INC,6035,"Savings Institution, Federally Chartered",BAYONNE,NJ,07002
0001637715,OKUR,"OnKure Therapeutics, Inc.",2834,Pharmaceutical Preparations,BOULDER,CO,80301
0000883265,VTN,Invesco Trust for Investment Grade New York Municipals,,,ATLANTA,GA,30309
0001600641,DIBS,"1stdibs.com, Inc.",5961,Retail-Catalog & Mail-Order Houses,NEW YORK,NY,10010
0001615063,INSE,"Inspired Entertainment, Inc.",7372,Services-Prepackaged Software,"NEW YORK,",NY,10107
0000779227,STLE,STEELE BANCORP INC,6022,State Commercial Banks,MIFFLINBURG,PA,17844
0002081536,WPAC,White Pearl Acquisition Corp.,6770,Blank Checks,NEW YORK,NY,10001
0001036262,INTT,INTEST CORP,3825,Instruments For Meas & Testing of  Electricity & Elec Signals,MT. LAUREL,NJ,08054
0001887944,SHIM,Shimmick Corp,1600,Heavy Construction Other Than Bldg Const - Contractors,IRVINE,CA,92618
0001744781,NIU,Niu Technologies,3711,Motor Vehicles & Passenger Car Bodies,BEIJING,,10001
0001832871,BMN,BlackRock 2037 Municipal Target Term Trust,,,WILMINGTON,DE,19809
0001958389,HYDTF,Hydreight Technologies Inc.,,,VANCOUVER,A1,V6G 2
0001786286,DPRO,Draganfly Inc.,3721,Aircraft,SASKATOON,A9,S7M 0
0001552198,WHF,"WhiteHorse Finance, Inc.",,,Miami,FL,33131
0001075880,KZIA,KAZIA THERAPEUTICS LTD,2834,Pharmaceutical Preparations,SYDNEY NSW,,2000
0001566610,TONX,TON Strategy Co,6199,Finance Services,LAS VEGAS,NV,89102
0001926314,OCAC,Ocean Capital Acquisition Corp,6770,Blank Checks,168-200 CONNAUGHT ROAD CENTRAL,K3,99907
0001858848,TNYA,"Tenaya Therapeutics, Inc.",2836,"Biological Products, (No Diagnostic Substances)",SOUTH SAN FRANCISCO,CA,94080
0001644540,SRGXF,Surge Copper Corp,,,VANCOUVER,A1,V7Y 1
0001583962,KTGDF,K2 Gold Corp,,,VANCOUVER,,
0001077688,HOFT,HOOKER FURNISHINGS Corp,2510,Household Furniture,MARTINSVILLE,VA,24115
0001328409,WRIV,WHITE RIVER BANCSHARES CO,,,FAYETTEVILLE,AR,72703
0002119322,DMRC,Digimarc Corp,7373,Services-Computer Integrated Systems Design,BEAVERTON,OR,97008
0001897463,TONT,Graf Global Corp.,6770,Blank Checks,THE WOODLANDS,TX,77380
0001059142,GHI,Greystone Housing Impact Investors LP,6199,Finance Services,OMAHA,NE,68154
0001811931,APGOF,Apollo Silver Corp,,,VANCOUVER,A1,V6E 2
0000830622,PIM,FRANKLIN MASTER INTERMEDIATE INCOME TRUST,,,BOSTON,MA,02110
0001971115,RYDE,Ryde Group Ltd,7389,"Services-Business Services, NEC",SINGAPORE,U0,18935
0002089536,CEPS,"Cantor Equity Partners VI, Inc.",6770,Blank Checks,NEW YORK,NY,10022
0001448431,OPRX,OptimizeRx Corp,7389,"Services-Business Services, NEC",WALTHAM,MA,02453
0000830487,MHF,WESTERN ASSET MUNICIPAL HIGH INCOME FUND INC.,,,NEW YORK,NY,10018
0001084765,RGP,"RESOURCES CONNECTION, INC.",7389,"Services-Business Services, NEC",DALLAS,TX,75248
0001480170,BEOB,BEO BANCORP,,,HEPPNER,OR,97836
0001679268,TUSK,"MAMMOTH ENERGY SERVICES, INC.",1389,"Oil & Gas Field Services, NEC",OKLAHOMA CITY,OK,73134
0001913577,SMNR,"Semnur Pharmaceuticals, Inc.",2834,Pharmaceutical Preparations,PALO ALTO,CA,94303
0002063816,INAC,Indigo Acquisition Corp.,6770,Blank Checks,MIAMI,FL,33133
0001438893,GNT,"GAMCO Natural Resources, Gold & Income Trust",,,RYE,NY,10580
0001857853,COOK,"Traeger, Inc.",3630,Household Appliances,SALT LAKE CITY,UT,84101
0000031107,EML,EASTERN CO,3420,"Cutlery, Handtools & General Hardware",SHELTON,CT,06484
0001632127,CABO,"Cable One, Inc.",4841,Cable & Other Pay Television Services,PHOENIX,AZ,85012
0000704440,KRMD,"KORU Medical Systems, Inc.",3841,Surgical & Medical Instruments & Apparatus,MAHWAH,NJ,07430
0002075336,YCY,AA Mission Acquisition Corp. II,6770,Blank Checks,THE WOODLANDS,TX,77380
0001657642,SLBK,"Skyline Bankshares, Inc.",6022,State Commercial Banks,FLOYD,VA,24091
0001259429,OXSQ,Oxford Square Capital Corp.,,,GREENWICH,CT,06830
0001574085,BHR,Braemar Hotels & Resorts Inc.,6798,Real Estate Investment Trusts,DALLAS,TX,75254
0001766140,UNCY,"Unicycive Therapeutics, Inc.",2834,Pharmaceutical Preparations,MOUNTAIN VIEW,CA,94040
0001719406,NRXP,"NRX Pharmaceuticals, Inc.",2834,Pharmaceutical Preparations,WILMINGTON,DE,19801
0000315374,HURC,HURCO COMPANIES INC,3823,"Industrial Instruments For Measurement, Display, and Control",INDIANAPOLIS,IN,46268
0002027815,BMHL,Bluemount Holdings Ltd,6199,Finance Services,WANCHAI,,0000
0001294133,INGN,Inogen Inc,3842,"Orthopedic, Prosthetic & Surgical Appliances & Supplies",BEVERLY,MA,01915
0001998768,PAL,"Proficient Auto Logistics, Inc",4700,Transportation Services,JACKSONVILLE,FL,32210
0001472326,GRO,Brazil Potash Corp.,1400,Mining & Quarrying of  Nonmetallic Minerals (No Fuels),TORONTO,A6,M2R 1
0001777393,CHPT,"ChargePoint Holdings, Inc.",3690,"Miscellaneous Electrical Machinery, Equipment & Supplies",CAMPBELL,CA,95008
0001503274,QTRX,Quanterix Corp,3826,Laboratory Analytical Instruments,BILLERICA,MA,01821
0001683553,SPRB,"SPRUCE BIOSCIENCES, INC.",2834,Pharmaceutical Preparations,SOUTH SAN FRANCISCO,CA,94080
0001843714,ZPTA,"Zapata Quantum, Inc.",7372,Services-Prepackaged Software,BOSTON,MA,02109
0002007846,JLHL,Julong Holding Ltd,8711,Services-Engineering Services,BEIJING,F4,10230
0000924719,SMID,SMITH MIDLAND CORP,3272,"Concrete Products, Except Block & Brick",MIDLAND,VA,22728
0000904112,MSD,MORGAN STANLEY EMERGING MARKETS DEBT FUND INC,,,NEW YORK,NY,10036
0002085485,TRAD,APEX Tech Acquisition Inc.,6770,Blank Checks,HOUSTON,TX,77079
0002093524,APUR,Aperture AC,6770,Blank Checks,ALHAMBRA,CA,91801
0001794783,SLQT,"SelectQuote, Inc.",6411,"Insurance Agents, Brokers & Service",OVERLAND PARK,KS,66211
0002125551,ALPX,Alpex Acquisition Corp,6770,Blank Checks,WILMINGTON,DE,19801
0001835268,CNTB,Connect Biopharma Holdings Ltd,2834,Pharmaceutical Preparations,SAN DIEGO,CA,92130
0001723069,TLSA,Tiziana Life Sciences Ltd,2834,Pharmaceutical Preparations,"LONDON, ENGLAND",X0,SW1Y 
0001951276,SRBK,"SR Bancorp, Inc.",6036,"Savings Institutions, Not Federally Chartered",BOUND BROOK,NJ,08805
0001845437,NPWR,Net Power Inc.,3620,Electrical Industrial Apparatus,HOUSTON,TX,77079
0001853889,KGFMF,Kingfisher Metals Corp.,,,VANCOUVER,A1,V6C 3
0001803914,PLBY,"Playboy, Inc.",5900,Retail-Miscellaneous Retail,LOS ANGELES,CA,90024
0000868578,PFD,FLAHERTY & CRUMRINE PREFERRED & INCOME FUND INC,,,PASADENA,CA,91101
0000050471,TRAK,"ReposiTrak, Inc.",7374,Services-Computer Processing & Data Preparation,MURRAY,UT,84107
0002116230,NCO,Southern Cross Acquisition I Corp.,6770,Blank Checks,NEW YORK,NY,10018
0001114936,UMEW,UMeWorld Inc.,7372,Services-Prepackaged Software,CAUSEWAY BAY,,00000
0002080087,MYX,Maywood Acquisition Corp. 2,6770,Blank Checks,LAS VEGAS,NV,89101
0001858724,FLX,BingEx Ltd,4210,Trucking & Courier Services (No Air),BEIJING,F4,10019
0002088103,XFLH,XFLH Capital Corp,6770,Blank Checks,DOVER,DE,19901
0000104894,ELME,Elme Communities,6798,Real Estate Investment Trusts,BETHESDA,MD,20814
0001532286,NINE,"Nine Energy Service, Inc.",1389,"Oil & Gas Field Services, NEC",HOUSTON,TX,77019
0001473490,GLAI,"Global AI, Inc.",5960,Retail-Nonstore Retailers,JUPITER,FL,33477
0001815776,LENZ,"LENZ Therapeutics, Inc.",2836,"Biological Products, (No Diagnostic Substances)",SOLANA BEACH,CA,92075
0001289340,STXS,"Stereotaxis, Inc.",3845,Electromedical & Electrotherapeutic Apparatus,ST.LOUIS,MO,63101
0000740806,FMBM,F&M BANK CORP,6022,State Commercial Banks,TIMBERVILLE,VA,22853
0001746466,EQ,"Equillium, Inc.",2834,Pharmaceutical Preparations,LA JOLLA,CA,92037
0000891038,MPA,BLACKROCK MUNIYIELD PENNSYLVANIA QUALITY FUND,0000,,WILMINGTON,DE,19809
0001287098,MXCT,"MAXCYTE, INC.",8731,Services-Commercial Physical & Biological Research,ROCKVILLE,MD,20850
0001404353,WPGCF,West Point Gold Corp.,,,VANCOUVER,,V6E 2
0002019793,SAFX,"XCF Global, Inc.",2860,Industrial Organic Chemicals,HOUSTON,TX,77056
0001808997,AOUT,"American Outdoor Brands, Inc.",3949,"Sporting & Athletic Goods, NEC",COLUMBIA,MO,65202
0000897802,SPE,"SPECIAL OPPORTUNITIES FUND, INC.",,,CINCINNATI,OH,45246
0000034067,BOOM,DMC Global Inc.,3390,Miscellaneous Primary Metal Products,BROOMFIELD,CO,80021
0001384831,SNNGF,PPX Mining Corp.,,,TORONTO,A6,M5C 1
0001007587,KVHI,KVH INDUSTRIES INC \DE\,4899,"Communications Services, NEC",BRISTOL,RI,
0001337090,SPAUF,SPANISH MOUNTAIN GOLD LTD.,,,VANCOUVER,A1,V6E 2
0000009521,BCV,BANCROFT FUND LTD,,,MORRISTOWN,NJ,07960
0002065661,PLUN,Plutonian Acquisition Corp. II,6770,Blank Checks,NEW YORK,NY,10001
0001498382,HURA,"TuHURA Biosciences, Inc./NV",2834,Pharmaceutical Preparations,TAMPA,FL,33612
0001922097,LANV,Lanvin Group Holdings Ltd,2300,Apparel & Other Finishd Prods of  Fabrics & Similar Matl,SHANGHAI,,
0002097288,BHAV,BHAV Acquisition Corp,6770,Blank Checks,GRAND CAYMAN,,KY1-1
0001828377,FTCO,Fortitude Gold Corp,1040,Gold and Silver Ores,COLORADO SPRINGS,CO,80903
0001642380,IMDX,Insight Molecular Diagnostics Inc.,2835,In Vitro & In Vivo Diagnostic Substances,NASHVILLE,TN,37217
0001649744,DLTH,DULUTH HOLDINGS INC.,5600,Retail-Apparel & Accessory Stores,MOUNT HOREB,WI,53572
0001578453,DLNG,Dynagas LNG Partners LP,4400,Water Transportation,ATHENS,,
0000105319,WW,"WW INTERNATIONAL, INC.",7200,Services-Personal Services,NEW YORK,NY,10011
0002091712,RFAM,RF Acquisition Corp III,6770,Blank Checks,SINGAPORE,,23816
0002098669,UAC,United Acquisition Corp. I,6770,Blank Checks,BOCA RATON,FL,33433
0002037400,CAAS,"China Automotive Systems, Inc.",3714,Motor Vehicle Parts & Accessories,"WUHAN CITY, HUBEI",,43007
0000913277,CLAR,Clarus Corp,3949,"Sporting & Athletic Goods, NEC",SALT LAKE CITY,UT,84124
0001504234,BGX,Blackstone Long-Short Credit Income Fund,,,NEW YORK,NY,10154
0000738214,AMTX,"AEMETIS, INC",2860,Industrial Organic Chemicals,CUPERTINO,CA,95014
0001987363,WTF,Waton Financial Ltd,6200,"Security & Commodity Brokers, Dealers, Exchanges & Services",HONG KONG,K3,NONE
0002083143,SCPQ,Social Commerce Partners Corp,6770,Blank Checks,GEORGE TOWN,,KY1-1
0001649096,CLPR,Clipper Realty Inc.,6798,Real Estate Investment Trusts,BROOKLYN,NY,11219
0001866757,BRLT,"Brilliant Earth Group, Inc.",3910,"Jewelry, Silverware & Plated Ware",SAN FRANCISCO,CA,94108
0000095953,ACNT,ASCENT INDUSTRIES CO.,2800,Chemicals & Allied Products,SCHAUMBURG,IL,60173
0000894556,CITR,CitroTech Inc.,2800,Chemicals & Allied Products,GREENWOOD VILLAGE,CO,80111
0001310488,BFNH,"BIOFORCE NANOSCIENCES HOLDINGS, INC.",3826,Laboratory Analytical Instruments,VIRGINIA BEACH,VA,23454
0002059653,LSBK,"Lake Shore Bancorp, Inc. /MD/",6035,"Savings Institution, Federally Chartered",DUNKIRK,NY,14048
0001753368,SANG,Sangoma Technologies Corp,7370,"Services-Computer Programming, Data Processing, Etc.",MARKHAM,A6,L3R 9
0001497186,HYI,Western Asset High Yield Opportunity Fund Inc.,,,NEW YORK,NY,10010
0002073153,HYNE,"Hoyne Bancorp, Inc.",6036,"Savings Institutions, Not Federally Chartered",OAK PARK,IL,60304
0001762417,DOYU,DouYu International Holdings Ltd,7370,"Services-Computer Programming, Data Processing, Etc.","WUHAN CITY, HUBEI PROVINCE",,43007
0002023730,HDRN,"Hadron Energy, Inc.",4911,Electric Services,REDWOOD CITY,CA,94065
0001001500,LMRXF,LARAMIDE RESOURCES LTD,,,TORONTO,A6,M5X 1
0001836754,LGCY,Legacy Education Inc.,8200,Services-Educational Services,TEMECULA,CA,92592
0001555980,FPRGF,Falco Resources Ltd.,,,VANCOUVER,A1,V6C 3
0001774857,AARD,"Aardvark Therapeutics, Inc.",2834,Pharmaceutical Preparations,SAN DIEGO,CA,92122
0002081690,VECA,Vernal Capital Acquisition Corp.,6770,Blank Checks,SINGAPORE,,04861
0001692427,NCSM,"NCS Multistage Holdings, Inc.",1389,"Oil & Gas Field Services, NEC",HOUSTON,TX,77070
0001868640,RDZN,Roadzen Inc.,6411,"Insurance Agents, Brokers & Service",BURLINGAME,CA,94010
0000887396,EP,EMPIRE PETROLEUM CORP,1311,Crude Petroleum & Natural Gas,TULSA,OK,74114
0002100704,EWAV,East West Ave Acquisition Corp.,6770,Blank Checks,LAS VEGAS,NV,89118
0001460329,FLNT,"Fluent, Inc.",7310,Services-Advertising,NEW YORK,NY,10282
0001374339,PMN,ProMIS Neurosciences Inc.,2834,Pharmaceutical Preparations,TORONTO,A6,M4S 3
0001705843,CBUS,"Cibus, Inc.",2870,Agricultural Chemicals,SAN DIEGO,CA,92121
0001055726,INO,"INOVIO PHARMACEUTICALS, INC.",2834,Pharmaceutical Preparations,PLYMOUTH MEETING,PA,19462
0000719135,APYX,Apyx Medical Corp,3841,Surgical & Medical Instruments & Apparatus,CLEARWATER,FL,33760
0000910329,MED,MEDIFAST INC,2090,Miscellaneous Food Preparations & Kindred Products,BALTIMORE,MD,21224
0001947244,USGO,U.S. GoldMining Inc.,1040,Gold and Silver Ores,"VANCOUVER, BC",A1,V6E 4
0001408443,MIST,Milestone Pharmaceuticals Inc.,2834,Pharmaceutical Preparations,MONTREAL,A8,H4M 2
0001641489,VTVT,vTv Therapeutics Inc.,2834,Pharmaceutical Preparations,HIGH POINT,NC,27265
0001681348,VIVO,VivoPower PLC,4931,Electric & Other Services Combined,LONDON,,SW1H 
0001285650,CGO,CALAMOS GLOBAL TOTAL RETURN FUND,,,NAPERVILLE,IL,60563
0001867102,EVTL,Vertical Aerospace Ltd.,3721,Aircraft,BRISTOL,X0,BS2 0
0001836775,TNYZF,Tiny Ltd.,,,VANCOUVER,,V6B 0
0002001557,INV,"Innventure, Inc.",6770,Blank Checks,ORLANDO,FL,32827
0000759866,JHS,JOHN HANCOCK INCOME SECURITIES TRUST,,,BOSTON,MA,02116
0002116105,FWAC,Futurewave Acquisition Corp,6770,Blank Checks,NEW YORK,NY,10036
0002121703,FXAC,FortuneX Acquisition Corp,6770,Blank Checks,NEW YORK,NY,10036
0000779336,IAF,"ABRDN AUSTRALIA EQUITY FUND, INC.",,,PHILADELPHIA,PA,19103
0001266806,VANI,"Vivani Medical, Inc.",3845,Electromedical & Electrotherapeutic Apparatus,ALAMEDA,CA,94502
0001731388,EDRY,EuroDry Ltd.,4400,Water Transportation,MAROUSSI,J3,151 2
0001437213,CCNB,"Coastal Carolina Bancshares, Inc.",6021,National Commercial Banks,MYRTLE BEACH,SC,29577
0002028355,IPEX,Inflection Point Acquisition Corp. V,6770,Blank Checks,CAYMAN ISLANDS,,
0001290900,CVGI,"Commercial Vehicle Group, Inc.",3714,Motor Vehicle Parts & Accessories,NEW ALBANY,OH,43054
0001006655,EPM,EVOLUTION PETROLEUM CORP,1311,Crude Petroleum & Natural Gas,HOUSTON,TX,77079
0001636422,HCAT,"Health Catalyst, Inc.",7370,"Services-Computer Programming, Data Processing, Etc.",SOUTH JORDAN,UT,84095
0001337068,MGYR,"Magyar Bancorp, Inc.",6035,"Savings Institution, Federally Chartered",NEW BRUNSWICK,NJ,08901
0001864597,AURFF,Tincorp Metals Inc.,,,VANCOUVER,A1,V6E 3
0001945415,HUHU,HUHUTECH International Group Inc.,3360,Nonferrous Foundries (Castings),"WUXI, JIANGSU",,21413
0001526475,NICM,NICOLA MINING INC.,1000,Metal Mining,VANCOUVER,,V6E 2
0001000230,OCC,OPTICAL CABLE CORP,3357,Drawing & Insulating of  Nonferrous Wire,ROANOKE,VA,24019
0000006207,AXR,AMREP CORP.,6552,Land Subdividers & Developers (No Cemeteries),HAVERTOWN,PA,19083
0001870833,RMMZ,"RiverNorth Managed Duration Municipal Income Fund II, Inc.",,,WEST PALM BEACH,FL,33401
0001275101,BOTJ,BANK OF THE JAMES FINANCIAL GROUP INC,6022,State Commercial Banks,LYNCHBURG,VA,24505
0001305767,PHD,"Pioneer Floating Rate Fund, Inc.",,,BOSTON,MA,02109
0001504379,CSTE,Caesarstone Ltd.,3281,Cut Stone & Stone Products,MP Menashe,,
0001231457,GNLX,GENELUX Corp,2834,Pharmaceutical Preparations,WESTLAKE VILLAGE,CA,91361
0001541119,SFBC,"Sound Financial Bancorp, Inc.",6035,"Savings Institution, Federally Chartered",SEATTLE,WA,98121
0001098146,PNBK,PATRIOT NATIONAL BANCORP INC,6021,National Commercial Banks,STAMFORD,CT,06901
0001771910,ADCT,ADC Therapeutics SA,2834,Pharmaceutical Preparations,EPALINGES,V8,1066
0000715446,ANIX,Anixa Biosciences Inc,2834,Pharmaceutical Preparations,SAN JOSE,CA,95118
0001930021,HOVR,New Horizon Aircraft Ltd.,3721,Aircraft,LINDSAY,A6,K9V 4
0001468327,RENT,"Rent the Runway, Inc.",5990,"Retail-Retail Stores, NEC",BROOKLYN,NY,11201
0001743102,JFIN,Jiayin Group Inc.,6199,Finance Services,SHANGHAI,,20012
0001921582,LGCXF,Lahontan Gold Corp.,,,VANCOUVER,,V6B 1
0001701541,BDTX,"Black Diamond Therapeutics, Inc.",2836,"Biological Products, (No Diagnostic Substances)",CAMBRIDGE,MA,02142
0000072444,VXRT,"Vaxart, Inc.",2836,"Biological Products, (No Diagnostic Substances)",SOUTH SAN FRANCISCO,CA,
0001856725,RANI,"Rani Therapeutics Holdings, Inc.",2834,Pharmaceutical Preparations,SAN JOSE,CA,95131
0000740664,RFIL,R F INDUSTRIES LTD,3678,Electronic Connectors,SAN DIEGO,CA,92127
0001787414,BSBK,Bogota Financial Corp.,6036,"Savings Institutions, Not Federally Chartered",TEANECK,NJ,07666
0000773717,ACRG,"American Clean Resources Group, Inc.",1400,Mining & Quarrying of  Nonmetallic Minerals (No Fuels),LAKEWOOD,CO,80228
0002024459,CHAR,Charlton Aria Acquisition Corp,6770,Blank Checks,MONTEREY,CA,93940
0001478102,DMO,Western Asset Mortgage Opportunity Fund Inc.,,,NEW YORK,NY,10017
0001514597,FURY,FURY GOLD MINES LTD,1040,Gold and Silver Ores,TORONTO,A6,M5H 2
0001509745,CYPH,CYPHERPUNK TECHNOLOGIES INC.,2834,Pharmaceutical Preparations,CAMBRIDGE,MA,02142
0001325702,MX,MAGNACHIP SEMICONDUCTOR Corp,3674,Semiconductors & Related Devices,CHEONGJU-SI,,
0001662684,KULR,"KULR Technology Group, Inc.",3670,Electronic Components & Accessories,WEBSTER,TX,77598
0000875657,ULBI,ULTRALIFE CORP,3690,"Miscellaneous Electrical Machinery, Equipment & Supplies",NEWARK,NY,14513
0000706863,UNB,UNION BANKSHARES INC,6022,State Commercial Banks,MORRISVILLE,VT,05661
0001289868,MCN,XAI Madison Equity Premium Income Fund,,,CHICAGO,IL,60654
0001980845,ENGN,enGene Therapeutics Inc.,2836,"Biological Products, (No Diagnostic Substances)",SAINT-LAURENT,,
0002046656,HCHL,Happy City Holdings Ltd,5812,Retail-Eating  Places,"KWAI CHUNG, HONG KONG",K3,00000
0001805526,DFDV,DeFi Development Corp.,6199,Finance Services,BOCA RATON,FL,33487
0002030829,PGAC,PANTAGES CAPITAL ACQUISITION Corp,6770,Blank Checks,WILMINGTON,DE,19801
0001865107,AKA,A.K.A. BRANDS HOLDING CORP.,5961,Retail-Catalog & Mail-Order Houses,SAN FRANCISCO,CA,94104
0001612630,JYNT,JOINT Corp,6794,Patent Owners & Lessors,SCOTTSDALE,AZ,85260
0002070900,QUMS,Quantumsphere Acquisition Corp,6770,Blank Checks,NEW YORK,NY,10036
0001340476,DRTTF,DIRTT ENVIRONMENTAL SOLUTIONS LTD,7372,Services-Prepackaged Software,CALGARY ALBERTA T2C 1N6 CAN,,
0001979414,NTHI,"NEONC TECHNOLOGIES HOLDINGS, INC.",2834,Pharmaceutical Preparations,CALABASAS,CA,91302
0002098707,BRKH,Burtech Acquisition Corp II,6770,Blank Checks,CORAL GABLES,FL,33156
0001845123,ANNA,"AleAnna, Inc.",1311,Crude Petroleum & Natural Gas,DALLAS,TX,75201
0001941506,ZJK,"ZJK Industrial Co., Ltd.",3452,"Bolts, Nuts, Screws, Rivets & Washers",SHENZHEN,,51812
0000737875,FKYS,FIRST KEYSTONE CORP,6022,State Commercial Banks,BERWICK,PA,18603
0001087294,CPIX,CUMBERLAND PHARMACEUTICALS INC,2834,Pharmaceutical Preparations,"NASHVILLE,",TN,37203
0002047235,WSBK,"Winchester Bancorp, Inc./MD/",6036,"Savings Institutions, Not Federally Chartered",WINCHESTER,MA,01890
0001446159,AGPU,Axe Compute Inc.,6199,Finance Services,PITTSBURGH,PA,15201
0001898496,GETY,"Getty Images Holdings, Inc.",7389,"Services-Business Services, NEC",SEATTLE,WA,98104
0001953366,STHO,Star Holdings,6519,"Lessors of  Real Property, NEC",NEW YORK,NY,10119
0001438461,ELRE,Yinfu Gold Corp.,1090,Miscellaneous Metal Ores,SHENZHEN,F4,51800
0001808805,NAUT,"Nautilus Biotechnology, Inc.",3826,Laboratory Analytical Instruments,SEATTLE,WA,98102
0001872061,VLTLF,Volt Lithium Corp.,,,CALGARY,A0,T2P 0
0001288855,OPHC,"OptimumBank Holdings, Inc.",6021,National Commercial Banks,FORT LAUDERDALE,FL,33308
0001524025,TLYS,"TILLY'S, INC.",5600,Retail-Apparel & Accessory Stores,IRVINE,CA,92618
0000890119,NIM,NUVEEN SELECT MATURITIES MUNICIPAL FUND,,,CHICAGO,IL,60606
0001792267,BNR,Burning Rock Biotech Ltd,8071,Services-Medical Laboratories,"GUANGZHOU, GUANGDONG",,51000
0002000756,KWM,K Wave Media Ltd.,7819,Services-Allied To Motion Picture Production,GRAND CAYMAN,,
0001726445,SEER,"Seer, Inc.",3826,Laboratory Analytical Instruments,REDWOOD CITY,CA,94065
0001874252,QUCY,Quantum Cyber N.V.,2834,Pharmaceutical Preparations,MAINZ,,
0001482541,BNC,CEA Industries Inc.,0700,Agricultural Services,LOUISVILLE,CO,80027
0002079720,BUDA,"BUDA JUICE, INC.",2080,Beverages,DALLAS,TX,75247
0000811211,UNIB,UNIVERSITY BANCORP INC /DE/,6022,State Commercial Banks,ANN ARBOR,MI,48105
0001334325,CODA,"Coda Octopus Group, Inc.",3812,"Search, Detection, Navigation, Guidance, Aeronautical Sys",ORLANDO,FL,32835
0000075398,PAI,Western Asset Investment Grade Income Fund Inc.,,,NEW YORK,MD,10018
0000877019,GGOXF,Galleon Gold Corp.,1400,Mining & Quarrying of  Nonmetallic Minerals (No Fuels),TORONTO,A6,M5J 2
0002030482,PLMK,"Plum Acquisition Corp, IV",4911,Electric Services,SAN FRANCISCO,CA,94115
0001610853,HSDT,Solana Co,6199,Finance Services,PHILADELPHIA,PA,19103
0001163389,NWPP,NEW PEOPLES BANKSHARES INC,6022,State Commercial Banks,HONAKER,VA,24260
0001010470,PROV,PROVIDENT FINANCIAL HOLDINGS INC,6035,"Savings Institution, Federally Chartered",RIVERSIDE,CA,92506
0001835022,COYA,"Coya Therapeutics, Inc.",2834,Pharmaceutical Preparations,HOUSTON,TX,77024
0001500435,GPRO,"GoPro, Inc.",3861,Photographic Equipment & Supplies,SAN MATEO,CA,94402
0001481028,HYSR,"SUNHYDROGEN, INC.",3674,Semiconductors & Related Devices,CORALVILLE,IA,52241
0001582982,CCLD,"CareCloud, Inc.",7372,Services-Prepackaged Software,SOMERSET,NJ,08873
0001946573,NAKA,Nakamoto Inc.,6199,Finance Services,NASHVILLE,TN,37203
0001724755,GHG,GreenTree Hospitality Group Ltd.,7011,Hotels & Motels,SHANGHAI,,20008
0001937891,AMCI,AMC Robotics Corp,5700,"Retail-Home Furniture, Furnishings & Equipment Stores",NEW YORK,NY,10170
0000798081,LAKE,LAKELAND INDUSTRIES INC,3842,"Orthopedic, Prosthetic & Surgical Appliances & Supplies",HUNTSVILLE,AL,35806
0001967621,ATGL,Alpha Technology Group Ltd,7371,Services-Computer Programming Services,HONG KONG,,
0001463000,GRUSF,Grown Rogue International Inc.,0100,Agricultural Production-Crops,MEDFORD,OR,97504
0001571776,CHMI,Cherry Hill Mortgage Investment Corp,6798,Real Estate Investment Trusts,TINTON FALLS,NJ,07753
0002112446,JATT,JATT II Acquisition Corp.,6770,Blank Checks,GEORGE TOWN,,KY1-1
0001838163,BNAI,Brand Engagement Network Inc.,7373,Services-Computer Integrated Systems Design,WILMINGTON,DE,19801
0001390352,ORRCF,OROCO RESOURCE CORP,,,VANCOUVER BC,A1,V6E 3
0000909494,TCX,TUCOWS INC /PA/,7374,Services-Computer Processing & Data Preparation,TORONTO,A6,M6K 3
0001572616,GUTS,"FRACTYL HEALTH, INC.",3841,Surgical & Medical Instruments & Apparatus,BURLINGTON,MA,01803
0001006837,VATE,INNOVATE Corp.,3440,Fabricated Structural Metal Products,NEW YORK,NY,10017
0001925511,NZAUF,Rua Gold Inc.,,,VANCOUVER,A1,V6E 4
0000793306,BDCO,BLUE DOLPHIN ENERGY CO,1311,Crude Petroleum & Natural Gas,HOUSTON,TX,77002
0001847874,BEEP,Mobile Infrastructure Corp,6500,Real Estate,CINCINNATI,OH,45202
0001001171,BYFC,BROADWAY FINANCIAL CORP \DE\,6035,"Savings Institution, Federally Chartered",LOS ANGELES,CA,90036
0002047455,QSEA,Quartzsea Acquisition Corp,6770,Blank Checks,NEW YORK,NY,10036
0000882300,SBI,WESTERN ASSET INTERMEDIATE MUNI FUND INC.,,,NEW YORK,NY,10018
0001982518,SDHC,Smith Douglas Homes Corp.,1531,Operative Builders,WOODSTOCK,GA,30188
0001556727,FNWB,First Northwest Bancorp,6036,"Savings Institutions, Not Federally Chartered",PORT ANGELES,WA,98362
0002137777,RACD,Research Alliance Corp IV,6770,Blank Checks,NEW YORK,NY,10020
0002075320,PLYX,"Polaryx Therapeutics, Inc.",2834,Pharmaceutical Preparations,PARAMUS,NJ,07652
0001770501,VENU,Venu Holding Corp,7900,Services-Amusement & Recreation Services,COLORADO SPRINGS,CO,80920
0001703292,ALGRF,KENADYR METALS CORP,,,VANCOUVER,,
0001779578,BGM,BGM Group Ltd.,2834,Pharmaceutical Preparations,CHENGDU,,0000
0001120370,BWEN,"BROADWIND, INC.",3360,Nonferrous Foundries (Castings),CICERO,IL,60804
0001819258,FTZFF,Fitzroy Minerals Inc.,,,VANCOUVER,,V6E 3
0001956648,NOEM,CO2 Energy Transition Corp.,6770,Blank Checks,HOUSTON,TX,77043
0001604868,GRWG,GrowGeneration Corp.,5200,"Retail-Building Materials, Hardware, Garden Supply",GREENWOOD VILLAGE,CO,80111
0000770460,PFBX,PEOPLES FINANCIAL CORP /MS/,6022,State Commercial Banks,BILOXI,MS,39530
0001043186,SLNG,"Stabilis Solutions, Inc.",4924,Natural Gas Distribution,HOUSTON,TX,77079
0000318833,TISI,TEAM INC,7600,Services-Miscellaneous Repair Services,SUGAR LAND,TX,77478
0002122392,PLCI,Pelican Acquisition II Corp,6770,Blank Checks,NEW YORK,NY,10036
0002024460,CHPG,ChampionsGate Acquisition Corp,6770,Blank Checks,MONTEREY,CA,93940
0002011208,SPAI,Safe Pro Group Inc.,3842,"Orthopedic, Prosthetic & Surgical Appliances & Supplies",AVENTURA,FL,33160
0001997711,LPA,Logistic Properties of the Americas,6500,Real Estate,GRAND CAYMAN,,KY1-1
0000868822,CRCUF,Canagold Resources Ltd.,1040,Gold and Silver Ores,VANCOUVER,A1,V6C 2
0001413119,KBLB,"Kraig Biocraft Laboratories, Inc.",2820,"Plastic Material, Synth Resin/Rubber, Cellulos (No Glass)",ANN ARBOR,MI,48104
0001332551,ACR,ACRES Commercial Realty Corp.,6798,Real Estate Investment Trusts,UNIONDALE,NY,11556
0001854139,ZVIA,Zevia PBC,2086,Bottled & Canned Soft Drinks & Carbonated Waters,ENCINO,CA,91436
0002112457,AMAN,Amanat Acquisition Corp.,6770,Blank Checks,GEORGE TOWN,,KY1-1
0000055529,KEQU,KEWAUNEE SCIENTIFIC CORP /DE/,3821,Laboratory Apparatus & Furniture,STATESVILLE,NC,28677
0002012706,SUNS,"Sunrise Realty Trust, Inc.",6798,Real Estate Investment Trusts,WEST PALM BEACH,FL,33401
0001609065,PBHC,"Pathfinder Bancorp, Inc.",6022,State Commercial Banks,OSWEGO,NY,13126
0001518461,AMPG,"AmpliTech Group, Inc.",3669,"Communications Equipment, NEC",HAUPPAUGE,NY,11788
0001499832,TSQ,"Townsquare Media, Inc.",4832,Radio Broadcasting Stations,PURCHASE,NY,10577
0001611842,PYPD,PolyPid Ltd.,3841,Surgical & Medical Instruments & Apparatus,PETACH TIKVA,L3,49593
0002069604,PARK,"Park Dental Partners, Inc.",8090,"Services-Misc Health & Allied Services, NEC",ROSEVILLE,MN,55113
0001966233,NIPG,NIP Group Inc.,7990,Services-Miscellaneous Amusement & Recreation,STOCKHOLM,V7,118 6
0001041368,RVSB,RIVERVIEW BANCORP INC,6035,"Savings Institution, Federally Chartered",VANCOUVER,WA,98660
0002034723,YDDL,One & one Green Technologies. INC,5090,Wholesale-Misc Durable Goods,BULACAN,,
0001727254,AWLRF,Awale Resources Ltd,,,VANCOUVER,,V6E 4
0001320350,LNSR,"LENSAR, Inc.",3841,Surgical & Medical Instruments & Apparatus,ORLANDO,FL,32826
0001129928,ONCY,ONCOLYTICS BIOTECH INC,2834,Pharmaceutical Preparations,SAN DIEGO,CA,92121
0001834032,CSTAF,Constellation Acquisition Corp I,6770,Blank Checks,NEW YORK,NY,10104
0001903382,BHM,"Bluerock Homes Trust, Inc.",6798,Real Estate Investment Trusts,NEW YORK,NY,10105
0001614806,RPT,Rithm Property Trust Inc.,6798,Real Estate Investment Trusts,NEW YORK,NY,10022
0001919246,PTHS,Pelthos Therapeutics Inc.,2836,"Biological Products, (No Diagnostic Substances)",DURHAM,NC,27703
0001288770,XTGRF,XTRA-GOLD RESOURCES CORP,1000,Metal Mining,NASSAU,C5,00000
0000075252,ACH,ACCENDRA HEALTH INC/VA/,5047,"Wholesale-Medical, Dental & Hospital Equipment & Supplies",GLEN ALLEN,VA,
0001839140,RVRC,Revium Rx.,2834,Pharmaceutical Preparations,NEW YORK,NY,10151
0001566044,YARW,"Yarrow Bioscience, Inc.",2834,Pharmaceutical Preparations,NEW HAVEN,CT,06513
0001006830,CBKM,CONSUMERS BANCORP INC /OH/,6021,National Commercial Banks,MINERVA,OH,44657
0001482554,HFUS,"Hartford Creative Group, Inc.",7374,Services-Computer Processing & Data Preparation,ROSEMEAD,CA,91770
0001884046,SPKL,Spark I Acquisition Corp,3690,"Miscellaneous Electrical Machinery, Equipment & Supplies",PALO ALTO,CA,94306
0000810943,PCF,HIGH INCOME SECURITIES FUND,0000,,CINCINNATI,OH,45246
0001859795,NVX,NOVONIX Ltd,3690,"Miscellaneous Electrical Machinery, Equipment & Supplies",BRISBANE,,
0000883975,MBOT,Microbot Medical Inc.,3841,Surgical & Medical Instruments & Apparatus,HINGHAM,MA,02043
0001514490,RGT,"ROYCE GLOBAL TRUST, INC.",,,NEW YORK,NY,10010
0001932770,HERE,Here Group Ltd,5945,"Retail-Hobby, Toy & Game Shops",HONG KONG,,
0001127537,LUNG,Pulmonx Corp,3841,Surgical & Medical Instruments & Apparatus,REDWOOD CITY,CA,94063
0001756390,AAWH,"Ascend Wellness Holdings, Inc.",2833,Medicinal Chemicals & Botanical Products,ROCHELLE PARK,NJ,07662
0001680873,HFFG,HF Foods Group Inc.,5140,Wholesale-Groceries & Related Products,LAS VEGAS,NV,89118
0000898171,UWHR,UWHARRIE CAPITAL CORP,6022,State Commercial Banks,ALBEMARLE,NC,28001
0001840439,BMEA,"Biomea Fusion, Inc.",2834,Pharmaceutical Preparations,SAN CARLOS,CA,94070
0000084112,RSKIA,"GEORGE RISK INDUSTRIES, INC.",3669,"Communications Equipment, NEC",KIMBALL,NE,69145
0002012807,RFAI,RF Acquisition Corp II,6770,Blank Checks,SINGAPORE,,
0001790169,ZSTK,ZeroStack Corp.,5122,"Wholesale-Drugs, Proprietaries & Druggists' Sundries",DALLAS,TX,75204
0001984124,LUD,Luda Technology Group Ltd,3317,Steel Pipe & Tubes,WANCHAI,,
0001746967,RMI,"RiverNorth Opportunistic Municipal Income Fund, Inc.",,,WEST PALM BEACH,FL,33401
0001490349,PFX,PhenixFIN Corp,,,NEW YORK,NY,10022
0001537435,TGEN,TECOGEN INC.,3585,Air-Cond & Warm Air Heatg Equip & Comm & Indl Refrig Equip,NORTH BILLERICA,MA,01862
0001713863,RFL,"Rafael Holdings, Inc.",2834,Pharmaceutical Preparations,NEWARK,NJ,07120
0001835654,INVZ,Innoviz Technologies Ltd.,3714,Motor Vehicle Parts & Accessories,ROSH HAAIN,,
0001702924,WRAP,"WRAP TECHNOLOGIES, INC.",3480,"Ordnance & Accessories, (No Vehicles/Guided Missiles)",MIAMI,FL,33133
0002001794,CIGL,Concorde International Group Ltd.,7381,"Services-Detective, Guard & Armored Car Services",LINK@AMK,U0,56913
0001781174,ACRV,"Acrivon Therapeutics, Inc.",2834,Pharmaceutical Preparations,WATERTOWN,MA,02472
0001754068,KLRS,"Kalaris Therapeutics, Inc.",2836,"Biological Products, (No Diagnostic Substances)",BERKELEY HEIGHTS,NJ,07922
0001985139,LSE,"Leishen Energy Holding Co., Ltd.",3533,Oil & Gas Field Machinery & Equipment,"CHAOYANG DISTRICT, BEIJING",F4,12200
0001965052,MGTE,Marblegate Capital Corp,6199,Finance Services,RYE,NY,10580
0001684505,XTRAF,Xtract One Technologies Inc.,,,TORONTO,A6,M5H 1
0001462586,IGI,Western Asset Investment Grade Opportunity Trust Inc.,,,NEW YORK,NY,10018
0001515156,ARQ,"Arq, Inc.",2890,Miscellaneous Chemical Products,GREENWOOD VILLAGE,CO,80111
0002002045,GCL,GCL Global Holdings Ltd,7372,Services-Prepackaged Software,SINGAPORE,,
0001861841,ARBE,Arbe Robotics Ltd.,7373,Services-Computer Integrated Systems Design,TEL AVIV,,
0001786471,SEV,Aptera Motors Corp,3711,Motor Vehicles & Passenger Car Bodies,CARLSBAD,CA,92008
0001540684,ATLX,Atlas Lithium Corp,1400,Mining & Quarrying of  Nonmetallic Minerals (No Fuels),BOCA RATON,FL,33432
0001833769,HYPR,"Hyperfine, Inc.",3845,Electromedical & Electrotherapeutic Apparatus,GUILFORD,CT,06437
0001372807,BCIC,BCP Investment Corp,,,NEW YORK,NY,10022
0000061004,LGL,LGL GROUP INC,3679,"Electronic Components, NEC",ORLANDO,FL,32804
0001385632,IAE,Voya Asia Pacific High Dividend Equity Income Fund,,,SCOTTSDALE,AZ,85258
0001909747,JUSH,Jushi Holdings Inc.,2833,Medicinal Chemicals & Botanical Products,BOCA RATON,FL,33431
0002044255,ANTA,Antalpha Platform Holding Co,6221,Commodity Contracts Brokers & Dealers,SUNTEC TOWER ONE,,03898
0001604464,ATRA,"Atara Biotherapeutics, Inc.",2836,"Biological Products, (No Diagnostic Substances)",THOUSAND OAKS,CA,91320
0001659494,COE,51Talk Online Education Group,8200,Services-Educational Services,SINGAPORE,,06880
0002012726,FDSB,"Fifth District Bancorp, Inc.",6035,"Savings Institution, Federally Chartered",NEW ORLEANS,LA,70114
0001496690,BCRD,"BlueOne Technologies, Inc.",7389,"Services-Business Services, NEC",NEWPORT BEACH,CA,92660
0001577783,SIREF,Sirios Resources Inc.,,,SAINT-BRUNO-DE-MONTARVILLE,,
0002049248,LCCC,Lakeshore Acquisition III Corp.,6770,Blank Checks,NEW YORK,NY,10065
0001374328,FTLF,"FITLIFE BRANDS, INC.",2833,Medicinal Chemicals & Botanical Products,OMAHA,NE,68137
0000731653,UBCP,UNITED BANCORP INC /OH/,6022,State Commercial Banks,MARTINS FERRY,OH,43935
0002080215,USDE,StableCoinX Inc.,6199,Finance Services,WILMINGTON,DE,19807
0001429260,FBIO,"Fortress Biotech, Inc.",2834,Pharmaceutical Preparations,BAY HARBOR ISLANDS,FL,33154
0002083526,MWC,"Micware Co., Ltd.",7371,Services-Computer Programming Services,KOBE,,650-0
0002104296,TP,Ticketplus Ltd.,7990,Services-Miscellaneous Amusement & Recreation,SANTIAGO,,00000
0000845611,GCV,GABELLI CONVERTIBLE & INCOME SECURITIES FUND INC,,,RYE,NY,10580
0002092314,WATR,Air Water Ventures Ltd,2080,Beverages,GRAND CAYMAN,,KY1-9
0001472215,JLS,Nuveen Mortgage & Income Fund/MA/,,,CHICAGO,IL,60606
0001697818,AMBR,Amber International Holding Ltd,6199,Finance Services,SINGAPORE,,
0000751365,VIRC,VIRCO MFG CORPORATION,2531,Public Bldg & Related Furniture,TORRANCE,CA,90501
0001884516,DTI,Drilling Tools International Corp,3533,Oil & Gas Field Machinery & Equipment,HOUSTON,TX,77042
0002041208,TREO,Tactical Resources Corp.,1000,Metal Mining,VANCOUVER,,
0001341235,ALDX,"Aldeyra Therapeutics, Inc.",2834,Pharmaceutical Preparations,LEXINGTON,MA,02421
0000799165,DWSN,DAWSON GEOPHYSICAL CO,1382,Oil & Gas Field Exploration Services,MIDLAND,TX,79701
0000811641,ICCC,IMMUCELL CORP /DE/,2835,In Vitro & In Vivo Diagnostic Substances,PORTLAND,ME,04103
0000072205,NOBH,NOBILITY HOMES INC,2451,Mobile Homes,OCALA,FL,34474
0002010653,FVN,Future Vision II Acquisition Corp.,7373,Services-Computer Integrated Systems Design,"SEVEN MILE BEACH, GRAND CAYMAN",,
0001438943,RNGE,"RANGE IMPACT, INC.",1600,Heavy Construction Other Than Bldg Const - Contractors,CLEVELAND,OH,44122
0001594856,VMXXF,VALHALLA METALS INC.,,,VANCOUVER,,V6E 4
0002024306,JFB,JFB Construction Holdings,1540,General Bldg Contractors - Nonresidential Bldgs,LANTANA,FL,33462
0001176334,MMLP,MARTIN MIDSTREAM PARTNERS L.P.,5171,Wholesale-Petroleum Bulk Stations & Terminals,KILGORE,TX,75662
0000750574,AUBN,"AUBURN NATIONAL BANCORPORATION, INC",6022,State Commercial Banks,AUBURN,AL,36831
0001034760,WYY,WIDEPOINT CORP,7373,Services-Computer Integrated Systems Design,FAIRFAX,VA,22030
0001819574,BARK,"Bark, Inc.",5990,"Retail-Retail Stores, NEC",NEW YORK,NY,10271
0001828972,BZFD,"BuzzFeed, Inc.",4899,"Communications Services, NEC",NEW YORK,NY,10010
0000717806,FUSB,"FIRST US BANCSHARES, INC.",6022,State Commercial Banks,BIRMINGHAM,AL,35243
0001275158,NDLS,NOODLES & Co,5812,Retail-Eating  Places,BROOMFIELD,CO,80021
0001781162,MNTS,Momentus Inc.,3760,Guided Missiles & Space Vehicles & Parts,SAN JOSE,CA,95131
0002014982,SIMA,SIM Acquisition Corp. I,6770,Blank Checks,MIAMI,FL,33130
0000071557,NUVR,"Nuvera Communications, Inc.",4813,Telephone Communications (No Radiotelephone),NEW ULM,MN,56073
0001971828,ENGS,Energys Group Ltd,1731,Electrical Work,WEST SUSSEX,X0,RH14 
0001597835,CMCM,Cheetah Mobile Inc.,7372,Services-Prepackaged Software,"CHAOYANG DISTRICT, BEIJING",F4,10002
0001560258,ECOR,"electroCore, Inc.",3845,Electromedical & Electrotherapeutic Apparatus,ROCKAWAY,NJ,07866
0001633369,CAST,"FreeCast, Inc.",7374,Services-Computer Processing & Data Preparation,ORLANDO,FL,32801
0001070732,EVF,Eaton Vance Senior Income Trust,,,BOSTON,MA,02109
0001455365,CGTX,COGNITION THERAPEUTICS INC,2836,"Biological Products, (No Diagnostic Substances)",PURCHASE,NY,10577
0002030954,XHLD,"TEN Holdings, Inc.",7389,"Services-Business Services, NEC",LANGHORNE,PA,19047
0001556739,THRY,"Thryv Holdings, Inc.",7310,Services-Advertising,GRAPEVINE,TX,76051
0002077033,MMTX,Miluna Acquisition Corp,7371,Services-Computer Programming Services,NEW YORK,NY,10022
0001855557,HLP,Hongli Group Inc.,3569,"General Industrial Machinery & Equipment, NEC","SHANDONG PROVINCE,",,
0000912764,KSBI,KS BANCORP INC,6036,"Savings Institutions, Not Federally Chartered",SMITHFIELD,NC,27577
0001993400,FATN,Fatpipe Inc/UT,7372,Services-Prepackaged Software,SALT LAKE CITY,UT,84107
0002044523,ORIQ,Origin Investment Corp I,6770,Blank Checks,AMBER RESIDENCES,U0,43988
0001801417,BYNO,byNordic Acquisition Corp,6770,Blank Checks,MALMO,,
0000016859,SRL,Scully Royalty Ltd.,6795,Mineral Royalty Traders,SHANGHAI,,
0001362190,AEYE,AUDIOEYE INC,7372,Services-Prepackaged Software,TUCSON,AZ,85711
0001437226,MHH,"Mastech Digital, Inc.",8742,Services-Management Consulting Services,MOON TOWNSHIP,PA,15108
0001917599,EDVR,Endeavor Bancorp,,,SAN DIEGO,CA,92101
0001790177,RFM,"RiverNorth Flexible Municipal Income Fund, Inc.",,,WEST PALM BEACH,FL,33401
0001739410,RLYB,Rallybio Corp,2834,Pharmaceutical Preparations,NEW HAVEN,CT,06510
0001576159,BDCTF,BuildDirect.com Technologies Inc.,,,VANCOUVER,,V6C 1
0001982961,EGG,ENIGMATIG LTD,8742,Services-Management Consulting Services,SINGAPORE,,04858
0001975641,ZYBT,Zhengye Biotechnology Holding Ltd,2834,Pharmaceutical Preparations,JILIN,,
0001720580,ACET,"Adicet Bio, Inc.",2834,Pharmaceutical Preparations,BOSTON,MA,02116
0001562151,CWGL,"Crimson Wine Group, Ltd",2080,Beverages,NAPA,CA,94558
0001851959,CNDA,Concord Acquisition Corp II,6770,Blank Checks,NEW YORK,NY,10022
0002009312,PUSA,Aureus Greenway Holdings Inc,7997,Services-Membership Sports & Recreation Clubs,KISSIMMEE,FL,34744
0001123267,HANNF,Hannan Metals Ltd.,1000,Metal Mining,VANCOUVER,A1,V6E 3
0001948455,ISPR,Ispire Technology Inc.,2111,Cigarettes,LOS ANGELES,CA,90502
0001495320,VRA,"Vera Bradley, Inc.",3100,Leather & Leather Products,ROANOKE,IN,46783
0001199004,FMN,Federated Hermes Premier Municipal Income Fund,,,WARRENDALE,PA,15086
0001750155,CWBHF,"Charlotte's Web Holdings, Inc.",0100,Agricultural Production-Crops,LOUISVILLE,CO,80027
0002109876,MCAH,Mountain Crest Acquisition 6 Corp.,6770,Blank Checks,NEW YORK,NY,10012
0001936224,SRFM,SURF AIR MOBILITY INC.,4522,"Air Transportation, Nonscheduled",ADDISON,TX,75001
0001819411,GANX,"Gain Therapeutics, Inc.",2834,Pharmaceutical Preparations,BETHESDA,MD,20814
0001437283,RPMT,"REGO PAYMENT ARCHITECTURES, INC.",7372,Services-Prepackaged Software,BLUE BELL,PA,19422
0000707605,ASRV,AMERISERV FINANCIAL INC /PA/,6021,National Commercial Banks,JOHNSTOWN,PA,15907
0002026767,ALIS,Calisa Acquisition Corp,7374,Services-Computer Processing & Data Preparation,NEW YORK,NY,10018
0002027265,MB,MASTERBEEF GROUP,5812,Retail-Eating  Places,"KWAI CHUNG, NEW TERRITORIES",K3,0000
0000065596,SIEB,SIEBERT FINANCIAL CORP,6211,"Security Brokers, Dealers & Flotation Companies",NEW YORK,NY,10005
0002029471,HMR,Heidmar Maritime Holdings Corp.,4412,Deep Sea Foreign Transportation of  Freight,PIRAEUS,J3,18538
0000711034,THMG,THUNDER MOUNTAIN GOLD INC,1000,Metal Mining,BOISE,ID,83713
0001500375,HFBL,"Home Federal Bancorp, Inc. of Louisiana",6035,"Savings Institution, Federally Chartered",SHREVEPORT,LA,71101
0001413855,AIFU,AIFU Inc.,6411,"Insurance Agents, Brokers & Service",SHENZHEN,,
0002034520,GIBO,GIBO HOLDINGS Ltd,7372,Services-Prepackaged Software,HONG KONG,K3,99907
0001749723,NFE,New Fortress Energy Inc.,4924,Natural Gas Distribution,NEW YORK,NY,10011
0000862861,AIFC,AI Financial Corp,6221,Commodity Contracts Brokers & Dealers,LAS VEGAS,NV,89119
0002088626,PECE,Peace Acquisition Corp.,6770,Blank Checks,NEW YORK,NY,10018
0001615165,VERI,"Veritone, Inc.",7374,Services-Computer Processing & Data Preparation,IRVINE,CA,92617
0001066684,TGLO,THEGLOBE COM INC,7310,Services-Advertising,FORT LAUDERDALE,FL,33301
0001519469,AEC,ANFIELD ENERGY INC.,1000,Metal Mining,BURNABY,,V5H 1
0000806172,SOTK,SONO TEK CORP,3559,"Special Industry Machinery, NEC",MILTON,NY,12547
0000849146,LFVN,Lifevantage Corp,2834,Pharmaceutical Preparations,LEHI,UT,84043
0001380106,RPID,"RAPID MICRO BIOSYSTEMS, INC.",3826,Laboratory Analytical Instruments,LEXINGTON,MA,02421
0000054187,MAYS,MAYS J W INC,6512,Opeators of  Nonresidential Buildings,BROOKLYN,NY,11201
0001878313,MAIA,"MAIA Biotechnology, Inc.",2834,Pharmaceutical Preparations,CHICAGO,IL,60606
0001364954,CHGG,"CHEGG, INC",8200,Services-Educational Services,SAN FRANCISCO,CA,94114
0002051587,BSAA,BEST SPAC I Acquisition Corp.,8200,Services-Educational Services,HONG KONG,,
0001675033,GECC,Great Elm Capital Corp.,,,PALM BEACH GARDENS,FL,33410
0001660334,VRCA,Verrica Pharmaceuticals Inc.,2834,Pharmaceutical Preparations,WEST CHESTER,PA,
0001684144,ZOMDF,Zomedica Corp.,2834,Pharmaceutical Preparations,ANN ARBOR,MI,48108
0002036973,UYSC,UY Scuti Acquisition Corp.,6770,Blank Checks,NEW YORK,NY,10065
0001354866,BYRN,Byrna Technologies Inc.,3690,"Miscellaneous Electrical Machinery, Equipment & Supplies",ANDOVER,MA,01810
0001855447,TYGO,"TIGO ENERGY, INC.",3674,Semiconductors & Related Devices,LOS GATOS,CA,95032
0001528811,VGI,Virtus Global Multi-Sector Income Fund,,,GREENFIELD,MA,01301
0002077709,ROC,Rank One Computing Corp,7372,Services-Prepackaged Software,DENVER,CO,80203
0001546383,JXG,JX Luxventure Group Inc.,5000,Wholesale-Durable Goods,"HAIKOU CITY, HAINAN PROVINCE",F4,57010
0000714712,JUVF,JUNIATA VALLEY FINANCIAL CORP,6022,State Commercial Banks,MIFFLINTOWN,PA,17059
0001429764,BLNK,Blink Charging Co.,3690,"Miscellaneous Electrical Machinery, Equipment & Supplies",BOWIE,MD,20715
0000912967,FBSI,FIRST BANCSHARES INC /MO/,6036,"Savings Institutions, Not Federally Chartered",MOUNTAIN GROVE,MO,65711
0002043630,APAC,StoneBridge Acquisition II Corp,6770,Blank Checks,NEW YORK,NY,10007
0001983736,GOAI,Eva Live Inc,7370,"Services-Computer Programming, Data Processing, Etc.",LOS ANGELES,CA,90067
0002076192,WSTN,Westin Acquisition Corp,6770,Blank Checks,SINGAPORE,,17980
0001884122,VCUFF,Vizsla Copper Corp.,,,VANCOUVER,A1,V6E 3
0001979332,CPBI,"Central Plains Bancshares, Inc.",6035,"Savings Institution, Federally Chartered",GRAND ISLAND,NE,68801
0000949961,IOR,INCOME OPPORTUNITY REALTY INVESTORS INC /TX/,6798,Real Estate Investment Trusts,DALLAS,TX,75234
0000930245,AASP,Agassi Sports Entertainment Corp.,5900,Retail-Miscellaneous Retail,LAS VEGAS,NV,89144
0001697851,REKR,"Rekor Systems, Inc.",3669,"Communications Equipment, NEC",COLUMBIA,MD,21046
0001784254,MDIA,Mediaco Holding Inc.,4832,Radio Broadcasting Stations,NEW YORK,NY,10010
0001484612,OM,"Outset Medical, Inc.",3845,Electromedical & Electrotherapeutic Apparatus,SAN JOSE,CA,95134
0001351636,SSTI,"SOUNDTHINKING, INC.",7372,Services-Prepackaged Software,FREMONT,CA,94538
0000879535,DTF,DTF TAX-FREE INCOME 2028 TERM FUND INC,,,GREENFIELD,MA,01301
0001672909,CPHC,Canterbury Park Holding Corp,7948,"Services-Racing, Including Track Operation",SHAKOPEE,MN,55379
0002015502,LPAA,Launch One Acquisition Corp.,6770,Blank Checks,OAKLAND,CA,94612
0001534969,SERA,"SERA PROGNOSTICS, INC.",8071,Services-Medical Laboratories,SALT LAKE CITY,UT,84109
0001507957,IPWR,Ideal Power Inc.,3674,Semiconductors & Related Devices,AUSTIN,TX,78735
0001953988,HLEO,Helio Corp /FL/,3760,Guided Missiles & Space Vehicles & Parts,BERKELEY,CA,94710
0000072633,NRT,NORTH EUROPEAN OIL ROYALTY TRUST,6792,Oil Royalty Traders,KEENE,NH,03431
0001158172,SCOR,"COMSCORE, INC.",7389,"Services-Business Services, NEC",RESTON,VA,20190
0001851484,CTOR,"CITIUS ONCOLOGY, INC.",2834,Pharmaceutical Preparations,CRANFORD,NJ,07016
0002014337,NPT,Texxon Holding Ltd,5160,Wholesale-Chemicals & Allied Products,SHANGHAI,,
0001943802,FSEA,"First Seacoast Bancorp, Inc.",6035,"Savings Institution, Federally Chartered",DOVER,NH,03820
0001853825,DTCX,"Datacentrex, Inc.",7374,Services-Computer Processing & Data Preparation,SALT LAKE CITY,UT,84103
0001843724,LNZA,"LanzaTech Global, Inc.",2860,Industrial Organic Chemicals,SKOKIE,IL,60077
0000939930,PYYX,"PYXUS INTERNATIONAL, INC.",5150,Wholesale-Farm Product Raw Materials,MORRISVILLE,NC,27560
0001601485,ELTX,"Elicio Therapeutics, Inc.",2834,Pharmaceutical Preparations,BOSTON,MA,02210
0001829794,EMPD,Empery Digital Inc.,6199,Finance Services,PFLUGERVILLE,TX,78660
0001339688,LCGMF,LION COPPER & GOLD CORP.,1000,Metal Mining,VANCOUVER,A1,V6C 2
0001131343,ATHE,ALTERITY THERAPEUTICS LTD,2834,Pharmaceutical Preparations,MELBOURNE,,
0000050292,IEHC,IEH Corp,3678,Electronic Connectors,BROOKLYN,NY,11220
0002026514,NAMM,Namib Minerals,1040,Gold and Silver Ores,GRAND CAYMAN,,KY1-1
0002018462,PCLA,PicoCELA Inc.,3640,Electric Lighting & Wiring Equipment,TOKYO,M0,103-0
0000795800,NEXM,NexMetals Mining Corp.,1000,Metal Mining,VANCOUVER,,V6E 2
0001335105,NMAD,"NOMAD POWER SOLUTIONS, INC.",2834,Pharmaceutical Preparations,BOCA RATON,FL,33432
0001861795,DH,Definitive Healthcare Corp.,7372,Services-Prepackaged Software,FRAMINGHAM,MA,01701
0001701599,AZASF,Arizona Gold & Silver Inc.,,,VANCOUVER,A1,V6Z 1
0001889112,RENEF,Cartesian Growth Corp II,6770,Blank Checks,NEW YORK,NY,10017
0001818093,SKIN,SkinHealth Systems Inc.,3841,Surgical & Medical Instruments & Apparatus,LONG BEACH,CA,90815
0001690080,FRMM,FORUM MARKETS Inc,6199,Finance Services,PALM BEACH,FL,
0000924383,GNSS,Genasys Inc.,3651,Household Audio & Video Equipment,SAN DIEGO,CA,92127
0000828146,LINK,INTERLINK ELECTRONICS INC,3577,"Computer Peripheral Equipment, NEC",FREMONT,CA,94538
0001409375,OESX,"ORION ENERGY SYSTEMS, INC.",3640,Electric Lighting & Wiring Equipment,MANITOWOC,WI,54220
0002059165,SSEA,STARRY SEA ACQUISITION CORP,6770,Blank Checks,GRAND CAYMAN,,
0001849296,OKYO,OKYO Pharma Ltd,2836,"Biological Products, (No Diagnostic Substances)",LONDON,X0,W1K 1
0001224133,MCHX,MARCHEX INC,7372,Services-Prepackaged Software,SEATTLE,WA,98107
0000353184,AIRT,AIR T INC,4513,Air Courier Services,CHARLOTTE,NC,28262
0001971532,TELO,"Telomir Pharmaceuticals, Inc.",2834,Pharmaceutical Preparations,MIAMI,FL,33131
0001331421,SDCO,"SDR Drone, Inc.",3721,Aircraft,ESCONDIDO,CA,92020
0001868395,YIBO,Planet Image International Ltd,3577,"Computer Peripheral Equipment, NEC","XINYU CITY, JIANGXI PROVINCE",,
0001145255,HNNA,HENNESSY ADVISORS INC,6282,Investment Advice,NOVATO,CA,94945
0001282648,BATL,BATTALION OIL CORP,1311,Crude Petroleum & Natural Gas,HOUSTON,TX,77024
0001940177,PODC,"PodcastOne, Inc.",7370,"Services-Computer Programming, Data Processing, Etc.",BEVERLY HILLS,CA,90210
0001549966,SAMG,Silvercrest Asset Management Group Inc.,6282,Investment Advice,NEW YORK,NY,10019
0001892747,VMCAF,Valuence Merger Corp. I,6770,Blank Checks,ORINDA,CA,94563
0001907425,JOCM,JOCOM HOLDINGS CORP.,7380,Services-Miscellaneous Business Services,KUALA LUMPUR,N8,59200
0000875582,NTIC,NORTHERN TECHNOLOGIES INTERNATIONAL CORP,3470,"Coating, Engraving & Allied Services",CIRCLE PINES,MN,55014
0001235912,CVRX,"CVRx, Inc.",3841,Surgical & Medical Instruments & Apparatus,MINNEAPOLIS,MN,55445
0001499780,GLBS,GLOBUS MARITIME LTD,4412,Deep Sea Foreign Transportation of  Freight,ATHENS GREECE,J3,00000
0001506929,VRDR,"VERDE RESOURCES, INC.",1040,Gold and Silver Ores,ST. LOUIS,MO,63105
0001738699,WKEY,Wisekey International Holding S.A.,7374,Services-Computer Processing & Data Preparation,GENEVA 15,V8,CH-12
0002053927,WTG,Wintergreen Acquisition Corp.,7370,"Services-Computer Programming, Data Processing, Etc.","TONGZHOU DISTRICT, BEIJING",,
0001621888,CFSU,Complete Financial Solutions Inc.,,,LAS VEGAS,NV,89109
0001288795,GLV,Clough Global Dividend & Income Fund,,,DENVER,CO,
0001933567,NRXS,"Neuraxis, INC",3845,Electromedical & Electrotherapeutic Apparatus,CARMEL,IN,46032
0001477845,ANVS,"Annovis Bio, Inc.",2834,Pharmaceutical Preparations,MALVERN,PA,19355
0001728117,GOSS,"Gossamer Bio, Inc.",2834,Pharmaceutical Preparations,SAN DIEGO,CA,92121
0001898643,MOB,Mobilicom Ltd,3721,Aircraft,MELBOURNE,C3,3000
0001822523,AFCG,Advanced Flower Capital Inc.,0000,,WEST PALM BEACH,FL,33401
0001011060,NORD,Nordicus Partners Corp,8742,Services-Management Consulting Services,BEVERLY HILLS,CA,90212
0002049560,TUNGF,American Tungsten Corp.,,,VANCOUVER,A1,V6E 4
0000791718,EEA,"EUROPEAN EQUITY FUND, INC / MD",,,NEW YORK,NY,10022
0002099818,YARRF,Pirate Gold Corp.,,,TORONTO,,M5C 1
0001862150,CING,Cingulate Inc.,2834,Pharmaceutical Preparations,KANSAS CITY,KS,66205
0001720446,ZEPP,Zepp Health Corp,3571,Electronic Computers,HEFEI,,23008
0001918414,NBRG,Newbridge Acquisition Ltd,6770,Blank Checks,WANCHAI,K3,00000
0001904501,ZTEK,Zentek Ltd.,2890,Miscellaneous Chemical Products,GUELPH,,N1E 6
0001579157,VNCE,VINCE HOLDING CORP.,5600,Retail-Apparel & Accessory Stores,NEW YORK,NY,10110
0001915328,ISRLF,Israel Acquisitions Corp,6770,Blank Checks,BEE CAVE,TX,78738
0001716951,OCCI,"OFS Credit Company, Inc.",,,CHICAGO,IL,60606
0001836295,RTGN,RetinalGenix Technologies Inc.,3841,Surgical & Medical Instruments & Apparatus,PETALUMA,CA,94954
0001999860,WYHG,Wing Yip Food Holdings Group Ltd,2013,Sausages & Other Prepared Meat Products,ZHONGSHAN CITY,F4,52842
0000917225,XPL,SOLITARIO RESOURCES CORP.,1040,Gold and Silver Ores,WHEAT RIDGE,CO,80033
0001936804,SDA,SunCar Technology Group Inc.,7500,"Services-Automotive Repair, Services & Parking",SHANGHAI,F4,20007
0001397016,OPXS,Optex Systems Holdings Inc,3827,Optical Instruments & Lenses,RICHARDSON,TX,75081
0001852016,AEAE,AltEnergy Acquisition Corp,3714,Motor Vehicle Parts & Accessories,ROWAYTON,CT,06853
0000942895,REDW,REDWOOD FINANCIAL INC /MN/,6035,"Savings Institution, Federally Chartered",REDWOOD FALLS,MN,56283
0001737319,CUAUF,C3 Metals Inc.,,,TORONTO,,M5E 1
0001627868,NCAUF,Newcore Gold Ltd.,,,VANCOUVER,A1,V6C 3
0002064177,BPAC,Blueport Acquisition Ltd,6770,Blank Checks,NEW YORK,NY,10017
0001734520,ALYAF,Alithya Group inc,7370,"Services-Computer Programming, Data Processing, Etc.",MONTREAL,,
0001074692,CEV,Eaton Vance California Municipal Income Trust,,,BOSTON,MA,02109
0001856031,SEAT,Vivid Seats Inc.,7990,Services-Miscellaneous Amusement & Recreation,CHICAGO,IL,60602
0000356037,CSPI,CSP INC /MA/,7373,Services-Computer Integrated Systems Design,LOWELL,MA,01854
0001562530,WTHVF,Westhaven Gold Corp.,,,VANCOUVER,A1,V6C 2
0001425355,SUIG,SUI Group Holdings Ltd.,6199,Finance Services,WAYZATA,MN,55391
0000814676,CPSH,CPS TECHNOLOGIES CORP/DE/,3260,Pottery & Related Products,NORTON,MA,02766
0001751707,OZVN,OZ VISION INC.,4700,Transportation Services,LAS VEGAS,NV,89118
0001927719,CRGO,Freightos Ltd,4731,Arrangement of  Transportation of  Freight & Cargo,BARCELONA,U3,08018
0000091668,SODI,SOLITRON DEVICES INC,3674,Semiconductors & Related Devices,WEST PALM BEACH,FL,33411
0000891482,FLL,FULL HOUSE RESORTS INC,7011,Hotels & Motels,LAS VEGAS,NV,89135
0000101594,BSIN,BIG SKY INDUSTRIAL INC.,1311,Crude Petroleum & Natural Gas,HOUSTON,TX,77057
0001456189,LEAT,Leatt Corp,3751,"Motorcycles, Bicycles & Parts","DURBANVILLE, WESTERN CAPE",T3,7550
0002086841,CBAT,CBAK Energy Technology Ltd,3690,"Miscellaneous Electrical Machinery, Equipment & Supplies",DALIAN CITY,,11645
0001088034,USIO,"Usio, Inc.",6099,"Functions Related To Depository Banking, NEC",SAN ANTONIO,TX,78231
0001866501,WBX,Wallbox N.V.,3690,"Miscellaneous Electrical Machinery, Equipment & Supplies",BARCELONA,U3,08038
0002051380,PEW,GrabAGun Digital Holdings Inc.,5940,Retail-Miscellaneous Shopping Goods Stores,COPPELL,TX,75019
0001288268,IMTCF,Intrepid Metals Corp.,1000,Metal Mining,VANCOUVER,,V6E 3
0001839799,GRSD,GRANDSTAND Ltd,7990,Services-Miscellaneous Amusement & Recreation,ST. HELIER,,
0001420720,IBIO,"iBio, Inc.",2834,Pharmaceutical Preparations,NEW YORK,NY,10022
0001632121,BLNC,"Balance Labs, Inc.",8742,Services-Management Consulting Services,MIAMI,FL,33139
0001769731,AMTD,AMTD IDEA GROUP,6199,Finance Services,PARIS,,
0001774675,SKIL,Skillsoft Corp.,7372,Services-Prepackaged Software,NASHUA,NH,03062
0001818844,DWTX,"Dogwood Therapeutics, Inc.",2834,Pharmaceutical Preparations,ALPHARETTA,GA,30009
0001849867,CLST,"Catalyst Bancorp, Inc.",6035,"Savings Institution, Federally Chartered",OPELOUSAS,LA,70570
0002035644,RANG,Range Capital Acquisition Corp.,6770,Blank Checks,COLD SPRING HARBOR,NY,11724
0001386301,RSSS,"Research Solutions, Inc.",7389,"Services-Business Services, NEC",HENDERSON,NV,89052
0000839470,WWR,"WESTWATER RESOURCES, INC.",1000,Metal Mining,GREENWOOD VILLAGE,CO,80111
0000927719,DWNX,DELHI BANK CORP,6021,National Commercial Banks,DELHI,NY,13753
0001699382,PMVP,"PMV Pharmaceuticals, Inc.",2834,Pharmaceutical Preparations,PRINCETON,NJ,08540
0001291855,SPCB,SuperCom Ltd,3674,Semiconductors & Related Devices,HERTZLIYA,,
0001171326,EUBG,ENTREPRENEUR UNIVERSE BRIGHT GROUP,8742,Services-Management Consulting Services,XI'AN,F4,0000
0000889348,CVU,CPI AEROSTRUCTURES INC,3728,"Aircraft Parts & Auxiliary Equipment, NEC",EDGEWOOD,NY,11717
0001620463,LONA,"LeonaBio, Inc.",2836,"Biological Products, (No Diagnostic Substances)",BOTHELL,WA,98011
0001607997,NMS,Nuveen Minnesota Quality Municipal Income Fund,,,CHICAGO,IL,60606
0001626878,XBIT,XBiotech Inc.,2834,Pharmaceutical Preparations,AUSTIN,TX,78744
0001871638,BZAI,"Blaize Holdings, Inc.",3674,Semiconductors & Related Devices,EL DORADO HILLS,CA,95762
0001002366,REVFF,Gitennes Exploration Inc.,,,VANCOUVER,A1,V6C 1
0001795091,OSTX,OS Therapies Inc,2834,Pharmaceutical Preparations,ROCKVILLE,MD,20850
0001701108,SPRO,"Spero Therapeutics, Inc.",2834,Pharmaceutical Preparations,CAMBRIDGE,MA,02139
0001013880,TTEC,"TTEC Holdings, Inc.",7363,Services-Help Supply Services,AUSTIN,TX,78701
0000883107,SLSN,"SOLESENCE, INC.",2844,"Perfumes, Cosmetics & Other Toilet Preparations",ROMEOVILLE,IL,60446
0001746473,PLRX,"PLIANT THERAPEUTICS, INC.",2834,Pharmaceutical Preparations,SOUTH SAN FRANCISCO,CA,94080
0001842566,AISP,"Airship AI Holdings, Inc.",7372,Services-Prepackaged Software,REDMOND,WA,98052
0001533998,DRIO,DarioHealth Corp.,3841,Surgical & Medical Instruments & Apparatus,NEW YORK,NY,10019
0001036044,INVE,"Identiv, Inc.",3577,"Computer Peripheral Equipment, NEC",SANTA ANA,CA,92705
0001846235,IMAQ,International Media Acquisition Corp.,7812,Services-Motion Picture & Video Tape Production,NORTH BRUNSWICK,NJ,08902
0001467093,SRCRF,Scorpio Gold Corp,1040,Gold and Silver Ores,VANCOUVER,,
0001213037,CRDF,"Cardiff Oncology, Inc.",2836,"Biological Products, (No Diagnostic Substances)",SAN DIEGO,CA,92121
0001360565,WFCF,"Where Food Comes From, Inc.",7372,Services-Prepackaged Software,CASTLE ROCK,CO,80104
0001001115,GEOS,GEOSPACE TECHNOLOGIES CORP,3829,"Measuring & Controlling Devices, NEC",HOUSTON,TX,77040
0001696558,JRSH,"Jerash Holdings (US), Inc.",2300,Apparel & Other Finishd Prods of  Fabrics & Similar Matl,ROCHESTER,NY,14604
0001944712,BIYA,Baiya International Group Inc.,7361,Services-Employment Agencies,NEW YORK,NY,10120
0001420565,RNTX,"Rein Therapeutics, Inc.",2834,Pharmaceutical Preparations,AUSTIN,TX,78758
0001872529,MDXH,MDxHealth SA,8071,Services-Medical Laboratories,HERSTAL,C9,00000
0001881592,NSTS,"NSTS Bancorp, Inc.",6035,"Savings Institution, Federally Chartered",WAUKEGAN,IL,60085
0001477960,LMED,LataMed AI Corp.,7370,"Services-Computer Programming, Data Processing, Etc.","PISO 4 OFICINA 4-D, URB BOLEIT",,1071
0001133311,TZOO,TRAVELZOO,7310,Services-Advertising,NEW YORK,NY,10022
0000069422,INTG,INTERGROUP CORP,6513,Operators of  Apartment Buildings,LOS ANGELES,CA,90025
0001941536,BAER,"Bridger Aerospace Group Holdings, Inc.",7389,"Services-Business Services, NEC",BELGRADE,MT,59714
0001865429,OAKV,"Oak View Bankshares, Inc.",6021,National Commercial Banks,WARRENTON,VA,20186
0001863218,SFWL,SHENGFENG DEVELOPMENT Ltd,4210,Trucking & Courier Services (No Air),FUZHOU CITY,F4,35000
0001775194,UPXI,"UPEXI, INC.",6199,Finance Services,TAMPA,FL,
0001523289,DMA,Destra Multi-Alternative Fund,,,BOZEMAN,MT,59715
0001575793,WATT,Energous Corp,3663,Radio & Tv Broadcasting & Communications Equipment,SAN JOSE,CA,95134
0001369290,MYO,"MYOMO, INC.",3842,"Orthopedic, Prosthetic & Surgical Appliances & Supplies",BOSTON,MA,02114
0000771856,CSBR,"CHAMPIONS ONCOLOGY, INC.",2836,"Biological Products, (No Diagnostic Substances)",BALTIMORE,MD,21205
0001831096,GEG,"Great Elm Group, Inc.",7372,Services-Prepackaged Software,PALM BEACH GARDENS,FL,33410
0001272842,AIRG,AIRGAIN INC,3663,Radio & Tv Broadcasting & Communications Equipment,SAN DIEGO,CA,92130
0000861972,SRLZF,Salazar Resources Ltd,,,VANCOUVER,A1,V6E 3
0001162896,PROP,Prairie Operating Co.,1311,Crude Petroleum & Natural Gas,HOUSTON,TX,77007
0001226616,MNOV,MEDICINOVA INC,2834,Pharmaceutical Preparations,LA JOLLA,CA,92037
0001509397,LOMLF,Lion One Metals Ltd.,,,NORTH VANCOUVER,,V7M 1
0002019505,HIT,"Health In Tech, Inc.",6411,"Insurance Agents, Brokers & Service",STUART,FL,34994
0001557523,PGZ,Principal Real Estate Income Fund,,,DENVER,CO,80203
0001103795,QSEP,"QS Energy, Inc.",3533,Oil & Gas Field Machinery & Equipment,TOMBALL,TX,77375
0000034956,TENX,"TENAX THERAPEUTICS, INC.",2834,Pharmaceutical Preparations,CHAPEL HILL,NC,27517
0001944885,APLM,Apollomics Inc.,2834,Pharmaceutical Preparations,FOSTER CITY,CA,94404
0001296774,NCTY,The9 LTD,6199,Finance Services,SHANGHAI,,
0001765850,AURE,Aurelion Inc.,6199,Finance Services,HONG KONG,,
0000785557,DLHC,DLH Holdings Corp.,7363,Services-Help Supply Services,ATLANTA,GA,30305
0001708599,SER,"Serina Therapeutics, Inc.",2834,Pharmaceutical Preparations,HUNTSVILLE,AL,35806
0001400438,LGO,Largo Inc.,1400,Mining & Quarrying of  Nonmetallic Minerals (No Fuels),"Toronto, Ontario",,M5L 1
0001795251,NNOX,Nano-X Imaging Ltd.,3844,X-Ray Apparatus & Tubes & Related Irradiation Apparatus,PETACH TIKVA,L3,49706
0001881551,STI,Solidion Technology Inc.,3690,"Miscellaneous Electrical Machinery, Equipment & Supplies",DALLAS,TX,75240
0001947210,ROLR,"High Roller Technologies, Inc.",7900,Services-Amusement & Recreation Services,LAS VEGAS,NV,89101
0001787803,WNW,Meiwu Technology Co Ltd,2840,"Soap, Detergents, Cleang Preparations, Perfumes, Cosmetics",XIAMEN,,
0000005981,AVD,AMERICAN VANGUARD CORP,2870,Agricultural Chemicals,NEWPORT BEACH,CA,92660
0001022652,INSG,INSEEGO CORP.,3669,"Communications Equipment, NEC",SAN DIEGO,CA,92121
0000727510,VISK,"Viskase Holdings, Inc.",2836,"Biological Products, (No Diagnostic Substances)",LOMBARD,IL,60148
0001755058,AUC,ATIF Holdings Ltd,8742,Services-Management Consulting Services,LAKE FOREST,CA,92630
0001782303,BOLD,"Boundless Bio, Inc.",2834,Pharmaceutical Preparations,LA JOLLA,CA,92037
0002093507,GLND,Greenland Energy Co,1381,Drilling Oil & Gas Wells,AUSTIN,TX,78731
0001069394,FSI,FLEXIBLE SOLUTIONS INTERNATIONAL INC,2890,Miscellaneous Chemical Products,VICTORIA B C,A1,V8N 1
0001658678,BSEM,"BioStem Technologies, Inc.",2836,"Biological Products, (No Diagnostic Substances)",POMPANO BEACH,FL,33604
0001778940,NRRSF,Norsemont Mining Inc.,,,VANCOUVER,,V6C 3
0001907184,ELBM,Electra Battery Materials Corp,1400,Mining & Quarrying of  Nonmetallic Minerals (No Fuels),TORONTO,,M5H 0
0001715925,HYFT,MindWalk Holdings Corp.,2834,Pharmaceutical Preparations,VICTORIA,,
0001835579,IMA,"ImageneBio, Inc.",2836,"Biological Products, (No Diagnostic Substances)",SAN DIEGO,CA,92130
0001725123,CANG,Cango Inc.,6199,Finance Services,HONG KONG,,000
0001035354,ELOX,"Eloxx Pharmaceuticals, Inc.",2836,"Biological Products, (No Diagnostic Substances)",ARLINGTON,MA,02476
0001462418,ASPS,ALTISOURCE PORTFOLIO SOLUTIONS S.A.,7380,Services-Miscellaneous Business Services,GRAND DUCHY OF LUXEMBOURG,N4,50
0001807887,LASE,Laser Photonics Corp,3690,"Miscellaneous Electrical Machinery, Equipment & Supplies",ORLANDO,FL,32810
0001807765,PMVC,PMV Consumer Acquisition Corp.,6770,Blank Checks,PALM BEACH,FL,33480
0001874875,HOUR,"Hour Loop, Inc",5961,Retail-Catalog & Mail-Order Houses,REDMOND,WA,98052
0001490161,SOWG,Sow Good Inc.,2000,Food and Kindred Products,NEW YORK,NY,10013
0001893899,WAMFF,Alaska Silver Corp.,1040,Gold and Silver Ores,TUCSON,AZ,85718
0001972234,VHUB,"VenHub Global, Inc.",3590,Misc Industrial & Commercial Machinery & Equipment,LAS VEGAS,NV,
0000012239,DOMH,Dominari Holdings Inc.,6211,"Security Brokers, Dealers & Flotation Companies",NEW YORK,NY,10022
0000881787,CRT,CROSS TIMBERS ROYALTY TRUST,6792,Oil Royalty Traders,DALLAS,TX,75219
0001541190,SYHBF,SKYHARBOUR RESOURCES LTD,,,VANCOUVER,A1,V7Y 1
0001814423,IH,iHuman Inc.,8200,Services-Educational Services,BEIJING,,10010
0001888654,FEAM,"5E Advanced Materials, Inc.",1400,Mining & Quarrying of  Nonmetallic Minerals (No Fuels),HESPERIA,CA,92344
0002055116,KG,Kestrel Group Ltd,6331,"Fire, Marine & Casualty Insurance",PEMBROKE,,HM 08
0001031235,SELF,"Global Self Storage, Inc.",6798,Real Estate Investment Trusts,MILLBROOK,NY,12545
0002031688,ANPA,Rich Sparkle Holdings Ltd,7380,Services-Miscellaneous Business Services,HONG KONG,,
0001711141,LEEEF,Leef Brands Inc.,2833,Medicinal Chemicals & Botanical Products,VANCOUVER,,
0001823878,MYPS,"PLAYSTUDIOS, Inc.",7372,Services-Prepackaged Software,LAS VEGAS,NV,89144
0001698022,FMFG,"Farmers & Merchants Bancshares, Inc.",6036,"Savings Institutions, Not Federally Chartered",HAMPSTEAD,MD,21074
0001427925,TLPH,"TALPHERA, INC.",2834,Pharmaceutical Preparations,SAN MATEO,CA,94404
0001454938,TEAD,Teads Holding Co.,7370,"Services-Computer Programming, Data Processing, Etc.",NEW YORK,NY,10011
0001750106,AEI,Alset Inc.,6500,Real Estate,BETHESDA,MD,20814
0001436229,BTCS,BTCS Inc.,6199,Finance Services,WAYNE,PA,19087
0001839154,NKGFF,Nevada King Gold Corp.,,,VANCOUVER,A1,V6C 2
0001134765,CHUC,"Charlie's Holdings, Inc.",2833,Medicinal Chemicals & Botanical Products,COSTA MESA,CA,92627
0001133062,JANL,JANEL CORP,7389,"Services-Business Services, NEC",NEW YORK,NY,10011
0001644771,RSF,"RiverNorth Capital & Income Fund, Inc.",,,WEST PALM BEACH,FL,33401
0002094107,BSPA,"Ballston Spa Bancorp, Inc.",6022,State Commercial Banks,BALLSTON SPA,NY,
0001720250,KNDI,"Kandi Technologies Group, Inc.",3714,Motor Vehicle Parts & Accessories,JINHUA,,
0001173204,CNVS,Cineverse Corp.,7841,Services-Video Tape Rental,NEW YORK,NY,10001
0002030277,LFS,"LEIFRAS Co., Ltd.",8200,Services-Educational Services,TOKYO,M0,150-6
0000101984,UEIC,UNIVERSAL ELECTRONICS INC,3651,Household Audio & Video Equipment,SCOTTSDALE,AZ,85254
0001516899,YTRA,"Yatra Online, Inc.",4700,Transportation Services,GURGAON,K7,12200
0001520048,PVL,Permianville Royalty Trust,1311,Crude Petroleum & Natural Gas,HOUSTON,TX,77002
0002010788,EXOZ,EXOZYMES INC.,2836,"Biological Products, (No Diagnostic Substances)",MONROVIA,CA,91016
0001523836,LITB,"LightInTheBox Holding Co., Ltd.",5961,Retail-Catalog & Mail-Order Houses,SINGAPORE,,0000
0001574094,RNXT,"RenovoRx, Inc.",2834,Pharmaceutical Preparations,MOUNTAIN VIEW,CA,94040
0001687451,ZKIN,"ZK International Group Co., Ltd.",3490,Miscellaneous Fabricated Metal Products,WENZHOU,F4,32502
0001840233,XLO,"Xilio Therapeutics, Inc.",2834,Pharmaceutical Preparations,WALTHAM,MA,02451
0001040896,IDN,"Intellicheck, Inc.",7372,Services-Prepackaged Software,MELVILLE,NY,11747
0001711754,INMB,"Inmune Bio, Inc.",2836,"Biological Products, (No Diagnostic Substances)",BOCA RATON,FL,33432
0000027367,DXR,DAXOR CORP,,,OAK RIDGE,TN,37830
0001998043,PDCC,Pearl Diver Credit Co Inc.,,,NEW YORK,NY,10017
0001962481,BOF,BranchOut Food Inc.,2000,Food and Kindred Products,BEND,OR,97702
0001474903,BGSF,"BGSF, INC.",7363,Services-Help Supply Services,DALLAS,TX,75254
0001026980,APWC,ASIA PACIFIC WIRE & CABLE CORP LTD,3357,Drawing & Insulating of  Nonferrous Wire,"TAIPEI, 106",F5,106
0001071840,WNDW,"SolarWindow Technologies, Inc.",2860,Industrial Organic Chemicals,SCOTTSDALE,AZ,85260
0001230058,KANP,KAANAPALI LAND LLC,6552,Land Subdividers & Developers (No Cemeteries),CHICAGO,IL,60611
0002024203,CAPN,Cayson Acquisition Corp,6770,Blank Checks,NEW YORK,NY,10018
0001931055,MDNC,Medinotec Inc.,3841,Surgical & Medical Instruments & Apparatus,JOHANNESBURG,,2169
0000863900,MXE,MEXICO EQUITY & INCOME FUND INC,,,CINCINNATI,OH,45246
0001328792,TPCS,TECHPRECISION CORP,3440,Fabricated Structural Metal Products,WESTMINSTER,MA,01473
0001840229,INKT,"MiNK Therapeutics, Inc.",2836,"Biological Products, (No Diagnostic Substances)",NEW YORK,NY,10010
0000910406,HAIN,HAIN CELESTIAL GROUP INC,2000,Food and Kindred Products,HOBOKEN,NJ,07030
0001841425,VGAS,"Verde Clean Fuels, Inc.",2860,Industrial Organic Chemicals,HOUSTON,TX,77002
0000886136,SGA,SAGA COMMUNICATIONS INC,4832,Radio Broadcasting Stations,GROSSE POINTE FARMS,MI,48236
0001838716,GNTA,Genenta Science S.p.A.,2836,"Biological Products, (No Diagnostic Substances)",MILAN,L6,20132
0001818644,LIDR,"AEye, Inc.",3714,Motor Vehicle Parts & Accessories,PLEASANTON,CA,94588
0001970743,RMXI,"RMX INDUSTRIES, INC.",7370,"Services-Computer Programming, Data Processing, Etc.",DALLAS,TX,75205
0001517767,CCIF,Carlyle Credit Income Fund,,,NEW YORK,NY,10017
0001506184,IMMP,IMMUTEP Ltd,2834,Pharmaceutical Preparations,"SYDNEY,",C3,NSW 2
0000797542,QXL,QUANTUM X LABS INC.,7372,Services-Prepackaged Software,RAMAT GAN,,52529
0001743340,TC,Token Cat Ltd,7389,"Services-Business Services, NEC",BEIJING,F4,10003
0001840877,COCH,"Envoy Medical, Inc.",3842,"Orthopedic, Prosthetic & Surgical Appliances & Supplies",WHITE BEAR LAKE,MN,55110
0001877939,CTM,"Castellum, Inc.",8742,Services-Management Consulting Services,VIENNA,VA,22182
0000818033,HRTX,"HERON THERAPEUTICS, INC. /DE/",2834,Pharmaceutical Preparations,SAN DIEGO,CA,92121
0001605888,CIRC,CIRCLE8 GROUP INC,7363,Services-Help Supply Services,ENGLEWOOD CLIFFS,NJ,07632
0000018255,CATO,CATO CORP,5621,Retail-Women's Clothing Stores,CHARLOTTE,NC,28273
0001891856,GENK,"GEN Restaurant Group, Inc.",5812,Retail-Eating  Places,CERRITOS,CA,90703
0000844985,POSC,POSITRON CORP,3845,Electromedical & Electrotherapeutic Apparatus,WESTMOUNT,IL,60559
0001024672,ELTK,ELTEK LTD,3672,Printed Circuit Boards,PETAH TIKVA,,
0001706524,FLZH,"Flash Sports & Media Holdings, Inc.",7900,Services-Amusement & Recreation Services,NEW YORK,NY,10036
0000014177,BRID,BRIDGFORD FOODS CORP,2013,Sausages & Other Prepared Meat Products,ANAHEIM,CA,92801
0001577445,ODYS,Odysight.ai Inc.,7373,Services-Computer Integrated Systems Design,SCOTTSDALE,AZ,85260
0001389545,SDEV,Stablecoin Development Corp,6199,Finance Services,WEST PALM BEACH,FL,33401
0001850059,FSHP,Flag Ship Acquisition Corp,6770,Blank Checks,NEW YORK,NY,10016
0001712178,NAAS,NaaS Technology Inc.,5990,"Retail-Retail Stores, NEC","CHAOYANG DISTRICT, BEIJING",,
0001285170,ITMSF,INTERMAP TECHNOLOGIES CORP,7374,Services-Computer Processing & Data Preparation,CALGARY,A0,T2P 3
0001566073,PGZFF,Pan Global Resources Inc.,,,VANCOUVER,A1,V6E 3
0001113152,BEWFF,BEWHERE HOLDINGS INC,,,MISSISSAUGA,A6,L4W 4
0000008504,UAVS,AgEagle Aerial Systems Inc.,3721,Aircraft,ALLEN,TX,75013
0001082324,VHC,VirnetX Holding Corp,6794,Patent Owners & Lessors,ZEPHYR COVE,NV,89448
0002048271,WSHP,WeShop Holdings Ltd,5900,Retail-Miscellaneous Retail,JERSEY,Y9,JE1 1
0001889983,KVACF,Keen Vision Acquisition Corp.,6770,Blank Checks,SUMMIT,NJ,07901
0001968043,NCEW,New Century Logistics (BVI) Ltd,4731,Arrangement of  Transportation of  Freight & Cargo,HONG KONG,F4,0000
0001737995,SKYA,"SkyAI, Inc.",6199,Finance Services,MELVILLE,NY,11747
0001813452,PLNH,Planet 13 Holdings Inc.,0100,Agricultural Production-Crops,LAS VEGAS,NV,89109
0000838131,JMM,Nuveen Multi-Market Income Fund,,,CHICAGO,IL,60606
0001789299,FXHO,UTime Ltd,3600,Electronic & Other Electrical Equipment (No Computer Equip),NANSHAN,,
0001640043,PXS,Pyxis Tankers Inc.,4412,Deep Sea Foreign Transportation of  Freight,ATHENS,J3,15125
0001998781,IBAC,IB Acquisition Corp.,8731,Services-Commercial Physical & Biological Research,BOCA RATON,FL,33431
0001529113,XTIA,"XTI Aerospace, Inc.",7371,Services-Computer Programming Services,LAS COLINAS,TX,75062
0001023109,CVVUF,CANALASKA URANIUM LTD,1000,Metal Mining,VANCOUVER,A1,V6C 2
0002035016,RIBB,Ribbon Acquisition Corp.,6770,Blank Checks,TOKYO,M0,160-0
0001703644,GPMT,Granite Point Mortgage Trust Inc.,6798,Real Estate Investment Trusts,NEW YORK,NY,
0001978057,TWG,Top Wealth Group Holding Ltd,2090,Miscellaneous Food Preparations & Kindred Products,HONG KONG,K3,99907
0001758766,STEM,"STEM, INC.",7373,Services-Computer Integrated Systems Design,HOUSTON,TX,77056
0001822791,CLNN,Clene Inc.,2834,Pharmaceutical Preparations,SALT LAKE CITY,UT,84121
0001597095,TOUR,Tuniu Corp,4700,Transportation Services,NANJING,,21002
0000884269,APT,ALPHA PRO TECH LTD,3842,"Orthopedic, Prosthetic & Surgical Appliances & Supplies",AURORA,,L4G 1
0001580864,VRM,"Vroom, Inc.",5500,Retail-Auto Dealers & Gasoline Stations,HOUSTON,TX,77042
0001783328,TCRX,"TScan Therapeutics, Inc.",2836,"Biological Products, (No Diagnostic Substances)",WALTHAM,MA,02451
0000943535,WHEN,"WORLD HEALTH ENERGY HOLDINGS, INC.",7372,Services-Prepackaged Software,BOCA RATON,FL,33431
0001041859,PLCE,"Childrens Place, Inc.",5651,Retail-Family Clothing Stores,SECAUCUS,NJ,07094
0002053641,ETS,Elite Express Holding Inc.,4210,Trucking & Courier Services (No Air),LAGUNA HILLS,CA,92653
0001442492,LRDC,"Laredo Oil, Inc.",1311,Crude Petroleum & Natural Gas,AUSTIN,TX,78705
0000839087,VASO,VASO Corp,3845,Electromedical & Electrotherapeutic Apparatus,PLAINVIEW,NY,11803
0000844856,HCMC,Healthier Choices Management Corp.,2100,Tobacco Products,HOLLYWOOD,FL,33020
0001495231,IZEA,"IZEA Worldwide, Inc.",7310,Services-Advertising,ORLANDO,FL,32804
0002033515,SORA,AsiaStrategy,5094,"Wholesale-Jewelry, Watches, Precious Stones & Metals",HONG KONG,,
0001725603,AUXXF,A2 Gold Corp.,,,VANCOUVER,,V6J 4
0001178253,SCYX,SCYNEXIS INC,2834,Pharmaceutical Preparations,JERSEY CITY,NJ,07302
0001857030,INCR,Intercure Ltd.,2834,Pharmaceutical Preparations,HERZLIYA,L3,46766
0001805651,MKTW,"MARKETWISE, INC.",7372,Services-Prepackaged Software,BALTIMORE,MD,21201
0002006413,DRYGF,Dryden Gold Corp.,,,VANCOUVER,A1,V7Y 1
0000023197,CMTL,COMTECH TELECOMMUNICATIONS CORP /DE/,3663,Radio & Tv Broadcasting & Communications Equipment,CHANDLER,AZ,85226
0001043961,PRPO,"Precipio, Inc.",3826,Laboratory Analytical Instruments,NEW HAVEN,CT,06511
0001901336,ALCYF,Alchemy Investments Acquisition Corp 1,6770,Blank Checks,NEWARK,DE,19711
0001819493,XOS,"Xos, Inc.",3714,Motor Vehicle Parts & Accessories,LOS ANGELES,CA,90065
0001399520,STKS,"ONE Group Hospitality, Inc.",5812,Retail-Eating  Places,DENVER,CO,80202
0001491419,LVO,"LiveOne, Inc.",5812,Retail-Eating  Places,BEVERLY HILLS,CA,90212
0001378950,PRTS,"CarParts.com, Inc.",5531,Retail-Auto & Home Supply Stores,LONG BEACH,CA,90815
0000798528,OMEX,ODYSSEY MARINE EXPLORATION INC,4400,Water Transportation,TAMPA,FL,33609
0001856082,RDEXF,RPX Gold Inc.,,,TORONTO,,M5H 2
0001783407,SOGP,Sound Group Inc.,7370,"Services-Computer Programming, Data Processing, Etc.",SINGAPORE,U0,06890
0001789769,TIL,"Instil Bio, Inc.",2836,"Biological Products, (No Diagnostic Substances)",DALLAS,TX,75219
0001833498,MDAI,"Spectral AI, Inc.",3841,Surgical & Medical Instruments & Apparatus,DALLAS,TX,75201
0002012600,RYOJ,"rYojbaba Co., Ltd.",8742,Services-Management Consulting Services,FUKUOKA,M0,815-0
0002031009,KAZR,Skyline Builders Group Holding Ltd,1700,Construction - Special Trade Contractors,KOWLOON BAY,,99907
0001838987,SPWR,SunPower Inc.,1700,Construction - Special Trade Contractors,OREM,UT,84097
0001849466,TCBS,"Texas Community Bancshares, Inc.",6036,"Savings Institutions, Not Federally Chartered",MINEOLA,TX,75773
0000766792,CVV,CVD EQUIPMENT CORP,3559,"Special Industry Machinery, NEC",CENTRAL ISLIP,NY,11722
0001819253,BTMD,biote Corp.,2833,Medicinal Chemicals & Botanical Products,IRVING,TX,75038
0001837493,QTEX,QTREX Quantum Ltd.,3841,Surgical & Medical Instruments & Apparatus,RA'ANANA,,
0001813241,GPGCF,Great Pacific Gold Corp.,,,VANCOUVER,A1,V6E3V
0001494891,SRTS,"Sensus Healthcare, Inc.",3841,Surgical & Medical Instruments & Apparatus,BOCA RATON,FL,33487
0001017303,TACT,TRANSACT TECHNOLOGIES INC,3577,"Computer Peripheral Equipment, NEC",HAMDEN,CT,06518
0002016337,PTLE,PTL Ltd,5172,Wholesale-Petroleum & Petroleum Products (No Bulk Stations),HONG KONG,K3,00000
0001570505,PLLMF,EDGE COPPER Corp,,,VANCOUVER,,V6E 3
0001865111,ALSAF,Alpha Star Acquisition Corp,7372,Services-Prepackaged Software,NEW YORK,NY,10007
0001844392,MRAI,"Marpai, Inc.",8090,"Services-Misc Health & Allied Services, NEC",TAMPA,FL,33602
0000946936,DSWL,DESWELL INDUSTRIES INC,3089,"Plastics Products, NEC",MACAO,,
0000894871,AREN,"Arena Group Holdings, Inc.",4841,Cable & Other Pay Television Services,NEW YORK,NY,10281
0001319183,FMY,FIRST TRUST MORTGAGE INCOME FUND,,,WHEATON,IL,60187
0001339970,ATYR,aTYR PHARMA INC,2836,"Biological Products, (No Diagnostic Substances)",SAN DIEGO,CA,92121
0001378140,OPTT,"Ocean Power Technologies, Inc.",4911,Electric Services,MONROE TOWNSHIP,NJ,08831
0001538189,SMOFF,Sonoro Gold Corp.,,,WEST VANCOUVER,A1,V7V 1
0002000775,BKHA,Black Hawk Acquisition Corp,2836,"Biological Products, (No Diagnostic Substances)",DANVILLE,CA,94506
0001091596,AURX,"Nuo Therapeutics, Inc.",3841,Surgical & Medical Instruments & Apparatus,HOUSTON,TX,77054
0001039280,NTWK,NETSOL TECHNOLOGIES INC,7372,Services-Prepackaged Software,"ENCINO,",CA,91436
0001834105,IBO,IMPACT BIOMEDICAL INC.,2834,Pharmaceutical Preparations,HOUSTON,TX,77084
0000867840,POCI,"PRECISION OPTICS CORPORATION, INC.",3845,Electromedical & Electrotherapeutic Apparatus,LITTLETON,MA,01460
0001196298,NEPH,NEPHROS INC,3841,Surgical & Medical Instruments & Apparatus,SOUTH ORANGE,NJ,07079
0002026353,ATHR,"Aether Holdings, Inc.",7372,Services-Prepackaged Software,NEW YORK,NY,10018
0002028201,COLA,Columbus Acquisition Corp/Cayman Islands,6770,Blank Checks,GRAND CAYMAN,E9,KY1-9
0001682639,HYPD,"HYPERION DEFI, INC.",2834,Pharmaceutical Preparations,DALLAS,TX,75219
0001263364,COPR,Idaho Copper Corp,1000,Metal Mining,BOISE,ID,83702
0001487918,OFS,OFS Capital Corp,,,CHICAGO,IL,60606
0001846839,STKE,SOL Strategies Inc.,6199,Finance Services,TORONTO,,M5X 1
0001719714,MREO,Mereo BioPharma Group plc,2834,Pharmaceutical Preparations,LONDON,,W1G 0
0000880984,ACFN,"ACORN ENERGY, INC.",8711,Services-Engineering Services,WILMINGTON,DE,19801
0001094032,QDMI,QDM International Inc.,6411,"Insurance Agents, Brokers & Service",KOWLOON,K3,00000
0001657800,ESAUF,ESGold Corp.,,,VANCOUVER,A1,V6E 4
0001031316,FSP,FRANKLIN STREET PROPERTIES CORP /MA/,6798,Real Estate Investment Trusts,WAKEFIELD,MA,01880
0001939479,USPCY,China Strategic Technology Group Limited/ADR,3510,Engines & Turbines,NEW YORK,NY,10271
0001973062,VIDA,VIDA Global Inc.,7372,Services-Prepackaged Software,CEDAR PARK,TX,78613
0002063863,ELWT,"Elauwit Connection, Inc.",4899,"Communications Services, NEC",COLUMBIA,SC,29209
0001742770,VIOT,"Viomi Technology Co., Ltd",3630,Household Appliances,"GUANGZHOU, GUANGDONG",,51020
0001957489,ABLV,Able View Global Inc.,5960,Retail-Nonstore Retailers,SHANGHAI,,
0002067767,NXB,NextBoat Inc.,3730,Ship & Boat Building & Repairing,WILMINGTON,NC,28401
0001784440,BHIC,"BioScience Health Innovations, Inc.",7374,Services-Computer Processing & Data Preparation,BLUFFDALE,UT,84065
0002020987,YHNA,YHN Acquisition I Ltd,6770,Blank Checks,WANCHAI,,
0002078149,VRHI,"Veri MedTech Holdings, Inc.",7374,Services-Computer Processing & Data Preparation,MCLEAN,VA,22102
0001826889,BODI,"Beachbody Company, Inc.",5960,Retail-Nonstore Retailers,EL SEGUNDO,CA,
0001800392,MLGO,MicroAlgo Inc.,7371,Services-Computer Programming Services,NEW YORK,NY,10173
0001453593,XTNT,"Xtant Medical Holdings, Inc.",3841,Surgical & Medical Instruments & Apparatus,BELGRADE,MT,59714
0001842952,CNTX,Context Therapeutics Inc.,2834,Pharmaceutical Preparations,PHILADELPHIA,PA,19103
0001650696,LSF,"Laird Superfood, Inc.",2000,Food and Kindred Products,BOULDER,CO,80301
0001080340,LOAN,"MANHATTAN BRIDGE CAPITAL, INC",6798,Real Estate Investment Trusts,"GREAT NECK,",NY,11021
0000013156,GLXZ,"Galaxy Gaming, Inc.",7900,Services-Amusement & Recreation Services,LAS VEGAS,NV,89118
0001939965,SLMT,Brera Holdings PLC,6199,Finance Services,DUBLIN 4,L2,D04 C
0001991332,MKDW,MKDWELL Tech Inc.,3600,Electronic & Other Electrical Equipment (No Computer Equip),HSINCHU CITY,F5,300
0001886190,GGR,Gogoro Inc.,3711,Motor Vehicles & Passenger Car Bodies,TAIPEI,F5,105
0001969928,TJGC,TJGC GROUP Ltd,7311,Services-Advertising Agencies,"HUNGHOM, KOWLOON",,
0001785279,MGX,"Metagenomi Therapeutics, Inc.",2836,"Biological Products, (No Diagnostic Substances)",EMERYVILLE,CA,94608
0001714562,GAME,"GameSquare Holdings, Inc.",7900,Services-Amusement & Recreation Services,FRISCO,TX,75034
0001723464,BHST,BIOHARVEST SCIENCES INC.,2834,Pharmaceutical Preparations,VANCOUVER,A1,V6C 2
0001530185,ATVK,"Globaltek Ventures, Inc.",3714,Motor Vehicle Parts & Accessories,CHICAGO,IL,60604
0001757840,INDO,Indonesia Energy Corp Ltd,1311,Crude Petroleum & Natural Gas,JAKARTA SELATAN,K8,12780
0001678748,ISTKF,Intellistake Technologies Corp.,,,VANCOUVER,,V6C 1
0001609809,MCRB,"Seres Therapeutics, Inc.",2834,Pharmaceutical Preparations,CAMBRIDGE,MA,02139
0001383395,SQNS,SEQUANS COMMUNICATIONS,3674,Semiconductors & Related Devices,COLOMBES,I0,92700
0001800637,RYM,"RYTHM, Inc.",0700,Agricultural Services,ROLLING MEADOWS,IL,60008
0001132105,SPWH,"SPORTSMAN'S WAREHOUSE HOLDINGS, INC.",5940,Retail-Miscellaneous Shopping Goods Stores,WEST JORDAN,UT,84088
0002053456,TGE,Generation Essentials Group,2721,Periodicals: Publishing or  Publishing & Printing,GEORGE TOWN,E9,KY1-1
0001867834,BRAG,Bragg Gaming Group Inc.,7377,Services-Computer Rental & Leasing,TORONTO,,M5X 1
0001444192,GRCE,"Grace Therapeutics, Inc.",2834,Pharmaceutical Preparations,PRINCETON,NJ,08540
0002014254,KBSX,FST Corp.,3949,"Sporting & Athletic Goods, NEC",CHIAYI COUNTY,,
0001069530,FLNA,"FILANA THERAPEUTICS, INC.",2834,Pharmaceutical Preparations,AUSTIN,TX,78731
0001054102,IDXG,"INTERPACE BIOSCIENCES, INC.",3841,Surgical & Medical Instruments & Apparatus,PARSIPPANY,NJ,07054
0001835385,MBBC,"Marathon Bancorp, Inc. /MD/",6036,"Savings Institutions, Not Federally Chartered",WAUSAU,WI,54403
0001841761,GROV,"Grove Collaborative Holdings, Inc.",5961,Retail-Catalog & Mail-Order Houses,SAN FRANCISCO,CA,94111
0001895597,ICG,Intchains Group Ltd,3674,Semiconductors & Related Devices,SHANGHAI,,
0001603993,AIOS,AIOS Tech Inc.,3490,Miscellaneous Fabricated Metal Products,HUNGHOM,,
0001706404,AZZTF,Aztec Minerals Corp.,,,VANCOUVER,A1,V6C 2
0001540159,EDSA,"Edesa Biotech, Inc.",2834,Pharmaceutical Preparations,MARKHAM,,
0001872302,NA,Nano Labs Ltd,3674,Semiconductors & Related Devices,HANGZHOU,F4,31000
0001964946,YAAS,Youxin Technology Ltd,7372,Services-Prepackaged Software,"GUANGZHOU, GUANGDONG PROVINCE",F4,51000
0001106644,CPHI,"CHINA PHARMA HOLDINGS, INC.",2834,Pharmaceutical Preparations,HAINAN PROVINCE,F4,57021
0002025774,ALPS,Alps Group Inc,8000,Services-Health Services,KUALA LUMPUR,,
0001769697,FNUC,Frontier Nuclear & Minerals Inc.,1090,Miscellaneous Metal Ores,WINNIPEG,,
0001297341,KFFB,Kentucky First Federal Bancorp,6035,"Savings Institution, Federally Chartered",HAZARD,KY,41702
0001978528,QETA,Quetta Acquisition Corp,6770,Blank Checks,NEW YORK,NY,10036
0001525306,FSTJ,First America Resources Corp,5065,"Wholesale-Electronic Parts & Equipment, NEC",MORRIS,IL,60450
0001841675,ARBK,Argo Blockchain Plc,6199,Finance Services,LONDON,,W1W 8
0001992818,ZOOZ,ZOOZ Strategy Ltd.,3590,Misc Industrial & Commercial Machinery & Equipment,LOD,,
0001005101,MGLD,"Marygold Companies, Inc.",6199,Finance Services,SAN CLEMENTE,CA,92672
0001780201,LVLU,"Lulu's Fashion Lounge Holdings, Inc.",5961,Retail-Catalog & Mail-Order Houses,CHICO,CA,95973
0001587603,WNRS,"WINNERS, INC.",7900,Services-Amusement & Recreation Services,RENO,NV,89502
0000863894,VERU,VERU INC.,2834,Pharmaceutical Preparations,MIAMI,FL,33127
0001606242,VTIX,Virtuix Holdings Inc.,3577,"Computer Peripheral Equipment, NEC",AUSTIN,TX,78758
0000718332,RAVE,"RAVE RESTAURANT GROUP, INC.",5140,Wholesale-Groceries & Related Products,THE COLONY,TX,75056
0000065770,MVIS,"MICROVISION, INC.",3679,"Electronic Components, NEC",REDMOND,WA,98052
0001676047,NTRB,NutriBand Inc.,3842,"Orthopedic, Prosthetic & Surgical Appliances & Supplies",ORLANDO,FL,32801
0000846913,FTEK,"FUEL TECH, INC.",3564,Industrial & Commercial Fans & Blowers & Air Purifing Equip,WARRENVILLE,IL,60555
0002119416,OP,OpenPayd Global Holdings Ltd,7389,"Services-Business Services, NEC",LONDON,,EC1V 
0001952853,MAMO,Massimo Group,3790,Miscellaneous Transportation Equipment,GARLAND,TX,75041
0000933972,SCWO,374Water Inc.,3621,Motors & Generators,DURHAM,NC,27701
0002056030,SPMEF,South Pacific Metals Corp.,,,VANCOUVER,A1,V6E 2
0001417663,SNWV,"SANUWAVE Health, Inc.",3841,Surgical & Medical Instruments & Apparatus,EDEN PRAIRIE,MN,
0001368845,TKRFF,TINKA RESOURCES Ltd,,,VANCOUVER,A1,V6E 3
0001832487,GUER,"Guerrilla RF, Inc.",3674,Semiconductors & Related Devices,GREENSBORO,NC,27455
0001993431,MCRP,Micropolis AI Robotics,3714,Motor Vehicle Parts & Accessories,DUBAI,,
0001420529,AACG,ATA Creativity Global,8200,Services-Educational Services,"BAOHE, HEFEI, ANHUI",F4,23005
0001847846,EUDA,EUDA Health Holdings Ltd,8000,Services-Health Services,EUNOS TECHPARK,,41597
0001503802,KPTI,Karyopharm Therapeutics Inc.,2834,Pharmaceutical Preparations,NEWTON,MA,02459
0001156041,AGIG,"ABUNDIA GLOBAL IMPACT GROUP, INC.",1311,Crude Petroleum & Natural Gas,HOUSTON,TX,77056
0002010959,AHMA,AMBITIONS ENTERPRISE MANAGEMENT CO. L.L.C,7900,Services-Amusement & Recreation Services,DUBAI,,
0001433607,NSPR,"InspireMD, Inc.",3841,Surgical & Medical Instruments & Apparatus,MIAMI,FL,33126
0001665300,PHUN,"Phunware, Inc.",7374,Services-Computer Processing & Data Preparation,AUSTIN,TX,78701
0000832370,EAXR,"Ealixir, Inc.",7372,Services-Prepackaged Software,MIAMI,FL,33130
0001843656,RMCO,Royalty Management Holding Corp,6794,Patent Owners & Lessors,FISHERS,IN,46038
0001464165,BETRF,BetterLife Pharma Inc.,2834,Pharmaceutical Preparations,VANCOUVER,A1,V6H 1
0001040161,PXLW,"PIXELWORKS, INC",7372,Services-Prepackaged Software,PORTLAND,OR,97224
0000923883,TLTFF,THERALASE TECHNOLOGIES INC /FI,,,TORONTO ONTARIO,A6,M5J15
0001933021,PLUT,Plutus Financial Group Ltd,6200,"Security & Commodity Brokers, Dealers, Exchanges & Services",HONG KONG,F4,00000
0001847075,SAIH,SAIHEAT Ltd,6199,Finance Services,NEW YORK,NY,10022
0002029039,NSRX,Nasus Pharma Ltd,2834,Pharmaceutical Preparations,TEL AVIV - YAFO,L3,66180
0001718500,AXIL,"Axil Brands, Inc.",2844,"Perfumes, Cosmetics & Other Toilet Preparations",BEVERLY HILLS,CA,90212
0000723603,CULP,CULP INC,2211,"Broadwoven Fabric Mills, Cotton",HIGH POINT,NC,27262
0000926423,MIND,"MIND TECHNOLOGY, INC",3812,"Search, Detection, Navigation, Guidance, Aeronautical Sys",THE WOODLANDS,TX,77380
0001869137,MHUBF,MineHub Technologies Inc.,,,VANCOUVER,A1,V6E 2
0002028177,YOUL,Youlife Group Inc.,8200,Services-Educational Services,SHANGHAI,F4,20190
0001624326,PAVM,PAVmed Inc.,3841,Surgical & Medical Instruments & Apparatus,NEW YORK,NY,10017
0001218683,BGDE,"Big Digital Energy, Inc.",6199,Finance Services,MIDLAND,PA,15059
0001900679,TETEF,Technology & Telecommunication Acquisition Corp,7389,"Services-Business Services, NEC",MIAMI,FL,33130
0002017950,DTSQ,DT Cloud Star Acquisition Corp,6770,Blank Checks,JERSEY CITY,NJ,07302
0000850027,GRF,"EAGLE CAPITAL GROWTH FUND, INC.",,,MILWAUKEE,WI,53202
0000719733,KTCC,KEY TRONIC CORP,3672,Printed Circuit Boards,SPOKANE,WA,99216
0001846715,WAVE,Eco Wave Power Global AB (publ),4911,Electric Services,STOCKHOLM,V7,11456
0001873875,IXHL,Incannex Healthcare Inc.,2834,Pharmaceutical Preparations,NORWEST NSW,,
0001882464,MSSAF,Metal Sky Star Acquisition Corp,6770,Blank Checks,HOBOKEN,NJ,07030
0001822359,DCGO,DocGo Inc.,8000,Services-Health Services,NEW YORK,NY,10017
0002000530,GMHS,Gamehaus Holdings Inc.,7374,Services-Computer Processing & Data Preparation,SHANGHAI,F4,20121
0001844505,QTI,"QT IMAGING HOLDINGS, INC.",3845,Electromedical & Electrotherapeutic Apparatus,NOVATO,CA,94949
0001635729,EQTRF,Altamira Gold Corp.,,,VANCOUVER,A1,V6C 1
0000754811,GROW,U S GLOBAL INVESTORS INC,6282,Investment Advice,SAN ANTONIO,TX,78229
0001853044,AERT,"Aeries Technology, Inc.",8742,Services-Management Consulting Services,GEORGE TOWN,,
0000855683,MLSS,MILESTONE SCIENTIFIC INC.,3842,"Orthopedic, Prosthetic & Surgical Appliances & Supplies",LIVINGSTON,NJ,07039
0001723935,STG,Sunlands Technology Group,8200,Services-Educational Services,BEIJING,,
0001727370,SAGGF,Sterling Metals Corp.,,,TORONTO,A6,M5B 1
0001753673,SJ,Scienjoy Holding Corp,7374,Services-Computer Processing & Data Preparation,"HANGZHOU, ZHEJIANG PROVINCE",F4,31111
0001841209,HOLO,MicroCloud Hologram Inc.,7370,"Services-Computer Programming, Data Processing, Etc.",NEW YORK,NY,10017
0000864240,SYPR,SYPRIS SOLUTIONS INC,3823,"Industrial Instruments For Measurement, Display, and Control",LOUISVILLE,KY,40222
0001799448,ALGS,"Aligos Therapeutics, Inc.",2836,"Biological Products, (No Diagnostic Substances)",SOUTH SAN FRANCISCO,CA,94080
0002001288,PN,PN Smart Energy Ltd,5045,Wholesale-Computers & Peripheral Equipment & Software,ZHEJIANG PROVINCE,,
0001467761,FIEE,"FiEE, Inc.",3661,Telephone & Telegraph Apparatus,OSAKA,,
0001993727,SNT,Senstar Technologies Corp,3669,"Communications Equipment, NEC",OTTAWA,,
0001708527,ELUT,ELUTIA INC.,2836,"Biological Products, (No Diagnostic Substances)",SILVER SPRING,MD,20904
0001965473,CCG,Cheche Group Inc.,6411,"Insurance Agents, Brokers & Service",BEIJING,F4,10008
0001355848,TOON,"Kartoon Studios, Inc.",7812,Services-Motion Picture & Video Tape Production,BEVERLY HILLS,CA,90210
0002038378,ACCL,Acco Group Holdings Ltd,8742,Services-Management Consulting Services,HONG KONG,K3,00000
0001820190,SCLX,Scilex Holding Co,2836,"Biological Products, (No Diagnostic Substances)",PALO ALTO,CA,94303
0001974044,MNY,MoneyHero Ltd,7389,"Services-Business Services, NEC",SINGAPORE,U0,07911
0001865506,ZEO,Zeo Energy Corp.,1700,Construction - Special Trade Contractors,DALLAS,TX,75225
0001333493,EHTH,"eHealth, Inc.",6411,"Insurance Agents, Brokers & Service",INDIANAPOLIS,IN,46240
0001726906,KCCFF,Kutcho Copper Corp.,,,VANCOUVER,A1,V6E 2
0001912884,RPGL,Republic Power Group Ltd,7372,Services-Prepackaged Software,SINGAPORE,U0,S3492
0001720553,PHNMF,Phenom Resources Corp.,,,VANCOUVER,A1,V6E 3
0001873454,RYET,Ruanyun Edai Technology Inc.,7372,Services-Prepackaged Software,JIANGXI,F4,33009
0001319150,PBMLF,Pacific Booker Minerals Inc.,1000,Metal Mining,VANCOUVER,A1,V6E 3
0001817161,HWAUF,Headwater Gold Inc.,,,VANCOUVER,A1,V6E 4
0001053691,CRVO,CervoMed Inc.,2834,Pharmaceutical Preparations,BOSTON,MA,02116
0002018145,RDAC,Rising Dragon Acquisition Corp.,6770,Blank Checks,TAIYUAN CITY,,
0000830616,SCIA,"SCI Engineered Materials, Inc.",3620,Electrical Industrial Apparatus,COLUMBUS,OH,43228
0000849145,HGBL,Heritage Global Inc.,7389,"Services-Business Services, NEC",SAN DIEGO,CA,92121
0001817004,NXXT,"NEXTNRG, INC.",5500,Retail-Auto Dealers & Gasoline Stations,MIAMI BEACH,FL,33139
0001979005,AFJK,"Aimei Health Technology Co., Ltd.",6770,Blank Checks,NEW YORK,NY,10022
0001040130,PETS,PETMED EXPRESS INC,5912,Retail-Drug Stores and Proprietary Stores,DELRAY BEACH,FL,33445
0001859035,MCAG,Mountain Crest Acquisition Corp. V,3841,Surgical & Medical Instruments & Apparatus,NEW YORK,NY,10012
0001894942,FRFAF,Fresh Factory B.C. Ltd.,,,CAROL STREAM,IL,60188
0001356093,CREX,"CREATIVE REALITIES, INC.",7373,Services-Computer Integrated Systems Design,LOUISVILLE,KY,
0001733868,CNF,CNFinance Holdings Ltd.,6199,Finance Services,GUANGDONG PROVINCE,F4,00000
0001083522,JSDA,JONES SODA CO.,2080,Beverages,SEATTLE,WA,98134
0001667313,ZDGE,"Zedge, Inc.",7372,Services-Prepackaged Software,NEW YORK,NY,10001
0001099160,BBGI,BEASLEY BROADCAST GROUP INC,4832,Radio Broadcasting Stations,NAPLES,FL,34103
0001070789,HYOR,HyOrc Corp,8711,Services-Engineering Services,SAN DIEGO,CA,92130
0001391933,QNTO,"QUAINT OAK BANCORP, INC.",6036,"Savings Institutions, Not Federally Chartered",SOUTHAMPTON,PA,18966
0001089872,GAIA,"GAIA, INC",7812,Services-Motion Picture & Video Tape Production,LOUISVILLE,CO,80027
0001682220,SACH,Sachem Capital Corp.,6798,Real Estate Investment Trusts,BRANFORD,CT,06405
0001982444,BDMD,Baird Medical Investment Holdings Ltd,3841,Surgical & Medical Instruments & Apparatus,SHEUNG WAN,,
0001852973,BRLS,Borealis Foods Inc.,2000,Food and Kindred Products,OAKVILLE,A6,L6J 7
0001846084,JETMF,Global Crossing Airlines Group Inc.,4512,"Air Transportation, Scheduled",MIAMI,FL,33166
0001918151,RGCCF,Relevant Gold Corp.,,,VANCOUVER,A1,V6E 2
0001210708,STRR,"Star Equity Holdings, Inc.",7363,Services-Help Supply Services,OLD GREENWICH,CT,06870
0001591890,FGNX,FG Nexus Inc.,6199,Finance Services,CHARLOTTE,NC,28226
0001772720,SPRU,SPRUCE POWER HOLDING CORP,4911,Electric Services,HOUSTON,TX,77024
0001270436,COHN,Cohen & Co Inc.,6211,"Security Brokers, Dealers & Flotation Companies",PHILADELPHIA,PA,19104
0001883814,SLND,"Southland Holdings, Inc.",1600,Heavy Construction Other Than Bldg Const - Contractors,GRAPEVINE,TX,76051
0001877333,THCH,TH International Ltd,5812,Retail-Eating  Places,NEW YORK,NY,10017
0000728385,BCHT,Birchtech Corp.,3829,"Measuring & Controlling Devices, NEC",CORSICANA,TX,75109
0001796949,GFLT,"GenFlat Holdings, Inc.",8742,Services-Management Consulting Services,TOOELE,UT,84074
0001085243,VTSI,"VirTra, Inc",3990,Miscellaneous Manufacturing Industries,CHANDLER,AZ,85225
0001956741,ZONE,"CleanCore Solutions, Inc.",2842,"Specialty Cleaning, Polishing and Sanitation Preparations",OMAHA,NE,68137
0001425287,WKHS,Workhorse Group Inc.,3711,Motor Vehicles & Passenger Car Bodies,WIXOM,MI,48393
0001538495,ETST,"Earth Science Tech, Inc.",2834,Pharmaceutical Preparations,MIAMI,FL,33156
0002010499,DGNX,Diginex Ltd,7374,Services-Computer Processing & Data Preparation,LONDON,,SW1V 
0001682241,MATH,Metalpha Technology Holding Ltd,6199,Finance Services,WAN CHAI,,
0001610820,BCTX,BriaCell Therapeutics Corp.,2834,Pharmaceutical Preparations,WEST VANCOUVER,A1,V7T 2
0000911147,CNTY,CENTURY CASINOS INC /CO/,7011,Hotels & Motels,COLORADO SPRINGS,CO,80903
0001872525,SWAG,"Stran & Company, Inc.",7311,Services-Advertising Agencies,QUINCY,MA,02171
0001994214,NOMA,Nomadar Corp.,7900,Services-Amusement & Recreation Services,MARSHALL,TX,75670
0002032755,PFAI,Pinnacle Food Group Ltd,0700,Agricultural Services,VANCOUVER,A1,V6C 2
0001828161,FTCI,"FTC Solar, Inc.",3674,Semiconductors & Related Devices,AUSTIN,TX,
0001422532,RKHNF,ROCKHAVEN RESOURCES LTD,,,VANCOUVER,A1,V6B 1
0001993463,YSXT,"YSX Tech Co., Ltd",7500,"Services-Automotive Repair, Services & Parking",GUANGZHOU,,51022
0001138723,ARAY,ACCURAY INC,3841,Surgical & Medical Instruments & Apparatus,MADISON,WI,53717
0001903595,HODO,House of Doge Inc.,6199,Finance Services,MIAMI,FL,33137
0001065078,NTIP,"NETWORK-1 TECHNOLOGIES, INC.",6794,Patent Owners & Lessors,NEW CANAAN,CT,06840
0001110607,KLNG,"Koil Energy Solutions, Inc.",3533,Oil & Gas Field Machinery & Equipment,HOUSTON,TX,77073
0002051820,MLCI,Mount Logan Capital Inc.,6282,Investment Advice,NEW YORK,NY,10022
0001737339,JG,Aurora Mobile Ltd,7370,"Services-Computer Programming, Data Processing, Etc.","NANSHAN DISTRICT, SHENZHEN",,51805
0001738827,KLXE,"KLX Energy Services Holdings, Inc.",1389,"Oil & Gas Field Services, NEC",HOUSTON,TX,77056
0001743344,PYRGF,PyroGenesis Canada Inc.,2834,Pharmaceutical Preparations,MONTREAL,A8,H3J 1
0001394039,CYDVF,Century Lithium Corp.,,,VANCOUVER,,V7X 1
0001997201,PSIG,PS International Group Ltd.,4731,Arrangement of  Transportation of  Freight & Cargo,HONG KONG,,
0000862692,CCEL,CRYO CELL INTERNATIONAL INC,8090,"Services-Misc Health & Allied Services, NEC",OLDSMAR,FL,34677
0000813298,DXLG,"DESTINATION XL GROUP, INC.",5651,Retail-Family Clothing Stores,CANTON,MA,02021
0001388320,ATNM,"Actinium Pharmaceuticals, Inc.",2834,Pharmaceutical Preparations,NEW YORK,NY,10017
0001370416,WPRT,WESTPORT FUEL SYSTEMS INC.,3510,Engines & Turbines,VANCOUVER,A1,V6P6G
0001643154,ITHUF,"iANTHUS CAPITAL HOLDINGS, INC.",0100,Agricultural Production-Crops,VANCOUVER,A1,V6E 3
0001123494,HBIO,HARVARD BIOSCIENCE INC,3826,Laboratory Analytical Instruments,HOLLISTON,MA,01746
0001102993,LPSN,LIVEPERSON INC,7372,Services-Prepackaged Software,NEW YORK,NY,10018
0001844971,VIP,Vulcan Infrastructure & Power Inc.,6199,Finance Services,PITTSFORD,NY,14534
0002000230,BRIA,BrilliA Inc,2300,Apparel & Other Finishd Prods of  Fabrics & Similar Matl,SINGAPORE,U0,23885
0001662774,QNCX,"Quince Therapeutics, Inc.",2836,"Biological Products, (No Diagnostic Substances)",SOUTH SAN FRANCISCO,CA,94080
0001600983,KSCP,"Knightscope, Inc.",3669,"Communications Equipment, NEC",SUNNYVALE,CA,94085
0002027722,GRAN,Grande Group Ltd/HK,6199,Finance Services,HONG KONG,K3,00000
0001961847,INHD,INNO HOLDINGS INC.,5990,"Retail-Retail Stores, NEC",TSIM SHA TSUI,,
0001379006,NNVC,"NANOVIRICIDES, INC.",2834,Pharmaceutical Preparations,SHELTON,CT,06484
0001009922,NSFDF,NXT Energy Solutions Inc.,1382,Oil & Gas Field Exploration Services,"CALGARY, T3E 0B4",A0,90035
0001790693,DGNOF,Diagnos Inc.,,,BROSSARD,A8,J4Z 1
0001275477,BMNM,"BIMINI CAPITAL MANAGEMENT, INC.",6798,Real Estate Investment Trusts,VERO BEACH,FL,32963
0000722313,NSYS,NORTECH SYSTEMS INC,3679,"Electronic Components, NEC",MAPLE GROVE,MN,55369
0000872699,KDKGF,KLONDIKE GOLD CORP /FI,1040,Gold and Silver Ores,VANCOUVER,A1,V7X 1
0001504678,LOOP,"Loop Industries, Inc.",2800,Chemicals & Allied Products,TERREBONNE,A8,J6Y 1
0001775734,BENF,Beneficient,6199,Finance Services,DALLAS,TX,75201
0000056701,KOSS,KOSS CORP,3651,Household Audio & Video Equipment,MILWAUKEE,WI,53212
0001746119,VGES,Vanguard Green Investment Ltd,7200,Services-Personal Services,TAIPEI CITY,F5,10642
0000831609,CXXIF,C21 Investments Inc.,2833,Medicinal Chemicals & Botanical Products,VANCOUVER,,V6C 3
0000101295,UG,UNITED GUARDIAN INC,2844,"Perfumes, Cosmetics & Other Toilet Preparations",HAUPPAUGE,NY,11788
0001684662,VIPRF,SILVER VIPER MINERALS CORP.,,,VANCOUVER,A1,V6E 2
0001847806,GNS,Genius Group Ltd,7372,Services-Prepackaged Software,SINGAPORE,U0,04995
0001839530,XBP,"XBP Global Holdings, Inc.",7389,"Services-Business Services, NEC",IRVING,TX,75063
0001539850,STCB,"Starco Brands, Inc.",7311,Services-Advertising Agencies,SANTA MONICA,CA,90402
0001619544,JFU,9F Inc.,6199,Finance Services,"CHAOYANG DISTRICT, BEIJING",,
0002038439,VWAV,"VisionWave Holdings, Inc.",7372,Services-Prepackaged Software,WEST HOLLYWOOD,CA,90046
0000896493,GPUS,"Hyperscale Data, Inc.",3533,Oil & Gas Field Machinery & Equipment,LAS VEGAS,NV,89141
0001262104,LITS,"Lite Strategy, Inc.",2834,Pharmaceutical Preparations,SAN DIEGO,CA,92121
0001005516,BOSC,BOS BETTER ONLINE SOLUTIONS LTD,3576,Computer Communications Equipment,RISHON LEZION,,
0001549145,BIOF,"BLUE BIOFUELS, INC.",2860,Industrial Organic Chemicals,PALM BEACH GARDENS,FL,33401
0001888525,MF,MindForge Inc.,7370,"Services-Computer Programming, Data Processing, Etc.",BEIJING,,10130
0001059689,NALG,North America Lithium & Gold Corp,9995,Non-Operating Establishments,GURNEE,WY,
0001387473,TIGCF,Triumph Gold Corp.,,,VANCOUVER,A1,V6E3V
0001534708,BLNE,"Beeline Holdings, Inc.",6162,Mortgage Bankers & Loan Correspondents,PROVIDENCE,RI,02909
0001547546,LFT,"Lument Finance Trust, Inc.",6798,Real Estate Investment Trusts,NEW YORK,NY,10169
0000083350,RSRV,RESERVE PETROLEUM CO,1311,Crude Petroleum & Natural Gas,OKLAHOMA CITY,OK,73116
0001738906,YI,"111, Inc.",5912,Retail-Drug Stores and Proprietary Stores,SHANGHAI,,20120
0001967656,PFSB,"PFS Bancorp, Inc.",6036,"Savings Institutions, Not Federally Chartered",PERU,IL,61354
0001844417,ESLA,"Estrella Immunopharma, Inc.",2836,"Biological Products, (No Diagnostic Substances)",EMERYVILLE,CA,94608
0001449792,PPSI,"PIONEER POWER SOLUTIONS, INC.",3690,"Miscellaneous Electrical Machinery, Equipment & Supplies",FORT LEE,NJ,07024
0001934642,MDBH,"MDB Capital Holdings, LLC",6199,Finance Services,DALLAS,TX,95229
0001680637,NUR,Nuran Wireless Inc.,3576,Computer Communications Equipment,QUEBEC,,
0001038277,INIS,RADNOSTIX INC,3823,"Industrial Instruments For Measurement, Display, and Control",IDAHO FALLS,ID,83401
0000924396,CRSF,Crisp Momentum Inc.,6199,Finance Services,NEW YORK,NY,10017
0002039273,JAGU,Jaguar Uranium Corp.,1000,Metal Mining,ONTARIO,Z4,L4J 3
0000025895,CRWS,CROWN CRAFTS INC,2211,"Broadwoven Fabric Mills, Cotton",GONZALES,LA,70737
0001663038,QTZM,Quantum Genesis AI Corp.,2860,Industrial Organic Chemicals,SAN DIEGO,CA,92127
0001398805,BEEM,Beam Global,3690,"Miscellaneous Electrical Machinery, Equipment & Supplies",SAN DIEGO,CA,92121
0001904286,MIRA,"MIRA PHARMACEUTICALS, INC.",2834,Pharmaceutical Preparations,MIAMI,FL,33131
0000862651,INVU,"Investview, Inc.",7389,"Services-Business Services, NEC",HAVERFORD,PA,19041
0001871983,ANGH,Anghami Inc,4899,"Communications Services, NEC","AL MARYAH ISLAND, ABU DHABI",,
0001297937,PRKA,"PARKS AMERICA, INC",7990,Services-Miscellaneous Amusement & Recreation,PINE MOUNTAIN,GA,31822
0000880406,HERZ,"Herzfeld Credit Income Fund, Inc",,,MIAMI BEACH,FL,33139
0000081955,RAND,RAND CAPITAL CORP,,,BUFFALO,NY,14203
0000351998,DAIO,DATA I/O CORP,3825,Instruments For Meas & Testing of  Electricity & Elec Signals,REDMOND,WA,98052
0001041024,RMTI,"ROCKWELL MEDICAL, INC.",2834,Pharmaceutical Preparations,WIXOM,MI,48393
0001434524,CLIR,ClearSign Technologies Corp,3823,"Industrial Instruments For Measurement, Display, and Control",TULSA,OK,74133
0001916331,NCI,Neo-Concept International Group Holdings Ltd,2300,Apparel & Other Finishd Prods of  Fabrics & Similar Matl,HONG KONG,,
0001621906,WSTRF,Western Uranium & Vanadium Corp.,1090,Miscellaneous Metal Ores,TORONTO,,
0001760233,GIFT,"GIFTIFY, INC.",5961,Retail-Catalog & Mail-Order Houses,SCHAUMBURG,IL,60172
0001442236,QRHC,Quest Resource Holding Corp,4953,Refuse Systems,IRVING,TX,75039
0001677940,BYSI,BeyondSpring Inc.,2834,Pharmaceutical Preparations,FLORHAM PARK,NJ,07932
0001790607,EMGDF,Eminent Gold Corp.,,,BURNABY,A1,V5H 1
0001800890,LFLRF,LaFleur Minerals Inc..,,,VANCOUVER,,
0001333274,MERC,MERCER INTERNATIONAL INC.,2611,Pulp Mills,VANCOUVER,A1,V6C 1
0001567663,ATCMF,ATICO MINING Corp,,,VANCOUVER,A1,V6C 1
0001367993,HAFG,"Holistic Asset Finance Group Co., Ltd.",7380,Services-Miscellaneous Business Services,"BEIJING,",,
0001479480,CGDXF,XALI GOLD CORP.,,,VANCOUVER,A1,V6E 2
0001877778,TTIPF,"Thiogenesis Therapeutics, Corp.",,,TORONTO,A6,M5H 1
0001489300,ZLME,Zhanling International Ltd,1000,Metal Mining,CARSON CITY,NV,89701
0001522767,MRMD,MARIMED INC.,2833,Medicinal Chemicals & Botanical Products,NORWOOD,MA,02062
0001963088,ATCH,"AtlasClear Holdings, Inc.",6199,Finance Services,TAMPA,FL,33607
0001661059,NXTC,"NextCure, Inc.",2834,Pharmaceutical Preparations,BELTSVILLE,MD,20705
0001763950,LTRN,Lantern Pharma Inc.,2834,Pharmaceutical Preparations,DALLAS,TX,75201
0000889353,SNTL,Sentinel Holdings Ltd.,7200,Services-Personal Services,SANTA CLARA,CA,95050
0000921299,KYNB,"KYNTRA BIO, INC.",2834,Pharmaceutical Preparations,SAN FRANCISCO,CA,94133
0001652935,ACTU,"ACTUATE THERAPEUTICS, INC.",2834,Pharmaceutical Preparations,FORT WORTH,TX,76107
0001537317,IEGCF,Independence Gold Corp.,,,VANCOUVER,A1,V6B 4
0002032779,EHLD,Euroholdings Ltd.,4412,Deep Sea Foreign Transportation of  Freight,MAROUSSI,J3,151 2
0001427901,GDSRF,Gold Strike Resources Corp.,,,VANCOUVER,,V6C 3
0001326205,IGC,"IGC Pharma, Inc.",2834,Pharmaceutical Preparations,POTOMAC,MD,20854
0000722572,FKWL,FRANKLIN WIRELESS CORP,3661,Telephone & Telegraph Apparatus,SAN DIEGO,CA,92123
0001527038,BZDLF,KINCORA COPPER LTD,,,VANCOUVER,A1,V6C 2
0001946021,HSPOF,Horizon Space Acquisition I Corp.,6770,Blank Checks,NEW YORK,NY,10018
0001491434,SEOVF,SERNOVA CORP.,,,LONDON,A6,N6G 4
0000008177,AAME,ATLANTIC AMERICAN CORP,6311,Life Insurance,ATLANTA,GA,30319
0001561921,TELA,"TELA Bio, Inc.",3841,Surgical & Medical Instruments & Apparatus,MALVERN,PA,19355
0001726159,USGDF,AMERICAN PACIFIC MINING CORP,,,VANCOUVER,,
0001415397,RAPH,Raphael Pharmaceutical Inc.,2833,Medicinal Chemicals & Botanical Products,LAS VEGAS,NV,89108
0001785424,KPLT,"Katapult Holdings, Inc.",7359,"Services-Equipment Rental & Leasing, NEC",NEW YORK,NY,10105
0001584693,SSGC,SafeSpace Global Corp,7900,Services-Amusement & Recreation Services,KNOXVILLE,TN,37919
0001213809,DYAI,DYADIC INTERNATIONAL INC,2836,"Biological Products, (No Diagnostic Substances)",JUPITER,FL,33477
0001808110,DDC,DDC Enterprise Ltd,2000,Food and Kindred Products,CHARLOTTE,NC,28204
0001419336,APAAF,Appia Rare Earths & Uranium Corp.,,,Toronto,A6,M5C 2
0001871181,FOFA,"FAMILY OFFICE OF AMERICA, INC.",3841,Surgical & Medical Instruments & Apparatus,CENTENNIAL,CO,80122
0001472466,LPSIF,LEGEND POWER SYSTEMS INC.,,,VANCOUVER,A1,V5L 1
0000812152,RDGA,RIDGEFIELD ACQUISITION CORP,6770,Blank Checks,CARSON CITY,NV,89701
0001045742,LIVE,LIVE VENTURES Inc,5900,Retail-Miscellaneous Retail,LAS VEGAS,NV,89119
0002027329,OPTH,Optimi Health Corp.,2834,Pharmaceutical Preparations,VANCOUVER,A1,V6B 1
0001191832,KNGRF,Kingsmen Resources Ltd.,1400,Mining & Quarrying of  Nonmetallic Minerals (No Fuels),VANCOUVER,A1,V6E 3
0001786318,IBATF,INTERNATIONAL BATTERY METALS LTD.,1400,Mining & Quarrying of  Nonmetallic Minerals (No Fuels),HOUSTON,TX,77046
0001928722,INIKF,PopReach Corp,,,TORONTO,A6,M5J 2
0001769484,BIOX,Bioceres Crop Solutions Corp.,2870,Agricultural Chemicals,"GEORGE TOWN, GRAND CAYMAN",E9,KY1-1
0001571934,TAOX,TAO Synergies Inc.,6199,Finance Services,NEW YORK,NY,10036
0000040570,JOB,GEE Group Inc.,7361,Services-Employment Agencies,JACKSONVILLE,FL,32256
0001449349,RDGL,VIVOS INC,3841,Surgical & Medical Instruments & Apparatus,RICHLAND,WA,99352
0001869601,EMCGF,Embrace Change Acquisition Corp.,6770,Blank Checks,SAN DIEGO,CA,92121
0001401835,SRGZ,Star Gold Corp.,1000,Metal Mining,COEUR D'ALENE,ID,83814
0000880242,BLGO,"BIOLARGO, INC.",2800,Chemicals & Allied Products,WESTMINSTER,CA,92683
0002111846,GYGY,Game Your Game Inc.,7372,Services-Prepackaged Software,PALO ALTO,CA,94301
0000045919,HHS,HARTE HANKS INC,7331,Services-Direct Mail Advertising Services,CHELMSFORD,MA,01824
0001724009,PRT,PermRock Royalty Trust,1311,Crude Petroleum & Natural Gas,DALLAS,TX,75219
0001604191,GRDX,GridAI Technologies Corp.,4931,Electric & Other Services Combined,BOCA RATON,FL,
0001903392,CLRCF,ClimateRock,6770,Blank Checks,LONDON,X0,SW3 3
0001860871,TVGN,Tevogen Inc.,2836,"Biological Products, (No Diagnostic Substances)",WARREN,NJ,07059
0001759546,NRDE,Stark Novus Financial Inc.,3711,Motor Vehicles & Passenger Car Bodies,NEW YORK,NY,10019
0001828253,EVAX,Evaxion A/S,2836,"Biological Products, (No Diagnostic Substances)",HOERSHOLM,,
0001721484,LGVN,Longeveron Inc.,2834,Pharmaceutical Preparations,MIAMI,FL,33136
0001512922,PETV,"PetVivo Holdings, Inc.",3841,Surgical & Medical Instruments & Apparatus,EDINA,MN,55439
0000034285,RLBY,RELIABILITY INC,7363,Services-Help Supply Services,CLARKSBURG,MD,20871
0001907223,GRML,Greenland Mines Ltd,2836,"Biological Products, (No Diagnostic Substances)",OMAHA,NE,68144
0001471727,SRXH,SRX Global Inc.,2080,Beverages,NORTH PALM BEACH,FL,33408
0001886894,SNAL,"Snail, Inc.",7372,Services-Prepackaged Software,CULVER CITY,CA,90230
0001938109,PAPL,Pineapple Financial Inc.,6199,Finance Services,NORTH YORK,,M2H3R
0001928948,HTCO,High-Trend International Group,4412,Deep Sea Foreign Transportation of  Freight,SINGAPORE,,
0001596812,ENLV,Enlivex Ltd.,2834,Pharmaceutical Preparations,TEL AVIV,,
0001015739,AWRE,AWARE INC /MA/,7372,Services-Prepackaged Software,BURLINGTON,MA,01803
0001081745,INLX,"INTELLINETICS, INC.",7372,Services-Prepackaged Software,COLUMBUS,OH,43228
0001683408,RSGLF,Rocky Shore Gold Ltd.,,,TORONTO,,M5H 3
0000924515,GTHP,GUIDED THERAPEUTICS INC,3845,Electromedical & Electrotherapeutic Apparatus,PEACHTREE CORNERS,GA,30092
0002000410,EURK,Eureka Acquisition Corp,4400,Water Transportation,SINGAPORE,,04971
0001502292,PRHI,"Presurance Holdings, Inc.",6331,"Fire, Marine & Casualty Insurance",TROY,MI,48084
0001914805,BANL,CBL International Ltd,5172,Wholesale-Petroleum & Petroleum Products (No Bulk Stations),KUALA LUMPUR,N8,0000
0001742341,HKIT,HiTek Global Inc.,7372,Services-Prepackaged Software,"XIAMEN, FUJIAN PROVINCE",F4,36100
0001998560,MIMI,Mint Inc Ltd,7389,"Services-Business Services, NEC",HONG KONG,K3,00000
0001796514,BTCT,BTC Digital Ltd.,6199,Finance Services,SHENZHEN,,
0001889123,FLD,"Fold Holdings, Inc.",6199,Finance Services,PHOENIX,AZ,85016
0001750593,DUO,Fangdd Network Group Ltd.,6500,Real Estate,SHENZHEN,F4,51805
0001015647,AAUAF,ALMADEN MINERALS LTD,1000,Metal Mining,VANCOUVER,A1,V6H 3
0001912847,USEA,United Maritime Corp,4400,Water Transportation,GLYFADA,,166 7
0002072421,SNNF,"Seneca Bancorp, Inc.",6021,National Commercial Banks,BALDWINSVILLE,NY,13027
0000725363,CVM,CEL SCI CORP,2836,"Biological Products, (No Diagnostic Substances)",VIENNA,VA,22182
0001089815,EHSI,Elite Health Systems Inc.,8093,"Services-Specialty Outpatient Facilities, NEC",ONTARIO,CA,91762
0001742195,ROMJF,Rubicon Organics Inc.,,,VANCOUVER,A1,V6C 1
0001828185,BRNS,Barinthus Biotherapeutics plc.,2834,Pharmaceutical Preparations,GERMANTOWN,MD,20874
0001724542,CLPS,CLPS Inc,7372,Services-Prepackaged Software,KOWLOON,K3,00000
0000867038,SPND,SPINDLETOP OIL & GAS CO,1311,Crude Petroleum & Natural Gas,DALLAS,TX,75230
0001928340,GDHG,GOLDEN HEAVEN GROUP HOLDINGS LTD.,7990,Services-Miscellaneous Amusement & Recreation,"NANPING CITY, FUJIAN PROVINCE",,
0001890361,ASPC,ASPAC III Acquisition Corp.,6770,Blank Checks,WANCHAI,K3,00000
0001735041,GTEC,Greenland Technologies Holding Corp.,3560,General Industrial Machinery & Equipment,"HANGZHOU, ZHEJIANG",,31112
0001654595,MDRR,"Medalist Diversified, Inc.",6798,Real Estate Investment Trusts,RICHMOND,VA,23226
0002011053,PBK,POWERBANK Corp,1700,Construction - Special Trade Contractors,TORONTO,,
0001488039,ATOS,"ATOSSA THERAPEUTICS, INC.",2834,Pharmaceutical Preparations,SEATTLE,WA,98107
0001385818,AYTU,"AYTU BIOPHARMA, INC",2834,Pharmaceutical Preparations,DENVER,CO,80237
0001666071,CDLX,"Cardlytics, Inc.",7370,"Services-Computer Programming, Data Processing, Etc.",ATLANTA,GA,30308
0001787518,DFNS,T3 Defense Inc.,8742,Services-Management Consulting Services,NEW YORK,NY,10017
0000799850,CRMT,AMERICAS CARMART INC,5500,Retail-Auto Dealers & Gasoline Stations,ROGERS,AR,72756
0001820025,RDGMF,Ridgeline Minerals Corp,,,VANCOUVER,A1,V6E 3
0001720893,BTAI,"BioXcel Therapeutics, Inc.",2834,Pharmaceutical Preparations,NEW HAVEN,CT,06511
0001941158,WETO,Wetour Robotics Ltd,4100,Local & Suburban Transit & Interurban Hwy Passenger Trans,AUSTIN,TX,78705
0001954269,GSIW,Garden Stage Ltd,6200,"Security & Commodity Brokers, Dealers, Exchanges & Services",CENTRAL,,
0001832161,VIPZ,"VIP Play, Inc.",5900,Retail-Miscellaneous Retail,MIAMI,FL,33130
0002002453,STAK,STAK Inc.,3533,Oil & Gas Field Machinery & Equipment,"CHANGZHOUCITY,JIANGSU PROVINCE",F4,00000
0001842556,EONR,EON Resources Inc.,1311,Crude Petroleum & Natural Gas,HOUSTON,TX,77098
0001460702,AIXC,"AIxCrypto Holdings, Inc.",6199,Finance Services,EL SEGUNDO,CA,90245
0002027037,GDGIF,"Gemdale Gold, Inc",,,VANCOUVER,A1,V7Y1B
0000020639,ABCP,AmBase Corp,6512,Opeators of  Nonresidential Buildings,CORAL SPRINGS,FL,33065
0001753162,FTHM,Fathom Holdings Inc.,6531,Real Estate Agents & Managers (For Others),CARY,NC,27518
0001563665,HRGN,"Harvard Apparatus Regenerative Technology, Inc.",3841,Surgical & Medical Instruments & Apparatus,HOLLISTON,MA,01746
0001840780,LOCL,Local Bounti Corporation/DE,0100,Agricultural Production-Crops,HAMILTON,MT,59840
0001643953,PRPL,"Purple Innovation, Inc.",2510,Household Furniture,LEHI,UT,84043
0001943444,TRSG,Tungray Technologies Inc,3530,"Construction, Mining & Materials Handling Machinery & Equip",SINGAPORE,U0,72993
0001770088,WIMI,WiMi Hologram Cloud Inc.,7372,Services-Prepackaged Software,BEIJING,,
0001346830,TVRD,"Tvardi Therapeutics, Inc.",2834,Pharmaceutical Preparations,SUGAR LAND,TX,77478
0001045942,TRCK,"Track Group, Inc.",3669,"Communications Equipment, NEC",NAPERVILLE,IL,60563
0001090396,TBTC,TABLE TRAC INC,7990,Services-Miscellaneous Amusement & Recreation,MINNETONKA,MN,55345
0001420924,ADTI,"Adapti, Inc.",7900,Services-Amusement & Recreation Services,BROOKLYN,NY,11218
0000315545,PVCT,"PROVECTUS BIOPHARMACEUTICALS, INC.",2834,Pharmaceutical Preparations,KNOXVILLE,TN,37929
0001546853,SKKY,"Skkynet Cloud Systems, Inc.",7372,Services-Prepackaged Software,MISSISSAUGA,A6,L5N 2
0001982448,BLIV,BeLive Holdings,7373,Services-Computer Integrated Systems Design,SINGAPORE,U0,06970
0001307926,STSBF,South Star Battery Metals Corp.,,,VANCOUVER,A1,V6E 2
0002049187,KMRK,K-TECH SOLUTIONS CO LTD,3944,"Games, Toys & Children's Vehicles (No Dolls & Bicycles)",NEW TERRITORIES,K3,00000
0001279704,CLRB,"Cellectar Biosciences, Inc.",2834,Pharmaceutical Preparations,FLORHAM PARK,NJ,07932
0001812447,SKYQ,Sky Quarry Inc.,4955,Hazardous Waste Management,WOODS CROSS,UT,84087
0000747540,SPRS,SURGE COMPONENTS INC,5065,"Wholesale-Electronic Parts & Equipment, NEC",DEER PARK,NY,11729
0001860657,ALLR,"Allarity Therapeutics, Inc.",2834,Pharmaceutical Preparations,BOSTON,MA,02108
0001173313,ABVC,"ABVC BIOPHARMA, INC.",2834,Pharmaceutical Preparations,FREMONT,CA,94538
0001678105,CAHO,Caro Holdings Inc.,5961,Retail-Catalog & Mail-Order Houses,SHEFFIELD,X0,S3 8L
0001821468,YQ,17 Education & Technology Group Inc.,8200,Services-Educational Services,BEIJING,,
0001976908,JDZG,JIADE Ltd,8200,Services-Educational Services,"CHENGDU CITY, SICHUAN PROVINCE",,61000
0001895249,CNTM,"ConnectM Technology Solutions, Inc.",1700,Construction - Special Trade Contractors,MARLBOROUGH,MA,01752
0000811522,QZMRF,QUARTZ MOUNTAIN RESOURCES LTD,1040,Gold and Silver Ores,VANCOUVER,,V5C 6
0000025743,TXMD,"TherapeuticsMD, Inc.",2834,Pharmaceutical Preparations,BOCA RATON,FL,33431
0001953984,BCG,"Binah Capital Group, Inc.",6199,Finance Services,NEW YORK,NY,10004
0001058307,NXPL,NextPlat Corp,4813,Telephone Communications (No Radiotelephone),HALLANDALE BEACH,FL,33009
0001377149,CRVW,CareView Communications Inc,3663,Radio & Tv Broadcasting & Communications Equipment,LEWISVILLE,TX,75067
0001858007,GDST,Chi Special Acquisition Corp.,3620,Electrical Industrial Apparatus,FLUSHING,NY,11354
0001788028,JSPR,"Jasper Therapeutics, Inc.",2836,"Biological Products, (No Diagnostic Substances)",REDWOOD CITY,CA,94065
0001095981,CNSY,"CERENOME, INC.",3841,Surgical & Medical Instruments & Apparatus,HOUSTON,TX,77021
0001410738,VPLM,Voip-pal.com Inc,3661,Telephone & Telegraph Apparatus,WACO,TX,76710
0000826253,AUSI,AURA SYSTEMS INC,3690,"Miscellaneous Electrical Machinery, Equipment & Supplies",STANTON,CA,90680
0001041657,UONE,"URBAN ONE, INC.",4832,Radio Broadcasting Stations,SILVER SPRING,MD,20910
0001493130,MAPPF,PROSTAR HOLDINGS INC. /BC,,,GRAND JUNCTION,CO,81506
0001650196,VCGMF,Visionary Copper & Gold Mines Inc.,,,VANCOUVER,,V6E3T
0001019742,BRKCF,BARKSDALE RESOURCES CORP.,,,VANCOUVER,A1,V5T 1
0001826397,AVX,AVAX ONE TECHNOLOGY LTD.,6199,Finance Services,WEST PALM BEACH,FL,33401
0002033383,FUSE,Fusemachines Inc.,7373,Services-Computer Integrated Systems Design,FORT LAUDERDALE,FL,33308
0001752828,CELU,Celularity Inc,2834,Pharmaceutical Preparations,FLORHAM PARK,NJ,07932
0001472072,CCM,Concord Medical Services Holdings Ltd,8011,Services-Offices & Clinics of  Doctors of  Medicine,"CHAOYANG DISTRICT, BEIJING",,10002
0001991261,SKK,SKK Holdings Ltd,1623,"Water, Sewer, Pipeline, Comm & Power Line Construction",SINGAPORE,U0,62973
0001987189,SLGB,Smart Logistics Global Ltd,4731,Arrangement of  Transportation of  Freight & Cargo,WANCHAI,,
0000888981,NNUP,NOCOPI TECHNOLOGIES INC/MD/,3944,"Games, Toys & Children's Vehicles (No Dolls & Bicycles)",KING OF PRUSSIA,PA,19406
0001723047,VAUCF,Viva Gold Corp.,,,LANGLEY,A1,V2Y 0
0001948697,SPPL,SIMPPLE LTD.,8744,Services-Facilities Support Management Services,SINGAPORE,,57970
0001862463,AMOD,"ALPHA MODUS HOLDINGS, INC.",6794,Patent Owners & Lessors,CORNELIUS,NC,28031
0001232582,AHT,ASHFORD HOSPITALITY TRUST INC,6798,Real Estate Investment Trusts,DALLAS,TX,75254
0001030471,UTSI,UTSTARCOM HOLDINGS CORP.,3669,"Communications Equipment, NEC","HANGZHOU, P.R.",F4,NA
0001771885,QNTM,Quantum Biopharma Ltd.,2834,Pharmaceutical Preparations,TORONTO,,M5C 2
0001720161,CTRM,Castor Maritime Inc.,4412,Deep Sea Foreign Transportation of  Freight,LIMASSOL,G4,3036
0001893645,PLRZ,Polyrizon Ltd.,3841,Surgical & Medical Instruments & Apparatus,RA'ANANA,,43215
0001785494,WBQNL,Woodbridge Liquidation Trust,6500,Real Estate,FORT LAUDERDALE,FL,33301
0001412486,COCP,"Cocrystal Pharma, Inc.",2834,Pharmaceutical Preparations,BOTHELL,WA,98011
0001595527,NYC,American Strategic Investment Co.,6798,Real Estate Investment Trusts,NEWPORT,RI,02840
0001321834,QCLS,"Q/C TECHNOLOGIES, INC.",2835,In Vitro & In Vivo Diagnostic Substances,NEW YORK,NY,10036
0001597846,GRNQ,Greenpro Capital Corp.,8742,Services-Management Consulting Services,"50450 W.P. KUALA LUMPUR,",,50450
0001066764,BESS,Bimergen Energy Corp,4911,Electric Services,NEWPORT BEACH,CA,92660
0001339005,FEMY,FEMASYS INC,3841,Surgical & Medical Instruments & Apparatus,SUWANEE,GA,30024
0000352955,CKX,"CKX LANDS, INC.",1311,Crude Petroleum & Natural Gas,LAKE CHARLES,LA,70601
0001084267,MOBQ,"Mobiquity Technologies, Inc.",7310,Services-Advertising,SHOREHAM,NY,11786
0000946563,RVP,RETRACTABLE TECHNOLOGIES INC,3841,Surgical & Medical Instruments & Apparatus,LITTLE ELM,TX,75068
0001544770,BONXF,BONTERRA RESOURCES INC.,,,VAL D'OR,A8,J9P 0
0001735514,OHCFF,Light AI Inc.,,,VANCOUVER,A1,V6E 4
0000315958,CRMZ,CREDITRISKMONITOR COM INC,7320,"Services-Consumer Credit Reporting, Collection Agencies",LAS VEGAS,NV,10989
0001624985,SFCX,SUPA Consolidated Inc.,7389,"Services-Business Services, NEC",IRVINE,CA,92618
0001919191,ITHR,"Intelithrive, Inc.",3690,"Miscellaneous Electrical Machinery, Equipment & Supplies",NEW PORT RICHEY,FL,34653
0001175151,CTSO,Cytosorbents Corp,3841,Surgical & Medical Instruments & Apparatus,PRINCETON,NJ,08540
0001852354,ARLSF,ARGO GRAPHENE SOLUTIONS CORP.,,,VANCOUVER,,
0000909724,TLF,TANDY LEATHER FACTORY INC,3100,Leather & Leather Products,FT WORTH,TX,76140
0001944399,PDC,Perpetuals.com Ltd,7371,Services-Computer Programming Services,TOKYO,,
0001191070,NEUP,Neuphoria Therapeutics Inc.,2834,Pharmaceutical Preparations,BURLINGTON,MA,01803
0002030522,MWYN,"Marwynn Holdings, Inc.",5141,"Wholesale-Groceries, General Line",IRVINE,CA,92614
0001709819,FEDU,Four Seasons Education (Cayman) Inc.,8200,Services-Educational Services,SHANGHAI,,20004
0001500620,BGAVF,Bravada Gold Corp,,,VANCOUVER,A1,V6E 3
0001437750,TRXA,T-REX Acquisition Corp.,6199,Finance Services,PLANTATION,FL,33317
0001858685,BFRI,Biofrontera Inc.,2834,Pharmaceutical Preparations,WOBURN,MA,01801
0001437517,CLOQ,"CYBERLOQ TECHNOLOGIES, INC.",7372,Services-Prepackaged Software,SARASOTA,FL,34231
0001919776,DETX,"LIBERTY DEFENSE HOLDINGS, LTD.",3812,"Search, Detection, Navigation, Guidance, Aeronautical Sys",WILMINGTON,MA,01887
0001094038,MRKR,"Marker Therapeutics, Inc.",2834,Pharmaceutical Preparations,HOUSTON,TX,77021
0001602842,ORIO,Orion Digital Corp.,6199,Finance Services,VANCOUVER,,V6C 1
0001653909,BIRD,"Smartbird, Inc.",2300,Apparel & Other Finishd Prods of  Fabrics & Similar Matl,PALO ALTO,CA,94306
0001481241,PSHG,Performance Shipping Inc.,4412,Deep Sea Foreign Transportation of  Freight,ATHENS,,
0001017655,PAYD,PAID INC,7389,"Services-Business Services, NEC",WESTBOROUGH,MA,01581
0001978811,GOVB,"Gouverneur Bancorp, Inc./MD/",6036,"Savings Institutions, Not Federally Chartered",GOUVERNEUR,NY,13642
0002092446,AVAT,Avalanche Treasury Corp,6199,Finance Services,WILMINGTON,DE,19808
0001409036,TARSF,Silver North Resources Ltd.,1040,Gold and Silver Ores,Vancouver,A1,V6C 1
0001418149,HLRTF,Hillcrest Energy Technologies Ltd.,,,Vancouver,A1,V6E 2
0001876766,LICN,Lichen International Ltd,8742,Services-Management Consulting Services,"JINJIANG CITY, FUJIAN PROVINCE",F4,00000
0001805833,SST,"System1, Inc.",7370,"Services-Computer Programming, Data Processing, Etc.",MARINA DEL REY,CA,90066
0001912582,AIEV,"Thunder Power Holdings, Inc.",3711,Motor Vehicles & Passenger Car Bodies,KOWLOON,,
0001785530,HOWL,"Werewolf Therapeutics, Inc.",2834,Pharmaceutical Preparations,WALTHAM,MA,02451
0001825024,OPAD,Offerpad Solutions Inc.,6531,Real Estate Agents & Managers (For Others),TEMPE,AZ,85281
0001119083,MNDO,MIND CTI LTD,7371,Services-Computer Programming Services,YOQNEAM ILIT ISRAEL,L3,20692
0002040290,LGPS,LOGPROSTYLE INC.,1531,Operative Builders,TOKYO,M0,107-0
0001487197,BRFH,BARFRESH FOOD GROUP INC.,2030,"Canned, Frozen & Preservd Fruit, Veg & Food Specialties",LOS ANGELES,CA,90025
0001607962,LFWD,Lifeward Ltd.,3842,"Orthopedic, Prosthetic & Surgical Appliances & Supplies",HUDSON,MA,01749
0001855467,MOBX,"MOBIX LABS, INC",3674,Semiconductors & Related Devices,IRVINE,CA,92618
0001462223,NIXX,"Nixxy, Inc.",7371,Services-Computer Programming Services,NEW YORK,NY,10001
0001593001,NGTF,"NightFood Holdings, Inc.",3590,Misc Industrial & Commercial Machinery & Equipment,TARRYTOWN,NY,10591
0001708441,MYND,"Mynd.ai, Inc.",3577,"Computer Peripheral Equipment, NEC",ALPHARETTA,GA,30022
0002007702,HKPD,"Cellyan Biotechnology Co., Ltd",5122,"Wholesale-Drugs, Proprietaries & Druggists' Sundries",KOWLOON,,
0000788611,NTRP,"NextTrip, Inc.",4700,Transportation Services,SUNRISE,FL,
0001759614,YJ,Yunji Inc.,5990,"Retail-Retail Stores, NEC",HANGZHOU,,31000
0001007019,JVA,COFFEE HOLDING CO INC,2090,Miscellaneous Food Preparations & Kindred Products,STATEN ISLAND,NY,10314
0002011458,ZTG,Zenta Group Co Ltd,8742,Services-Management Consulting Services,MACAU SAR,F4,99907
0001879293,MMCP,"Mag Mile Capital, Inc.",3567,Industrial Process Furnaces & Ovens,CHICAGO,IL,60607
0001261002,GNOLF,GENOIL INC,1389,"Oil & Gas Field Services, NEC",NEW YORK,NY,10020
0002000366,SCAG,Scage Future,3713,Truck & Bus Bodies,"NANJING CITY, JIANGSU PROVINCE",,21000
0001979887,XCH,XCHG Ltd,3690,"Miscellaneous Electrical Machinery, Equipment & Supplies",HAMBURG,,22453
0001630176,HYEX,HEALTHY EXTRACTS INC.,2833,Medicinal Chemicals & Botanical Products,HENDERSON,NV,89011
0001935418,FMST,Foremost Clean Energy Ltd.,1090,Miscellaneous Metal Ores,VANCOUVER,,
0001500198,NMTC,NEUROONE MEDICAL TECHNOLOGIES Corp,3841,Surgical & Medical Instruments & Apparatus,EDEN PRAIRIE,MN,55344
0000779544,ARKR,ARK RESTAURANTS CORP,5812,Retail-Eating  Places,NEW YORK,NY,10003
0001995116,RECT,Rectitude Holdings Ltd.,3420,"Cutlery, Handtools & General Hardware",SINGAPORE,U0,52862
0001666782,IRVRF,Irving Resources Inc.,,,VANCOUVER,A1,V6C 3
0001999297,DSY,Big Tree Cloud Holdings Ltd,2670,Converted Paper & Paperboard Prods (No Contaners/Boxes),SHENZHEN,F4,51808
0001711012,AIHS,Senmiao Technology Ltd,7510,Services-Auto Rental & Leasing (No Drivers),NEW YORK,NY,10169
0001980210,WFF,WF Holding Ltd,3990,Miscellaneous Manufacturing Industries,"SHAH ALAM, SELANGOR",N8,40150
0001905688,MAUUF,AERO ENERGY Ltd,,,VANCOUVER,A1,V6E 2
0002064764,PLSM,Pulsenmore Ltd.,3841,Surgical & Medical Instruments & Apparatus,ISRAEL,,84965
0001992500,LRRIF,Lion Rock Resources Inc.,,,VANCOUVER,,
0002024114,TGHL,GrowHub Ltd,7374,Services-Computer Processing & Data Preparation,SINGAPORE,,40853
0001755237,CYCN,"Cyclerion Therapeutics, Inc.",2834,Pharmaceutical Preparations,CAMBRIDGE,MA,02142
0001778982,HUIZ,Huize Holding Ltd,6411,"Insurance Agents, Brokers & Service",SHENZHEN,,
0002027160,VNTG,Vantage Corp (Singapore),4731,Arrangement of  Transportation of  Freight & Cargo,SINGAPORE,U0,22946
0001899005,BMR,Beamr Imaging Ltd.,7372,Services-Prepackaged Software,HERZELIYA,L3,43305
0001769624,ILLR,Triller Group Inc.,6282,Investment Advice,LOS ANGELES,CA,90046
0002013807,FOXX,Foxx Development Holdings Inc.,3576,Computer Communications Equipment,AUSTIN,TX,78729
0001657214,ILAL,International Land Alliance Inc.,6552,Land Subdividers & Developers (No Cemeteries),SAN DIEGO,CA,92101
0001348362,LEXX,Lexaria Bioscience Corp.,2834,Pharmaceutical Preparations,KELOWNA,A1,V1X 2
0002045300,PRNCF,Prince Silver Corp.,,,VANCOUVER,,V6E 3
0001891944,PMEC,Primech Holdings Ltd,7340,Services-To Dwellings & Other Buildings,SINGAPORE,,34861
0002055938,GRLMF,GreenLight Metals Inc.,,,TORONTO,,M5H 3
0001382574,SCNX,"Scienture Holdings, Inc.",2834,Pharmaceutical Preparations,COMMACK,NY,11725
0000843006,ACCS,ACCESS Newswire Inc.,8742,Services-Management Consulting Services,RALEIGH,NC,27603
0001956166,PMA,Ming Shing Group Holdings Ltd,1700,Construction - Special Trade Contractors,KOWLOON,,00000
0001708341,AIFA,"All In FutureTech Alliance, Inc.",7900,Services-Amusement & Recreation Services,NEW YORK,NY,10151
0001883437,EPSM,Epsium Enterprise Ltd,5180,"Wholesale-Beer, Wine & Distilled Alcoholic Beverages",MACAU,F4,99907
0001783036,NCEL,NewcelX Ltd.,2834,Pharmaceutical Preparations,ZURICH,,
0002060083,FOFO,"Hang Feng Technology Innovation Co., Ltd.",8742,Services-Management Consulting Services,HONG KONG,,
0001672571,AAQL,Antiaging Quantum Living Inc.,7331,Services-Direct Mail Advertising Services,FLUSHING,NY,11354
0001707303,DOGZ,Dogness (International) Corp,3990,Miscellaneous Manufacturing Industries,"DONGGUAN, GUANGDONG",,
0001342325,CGDCF,Carlin Gold Corp,,,VANCOUVER,,V6B 5
0001158780,PLUR,Pluri Inc.,2836,"Biological Products, (No Diagnostic Substances)",HAIFA,,
0001077640,WMLLF,Wealth Minerals Ltd.,1000,Metal Mining,VANCOUVER,,V6C 3
0001711786,RKTO,Rocket One Inc.,2834,Pharmaceutical Preparations,HOBOKEN,NJ,07030
0001638911,DUKR,DUKE Robotics Corp.,3721,Aircraft,SCIENCE AND INDUSTRY PARK,,
0000911216,PTN,PALATIN TECHNOLOGIES INC,2834,Pharmaceutical Preparations,CRANBURY,NJ,08512
0002021688,UFG,Uni-Fuels Holdings Ltd,5172,Wholesale-Petroleum & Petroleum Products (No Bulk Stations),SINGAPORE,,03898
0001086745,FABC,"Fabric.AI, Inc.",4899,"Communications Services, NEC",ROUND ROCK,TX,78664
0001307579,LIQT,LIQTECH INTERNATIONAL INC,3590,Misc Industrial & Commercial Machinery & Equipment,BALLERUP,G7,DK-27
0001004989,SGRP,"SPAR Group, Inc.",7389,"Services-Business Services, NEC",CHARLOTTE,NC,28203
0001872090,YXT,YXT.COM GROUP HOLDING Ltd,7372,Services-Prepackaged Software,"JIANGSU, 215011",,21501
0000847942,STQN,STRATEGIC ACQUISITIONS INC /NV/,6199,Finance Services,SOUTH CAROLINA,SC,29466
0001868419,CYCU,"Cycurion, Inc.",7371,Services-Computer Programming Services,MCLEAN,VA,22102
0001740797,AVAI,"AVAI BIO, INC.",7374,Services-Computer Processing & Data Preparation,LAS VEGAS,NV,89108
0001563568,AZIO,"AZIO AI HOLDINGS, INC.",3714,Motor Vehicle Parts & Accessories,HOUSTON,TX,77054
0001111741,DYNR,"DYNARESOURCE, INC.",1000,Metal Mining,IRVING,TX,75039
0001859022,NPRFF,Nepra Foods Inc.,,,CENTENNIAL,CO,80112
0001888980,LRE,"LEAD REAL ESTATE CO., LTD",1531,Operative Builders,TOKYO,,
0001021917,AWCA,"Awaysis Capital, Inc.",6512,Opeators of  Nonresidential Buildings,MIRAMAR,FL,33027
0000877028,TWOSF,T2 Metals Corp.,,,VANCOUVER,A1,V6E 3
0001713923,AIJTY,Jianpu Technology Inc.,7370,"Services-Computer Programming, Data Processing, Etc.",BEIJING,,10008
0001949257,RADX,Radiopharm Theranostics Ltd,2834,Pharmaceutical Preparations,CARLTON VIC,,3053
0001557440,COGDF,Compass Gold Corp,,,TORONTO,,M5H 2
0001780731,EPOW,E-Power Inc.,3690,"Miscellaneous Electrical Machinery, Equipment & Supplies","ZIBO CITY, SHANDONG PROVINCE",,
0001684688,ATCX,ATLAS CRITICAL MINERALS Corp,1040,Gold and Silver Ores,MINAS GERAIS,D5,30112
0002009714,TMDE,TMD Energy Ltd,5172,Wholesale-Petroleum & Petroleum Products (No Bulk Stations),50480 KUALA LUMPUR,,
0001519472,SMXT,"SolarMax Technology, Inc.",1700,Construction - Special Trade Contractors,RIVERSIDE,CA,92507
0001821175,MSGM,Motorsport Games Inc.,7372,Services-Prepackaged Software,MIRAMAR,FL,33027
0001174891,GEDC,"TerraVolt Holdings, Inc.",6798,Real Estate Investment Trusts,SUGAR LAND,TX,77478
0001718939,IDAI,T Stamp Inc,7372,Services-Prepackaged Software,ATLANTA,GA,30305
0001106213,SFRX,SEAFARER EXPLORATION CORP,7900,Services-Amusement & Recreation Services,TAMPA,FL,33618
0001817740,AUST,Austin Gold Corp.,1040,Gold and Silver Ores,VANCOUVER,A1,V6E 0
0001509646,FENG,Phoenix New Media Ltd,4833,Television Broadcasting Stations,Beijing,,10010
0001534133,CALC,"CalciMedica, Inc.",2834,Pharmaceutical Preparations,LA JOLLA,CA,92037
0001883835,ESGH,ESG Inc.,0100,Agricultural Production-Crops,CHADDS FORD,PA,19317
0000924168,EFOI,"ENERGY FOCUS, INC/DE",3640,Electric Lighting & Wiring Equipment,SOLON,OH,44139
0001074871,MODD,"Modular Medical, Inc.",3841,Surgical & Medical Instruments & Apparatus,SAN DIEGO,CA,92127
0001570843,GEBRF,Greenbriar Sustainable Living Inc.,6500,Real Estate,COQUITLAM,A1,V3J 2
0001355839,IPM,INTELLIGENT PROTECTION MANAGEMENT CORP.,7370,"Services-Computer Programming, Data Processing, Etc.",JERICHO,NY,11753
0000908259,OTLC,"Oncotelic Therapeutics, Inc.",2834,Pharmaceutical Preparations,AGUORA HILLS,CA,91301
0002001699,HPAI,Helport AI Ltd,7372,Services-Prepackaged Software,SINGAPORE,,
0001988776,MRNO,Murano Global Investments Plc,7011,Hotels & Motels,LONDON,X0,W1J 6
0001333822,LEDS,SemiLEDs Corp,3674,Semiconductors & Related Devices,CHU-NAN,F5,350
0000803578,AIFF,"FIREFLY NEUROSCIENCE, INC.",7372,Services-Prepackaged Software,KENMORE,NY,14217
0001591956,ANY,Sphere 3D Corp.,6199,Finance Services,STAMFORD,CT,06901
0001864943,FGI,FGI Industries Ltd.,3430,"Heating Equip, Except Elec & Warm Air; & Plumbing Fixtures",EAST HANOVER,NJ,07869
0001716338,JF,J & Friends Holdings Ltd,7370,"Services-Computer Programming, Data Processing, Etc.",BEIJING,,
0001997296,MDCX,Medicus Pharma Ltd.,2834,Pharmaceutical Preparations,W. CONSHOHOCKEN,PA,19428
0001847986,DFLI,Dragonfly Energy Holdings Corp.,3690,"Miscellaneous Electrical Machinery, Equipment & Supplies","RENO,",NV,89521
0001903995,MGIH,Millennium Group International Holdings Ltd,2750,Commercial Printing,"KWUN TONG, KOWLOON,",K3,99907
0001346610,SOS,SOS Ltd,6200,"Security & Commodity Brokers, Dealers, Exchanges & Services",QINGDAO SHANDONG PROVINCE,F4,26640
0001535955,LPCN,Lipocine Inc.,2834,Pharmaceutical Preparations,SALT LAKE CITY,X1,84108
0001861479,TRGXF,Terra Rossa Gold Ltd.,,,VANCOUVER,,
0001988634,POWMF,Power Metal Resources PLC,,,LONDON,X0,EC4Y 
0001940674,SMX,SMX (Security Matters) Public Ltd Co,3590,Misc Industrial & Commercial Machinery & Equipment,DUBLIN 4,L2,D04 T
0001897532,PASW,"Ping An Biomedical Co., Ltd.",2300,Apparel & Other Finishd Prods of  Fabrics & Similar Matl,"CHEUNG SHA WAN, KOWLOON",,0000
0001524769,CHKR,CHESAPEAKE GRANITE WASH TRUST,1311,Crude Petroleum & Natural Gas,HOUSTON,TX,77002
0001916241,PRZO,ParaZero Technologies Ltd.,3728,"Aircraft Parts & Auxiliary Equipment, NEC",KFAR SABA,L3,44530
0001982012,TLIH,Ten-League International Holdings Ltd,5080,"Wholesale-Machinery, Equipment & Supplies",SINGAPORE,U0,63944
0001432588,BHSIF,BAYHORSE SILVER INC.,,,BURNABY,,V5J 2
0002092967,FRTT,Fort Technology Inc,2870,Agricultural Chemicals,BURNABY,,V5A 4
0000948708,SMSI,"SMITH MICRO SOFTWARE, INC.",7372,Services-Prepackaged Software,PITTSBURGH,PA,15237
0000875355,TULP,"BLOOMIA HOLDINGS, INC.",0100,Agricultural Production-Crops,MINNEAPOLIS,MN,55416
0001948443,RAY,Raytech Holding Ltd,3630,Household Appliances,KOWLOON BAY,K3,99907
0001134982,AAPI,"Apple iSports Group, Inc.",6411,"Insurance Agents, Brokers & Service",IRVINE,CA,92061
0001939780,UCAR,U Power Ltd,3690,"Miscellaneous Electrical Machinery, Equipment & Supplies",SHANGHAI,,
0002044327,CFND,C1 Fund Inc.,,,PALO ALTO,CA,94301
0000797465,STLY,"HG Holdings, Inc.",6798,Real Estate Investment Trusts,TALLAHASSEE,FL,32312
0001948436,JL,J-Long Group Ltd,5600,Retail-Apparel & Accessory Stores,"TSUEN WAN, N.T.",K3,0000
0001981519,MMA,MIXED MARTIAL ARTS GROUP LTD,7380,Services-Miscellaneous Business Services,SYDNEY,,2000
0001479419,KALA,"KALA BIO, Inc.",2834,Pharmaceutical Preparations,ARLINGTON,MA,02476
0001826660,WETH,Wetouch Technology Inc.,3577,"Computer Peripheral Equipment, NEC","MEISHAN CITY, SICHUAN",,62000
0002030834,ONEG,OneConstruction Group Ltd,1520,General Bldg Contractors - Residential Bldgs,WANCHAI,,99907
0001544227,TPST,"Tempest Therapeutics, Inc.",2834,Pharmaceutical Preparations,BRISBANE,CA,94005
0001506251,CTXR,"Citius Pharmaceuticals, Inc.",2834,Pharmaceutical Preparations,CRANFORD,NJ,07016
0001424864,RYES,Rise Gold Corp.,1000,Metal Mining,VANCOUVER,,V6C 2
0001450894,IAALF,IBC Advanced Alloys Corp.,,,FRANKLIN,IN,46131
0001809267,DGCOF,Daura Capital Corp.,,,VANCOUVER,A1,V6C1X
0001897245,HWH,HWH International Inc.,5122,"Wholesale-Drugs, Proprietaries & Druggists' Sundries",BETHESDA,MD,20814
0001603793,NRIS,"Norris Industries, Inc.",1311,Crude Petroleum & Natural Gas,WEATHERFORD,TX,76086
0000825324,GTIM,Good Times Restaurants Inc.,5812,Retail-Eating  Places,GOLDEN,CO,80401
0001677897,UPYY,UPAY,7372,Services-Prepackaged Software,DALLAS,TX,75234
0001427570,HIND,"Vyome Holdings, Inc",2834,Pharmaceutical Preparations,SAN CLEMENTE,CA,92673
0001105101,GIGM,GIGAMEDIA Ltd,7370,"Services-Computer Programming, Data Processing, Etc.",TAIPEI,F5,00000
0001782309,EDTK,Skillful Craftsman Education Technology Ltd,8200,Services-Educational Services,"HUISHAN QU, WUXI SHI",F4,21440
0000793524,REFR,RESEARCH FRONTIERS INC,6794,Patent Owners & Lessors,WOODBURY,NY,11797
0001311673,YTFD,"Yale Transaction Finders, Inc.",6770,Blank Checks,SAN DIEGO,CA,92101
0001794942,SKFG,"Stark Focus Group, Inc.",5130,"Wholesale-Apparel, Piece Goods & Notions",CALGARY,A0,T2P 1
0000736012,INTZ,INTRUSION INC,3576,Computer Communications Equipment,PLANO,TX,75074
0001042418,INTI,"Inhibitor Therapeutics, Inc.",2834,Pharmaceutical Preparations,TAMPA,FL,33609
0001459188,CHEV,Charging Robotics Inc.,5013,Wholesale-Motor Vehicle Supplies & New Parts,TEL AVIV,L3,69719
0001819794,HTOO,Fusion Fuel Green PLC,3590,Misc Industrial & Commercial Machinery & Equipment,DUBLIN,,
0001114859,GLOH,"Glow Holdings, Inc.",7372,Services-Prepackaged Software,LAS VEGAS,NV,89101
0001401914,DARE,"Dare Bioscience, Inc.",2834,Pharmaceutical Preparations,SAN DIEGO,CA,92122
0000914139,PRKR,PARKERVISION INC,3663,Radio & Tv Broadcasting & Communications Equipment,JACKSONVILLE,FL,32207
0001567264,INTS,"INTENSITY THERAPEUTICS, INC.",2836,"Biological Products, (No Diagnostic Substances)",SHELTON,CT,06484
0000007623,ARTW,ARTS WAY MANUFACTURING CO INC,3523,Farm Machinery & Equipment,ARMSTRONG,IA,50514
0001892316,LDDD,Longduoduo Co Ltd,8000,Services-Health Services,HOHHOT,,01000
0001743971,MOGU,MOGU Inc.,7389,"Services-Business Services, NEC",HANGZHOU,,
0001001907,ASTC,ASTROTECH Corp,3826,Laboratory Analytical Instruments,AUSTIN,TX,78758
0001541157,AKTX,Akari Therapeutics Plc,2834,Pharmaceutical Preparations,TAMPA,FL,33602
0001513525,ADIL,"ADIAL PHARMACEUTICALS, INC.",2834,Pharmaceutical Preparations,CHARLOTTESVILLE,VA,22901
0001083743,FLUX,"Flux Power Holdings, Inc.",3690,"Miscellaneous Electrical Machinery, Equipment & Supplies",VISTA,CA,92081
0000878932,EQS,"EQUUS TOTAL RETURN, INC.",,,HOUSTON,TX,77002
0001254435,PEXZF,PACIFIC RIDGE EXPLORATION LTD,,,VANCOUVER,A1,V6E 3
0001729653,STLNF,Stallion Uranium Corp.,,,VANCOUVER,,V6C 0
0001775898,UCL,uCloudlink Group Inc.,4899,"Communications Services, NEC",HONG KONG,,
0001814215,BURU,"Nuburu, Inc.",3690,"Miscellaneous Electrical Machinery, Equipment & Supplies",DENVER,CO,80206
0001070050,APCX,AppTech Payments Corp.,7372,Services-Prepackaged Software,CARLSBAD,CA,
0001847064,PSQH,"PSQ Holdings, Inc.",7310,Services-Advertising,BOZEMAN,MT,59715
0001534248,CMMB,Chemomab Therapeutics Ltd.,2834,Pharmaceutical Preparations,TEL AVIV,,
0001831868,ICU,SeaStar Medical Holding Corp,3841,Surgical & Medical Instruments & Apparatus,DENVER,CO,80216
0001912966,RGNT,REGENTIS BIOMATERIALS LTD.,3842,"Orthopedic, Prosthetic & Surgical Appliances & Supplies",OR AKIVA,,
0000087050,NEON,Neonode Inc.,3679,"Electronic Components, NEC",STOCKHOLM,,
0000840715,CLRO,CLEARONE INC,3661,Telephone & Telegraph Apparatus,WEST JORDAN,UT,84084
0001869467,SVRN,OceanPal Inc.,4412,Deep Sea Foreign Transportation of  Freight,ATHENS,J3,175 6
0001282571,GRNL,GREENLITE VENTURES INC,1000,Metal Mining,LA VERNE,CA,91750
0000912061,NHTC,NATURAL HEALTH TRENDS CORP,5190,Wholesale-Miscellaneous Nondurable Goods,ROLLING HILLS ESTATES,CA,90274
0001683274,RYOOF,Rio Silver Inc.,,,TORONTO,A6,M5J 1
0001527599,SYBX,"SYNLOGIC, INC.",2834,Pharmaceutical Preparations,WINCHESTER,MA,01890
0000314227,TOMZ,"TOMI Environmental Solutions, Inc.",2860,Industrial Organic Chemicals,FREDERICK,MD,21701
0001687277,RETO,"ReTo Eco-Solutions, Inc.",3290,"Abrasive, Asbestos & Misc Nonmetallic Mineral Prods",BEIJING,F4,10010
0001065823,FNFI,FIRST NILES FINANCIAL INC,6035,"Savings Institution, Federally Chartered",NILES,OH,44446
0001787297,PASG,"Passage BIO, Inc.",2836,"Biological Products, (No Diagnostic Substances)",PHILADELPHIA,PA,19103
0001282224,DLPN,"Dolphin Entertainment, Inc.",7200,Services-Personal Services,CORAL GABLES,FL,33134
0001101433,QMCI,QUOTEMEDIA INC,7389,"Services-Business Services, NEC",FOUNTAIN HILLS,AZ,85268
0000908311,CMCT,Creative Media & Community Trust Corp,6798,Real Estate Investment Trusts,DALLAS,TX,75252
0001875609,SWVL,Swvl Holdings Corp,7389,"Services-Business Services, NEC",DUBAI,C0,NA
0001318482,KDOZF,KIDOZ INC.,7311,Services-Advertising Agencies,VANCOUVER,,V7Y 1
0001953021,MPU,Mega Matrix Inc,7812,Services-Motion Picture & Video Tape Production,GRAND CAYMAN,E9,KY1-9
0000764630,AETN,"AETERNUM HEALTH, INC.",3690,"Miscellaneous Electrical Machinery, Equipment & Supplies",HILLSBORO,OR,97124
0001192323,SPST,Superstar Platforms Inc.,7389,"Services-Business Services, NEC",SANTO DOMINGO,NY,00000
0000925741,BCDA,"BioCardia, Inc.",2836,"Biological Products, (No Diagnostic Substances)",SUNNYVALE,CA,94085
0001524326,ENDMF,Enduro Metals Corp.,,,KELOWNA,,V1Y 7
0001648960,MYSE,"Myseum.AI, Inc.",4822,Telegraph & Other Message Communications,NEW BRUNSWICK,NJ,08901
0001828748,ASFH,ASIAFIN HOLDINGS CORP.,7389,"Services-Business Services, NEC",KUALA LUMPUR,N8,50250
0001411690,BNGO,"Bionano Genomics, Inc.",3826,Laboratory Analytical Instruments,SAN DIEGO,CA,92121
0001463978,BKUCF,BLUE SKY URANIUM CORP.,,,VANCOUVER,A1,V6C 3
0002006986,ADGM,"Adagio Medical Holdings, Inc.",3841,Surgical & Medical Instruments & Apparatus,LAGUNA HILLS,CA,92653
0001487718,BLTH,"AMERICAN BATTERY MATERIALS, INC.",1400,Mining & Quarrying of  Nonmetallic Minerals (No Fuels),GREENWICH,CT,06830
0001686000,JGLDF,Japan Gold Corp.,,,VANCOUVER,A1,V6C 0
0002027360,RCT,RedCloud Holdings plc,5990,"Retail-Retail Stores, NEC",LONDON,X0,EC2M 
0000010048,BRN,BARNWELL INDUSTRIES INC,1311,Crude Petroleum & Natural Gas,HOUSTON,TX,77046
0001122020,PCSV,"PCS Edventures!, Inc.",8200,Services-Educational Services,MERIDIAN,ID,83642
0002020737,CABR,"Caring Brands, Inc.",2844,"Perfumes, Cosmetics & Other Toilet Preparations",FORT PIERCE,FL,34950
0000709005,NROM,NOBLE ROMANS INC,5812,Retail-Eating  Places,INDIANAPOLIS,IN,46204
0001758124,CNTMF,Fluent Corp.,,,TAMPA,FL,33609
0001371128,NEWH,"NewHydrogen, Inc.",3081,Unsupported Plastics Film & Sheet,Santa Clarita,CA,91387
0001963439,TURB,"Turbo Energy, S.A.",3690,"Miscellaneous Electrical Machinery, Equipment & Supplies",VALENCIA,,46004
0001839285,HCTI,"Healthcare Triangle, Inc.",7373,Services-Computer Integrated Systems Design,PLEASANTON,CA,94588
0001103833,CRWE,"Crown Equity Holdings, Inc.",5734,Retail-Computer & Computer Software Stores,LAS VEGAS,NV,89141
0001602409,FNGR,"FingerMotion, Inc.",7372,Services-Prepackaged Software,SINGAPORE,U0,23816
0001941029,ADVB,Advanced Biomed Inc.,8071,Services-Medical Laboratories,RENO,NV,89502
0001580149,BIVI,BIOVIE INC.,2834,Pharmaceutical Preparations,CARSON CITY,NV,89703
0001979610,WXM,WF International Ltd.,1700,Construction - Special Trade Contractors,CHENGDU,F4,00000
0001999111,MTTAF,Meta Critical Minerals Inc.,,,VANCOUVER,,
0001854270,SNTI,"Senti Biosciences Holdings, Inc.",2836,"Biological Products, (No Diagnostic Substances)",SOUTH SAN FRANCISCO,CA,94080
0001607807,NVGLF,NV Gold Corp,,,VANCOUVER,,V6C 2
0001960355,EXYN,"Exyn Technologies, Inc.",7372,Services-Prepackaged Software,PHILADELPHIA,PA,19146
0001791725,HUDI,"Huadi International Group Co., Ltd.",3317,Steel Pipe & Tubes,WENZHOU,F4,32502
0001403870,GARWF,Golden Arrow Resources Corp,,,Vancouver,a1,v6c 3
0000312257,IVFH,INNOVATIVE FOOD HOLDINGS INC,5141,"Wholesale-Groceries, General Line",BROADVIEW,IL,60155
0001584547,GP,GREENPOWER MOTOR Co INC.,3713,Truck & Bus Bodies,VANCOUVER,A1,V6B 2
0001799290,EBON,Ebang International Holdings Inc.,6200,"Security & Commodity Brokers, Dealers, Exchanges & Services",GROVER,NC,28073
0001474167,COSM,Cosmos Health Inc.,5122,"Wholesale-Drugs, Proprietaries & Druggists' Sundries",THESSALONIKI,J3,55438
0001310630,CFOO,China Foods Holdings Ltd.,2833,Medicinal Chemicals & Botanical Products,WANCHAI,K3,0000
0001533040,PHIO,Phio Pharmaceuticals Corp.,2834,Pharmaceutical Preparations,KING OF PRUSSIA,PA,19406
0001848782,PLCKF,Plurilock Security Inc.,,,VICTORIA,A1,V8W 1
0001006045,IRIX,IRIDEX CORP,3845,Electromedical & Electrotherapeutic Apparatus,MOUNTAIN VIEW,CA,94043
0000900391,NTZ,NATUZZI S P A,2510,Household Furniture,SANTERAMO ITALY,,
0001836747,TRUFF,Red Light Holland Corp.,,,TORONTO,A6,M5C 2
0002041829,CHOW,ChowChow Cloud International Holdings Ltd,7372,Services-Prepackaged Software,HONG KONG,K3,00000
0001875091,NRSN,NeuroSense Therapeutics Ltd.,2834,Pharmaceutical Preparations,HERZLIYA,L3,46725
0001715272,GRAPF,First Canadian Graphite Inc.,,,VANCOUVER,,
0000787253,NAII,NATURAL ALTERNATIVES INTERNATIONAL INC,2833,Medicinal Chemicals & Botanical Products,CARLSBAD,CA,92008
0001605481,NGLD,Nevada Canyon Gold Corp.,1040,Gold and Silver Ores,RENO,NV,89502
0001505155,UPLD,"Upland Software, Inc.",7372,Services-Prepackaged Software,AUSTIN,TX,78746
0000926617,AWHL,Aspira Women's Health Inc.,2835,In Vitro & In Vivo Diagnostic Substances,AUSTIN,TX,78738
0001966678,ZDAI,"DirectBooking Technology Co., Ltd.",1540,General Bldg Contractors - Nonresidential Bldgs,"SAN PO KONG, KOWLOON",,
0001498403,BLRX,BioLineRx Ltd.,2834,Pharmaceutical Preparations,MODI-IN,,ISRAE
0001068897,FXBY,FOXBY CORP.,,,WALOPLE,NH,
0002044241,THH,TryHard Holdings Ltd,7990,Services-Miscellaneous Amusement & Recreation,CHUO-KU,,541-0
0001819438,GWH,"ESS Tech, Inc.",3690,"Miscellaneous Electrical Machinery, Equipment & Supplies",WILSONVILLE,OR,97070
0002032545,CJMB,CALLAN JMB INC.,7389,"Services-Business Services, NEC",SPRING BRANCH,TX,78070
0001959994,COOT,Australian Oilseeds Holdings Ltd,2070,Fats & Oils,COOTAMUNDRA,C3,2590
0001495730,GMVMF,GMV Minerals Inc.,,,VANCOUVER,,V6E 3
0001972529,BTOC,Armlogi Holding Corp.,4220,Public Warehousing & Storage,WALNUT,CA,91789
0001295514,MDWK,"MDWerks, Inc.",2080,Beverages,GREEN COVE SPRINGS,FL,32043
0001138476,PFHO,PACIFIC HEALTH CARE ORGANIZATION INC,8090,"Services-Misc Health & Allied Services, NEC",IRVINE,CA,92612
0001863990,MSAI,"MultiSensor AI Holdings, Inc.",3827,Optical Instruments & Lenses,HOUSTON,TX,77046
0001684425,PETZ,"TDH Holdings, Inc.",6531,Real Estate Agents & Managers (For Others),"CHAOYANG DISTRICT, BEIJING",F4,0000
0001805521,FFAI,FARADAY FUTURE INTELLIGENT ELECTRIC INC.,3711,Motor Vehicles & Passenger Car Bodies,NEW YORK,NY,10065
0002017758,LHAI,Linkhome Holdings Inc.,6531,Real Estate Agents & Managers (For Others),IRVINE,CA,92614
0001169760,CMGHF,CHAODA MODERN AGRICULTURE HOLDINGS LTD /FI,,,WANCHAI,K3,00000
0001818274,ARAI,Arrive AI Inc.,7340,Services-To Dwellings & Other Buildings,INDIANAPOLIS,IN,46256
0001321851,SEED,Origin Agritech LTD,0100,Agricultural Production-Crops,CHANGPING DISTRICT BEIJING,F4,10220
0001119190,RWAX,"TAP REAL ESTATE TECHNOLOGIES, INC.",5000,Wholesale-Durable Goods,NEW CANAAN,CT,06840
0001816133,FRECF,Frequency Exchange Corp.,,,VANCOUVER,A1,V6E 3
0001304161,PBSV,"Pharma-Bio Serv, Inc.",8742,Services-Management Consulting Services,DORADO,PR,00646
0001725332,ALAR,Alarum Technologies Ltd.,7372,Services-Prepackaged Software,TEL-AVIV,,
0001557376,ZEOX,"Zeo ScientifiX, Inc.",2836,"Biological Products, (No Diagnostic Substances)",DAVIE,FL,33314
0001930419,ALRTF,ALR Technologies SG Ltd.,3841,Surgical & Medical Instruments & Apparatus,SINGAPORE,U0,04861
0001056358,MTEX,MANNATECH INC,2833,Medicinal Chemicals & Botanical Products,FLOWER MOUND,TX,75028
0001578348,ICMB,"Investcorp Credit Management BDC, Inc.",,,NEW YORK,NY,10017
0000109657,GTBP,"GT Biopharma, Inc.",2834,Pharmaceutical Preparations,SAN FRANCISCO,CA,94111
0001964314,JBDI,JBDI Holdings Ltd,3412,"Metal Shipping Barrels, Drums, Kegs & Pails",SINGAPORE,U0,62953
0001061612,JPOTF,Jackpot Digital Inc.,7372,Services-Prepackaged Software,VANCOUVER,,V6C 3
0001376793,CVAT,"Cavitation Technologies, Inc.",0700,Agricultural Services,"CHATSWORTH,",CA,91311
0001858994,RSMXF,Regency Silver Corp.,,,VANCOUVER,A1,V6C 3
0001378590,BLIN,"Bridgeline Digital, Inc.",7372,Services-Prepackaged Software,WOBURN,MA,01801
0001009891,AIRI,AIR INDUSTRIES GROUP,3728,"Aircraft Parts & Auxiliary Equipment, NEC",BAY SHORE,NY,11706
0001996192,QNME,"Quanome Technologies, Inc.",4731,Arrangement of  Transportation of  Freight & Cargo,ITASCA,IL,60143
0001901931,KLGDF,Kalo Gold Corp.,,,VANCOUVER,A1,V6C 2
0001645155,WBSR,Webstar Technology Group Inc.,7372,Services-Prepackaged Software,JACKSONVILLE,FL,32257
0001965143,NVNI,Nvni Group Ltd,7372,Services-Prepackaged Software,GRAND CAYMAN,E9,KY1-1
0000829323,INUV,"Inuvo, Inc.",7310,Services-Advertising,LITTLE ROCK,AR,72201
0001137883,BCLI,BRAINSTORM CELL THERAPEUTICS INC.,2836,"Biological Products, (No Diagnostic Substances)",NEW YORK,NY,10019
0001872964,MTEK,Maris Tech Ltd.,3669,"Communications Equipment, NEC",REHOVOT,L3,76088
0001659617,MBRX,"Moleculin Biotech, Inc.",2834,Pharmaceutical Preparations,HOUSTON,TX,77007
0001997637,IOTR,iOThree Ltd,4899,"Communications Services, NEC",SINGAPORE,U0,40901
0001026662,CLWT,EURO TECH HOLDINGS CO LTD,5040,Wholesale-Professional & Commercial Equipment & Supplies,HONG KONG,,99907
0001589061,GYRO,"Gyrodyne, LLC",6512,Opeators of  Nonresidential Buildings,ST. JAMES,NY,11780
0001140215,REED,"REED'S, INC.",2086,Bottled & Canned Soft Drinks & Carbonated Waters,NORWALK,CT,06851
0001304409,AHNRF,ATHENA GOLD CORP,1040,Gold and Silver Ores,WHITE ROCK,,V4B3W
0001977971,ALTUF,Altura Energy Corp.,,,VANCOUVER,,
0002020027,CLIK,Click Holdings Ltd.,7361,Services-Employment Agencies,"TSIM SHA TSUI, KOWLOON",K3,00000
0001689448,LILIF,Argentina Lithium & Energy Corp.,,,VANCOUVER,A1,V6C 3
0002029138,SAGT,SAGTEC GLOBAL Ltd,7372,Services-Prepackaged Software,KUALA LUMPUR,N8,52100
0001329606,CETY,"Clean Energy Technologies, Inc.",4924,Natural Gas Distribution,IRVINE,CA,92614
0001420049,COPAF,COPAUR MINERALS INC.,,,VANCOUVER,A1,V7Y 1
0001816815,BON,Bon Natural Life Ltd,2833,Medicinal Chemicals & Botanical Products,SHAANXI,F4,71007
0001729637,KARX,Karbon-X Corp.,2844,"Perfumes, Cosmetics & Other Toilet Preparations",CALGARY,A0,T2P 0
0001502557,KPEA,Kun Peng International Ltd.,8200,Services-Educational Services,"GAOBEIDIAN TOWN,CHAOYANG DIST.",,10002
0000031667,EDUC,EDUCATIONAL DEVELOPMENT CORP,5190,Wholesale-Miscellaneous Nondurable Goods,TULSA,OK,74146
0001784970,NXTT,Next Technology Holding Inc.,7374,Services-Computer Processing & Data Preparation,KASUKABE CITY,,344-0
0001472091,PDSB,PDS Biotechnology Corp,2834,Pharmaceutical Preparations,PRINCETON,NJ,08540
0001740279,INAB,"IN8BIO, INC.",2836,"Biological Products, (No Diagnostic Substances)",NEW YORK,NY,10118
0001699709,VNOV,VitaNova Life Sciences Corp,5130,"Wholesale-Apparel, Piece Goods & Notions",NEW YORK,NY,10002
0001372514,KPRX,KIORA PHARMACEUTICALS INC,2834,Pharmaceutical Preparations,ENCINITAS,CA,92024
0001913749,GMM,Global Mofy AI Ltd,7370,"Services-Computer Programming, Data Processing, Etc.","GAOBEIDIAN, CHAOYANG, BEIJING",F4,22530
0001771995,APHP,American Picture House Corp,7900,Services-Amusement & Recreation Services,NEW YORK,NY,10022
0001851491,AMSS,AMASS BRANDS,2080,Beverages,LOS ANGELES,CA,90021
0001781193,QH,QUHUO Ltd,7389,"Services-Business Services, NEC",CHAOYANG DISTRICT BEIJING,,10002
0001481504,XERI,"XERIANT, INC.",3721,Aircraft,BOCA RATON,FL,33431
0001817083,ELECF,Electric Royalties Ltd.,,,VANCOUVER,A1,V6E 4
0001847345,ASBP,"Aspire Biopharma Holdings, Inc.",2834,Pharmaceutical Preparations,ESTERO,FL,33928
0001493137,LCTC,"Lifeloc Technologies, Inc",3826,Laboratory Analytical Instruments,WHEAT RIDGE,CO,80033
0001743905,RVSN,Rail Vision Ltd.,3743,Railroad Equipment,RA'ANANA,L3,43665
0001616262,RMCF,"Rocky Mountain Chocolate Factory, Inc.",2060,Sugar & Confectionery Products,DURANGO,CO,80202
0001701756,SDOT,Sadot Group Inc.,5810,Retail-Eating & Drinking Places,BURLESON,TX,
0001866460,MILIF,Military Metals Corp.,,,VANCOUVER,A1,V6C 2
0001427728,YNVYF,YNVISIBLE INTERACTIVE INC.,,,VANCOUVER,A1,V6E 4
0001509705,NZERF,New Zealand Energy Corp.,,,VANCOUVER,A1,V6C 3
0001610590,MBAI,Check-Cap Ltd,3844,X-Ray Apparatus & Tubes & Related Irradiation Apparatus,ISFIYA,,00000
0000838875,WVVI,WILLAMETTE VALLEY VINEYARDS INC,2080,Beverages,TURNER,OR,97392
0001922335,SYRA,Syra Health Corp,7361,Services-Employment Agencies,CARMEL,IN,46032
0001544883,WLFFF,Wolfden Resources Corp,,,THUNDER BAY,A6,P7B 5
0001804469,GFAI,"Guardforce AI Co., Ltd.",7381,"Services-Detective, Guard & Armored Car Services",SINGAPORE,U0,07990
0001792941,GNVR,Genvor Inc,0100,Agricultural Production-Crops,HENDERSON,NV,89012
0001061069,AWX,AVALON HOLDINGS CORP,4953,Refuse Systems,WARREN,OH,44484
0001829247,BFRG,"BullFrog AI Holdings, Inc.",2834,Pharmaceutical Preparations,GAITHERSBURG,MD,20878
0001584831,OXBR,OXBRIDGE RE HOLDINGS Ltd,6331,"Fire, Marine & Casualty Insurance",GEORGETOWN,E9,KY1-9
0001807689,FCCI,"FAST CASUAL CONCEPTS, INC.",5810,Retail-Eating & Drinking Places,SHERIDAN,WY,82801
0001651932,XITO,"Xenous Holdings, Inc.",6770,Blank Checks,KUALA LUMPUR,N8,50450
0001873093,GDTC,CytoMed Therapeutics Ltd,2834,Pharmaceutical Preparations,1 COMMONWEALTH LANE,U0,14954
0001096296,RITE,MINERALRITE Corp,1090,Miscellaneous Metal Ores,DALLAS,TX,75201
0000894158,TOVX,"Theriva Biologics, Inc.",2834,Pharmaceutical Preparations,ROCKVILLE,MD,20850
0001411685,VTGN,"Vistagen Therapeutics, Inc.",2834,Pharmaceutical Preparations,SOUTH SAN FRANCISCO,CA,94080
0001014763,AIMD,"Ainos, Inc.",3577,"Computer Peripheral Equipment, NEC",HOUSTON,TX,77056
0001096938,UEEC,"United Health Products, Inc.",3842,"Orthopedic, Prosthetic & Surgical Appliances & Supplies",MESQUITE,NV,89027
0001516551,SKYE,"Skye Bioscience, Inc.",2834,Pharmaceutical Preparations,SAN DIEGO,CA,92130
0001269026,SINT,"Sintx Technologies, Inc.",3841,Surgical & Medical Instruments & Apparatus,SALT LAKE CITY,UT,84119
0001117057,PLAG,Planet Green Holdings Corp.,2030,"Canned, Frozen & Preservd Fruit, Veg & Food Specialties",FLUSHING,NY,11354
0002013792,EWSB,"EWSB Bancorp, Inc. /MD/",6036,"Savings Institutions, Not Federally Chartered",KAUKAUNA,WI,02492
0002028293,RAIN,"Rain Enhancement Technologies Holdco, Inc.",3590,Misc Industrial & Commercial Machinery & Equipment,NAPLES,FL,34103
0001160420,ADIA,"Adia Nutrition, Inc.",2833,Medicinal Chemicals & Botanical Products,WINTER PARK,FL,32792
0000875729,BNET,BION ENVIRONMENTAL TECHNOLOGIES INC,2870,Agricultural Chemicals,OLD BETHPAGE,NY,11804
0001133519,MCUJF,MEDICURE INC,2834,Pharmaceutical Preparations,WINNIPEG,,R2C 0
0000885307,JCTC,JEWETT CAMERON TRADING CO LTD,5211,Retail-Lumber & Other Building Materials Dealers,NORTH PLAINS,OR,97133
0001707910,REBN,"Reborn Coffee, Inc.",5812,Retail-Eating  Places,BREA,CA,92821
0001926792,SFHG,SAMFINE CREATION HOLDINGS GROUP Ltd,2750,Commercial Printing,HONG KONG,,
0001756064,OBAI,"Our Bond, Inc.",4899,"Communications Services, NEC",BOSTON,MA,02115
0001803407,OST,"Ostin Technology Group Co., Ltd.",3679,"Electronic Components, NEC",NANJIANG JIANGSU,F4,23130
0001829809,BBBMF,Lux Metals Corp.,,,VANCOUVER,,
0001982960,KNRX,KNOREX LTD.,7370,"Services-Computer Programming, Data Processing, Etc.",SINGAPORE,U0,05826
0001527728,LNAI,Lunai Bioworks Inc.,2834,Pharmaceutical Preparations,SUITE 906 LOS ANGELES,CA,90067
0001487798,ECTM,ECA Marcellus Trust I,1311,Crude Petroleum & Natural Gas,HOUSTON,TX,77002
0001671502,QNRX,"Quoin Pharmaceuticals, Ltd.",2834,Pharmaceutical Preparations,KFAR SABA,,44425
0001677084,GPMTF,GPM Metals Inc.,,,TORONTO,A6,M5H 3
0001967397,LZMH,LZ Technology Holdings Ltd,7371,Services-Computer Programming Services,"XIAMEN, FUJIAN",F4,36100
0001641398,GDC,GD Culture Group Ltd,5050,Wholesale-Metals & Minerals (No Petroleum),JERSEY CITY,NJ,07310
0002082729,CBAI,Coolbit Technologies Ltd,6199,Finance Services,HONG KONG,,00000
0001592560,VSA,VisionSys AI Inc,8200,Services-Educational Services,"YANJIAO, SANHE CITY",,06520
0000320017,LSTA,"LISATA THERAPEUTICS, INC.",2834,Pharmaceutical Preparations,BASKING RIDGE,NJ,07920
0002013320,ELOG,Eastern International Ltd.,4731,Arrangement of  Transportation of  Freight & Cargo,"HANGZHOU, ZHEJIANG PROVINCE",F4,31123
0001948294,NWGL,CL Workshop Group Ltd,2400,Lumber & Wood Products (No Furniture),MACAU S.A.R,,
0001840425,OSRH,"OSR Health, Inc.",3841,Surgical & Medical Instruments & Apparatus,BELLEVUE,WA,98004
0001414382,CLEV,Concrete Leveling Systems Inc,3590,Misc Industrial & Commercial Machinery & Equipment,Canton,OH,44718
0000744825,AMS,AMERICAN SHARED HOSPITAL SERVICES,8071,Services-Medical Laboratories,SAN FRANCISCO,CA,94111
0001777319,CISO,"CISO Global, Inc.",8742,Services-Management Consulting Services,SCOTTSDALE,AZ,85251
0000890394,PRSO,Peraso Inc.,3674,Semiconductors & Related Devices,SAN JOSE,CA,95110
0001419793,OCLN,"ORIGINCLEAR, INC.",3559,"Special Industry Machinery, NEC",CLEARWATER,FL,33755
0000062362,MARPS,MARINE PETROLEUM TRUST,6792,Oil Royalty Traders,DALLAS,TX,75219
0001837607,AEON,"AEON Biopharma, Inc.",2834,Pharmaceutical Preparations,ALISO VIEJO,CA,92656
0001621832,AQMS,"Aqua Metals, Inc.",3341,Secondary Smelting & Refining of  Nonferrous Metals,MCCARRAN,NV,89437
0001933951,INEO,INNEOVA Holdings Ltd,5010,Wholesale-Motor Vehicles & Motor Vehicle Parts & Supplies,SINGAPORE,,
0000019871,CVR,CHICAGO RIVET & MACHINE CO,3540,Metalworkg Machinery & Equipment,WARRENVILLE,IL,
0001468492,HSCS,HeartSciences Inc.,6199,Finance Services,SOUTHLAKE,TX,76092
0001836503,CEXYF,GIANT MINING CORP.,,,VANCOUVER,,V6E 4
0001660046,IMRN,Immuron Ltd,2834,Pharmaceutical Preparations,"CARLTON, VICTORIA",C3,3053
0001638287,MTVA,MetaVia Inc.,2834,Pharmaceutical Preparations,CAMBRIDGE,MA,02138
0001282980,DROR,"Dror Ortho-Design, Inc.",3843,Dental Equipment & Supplies,WASHINGTON,PA,15301
0001565146,GULTU,Gulf Coast Ultra Deep Royalty Trust,1311,Crude Petroleum & Natural Gas,HOUSTON,TX,77002
0001096275,WKSP,Worksport Ltd,3714,Motor Vehicle Parts & Accessories,WEST SENECA,NY,14224
0001853599,CCOOF,CORE SILVER CORP.,,,VANCOUVER,,
0001803977,LIMX,Limitless X Holdings Inc.,7990,Services-Miscellaneous Amusement & Recreation,BEVERLY HILLS,CA,90212
0001753373,MTWO,"M2i Global, Inc.",5050,Wholesale-Metals & Minerals (No Petroleum),INCLINE VILLAGE,NV,89451
0001932072,LOBO,LOBO TECHNOLOGIES LTD.,3751,"Motorcycles, Bicycles & Parts",JIANGSU,,
0001905511,JCSE,JE Cleantech Holdings Ltd,3990,Miscellaneous Manufacturing Industries,SINGAPORE,U0,73836
0001820875,CXAI,CXApp Inc.,7372,Services-Prepackaged Software,PALO ALTO,CA,94306
0001425061,ZCRMF,Golden Cross Resources Inc.,,,VANCOUVER,,
0001895618,GXAI,GAXOS.AI INC.,7372,Services-Prepackaged Software,ROSELAND,NJ,07068
0001376231,VPRB,"VPR Brands, LP.",7372,Services-Prepackaged Software,,,
0000022701,SUNE,"SUNation Energy, Inc.",1700,Construction - Special Trade Contractors,RONKONKOMA,NY,11779
0001882781,CBLO,"C2 Blockchain, Inc.",6199,Finance Services,MIAMI,FL,33184
0001898766,TPET,Trio Petroleum Corp,1311,Crude Petroleum & Natural Gas,BOCA RATON,FL,33487
0001967631,NAMI,Jinxin Technology Holding Co,8200,Services-Educational Services,"PUDONG DISTRICT, SHANGHAI",,
0000087802,SCND,SCIENTIFIC INDUSTRIES INC,3826,Laboratory Analytical Instruments,BOHEMIA,NY,11716
0001006028,PURE,"PURE BIOSCIENCE, INC.",2890,Miscellaneous Chemical Products,EL CAJON,CA,92019
0001619096,SNTW,Summit Networks Inc.,4953,Refuse Systems,MIAMI,FL,33131
0001628935,APMCF,MORIEN RESOURCES CORP.,,,DARTMOUTH,A5,B3A 4
0001870600,SBDS,"Solo Brands, Inc.",3949,"Sporting & Athletic Goods, NEC",GRAPEVINE,TX,76051
0001707919,CENN,Cenntro Inc.,3711,Motor Vehicles & Passenger Car Bodies,FREEHOLD,NJ,07728
0001931717,CCTG,CCSC Technology International Holdings Ltd,3640,Electric Lighting & Wiring Equipment,HONG KONG,,
0001574565,EVGN,Evogene Ltd.,2870,Agricultural Chemicals,REHOVOT,L3,76385
0001930179,ARBB,ARB IOT Group Ltd,7373,Services-Computer Integrated Systems Design,10 MARINA BOULEVARD,,
0002019435,BGL,Blue Gold Ltd,1000,Metal Mining,"PO BOX 1348, GRAND CAYMAN",,
0001104038,VRME,"VerifyMe, Inc.",6199,Finance Services,LAKE MARY,FL,32746
0001042187,YHGJ,YUNHONG GREEN CTI LTD.,3060,"Fabricated Rubber Products, NEC",BARRINGTON,IL,60010
0001190370,IVDN,INNOVATIVE DESIGNS INC,2390,Miscellaneous Fabricated Textile Products,PITTSBURGH,PA,15223
0000888721,TRIB,TRINITY BIOTECH PLC,2835,In Vitro & In Vivo Diagnostic Substances,WICKLOW,,
0001807893,SPFX,"STANDARD PREMIUM FINANCE HOLDINGS, INC.",6159,Miscellaneous Business Credit Institution,MIAMI,FL,33186
0001713539,KXIN,Kaixin Holdings,5500,Retail-Auto Dealers & Gasoline Stations,CHAOYANG DISTRICT,,
0002041338,TDIC,Dreamland Ltd,8741,Services-Management Services,HONG KONG,K3,00000
0001698530,XCUR,"EXICURE, INC.",2834,Pharmaceutical Preparations,CHICAGO,IL,60614
0001989815,TRGEF,Targa Exploration Corp.,,,VANCOUVER,A1,V6E3V
0001171838,SUND,"Sundance Strategies, Inc.",6411,"Insurance Agents, Brokers & Service",PROVO,UT,84604
0001729427,CNSP,"CNS Pharmaceuticals, Inc.",2834,Pharmaceutical Preparations,HOUSTON,TX,77027
0000749647,IMNN,"Imunon, Inc.",2834,Pharmaceutical Preparations,LAWRENCEVILLE,NJ,08648
0002004024,LHSW,Lianhe Sowell International Group Ltd,7372,Services-Prepackaged Software,"NANSHAN DISTRICT, SHENZHEN",,51800
0001944902,OMH,Ohmyhome Ltd,6531,Real Estate Agents & Managers (For Others),JACKSON,U0,31957
0001487091,QWTR,"Quest Water Global, Inc.",3585,Air-Cond & Warm Air Heatg Equip & Comm & Indl Refrig Equip,NORTH VANCOUVER,A1,V7P 3
0002048847,FCHDF,Fairchild Gold Corp.,,,VANCOUVER,A1,V6C 2
0001141964,PCMC,PUBLIC CO MANAGEMENT CORP,6770,Blank Checks,BEVERLY HILLS,CA,90212
0001923780,NCL,Northann Corp.,3089,"Plastics Products, NEC",FORT LAWN,SC,29714
0001754180,VNTXF,FORTE GROUP HOLDINGS INC.,,,VANCOUVER,,V6C 2
0001957001,FEBO,Fenbo Holdings Ltd,3634,Electric Housewares & Fans,"KWUN TONG, KOWLOON",K3,0000
0001728328,INM,InMed Pharmaceuticals Inc.,2834,Pharmaceutical Preparations,VANCOUVER,A1,V6C 3
0001722731,FDCT,"FDCTECH, INC.",7372,Services-Prepackaged Software,IRVINE,CA,92618
0001958777,FBLG,"FibroBiologics, Inc.",2834,Pharmaceutical Preparations,HOUSTON,TX,77054
0001781983,APRE,"Aprea Therapeutics, Inc.",2834,Pharmaceutical Preparations,DOYLESTOWN,PA,18902
0001815566,IFBD,"Infobird Co., Ltd",7372,Services-Prepackaged Software,N.T. HONG KONG,K3,00000
0001712294,CPIVF,CAPTIVA VERDE WELLNESS CORP.,,,COQUITLAM,A1,V3J 2
0001859199,AIRE,reAlpha Tech Corp.,6500,Real Estate,DUBLIN,OH,43017
0001868866,HAMRF,SILVER HAMMER MINING CORP,,,VANCOUVER,,V6E 2
0001673481,SEGG,Sports Entertainment Gaming Global Corp,7372,Services-Prepackaged Software,FT. WORTH,TX,76109
0000812796,SNGX,"SOLIGENIX, INC.",2834,Pharmaceutical Preparations,PRINCETON,NJ,08540
0001793895,CDTG,CDT Environmental Technology Investment Holdings Ltd,4950,Sanitary Services,NANSHAN DISTRICT,F4,51805
0002058584,DKI,DarkIris Inc.,7372,Services-Prepackaged Software,SHEUNG WAN,,
0001831979,SDST,Stardust Power Inc.,3330,Primary Smelting & Refining of  Nonferrous Metals,OKLAHOMA CITY,OK,73131
0001187953,CELZ,"CREATIVE MEDICAL TECHNOLOGY HOLDINGS, INC.",2836,"Biological Products, (No Diagnostic Substances)",PHOENIX,AZ,85012
0001760903,BNKK,"BONK, INC.",2844,"Perfumes, Cosmetics & Other Toilet Preparations",JUPITER,FL,33477
0001948864,HCWC,HEALTHY CHOICE WELLNESS CORP.,5411,Retail-Grocery Stores,HOLLYWOOD,FL,33020
0001938186,JYD,Jayud Global Logistics Ltd,4731,Arrangement of  Transportation of  Freight & Cargo,SHENZHEN,,
0001938046,MGRX,"MANGOCEUTICALS, INC.",8090,"Services-Misc Health & Allied Services, NEC",DALLAS,TX,75248
0002025942,CURX,Curanex Pharmaceuticals Inc,2834,Pharmaceutical Preparations,JERICHO,NY,11753
0001949864,MGNC,Mag Magna Corp,1400,Mining & Quarrying of  Nonmetallic Minerals (No Fuels),LAS VEGAS,NV,89118
0001958399,HCAI,"Huachen AI Parking Management Technology Holding Co., Ltd",3990,Miscellaneous Manufacturing Industries,JIAXING,,31420
0001517496,SLAIY,SOLAI Ltd,6199,Finance Services,AKRON,OH,44306
0001967822,CGTL,Creative Global Technology Holdings Ltd,5045,Wholesale-Computers & Peripheral Equipment & Software,HONG KONG,K3,99907
0001085921,MMTIF,MICROMEM TECHNOLOGIES INC,7371,Services-Computer Programming Services,TORONTO,,
0001584371,ICCM,IceCure Medical Ltd.,3841,Surgical & Medical Instruments & Apparatus,CAESAREA,,38900
0000032621,MSN,EMERSON RADIO CORP,3651,Household Audio & Video Equipment,PARSIPPANY,NJ,07054
0001568969,LOTT,Techlott Inc.,7371,Services-Computer Programming Services,GAN YAVNE,,
0001725430,INBS,INTELLIGENT BIO SOLUTIONS INC.,3841,Surgical & Medical Instruments & Apparatus,NEW YORK,NY,10036
0001477201,BCUFF,Bell Copper Corp,,,VANCOUVER,A1,V6E 3
0001552670,TAOP,Taoping Inc.,7372,Services-Prepackaged Software,"WEST ROAD, NANKAI DISTRICT",,30019
0001410428,XWEL,"XWELL, Inc.",7200,Services-Personal Services,NEW YORK,NY,10001
0001022505,SDCH,"SideChannel, Inc.",7374,Services-Computer Processing & Data Preparation,WORCESTER,MA,01608
0001130598,TRAW,"Traws Pharma, Inc.",2834,Pharmaceutical Preparations,NEWTOWN,PA,18940
0001549631,QURT,"Quarta-Rad, Inc.",3823,"Industrial Instruments For Measurement, Display, and Control",WILMINGTON,DE,19801
0001969401,UZX,Linkage Global Inc,5961,Retail-Catalog & Mail-Order Houses,TOKYO,M0,171-0
0001677077,ALZN,"Alzamend Neuro, Inc.",2834,Pharmaceutical Preparations,ATLANTA,GA,30326
0001821424,UK,Ucommune International Ltd,7389,"Services-Business Services, NEC",BEIJING,,10002
0001853070,SOAR,"Volato Group, Inc.",4522,"Air Transportation, Nonscheduled",CHAMBLEE,GA,30341
0001701963,VS,Versus Systems Inc.,7374,Services-Computer Processing & Data Preparation,VANCOUVER,,
0001398713,URZEF,URZ3 ENERGY CORP.,,,VANCOUVER,A1,V6C 3
0001819704,MRM,Medirom Healthcare Technologies Inc.,7200,Services-Personal Services,TOKYO,,
0002103596,GFTFF,Grafton Resources Inc.,,,VANCOUVER,,V6E 3
0001889352,CMHSF,COMPREHENSIVE HEALTHCARE SYSTEMS INC. (CANADA),,,CALGARY,A0,T2N3S
0001534525,XBIO,"Xenetic Biosciences, Inc.",2834,Pharmaceutical Preparations,FRAMINGHAM,MA,01701
0001718224,BTBD,"BT Brands, Inc.",5812,Retail-Eating  Places,PARK CITY,UT,84098
0001635077,ACON,"Aclarion, Inc.",8071,Services-Medical Laboratories,BROOMFIELD,CO,80021
0001840317,VEEA,VEEA INC.,7373,Services-Computer Integrated Systems Design,NEW YORK,NY,10028
0001836242,TKLF,"Tokyo Lifestyle Co., Ltd.",5990,"Retail-Retail Stores, NEC",TOKYO,M0,130-0
0001971387,LIMN,"Liminatus Pharma, Inc.",2836,"Biological Products, (No Diagnostic Substances)",CERRITOS,CA,90703
0001372114,KLYG,"Kelyniam Global, Inc.",8711,Services-Engineering Services,LITTLE ROCK,AR,72207
0001415744,NMEX,NORTHERN MINERALS & EXPLORATION LTD.,1040,Gold and Silver Ores,CISCO,TX,76437
0001875016,YMAT,"J-Star Holding Co., Ltd.",3949,"Sporting & Athletic Goods, NEC",TAICHUNG CITY 407,F4,40759
0002110423,DTSS,Datasea Intelligent Technology Ltd.,7372,Services-Prepackaged Software,BEIJING,,10269
0001534154,AUID,authID Inc.,7372,Services-Prepackaged Software,DENVER,CO,80203
0001356371,AMLM,"AMERICAN LITHIUM MINERALS, INC.",1000,Metal Mining,CARSON CITY,NV,89701
0001745078,VYND,"Vynleads, Inc.",7200,Services-Personal Services,ROCK HILL,SC,29730
0001995704,CUPR,Cuprina Holdings (Cayman) LTD,3842,"Orthopedic, Prosthetic & Surgical Appliances & Supplies",SINGAPORE,U0,16920
0000946644,AIM,AIM ImmunoTech Inc.,2836,"Biological Products, (No Diagnostic Substances)",OCALA,FL,32801
0001179821,BGI,BIRKS GROUP INC.,5944,Retail-Jewelry Stores,MONTREAL,A8,H3A 2
0001492617,FWFW,"FLYWHEEL ADVANCED TECHNOLOGY, INC.",7380,Services-Miscellaneous Business Services,CARSON CITY,NV,89706
0001888740,LSEB,LSEB Creative Corp.,2320,"Men's & Boys' Furnishgs, Work Clothg, & Allied Garments",SHERIDAN,WY,82801
0001680139,HLYK,HealthLynked Corp,8011,Services-Offices & Clinics of  Doctors of  Medicine,NAPLES,FL,34108
0001470683,AEHL,Antelope Enterprise Holdings Ltd,4899,"Communications Services, NEC",NEW YORK,NY,10118
0001536196,CANF,Can-Fite BioPharma Ltd.,2834,Pharmaceutical Preparations,RAMAT GAN,L3,52573
0001788230,IPST,"IP STRATEGY HOLDINGS, INC.",2080,Beverages,GIG HARBOR,WA,
0002009233,AGRZ,Agroz Inc.,0100,Agricultural Production-Crops,PETALING JAYA,,
0001713979,TRRFF,TRIFECTA GOLD LTD,,,VANCOUVER,A1,V6E 4
0001815021,BQ,Boqii Holding Ltd,5990,"Retail-Retail Stores, NEC","PUDONG NEW DISTRICT, SHANGHAI",,
0001889791,INNPF,INNOCAN PHARMA Corp,2834,Pharmaceutical Preparations,CALGARY,,T2P 0
0001527352,NXL,"Nexalin Technology, Inc.",3845,Electromedical & Electrotherapeutic Apparatus,HOUSTON,TX,77056
0001621672,SLE,"Super League Enterprise, Inc.",7373,Services-Computer Integrated Systems Design,SANTA MONICA,CA,90404
0001969863,SUGP,SU Group Holdings Ltd,7381,"Services-Detective, Guard & Armored Car Services",KOWLOON,,
0001419951,DTST,Data Storage Corp,7374,Services-Computer Processing & Data Preparation,NEW YORK,NY,10001
0001533743,PCSA,"Processa Pharmaceuticals, Inc.",2834,Pharmaceutical Preparations,VERO BEACH,FL,32960
0001970544,ITOC,iTonic Holdings Ltd,3845,Electromedical & Electrotherapeutic Apparatus,BEIJING,,
0001648636,TRLEF,Trillion Energy International Inc.,1311,Crude Petroleum & Natural Gas,"ORAN, CANKAYA, ANKARA",W8,06450
0002004489,BMGL,Basel Medical Group Ltd,8011,Services-Offices & Clinics of  Doctors of  Medicine,SINGAPORE,U0,18877
0001661053,NVNO,enVVeno Medical Corp,3841,Surgical & Medical Instruments & Apparatus,IRVINE,CA,92618
0001934245,NWTG,"Newton Golf Company, Inc.",3949,"Sporting & Athletic Goods, NEC",CAMARILLO,CA,93012
0001443863,BICX,BioCorRx Inc.,8093,"Services-Specialty Outpatient Facilities, NEC",ANAHEIM,CA,92806
0001716947,ENSC,"Ensysce Biosciences, Inc.",2834,Pharmaceutical Preparations,LA JOLLA,CA,92037
0000066496,MMTRS,MILLS MUSIC TRUST,6794,Patent Owners & Lessors,NEW YORK,NY,10018
0001908705,GLE,Global Engine Group Holding Ltd,7374,Services-Computer Processing & Data Preparation,NEW TERRITORIES,K3,00000
0001527613,CIMG,CIMG Inc.,5900,Retail-Miscellaneous Retail,HONG KONG,,
0002025218,DLXY,Delixy Holdings Ltd,5172,Wholesale-Petroleum & Petroleum Products (No Bulk Stations),SINGAPORE,U0,19878
0001309082,CEIN,"CAMBER ENERGY, INC.",1311,Crude Petroleum & Natural Gas,HOUSTON,TX,77094
0001948099,MTEN,Mingteng International Corp Inc.,3442,"Metal Doors, Sash, Frames, Moldings & Trim",WUXI,,21400
0001962011,KAPA,"Kairos Pharma, LTD.",2834,Pharmaceutical Preparations,LOS ANGELES,CA,90064
0001414953,MOJO,EQUATOR Beverage Co,2080,Beverages,JERSEY CITY,NJ,07302
0001936817,HXHX,Haoxin Holdings Ltd,4210,Trucking & Courier Services (No Air),NINGBO,F4,31580
0001692415,CODX,"Co-Diagnostics, Inc.",3841,Surgical & Medical Instruments & Apparatus,SALT LAKE CITY,UT,84109
0002075349,SERPY,Top End Energy Ltd/ADR,,,NEW YORK,NY,10271
0001572386,GWTI,"GREENWAY TECHNOLOGIES, INC. & SUBSIDIARIES",2860,Industrial Organic Chemicals,ARLINGTON,TX,76011
0000845819,KTEL,"KonaTel, Inc.",4899,"Communications Services, NEC",PLANO,TX,75074
0001314196,OLB,"OLB GROUP, INC.",7389,"Services-Business Services, NEC",NEW YORK,NY,10036
0001680378,SNES,"SenesTech, Inc.",2870,Agricultural Chemicals,PHOENIX,AZ,85027
0001649009,CHAI,"Core AI Holdings, Inc.",4812,Radiotelephone Communications,SURREY,,V3W 1
0001023549,XTLB,XTL BIOPHARMACEUTICALS LTD,2834,Pharmaceutical Preparations,NEW YORK,NY,10016
0000029332,DXYN,DIXIE GROUP INC,2273,Carpets & Rugs,DALTON,GA,30722
0001603978,AQB,AQUABOUNTY TECHNOLOGIES INC,0900,"Fishing, Hunting and Trapping",HARVARD,MA,01451
0001498067,CTGL,SKYTECH ORION GLOBAL CORP.,7372,Services-Prepackaged Software,BETHESDA,MD,20814
0002024899,MFBI,"Monroe Federal Bancorp, Inc.",6035,"Savings Institution, Federally Chartered",TIPP CITY,OH,45371
0001734005,NIKI,"Niki BioSolutions, Inc.",3829,"Measuring & Controlling Devices, NEC",PRINCETON,NJ,08540
0001681682,NDRA,ENDRA Life Sciences Inc.,3845,Electromedical & Electrotherapeutic Apparatus,ANN ARBOR,MI,48105
0002024876,EDHL,Everbright Digital Holding Ltd.,7310,Services-Advertising,HONG KONG,K3,NIL
0001854257,TBLLF,Tombill Mines Ltd,,,TORONTO,,M5G 1
0001805594,JWEL,Jowell Global Ltd.,5960,Retail-Nonstore Retailers,SHANGHAI,F4,20013
0001716770,WAFU,Wah Fu Education Group Ltd,8200,Services-Educational Services,BEIJING,F4,10017
0001976443,SYNX,Silynxcom Ltd.,3651,Household Audio & Video Equipment,NETANYA,L3,42504
0001966750,ZBAO,Zhibao Technology Inc.,6411,"Insurance Agents, Brokers & Service",SHANGHAI,F4,00000
0001527702,IQST,iQSTEL Inc,4813,Telephone Communications (No Radiotelephone),CORAL GABLES,FL,33134
0001779476,KRKR,36Kr Holdings Inc.,7389,"Services-Business Services, NEC","CHAOYANG DISTRICT, BEIJING",,00000
0001139685,AIDX,"20/20 Biolabs, Inc.",8734,Services-Testing Laboratories,ROCKVILLE,MD,20850
0001814963,ILAG,Intelligent Living Application Group Inc.,2540,"Partitions, Shelvg, Lockers, & of fice & Store Fixtures",HONG KONG,K3,00000
0000835662,AIXN,"AiXin Life International, Inc.",5912,Retail-Drug Stores and Proprietary Stores,"JINJIANG DISTRICT,CHENGDU CITY",F4,61002
0001854526,BRQL,DYNAMIC AEROSPACE SYSTEMS Corp,3721,Aircraft,ANN ARBOR,MI,48108
0001357671,CRTD,"Creatd, Inc.",4522,"Air Transportation, Nonscheduled",DOVER,DE,19904
0001870144,CDIO,"Cardio Diagnostics Holdings, Inc.",2835,In Vitro & In Vivo Diagnostic Substances,CHICAGO,IL,60645
0001894525,APUS,"Apimeds Pharmaceuticals US, Inc.",2834,Pharmaceutical Preparations,MATAWAN,NJ,07747
0001520556,AITTF,TRENCHANT TECHNOLOGIES CAPITAL CORP.,,,VANCOUVER,,
0000921968,HVGDF,HARVEST GOLD CORP,,,VANCOUVER,A1,V6J 4
0001367083,SNOA,"Sonoma Pharmaceuticals, Inc.",3841,Surgical & Medical Instruments & Apparatus,BOULDER,CO,80301
0001494413,TWOH,Two Hands Corp,7389,"Services-Business Services, NEC",LOCUST VALLEY,NY,11560
0002034400,BTTC,Black Titan Corp,7371,Services-Computer Programming Services,NEW YORK,NY,10022
0001652561,DQWS,DSwiss Inc,2844,"Perfumes, Cosmetics & Other Toilet Preparations",KUALA LUMPUR,N8,59200
0001813419,NBLXF,Noble Plains Uranium Corp.,,,VANCOUVER,,V6E 3
0001588014,ADMQ,"ADM ENDEAVORS, INC.",7310,Services-Advertising,HALTOM CITY,TX,76117
0001574232,ADXN,Addex Therapeutics Ltd.,2834,Pharmaceutical Preparations,GENEVA,V8,CH-12
0001849820,KITT,"Nauticus Robotics, Inc.",3569,"General Industrial Machinery & Equipment, NEC",WEBSTER,TX,77598
0001742927,RVPH,"REVIVA PHARMACEUTICALS HOLDINGS, INC.",2834,Pharmaceutical Preparations,CUPERTINO,CA,95014
0001935092,CETI,"Cyber Enviro-Tech, Inc.",3690,"Miscellaneous Electrical Machinery, Equipment & Supplies",SCOTTSDALE,AZ,85251
0001088413,GLGI,"GREYSTONE LOGISTICS, INC.",3559,"Special Industry Machinery, NEC",TULSA,OK,74120
0001709626,NCNA,NuCana plc,2834,Pharmaceutical Preparations,EDINBURGH,X0,EH12 
0001736243,ACXP,"Acurx Pharmaceuticals, Inc.",2834,Pharmaceutical Preparations,STATEN ISLAND,NY,10305
0002030617,PMI,"Picard Medical, Inc.",3841,Surgical & Medical Instruments & Apparatus,TUCSON,AZ,85713
0001781446,GAUZ,Gauzy Ltd.,3690,"Miscellaneous Electrical Machinery, Equipment & Supplies",TEL-AVIV YAFO,,68169
0001807166,AMST,Amesite Inc.,7372,Services-Prepackaged Software,ANN ARBOR,MI,48104
0001123596,BABB,"BAB, INC.",5812,Retail-Eating  Places,DEERFIELD,IL,60015
0001342916,HNOI,"HNO International, Inc.",1000,Metal Mining,MURRIETA,CA,92562
0001406944,TRBMF,TORQ RESOURCES INC.,,,Vancouver,A1,V6E 2
0001388994,CYDX,"CYduct Diagnostics, Inc.",,,BOSTON,MA,02136
0001641281,BOLT,"Bolt Biotherapeutics, Inc.",2834,Pharmaceutical Preparations,REDWOOD CITY,CA,94063
0002056751,UUUFF,Recharge Resources Ltd.,,,VANCOUVER,A1,V6E 4
0001881472,MEGL,Magic Empire Global Ltd,6199,Finance Services,CENTRAL,K3,0000
0001413745,YDKG,Yueda Digital Holding,7311,Services-Advertising Agencies,IRVINE,CA,92618
0001873213,BRWC,Birdie Win Corp,8200,Services-Educational Services,SELANGOR,N8,47301
0000890821,ENVB,"Enveric Biosciences, Inc.",2834,Pharmaceutical Preparations,CAMBRIDGE,MA,02142
0001911545,GITS,"Global Interactive Technologies, Inc.",7370,"Services-Computer Programming, Data Processing, Etc.",SEOUL,M5,07231
0000093314,VNRX,VOLITIONRX LTD,2835,In Vitro & In Vivo Diagnostic Substances,HENDERSON,NV,89014
0001731854,FASLF,First Andes Silver Ltd.,,,VANCOUVER,,
0001983324,RMSG,Real Messenger Corp,7370,"Services-Computer Programming, Data Processing, Etc.",COSTA MESA,CA,92626
0001854480,DEVSF,DevvStream Corp.,6799,"Investors, NEC",SACRAMENTO,CA,95816
0001099369,DSNY,DESTINY MEDIA TECHNOLOGIES INC,7372,Services-Prepackaged Software,VANCOUVER,A1,V6C 3
0001920092,GELS,Gelteq Ltd,2834,Pharmaceutical Preparations,SOUTH MELBOURNE VIC,,
0001130166,BGMS,"Bio Green Med Solution, Inc.",5099,"Wholesale-Durable Goods, NEC",BERKELEY HEIGHTS,NJ,07922
0001554818,AUUD,AUDDIA INC.,7374,Services-Computer Processing & Data Preparation,BOULDER,CO,80301
0001590418,FCUV,FOCUS UNIVERSAL INC.,3823,"Industrial Instruments For Measurement, Display, and Control",WEST COVINA,CA,91790
0001887673,WLDS,Wearable Devices Ltd.,3576,Computer Communications Equipment,YOKNE'AM ILLIT,L3,20667
0001937993,CVKD,"Cadrenal Therapeutics, Inc.",2834,Pharmaceutical Preparations,PONTE VEDRA,FL,32082
0001703625,NAPD,"NAPC Defense, Inc.",7310,Services-Advertising,CLEARWATER,FL,33760
0002002236,SPHL,SPRINGVIEW HOLDINGS LTD,1520,General Bldg Contractors - Residential Bldgs,GRAND CAYMAN,E9,KY1-9
0001785566,ZCMD,Zhongchao Inc.,8200,Services-Educational Services,SHANGHAI,,20004
0001905920,GLXG,Galaxy Payroll Group Ltd,8700,"Services-Engineering, Accounting, Research, Management",HONG KONG,,00000
0001494558,AMBO,Ambow Education Holding Ltd.,8200,Services-Educational Services,CUPERTINO,CA,95014
0001388295,ONEI,OneMeta Inc.,7374,Services-Computer Processing & Data Preparation,"NEWPORT BEACH,",CA,92660
0001593184,BRGX,"BIOREGENX, INC.",7370,"Services-Computer Programming, Data Processing, Etc.",CHATTANOOGA,TN,37421
0001835615,MHUAF,"Meihua International Medical Technologies Co., Ltd.",3841,Surgical & Medical Instruments & Apparatus,YANGZHOU,F4,22500
0001951229,RITR,Reitar Logtech Holdings Ltd,6510,Real Estate Operators (No Developers) & Lessors,HONG KONG,K3,99907
0001853816,DRMA,"Dermata Therapeutics, Inc.",2834,Pharmaceutical Preparations,SAN DIEGO,CA,92130
0001979407,ORKT,ORANGEKLOUD TECHNOLOGY INC.,7372,Services-Prepackaged Software,SINGAPORE,,33994
0001875547,LCFY,Locafy Ltd,7370,"Services-Computer Programming, Data Processing, Etc.",SUBIACO WA,C3,6008
0001558569,ISPC,iSpecimen Inc.,8731,Services-Commercial Physical & Biological Research,WOBURN,MA,08101
0001958133,DXST,Decent Holding Inc.,4950,Sanitary Services,SHANDONG PROVINCE,F4,26460
0001852440,JZ,Jianzhi Education Technology Group Co Ltd,8200,Services-Educational Services,BEIJING,F4,10008
0001128281,SKAS,"Saker Aviation Services, Inc.",4581,"Airports, Flying Fields & Airport Terminal Services",NEW YORK,NY,10017
0001536811,THURF,Thunderstruck Resources Ltd.,,,VANCOUVER,A1,V7L 1
0001821806,LESL,"Leslie's, Inc.",5990,"Retail-Retail Stores, NEC",PHOENIX,AZ,85016
0001631487,CLGN,CollPlant Biotechnologies Ltd,3842,"Orthopedic, Prosthetic & Surgical Appliances & Supplies",REHOVOT,L3,74140
0001375348,GLNS,Golden Star Resource Corp.,1090,Miscellaneous Metal Ores,LAS VEGAS,NV,89107
0001574235,PULM,"Pulmatrix, Inc.",2834,Pharmaceutical Preparations,FRAMINGHAM,MA,01701
0001830072,IPW,iPower Inc.,5200,"Retail-Building Materials, Hardware, Garden Supply",RANCHO CUCAMONGA,CA,91730
0001505497,BRTX,"BioRestorative Therapies, Inc.",8090,"Services-Misc Health & Allied Services, NEC",MELVILLE,NY,
0001016504,INBP,INTEGRATED BIOPHARMA INC,2834,Pharmaceutical Preparations,HILLSIDE,NJ,07205
0001929783,WOK,WORK Medical Technology Group LTD,3841,Surgical & Medical Instruments & Apparatus,AUCKLAND CITY,,1001
0001622345,POLA,"Polar Power, Inc.",3690,"Miscellaneous Electrical Machinery, Equipment & Supplies",GARDENA,CA,90248
0001157075,PMCB,"PharmaCyte Biotech, Inc.",2836,"Biological Products, (No Diagnostic Substances)",LAS VEGAS,NV,89169
0001279620,ZDPY,"Zoned Properties, Inc.",6512,Opeators of  Nonresidential Buildings,SCOTTSDALE,AZ,85260
0001866146,IMIMF,Interra Copper Corp.,,,VANCOUVER,A1,V6C 2
0001415332,LTUM,Lithium Corp,1000,Metal Mining,ELKO,NV,89801
0001668010,DBGI,"Digital Brands Group, Inc.",5600,Retail-Apparel & Accessory Stores,ROUND ROCK,TX,78664
0001855509,VEEE,"Twin Vee PowerCats, Co.",3730,Ship & Boat Building & Repairing,FT. PIERCE,FL,34982
0001755101,ALDS,APPlife Digital Solutions Inc,5531,Retail-Auto & Home Supply Stores,SAN FRANCISCO,CA,94111
0001583771,HEPA,"Hepion Pharmaceuticals, Inc.",2834,Pharmaceutical Preparations,RED BANK,NJ,07701
0001083490,SRRE,SUNRISE REAL ESTATE GROUP INC,6513,Operators of  Apartment Buildings,SHANGHAI,,
0001905956,TGL,TREASURE GLOBAL INC,7389,"Services-Business Services, NEC",NEW YORK,NY,10001
0001644903,YCBD,"cbdMD, Inc.",2844,"Perfumes, Cosmetics & Other Toilet Preparations",CHARLOTTE,NC,28217
0001031093,SVBL,"SILVER BULL RESOURCES, INC.",1000,Metal Mining,VANCOUVER,,V6C 2
0001627282,CWD,CaliberCos Inc.,6500,Real Estate,SCOTTSDALE,AZ,85258
0001991592,INLF,INLIF Ltd,3569,"General Industrial Machinery & Equipment, NEC",NAN'AN CITY,,36233
0001115864,ILXP,ECOMINAS CORP.,1400,Mining & Quarrying of  Nonmetallic Minerals (No Fuels),LAS MERCEDES,,
0001770236,MITQ,MOVING iMAGE TECHNOLOGIES INC.,3861,Photographic Equipment & Supplies,FOUNTAIN VALLEY,CA,92708
0000748592,ERNA,Ernexa Therapeutics Inc.,2834,Pharmaceutical Preparations,CAMBRIDGE,MA,02141
0000944075,SCKT,"SOCKET MOBILE, INC.",3571,Electronic Computers,FREMONT,CA,94538
0001780785,CNEY,CN ENERGY GROUP. INC.,2860,Industrial Organic Chemicals,LISHUI CITY,F4,32301
0001849221,PMNT,Perfect Moment Ltd.,2300,Apparel & Other Finishd Prods of  Fabrics & Similar Matl,NEW YORK,NY,10001
0000746210,TWAV,"TaoWeave, Inc.",7370,"Services-Computer Programming, Data Processing, Etc.",DENVER,CO,80202
0002079272,LABT,Lakewood-Amedex Biotherapeutics Inc.,2834,Pharmaceutical Preparations,UNIVERSITY PARK,FL,34201
0000923601,RIME,"Algorhythm Holdings, Inc.",7373,Services-Computer Integrated Systems Design,FORT LAUDERDALE,FL,33309
0000793628,CHNR,CHINA NATURAL RESOURCES INC,1040,Gold and Silver Ores,FO TAN,,00000
0001938534,FBGL,FBS Global Ltd,1520,General Bldg Contractors - Residential Bldgs,SINGAPORE,U0,78749
0001588084,TANH,TANTECH HOLDINGS LTD,2860,Industrial Organic Chemicals,ZHEJIANG,F4,32300
0001741489,ELVG,"Elvictor Group, Inc.",8742,Services-Management Consulting Services,ATTIKI,J3,16672
0001617867,AMIX,"Autonomix Medical, Inc.",3841,Surgical & Medical Instruments & Apparatus,THE WOODLANDS,TX,77380
0001937737,MLEC,Moolec Science SA,2000,Food and Kindred Products,GRAND CAYMAN,,KY1-9
0001826892,BCAB,"BioAtla, Inc.",2836,"Biological Products, (No Diagnostic Substances)",SAN DIEGO,CA,92121
0002020228,MSGY,Masonglory Ltd,1700,Construction - Special Trade Contractors,"KOWLOON, HONG KONG",K3,000
0001927026,OBULF,One Bullion Ltd,,,TORONTO,,
0002024258,POAS,PHAOS TECHNOLOGY HOLDINGS (CAYMAN) Ltd,3823,"Industrial Instruments For Measurement, Display, and Control",SINGAPORE,,13994
0001671584,APVO,Aptevo Therapeutics Inc.,2834,Pharmaceutical Preparations,SEATTLE,WA,98121
0001705402,AGMH,"AGM GROUP HOLDINGS, INC.",7371,Services-Computer Programming Services,WANCHAI,,
0002032341,CYAB,"CYABRA, INC.",7372,Services-Prepackaged Software,TEL AVIV,,69975
0000885462,GURE,"GULF RESOURCES, INC.",2800,Chemicals & Allied Products,"SHOUGUANG CITY, SHANDONG",F4,26270
0001580490,IONI,I-ON Digital Corp.,6199,Finance Services,CHICAGO,IL,60610
0002074123,CCHH,CCH Holdings Ltd,5812,Retail-Eating  Places,BUKIT MERTAJAM,,14000
0001806524,LGHL,Lion Group Holding Ltd,6211,"Security Brokers, Dealers & Flotation Companies",SINGAPORE,,40857
0001695295,HYFM,"HYDROFARM HOLDINGS GROUP, INC.",5190,Wholesale-Miscellaneous Nondurable Goods,SHOEMAKERSVILLE,PA,19555
0001959023,RENX,RenX Enterprises Corp.,4953,Refuse Systems,MIAMI,FL,33132
0001840102,SPTY,"SPECIFICITY, INC.",7311,Services-Advertising Agencies,TAMPA,FL,33619
0000313364,MTR,MESA ROYALTY TRUST/TX,6792,Oil Royalty Traders,HOUSTON,TX,77002
0000079661,PRSI,PORTSMOUTH SQUARE INC,6552,Land Subdividers & Developers (No Cemeteries),LOS ANGELES,CA,90025
0001641631,XAIR,"Beyond Air, Inc.",3841,Surgical & Medical Instruments & Apparatus,GARDEN CITY,NY,11530
0001594968,VEST,Loan Artificial Intelligence Corp.,7900,Services-Amusement & Recreation Services,ADMIRALTY,,0000
0001083220,XELB,"XCel Brands, Inc.",6794,Patent Owners & Lessors,NEW YORK,NY,10018
0002003977,CRE,Cre8 Enterprise Ltd,2750,Commercial Printing,HONG KONG,K3,00000
0001916416,INTJ,Intelligent Group Ltd,8742,Services-Management Consulting Services,SHEUNG WAN,,99907
0001178697,SONM,"DNA X, Inc.",3661,Telephone & Telegraph Apparatus,SAN DIEGO,CA,92121
0001279715,IWSH,"Wright Investors Service Holdings, Inc.",6282,Investment Advice,MT KISCO,NY,10549
0001650575,BRQSF,"Borqs Technologies, Inc.",7373,Services-Computer Integrated Systems Design,KOWLOON,K3,99907
0001688126,CRCW,Crypto Co,7374,Services-Computer Processing & Data Preparation,MALIBU,CA,90265
0001951667,CTNT,CHEETAH NET SUPPLY CHAIN SERVICE INC.,5010,Wholesale-Motor Vehicles & Motor Vehicle Parts & Supplies,IRVINE,CA,92618
0001926293,GCDT,Green Circle Decarbonize Technology Ltd,3585,Air-Cond & Warm Air Heatg Equip & Comm & Indl Refrig Equip,HONG KONG,K3,000
0001648087,AREB,AMERICAN REBEL HOLDINGS INC,3490,Miscellaneous Fabricated Metal Products,NASHVILLE,TN,37201
0001810467,SNTG,Sentage Holdings Inc.,6199,Finance Services,SHANGHAI,F4,20002
0001376321,CNET,ZW Data Action Technologies Inc.,7370,"Services-Computer Programming, Data Processing, Etc.","HAIDIAN DISTRICT, BEIJING,",,
0000073290,BMRA,BIOMERICA INC,2835,In Vitro & In Vivo Diagnostic Substances,IRVINE,CA,92614
0001826011,PARA,"Banzai International, Inc.",7372,Services-Prepackaged Software,BAINBRIDGE ISLAND,WA,98110
0002003061,STFS,Star Fashion Culture Holdings Ltd,7310,Services-Advertising,"XIAMEN CITY, FUJIAN PROVINCE",,36100
0001424657,CUEN,Cuentas Inc.,5140,Wholesale-Groceries & Related Products,MIAMI BEACH,FL,33139
0001757715,ATER,"Aterian, Inc.",3634,Electric Housewares & Fans,SUMMIT,NJ,07901
0001415758,NVSGF,Nevada Sunrise Metals Corp.,,,VANCOUVER,A1,V6E 2
0001993097,MASK,3 E Network Technology Group Ltd,7371,Services-Computer Programming Services,HONG KONG,,
0001894693,SVRE,SaverOne 2014 Ltd.,7371,Services-Computer Programming Services,PETAH TIKVAH,L3,49130
0001595353,GLMD,Galmed Pharmaceuticals Ltd.,2834,Pharmaceutical Preparations,RAMAT GAN,L3,52506
0001960847,TOPP,Toppoint Holdings Inc.,4210,Trucking & Courier Services (No Air),AUDUBON,PA,19403
0001121795,GHST,GHST World Inc.,7372,Services-Prepackaged Software,PALM BEACH GARDENS,FL,33410
0001560293,TNON,"Tenon Medical, Inc.",3841,Surgical & Medical Instruments & Apparatus,LOS GATOS,CA,95032
0001737523,BGLC,BioNexus Gene Lab Corp,8071,Services-Medical Laboratories,KUALA LUMPUR,,59000
0001028357,BITTF,BITTERROOT RESOURCES LTD,,,VANCOUVER,A1,V7V 1
0001435064,CETX,CEMTREX INC,1700,Construction - Special Trade Contractors,BROOKLYN,NY,11222
0001781397,EEIQ,EpicQuest Education Group International Ltd,8200,Services-Educational Services,MIDDLETOWN,OH,45042
0001011509,AUMN,Golden Minerals Co,1040,Gold and Silver Ores,DENVER,CO,80202
0000723533,WYGC,Wenyuan Group Corp.,8742,Services-Management Consulting Services,HANGZHOU,,
0001959726,AZI,Autozi Internet Technology (Global) Ltd.,7500,"Services-Automotive Repair, Services & Parking",GRAND CAYMAN,,
0001510964,CVSI,"CV Sciences, Inc.",2834,Pharmaceutical Preparations,SAN DIEGO,CA,92126
0001751876,PAVS,Paranovus Entertainment Technology Ltd.,7374,Services-Computer Processing & Data Preparation,NEW YORK,NY,10036
0000856984,USAQ,"QHSLab, Inc.",3841,Surgical & Medical Instruments & Apparatus,WEST PALM BEACH,FL,33407
0001738177,CMBMF,Cambium Networks Corp,3663,Radio & Tv Broadcasting & Communications Equipment,GRAND CAYMAN,E9,KY1-9
0001813783,VMAR,Vision Marine Technologies Inc.,3730,Ship & Boat Building & Repairing,BOISBRIAND,,J7G 2
0001807389,CPOP,"Pop Culture Group Co., Ltd",7900,Services-Amusement & Recreation Services,FUJIAN PROVINCE,F4,00000
0001889823,DFSC,DEFSEC Technologies Inc.,7372,Services-Prepackaged Software,OTTAWA,,K2K 2
0001709628,CSAI,"CLOUDASTRUCTURE, INC.",7370,"Services-Computer Programming, Data Processing, Etc.",PALO ALTO,CA,94306
0001161814,KIQSF,KELSO TECHNOLOGIES INC,3743,Railroad Equipment,SURREY,,V4A 8
0001879754,EHGO,EShallGo Inc.,7359,"Services-Equipment Rental & Leasing, NEC",SHANGHAI,F4,20120
0001481443,TCRI,"TechCom, Inc.",6770,Blank Checks,DOWNTOWN DUBAI,C0,00000
0001905660,HUBC,Hub Cyber Security Ltd.,3576,Computer Communications Equipment,TEL AVIV,L3,64734
0001296484,TOPS,TOP SHIPS INC.,4412,Deep Sea Foreign Transportation of  Freight,MAROUSSI,,151 2
0001514183,SILO,"Silo Pharma, Inc.",2834,Pharmaceutical Preparations,SARASOTA,FL,34236
0001168981,LVRLF,CordovaCann Corp.,7900,Services-Amusement & Recreation Services,TORONTO,A6,M5V 0
0001019034,BKYI,BIO KEY INTERNATIONAL INC,7372,Services-Prepackaged Software,HOLMDEL,NJ,07733
0001810560,REVB,"REVELATION BIOSCIENCES, INC.",2834,Pharmaceutical Preparations,SAN DIEGO,CA,92122
0001402328,SBFM,Sunshine Biopharma Inc.,2834,Pharmaceutical Preparations,FORT LAUDERDALE,FL,33301
0001138586,XCRT,"Xcelerate, Inc.",8000,Services-Health Services,MAULDIN,SC,29662
0001585608,JAGX,"Jaguar Health, Inc.",2834,Pharmaceutical Preparations,SAN FRANCISCO,CA,94104
0001397183,IVDA,"Iveda Solutions, Inc.",7372,Services-Prepackaged Software,MESA,AZ,85204
0001680048,MBIO,"MUSTANG BIO, INC.",2834,Pharmaceutical Preparations,WALTHAM,MA,02453
0001828673,HCWB,HCW Biologics Inc.,2834,Pharmaceutical Preparations,MIRAMAR,FL,33025
0001265521,PMHS,"Polomar Health Services, Inc.",2834,Pharmaceutical Preparations,PALM HARBOR,FL,34684
0001107421,TCRT,"Alaunos Therapeutics, Inc.",2834,Pharmaceutical Preparations,FORT LAUDERDALE,FL,33301
0001392694,SURG,"SurgePays, Inc.",4813,Telephone Communications (No Radiotelephone),BARTLETT,TN,38133
0001026785,HIHO,HIGHWAY HOLDINGS LTD,3490,Miscellaneous Fabricated Metal Products,SHEUNG SHUI,,
0001937453,NIOMF,First American Uranium Inc.,,,VANCOUVER,A1,V6C 1
0001650101,ATXG,ADDENTAX GROUP CORP.,7330,"Services-Mailing, Reproduction, Commercial Art & Photography",SHENZHEN CITY,F4,51800
0001896752,SABOF,Sabio Holdings Inc.,,,PLAYA DEL RAY,CA,90293
0001363598,NTRX,"Entrex Carbon Market, Inc.",5712,Retail-Furniture Stores,BOCA RATON,FL,33432
0001435617,PWDY,"POWERDYNE INTERNATIONAL, INC.",7374,Services-Computer Processing & Data Preparation,NORTH READING,MA,01864
0002030763,MEDS,"DataMeds AI, Inc.",5122,"Wholesale-Drugs, Proprietaries & Druggists' Sundries",TAMPA,FL,33607
0001493712,STME,Stimcell Energetics Inc.,3841,Surgical & Medical Instruments & Apparatus,VANCOUVER,A1,V6E 4
0001515317,MAGE,MAGELLAN COPPER & GOLD Corp,1000,Metal Mining,WALLACE,ID,83873
0001946703,WBUY,WEBUY GLOBAL LTD,5900,Retail-Miscellaneous Retail,GRAND CAYMAN,,
0000318299,SRCO,"SPARTA COMMERCIAL SERVICES, INC.",7389,"Services-Business Services, NEC",NEW YORK,NY,10017
0001769768,EJH,E-Home Household Service Holdings Ltd,7600,Services-Miscellaneous Repair Services,"CANGSHAN DISTRICT, FUZHOU CITY",F4,35000
0001355790,ISCO,International Stem Cell CORP,2834,Pharmaceutical Preparations,SAN DIEGO,CA,92131
0001990251,WCT,Wellchange Holdings Co Ltd,7372,Services-Prepackaged Software,HONG KONG,F4,00000
0002024656,FMFC,Kandal M Venture Ltd,3100,Leather & Leather Products,KANDAL PROVINCE,,
0001122993,BMXI,BROOKMOUNT EXPLORATIONS INC,1400,Mining & Quarrying of  Nonmetallic Minerals (No Fuels),VANCOUVER BC,A1,V6C 3
0001785056,TRNR,"Interactive Strength, Inc.",3600,Electronic & Other Electrical Equipment (No Computer Equip),AUSTIN,TX,78701
0000887151,CAPS,Capstone Holding Corp.,5030,Wholesale-Lumber & Other Construction Materials,TINLEY PARK,IL,60477
0001964979,ALUR,"ALLURION TECHNOLOGIES, INC.",3841,Surgical & Medical Instruments & Apparatus,NATICK,MA,01760
0001993599,EUEMF,European Energy Metals Corp.,,,"VANCOUVER, BRITISH COLUMBIA",Z4,V6C 1
0001892322,HTCR,"HeartCore Enterprises, Inc.",7374,Services-Computer Processing & Data Preparation,TOKYO,,150-0
0001178526,VERTF,Vertiqal Studios Corp.,,,TORONTO,,
0001108205,CRIS,CURIS INC,2836,"Biological Products, (No Diagnostic Substances)",LEXINGTON,MA,02421
0000105744,GBR,"New Concept Energy, Inc.",1311,Crude Petroleum & Natural Gas,DALLAS,TX,75234
0001553846,RDHL,RedHill Biopharma Ltd.,2834,Pharmaceutical Preparations,TEL AVIV,L3,64739
0001679628,JUNS,"JUPITER NEUROSCIENCES, INC.",2834,Pharmaceutical Preparations,JUPITER,FL,33477
0001613979,ZPHYF,ZEPHYR MINERALS LTD.,,,HALIFAX,A5,B3J 3
0001004724,RHEP,"REGIONAL HEALTH PROPERTIES, INC",6519,"Lessors of  Real Property, NEC",ATLANTA,GA,30338
0000811222,CDIX,Cardiff Lexington Corp,8011,Services-Offices & Clinics of  Doctors of  Medicine,LAS VEGAS,NV,89169
0001946563,SXTP,"60 DEGREES PHARMACEUTICALS, INC.",2834,Pharmaceutical Preparations,WASHINGTON,DC,20036
0001736289,ROIUF,Route1 Inc.,,,TORONTO,A6,M5C 1
0001716166,VVOS,"Vivos Therapeutics, Inc.",3841,Surgical & Medical Instruments & Apparatus,LITTLETON,CO,80120
0001611746,SPRC,SciSparc Ltd.,2834,Pharmaceutical Preparations,TEL AVIV,L3,69719
0001701261,FAMI,"Farmmi, Inc.",2033,"Canned, Fruits, Veg, Preserves, Jams & Jellies","LISHUI, ZHEJIANG PROVINCE",F4,32300
0001985337,YYGH,YY Group Holding Ltd.,7363,Services-Help Supply Services,SINGAPORE,,
0001864055,ABTS,Abits Group Inc,6199,Finance Services,HONG KONG SAR,,
0001288614,KRTL,KRTL Holding Group Inc,,,LAKEWOOD,CO,80401
0001326706,FEED,"ENvue Medical, Inc.",3842,"Orthopedic, Prosthetic & Surgical Appliances & Supplies",TYLER,TX,77569
0001172178,LBSR,LIBERTY STAR URANIUM & METALS CORP.,1000,Metal Mining,TUCSON,AZ,85701
0001840416,SSM,Sono Group N.V.,6199,Finance Services,MUNICH,2M,80935
0001284237,ABCFF,ABACUS MINING & EXPLORATION CORP,,,VANCOUVER,,V7Y 1
0001468929,NXGL,"NEXGEL, INC.",3841,Surgical & Medical Instruments & Apparatus,LANGHORNE,PA,19047
0001393772,BUDZ,"WEED, INC.",8731,Services-Commercial Physical & Biological Research,TUCSON,AZ,85750
0001324759,HGYN,HONG YUAN HOLDING GROUP,2821,"Plastic Materials, Synth Resins & Nonvulcan Elastomers",CHENGDU HIGH-TECH ZONE,,
0001954694,LGCL,Lucas GC Ltd,7370,"Services-Computer Programming, Data Processing, Etc.",BEIJING,F4,10002
0001824293,GRI,"GRI Bio, Inc.",2834,Pharmaceutical Preparations,LA JOLLA,CA,92037
0001497253,VIVS,"VivoSim Labs, INC.",2836,"Biological Products, (No Diagnostic Substances)",SAN DIEGO,CA,92121
0001995574,ICON,Icon Energy Corp,4412,Deep Sea Foreign Transportation of  Freight,"NEA KIFISSIA, ATHENS",,14564
0001506983,GCTK,"Glucotrack, Inc.",3841,Surgical & Medical Instruments & Apparatus,RUTHERFORD,NJ,07070
0001729214,XRTX,XORTX Therapeutics Inc.,2834,Pharmaceutical Preparations,VANCOUVER,A1,V6E 0
0001850767,ACUT,Accustem Sciences Inc.,2834,Pharmaceutical Preparations,NEW YORK,NY,10001
0000862022,HGTXU,HUGOTON ROYALTY TRUST,6792,Oil Royalty Traders,DALLAS,TX,75219
0001630212,CHGA,Change Agents Corporation.,7371,Services-Computer Programming Services,FREEHOLD,NJ,07728
0001506492,NUWE,"Nuwellis, Inc.",3845,Electromedical & Electrotherapeutic Apparatus,EDEN PRAIRIE,MN,55344
0001095435,ALP,Alpha Compute Corp,6199,Finance Services,TORTOLA,,
0002099727,INEOF,INEO Tech Corp.,,,SURREY,,V3S4R
0001809616,UPC,Universe Pharmaceuticals INC,2834,Pharmaceutical Preparations,"JI'AN, JIANGXI",F4,34310
0001575858,PUBC,Purebase Corp,2870,Agricultural Chemicals,IONE,CA,95640
0001413891,HWNI,"HIGH WIRE NETWORKS, INC.",4813,Telephone Communications (No Radiotelephone),SCOTTSDALE,AZ,85331
0001696025,KCRD,"Kindcard, Inc.",5940,Retail-Miscellaneous Shopping Goods Stores,BOCA RATON,FL,33431
0001866034,AWLIF,Ameriwest Critical Metals Inc.,,,VANCOUVER,,
0001199392,EGMCF,EMERGENT METALS CORP.,1000,Metal Mining,VANCOUVER,A1,V6H 1
0001868050,CPCPF,CopperCorp Resources Inc.,,,VANCOUVER,A1,V6C 2
0001894954,XPON,Expion Energy Inc.,3690,"Miscellaneous Electrical Machinery, Equipment & Supplies",REDMOND,OR,97756
0002126221,RECX,"Recreatives Industries, Inc.",3711,Motor Vehicles & Passenger Car Bodies,BRADENTON,FL,34203
0001811999,FMHS,"FARMHOUSE, INC. /NV",7370,"Services-Computer Programming, Data Processing, Etc.",SAN FRANCISCO,CA,94103
0001624512,BOXL,Boxlight Corp,8200,Services-Educational Services,DULUTH,GA,30097
0001470129,VIIQ,VisitIQ Corp.,7372,Services-Prepackaged Software,MINNEAPOLIS,MN,55401
0001776067,OCG,Oriental Culture Holding LTD,7380,Services-Miscellaneous Business Services,HONG KONG,,
0001712762,BIAF,"bioAffinity Technologies, Inc.",8731,Services-Commercial Physical & Biological Research,SAN ANTONIO,TX,78217
0001855485,CLDI,"Calidi Biotherapeutics, Inc.",2836,"Biological Products, (No Diagnostic Substances)",SAN DIEGO,CA,92121
0001738758,CHR,"Cheer Holding, Inc.",7374,Services-Computer Processing & Data Preparation,"CHAOYANG DISTRICT, BEIJING",F4,10001
0000894501,GRHI,"GOLD ROCK HOLDINGS, INC.",7373,Services-Computer Integrated Systems Design,VIRGINIA BEACH,VA,23452
0001981662,NIVF,NewGenIvf Group Ltd,8090,"Services-Misc Health & Allied Services, NEC",BANGKOK,W1,0000
0001550913,MKZR,"MacKenzie Realty Capital, Inc.",6798,Real Estate Investment Trusts,ORINDA,CA,94563
0001621221,ARTL,"ARTELO BIOSCIENCES, INC.",2834,Pharmaceutical Preparations,SOLANA BEACH,CA,92075
0001691221,FRSX,Foresight Autonomous Holdings Ltd.,7372,Services-Prepackaged Software,NESS ZIONA,L3,74036
0000768408,CYAN,CYANOTECH CORP,2833,Medicinal Chemicals & Botanical Products,KAILUA KONA,HI,96740
0001557798,CIIT,"Tianci International, Inc.",3576,Computer Communications Equipment,KOWLOON,,99907
0001951294,VSME,VS MEDIA Holdings Ltd,7311,Services-Advertising Agencies,HONG KONG,K3,00000
0001943421,RUBI,Rubico Inc.,4400,Water Transportation,ATHENS,,
0001433309,PLTYF,"Plastec Technologies, Ltd.",3089,"Plastics Products, NEC",KOWLOON,K3,00000
0001035422,CTTH,"CTT PHARMACEUTICAL HOLDINGS, INC.",2834,Pharmaceutical Preparations,TAMPA,FL,33606
0000832489,GOVX,"GeoVax Labs, Inc.",2834,Pharmaceutical Preparations,SMYRNA,GA,
0001927578,NTCL,NetClass Technology Inc,7372,Services-Prepackaged Software,SINGAPORE,,08905
0001355736,AVCRF,Avricore Health Inc.,2834,Pharmaceutical Preparations,VANCOUVER,A1,V6C 1
0001917817,SYGCF,Sylla Gold Corp.,,,BEDFORD,A5,B4A 1
0001349706,TOGI,"TurnOnGreen, Inc.",3690,"Miscellaneous Electrical Machinery, Equipment & Supplies",MILPITAS,CA,95035
0001352952,CNFN,CFN Enterprises Inc.,7389,"Services-Business Services, NEC",WHITEFISH,MT,59937
0001826376,GSUN,Golden Sun Technology Group Ltd.,8200,Services-Educational Services,SHANGHAI,,
0001023994,OLOX,OLENOX INDUSTRIES INC.,5030,Wholesale-Lumber & Other Construction Materials,CONROE,TX,77304
0001814067,LXEH,Lixiang Education Holding Co. Ltd.,8200,Services-Educational Services,LISHUI CITY. ZHEJIANG PROVINCE,F4,32300
0001025771,WHLT,CHASE PACKAGING CORP,0700,Agricultural Services,RUMSON,NJ,07760
0001829635,RNAZ,"Transcode Therapeutics, Inc.",2834,Pharmaceutical Preparations,BOSTON,MA,02109
0001422892,SGLY,Singularity Future Technology Ltd.,4731,Arrangement of  Transportation of  Freight & Cargo,NEW YORK,NY,10005
0001756180,NCRA,"NOCERA, INC.",0200,Agricultural Prod-Livestock & Animal Specialties,MONTGOMERY,AL,36116
0001801834,PRFX,PRF Technologies Ltd.,2834,Pharmaceutical Preparations,TEL AVIV,,
0001735556,BTOG,BIT ORIGIN Ltd,6199,Finance Services,SINGAPORE,,06891
0001358190,ITP,"IT TECH PACKAGING, INC.",2670,Converted Paper & Paperboard Prods (No Contaners/Boxes),"HEBEI PROVINCE,",F4,07255
0001447380,MFON,MOBIVITY HOLDINGS CORP.,7372,Services-Prepackaged Software,CHANDLER,AZ,85226
0001809750,EDBL,Edible Garden AG Inc,0100,Agricultural Production-Crops,BELVIDERE,NJ,07823
0001856084,RDGT,Ridgetech Inc.,5912,Retail-Drug Stores and Proprietary Stores,HANGZHOU CITY,F4,31001
0001717695,VRRCF,VR Resources Ltd.,,,VANCOUVER,,V6C 1
0001532619,PW,Power REIT,6798,Real Estate Investment Trusts,OLD BETHPAGE,NY,11804
0001885827,VRAX,Virax Biolabs Group Ltd,2835,In Vitro & In Vivo Diagnostic Substances,LANARKSHIRE,X0,ML1 5
0001854572,IZM,ICZOOM Group Inc.,5731,"Retail-Radio, Tv & Consumer Electronics Stores","SHENZHEN, GUANGDONG",F4,51800
0001484674,ATMH,"ALL THINGS MOBILE ANALYTIC, INC.",7389,"Services-Business Services, NEC",NEW YORK,X1,10001
0000846377,TGNT,"Totaligent, Inc.",6153,Short-Term Business Credit Institutions,BOCA RATON,FL,
0001708160,GPUSF,Alset Capital Inc.,,,VANCOUVER,A1,V6E 3
0001840563,ELAB,PMGC Holdings Inc.,2834,Pharmaceutical Preparations,NEWPORT BEACH,CA,92660
0001673475,GPOX,"GPO Plus, Inc.",8900,"Services-Services, NEC",LAS VEGAS,NV,89120
0001589149,GWAV,"Greenwave Technology Solutions, Inc.",5051,Wholesale-Metals Service Centers & of fices,CHESAPEAKE,VA,23321
0001975940,FLYE,"Fly-E Group, Inc.",3711,Motor Vehicles & Passenger Car Bodies,QUEENS,NY,11354
0001106861,CSDX,CS DIAGNOSTICS CORP.,2842,"Specialty Cleaning, Polishing and Sanitation Preparations",NEUSS,2M,41460
0001107280,OVTZ,OCULUS INC.,7389,"Services-Business Services, NEC",VANCOUVER,,V6C 3
0001080448,PGOL,PATRIOT GOLD CORP,1040,Gold and Silver Ores,RENO,NV,89502
0002018222,JEM,707 Cayman Holdings Ltd.,5600,Retail-Apparel & Accessory Stores,HONG KONG,F4,0000
0001884164,KWIK,"KwikClick, Inc.",7374,Services-Computer Processing & Data Preparation,BOUNTIFUL,UT,84010
0001817760,SMTK,"SmartKem, Inc.",3674,Semiconductors & Related Devices,DELAWARE,DE,19804
0000849401,ADMT,"ADM TRONICS UNLIMITED, INC.",3845,Electromedical & Electrotherapeutic Apparatus,NORTHVALE,NJ,07647
0001582554,MTNB,"Matinas BioPharma Holdings, Inc.",2834,Pharmaceutical Preparations,BEDMINSTER,NJ,07921
0001789192,NXTS,Nexentis Technologies Inc.,2834,Pharmaceutical Preparations,NEW YORK,NY,10010
0001614744,PPBT,PURPLE BIOTECH LTD.,2834,Pharmaceutical Preparations,REHOVOT,L3,76701
0000845385,PIAC,PRINCETON CAPITAL CORP,,,NORTH ANDOVER,MA,01845
0001962738,CASIF,"CASI Pharmaceuticals, Inc.",2834,Pharmaceutical Preparations,BEIJING,F4,10002
0001782107,ONCO,"Onconetix, Inc.",2834,Pharmaceutical Preparations,CINCINNATI,OH,45202
0001806904,EZGO,EZGO Technologies Ltd.,3751,"Motorcycles, Bicycles & Parts",WUJIN DISTRICT CHANGZHOU CITY,F4,21316
0001417926,IVF,"INVO Fertility, Inc.",3841,Surgical & Medical Instruments & Apparatus,SARASOTA,FL,34240
0001892500,CMND,Clearmind Medicine Inc.,2834,Pharmaceutical Preparations,"VANCOUVER, BRITISH COLUMBIA",Z4,V6H1A
0001825349,CHSN,Chanson International Holding,2000,Food and Kindred Products,"URUMQI, XINJIANG",F4,83001
0001546296,IPDN,"Professional Diversity Network, Inc.",7370,"Services-Computer Programming, Data Processing, Etc.",CHICAGO,IL,60603
0001978527,GVH,Globavend Holdings Ltd,4731,Arrangement of  Transportation of  Freight & Cargo,"PERTH, WA",,6000
0001517681,PPCB,"Propanc Biopharma, Inc.",2834,Pharmaceutical Preparations,"CAMBERWELL, VICTORIA",C3,3124
0001543652,FFLO,"Free Flow USA, Inc.",5531,Retail-Auto & Home Supply Stores,NORTH BERGEN,NJ,07047
0000774415,KRFG,"King Resources, Inc.",7380,Services-Miscellaneous Business Services,FO TAN,,
0001445815,BIXT,"BIOXYTRAN, INC",2834,Pharmaceutical Preparations,NEEDHAM,MA,02494
0001713210,ATPC,Agape ATP Corp,8000,Services-Health Services,KUALA LUMPUR,N8,58100
0001308027,VYST,Vystar Corp,3060,"Fabricated Rubber Products, NEC",WORCESTER,MA,01604
0001062506,ALDA,ATLANTICA INC,6770,Blank Checks,HOBE SOUND,FL,33455
0001630113,BTCY,BIOTRICITY INC.,3841,Surgical & Medical Instruments & Apparatus,REDWOOD CITY,CA,94065
0001412126,RMSL,RemSleep Holdings Inc.,7200,Services-Personal Services,CLEARWATER,FL,33760
0001174940,OGEN,ORAGENICS INC,2834,Pharmaceutical Preparations,LAKEWOOD RANCH,FL,34202
0001734427,CRUCF,Colibri Resource Corp,,,DIEPPE,A3,E1A 8
0001370816,FBCD,"FBC Holding, Inc.",5600,Retail-Apparel & Accessory Stores,SCOTTSDALE,AZ,85259
0001825875,RAYA,Erayak Power Solution Group Inc.,3621,Motors & Generators,"WENZHOU, ZHEJIANG",F4,32502
0001411057,CBIH,"Cannabis Bioscience International Holdings, Inc.",8731,Services-Commercial Physical & Biological Research,HOUSTON,TX,77036
0001986247,BYAH,"Park Ha Biological Technology Co., Ltd.",2840,"Soap, Detergents, Cleang Preparations, Perfumes, Cosmetics",WUXI CITY,F4,21413
0000730349,TOFB,TOFUTTI BRANDS INC,2024,Ice Cream & Frozen Desserts,EDISON,NJ,08837
0001374567,LUVU,"Luvu Brands, Inc.",2510,Household Furniture,ATLANTA,GA,30360
0001896212,CDT,CDT Equity Inc.,2834,Pharmaceutical Preparations,NAPLES,FL,34103
0001726711,ADTX,"Aditxt, Inc.",2834,Pharmaceutical Preparations,RICHMOND,VA,23219
0001861622,JTAI,Jet.AI Inc.,4522,"Air Transportation, Nonscheduled",LAS VEGAS,NV,89135
0001901215,BRNX,BRENX LTD.,3433,"Heating Equipment, Except Electric & Warm Air Furnaces",ROSH HAAYIN,,
0001743745,GNLN,"Greenlane Holdings, Inc.",5099,"Wholesale-Durable Goods, NEC",BOCA RATON,FL,33431
0001828098,STKH,Steakholder Foods Ltd.,2000,Food and Kindred Products,NESS ZIONA,,74036
0002036307,OFAL,OFA Group,8711,Services-Engineering Services,"CHEUNG SHA WAN,",,00000
0001440799,MMEX,MMEX Resources Corp,7819,Services-Allied To Motion Picture Production,FORT STOCKTON,TX,79735
0001843165,YHC,LQR House Inc.,2080,Beverages,MIAMI BEACH,FL,33141
0001391135,LIFD,LFTD PARTNERS INC.,2834,Pharmaceutical Preparations,JACKSONVILLE,FL,32224
0001471781,GTCH,GBT Technologies Inc.,8742,Services-Management Consulting Services,SANTA MONICA,CA,90404
0001771039,SSEBF,SILVER SPRUCE RESOURCES INC.,,,BEDFORD,,B4A 1
0001757499,SHPH,"Shuttle Pharmaceuticals Holdings, Inc.",2834,Pharmaceutical Preparations,GAITHERSBURG,MD,20879
0001335288,REOS,ReoStar Energy CORP,1382,Oil & Gas Field Exploration Services,PASADENA,CA,91103
0001615219,DCOY,Decoy Therapeutics Inc.,2834,Pharmaceutical Preparations,HOUSTON,TX,77021
0001080657,SQFT,"Presidio Property Trust, Inc.",6798,Real Estate Investment Trusts,SAN DIEGO,CA,92123
0001874907,DEFG,Grayscale Decentralized Finance (DeFi) Fund LLC,,,STAMFORD,CT,06902
0001930510,VCIG,VCI Global Ltd,8744,Services-Facilities Support Management Services,KUALA LUMPUR,,55188
0001481857,ORESF,Orestone Mining Corp.,,,VANCOUVER,,V6C 1
0001976695,MNDR,Mobile-health Network Solutions,7372,Services-Prepackaged Software,CAYMAN ISLANDS,E9,00000
0002012096,PMAX,Powell Max Ltd,7380,Services-Miscellaneous Business Services,"CENTRAL, HONG KONG",K3,0000
0001364252,LTHIF,InZinc Mining Ltd.,,,VANCOUVER,A1,V6E 2
0000822370,EMMA,"Emmaus Life Sciences, Inc.",2834,Pharmaceutical Preparations,TORRANCE,CA,90503
0002022416,SLXN,Silexion Therapeutics Corp,2836,"Biological Products, (No Diagnostic Substances)",RAMAT GAN,L3,52506
0001945619,KSEZ,Kinetic Seas Inc.,6770,Blank Checks,SCHAUMBURG,IL,60173
0001888014,AKAN,AKANDA CORP.,2833,Medicinal Chemicals & Botanical Products,NEW ROMNEY,X0,TN28 
0001854963,SHFS,"SHF Holdings, Inc.",6199,Finance Services,GOLDEN,CO,80401
0002015691,ELPW,Elong Power Holding Ltd.,3690,"Miscellaneous Electrical Machinery, Equipment & Supplies",BEIJING,,10002
0001812727,EZRA,"Reliance Global Group, Inc.",6411,"Insurance Agents, Brokers & Service",LAKEWOOD,NJ,08701
0001701478,AZTR,"Azitra, Inc.",2834,Pharmaceutical Preparations,BRANFORD,CT,06405
0001823466,NOTE,"FiscalNote Holdings, Inc.",7389,"Services-Business Services, NEC",WASHINGTON,DC,20004
0001847706,PSYCF,Psyched Wellness Ltd.,,,TORONTO,A6,M5K 1
0001880613,DRCT,"Direct Digital Holdings, Inc.",7310,Services-Advertising,HOUSTON,TX,77027
0001543637,NUMD,"Nu-Med Plus, Inc.",3841,Surgical & Medical Instruments & Apparatus,PORT JEFFERSON,NY,11777
0000895464,YBGJ,Yubo International Biotech Ltd,3845,Electromedical & Electrotherapeutic Apparatus,BEIJING,F4,00000
0001595248,GNPX,"Genprex, Inc.",2834,Pharmaceutical Preparations,AUSTIN,TX,78746
0001682265,ONAR,Onar Holding Corp,7310,Services-Advertising,MIAMI,FL,33132
0001347858,XXII,"22nd Century Group, Inc.",2111,Cigarettes,WILLIAMSVILLE,IN,14221
0001178660,TUTH,Standard Dental Labs Inc.,3843,Dental Equipment & Supplies,ORLANDO,FL,32801
0001911467,CRCE,"Circle Energy, Inc./NV",1311,Crude Petroleum & Natural Gas,TULSA,OK,74133
0001723980,SXTC,"China SXT Pharmaceuticals, Inc.",2834,Pharmaceutical Preparations,TAIZHOU,,
0000882291,AEMD,AETHLON MEDICAL INC,3841,Surgical & Medical Instruments & Apparatus,SAN DIEGO,CA,92121
0001859807,PFSA,"Profusa, Inc.",3841,Surgical & Medical Instruments & Apparatus,NEW YORK,NY,10001
0001747661,ZNB,Zeta Network Group,8200,Services-Educational Services,NEW YORK,NY,
0000775057,ALTX,ALTEX INDUSTRIES INC,1311,Crude Petroleum & Natural Gas,DENVER,CO,80206
0001723455,SRKZF,SKY GOLD CORP.,,,VANCOUVER,,
0001498148,AITX,Artificial Intelligence Technology Solutions Inc.,7372,Services-Prepackaged Software,FERNDALE,MI,48220
0001445467,AVPMF,AVRUPA MINERALS LTD.,1090,Miscellaneous Metal Ores,VANCOUVER,,V6C 1
0001680513,IPTNF,IMPACT ANALYTICS INC.,,,LINTHICUM HEIGHTS,MD,21090
0001591913,IPSI,"Innovative Payment Solutions, Inc.",5961,Retail-Catalog & Mail-Order Houses,CARMEL BY THE SEA,CA,93921
0001611046,MDLK,ModuLink Inc.,7000,"Hotels, Rooming Houses, Camps & Other Lodging Places",HONG KONG,,
0002022308,KIDZ,KIDZ AI Inc.,8200,Services-Educational Services,NEW YORK,NY,10123
0001414767,NCPL,Netcapital Inc.,6199,Finance Services,BOSTON,MA,02111
0001642178,AGNPF,Grey Matters Health Inc.,2834,Pharmaceutical Preparations,VANCOUVER,,
0001652539,SNRG,SusGlobal Energy Corp.,4953,Refuse Systems,TORONTO,A6,M5R 1
0001950209,ZHDM,Ainnova Tech,,,HOUSTON,TX,77002
0001971260,CLDVF,Cloud3 Ventures Inc.,,,TORONTO,A6,M5E0B
0002039060,RBNE,Robin Energy Ltd.,4412,Deep Sea Foreign Transportation of  Freight,LIMASSOL,G4,3036
0001960262,LUDG,"LUDWIG ENTERPRISES, INC.",8071,Services-Medical Laboratories,POMPANO BEACH,FL,33064
0001424768,VYCO,VYCOR MEDICAL INC,3841,Surgical & Medical Instruments & Apparatus,"BOCA RATON,",FL,33487
0001514443,AGSS,"AMERIGUARD SECURITY SERVICES, INC.",7381,"Services-Detective, Guard & Armored Car Services",FRESNO,CA,93722
0001668438,IMTE,Integrated Media Technology Ltd,3651,Household Audio & Video Equipment,ADELAIDE,,5000
0001958713,MI,NFT Ltd,6199,Finance Services,HONG KONG,K3,99907
0002077135,CYCL,"Cycclone, Inc.",,,ARUNDEL,,4214
0001502966,FUNI,"Hypha Labs, Inc.",8734,Services-Testing Laboratories,LAS VEGAS,NV,89118
0000849997,FECOF,FEC Resources Inc.,1311,Crude Petroleum & Natural Gas,VANCOUVER,A1,V6C 2
0001499494,DXF,Eason Technology Ltd,6199,Finance Services,"WUHAN CITY, HUBEI PROVINCE",F4,43006
0001442620,RCON,"Recon Technology, Ltd",1389,"Oil & Gas Field Services, NEC",BEIJING,,10001
0001211805,MYSZ,"My Size, Inc.",7372,Services-Prepackaged Software,AIRPORT CITY,L3,70100
0001924482,IBG,Innovation Beverage Group Ltd,2080,Beverages,"SEVEN HILLS, NEW SOUTH WALES",,
0001341878,SCDA,"B-Scada, Inc.",7372,Services-Prepackaged Software,ITASCA,IL,60143
0001490873,ESSI,"ECO SCIENCE SOLUTIONS, INC.",5900,Retail-Miscellaneous Retail,SAN CLEMENTE,CA,92672
0001358633,SNBH,SENTIENT BRANDS HOLDINGS INC.,5734,Retail-Computer & Computer Software Stores,SHERIDAN,WY,82801
0001425627,SOBR,"SOBR Safe, Inc.",2721,Periodicals: Publishing or  Publishing & Printing,GREENWOOD VILLAGE,CO,80111
0001807616,HIGR,Hi-Great Group Holding Co,7011,Hotels & Motels,LOS ANGELES,CA,90005
0000278165,OMQS,OMNIQ Corp.,7373,Services-Computer Integrated Systems Design,MURRAY,UT,84123
0001945166,MECPF,MUSTANG ENERGY CORP.,,,VANCOUVER,A1,V6C 2
0001605331,AERA,AI Era Corp.,6794,Patent Owners & Lessors,MT. KISCO,NY,10549
0001739174,PHGE,BiomX Inc.,2836,"Biological Products, (No Diagnostic Substances)",DOVER,DE,19904
0001568385,BMTM,"Bright Mountain Media, Inc.",7371,Services-Computer Programming Services,BOCA RATON,FL,33487
0001611747,SCNI,Scinai Immunotherapeutics Ltd.,2836,"Biological Products, (No Diagnostic Substances)",JERUSALEM,L3,00000
0000932021,GTLL,GLOBAL TECHNOLOGIES LTD,3663,Radio & Tv Broadcasting & Communications Equipment,GREENSBORO,NC,27408
0001972074,LNKS,Linkers Industries Ltd,3670,Electronic Components & Accessories,KEDAH DARUL AMAN,N8,08000
0001991605,YMT,Yimutian Inc.,7374,Services-Computer Processing & Data Preparation,BEIJING,F4,10019
0001066923,FTFT,Future FinTech Group Inc.,7389,"Services-Business Services, NEC",NEW YORK,NY,10036
0001885408,NEXR,Nexera Technologies Ltd,5900,Retail-Miscellaneous Retail,BNEI BRAK,,
0002023796,FCHL,Fitness Champs Holdings Ltd,7990,Services-Miscellaneous Amusement & Recreation,SINGAPORE,U0,56988
0001898604,VSTD,Vestand Inc.,5812,Retail-Eating  Places,BUENA PARK,CA,90621
0001066130,LINMF,Linear Minerals Corp,1000,Metal Mining,VANCOUVER,A1,V7Y 1
0001172069,PTOS,"P2 Solar, Inc.",1700,Construction - Special Trade Contractors,SURREY,,V3V 7
0001864531,VSEE,"VSEE HEALTH, INC.",8000,Services-Health Services,BOCA RATON,FL,33432
0001880343,AMZE,"AMAZE HOLDINGS, INC.",5961,Retail-Catalog & Mail-Order Houses,NEWPORT BEACH,CA,92663
0001636051,FUST,FUSE GROUP HOLDING INC.,1000,Metal Mining,ARCADIA,CA,91007
0001570937,PREM,Premier Air Charter Holdings Inc.,3841,Surgical & Medical Instruments & Apparatus,CARLSBAD,CA,92011
0000814926,CAPC,"CAPSTONE COMPANIES, INC.",3640,Electric Lighting & Wiring Equipment,DEERFIELD BEACH,FL,33441
0001954594,HAO,Haoxi Health Technology Ltd,7311,Services-Advertising Agencies,BEIJING,,10010
0001892292,MSS,Maison Solutions Inc.,5411,Retail-Grocery Stores,MONTEREY PARK,CA,91754
0000866439,DPLS,"DarkPulse, Inc.",7372,Services-Prepackaged Software,PHOENIX,AZ,85016
0001362516,CLRI,"Cleartronic, Inc.",4812,Radiotelephone Communications,CLEARWATER,FL,33761
0001360442,DOGP,"Dogecoin Cash, Inc.",7200,Services-Personal Services,MESQUITE,NV,89027
0001643918,BDRX,Biodexa Pharmaceuticals Plc,2834,Pharmaceutical Preparations,CARDIFF,,CF10 
0001300306,EMRH,EMERGING HOLDINGS INC,,,LAS VEGAS,NV,89144
0000862668,ESMC,ESCALON MEDICAL CORP,3845,Electromedical & Electrotherapeutic Apparatus,WAYNE,PA,19087
0001082733,VISM,"VISIUM TECHNOLOGIES, INC.",7371,Services-Computer Programming Services,FORT LAUDERDALE,FL,33301
0001893219,ABPO,"Abpro Holdings, Inc.",2836,"Biological Products, (No Diagnostic Substances)",NEW YORK,NY,10013
0001081938,CPMD,"CANNAPHARMARX, INC.",2834,Pharmaceutical Preparations,MOUNTAIN VIEW COUNTY,,T0M 0
0001996586,CNRCF,Canter Resources Corp.,,,VANCOUVER,A1,V6J 4
0001640384,PWCM,"POWERCOMPUTE, INC.",6199,Finance Services,TAMPA,FL,33606
0001439264,MVNC,Marvion Inc.,6199,Finance Services,SHEUNG WAN,,
0001879403,LRHC,La Rosa Holdings Corp.,6531,Real Estate Agents & Managers (For Others),CELEBRATION,FL,34747
0002013186,TNMG,TNL Mediagene,7310,Services-Advertising,TAIPEI CITY,,
0001776073,CBDL,CBD Life Sciences Inc.,2833,Medicinal Chemicals & Botanical Products,SCOTTSDALE,AZ,
0000724445,BZYR,BURZYNSKI RESEARCH INSTITUTE INC,2835,In Vitro & In Vivo Diagnostic Substances,HOUSTON,TX,77082
0001141284,ASNS,ACTELIS NETWORKS INC,3669,"Communications Equipment, NEC",FREMONT,CA,94538
0001532390,WTER,ALKALINE WATER Co INC,5140,Wholesale-Groceries & Related Products,GLENDALE,AZ,85301
0001487615,EMBYF,Nexera Energy Inc.,,,CALGARY,,T2C 5
0001745621,GENN,Genneia S.A.,4911,Electric Services,,,
0001978165,LITSF,LITHOS GROUP LTD.,,,VANCOUVER,A1,V6E 2
0001651992,ASFT,"Appsoft Technologies, Inc.",7372,Services-Prepackaged Software,GARDEN CITY,NY,11530
0001949478,DTCKF,DAVIS COMMODITIES Ltd,5150,Wholesale-Farm Product Raw Materials,SINGAPORE,U0,65807
0001083468,EARI,"ENTERTAINMENT ARTS RESEARCH, INC.",9995,Non-Operating Establishments,LAS VEGAS,NV,89148
0001857086,TRUG,"TruGolf Holdings, Inc.",3949,"Sporting & Athletic Goods, NEC",PLANTATION,FL,33324
0001880431,VHAI,Vocodia Holdings Corp,7371,Services-Computer Programming Services,BOCA RATON,FL,33487
0001469443,RKDA,"Arcadia Biosciences, Inc.",1311,Crude Petroleum & Natural Gas,DALLAS,TX,
0001419554,BBLG,Bone Biologics Corp,3842,"Orthopedic, Prosthetic & Surgical Appliances & Supplies",BURLINGTON,MA,01803
0001515139,WAST,WASTE ENERGY CORP.,7389,"Services-Business Services, NEC",FAIRFIELD,CA,94534
0000824416,QPRC,QUEST PATENT RESEARCH CORP,5190,Wholesale-Miscellaneous Nondurable Goods,RYE,NY,10580
0001784058,PNYG,Pony Group Inc.,7500,"Services-Automotive Repair, Services & Parking","SHENZHEN, GUANGDONG PROVINCE",,
0001555017,SKYI,"Sky Century Investment, Inc.",8741,Services-Management Services,LAS VEGAS,NV,89144
0002006925,LNTO,LELANTOS HOLDINGS INC.,4991,Cogeneration Services & Small Power Producers,TUCSON,AZ,85719
0001022899,PTIX,"Protagenic Therapeutics, Inc.\new",2834,Pharmaceutical Preparations,NEW YORK,NY,10010
0001626644,ODYY,"Odyssey Health, Inc.",3841,Surgical & Medical Instruments & Apparatus,LAS VEGAS,NV,89102
0001444839,BRVO,Bravo Multinational Inc.,7990,Services-Miscellaneous Amusement & Recreation,VIRGINIA BEACH,VA,23454
0001792030,IMCC,IM Cannabis Corp.,2833,Medicinal Chemicals & Botanical Products,CENTRAL DISTRICT,L3,46905
0001879848,PEVM,PHOENIX MOTOR INC.,3713,Truck & Bus Bodies,ONTARIO,CA,91761
0001085277,SKVI,"SKINVISIBLE, INC.",2834,Pharmaceutical Preparations,LAS VEGAS,NV,89120
0001704287,BJDX,"Bluejay Diagnostics, Inc.",3841,Surgical & Medical Instruments & Apparatus,ACTON,MA,01720
0001694617,ROYL,"Royale Energy, Inc.",1311,Crude Petroleum & Natural Gas,EL CAJON,CA,92019
0001760026,RMTG,Regenerative Medical Technology Group Inc.,5990,"Retail-Retail Stores, NEC",BOCA RATON,FL,33432
0001928581,GMEX,GMEX Robotics Corp,3949,"Sporting & Athletic Goods, NEC",BANKSTOWN NSW 2200,,
0000744452,BNBX,BNB PLUS CORP.,6199,Finance Services,STONY BROOK,NY,
0001618835,EVFM,"Evofem Biosciences, Inc.",2834,Pharmaceutical Preparations,SAN DIEGO,CA,92130
0001530425,ARRT,"Artisan Consumer Goods, Inc.",1000,Metal Mining,SEATTLE,WA,98103
0001813603,HSTA,Hestia Insight Inc.,8742,Services-Management Consulting Services,LAS VEGAS,NV,89101
0001687542,FRGT,"Freight Technologies, Inc.",4731,Arrangement of  Transportation of  Freight & Cargo,THE WOODLANDS,TX,77380
0000794998,SETO,SETO HOLDINGS INC,3540,Metalworkg Machinery & Equipment,BRIARCLIFF MANOR,NY,10510
0001527541,WHLR,"Wheeler Real Estate Investment Trust, Inc.",6798,Real Estate Investment Trusts,VIRGINIA BEACH,VA,23452
0000790273,CONC,CONECTISYS CORP,3663,Radio & Tv Broadcasting & Communications Equipment,CHENEY,WA,99004
0001584480,GTIC,"Greentech Innovations, Inc.",7372,Services-Prepackaged Software,NEW YORK CITY,NY,10016
0001465311,ZICX,Zicix Corp,7310,Services-Advertising,HONG KONG,,
0001854275,ZCAR,"Zoomcar Holdings, Inc.",7510,Services-Auto Rental & Leasing (No Drivers),BANGALORE,K7,56000
0001127475,DBMM,"Digital Brand Media & Marketing Group, Inc.",7389,"Services-Business Services, NEC",NEW YORK,NY,10016
0001566826,LGMK,"LogicMark, Inc.",3842,"Orthopedic, Prosthetic & Surgical Appliances & Supplies",LOUISVILLE,KY,40299
0001043150,EEGI,"Eline Entertainment Group, Inc.",1520,General Bldg Contractors - Residential Bldgs,ADMIRALTY,K3,00000
0001970125,FDXTF,FENDX TECHNOLOGIES INC.,,,VANCOUVER,,V7Y 1
0001900720,EPWKF,EPWK Holdings Ltd.,7389,"Services-Business Services, NEC",XIAMEN,,0000
0001644963,ATXI,"AVENUE THERAPEUTICS, INC.",2834,Pharmaceutical Preparations,BAY HARBOR ISLANDS,FL,33154
0001143994,MRPT,MACREPORT NET INC,7389,"Services-Business Services, NEC",MARCELLUS,NY,13108
0001964664,ORISF,ORIENTAL RISE HOLDINGS Ltd,0100,Agricultural Production-Crops,NINGDE,F4,35539
0001859007,ZVSA,"ZyVersa Therapeutics, Inc.",2834,Pharmaceutical Preparations,LIGHTHOUSE POINT,FL,33064
0001603345,AGTX,Agentix Corp.,2836,"Biological Products, (No Diagnostic Substances)",DANA POINT,CA,92629
0001409253,NAFS,"Havana Roasters Coffee Companies, Inc.",8742,Services-Management Consulting Services,HOLLYWOOD,FL,33302
0001450704,VIVK,"Vivakor, Inc.",4953,Refuse Systems,DALLAS,TX,75254
0001346917,GNTOF,GENTOR RESOURCES INC.,1000,Metal Mining,TORONTO,,M2P 2
0001951067,CISS,C3is Inc.,4412,Deep Sea Foreign Transportation of  Freight,ATHENS,J3,14561
0001973368,SVUHF,SRIVARU Holding Ltd,3711,Motor Vehicles & Passenger Car Bodies,GRAND CAYMAN,E9,KY1-1
0001872292,RAKR,Rainmaker Worldwide Inc.,2086,Bottled & Canned Soft Drinks & Carbonated Waters,LAS VEGAS,NV,89120
0001888151,FMTOF,Femto Technologies Inc.,7372,Services-Prepackaged Software,VANCOUVER,A1,V5N1Z
0001716621,VTAK,"Catheter Precision, Inc.",3841,Surgical & Medical Instruments & Apparatus,FORT MILL,SC,29708
0001586554,CBDY,Target Group Inc.,2833,Medicinal Chemicals & Botanical Products,HAMILTON,,L8W 2
0000802257,MITI,"Mitesco, Inc.",7370,"Services-Computer Programming, Data Processing, Etc.",VERO BEACH,FL,32963
0001753391,QSJC,"TANCHENG GROUP CO., LTD.",7370,"Services-Computer Programming, Data Processing, Etc.",TAIYUAN CITY,,
0001393781,QIND,Quality Industrial Corp.,3590,Misc Industrial & Commercial Machinery & Equipment,SAN FRANCISCO,CA,94111
0001599117,MNTR,"Mentor Capital, Inc.",6799,"Investors, NEC",PLANO,TX,75093
0001502758,NULGF,NuLegacy Gold Corp,,,VANCOUVER,A1,V6E 2
0001811216,BAOS,Baosheng Media Group Holdings Ltd,7389,"Services-Business Services, NEC",BEIJING,,10004
0001637147,ZSPC,"zSpace, Inc.",7372,Services-Prepackaged Software,SAN JOSE,CA,95110
0001816172,JZXN,"Jiuzi Holdings, Inc.",5500,Retail-Auto Dealers & Gasoline Stations,ZHEJIANG PROVINCE,F4,31000
0001661600,SATT,SATIVUS TECH CORP.,8742,Services-Management Consulting Services,BETHESDA,MD,06880
0001836875,NVVE,Nuvve Holding Corp.,3690,"Miscellaneous Electrical Machinery, Equipment & Supplies",SAN DIEGO,CA,92106
0001452583,CBMJ,"CONSERVATIVE BROADCAST MEDIA & PUBLISHING, INC.",4911,Electric Services,HIRAM,GA,30141
0001807936,BABYF,Else Nutrition Holdings Inc.,,,SURREY,A1,V4A 9
0001342958,KUST,"KUSTOM ENTERTAINMENT, INC.",3663,Radio & Tv Broadcasting & Communications Equipment,OLATHE,KS,66061
0001817232,HGAS,Global Gas Corp,2810,Industrial Inorganic Chemicals,NEW YORK,NY,10005
0001680689,NRHI,"Natural Resource Holdings, Inc.",5960,Retail-Nonstore Retailers,AUSTIN,TX,78735
0001463208,TLSS,"Transportation & Logistics Systems, Inc.",4700,Transportation Services,JUPITER,FL,33458
0001902276,WCUFF,World Copper Ltd.,,,VANCOUVER,A1,V6C 1
0001680132,CSUI,CANNABIS SUISSE CORP.,6500,Real Estate,JACKSONVILLE,FL,32202
0001454742,GMER,"GOOD GAMING, INC.",7372,Services-Prepackaged Software,KENNETT SQUARE,PA,19348
0001842939,XAGE,"Longevity Health Holdings, Inc.",2840,"Soap, Detergents, Cleang Preparations, Perfumes, Cosmetics",PITTSBURGH,PA,15203
0001870404,CERO,"CERO THERAPEUTICS HOLDINGS, INC.",2836,"Biological Products, (No Diagnostic Substances)",SOUTH SAN FRANCISCO,CA,94080
0001386044,TAAG,"Awareness Group, Inc.",6163,Loan Brokers,SCOTTSDALE,AZ,85251
0000836564,CPMV,Mosaic ImmunoEngineering Inc.,2836,"Biological Products, (No Diagnostic Substances)",HUNTINGTON BEACH,CA,92646
0000800523,GGLXF,GGL RESOURCES CORP.,,,VANCOUVER,A1,V6E 4
0001453122,DDDX,"3DX Industries, Inc.",2750,Commercial Printing,FERNDALE,WA,98248
0001935172,AIXI,Xiao-I Corp,7372,Services-Prepackaged Software,SHANGHAI,F4,20180
0002033770,DAIC,"CID Holdco, Inc.",7373,Services-Computer Integrated Systems Design,BETHESDA,MD,20814
0001787740,VBIO,"Valion Bio, Inc.",2834,Pharmaceutical Preparations,SAN ANTONIO,TX,78205
0000820771,GFMH,Goliath Film & Media Holdings,7822,Services-Motion Picture & Video Tape Distribution,LOS ANGELES,CA,90048
0000721693,CREG,Smart Powerr Corp.,7389,"Services-Business Services, NEC","XI'AN CITY, SHAANXI PROVINCE",F4,71007
0001674227,WORX,SCWorx Corp.,7374,Services-Computer Processing & Data Preparation,MIDDLETON,MA,01949
0001517389,JFIL,"Jubilant Flame International, Ltd",7371,Services-Computer Programming Services,SHANGHAI,,20110
0001427644,SLDC,"Solidus Communications, Inc.",4813,Telephone Communications (No Radiotelephone),ORMOND BEACH,FL,32174
0001762239,KAVL,"Kaival Brands Innovations Group, Inc.",5960,Retail-Nonstore Retailers,GRANT-VALKARIA,FL,32949
0001741534,UOKAF,MDJM LTD,6531,Real Estate Agents & Managers (For Others),CUPAR,,KY15 
0001346022,ENRT,Enertopia Corp.,1000,Metal Mining,KELOWNA,A1,V1Y 4
0001978151,DGTEF,Eat & Beyond Global Holdings Inc.,,,VANCOUVER,A1,V7X1M
0001916558,TRWD,Tradewinds Universal,2000,Food and Kindred Products,LAS VEGAS,NV,89104
0001847462,AYRWF,Ayr Wellness Inc.,2833,Medicinal Chemicals & Botanical Products,TORONTO,,M5L 1
0000868278,PRPH,"ProPhase Labs, Inc.",2834,Pharmaceutical Preparations,NEW YORK,NY,11530
0001609258,PTCO,PetroGas Co,1311,Crude Petroleum & Natural Gas,HOUSTON,TX,77056
0001703073,VIVC,VIVIC CORP.,7990,Services-Miscellaneous Amusement & Recreation,LAS VEGAS,NV,89119
0001084475,NIHK,"Video River Networks, Inc.",6500,Real Estate,LAS VEGAS,NV,89128
0001395005,BFCH,"UNLOCKD, Inc.",1000,Metal Mining,LANCASTER,PA,17603
0001601936,CYTOF,Altamira Therapeutics Ltd.,2834,Pharmaceutical Preparations,HAMILTON HM 11,D0,00000
0000912544,NSTM,NovelStem International Corp.,5990,"Retail-Retail Stores, NEC",BOCA RATON,FL,33431
0001381074,RTCJF,Baijiayun Group Ltd,7372,Services-Prepackaged Software,NANJING,F4,21000
0001989930,FGL,Founder Group Ltd,1700,Construction - Special Trade Contractors,SELANGOR DARUL EHSAN,,
0001796898,MAXNQ,"Maxeon Solar Technologies, Ltd.",3674,Semiconductors & Related Devices,SINGAPORE,,18976
0001084937,GREH,Green Rain Energy Holdings Inc.,9995,Non-Operating Establishments,CHEYENNE,WY,82001
0001404593,MDCE,Medical Care Technologies Inc.,7389,"Services-Business Services, NEC",MESA,AZ,85204
0001979484,ABVEF,Above Food Ingredients Inc.,2000,Food and Kindred Products,"REGINA, SASKATCHEWAN",,S4P 0
0001947861,NMHI,Nature's Miracle Holding Inc.,3523,Farm Machinery & Equipment,UPLAND,CA,91786
0001511820,STEK,Stemtech Corp,5122,"Wholesale-Drugs, Proprietaries & Druggists' Sundries",NAPLES,FL,34103
0001416876,FCHS,"First Choice Healthcare Solutions, Inc.",8071,Services-Medical Laboratories,MELBOURNE,FL,32901
0001290658,ITOX,"IIOT-OXYS, Inc.",7372,Services-Prepackaged Software,CAMBRIDGE,MA,02141
0001741220,CWPE,CW Petroleum Corp,5172,Wholesale-Petroleum & Petroleum Products (No Bulk Stations),KATY,TX,77494
0001497230,FYNN,Fyntechnical Innovations Inc,7374,Services-Computer Processing & Data Preparation,BOCA RATON,FL,33433
0001763329,AIBT,"AIBOTICS, INC.",2833,Medicinal Chemicals & Botanical Products,HEYBURN,ID,83336
0001837254,MEHA,Functional Brands Inc.,2833,Medicinal Chemicals & Botanical Products,WEST HOLLYWOOD,CA,90069
0001877461,CBDW,1606 CORP.,7372,Services-Prepackaged Software,PHOENIX,AZ,85016
0001098462,MTLK,METALINK LTD,3674,Semiconductors & Related Devices,BEIT-YITZHAK,,42920
0000352991,AOXY,ADVANCED OXYGEN TECHNOLOGIES INC,6500,Real Estate,RANDOLPH,VT,05060
0001695473,GCAN,"TRAFALGAR INTERNATIONAL, INC.",2834,Pharmaceutical Preparations,MIAMI,FL,33131
0000918573,GRVE,GROOVE BOTANICALS INC.,1311,Crude Petroleum & Natural Gas,MINNEAPOLIS,MN,55415
0001801602,SBIG,"SpringBig Holdings, Inc.",7371,Services-Computer Programming Services,BOCA RATON,FL,33487
0001812173,RBOT,Vicarious Surgical Inc.,3842,"Orthopedic, Prosthetic & Surgical Appliances & Supplies",WALTHAM,MA,02451
0001901799,BTMCQ,Bitcoin Depot Inc.,6199,Finance Services,ATLANTA,GA,30326
0001651721,GIPR,"GENERATION INCOME PROPERTIES, INC.",6798,Real Estate Investment Trusts,TAMPA,FL,33602
0001823126,GRXXF,Critical Reagent Processing Corp.,,,VANCOUVER,,V6J 4
0001873722,BBLR,Bubblr Inc.,7370,"Services-Computer Programming, Data Processing, Etc.",SHERIDAN,WY,82801
0001404804,OMTK,Omnitek Engineering Corp,3714,Motor Vehicle Parts & Accessories,VISTA,CA,92081
0001825452,ONFO,"Onfolio Holdings, Inc",7374,Services-Computer Processing & Data Preparation,WILMINGTON,DE,19801
0001356914,ECPL,ECOPLUS INC,8090,"Services-Misc Health & Allied Services, NEC",SALEM,MA,01970
0001854445,BTLN,"Glimpse Group, Inc.",7371,Services-Computer Programming Services,NEW YORK,NY,10018
0001730773,BSFC,Blue Star Foods Corp.,2092,Prepared Fresh or  Frozen Fish & Seafoods,WEST PALM BEACH,FL,33401
0000813716,CIRX,CIRTRAN CORP,2080,Beverages,LAS VEGAS,NV,89120
0001869974,OCEA,"Ocean Biomedical, Inc.",2834,Pharmaceutical Preparations,NEW YORK,NY,10022
0001227282,SPOWF,Strata Power Corp,1311,Crude Petroleum & Natural Gas,ABBOTSFORD,,V2S 1
0001990446,GRPS,"Trans American Aquaculture, Inc",0200,Agricultural Prod-Livestock & Animal Specialties,DALLAS,TX,75223
0001392449,GPLB,Green Planet Bio Engineering Co. Ltd.,2836,"Biological Products, (No Diagnostic Substances)",AVENTURA,FL,33180
0001230524,LEEN,"Leopard Energy, Inc.",8742,Services-Management Consulting Services,LUGANO,V8,6900
0001343009,CNBX,CNBX Pharmaceuticals Inc.,2834,Pharmaceutical Preparations,BETHESDA,MD,20814
0001812360,FOXO,FOXO TECHNOLOGIES INC.,8731,Services-Commercial Physical & Biological Research,WEST PALM BEACH,FL,33401
0001068689,ATDS,"Data443 Risk Mitigation, Inc.",7372,Services-Prepackaged Software,RESEARCH TRIANGLE PARK,NC,27709
0001407704,BOTY,"LINGERIE FIGHTING CHAMPIONSHIPS, INC.",7900,Services-Amusement & Recreation Services,LAS VEGAS,NV,89149
0001817511,SOPAQ,SOCIETY PASS INCORPORATED.,7389,"Services-Business Services, NEC",SINGAPORE,,06889
0001815903,PTPI,"Petros Pharmaceuticals, Inc.",2834,Pharmaceutical Preparations,NEW YORK,NY,10036
0001679817,OZSC,"OZOP ENERGY SOLUTIONS, INC.",3690,"Miscellaneous Electrical Machinery, Equipment & Supplies",WARWICK,NY,10990
0001843588,REEAF,REE Automotive Ltd.,3711,Motor Vehicles & Passenger Car Bodies,KIBBUTZ GLIL-YAM,L3,46905
0001558740,WNLV,Winvest Group Ltd,7812,Services-Motion Picture & Video Tape Production,RENO,NV,89501
0001892274,GVHGF,Visionary Holdings Inc.,8200,Services-Educational Services,TORONTO,A6,M3B 0
0001058623,CMLS,CUMULUS MEDIA INC,4832,Radio Broadcasting Stations,ATLANTA,GA,30342
0000915661,GRLF,GREEN LEAF INNOVATIONS INC,2050,Bakery Products,PEMBROKE PINES,FL,33027
0001132509,NNAX,New Momentum Corp.,8741,Services-Management Services,SINGAPORE,U0,06954
0001128189,PKTX,"ProtoKinetix, Inc.",2834,Pharmaceutical Preparations,DALTON,OH,44618
0001886362,MGAM,"Mobile Global Esports, Inc.",7900,Services-Amusement & Recreation Services,WESTPORT,CT,06883
0001530746,KAYS,"Kaya Holdings, Inc.",2834,Pharmaceutical Preparations,FORT LAUDERDALE,FL,33304
0001674440,YYAI,AIRWA INC.,7370,"Services-Computer Programming, Data Processing, Etc.",SMYRNA,DE,19977
0001896425,LBGJ,Li Bang International Corp Inc.,3580,Refrigeration & Service Industry Machinery,JIANGSU PROVINCE,,
0001589150,RGBP,Regen BioPharma Inc,2834,Pharmaceutical Preparations,LA MESA,CA,91942
0001081834,KUBR,Kuber Resources Corp,4832,Radio Broadcasting Stations,ADMIRALTY,K3,000-0
0001725911,NBND,NetBrands Corp.,6199,Finance Services,ISLAND PARK,NY,11558
0001877430,ETUGF,E2Gold Inc.,,,TORONTO,A6,M5C 1
0001994624,STAI,ScanTech AI Systems Inc.,3825,Instruments For Meas & Testing of  Electricity & Elec Signals,NEW YORK,NY,10036
0000946486,WINT,WINDTREE THERAPEUTICS INC /DE/,2836,"Biological Products, (No Diagnostic Substances)",WARRINGTON,PA,18976
0001499961,BINI,"BOLLINGER INNOVATIONS, INC.",3711,Motor Vehicles & Passenger Car Bodies,BREA,CA,92821
0001365359,PCGC,"HYDRO POWER TECHNOLOGIES, INC.",5180,"Wholesale-Beer, Wine & Distilled Alcoholic Beverages",BURLINGTON,A6,L7L 5
0001495584,SVVC,"Firsthand Technology Value Fund, Inc.",,,SAN JOSE,CA,95128
0001575142,BDPT,"BIOADAPTIVES, INC.",2834,Pharmaceutical Preparations,LAS VEGAS,NV,89128
0001169138,GBUX,"GIVBUX, INC.",7389,"Services-Business Services, NEC",NEWPORT BEACH,CA,92663
0001710495,PNXP,PINEAPPLE EXPRESS CANNABIS Co,7372,Services-Prepackaged Software,ATLANTA,GA,30009
0001018735,NYMXF,NYMOX PHARMACEUTICAL CORP,2835,In Vitro & In Vivo Diagnostic Substances,QUEBEC CANADA,A8,H4M 2
0001788841,MCOM,micromobility.com Inc.,7389,"Services-Business Services, NEC",NEW YORK,NY,10013
0001782941,TIRXF,TIAN RUIXIANG HOLDINGS LTD,6411,"Insurance Agents, Brokers & Service",BEIJING,,10000
0001990950,SELXF,Semilux International Ltd.,3674,Semiconductors & Related Devices,TAICHUNG CITY,,42881
0001113313,AVNI,ARVANA INC,6770,Blank Checks,SALT LAKE CITY,UT,84111
0001622244,OWPC,"One World Products, Inc.",2834,Pharmaceutical Preparations,LAS VEGAS,NV,89149
0001130781,BMPA,"BMP AI Technologies, Inc.",7812,Services-Motion Picture & Video Tape Production,LAS VEGAS,,00000
0001744494,ADNH,"ADVENT TECHNOLOGIES HOLDINGS, INC.",3690,"Miscellaneous Electrical Machinery, Equipment & Supplies",BOSTON,MA,02129
0001409197,BSPK,"Bespoke Extracts, Inc.",2834,Pharmaceutical Preparations,AURORA,CO,80010
0001865494,IOBTQ,"IO Biotech, Inc.",2834,Pharmaceutical Preparations,COPENHAGEN,G7,2200
0001804792,USAM,ARES STRATEGIC MINING INC.,1400,Mining & Quarrying of  Nonmetallic Minerals (No Fuels),VANCOUVER,A1,V6C 1
0002011954,TWNPQ,Twin Hospitality Group Inc.,5812,Retail-Eating  Places,DALLAS,TX,75254
0001619227,CLOW,"Cloudweb, Inc.",7370,"Services-Computer Programming, Data Processing, Etc.",MOUNTAIN VIEW,CA,94040
0001937441,AMBIQ,Ambipar Emergency Response,4955,Hazardous Waste Management,SAO PAULO,D5,01228
0001759136,BHATF,Blue Hat Interactive Entertainment Technology,5160,Wholesale-Chemicals & Allied Products,"HULI DISTRICT, XIAMEN",F4,00000
0001434601,TMGI,"Transglobal Management Group, Inc.",4832,Radio Broadcasting Stations,ST. PETERSBURGH,FL,33702
0001347242,LIPO,LIPELLA PHARMACEUTICALS INC.,2834,Pharmaceutical Preparations,PITTSBURGH,PA,15208
0001802450,MSPR,"MSP Recovery, Inc.",7374,Services-Computer Processing & Data Preparation,MIAMI,FL,33146
0001803096,STRG,"STARGUIDE GROUP, INC.",5190,Wholesale-Miscellaneous Nondurable Goods,RENO,NV,89501
0001899658,WLGSF,"WANG & LEE GROUP, Inc.",1700,Construction - Special Trade Contractors,HONG KONG,K3,0000
0001923622,PGIM,PGIM Private Credit Fund,,,NEWARK,NJ,07102
0001879270,TCRG,Cannaisseur Group Inc.,2833,Medicinal Chemicals & Botanical Products,ATLANTA,GA,30308
0001874097,CYN,Cyngn Inc.,7371,Services-Computer Programming Services,MOUNTAIN VIEW,CA,94043
0001869699,ARKB,Ark 21Shares Bitcoin ETF,6221,Commodity Contracts Brokers & Dealers,NEW YORK,NY,10022
0001985062,PBM,PSYENCE BIOMEDICAL LTD.,2834,Pharmaceutical Preparations,TORONTO,,
0001995075,MGN,Megan Holdings Ltd.,0200,Agricultural Prod-Livestock & Animal Specialties,MALAYSIA,N8,50480
0001958489,CRGT,"Cortigent, Inc.",3845,Electromedical & Electrotherapeutic Apparatus,VALENCIA,CA,91355
0001841330,KTTAW,Pasithea Therapeutics Corp.,2834,Pharmaceutical Preparations,MIAMI BEACH,FL,33139
0001855781,BTCO,Invesco Galaxy Bitcoin ETF,6221,Commodity Contracts Brokers & Dealers,NEW YORK,NY,10013
0001877971,POM,POMDOCTOR Ltd,5900,Retail-Miscellaneous Retail,GUANGZHOU,,
0001867090,VCX,"Fundrise Innovation Fund, LLC",,,WASHINGTON,DC,20036
0001860788,ETHV,VanEck Ethereum ETF,6221,Commodity Contracts Brokers & Dealers,NEW YORK,NY,10017
0001995569,QETH,Invesco Galaxy Ethereum ETF,6221,Commodity Contracts Brokers & Dealers,DOWNERS GROVE,IL,60515
0002015034,BTC,Grayscale Bitcoin Mini Trust ETF,6221,Commodity Contracts Brokers & Dealers,STAMFORD,CT,06902
0002028541,VSOL,VanEck Solana ETF,6221,Commodity Contracts Brokers & Dealers,NEW YORK,NY,10017
0001988894,AS,"Amer Sports, Inc.",2300,Apparel & Other Finishd Prods of  Fabrics & Similar Matl,GRAND CAYMAN,,KY1-1
0001992604,CCEYF,CanCambria Energy Corp.,,,VANCOUVER,,V6Z 0
0001992870,EZBC,Franklin Templeton Digital Holdings Trust,6221,Commodity Contracts Brokers & Dealers,SAN MATEO,CA,94403
0001958928,CTWO,COTWO ADVISORS PHYSICAL EUROPEAN CARBON ALLOWANCE TRUST,6199,Finance Services,NEW CANAAN,CT,06840
0002060717,VAVX,VanEck Avalanche ETF,6221,Commodity Contracts Brokers & Dealers,NEW YORK,NY,10001
0002061626,TSUI,21Shares Sui ETF,6221,Commodity Contracts Brokers & Dealers,NEW YORK,NY,10022
0002064768,TRXS,Canary Staked TRX ETF,6221,Commodity Contracts Brokers & Dealers,BRENTWOOD,TN,37027
0002055510,GDOG,Grayscale Dogecoin Trust ETF,6221,Commodity Contracts Brokers & Dealers,STAMFORD,CT,06902
0002039525,XRP,Bitwise XRP ETF,6221,Commodity Contracts Brokers & Dealers,SAN FRANCISCO,CA,94104
0002027166,NSNFY,"Nissin Foods Holdings Co., Ltd./ADR",,,TOKYO,M0,160-8
0002029297,GTAO,Grayscale Bittensor Trust (TAO),6221,Commodity Contracts Brokers & Dealers,STAMFORD,CT,06902
0002031069,NCIQ,Hashdex Nasdaq CME Crypto Index ETF,6221,Commodity Contracts Brokers & Dealers,RIO DE JANEIRO,,
0002033807,EZPZ,Franklin Crypto Trust,6221,Commodity Contracts Brokers & Dealers,SAN MATEO,CA,94403
0002000046,FETH,Fidelity Ethereum Fund,6199,Finance Services,BOSTON,MA,02210
0001997389,IDIA,Innovative Digital Investors Acquisition Corp.,6770,Blank Checks,ITASCA,IL,60143
0002021989,CUPPF,Super Copper Corp.,,,VANCOUVER,A1,V6C 1
0001980994,IBIT,iShares Bitcoin Trust ETF,6221,Commodity Contracts Brokers & Dealers,SAN FRANCISCO,CA,94105
0001972589,TDGGF,TDG Gold Corp.,,,WHITE ROCK,A1,V4B 1
0001976663,NXNT,"Nexscient, Inc.",7372,Services-Prepackaged Software,LOS ANGELES,CA,90067
0001916101,OBNB,Osprey BNB Chain Trust,,,FAIRFIELD,CT,06824
0002034012,GSUI,Grayscale Sui Staking ETF,6221,Commodity Contracts Brokers & Dealers,STAMFORD,CT,06902
0002046098,ALEUY,ALLEGRO.EU SA/ADR,,,LUXEMBOURG,N4,L-128
0002002660,PSUS,"Pershing Square USA, Ltd.",,,NEW YORK,NY,10019
0002003813,NMCPF,Nuvau Minerals Corp,,,THUNDER BAY,Z4,P7B 6
0001999119,LBRJ,"Libera Gaming Operations, Inc",7990,Services-Miscellaneous Amusement & Recreation,TOKYO,M0,160-0
0002000638,ETHA,iShares Ethereum Trust ETF,6221,Commodity Contracts Brokers & Dealers,SAN FRANCISCO,CA,94105
0002027982,CCLV,"C2 Capital Group, Inc.",7374,Services-Computer Processing & Data Preparation,BOCA RATON,FL,33496
0002028464,ENT,"ENTRATA, INC.",7372,Services-Prepackaged Software,LEHI,UT,84043
0002011535,EZET,Franklin Ethereum Trust,6221,Commodity Contracts Brokers & Dealers,SAN MATEO,CA,94403
0002011617,SINI,SIERRA INTERNATIONAL NETWORK INC,4899,"Communications Services, NEC",IRVINE,CA,92604
0002002326,NSURF,North Shore Uranium Ltd.,,,WHITE ROCK,A1,V4B 1
0001997464,MRX,Marex Group Ltd,6200,"Security & Commodity Brokers, Dealers, Exchanges & Services",LONDON,,EC2M 
0001997950,INHI,Unitrend Entertainment Group Ltd,7822,Services-Motion Picture & Video Tape Distribution,BEIJING,,
0002028834,TSOL,21Shares Solana ETF,6221,Commodity Contracts Brokers & Dealers,NEW YORK,NY,10022
0002041869,SOLC,Canary Marinade Solana ETF,6221,Commodity Contracts Brokers & Dealers,BRENTWOOD,TN,37027
0002027330,SGIHY,"Sugi Holdings Co., Ltd./ADR",8880,American Depositary Receipts,NEW YORK,NY,10271
0002025000,GSNR,Grayscale Near Trust (NEAR),6221,Commodity Contracts Brokers & Dealers,STAMFORD,CT,06902
0002038958,MDDTY,Mandatum Oyj/ADR,,,HELSINKI,H9,00101
0002035053,GAVA,Grayscale Avalanche Staking ETF,6221,Commodity Contracts Brokers & Dealers,STAMFORD,CT,06902
0001966126,NUOX,"NuvOx Therapeutics, Inc.",2834,Pharmaceutical Preparations,TUCSON,AZ,85719
0002039072,DAVI,DAVION HEALTHCARE PLC,3841,Surgical & Medical Instruments & Apparatus,CLONAKILTY,,P85 F
0001952670,TVCN,TV Channels Network Inc.,4899,"Communications Services, NEC",LAS VEGAS,NV,89123
0002034467,PBRRY,PT Barito Renewables Energy Tbk/ADR,,,JAKARTA,K8,11410
0002042187,KYTFY,Kyoto Financial Group Inc/ADR,,,NEW YORK,NY,10179
0002000684,DHGR,Devonian Health Group Inc.,2833,Medicinal Chemicals & Botanical Products,MONTMAGNY,A8,G5V 4
0002010930,ALFUU,Centurion Acquisition Corp.,6770,Blank Checks,NEW YORK,NY,10065
0001981775,VTNMF,V Ten Metals Corp.,,,VANCOUVER,,
0002028835,TOXR,21Shares XRP ETF,6221,Commodity Contracts Brokers & Dealers,NEW YORK,NY,10022
0002033615,MGNO,"Magnolia Bancorp, Inc.",6035,"Savings Institution, Federally Chartered",METAIRIE,LA,70006
0002037427,GXRP,Grayscale XRP Trust ETF,6221,Commodity Contracts Brokers & Dealers,STAMFORD,CT,06902
0002038688,XDT,Xdata Group,7372,Services-Prepackaged Software,LONDON,X0,WC2H 
0002045151,MENW,"Tailored Brands, Inc. / DE",5600,Retail-Apparel & Accessory Stores,NEW YORK,NY,10018
0002045872,BSOL,Bitwise Solana Staking ETF,6221,Commodity Contracts Brokers & Dealers,SAN FRANCISCO,CA,94104
0002000208,KPL,Kepler Group Ltd,6411,"Insurance Agents, Brokers & Service","HARBOUR CITY, TSIM SHA TSUI",K3,0000
0001977837,USDW,MADE IN USA INC.,7374,Services-Computer Processing & Data Preparation,CHEYENNE,WY,82001
0002059690,GGTKY,PT GoTo Gojek Tokopedia Tbk/ADR,,,NEW YORK,NY,10271
0002008257,KOGDF,KO Gold Inc.,,,TORONTO,A6,M5V 0
0002013744,ETHW,Bitwise Ethereum ETF,6199,Finance Services,SAN FRANCISCO,CA,94104
0002020455,ETH,Grayscale Ethereum Staking Mini ETF,6221,Commodity Contracts Brokers & Dealers,STAMFORD,CT,06902
0002053791,BWOW,Bitwise Dogecoin ETF,6221,Commodity Contracts Brokers & Dealers,SAN FRANCISCO,CA,94104
0002056450,BXRLY,Boxer Retail Limited/ADR,,,KWAZULU-NATAL,T3,2630
0002057388,SOEZ,Franklin Solana Trust,6221,Commodity Contracts Brokers & Dealers,SAN MATEO,CA,94403
0002058707,ATTO,"Attovia Therapeutics, Inc.",2836,"Biological Products, (No Diagnostic Substances)",SAN CARLOS,CA,94070
0002053411,PCPGY,PC Partner Group Ltd/ADR,,,NEW YORK,NY,10271
0002045873,BLTG,BOUNDLESS GROUP,3827,Optical Instruments & Lenses,"NANJING, JIANGSU PROVINCE",,
0002042444,OBNK,Osprey BONK Trust,,,FAIRFIELD,CT,06824
0002045434,GHRTF,Greenheart Gold Inc.,,,LONGUEUIL,A8,J4K 5
0002046370,UPX,Uptrend Holdings Ltd,1540,General Bldg Contractors - Nonresidential Bldgs,NEW TERRITORIES,,
0002034300,DDHLY,Digital Domain Holdings Limited/ADR,,,NEW YORK,NY,10271
0002089506,TEICY,TOSEI CORP/ADR,,,NEW YORK,NY,10271
0002093618,NBKBY,Noba Bank Group AG/ADR,,,NEW YORK,NY,10271
0002093654,ZJGIY,Zijin Gold International Co Limited/ADR,,,NEW YORK,NY,10271
0001951593,NNRGF,Ninepoint Energy Fund,,,TORONTO,A6,M5J 2
0002011589,MOGMF,Mogotes Metals Inc.,,,TORONTO,,
0002092248,NGCOY,"Nagase & Co., Ltd./ADR",,,TOKYO,,100-8
0002090910,LAGH,Lagarosse Holdings Ltd,2080,Beverages,TABANAC,,33550
0002091663,CDTHY,CONDUIT HOLDINGS LTD/ADR,,,NEW YORK,NY,10271
0002089174,PTAXY,Paltac Corporation/ADR,,,NEW YORK,NY,10271
0002077242,STJNY,Stella-Jones Inc./ADR,,,NEW YORK,NY,10271
0002086549,PHAX,Phalanx Acquisition Corp I,6770,Blank Checks,SAN JUAN,PR,00907
0002087419,PNSB,"PSB Financial, Inc.",6036,"Savings Institutions, Not Federally Chartered",DEER LODGE,MT,59722
0002087500,NHKSY,NHK Spring Co. Ltd/ADR,,,YOKOHAMA,,236-0
0002078895,ASKRY,Asker Healthcare Group AB/ADR,,,STOCKHOLM,,182 3
0002073615,ELFTY,Element Fleet Management Corp./ADR,,,NEW YORK,NY,10271
0002073913,NWCYY,North West Co Inc./ADR,,,NEW YORK,NY,10271
0002075036,EVON,EvoNexus Group LTD,7370,"Services-Computer Programming, Data Processing, Etc.",KWUN TONG,,99907
0002063685,PSBTY,PT Sumber Alfaria Trijaya Tbk/ADR,,,TANGERANG,,15143
0002070237,SOUD,Hacker Interstellar Inc.,7370,"Services-Computer Programming, Data Processing, Etc.",BEIJING,,00000
0002071607,BMOK,BM Acquisition Corp.,6770,Blank Checks,43500 SELANGOR,,00000
0002071911,CPXXY,Capital Power Corp/ADR,,,NEW YORK,NY,10271
0001759124,IAUM,iShares Gold Trust Micro,6221,Commodity Contracts Brokers & Dealers,SAN FRANCISCO,CA,94105
0001732409,BCHG,Grayscale Bitcoin Cash Trust (BCH),6221,Commodity Contracts Brokers & Dealers,STAMFORD,CT,06902
0001812286,VCRDX,Harrison Street Infrastructure Income Fund,,,DENVER,CO,80237
0001756404,PDSRX,Principal Real Asset Fund,,,DES MOINES,IA,50392
0001705181,ETCG,Grayscale Ethereum Classic Trust (ETC),6221,Commodity Contracts Brokers & Dealers,STAMFORD,CT,06902
0001690437,BAR,GraniteShares Gold Trust,6221,Commodity Contracts Brokers & Dealers,NEW YORK,NY,10007
0001690842,PLTM,GraniteShares Platinum Trust,6221,Commodity Contracts Brokers & Dealers,NEW YORK,NY,10007
0001896036,EIIA,Eagle Point Institutional Income Fund,,,GREENWICH,CT,06830
0001855474,AIRJW,AirJoule Technologies Corp.,3585,Air-Cond & Warm Air Heatg Equip & Comm & Indl Refrig Equip,RONAN,MT,59864
0001896677,GSOL,Grayscale Solana Staking ETF,6221,Commodity Contracts Brokers & Dealers,STAMFORD,CT,06902
0001852023,MANA,Grayscale Decentraland Trust (MANA),,,STAMFORD,CT,06092
0001852025,GLNK,Grayscale Chainlink Trust ETF,6221,Commodity Contracts Brokers & Dealers,STAMFORD,CT,06902
0001852040,GBAT,Grayscale Basic Attention Token Trust (BAT),,,STAMFORD,CT,06902
0001858258,FGDL,Franklin Templeton Holdings Trust,6221,Commodity Contracts Brokers & Dealers,SAN MATEO,CA,94403
0001854078,MMTZF,MindMaze Therapeutics Holding SA,2834,Pharmaceutical Preparations,CH-1202 GENEVA,,
0001938865,DPU,Top KingWin Ltd,7389,"Services-Business Services, NEC",GUANGZHOU,F4,51140
0001871890,GLEI,Galaxy Enterprises Inc. /WY/,6531,Real Estate Agents & Managers (For Others),LAS VEGAS,NV,89117
0001868282,OSOL,Osprey Solana Trust,,,TARRYTOWN,NY,10591
0001829667,RGC,Regencell Bioscience Holdings Ltd,2833,Medicinal Chemicals & Botanical Products,HONG KONG,,
0001850391,BTCW,WisdomTree Bitcoin Fund,6221,Commodity Contracts Brokers & Dealers,NEW YORK,NY,10119
0001849380,ONMDW,OneMedNet Corp,8731,Services-Commercial Physical & Biological Research,SURREY,X0,KT9 1
0001854183,ORIB,Orion Bliss Corp.,2840,"Soap, Detergents, Cleang Preparations, Perfumes, Cosmetics",ASHDOD,,77242
0001856491,CBPHF,"Clover Biopharmaceuticals, Ltd.",,,CHENGDU,F4,61004
0001969729,RCWBY,Rockwool A/S/ADR,,,COPENHAGEN,G7,DK-26
0001941500,MWG,Multi Ways Holdings Ltd,3990,Miscellaneous Manufacturing Industries,SINGAPORE,U0,62963
0001998056,PC,Premium Catering (Holdings) Ltd,5812,Retail-Eating  Places,SINGAPORE,U0,73839
0001992508,TETH,21Shares Ethereum ETF,6221,Commodity Contracts Brokers & Dealers,NEW YORK,NY,10022
0002018529,NCT,Intercont (Cayman) Ltd,4412,Deep Sea Foreign Transportation of  Freight,SINGAPORE,,09818
0002024996,STCK,Grayscale Stacks Trust (STX),,,STAMFORD,CT,06902
0002036060,SBMW,"Security Midwest Bancorp, Inc.",6036,"Savings Institutions, Not Federally Chartered",SPRINFIELD,IL,62701
0002038919,DFSLY,Defeng Solife Holdings Limited/ADR,,,NEW YORK,NY,10271
0001852317,FBTC,Fidelity Wise Origin Bitcoin Fund,6221,Commodity Contracts Brokers & Dealers,BOSTON,MA,02210
0001838028,HODL,VanEck Bitcoin ETF,6221,Commodity Contracts Brokers & Dealers,NEW YORK,NY,10017
0001940243,GSMT,Global-Smart.Tech Inc.,6199,Finance Services,TIVAT,,85320
0001852753,TSLVF,TIER ONE SILVER INC.,,,VANCOUVER,,V6B 3
0001779372,BEATW,"HeartBeam, Inc.",3841,Surgical & Medical Instruments & Apparatus,SANTA CLARA,CA,95050
0001748945,HZEN,Grayscale Horizen Trust (ZEN),6221,Commodity Contracts Brokers & Dealers,STAMFORD,CT,06902
0001763660,APGH,AleeanPeace Group Holdings Ltd,7380,Services-Miscellaneous Business Services,"BANGSAR SOUTH, KUALA LUMPUR",,
0001732406,LTCN,Grayscale Litecoin Trust (LTC),6221,Commodity Contracts Brokers & Dealers,STAMFORD,CT,06902
0001720265,ZCSH,Zcash ETF,6221,Commodity Contracts Brokers & Dealers,STAMFORD,CT,06902
0001852024,GLIV,Grayscale Livepeer Trust (LPT),,,STAMFORD,CT,06902
0001850269,NRDMF,NordX Metals Corp.,,,VANCOUVER,,V6E 2
0001861448,ITRE,"IntriEnergy, Inc.",,,NAPLES,FL,34105
0001841175,BRRR,CoinShares Bitcoin ETF,6221,Commodity Contracts Brokers & Dealers,NEW YORK,NY,10022
0001839290,AUGCF,AU Gold Corp.,,,VANCOUVER,A1,V6C 1
0001838003,EMI,"Encore Medical, Inc.",3841,Surgical & Medical Instruments & Apparatus,EAGAN,MN,55121
0001920576,MIMDF,MiMedia Holdings Inc.,,,NEW YORK,NY,10004
0001718728,SYTN,Syntiant Corp.,3674,Semiconductors & Related Devices,IRVINE,CA,92618
0001544088,DSRNY,DiaSorin SpA/ADR,,,NEW YORK,NY,10271
0001504461,NGL,NGL Energy Partners LP,4922,Natural Gas Transmission,TULSA,OK,74136
0001548717,LDP,"Cohen & Steers Ltd Duration Preferred & Income Fund, Inc.",,,NEW YORK,NY,10036
0001520118,MWAI,"MedWellAI, Inc.",6199,Finance Services,CLEARWATER,FL,33765
0001521404,BGH,BARINGS GLOBAL SHORT DURATION HIGH YIELD FUND,,,CHARLOTTE,NC,28202
0001518557,MMD,NYLI MacKay DefinedTerm Muni Opportunities Fund,,,NEW YORK,NY,10010
0001516535,MROSY,Melrose Industries Plc/ADR,8880,American Depositary Receipts,LONDON,X0,ENG W
0001545772,BPYPP,Brookfield Property Partners L.P.,6500,Real Estate,HAMILTON,D0,HM 12
0001585855,GGZ,Gabelli Global Small & Mid Cap Value Trust,,,RYE,NY,10580
0001813744,WDSP,"World Scan Project, Inc.",5045,Wholesale-Computers & Peripheral Equipment & Software,"SHINJUKU-KU, TOKYO",M0,162-0
0001808377,LUCYW,Innovative Eyewear Inc,3851,Ophthalmic Goods,MIAMI,FL,33181
0001729997,GDLC,Grayscale CoinDesk Crypto 5 ETF,6221,Commodity Contracts Brokers & Dealers,STAMFORD,CT,06902
0001723788,BITW,Bitwise 10 Crypto Index ETF,6221,Commodity Contracts Brokers & Dealers,SAN FRANCISCO,CA,94104
0001736541,NIO,NIO Inc.,3711,Motor Vehicles & Passenger Car Bodies,SHANGHAI,,
0001708646,AAAU,Goldman Sachs Physical Gold ETF,6221,Commodity Contracts Brokers & Dealers,NEW YORK,NY,10286
0001782265,GIXI,Gix Internet Ltd.,7372,Services-Prepackaged Software,HERZELIA,L3,14672
0001793497,UVIX,VS Trust,6221,Commodity Contracts Brokers & Dealers,PALM BEACH GARDENS,FL,33408
0001763415,BITB,Bitwise Bitcoin ETF,6221,Commodity Contracts Brokers & Dealers,SAN FRANCISCO,CA,94104
0001767057,OBTC,Osprey Bitcoin Trust,6221,Commodity Contracts Brokers & Dealers,MIAMI,FL,33131
0001761325,GXLM,Grayscale Stellar Lumens Trust (XLM),6221,Commodity Contracts Brokers & Dealers,STAMFORD,CT,06902
0001747570,NEPRY,NEPI Rockcastle plc/ADR,,,BUCHAREST,S5,02027
0001779977,SEQC,"SeeQC, Inc.",7374,Services-Computer Processing & Data Preparation,ELMSFORD,NY,10523
0001725210,ETHE,Grayscale Ethereum Staking ETF,6221,Commodity Contracts Brokers & Dealers,STAMFORD,CT,06902
0001496292,IHD,Voya Emerging Markets High Dividend Equity Fund,,,SCOTTSDALE,AZ,85258
0001503812,PRBRY,PREMIUM BRANDS HOLDINGS Corp,,,RICHMOND,A1,V6X2A
0001499849,LND,BrasilAgro - Brazilian Agricultural Real Estate Co,0100,Agricultural Production-Crops,SAO PAULO,,
0001630745,DCFBS,"DCFC Holdings, LLC",,,DETROIT,MI,48216
0001610718,ODRS,"Outdoor Specialty Products, Inc.",3949,"Sporting & Athletic Goods, NEC",SALT LAKE CITY,UT,84109
0001577526,AI,"C3.ai, Inc.",7372,Services-Prepackaged Software,REDWOOD CITY,CA,94063
0001569345,CXM,"Sprinklr, Inc.",7372,Services-Prepackaged Software,NEW YORK,NY,10001
0001549107,MANU,Manchester United plc,7900,Services-Amusement & Recreation Services,Manchester,X0,M16 O
0001562733,SNYR,Synergy CHC Corp.,2833,Medicinal Chemicals & Botanical Products,WESTBROOK,ME,04092
0001610940,BDRY,Amplify Commodity Trust,6221,Commodity Contracts Brokers & Dealers,LISLE,IL,60563
0001618755,QSP,Restaurant Brands International Limited Partnership,5812,Retail-Eating  Places,TORONTO,A6,M5X 1
0001703399,SE,Sea Ltd,7380,Services-Miscellaneous Business Services,SINGAPORE,U0,13852
0001690012,ICR-PA,"InPoint Commercial Real Estate Income, Inc.",6798,Real Estate Investment Trusts,OAK BROOK,IL,60523
0001642896,IOT,Samsara Inc.,7373,Services-Computer Integrated Systems Design,SAN FRANCISCO,CA,94107
0001628063,SRG-PA,Seritage Growth Properties,6500,Real Estate,NEW YORK,NY,10110
0001629210,PZG,Paramount Gold Nevada Corp.,1000,Metal Mining,WINNEMUCCA,NV,89445
0001560143,WYTC,WYTEC INTERNATIONAL INC,4822,Telegraph & Other Message Communications,SAN ANTONIO,TX,78258
0001588489,GBTC,Grayscale Bitcoin Trust ETF,6221,Commodity Contracts Brokers & Dealers,STAMFORD,CT,06902
0001562401,AMH,American Homes 4 Rent,6798,Real Estate Investment Trusts,LAS VEGAS,NV,89119
0001547870,BUHPY,Bumrungrad Hospital Public Co Limited/ADR,8880,American Depositary Receipts,NEW YORK,NY,10271
0001639877,GSM,Ferroglobe PLC,1000,Metal Mining,LONDON,,EC3M 
0001618181,GLDM,World Gold Trust,6221,Commodity Contracts Brokers & Dealers,NEW YORK,NY,10017
0001553788,EDVA,"SPLASH BEVERAGE GROUP, INC.",2080,Beverages,FORT LAUDERDALE,FL,33304
0001499620,TAL,TAL Education Group,8200,Services-Educational Services,Beijing,F4,10220
0001643721,BOTX,DATZ WORLD HOLDINGS CORP.,8742,Services-Management Consulting Services,LEE,NH,03861
0001487610,NHS,Neuberger High Yield Strategies Fund Inc.,,,NEW YORK,NY,10104
0001496749,HEQ,John Hancock Diversified Income Fund,,,BOSTON,MA,02116
0001528988,BUI,"BlackRock Utilities, Infrastructure & Power Opportunities Trust",,,WILMINGTON,DE,19809
0001631761,YRD,Yiren Digital Ltd.,6199,Finance Services,BEIJING,,10002
0001651717,NOMD,Nomad Foods Ltd,2000,Food and Kindred Products,WOKING,X0,GU21 
0001611005,KEN,Kenon Holdings Ltd.,4911,Electric Services,SINGAPORE,U0,03919
0001343491,GJP,"STRATS(SM) TRUST FOR DOMINION RESOURCES, INC. SECURITIES, SERIES 2005-6",6189,Asset-Backed Securities,CHARLOTTE,NC,28288
0001353226,GJR,"STRATS(SM) Trust for Procter & Gamble Securities, Series 2006-1",6189,Asset-Backed Securities,CHARLOTTE,NC,28288
0001353612,FXC,Invesco CurrencyShares Canadian Dollar Trust,6221,Commodity Contracts Brokers & Dealers,DOWNERS GROVE,IL,60515
0001356284,GJS,"STRATS(SM) Trust for Goldman Sachs Group Securities, Series 2006-2",6189,Asset-Backed Securities,CHARLOTTE,NC,28288
0001383149,UDN,INVESCO DB US DOLLAR INDEX BEARISH FUND,6221,Commodity Contracts Brokers & Dealers,DOWNERS GROVE,IL,60515
0001379384,BTZ,BLACKROCK CREDIT ALLOCATION INCOME TRUST,,,WILMINGTON,DE,19809
0001405513,UNL,"United States 12 Month Natural Gas Fund, LP",6221,Commodity Contracts Brokers & Dealers,WALNUT CREEK,CA,94596
0001427437,ETI-P,"ENTERGY TEXAS, INC.",4911,Electric Services,THE WOODLANDS,TX,77380
0001411579,AMC,"AMC ENTERTAINMENT HOLDINGS, INC.",7830,Services-Motion Picture Theaters,LEAWOOD,KS,66211
0001472341,GDO,WESTERN ASSET GLOBAL CORPORATE OPPORTUNITY FUND INC.,,,NEW YORK,NY,10018
0001474432,P,"Everpure, Inc.",3572,Computer Storage Devices,SANTA CLARA,CA,95054
0001471420,STK,"Columbia Seligman Premium Technology Growth Fund, Inc.",,,BOSTON,MA,02210
0001575356,PTMSY,PT MDS Retailing Tbk/ADR,8880,American Depositary Receipts,NEW YORK,NY,10271
0001546429,BGB,Blackstone Strategic Credit 2027 Term Fund,,,NEW YORK,NY,10154
0001525201,DBL,DoubleLine Opportunistic Credit Fund,,,TAMPA,FL,33602
0001549802,JD,"JD.com, Inc.",5990,"Retail-Retail Stores, NEC","DAXING DISTRICT, BEIJING",F4,10111
0001483386,GLTR,abrdn Precious Metals Basket ETF Trust,6221,Commodity Contracts Brokers & Dealers,PHILADELPHIA,PA,19103
0001478888,NBB,Nuveen Taxable Municipal Income Fund,,,CHICAGO,IL,60606
0001464423,PMT,PennyMac Mortgage Investment Trust,6798,Real Estate Investment Trusts,WESTLAKE VILLAGE,CA,91361
0001328237,DBC,Invesco DB Commodity Index Tracking Fund,6221,Commodity Contracts Brokers & Dealers,DOWNERS GROVE,IL,60515
0001347123,NONE.,"EBR Systems, Inc.",3841,Surgical & Medical Instruments & Apparatus,SUNNYVALE,CA,94085
0001169034,BHV,BLACKROCK VIRGINIA MUNICIPAL BOND TRUST,,,WILMINGTON,DE,19809
0001385763,JCE,Nuveen Core Equity Alpha Fund,,,CHICAGO,IL,60606
0001396878,UGA,"United States Gasoline Fund, LP",6221,Commodity Contracts Brokers & Dealers,WALNUT CREEK,CA,94596
0001403528,OAK-PA,"Brookfield Oaktree Holdings, LLC",6282,Investment Advice,LOS ANGELES,CA,90071
0001406234,BIPH,Brookfield Infrastructure Partners L.P.,4400,Water Transportation,HAMILTON,,HM12
0001158289,JRS,NUVEEN REAL ESTATE INCOME FUND,,,CHICAGO,IL,60606
0001053988,MUJ,"BLACKROCK MUNIHOLDINGS NEW JERSEY QUALITY FUND, INC.",,,WILMINGTON,DE,19809
0001067839,QQQ,"INVESCO QQQ TRUST, SERIES 1",,,DOWNERS GROVE,IL,60515
0000925683,BTO,JOHN HANCOCK FINANCIAL OPPORTUNITIES FUND,,,BOSTON,MA,02116
0000919567,RCG,"RENN Fund, Inc.",,,DALLAS,TX,75201
0000932695,CYD,CHINA YUCHAI INTERNATIONAL LTD,3510,Engines & Turbines,SINGAPORE,U0,04858
0001023512,DRD,DRDGOLD LTD,1040,Gold and Silver Ores,WELTEVREDEN PARK,,1709
0000936958,MDY,SPDR S&P MIDCAP 400 ETF TRUST,,,NEW YORK,NY,10005
0001001233,SGMOQ,"SANGAMO THERAPEUTICS, INC",2836,"Biological Products, (No Diagnostic Substances)",RICHMOND,CA,94084
0001005731,IDT,IDT CORP,4813,Telephone Communications (No Radiotelephone),NEWARK,NJ,07102
0000818850,NNY,NUVEEN NEW YORK MUNICIPAL VALUE FUND,,,CHICAGO,IL,60606
0000827773,PPT,FRANKLIN PREMIER INCOME TRUST,,,BOSTON,MA,02110
0000855886,PDT,JOHN HANCOCK PREMIUM DIVIDEND FUND,,,BOSTON,MA,02116
0000833040,FT,FRANKLIN UNIVERSAL TRUST,,,SAN MATEO,CA,94403
0000794685,GAB,GABELLI EQUITY TRUST INC,,,RYE,NY,10580
0001074952,NAC,Nuveen California Quality Municipal Income Fund,,,CHICAGO,IL,60606
0001074769,NAN,NUVEEN NEW YORK QUALITY MUNICIPAL INCOME FUND,,,CHICAGO,IL,60606
0001181412,SPCX,SPACE EXPLORATION TECHNOLOGIES CORP,7370,"Services-Computer Programming, Data Processing, Etc.",STARBASE,TX,78521
0001214935,NCV,Virtus Convertible & Income Fund,,,GREENFIELD,MA,01301
0001232384,TRP,TC ENERGY CORP,4922,Natural Gas Transmission,CALGARY ALBERTA,A0,T2P 5
0001113809,BBW,BUILD-A-BEAR WORKSHOP INC,5945,"Retail-Hobby, Toy & Game Shops",ST LOUIS,MO,63103
0001123452,ASR,SOUTHEAST AIRPORT GROUP,4581,"Airports, Flying Fields & Airport Terminal Services",BOSQUES DE LAS LOMAS,,
0001134115,THM,INTERNATIONAL TOWER HILL MINES LTD,1000,Metal Mining,VANCOUVER,A1,V6C 3
0000813623,SWZ,Total Return Securities Fund,,,CINCINNATI,OH,45246
0000805267,HQH,abrdn Healthcare Investors,,,PHILADELPHIA,PA,19103
0000830271,NMI,NUVEEN MUNICIPAL INCOME FUND INC,,,CHICAGO,IL,60606
0000056873,KR,KROGER CO,5411,Retail-Grocery Stores,CINCINNATI,OH,45201
0000065172,MSB,MESABI TRUST,6795,Mineral Royalty Traders,NEW YORK,NY,10019
0000066901,EMP,"ENTERGY MISSISSIPPI, LLC",4911,Electric Services,JACKSON,MS,39201
0000105418,WMK,WEIS MARKETS INC,5411,Retail-Grocery Stores,SUNBURY,PA,17801
0000027904,DAL,"DELTA AIR LINES, INC.",4512,"Air Transportation, Scheduled",ATLANTA,GA,30354
0000822416,PHM,PULTEGROUP INC/MI/,1531,Operative Builders,ATLANTA,GA,30326
0000823277,CHSCP,CHS INC,5150,Wholesale-Farm Product Raw Materials,INVER GROVE HEIGHTS,MN,55077
0000846671,VLT,Invesco High Income Trust II,,,ATLANTA,GA,30309
0000794170,TOL,"Toll Brothers, Inc.",1531,Operative Builders,FORT WASHINGTON,PA,19034
0000771999,DSS,"DSS, INC.",2650,Paperboard Containers & Boxes,WEST HENRIETTA,NY,14586
0000314590,SSL,SASOL LTD,1311,Crude Petroleum & Natural Gas,JOHANNESBURG,T3,2196
0000866829,HLX,HELIX ENERGY SOLUTIONS GROUP INC,1389,"Oil & Gas Field Services, NEC",HOUSTON,TX,77043
0000882071,PFO,Flaherty & Crumrine PREFERRED & INCOME OPPORTUNITY FUND INC,,,PASADENA,CA,91101
0000884152,VMO,Invesco Municipal Opportunity Trust,,,ATLANTA,GA,30309
0000885245,BKE,BUCKLE INC,5651,Retail-Family Clothing Stores,KEARNEY,NE,68847
0000033002,EBF,"ENNIS, INC.",2761,Manifold Business Forms,MIDLOTHIAN,TX,76065
0000007323,EAI,"ENTERGY ARKANSAS, LLC",4911,Electric Services,LITTLE ROCK,AR,72201
0000711404,COO,"COOPER COMPANIES, INC.",3851,Ophthalmic Goods,SAN RAMON,CA,94583
0000090168,SIF,SIFCO INDUSTRIES INC,3724,Aircraft Engines & Engine Parts,CLEVELAND,OH,44103
0000028917,DDS,"DILLARD'S, INC.",5311,Retail-Department Stores,LITTLE ROCK,AR,72201
0000890541,BLX,"BLADEX, INC.",6029,"Commercial Banks, NEC",PANAMA,,0819-
0000892992,NAZ,NUVEEN ARIZONA QUALITY MUNICIPAL INCOME FUND,,,CHICAGO,IL,60606
0000886206,FC,FRANKLIN COVEY CO,8741,Services-Management Services,DRAPER,UT,84020
0000888746,CCU,UNITED BREWERIES CO INC,2082,Malt Beverages,SANTIAGO CHILE,F3,00000
0000046619,HEI,HEICO CORP,3724,Aircraft Engines & Engine Parts,HOLLYWOOD,FL,33021
0000033533,ESP,ESPEY MFG & ELECTRONICS CORP,3679,"Electronic Components, NEC",SARATOGA SPRINGS,NY,12866
0000072573,MOV,MOVADO GROUP INC,3873,"Watches, Clocks, Clockwork Operated Devices/Parts",PARAMUS,NJ,07652
0000078239,PVH,PVH CORP. /DE/,2320,"Men's & Boys' Furnishgs, Work Clothg, & Allied Garments",NEW YORK,NY,10017
0000759828,JHI,JOHN HANCOCK INVESTORS TRUST,,,BOSTON,MA,02116
0000783324,VGZ,VISTA GOLD CORP,1040,Gold and Silver Ores,ENGLEWOOD,CO,80112
0000844551,WDS,WOODSIDE ENERGY GROUP LTD,1311,Crude Petroleum & Natural Gas,WESTERN AUSTRALIA,C3,6000
0000826735,MIN,ABERDEEN INTERMEDIATE INCOME FUND,,,PHILADELPHIA,PA,19103
0000810766,CIK,"CREDIT SUISSE ASSET MANAGEMENT INCOME FUND, INC.",,,NEW YORK,NY,10010
0000354950,HD,"HOME DEPOT, INC.",5211,Retail-Lumber & Other Building Materials Dealers,ATLANTA,GA,30339
0000070502,NRUC,NATIONAL RURAL UTILITIES COOPERATIVE FINANCE CORP /DC/,6159,Miscellaneous Business Credit Institution,DULLES,VA,20166
0000071508,ENJ,"ENTERGY NEW ORLEANS, LLC",4931,Electric & Other Services Combined,NEW ORLEANS,LA,70112
0000074046,ODC,Oil-Dri Corp of America,3990,Miscellaneous Manufacturing Industries,CHICAGO,IL,60611
0000060667,LOW,LOWES COMPANIES INC,5211,Retail-Lumber & Other Building Materials Dealers,MOORESVILLE,NC,28117
0000039911,GAP,GAP INC,5651,Retail-Family Clothing Stores,SAN FRANCISCO,CA,94105
0001160864,BHK,BLACKROCK CORE BOND TRUST,,,WILMINGTON,DE,19809
0001084201,SVA,SINOVAC BIOTECH LTD,2834,Pharmaceutical Preparations,BEIJING,,10008
0001103838,IBN,ICICI BANK LTD,6029,"Commercial Banks, NEC",MUMBAI,K7,400 0
0001283464,KTH,STRUCTURED PRODUCTS CORP CORTS TR FOR PECO ENERGY CAP TR III,6189,Asset-Backed Securities,NEW YORK,NY,10013
0000041091,GPJA,GEORGIA POWER CO,4911,Electric Services,ATLANTA,GA,30308
0000027419,TGT,TARGET CORP,5331,Retail-Variety Stores,MINNEAPOLIS,MN,55403
0000319655,SJT,SAN JUAN BASIN ROYALTY TRUST,6792,Oil Royalty Traders,DALLAS,TX,75219
0000216228,ITT,ITT INC.,3561,Pumps & Pumping Equipment,STAMFORD,CT,06902
0000895528,VPV,Invesco Pennsylvania Value Municipal Income Trust,,,ATLANTA,GA,30309
0000900422,PMO,FRANKLIN MUNICIPAL OPPORTUNITIES TRUST,,,BOSTON,MA,02110
0000908187,PCM,"PCM FUND, INC.",,,NEW YORK,NY,10019
0000891290,RFI,COHEN & STEERS TOTAL RETURN REALTY FUND INC,0000,,NEW YORK,NY,10036
0000910068,HIO,WESTERN ASSET HIGH INCOME OPPORTUNITY FUND INC.,,,NEW YORK,NY,10018
0000884121,HQL,abrdn Life Sciences Investors,,,PHILADELPHIA,PA,19103
0000885125,IQI,Invesco Quality Municipal Income Trust,,,ATLANTA,GA,30309
0001004434,AMG,"AFFILIATED MANAGERS GROUP, INC.",6282,Investment Advice,JUPITER,FL,33477
0000932470,TEO,TELECOM ARGENTINA SA,4813,Telephone Communications (No Radiotelephone),BUENOS AIRES,,
0001066119,VIV,TELEFONICA BRASIL S.A.,4813,Telephone Communications (No Radiotelephone),SAO PAULO-SP,D5,04571
0001034665,MHD,"BLACKROCK MUNIHOLDINGS FUND, INC.",,,WILMINGTON,DE,19809
0000795266,KBH,KB HOME,1531,Operative Builders,LOS ANGELES,CA,90024
0000866787,AZO,AUTOZONE INC,5531,Retail-Auto & Home Supply Stores,MEMPHIS,TN,38103
0000858706,GF,NEW GERMANY FUND INC,0000,,NEW YORK,NY,10022
0000885639,KSS,KOHLS Corp,5311,Retail-Department Stores,MENOMONEE FALLS,WI,53051
0000732026,TRT,TRIO-TECH INTERNATIONAL,3559,"Special Industry Machinery, NEC",VAN NUYS,CA,91406
0000746598,BRC,BRADY CORP,3990,Miscellaneous Manufacturing Industries,MILWAUKEE,WI,53201
0000716643,RGS,REGIS CORP,7200,Services-Personal Services,MINNEAPOLIS,MN,55416
0000091847,SOR,SOURCE CAPITAL /DE/,,,MILWAUKEE,WI,53212
0000737758,TTC,TORO CO,3524,Lawn & Garden Tractors & Home Lawn & Gardens Equip,BLOOMINGTON,MN,55420
0000723125,MU,MICRON TECHNOLOGY INC,3674,Semiconductors & Related Devices,BOISE,ID,83716
0000078150,PHI,PLDT Inc.,4813,Telephone Communications (No Radiotelephone),MAKATI METRO MANILA,,
0000064996,MCY,MERCURY GENERAL CORP,6331,"Fire, Marine & Casualty Insurance",LOS ANGELES,CA,90010
0000066418,MXC,MEXCO ENERGY CORP,1311,Crude Petroleum & Natural Gas,MIDLAND,TX,79701
0000049938,IMO,IMPERIAL OIL LTD,2911,Petroleum Refining,CALGARY,A0,T2C 5
0000016732,CPB,CAMPBELL'S Co,2000,Food and Kindred Products,CAMDEN,NJ,08103
0000018654,AILIH,Ameren Illinois Co,4931,Electric & Other Services Combined,COLLINSVILLE,IL,62234
0000883618,NXP,NUVEEN SELECT TAX FREE INCOME PORTFOLIO,,,CHICAGO,IL,60606
0000836690,IA,INNOVATIVE SOLUTIONS & SUPPORT INC,7371,Services-Computer Programming Services,EXTON,PA,19341
0000012040,BDL,FLANIGANS ENTERPRISES INC,5812,Retail-Eating  Places,FORT LAUDERDALE,FL,33334
0000201533,CMS-PB,CONSUMERS ENERGY CO,4931,Electric & Other Services Combined,JACKSON,MI,49201
0000811922,MGF,ABERDEEN GOVERNMENT MARKETS INCOME FUND,,,PHILADELPHIA,PA,19103
0000832988,SIG,SIGNET JEWELERS LTD,5944,Retail-Jewelry Stores,HAMILTON,D0,HM11
0000859796,JOF,JAPAN SMALLER CAPITALIZATION FUND INC,,,NEW YORK,NY,10019
0000799195,USA,LIBERTY ALL STAR EQUITY FUND,,,DENVER,CO,80201
0000818851,NCA,NUVEEN CALIFORNIA MUNICIPAL VALUE FUND,,,CHICAGO,IL,60606
0000047217,HPQ,HP INC,3570,Computer & office Equipment,PALO ALTO,CA,94304
0000764478,BBY,BEST BUY CO INC,5731,"Retail-Radio, Tv & Consumer Electronics Stores",RICHFIELD,MN,55423
0000860489,CEE,"CENTRAL & EASTERN EUROPE FUND, INC.",,,NEW YORK,NY,10022
0000029644,DCI,DONALDSON Co INC,3564,Industrial & Commercial Fans & Blowers & Air Purifing Equip,BLOOMINGTON,MN,55431
0000018748,CET,CENTRAL SECURITIES CORP,,,NEW YORK,NY,10111
0000052827,RYN,RAYONIER INC,6798,Real Estate Investment Trusts,WILDLIGHT,FL,32097
0000072162,NL,"NLI HOLDINGS, INC.",2810,Industrial Inorganic Chemicals,DALLAS,TX,75240
0000082473,IHT,INNSUITES HOSPITALITY TRUST,6798,Real Estate Investment Trusts,PHOENIX,AZ,85020
0000067215,DY,DYCOM INDUSTRIES INC,1623,"Water, Sewer, Pipeline, Comm & Power Line Construction",WEST PALM BEACH,FL,33401
0000074303,OLN,OLIN Corp,2800,Chemicals & Allied Products,CLAYTON,MO,63105
0000022444,CMC,COMMERCIAL METALS Co,3312,"Steel Works, Blast Furnaces & Rolling Mills (Coke Ovens)",IRVING,TX,75039
0000048465,HRL,HORMEL FOODS CORP /DE/,2011,Meat Packing Plants,AUSTIN,MN,55912
0000006281,ADI,ANALOG DEVICES INC,3674,Semiconductors & Related Devices,WILMINGTON,MA,01887
0000102109,UUU,"UNIVERSAL SAFETY PRODUCTS, INC.",5065,"Wholesale-Electronic Parts & Equipment, NEC",OWINGS MILLS,MD,21117
0000100826,UELMO,UNION ELECTRIC CO,4911,Electric Services,ST LOUIS,MO,63166
0000100726,UFI,UNIFI INC,2200,Textile Mill Products,GREENSBORO,NC,27419
0001430725,GSL,"Global Ship Lease, Inc.",4412,Deep Sea Foreign Transportation of  Freight,"KIFISIA, ATHENS",,14561
0001450922,SIVR,abrdn Silver ETF Trust,6221,Commodity Contracts Brokers & Dealers,PHILADELPHIA,PA,19103
0001314966,BME,BlackRock Health Sciences Trust,,,WILMINGTON,DE,19809
0001321741,GAIN,GLADSTONE INVESTMENT CORPORATION\DE,,,MCLEAN,VA,22102
0001342874,TX,Ternium S.A.,3312,"Steel Works, Blast Furnaces & Rolling Mills (Coke Ovens)",LUXEMBOURG,N4,L-244
0001340736,ETY,Eaton Vance Tax-Managed Diversified Equity Income Fund,,,BOSTON,MA,02109
0001396277,CHW,Calamos Global Dynamic Income Fund,,,NAPERVILLE,IL,60563
0001383082,DBA,INVESCO DB AGRICULTURE FUND,6221,Commodity Contracts Brokers & Dealers,DOWNERS GROVE,IL,60515
0001383084,DBB,INVESCO DB BASE METALS FUND,6221,Commodity Contracts Brokers & Dealers,DOWNERS GROVE,IL,60515
0001405528,USL,"United States 12 Month Oil Fund, LP",6221,Commodity Contracts Brokers & Dealers,WALNUT CREEK,CA,94596
0001388141,EDD,"Morgan Stanley Emerging Markets Domestic Debt Fund, Inc.",,,NEW YORK,NY,10036
0001383057,DBP,Invesco DB Precious Metals Fund,6221,Commodity Contracts Brokers & Dealers,DOWNERS GROVE,IL,60515
0001350869,GLO,Clough Global Opportunities Fund,,,DENVER,CO,
0001340909,GJO,"STRATS SM TRUST FOR WAL-MART STORES, INC. SECURITIES, SERIES 2005-4",6189,Asset-Backed Securities,CHARLOTTE,NC,28288
0001353611,FXB,Invesco CurrencyShares British Pound Sterling Trust,6221,Commodity Contracts Brokers & Dealers,DOWNERS GROVE,IL,60515
0001353613,FXY,Invesco CurrencyShares Japanese Yen Trust,6221,Commodity Contracts Brokers & Dealers,DOWNERS GROVE,IL,60515
0001450923,SGOL,abrdn Gold ETF Trust,6221,Commodity Contracts Brokers & Dealers,PHILADELPHIA,PA,19103
0001313510,GGN,"GAMCO Global Gold, Natural Resources & Income Trust",,,RYE,NY,10580
0001172724,GFI,GOLD FIELDS LTD,1040,Gold and Silver Ores,SANDTON,T3,2196
0001227476,JQC,Nuveen Credit Strategies Income Fund,,,CHICAGO,IL,60606
0001219120,AVK,ADVENT CONVERTIBLE & INCOME FUND,,,CHICAGO,IL,60606
0001276533,JFR,NUVEEN FLOATING RATE INCOME FUND,,,CHICAGO,IL,60606
0001278680,IAU,ISHARES GOLD TRUST,6221,Commodity Contracts Brokers & Dealers,SAN FRANCISCO,CA,94105
0001279014,ERH,ALLSPRING UTILITIES & HIGH INCOME FUND,,,CHARLOTTE,NC,28203
0001369241,DAC,Danaos Corp,4412,Deep Sea Foreign Transportation of  Freight,ATHENS,,
0001357660,GJT,"STRATS(SM) Trust for Allstate Corp Securities, Series 2006-3",6189,Asset-Backed Securities,CHARLOTTE,NC,28288
0001332174,GSG,iShares S&P GSCI Commodity-Indexed Trust,6221,Commodity Contracts Brokers & Dealers,SAN FRANCISCO,CA,94105
0001353615,FXF,Invesco CurrencyShares Swiss Franc Trust,6221,Commodity Contracts Brokers & Dealers,DOWNERS GROVE,IL,60515
0001328598,FXE,Invesco CurrencyShares Euro Trust,6221,Commodity Contracts Brokers & Dealers,DOWNERS GROVE,IL,60515
0001378701,GDL,GDL FUND,,,RYE,NY,10580
0001379438,EXG,Eaton Vance Tax-Managed Global Diversified Equity Income Fund,,,BOSTON,MA,02109
0001375340,FOF,"Cohen & Steers Closed-End Opportunity Fund, Inc.",,,NEW YORK,NY,10036
0001395213,EDN,EDENOR,4911,Electric Services,CITY OF BUENOS AIRES,,C1428
0001391437,GRX,Gabelli Healthcare & WellnessRx Trust,,,RYE,NY,10580
0001454741,EOT,Eaton Vance National Municipal Opportunities Trust,,,BOSTON,MA,02109
0001486298,BSL,Blackstone Senior Floating Rate 2027 Term Fund,,,NEW YORK,NY,10154
0001362481,AGD,abrdn Global Dynamic Dividend Fund,,,PHILADELPHIA,PA,19103
0001286405,GJH,STRATS SM TRUST FOR U S CELL CORP SEC SERIES 2004 6,6189,Asset-Backed Securities,CHARLOTTE,NC,28288
0001318025,PGP,PIMCO Global StocksPLUS & Income Fund,,,NEW YORK,NY,10019
0001327068,USO,"United States Oil Fund, LP",6221,Commodity Contracts Brokers & Dealers,WALNUT CREEK,CA,94596
0001222333,GLD,SPDR GOLD TRUST,6221,Commodity Contracts Brokers & Dealers,NEW YORK,NY,10017
0001227862,EMD,WESTERN ASSET EMERGING MARKETS DEBT FUND INC.,,,NEW YORK,NY,10018
0001504545,BWG,BrandywineGLOBAL-Global Income Opportunities Fund Inc,,,NEW YORK,NY,10018
0001479247,USCI,United States Commodity Index Funds Trust,6221,Commodity Contracts Brokers & Dealers,WALNUT CREEK,CA,94596
0001503658,WNHK,"Winning Catering Group, Inc.",6500,Real Estate,BETHESDA,MD,20814
0001259708,FRA,"BLACKROCK FLOATING RATE INCOME STRATEGIES FUND, INC.",,,WILMINGTON,DE,19809
0001316463,GLQ,Clough Global Equity Fund,,,DENVER,CO,
0001330568,SLV,iShares Silver Trust,6221,Commodity Contracts Brokers & Dealers,SAN FRANCISCO,CA,94105
0001320375,BOE,BlackRock Enhanced Global Dividend Trust,,,WILMINGTON,DE,19809
0001282957,GLU,GABELLI GLOBAL UTILITY & INCOME TRUST,,,RYE,NY,10580
0001284143,JBK,LEHMAN ABS CORP GOLDMAN SACHS CAP 1 SEC BACKED SER 2004-6,6189,Asset-Backed Securities,NEW YORK,NY,10285
0001291313,GEHDF,Great Eastern Holdings Ltd,,,SINGAPORE,F4,04865
0001383062,DBE,Invesco DB Energy Fund,6221,Commodity Contracts Brokers & Dealers,DOWNERS GROVE,IL,60515
0001408534,FGBIP,"First Guaranty Bancshares, Inc.",6035,"Savings Institution, Federally Chartered",HAMMOND,LA,70401
0001353614,FXA,Invesco CurrencyShares Australian Dollar Trust,6221,Commodity Contracts Brokers & Dealers,DOWNERS GROVE,IL,60515
0001348952,ELC,"ENTERGY LOUISIANA, LLC",4911,Electric Services,JEFFERSON,LA,70121
0001334933,UEC,URANIUM ENERGY CORP,1090,Miscellaneous Metal Ores,VANCOUVER,A1,V6E 4
0001332943,IGA,Voya Global Advantage & Premium Opportunity Fund,,,SCOTTSDALE,AZ,85258
0001376227,UNG,"United States Natural Gas Fund, LP",6221,Commodity Contracts Brokers & Dealers,WALNUT CREEK,CA,94596
0001372920,EDU,New Oriental Education & Technology Group Inc.,8200,Services-Educational Services,BEIJING,,
0001425292,UAN,"CVR PARTNERS, LP",2870,Agricultural Chemicals,SUGAR LAND,TX,77479
0001379400,AOD,abrdn Total Dynamic Dividend Fund,,,PHILADELPHIA,PA,19103
0001350102,ASTI,"Ascent Solar Technologies, Inc.",3674,Semiconductors & Related Devices,THORNTON,CO,80241
0001372612,BOX,BOX INC,7372,Services-Prepackaged Software,REDWOOD CITY,CA,94063
0001383058,DBO,Invesco DB Oil Fund,6221,Commodity Contracts Brokers & Dealers,DOWNERS GROVE,IL,60515
0001383151,UUP,Invesco DB US Dollar Index Bullish Fund,6221,Commodity Contracts Brokers & Dealers,DOWNERS GROVE,IL,60515
0001282850,FCT,FIRST TRUST SENIOR FLOATING RATE INCOME FUND II,,,WHEATON,IL,60187
0001505413,VOC,VOC Energy Trust,1311,Crude Petroleum & Natural Gas,HOUSTON,TX,77002
0001459862,PALL,abrdn Palladium ETF Trust,6221,Commodity Contracts Brokers & Dealers,PHILADELPHIA,PA,19103
0001472494,BNO,"United States Brent Oil Fund, LP",6221,Commodity Contracts Brokers & Dealers,WALNUT CREEK,CA,94596
0001551468,CPPBY,Central Pattana Public Co Limited/ADR,,,NEW YORK,NY,10271
0001546652,OUNZ,VanEck Merk Gold ETF,6221,Commodity Contracts Brokers & Dealers,NEW YORK,NY,10286
0001551047,BPRE,Bluerock Private Real Estate Fund,,,NEW YORK,NY,10022
0001517518,EMO,ClearBridge Energy Midstream Opportunity Fund Inc.,,,NEW YORK,NY,10018
0001616678,BST,BlackRock Science & Technology Trust,,,WILMINGTON,DE,19809
0001562294,EYUBY,Electricity Generating Public Co Limited/ADR,8880,American Depositary Receipts,NEW YORK,NY,10271
0001582820,IPSAY,IPSOS/ADR,,,NEW YORK,NY,10271
0001287498,EVG,Eaton Vance Short Duration Diversified Income Fund,,,BOSTON,MA,02109
0001289877,SFL,SFL Corp Ltd.,4412,Deep Sea Foreign Transportation of  Freight,"HAMILTON, HM 08",D0,00000
0001124959,XSIAX,VOYA CREDIT INCOME FUND,,,SCOTTSDALE,AZ,85258
0001176199,HPI,JOHN HANCOCK PREFERRED INCOME FUND,,,BOSTON,MA,02116
0001178839,NBH,NEUBERGER MUNICIPAL FUND INC.,,,NEW YORK,NY,10104
0001162027,AFB,ALLIANCEBERNSTEIN NATIONAL MUNICIPAL INCOME FUND,,,NEW YORK,NY,10001
0001163792,WEA,WESTERN ASSET PREMIER BOND FUND,,,NEW YORK,NY,10018
0001230869,ASA,ASA Gold & Precious Metals Ltd,,,PORTLAND,ME,04101
0001046179,TSM,TAIWAN SEMICONDUCTOR MANUFACTURING CO LTD,3674,Semiconductors & Related Devices,HSINCHU,,
0001102238,ARL,AMERICAN REALTY INVESTORS INC,6510,Real Estate Operators (No Developers) & Lessors,DALLAS,TX,75234
0001075822,NHFLF,NORTHFIELD CAPITAL CORP,,,TORONTO,A6,M5H 3
0001080720,GUT,GABELLI UTILITY TRUST,,,RYE,NY,10580
0001013131,BVN,BUENAVENTURA MINING CO INC,1000,Metal Mining,LIMA,R5,13
0001001250,EL,ESTEE LAUDER COMPANIES INC,2844,"Perfumes, Cosmetics & Other Toilet Preparations",NEW YORK,NY,10153
0000941221,ICL,ICL Group Ltd.,2870,Agricultural Chemicals,TEL AVIV,,
0000906107,VMRK,VIVMARK RESIDENTIAL,6798,Real Estate Investment Trusts,CHICAGO,IL,
0000916618,IIF,"MORGAN STANLEY INDIA INVESTMENT FUND, INC.",,,NEW YORK,NY,10036
0000918658,HNAMY,HANA MICROELECTRONICS PUBLIC CO LTD /ADR/,,,NEW YORK,NY,10286
0000877463,VKQ,Invesco Municipal Trust,,,ATLANTA,GA,30309
0000883412,MYI,"BLACKROCK MUNIYIELD QUALITY FUND III, INC.",,,WILMINGTON,DE,19809
0001158449,AAP,ADVANCE AUTO PARTS INC,5531,Retail-Auto & Home Supply Stores,RALEIGH,NC,27609
0001160990,PCN,PIMCO CORPORATE & INCOME STRATEGY FUND,,,NEW YORK,NY,10019
0000910631,KOF,COCA COLA FEMSA SAB DE CV,2086,Bottled & Canned Soft Drinks & Carbonated Waters,CUAJIMALPA,O5,DF 05
0001000177,NAT,NORDIC AMERICAN TANKERS Ltd,4400,Water Transportation,HAMILTON HM12,D0,00000
0001023514,HMY,HARMONY GOLD MINING CO LTD,1040,Gold and Silver Ores,RANDFONTEIN,,
0001041130,DIA,SPDR DOW JONES INDUSTRIAL AVERAGE ETF TRUST,,,NEW YORK,NY,10005
0001047716,LTM,LATAM AIRLINES GROUP S.A.,4512,"Air Transportation, Scheduled",SANTIAGO,,
0001278211,LGI,LAZARD GLOBAL TOTAL RETURN & INCOME FUND INC,,,NEW YORK,NY,10112
0001275617,UTF,COHEN & STEERS INFRASTRUCTURE FUND INC,,,NEW YORK,NY,10036
0001170311,PNI,PIMCO NEW YORK MUNICIPAL INCOME FUND II,,,NEW YORK,NY,10019
0001171486,NRP,NATURAL RESOURCE PARTNERS LP,1221,Bituminous Coal & Lignite Surface Mining,HOUSTON,TX,77002
0001233087,FTF,FRANKLIN LTD DURATION INCOME TRUST,,,SAN MATEO,CA,94403
0001268533,TYG,TORTOISE ENERGY INFRASTRUCTURE CORP,,,OVERLAND PARK,KS,66211
0001244183,PFL,PIMCO INCOME STRATEGY FUND,,,NEW YORK,NY,10019
0001141197,PED,PEDEVCO CORP,1311,Crude Petroleum & Natural Gas,HOUSTON,TX,77079
0001190723,TS,TENARIS SA,3312,"Steel Works, Blast Furnaces & Rolling Mills (Coke Ovens)",LUXEMBOURG,N4,L-244
0001219360,PHK,PIMCO HIGH INCOME FUND,,,NEW YORK,NY,10019
0001222922,EVV,Eaton Vance Ltd Duration Income Fund,,,BOSTON,MA,02109
0001254699,QVCG,"QVC Group, Inc.",5961,Retail-Catalog & Mail-Order Houses,WEST CHESTER,PA,19380
0001170010,KMX,CARMAX INC,5500,Retail-Auto Dealers & Gasoline Stations,RICHMOND,VA,23238
0001170299,PML,PIMCO MUNICIPAL INCOME FUND II,,,NEW YORK,NY,10019
0001173643,TRX,TRX GOLD Corp,1040,Gold and Silver Ores,OAKVILLE,A6,L6J 6
0001177394,SNX,TD SYNNEX CORP,5045,Wholesale-Computers & Peripheral Equipment & Software,CLEARWATER,FL,33760
0001108524,CRM,"Salesforce, Inc.",7372,Services-Prepackaged Software,SAN FRANCISCO,CA,94105
0001174511,AEBMY,ANADOLU EFES BIRACILIK VE MALT SANAYI A S/ADR,8880,American Depositary Receipts,NEW YORK,NY,10011
0001052354,MADL,MAN AHL DIVERSIFIED I LP,6221,Commodity Contracts Brokers & Dealers,CHICAGO,IL,60606
0001061353,DHY,CREDIT SUISSE HIGH YIELD CREDIT FUND,,,NEW YORK,NY,10010
0001095052,PLG,PLATINUM GROUP METALS LTD,1040,Gold and Silver Ores,VANCOUVER,,
0000924613,NOK,NOKIA CORP,3663,Radio & Tv Broadcasting & Communications Equipment,ESPOO FINLAND,H9,02610
0000897419,NMT,NUVEEN MASSACHUSETTS QUALITY MUNICIPAL INCOME FUND,,,CHICAGO,IL,60606
0000928465,DIT,AMCON DISTRIBUTING CO,5141,"Wholesale-Groceries, General Line",OMAHA,NE,68122
0000919012,AEO,AMERICAN EAGLE OUTFITTERS INC,5651,Retail-Family Clothing Stores,PITTSBURGH,PA,15203
0001519061,TSEOQ,Trinseo PLC,2821,"Plastic Materials, Synth Resins & Nonvulcan Elastomers",WAYNE,PA,19087
0001009919,IVHI,"Invech Holdings, Inc.",8742,Services-Management Consulting Services,CHEYENNE,WY,82001
0001003078,MSM,MSC INDUSTRIAL DIRECT CO INC,5084,Wholesale-Industrial Machinery & Equipment,MELVILLE,NY,11747
0001472033,JTGEY,"Citibank,N.A./ADR",,,NEW YORK,NY,10013
0001464343,ATLCP,Atlanticus Holdings Corp,6141,Personal Credit Institutions,ATLANTA,GA,30328
0001460235,PPLT,abrdn Platinum ETF Trust,6221,Commodity Contracts Brokers & Dealers,PHILADELPHIA,PA,19103
0001157557,CIG,ENERGY CO OF MINAS GERAIS,4911,Electric Services,BELO HORIZONTE,,30190
0001140411,PCQ,PIMCO CALIFORNIA MUNICIPAL INCOME FUND,,,NEW YORK,NY,10019
0001076378,CX,CEMEX SAB DE CV,3241,"Cement, Hydraulic","MONTERREY, NUEVO LEON",O5,64000
0001267332,IPB,MERRILL LYNCH DEPOSITOR INC INDEXPLUS TRUST SERIES 2003-1,6189,Asset-Backed Securities,NEW YORK,NY,10281
0001267902,WIW,WESTERN ASSET INFLATION-LINKED OPPORTUNITIES & INCOME FUND,,,NEW YORK,NY,10018
0001163609,SDSYA,SOUTH DAKOTA SOYBEAN PROCESSORS LLC,2070,Fats & Oils,VOLGA,SD,57071
0001283337,KTN,STRUCTURED PRODUCTS CORP CRED ENHANCE CORTS TR FOR AON CAP A,6189,Asset-Backed Securities,NEW YORK,NY,10013
0001294808,PYT,PPLUS Trust Series GSC-2,6189,Asset-Backed Securities,NEW YORK,NY,10281
0001288992,EFT,Eaton Vance Floating-Rate Income Trust,,,BOSTON,MA,02109
0000884394,SPY,SPDR S&P 500 ETF TRUST,,,NEW YORK,NY,10005
0002075474,GGRPY,GPT Group/ADR,,,SYDNEY,,2000
0002085795,APNA,APEIRON ACQUISITION VEHICLE I,6770,Blank Checks,NEW YORK,NY,10019
0002082876,FHFFY,Foshan Haitian Flavouring & Food Co Ltd./ADR,,,NEW YORK,NY,10271
0002084698,KHOBF,KHEOBA Ltd,7371,Services-Computer Programming Services,SINGAPORE,,
0002094265,MLAA,Mountain Lake Acquisition Corp. II,6770,Blank Checks,INCLINE VILLAGE,NV,89451
0002094076,OTAI,Starlink AI Acquisition Corp,6770,Blank Checks,NEW YORK,NY,NY 10
0002094201,DPDSY,DPC DASH LTD/ADR,,,ROAD TOWN,,00000
0002097702,GOW,GOWell Energy Technology,3533,Oil & Gas Field Machinery & Equipment,SINGAPORE,,00000
0002087035,AFNX,AfterNext Acquisition I Corp.,6770,Blank Checks,SINGAPORE,,17890
0002093976,NEUC,Neucleus Group Ltd,8200,Services-Educational Services,KUALA LUMPUR,,59200
0002089778,PNIG,Pacipic Nexus IntelliTech Group,3569,"General Industrial Machinery & Equipment, NEC",CENTRAL AND WESTERN DISTRICT,,00000
0002092243,JAYGF,Blue Jay Gold Corp.,,,VANCOUVER,,V6C 2
0002087856,AKCLY,Aica Kogyo Co Limited/ADR,,,NAGOYA,,450-6
0002086545,ARTC,Art Technology Acquisition Corp.,6770,Blank Checks,PHILADELPHIA,PA,19104
0002104032,SUCH,Suchness Tech Ltd,3674,Semiconductors & Related Devices,SINGAPORE,,41597
0002103547,MSOL,Morgan Stanley Solana Trust,6221,Commodity Contracts Brokers & Dealers,NEW YORK,NY,10036
0002100603,MPJPY,Metaplanet Inc.,,,TOKYO,,106-6
0002113605,CHWM,Chilwa Minerals Ltd,1400,Mining & Quarrying of  Nonmetallic Minerals (No Fuels),WEST PERTH,,6005
0002127862,BCLGY,BALTIC CLASSIFIEDS GROUP PLC/ADR,,,VILNIUS,,08105
0002140030,TBCV,"Thunder Bridge Capital Partners V, Ltd.",6770,Blank Checks,GREAT FALLS,VA,22066
0002129466,GDHRY,"Guangdong Huayan Robotics Co, Ltd./ADR",,,NEW YORK,NY,10271
0002130219,HCAX,Hall Chadwick Acquisition Corp II,6770,Blank Checks,GRAND CAYMAN,,KY1-1
0002131040,RVII,Robinhood Ventures Fund II,,,MENLO PARK,CA,94025
0002137137,BEMPY,Bangkok Expressway & Metro Public Co Limited/ADR,,,BANGKOK,,10400
0002138373,CBAGY,Carabao Group Public Co Limited/ADR,,,BANGKOK,,10500
0002094687,CRAUY,"Chery Automobile Co., Ltd./ADR",,,NEW YORK,NY,10271
0002094989,RUIH,RUI Holdings Inc,8744,Services-Facilities Support Management Services,KING ABDULLAH ECONOMIC CITY,,23982
0002101973,AFNDY,Allfunds Group PLC./ADR,,,NEW YORK,NY,10271
0002098397,ANJFY,"Anjoy Foods Group Co., Ltd./ADR",,,XIAMEN,,00000
0002088139,BHYP,Bitwise Hyperliquid ETF,6221,Commodity Contracts Brokers & Dealers,SAN FRANCISO,CA,94104
0002088339,OBBCY,"OBIC Business Consultants Co., Ltd./ADR",,,TOKYO,,163-6
0002088688,EXCBF,Excalibur Metals Corp.,,,VANCOUVER,,V6E 3
0002073972,SSRLY,Sienna Senior Living Inc./ADR,,,NEW YORK,NY,10271
0002074157,SVICY,StorageVault Canada Inc./ADR,,,NEW YORK,NY,10271
0002074158,GIVE,Wealth Management System Inc.,7372,Services-Prepackaged Software,SINGAPORE,,13995
0002076398,ZSICY,"Zhejiang Sanhua Intelligent Controls Co., Ltd./ADR",,,ZHEJIANG,,00000
0002077715,UNIU,"RiverNorth Long Prime Unicorn Fund I, Inc.",,,WEST PALM BEACH,FL,33401
0002078570,AMTU,"AMATUHI HOLDINGS, INC.",1520,General Bldg Contractors - Residential Bldgs,"YOKOHAMA-SHI, KANAGAWA-KEN",,231-0
0002066601,TKCYY,"Tokyo Ohka Kogyo Co., Ltd./ADR",,,KAWASAKI,,211-0
0002059986,ONWRY,Onward Medical N.V./ADR,,,NEW YORK,NY,10271
0002060217,HZRBY,"Horizon Robotics, Inc./ADR",,,BEIJING,F4,10019
0002062925,SPGH,Smart Pointer Group Holdings Ltd,4731,Arrangement of  Transportation of  Freight & Cargo,"KWAI CHUNG, NEW TERRITORIES",K3,00000
0002060703,SUIS,Canary Staked SUI ETF,6221,Commodity Contracts Brokers & Dealers,BRENTWOOD,TN,37027
0002053115,YLY,Zi Yun Dong Fang Ltd,7200,Services-Personal Services,KOWLOON,K3,0000
0002087843,GTLRY,Greatland Resources Limited/ADR,,,WESTERN AUSTRALIA,,6008
0002084585,UATCY,"Unisound AI Technology Co., Ltd./ADR",,,BEIJING,,10009
0002086775,BTECH,BTECH Corp,6770,Blank Checks,NEW YORK,NY,10120
0002092291,TIWD,Timwood Holdings Ltd,4581,"Airports, Flying Fields & Airport Terminal Services","CHEUNG SHA WAN, KOWLOON",,00000
0002089969,BITA,iShares Bitcoin Premium Income ETF,6221,Commodity Contracts Brokers & Dealers,SAN FRANCISCO,CA,94105
0002090651,CNYGF,Canary Gold Corp.,,,VANCOUVER,,V6C 2
0002093227,SMGSY,SMG Swiss Marketplace Group AG/ADR,,,ZURICH,,8050
0002049977,STA,"Starton Holdings, Inc.",2834,Pharmaceutical Preparations,PARAMUS,NJ,07652
0002050338,CLBZ,Collab Z Inc.,6500,Real Estate,ORINDA,CA,94563
0002066600,SCBXY,SCB X Public Co Ltd,,,BANGKOK,,10900
0002066925,CAPI,"CAPSTONE 72, INC.",6500,Real Estate,PARMA,OH,44134
0002074745,VIRMF,Viridian Metals Inc.,,,VANCOUVER,,V6E 4
0002075038,IBL,I Bella Perfect Inc.,8011,Services-Offices & Clinics of  Doctors of  Medicine,KUALA LUMPUR,,57000
0002071912,PRSKY,PrairieSky Royalty Ltd/ADR,,,NEW YORK,NY,10271
0002065932,FRLCY,Freelancer Ltd,,,SYDNEY,,2700
0002095150,CHON,ChainOn Group Ltd,7371,Services-Computer Programming Services,HONG KONG SAR,,00000
0002063231,CLRLY,Central Retail Corp Public Co Limited/ADR,,,BANGKOK,W1,10330
0002063417,MREGY,Meridian Energy Ltd/ADR,,,WELLINGTON,,00000
0002131101,PCAI,Powercheck AI Holdings Ltd,8090,"Services-Misc Health & Allied Services, NEC",JOHOR BAHRU,,81100
0002125567,SAMO,Samos Energy Acquisition Corp,6770,Blank Checks,GEORGE TOWN,,KY1-9
0002136449,CSCM,Crestone Strategic Capital Acquisition Corp,6770,Blank Checks,NEW YORK,NY,10017
0002131812,OPNHY,Open House Group Co. Ltd/ADR,,,TOKYO,,100-7
0002133716,YLUZ,YPF Energia Electrica S.A.,4911,Electric Services,CITY OF BUENOS AIRES,,00000
0002134552,ULIT,US Elemental Inc.,1400,Mining & Quarrying of  Nonmetallic Minerals (No Fuels),RENO,NV,89501
0002109559,JNGDY,"Jingdong Industrials, Inc./ADR",,,NEW YORK,NY,10271
0002139246,VII,Viking Acquisition Corp. II,6770,Blank Checks,NEW YORK,NY,10022
0002107968,WQEY,WISeKey International Corp.,7374,Services-Computer Processing & Data Preparation,TORTOLA,,VG 11
0002125951,BHTGY,"Beijing Haizhi Technology Group Co., Ltd./ADR",,,BEIJING,,00000
0002131882,MCFN,"McCarthy Finney, Inc.",7374,Services-Computer Processing & Data Preparation,NIWOT,CO,80503
0002132082,SIGEY,"Sigenergy Technology Co., Ltd./ADR",,,SHANGHAI,,00000
0002133136,MTAK,Market Technology Acquisition Corp,6770,Blank Checks,RHINEBECK,NY,12572
0002133836,BDDD,Bridge III Acquisition Ltd,6770,Blank Checks,MONTREAL,,H3A 2
0002134539,ITHEY,Ithaca Energy PLC/ADR,,,NEW YORK,NY,10017
0002135894,SXZTY,"Shanghai Xizhi Technology Co., Ltd./ADR",,,SHANGHAI,,20000
0002129056,JONE,Jones Ventures INTL Acquisition1 Corp,6770,Blank Checks,NEW YORK,NY,10013
0002136530,MIAC,Meridian3 Industrials Acquisition Corp,6770,Blank Checks,NEW YORK,NY,10019
0002099338,MSAV,MSAV Holdings Ltd,7359,"Services-Equipment Rental & Leasing, NEC",KUALA LUMPUR,,58200
0002099681,MOT,MetaOptics Ltd,3827,Optical Instruments & Lenses,SINGAPORE,,13996
0002102907,RML,Resolution Minerals Ltd,1040,Gold and Silver Ores,ADELAIDE,,5000
0002100835,NYB,NYB Holdings Ltd,2833,Medicinal Chemicals & Botanical Products,SINGAPORE,,11996
0002113853,TELYF,TELYRX HOLDINGS INC.,,,TORONTO,,M5H 2
0002117197,CMPLY,Com7 PCL/ADR,,,BANGKOK,,1026
0002123531,EBGCY,Eastroc Beverage Group Co. Ltd/ADR,8880,American Depositary Receipts,SHENZHEN,,GD 51
0002107730,HYPG,Grayscale Hyperliquid Staking ETF,6221,Commodity Contracts Brokers & Dealers,STAMFORD,CT,06902
0002144761,MTBOY,Metis TechBio Co Ltd/ADR,,,NEW YORK,NY,10271
0002104943,EFGH,Embed Financial Group Holdings,7389,"Services-Business Services, NEC",SINGAPORE,,06889
0002106762,GBNB,Grayscale BNB ETF,6221,Commodity Contracts Brokers & Dealers,STAMFORD,CT,06902
0002108383,SCOP,Sprott Physical Copper Trust,6221,Commodity Contracts Brokers & Dealers,TORONTO,,M5J 2
0002109556,MMXGY,Minimax Group Inc./ADR,,,NEW YORK,NY,10271
0002109823,LEDR,Leader's Advantage Acquisition Corp.,6770,Blank Checks,MT LAUREL TOWNSHIP,NJ,08054
0002111860,XTND,"Xtend AI Robotics, Inc.",3760,Guided Missiles & Space Vehicles & Parts,TAMPA,FL,33610
0002113481,OSPR,Osprey Acquisition Corp. III,6770,Blank Checks,PHILADELPHIA,PA,19103
0002127653,ATAYY,American Tungsten & Antimony Ltd,,,SUBIACO,,6008
0002123524,MUYNY,Muyuan Foods Co. Ltd/ADR,8880,American Depositary Receipts,NANYANG CITY,,47300
0002128458,JXIRY,Jiaxin International Resources Investment Limited/ADR,,,HONG KONG,,00000
0002114145,TRCX,TracX Logis Pte. Ltd.,4210,Trucking & Courier Services (No Air),JURONG EAST,,00000
0002123346,MNTGY,"Montage Technology Co., Ltd./ADR",8880,American Depositary Receipts,SHANGHAI,,20033
0002123380,GVAC,Gravity Acquisition Corp.,6770,Blank Checks,CITY OF INDUSTRY,CA,91746
0002109801,VAT,"VARSAL TECH, INC.",2800,Chemicals & Allied Products,WARMINSTER,PA,18974
0002109869,XLAB,D. Boral ARC Merger Corp,7372,Services-Prepackaged Software,NEW YORK,NY,10022
0002144745,BSUDY,Bradsaude S.A./ADR,,,NEW YORK,NY,10271
0002101411,SAIQ,WISeSat.Space Holdings Corp.,4899,"Communications Services, NEC",ZUG,,00000
0002102713,KCAC-UN,Kensington Capital Acquisition Corp. VI,2810,Industrial Inorganic Chemicals,WESTBURY,NY,11590
0002133020,RHDTY,Ruihe Data Technology Holdings Limited/ADR,,,NEW YORK,NY,10271
0002133719,NSAI,NorthStrive Acquisition Corp I.,6770,Blank Checks,GRAND CAYMAN,,KY1-1
0002134856,XTER,Karman Line Acquisition Corp.,6770,Blank Checks,BOCA RATON,FL,33432
0002136360,MTRL,Material Resource Acquisition Corp.,6770,Blank Checks,LANTANA,FL,33462
0002140589,LARS,Laris Growth Acquisition Corp.,,,GRAND CAYMAN,,KY1-1
0002127839,BVGLY,Bellevue Gold Ltd./ADR,,,NEW YORK,NY,10271
0002142762,ORCRY,Organo Corporation/ADR,,,TOKYO,,136-8
0002144751,CTNKY,Capital Tankers Corp./ADR,,,PIRAEUS,,18537
0002125904,SKBBY,"Sichuan Kelun-Biotech Biopharmaceutical Co., Ltd./ADR",,,CHENGDU,,00000
0002131350,BRTM,B&R Technology Merger Corp.,6770,Blank Checks,LAS VEGAS,NV,89102
0002131813,NWCL,newcleo Ltd.,3443,Fabricated Plate Work (Boiler Shops),LONDON,,W1K 2
0002133892,KGBMY,Kongsberg Maritime ASA/ADR,,,NEW YORK,NY,10271
0002138186,NARA,"Narragansett Bancorp, Inc.",6036,"Savings Institutions, Not Federally Chartered",SWANSEA,MA,02777
0002138554,SHNTY,"Shanghai Top Numerical Control Technology Co., Ltd./ADR",,,SHANGHAI,,20110
0002126620,NTCMY,Natura Cosmeticos S.A./ADR,,,NEW YORK,NY,10271
0002127860,DTRSY,DATELINE RESOURCES LTD/ADR,,,SYDNEY,,2000
0002128462,TLAC,Three Lions Acquisition Corp.,6770,Blank Checks,LA JOLLA,CA,92037
0002128619,TYOEY,Toyo Engineering Corporation/ADR,,,CHIBA,,00000
0002131961,MNYCY,Manycore Tech Inc./ADR,,,NEW YORK,NY,10271
0002133810,THARY,Tharisa plc,8880,American Depositary Receipts,PAPHOS,,8011
0002135939,NORT,Norient Acquisition,,,TEMPE,AZ,85281
0002136116,HUAQY,Huaqin Co. LTD/ADR,,,NEW YORK,NY,10271
0002137679,OCLT,OceanLight Acquisition Corp,6770,Blank Checks,NEW YORK,NY,10036
0002119292,PSQL,Bleichroeder Acquisition France Merger Sub 2,7374,Services-Computer Processing & Data Preparation,75002 PARIS,,00000
0002120046,CVCPY,CVC Capital Partners plc/ADR,,,NEW YORK,NY,10271
0002104277,HNUC,Holtec Nuclear Corp,1700,Construction - Special Trade Contractors,CAMDEN,NJ,08104
0002104827,BMF,BANG MAI FANG HOLDINGS,,,SINGAPORE,,40905
0002105038,CZZLF,Cizzle Brands Corp,,,CONCORD,,L4K3Y
0002137754,PRLG,Prologium Holding Inc.,3690,"Miscellaneous Electrical Machinery, Equipment & Supplies",TAOYUAN CITY,,00000
0002138369,SIAMY,Siam Global House Public Co Limited/ADR,,,MUEANG ROI ET,,45000
0002099326,SGPIY,"Seres Group Co., Ltd./ADR",,,NEW YORK,NY,10271
0002104391,CATL,Catalyst Acquisition Corp.,6770,Blank Checks,SANTA MONICA,CA,90403
0002102720,TARX,Tarsier Pharma Ltd.,2834,Pharmaceutical Preparations,ZICHRON YAACOV,,30937
0002111790,SHILY,Shanghai Iluvatar CoreX Semiconductor Co Ltd/ADR,,,SHANGHAI,,20110
0002120882,SKHY,SK hynix Inc.,3674,Semiconductors & Related Devices,ICHEON-SI,,17336
0002123372,WXILY,"Wuxi Lead Intelligent Equipment Co., Ltd./ADR",,,WUXI,,21400
0002131853,FTRA,FutureCorp Space Acquisition 1,6770,Blank Checks,LOS ANGELES,CA,90069
0002133239,SCAT,Southern Cross Acquisition II Corp.,6770,Blank Checks,NEW YORK,NY,10018
0002127859,EULLY,EUROPEAN LITHIUM LTD/ADR,,,WEST LEEDERVILLE,,6007
0002128813,HGZDY,"Hangzhou Diagens Biotechnology Co., Ltd./ADR",,,HANGZHOU,,31110
0002129595,TEAC,Tidewise Acquisition Corp,,,NEW YORK,NY,10004
0002074409,QSOL,Invesco Galaxy Solana ETF,6221,Commodity Contracts Brokers & Dealers,DOWNERS GROVE,IL,60515
0002075877,BKPOY,Bank Pekao S.A./ADR,,,WARSZAWA,,01-06
0002067171,IDXMF,IDEX METALS CORP.,,,VANCOUVER,,V6E 4
0002063413,SMPHY,SM Prime Holdings Inc./ADR,,,"PASAY CITY, METRO MANILA",,CBP 1
0002065485,JXAMY,JX Advanced Metals Corporation/ADR,,,NEW YORK,NY,10179
0002073638,FNIGY,Finning International Inc./ADR,,,NEW YORK,NY,10271
0002073655,TPZEY,Topaz Energy Corp./ADR,,,NEW YORK,NY,10271
0002065282,ACMIF,Allied Critical Metals Corp.,,,VANCOUVER,,V6C 2
0002064314,TDOG,21Shares Dogecoin ETF,6221,Commodity Contracts Brokers & Dealers,NEW YORK,NY,10022
0002064381,THCLY,"Toho Co., Ltd./ADR",,,TOKYO,,100-8
0002049323,AMPM,AM PM Group Ltd,7900,Services-Amusement & Recreation Services,KOWLOON BAY,K3,00000
0002048270,SMFSY,"Sumitomo Forestry Co., Ltd./ADR",,,NEW YORK,NY,10271
0002086869,RSMIY,RESOLUTION MINERALS LTD/ADR,,,NEW YORK,NY,10271
0002084227,ADBT,"Advasa Holdings, Inc.",7372,Services-Prepackaged Software,MINATO-KU,,107-0
0002060863,NHLTY,Nightingale Health Plc,,,HELSINKI,H9,00300
0002052373,MKAR,Mkango Rare Earths Ltd,1040,Gold and Silver Ores,ROAD TOWN,,
0002053843,YGSHY,Yangzijiang Shipbuilding Holdings Ltd/ADR,,,NEW YORK,NY,10271
0002072563,SAPUY,Saputo Inc./ADR,,,NEW YORK,NY,10271
0002070087,KOEI,"Koei Group Co., Ltd.",4953,Refuse Systems,"KONAN, MINATO-KU",,108-0
0002065660,DNCLY,"DeNA Co., Ltd./ADR",,,NEW YORK,NY,10271
0002065741,NEUT,Neutrans Inc.,4899,"Communications Services, NEC",CYBERJAYA,,63000
0002062803,IDPEY,IDP Education Ltd./ADR,,,MELBOURNE,C3,3000
0002063671,GRCPY,Canal Plus SA/ADR,,,NEW YORK,NY,10271
0002075335,ROZE,ROZE AI INC.,7373,Services-Computer Integrated Systems Design,VANCOUVER,,V6C 2
0002082889,CLNK,Bitwise Chainlink ETF,6221,Commodity Contracts Brokers & Dealers,SAN FRANCISCO,CA,94104
0002093314,ORNJY,OranjeBTC S.A. Educacao E Investmentimento/ADR,8880,American Depositary Receipts,NEW YORK,NY,10271
0002090231,MTMTY,Metlen Energy & Metals PLC/ADR,,,LONDON,,EC3M 
0002088827,HRBAY,"Horiba, Ltd./ADR",,,NEW YORK,NY,10271
0002083945,CCIL,CALM Chain International Ltd,7361,Services-Employment Agencies,HONG KONG,,00000
0002086017,BAVA,Bitwise Avalanche ETF,6221,Commodity Contracts Brokers & Dealers,SAN FRANCISCO,CA,94104
0002087064,MARH,Starrygazey Inc.,8742,Services-Management Consulting Services,HONG KONG,,00000
0002095443,BREZ,Breeze Acquisition Corp. II,6770,Blank Checks,IRVING,TX,75039
0002112466,SIAI,Silentium Ltd.,7372,Services-Prepackaged Software,NESS ZIONA,,74036
0002114229,XIII,Churchill Capital Corp XIII,6770,Blank Checks,NEW YORK,NY,10019
0002114463,APBD,AParadise II Acquisition Corp.,6770,Blank Checks,WANCHAI,,00000
0002115899,LTAFF,Lithium Africa Corp.,,,GRAND CAYMAN,,KY1-1
0002116276,BEJEF,Beijer Ref AB/ADR,,,MALMO,,211 3
0002102972,FFGG,FF Global Holdings Ltd,5099,"Wholesale-Durable Goods, NEC",SINGPAPORE,,18972
0002103976,MSSE,Morgan Stanley Ethereum Trust,6221,Commodity Contracts Brokers & Dealers,NEW YORK,NY,10036
0002098860,SICCY,"SICC Co., Ltd./ADR",,,JINAN,,00000
0002097388,ININ,Sin Lian Seng Construction,5072,Wholesale-Hardware,SINGAPORE,,73957
0002098324,SWBKY,Shawbrook Group plc/ADR,,,NEW YORK,NY,10271
0002071913,GBNXY,Gibson Energy Inc/ADR,,,NEW YORK,NY,10271
0002072188,BIOT,INSTINCT BIO TECHNICAL CO HOLDINGS INC.,2844,"Perfumes, Cosmetics & Other Toilet Preparations",TOKYO,,14100
0002075589,LSBA,Law's Business Group Holding Ltd,8742,Services-Management Consulting Services,HONG KONG,,00000
0002077638,STSUF,Satsuma Technology PLC,,,LONDON,,WC2B 
0002077697,UNID,"RiverNorth Short Prime Unicorn Fund I, Inc",,,WEST PALM BEACH,FL,33401
0002080003,MLIZY,MELIUZ S.A.,,,NEW YORK,NY,10168
0002083583,BSTR,"BSTR Holdings, Inc.",6199,Finance Services,WILMINGTON,DE,19808
0002089499,GLVPY,GLENVEAGH PROPERTIES PLC/ADR,,,NEW YORK,NY,10271
0002094712,FJDI,ARC Group Securities Acquisition I,6770,Blank Checks,TEMPE,AZ,85281
0002091521,MDAT,Web3Labs Global Inc.,8742,Services-Management Consulting Services,KOWLOON,,00000
0002115027,BAGZ,Cryptex Digital Market Cap ETF,6211,"Security Brokers, Dealers & Flotation Companies",SHERIDAN,WY,82801
0002141099,RGKUY,Rigaku Holdings Corporation/ADR,,,NEW YORK,NY,10017
0002070542,AIB,AIB Data Centers Inc.,6221,Commodity Contracts Brokers & Dealers,NEW YORK,NY,10036
0002072389,NPIXY,Northland Power Inc./ADR,,,NEW YORK,NY,10271
0002073268,BIREY,Birchcliff Energy Ltd./ADR,,,NEW YORK,NY,10271
0002073643,METRY,METRO INC./ADR,,,NEW YORK,NY,10271
0002073804,TCLXY,TCL Electronics Holdings Limited/ADR,,,SHATIN,,00000
0002123232,CMBY,Cumberland Farms Ltd,5500,Retail-Auto Dealers & Gasoline Stations,BREDA,,4838 
0002128597,SXTEY,"Shenzhen Xunce Technology Co., Ltd./ADR",,,CAUSEWAY BAY,,00000
0002131322,VGTHY,"Victory Giant Technology (HuiZhou) Co., Ltd./ADR",,,NEW YORK,NY,10017
0002128448,MTGLY,Mininglamp Technology Group Limited/ADR,,,BEIJING,,00000
0002138474,ZABKY,Zabka Group S.A./ADR,,,LUXEMBOURG,,L-218
0002140948,LNFGY,Lion Finance Group PLC/ADR,,,NEW YORK,NY,10271
0002108124,ODKUY,"Odakyu Electric Railway Co., Ltd./ADR",,,TOKYO,,163-0
0002105318,GDMT,Gold Mountain Acquisition Corp.,6770,Blank Checks,NEW YORK,NY,10018
0002107375,SSHBY,"SBI Shinsei Bank, Limited/ADR",,,TOKYO,,103-8
0002109545,KNWAY,Knowledge Atlas Technology Joint Stock Co Limited/ADR,,,NEW YORK,NY,10271
0002109547,GIDHF,GigaDevice Semiconductor Inc./ADR,,,NEW YORK,NY,10271
0002110583,AELKY,ASELSAN Elektronik Sanayi ve Ticaret Anonim Sirketi/ADR,,,NEW YORK,NY,10271
0002087840,ZGJLY,"Zhejiang Leapmotor Technology Co., Ltd./ADR",,,NEW YORK,NY,10179
0002088776,ZSHLY,"Zensho Holdings Co., Ltd./ADR",,,TOKYO,,108-0
0002089855,TKNZ,T. Rowe Price Active Crypto ETF,6221,Commodity Contracts Brokers & Dealers,BALTIMORE,MD,21231
0002085836,POCH,"POCHE TECHNOLOGY CO., Ltd",7311,Services-Advertising Agencies,HONG KONG,,99907
0002092252,RENGY,"Rengo Co., Ltd./ADR",,,OSAKA,,530-0
0002094256,CLYD,"BEACON TOPCO, INC.",2834,Pharmaceutical Preparations,GERMANTOWN,MD,20874
0002081438,GONYF,GO Residential Real Estate Investment Trust,,,NEW YORK,NY,10011
0002078037,GRVT,GreenVector Holdings Ltd,3241,"Cement, Hydraulic",KOWLOON,,00000
0002084296,NTMJ,Nintech Mould Factory Inc.,3089,"Plastics Products, NEC",TAIZHOU,,00000
0002123553,ICGSF,ICG Silver & Gold Ltd.,,,VANCOUVER,,V6E 4
0002110119,AMAC,AMR Resources Acquisition Corp.,6770,Blank Checks,GRAND CAYMAN,,KY1-1
0002059438,XRPZ,Franklin XRP Trust,6221,Commodity Contracts Brokers & Dealers,SAN MATEO,CA,94403
0002062807,MNZLY,Mercury NZ Ltd./ADR,,,AUCKLAND,Q2,1142
0002063380,FSOL,Fidelity Solana Fund,6221,Commodity Contracts Brokers & Dealers,BOSTON,MA,02210
0002063675,LSHGY,Louis Hachette Group/ADR,,,NEW YORK,NY,10271
0002123955,PNAQ,Pinnacle Acquisition Corp,6770,Blank Checks,WEST PALM BEACH,FL,33401
0002066824,VBNB,VanEck BNB ETF,6221,Commodity Contracts Brokers & Dealers,NEW YORK,NY,10017
0002070570,RECCY,Reece Limited/ADR,,,MELBOURNE,,3121
0002075141,VSGRY,VusionGroup,,,NANTERRE,,92024
0002073669,HNPHY,Hansoh Pharmaceutical Group Co Limited/ADR,,,SHANGHAI,,00000
0002073901,TMKVY,Tamarack Valley Energy Ltd./ADR,,,NEW YORK,NY,10271
0002075918,CSCCY,Capstone Copper Corp./ADR,,,NEW YORK,NY,10271
0002085208,DYBTY,Duality Biotherapeutics Inc/ADR,,,SHANGHAI,,00000
0002087716,RKAM,"ROKIT America, Inc.",2834,Pharmaceutical Preparations,LOS ANGELES,CA,90010
0002088375,TRBG,Turbogen Ltd.,4931,Electric & Other Services Combined,PETACH TIKVA,,49511
0002089488,SNEVY,SUNEVISION HOLDINGS/ADR,,,NEW YORK,NY,10271
0002090011,THYP,21Shares Hyperliquid ETF,6221,Commodity Contracts Brokers & Dealers,NEW YORK,NY,10022
0002094900,TGRGF,Tiger Gold Corp.,,,VANCOUVER,,V6B 1
0002091585,LKYLY,Locksley Resources Limited/ADR,,,NEW YORK,NY,10271
0002092287,TKDG,3KNIGHTS DYNAMICS GROUP Ltd,7371,Services-Computer Programming Services,KUALA LUMPUR,,59200
0002101240,SNSC,SunScout Holding Ltd,3674,Semiconductors & Related Devices,PALMERSTORN NORTH,,4414
0002102593,NRGFF,AE Fuels Corp,,,VANCOUVER,,V6E 3
0002103029,SKAI,Sky Acquisition Group,6770,Blank Checks,SAN FRANCISCO,CA,94111
0002103612,MSBT,Morgan Stanley Bitcoin Trust,6221,Commodity Contracts Brokers & Dealers,NEW YORK,NY,10036
0002098710,FRTRY,"Fortior Technology (Shenzhen) Co., Ltd./ADR",,,SHENZHEN,,00000
0002099103,ETHB,iShares Staked Ethereum Trust ETF,6221,Commodity Contracts Brokers & Dealers,SAN FRANCISCO,CA,94105
0002098332,MDKGY,Merdeka Gold Resources Tbk PT/ADR,,,SOUTH JAKARTA,,12190
0002096533,NATNF,Nation Gold Corp.,,,VANCOUVER,,V6E 2
0002097508,BLDC,"Blockfusion Digital Infrastructure, Inc.",7374,Services-Computer Processing & Data Preparation,NEW YORK,NY,10013
0001108329,PCCYF,PETROCHINA CO LTD,1311,Crude Petroleum & Natural Gas,BEIJING,F4,10000
0001268896,CILJF,CHINA LIFE INSURANCE CO LTD,6311,Life Insurance,BEIJING,F4,10003
0001091587,ABLZF,ABB LTD,3613,Switchgear & Switchboard Apparatus,ZURICH SWITZERLAND,V8,99999
0001438656,IDEXF,Industria de Diseno Textil Inditex SA / ADR,,,NEW YORK,NY,10271
0001445162,BYDDF,BYD CO LTD,,,NEW YORK,NY,10271
0001161167,AIQUF,L AIR LIQUIDE SA /FI,,,FRANCE,I0,00000
0001123658,SNPMF,CHINA PETROLEUM & CHEMICAL CORP,2911,Petroleum Refining,BEIJING,F4,10072
0001067318,MBGAF,DAIMLER AG,3711,Motor Vehicles & Passenger Car Bodies,STUTTGART,2M,70327
0000769594,NTTYY,NIPPON TELEGRAPH & TELEPHONE CORP,4813,Telephone Communications (No Radiotelephone),TOKYO JAPAN,M0,100-8
0000030554,CTA-PB,"EIDP, Inc.",2820,"Plastic Material, Synth Resin/Rubber, Cellulos (No Glass)",INDIANAPOLIS,IN,46268
0001524684,GLCNF,Glencore plc/ADR,8880,American Depositary Receipts,NEW YORK,NY,10271
0001106215,KDDIF,KDDI CORP,,,TOKYO,M0,163-8
0001065521,SFTBF,SOFTBANK GROUP CORP.,,,TOKYO,M0,105-7
0000719245,WEBNF,WESTPAC BANKING CORP,6029,"Commercial Banks, NEC",SYDNEY,C3,2000
0001446519,DKILF,Daikin Industries Ltd,,,NEW YORK,NY,10005
0000355363,ITOCF,ITOCHU CORP,,,MINATO-KU TOKYO,M0,
0001002788,BMDPF,BANCA MONTE DEI PASCHI DI SIENA SPA,8880,American Depositary Receipts,SIENA (SI),L6,53100
0001359519,SVNDF,SEVEN & I HOLDINGS CO LTD,,,TOKYO 102-8452 JAPAN,M0,00000
0001450468,MRAAF,"Murata Manufacturing Co., Ltd./ADR",,,NEW YORK,NY,10036
0001569964,PINXF,People's Insurance Co (Group) of China Limited/ADR,8880,American Depositary Receipts,NEW YORK,NY,10271
0001279967,CRARF,CREDIT AGRICOLE S A,,,PARIS,I0,75015
0001038143,FNCTF,ORANGE,4813,Telephone Communications (No Radiotelephone),ISSY-LES-MOULINEAUX,I0,92130
0001535628,CIXPF,CaixaBank/ADR,,,NEW YORK,NY,10271
0001012037,CODGF,COMPAGNIE DE SAINT GOBAIN,,,COURBEVOIE,I0,92400
0001330306,VWSYF,VESTAS WIND SYSTEMS A/S,8880,American Depositary Receipts,8900 RANDERS,G7,00000
0000814052,TEFOF,TELEFONICA S A,4813,Telephone Communications (No Radiotelephone),28013 MADRID,U3,00000
0000915912,AVB,AVALONBAY COMMUNITIES INC,6798,Real Estate Investment Trusts,ARLINGTON,VA,22203
0001700171,ANNSF,Aena S.A./ADR,,,MADRID,U3,00001
0000016988,CAJPY,CANON INC,3861,Photographic Equipment & Supplies,TOKYO JAPAN,M0,00000
0001712356,HRNNF,Hydro One Ltd,4911,Electric Services,TORONTO,A6,M5G 2
0001436778,SAXPF,Sampo OYJ,,,NEW YORK,NY,10271
0000801645,MARUF,MARUBENI CORP /FI,,,"CHUO-KU, TOKYO",M0,103-6
0001396282,HMRZF,H&M HENNES & MAURITZ AB,,,SE-106 38 STOCKHOLM,V7,00000
0001715801,SOAGY,Sartorius AG/ADR,,,NEW YORK,NY,10004
0000057083,KYOCF,KYOCERA CORP,3674,Semiconductors & Related Devices,KYOTO,,
0001459334,BKZHY,Santander Bank Polska SA/ADR,,,NEW YORK,NY,10271
0001450346,POAHF,Porsche Automobil Holding SE / ADR,,,NEW YORK,NY,10271
0001516534,EDRVY,EDP Renewables S.A./ADR,8880,American Depositary Receipts,NEW YORK,NY,10271
0001518542,SPXSF,Spirax-Sarco Engineering PLC/ADR,8880,American Depositary Receipts,NEW YORK,NY,10271
0001450159,SURDF,"Sumitomo Realty & Development Co., Ltd./ADR",,,NEW YORK,NY,10036
0001041668,CHKIF,CHINA SOUTHERN AIRLINES CO LTD,4512,"Air Transportation, Scheduled",PEOPLES REPUBLIC OF CHINA,F4,51040
0001281721,SGIOF,SHIONOGI & CO LTD,8880,American Depositary Receipts,OSAKA,M0,541-0
0000801337,WBS,WEBSTER FINANCIAL CORP,6021,National Commercial Banks,STAMFORD,CT,06902
0000930826,SVYSF,SOLVAY S A /ADR/,,,1120 BRUSSELS,C9,00000
0001333172,NMPGY,Navios Maritime Holdings Inc.,4412,Deep Sea Foreign Transportation of  Freight,"MONTE CARLO, MC",O9,98000
0001442651,SHECF,"Shin-Etsu Chemical Co., Ltd.",,,NEW YORK,NY,10271
0001161611,ALMMF,ALUMINUM CORP OF CHINA LTD,3334,Primary Production of  Aluminum,"HAIDIAN DISTRICT, BEIJING",F4,10008
0001447100,YMHAY,"Yamaha Motor Co., Ltd.",8880,American Depositary Receipts,NEW YORK,NY,10005
0001437441,PIRBF,Piraeus Bank S.A.,,,NEW YORK,NY,10271
0001446597,DQJCF,Don Quijote Holdings Co Ltd,8880,American Depositary Receipts,NEW YORK,NY,10005
0001504122,PBNNF,PT Bank Negara Indonesia (Persero) Tbk/ADR,,,NEW YORK,NY,10271
0001437672,PRYMF,Prysmian S.p.A.,,,NEW YORK,NY,10271
0001062066,AOMFF,ALSTOM,3621,Motors & Generators,LEVALLOIS-PERRET,I0,92300
0000353991,NDEKF,NITTO DENKO CORP / ADR/,8880,American Depositary Receipts,NEW YORK,NY,10015
0001604982,SBMFF,Sino Biopharmaceutical Limited/ADR,,,NEW YORK,NY,10005
0001600520,OSCUF,"Japan Exchange Group, Inc./ADR",,,NEW YORK,NY,10036
0001346287,CLUS,Cluster Group Holdings Ltd Co,4899,"Communications Services, NEC",SHANGHAI,,20012
0001453932,UNBLF,Unibail-Rodamco SE/ADR,,,NEW YORK,NY,10271
0001562805,XZJCF,Mitsui Kinzoku Co Ltd./ADR,,,NEW YORK,NY,10271
0000354516,TYOYY,TAIYO YUDEN CO LTD /ADR/,8880,American Depositary Receipts,NEW YORK,NY,10015
0001668501,KOSCF,Kose Corporation/ADR,,,TOKYO,M0,00001
0001710864,MSUXF,Misumi Group Inc./ADR,,,TOKYO,M0,11285
0001647435,ATDRF,Auto Trader Group plc/ADR,,,MANCHESTER,X0,M15 4
0001581285,BCUCF,Brunello Cucinelli S.p.A./ADR,,,NEW YORK,NY,10271
0001506721,BLFBY,Balfour Beatty plc/ADR,,,NEW YORK,NY,10271
0000793742,HACBY,HACHIJUNI BANK LTD,,,NEW YORK,NY,10015
0001642365,ALTB,Alpine Auto Brokers Inc.,5990,"Retail-Retail Stores, NEC",SALT LAKE CITY,UT,84111
0001446420,MITUF,Mitsui Chemicals Inc,,,NEW YORK,NY,10005
0002068427,ZLDPF,Zealand Pharma A/S/ADR,,,SOBORG,,2860
0000908732,SPTJF,SINOPEC SHANGHAI PETROCHEMICAL CO LTD,2821,"Plastic Materials, Synth Resins & Nonvulcan Elastomers",SHANGHAI,F4,20054
0001445211,PIFMF,"Indofood Sukses Makmur, Tbk",,,NEW YORK,NY,10271
0001671750,DISPF,Disco Corporation/ADR,,,NEW YORK,NY,10271
0001465740,TWO-PC,TWO HARBORS INVESTMENT CORP.,6798,Real Estate Investment Trusts,ST. LOUIS PARK,MN,55416
0001362898,AVLNF,Avalon Advanced Materials Inc.,1000,Metal Mining,TORONTO,A6,M5H 3
0001447101,TYTMF,Tokyo Tatemono Co Ltd,8880,American Depositary Receipts,NEW YORK,NY,10005
0001592049,RYKKF,Ryohin Keikaku Co/ADR,,,NEW YORK,NY,10271
0001536787,SOHGY,ALSOK Co Ltd./ADR,,,NEW YORK,NY,10271
0001660734,TRTN-PA,Triton International Ltd,7359,"Services-Equipment Rental & Leasing, NEC",HAMILTON,,
0000107815,WELPP,WISCONSIN ELECTRIC POWER CO,4911,Electric Services,MILWAUKEE,WI,53290
0001448611,CDGLF,ComfortDelGro Corp Ltd,,,NEW YORK,NY,10271
0001770561,CODQL,Coronado Global Resources Inc.,1220,Silver Ores,BRISBANE,,
0000885275,WBHC,WILSON BANK HOLDING CO,6021,National Commercial Banks,LEBANON,TN,37087
0001489088,TBNGY,PT Bukit Asam Tbk/ADR,,,NEW YORK,NY,10271
0001562296,TUFBY,Thai Union Group Public Co Limited/ADR,8880,American Depositary Receipts,NEW YORK,NY,10271
0001423210,ARZTF,ARYZTA AG (fka IAWS GROUP PLC),,,DUBLIN 8,L2,00000
0001578955,SBOEF,SBO AG/ADR,,,NEW YORK,NY,10271
0001412100,MHLA,"Maiden Holdings, Ltd.",6331,"Fire, Marine & Casualty Insurance",HAMILTON,D0,HM 11
0001671541,DRSHF,DroneShield Ltd,,,LANE COVE WEST,C3,NSW 2
0001503154,CMGMF,Chemring Group PLC/ADR,,,NEW YORK,NY,10271
0001598655,GLOP-PA,GasLog Partners LP,4400,Water Transportation,PIRAEUS,J3,18537
0001803901,TALK,"Talkspace, Inc.",8000,Services-Health Services,NEW YORK,NY,10017
0001072725,GDRZF,GOLD RESERVE LTD,1040,Gold and Silver Ores,PEMBROKE,D0,HM 08
0001854149,ANSC,Agriculture & Natural Solutions Acquisition Corp,6770,Blank Checks,NEW YORK,NY,10019
0001537543,MTGRF,MGX Resources Limited/ADR,,,NEW YORK,NY,10271
0001782999,PTCHF,PureTech Health plc,2834,Pharmaceutical Preparations,BOSTON,MA,02210
0001271554,ERLFF,Entree Resources Ltd.,1040,Gold and Silver Ores,VANCOUVER,A1,V6E 3
0001815620,CKDXF,Opthea Ltd,2836,"Biological Products, (No Diagnostic Substances)",SOUTH YARRA,,3141
0000023426,CNTHP,CONNECTICUT LIGHT & POWER CO,4911,Electric Services,BERLIN,CT,06037
0001641601,RVRF,River Financial Corp,6022,State Commercial Banks,PRATTVILLE,AL,36066
0002034334,AACB,Artius II Acquisition Inc.,6770,Blank Checks,NEW YORK,NY,10019
0001577568,HEXEY,Euronext Athens Holding S.A./ADR,,,NEW YORK,NY,10271
0002037786,USREF,Tactical Resources Corp.,1000,Metal Mining,VANCOUVER,A1,V6E 4
0001645873,MDV,"MODIV INDUSTRIAL, INC.",6798,Real Estate Investment Trusts,DENVER,CO,80203
0001697884,VSBC,VITASPRING BIOMEDICAL CO. LTD.,8731,Services-Commercial Physical & Biological Research,RIVERSIDE,CA,92507
0001851651,BNIGF,Beroni Group Ltd,2834,Pharmaceutical Preparations,SYDNEY,C3,NSW 2
0001823635,ECXJ,"CXJ GROUP CO., Ltd",3714,Motor Vehicle Parts & Accessories,"GONGSHU, HANGZHOU, ZHEJIANG",F4,31001
0002129284,AMEGF,American Eagle Gold Corp.,1040,Gold and Silver Ores,TORONTO,,M5H 3
0000885508,STRS,STRATUS PROPERTIES INC,6552,Land Subdividers & Developers (No Cemeteries),AUSTIN,TX,78701
0001394189,CHPGF,Chesapeake Gold Corp,,,vancouver,,V6K 3
0001855743,ARRKF,ARRAS MINERALS CORP.,1000,Metal Mining,VANCOUVER,A1,V7Y 1
0001726079,LUCN,"Lucent, Inc.",7389,"Services-Business Services, NEC",IRVINE,CA,92617
0002012318,IPCX,Inflection Point Acquisition Corp. III,6770,Blank Checks,NEW YORK,NY,10016
0001814974,BBXIB,"BBX Capital, Inc.",5400,Retail-Food Stores,FORT LAUDERDALE,FL,33301
0000942149,OCGSF,Outcrop Silver & Gold Corp,1000,Metal Mining,VANCOUVER,A1,V6E 2
0002042320,AOAO,Alpha One Inc.,4899,"Communications Services, NEC",SHENZHEN,F4,51800
0001804583,RAASY,Cloopen Group Holding Ltd,7372,Services-Prepackaged Software,BEIJING,,10010
0001552800,TTSH,"TILE SHOP HOLDINGS, INC.",5700,"Retail-Home Furniture, Furnishings & Equipment Stores",PLYMOUTH,MN,55441
0000818677,SFDL,SECURITY FEDERAL CORP,6022,State Commercial Banks,AIKEN,SC,29801
0001908984,ENDI,ENDI Corp.,6282,Investment Advice,RICHMOND,VA,23230
0001668340,BCTF,"Bancorp 34, Inc.",6035,"Savings Institution, Federally Chartered",ALAMOGORDO,NM,88310
0001389207,GFASY,Gafisa S.A.,1520,General Bldg Contractors - Residential Bldgs,SAO PAULO - SP,D5,00000
0001882198,ATEK,Athena Technology Acquisition Corp. II,4955,Hazardous Waste Management,NEW YORK,NY,10018
0001847360,BCOW,"1895 Bancorp of Wisconsin, Inc. /MD/",6036,"Savings Institutions, Not Federally Chartered",GREENFIELD,WI,53220
0000202947,CPTP,CAPITAL PROPERTIES INC /RI/,6519,"Lessors of  Real Property, NEC",PROVIDENCE,RI,02903
0001482430,KBSR,"KBS Real Estate Investment Trust III, Inc.",6798,Real Estate Investment Trusts,NEWPORT BEACH,CA,92660
0001845799,CULL,"Cullman Bancorp, Inc. /MD/",6036,"Savings Institutions, Not Federally Chartered",CULLMAN,AL,35055
0001845550,PLMJF,Plum Acquisition Corp. III,6770,Blank Checks,VANCOUVER,,V6E 3
0001429393,TKLS,"Trutankless, Inc.",3630,Household Appliances,SCOTTSDALE,AZ,85260
0001865248,CMCAF,Piermont Valley Acquisition Corp,6770,Blank Checks,LAS VEGAS,NV,89101
0001852019,IXAQF,IX Acquisition Corp.,4899,"Communications Services, NEC",LONDON,,W1K 5
0001489874,GGROU,Golden Growers Cooperative,0700,Agricultural Services,WEST FARGO,ND,58078
0001845149,CBRRF,Chain Bridge I,6770,Blank Checks,DOVER,DE,19901
0001779474,MAPS,"WM TECHNOLOGY, INC.",7372,Services-Prepackaged Software,IRVINE,CA,92618
0000797564,HSTC,"HST Global, Inc.",2834,Pharmaceutical Preparations,VIRGINIA BEACH,VA,23454
0001086303,HCIL,"Hongchang International Co., Ltd",3845,Electromedical & Electrotherapeutic Apparatus,"FUQING CITY, FUZHOU CITY",,35030
0001876716,ASCBF,ASPAC II Acquisition Corp.,6770,Blank Checks,CENTRAL,K3,00000
0001703118,FUUFF,F3 Uranium Corp.,,,KELOWNA,A1,V1Y 9
0001593549,LIVG,"Livento Group, Inc.",7372,Services-Prepackaged Software,NEW YORK,NY,10004
0001075706,CIZN,CITIZENS HOLDING CO /MS/,6022,State Commercial Banks,PHILADELPHIA,MS,39350
0001087456,UBOH,UNITED BANCSHARES INC/OH,6021,National Commercial Banks,COLUMBUS GROVE,OH,45830
0001550453,TRLC,TriLinc Global Impact Fund LLC,6199,Finance Services,Manhattan Beach,CA,90266
0001807983,MDNAF,Medicenna Therapeutics Corp.,2834,Pharmaceutical Preparations,TORONTO,,
0001468639,VICP,"Vicapsys Life Sciences, Inc.",2834,Pharmaceutical Preparations,CUMMING,GA,30041
0001452804,RMHI,"Retrieve Medical Holdings, Inc.",2834,Pharmaceutical Preparations,BEDMINSTER,NJ,07921
0001854463,WINV,WinVest Acquisition Corp.,6770,Blank Checks,CAMBRIDGE,MA,02140
0001408146,SCYYF,SCANDIUM INTERNATIONAL MINING CORP.,1000,Metal Mining,RENO,NV,89521
0001823365,GBNY,"Generations Bancorp NY, Inc.",6035,"Savings Institution, Federally Chartered",SENECA FALLS,NY,13148
0001723059,BIOE,Bio Essence Corp,2834,Pharmaceutical Preparations,IRVINE,CA,92614
0001620678,ANPCF,ANGLE plc,,,"GUILDFORD, SURREY",X0,GU2 7
0000943034,AATC,AUTOSCOPE TECHNOLOGIES CORP,3829,"Measuring & Controlling Devices, NEC",MINNEAPOLIS,MN,55403
0001050606,SALM,"SALEM MEDIA GROUP, INC. /DE/",4832,Radio Broadcasting Stations,IRVING,TX,75063
0001861233,ILLMF,illumin Holdings Inc.,7374,Services-Computer Processing & Data Preparation,TORONTO,A6,M5J 2
0001619312,LTSV,"Lightstone Value Plus REIT IV, Inc.",6798,Real Estate Investment Trusts,LAKEWOOD,NJ,08701
0001000045,OMCC,OLD MARKET CAPITAL Corp,6153,Short-Term Business Credit Institutions,OMAHA,NE,68102
0001569340,CLCS,"Cell Source, Inc.",2834,Pharmaceutical Preparations,NEW YORK,NY,10019
0001365388,HSTI,"High Sierra Technologies, Inc.",6770,Blank Checks,RENO,NV,89509
0001800373,GWLL,"GOLDENWELL BIOTECH, INC.",2000,Food and Kindred Products,SOLON,OH,44139
0001099234,MLMC,"FrankSpeech Network, Inc.",7841,Services-Video Tape Rental,CHEYENNE,WY,82009
0001076691,OSBK,OCONEE FINANCIAL CORP,6022,State Commercial Banks,WATKINSVILLE,GA,30677
0001891512,XTXXF,Adastra Holdings Ltd.,2834,Pharmaceutical Preparations,LANGLEY,A1,V4W3X
0001826000,LTCH,"Latch, Inc.",5072,Wholesale-Hardware,OLIVETTE,MO,63132
0001913838,VWFB,"VWF Bancorp, Inc.",6036,"Savings Institutions, Not Federally Chartered",VAN WERT,OH,45891
0001967306,MSBB,"Mercer Bancorp, Inc.",6036,"Savings Institutions, Not Federally Chartered",CELINA,OH,45822
0001301854,MRZLF,Mirasol Resources Ltd,,,VANCOUVER,A1,V6C 1
0001158399,BRCNF,Burcon NutraScience Corp,2020,Dairy Products,VANCOUVER,A1,V6J 1
0001095146,ABIT,Athena Bitcoin Global,6199,Finance Services,MIAMI,FL,33136
0001101026,ZIVO,"Zivo Bioscience, Inc.",2836,"Biological Products, (No Diagnostic Substances)",BLOOMFIELD HILLS,MI,48304
0000086115,SFES,SAFEGUARD SCIENTIFICS INC,6799,"Investors, NEC",RADNOR,PA,19087
0001497649,GSTX,Graphene & Solar Technologies Ltd,1000,Metal Mining,PHOENIX,AZ,85028
0001568628,BQST,Bioquest Corp,2834,Pharmaceutical Preparations,NEWPORT BEACH,CA,92660
0001528188,WNFT,Worldwide NFT Inc.,7374,Services-Computer Processing & Data Preparation,HENDERSON,NV,89052
0001815974,ANEB,"Anebulo Pharmaceuticals, Inc.",2834,Pharmaceutical Preparations,LAKEWAY,TX,78734
0000890066,GLBZ,GLEN BURNIE BANCORP,6022,State Commercial Banks,GLEN BURNIE,MD,21061
0001376986,TVE,Tennessee Valley Authority,4911,Electric Services,KNOXVILLE,TN,37902
0001001601,MGTI,"MGT CAPITAL INVESTMENTS, INC.",6199,Finance Services,MELBOURNE,FL,32935
0000942126,TAIT,TAITRON COMPONENTS INC,5065,"Wholesale-Electronic Parts & Equipment, NEC",VALENCIA,CA,91355
0001400271,CUBT,Curative Biotechnology Inc,2836,"Biological Products, (No Diagnostic Substances)",BOCA RATON,FL,33431
0001673504,AGLY,Atlantis Glory Inc.,8742,Services-Management Consulting Services,HONG KONG,F4,00000
0001133798,TXRP,"TX Rail Products, Inc.",5084,Wholesale-Industrial Machinery & Equipment,ASHLAND,KY,41105
0001391426,CLNV,Clean Vision Corp,2860,Industrial Organic Chemicals,MANHATTAN BEACH,CA,90266
0001350156,PAXH,PREAXIA HEALTH CARE PAYMENT SYSTEMS INC.,5700,"Retail-Home Furniture, Furnishings & Equipment Stores",DUNEDIN,FL,34697
0001816554,EVTK,EVENTIKO INC.,7990,Services-Miscellaneous Amusement & Recreation,ATLANTA,GA,30318
0001490054,APHD,"VERDE BIO HOLDINGS, INC.",1311,Crude Petroleum & Natural Gas,FRISCO,TX,75034
0001016178,CARV,CARVER BANCORP INC,6035,"Savings Institution, Federally Chartered",NEW YORK,NY,10027
0001763925,CJAX,CoJax Oil & Gas Corp,1311,Crude Petroleum & Natural Gas,ARLINGTON,VA,22201
0000936801,FEOVF,OCEANIC IRON ORE CORP,6199,Finance Services,VANCOUVER,A1,V7X 1
0001771755,SWISF,Sekur Private Data Ltd.,4822,Telegraph & Other Message Communications,VANCOUVER,A1,V6E 0
0001565228,VISL,"Vislink Technologies, Inc.",3669,"Communications Equipment, NEC",MT. OLIVE,NJ,07828
0001737270,NEXCF,Nextech3D.AI Corp.,7371,Services-Computer Programming Services,TORONTO,A6,M5J 2
0001420108,GLUC,"Glucose Health, Inc.",2833,Medicinal Chemicals & Botanical Products,BENTONVILLE,AR,72712
0001996210,BLMH,"BLUM HOLDINGS, INC.",5900,Retail-Miscellaneous Retail,SANTA ANA,CA,92705
0001539680,HMMR,HAMMER TECHNOLOGY HOLDINGS CORP.,4899,"Communications Services, NEC",SARASOTA,FL,34240
0001092570,FULO,FULLNET COMMUNICATIONS INC,4813,Telephone Communications (No Radiotelephone),OKLAHOMA CITY,OK,73102
0001119643,NPHC,NUTRA PHARMA CORP,2833,Medicinal Chemicals & Botanical Products,CORAL SPRINGS,FL,33071
0001574676,NGHI,"Galenfeha, Inc.",8711,Services-Engineering Services,TALLAHASSEE,FL,32308
0001777765,VQSSF,VIQ Solutions Inc.,7370,"Services-Computer Programming, Data Processing, Etc.",MISSISSAUGA,A6,L4V 1
0000727346,GBCS,"SELECTIS HEALTH, INC.",6798,Real Estate Investment Trusts,GREENWOOD VILLAGE,CO,80111
0001468978,SITS,"SOUTHERN ITS INTERNATIONAL, INC.",7372,Services-Prepackaged Software,PALM DESERT,CA,92211
0001138867,EESH,"EESTech, Inc.",4941,Water Supply,BRISBANE,C3,4000
0001397795,BRRN,Bryn Inc.,8741,Services-Management Services,CORAL GABLES,FL,33143
0000924095,MVCO,"Metavesco, Inc.",6199,Finance Services,NORFOLK,VA,23510
0001508786,SLTN,"SILVERTON ENERGY, INC.",3021,Rubber & Plastics Footwear,DALLAS,TX,75252
0001545224,SILEF,Silver Elephant Mining Corp.,1000,Metal Mining,VANCOUVER,A1,V6C 1
0002040753,XONI,"Xtreme One Entertainment, Inc.",7900,Services-Amusement & Recreation Services,GRAND RAPIDS,MI,49503
0001548958,BBBXF,Brixton Metals Corp,,,VANCOUVER,A1,V6C 1
0001709542,XESP,"Electronic Servitor Publication Network, Inc.",7374,Services-Computer Processing & Data Preparation,STILLWATER,MN,55082
0001715433,LCHD,Leader Capital Holdings Corp.,7371,Services-Computer Programming Services,TAICHUNG,F5,40463
0001377167,FGCO,"Financial Gravity Companies, Inc.",6199,Finance Services,LAKEWAY,TX,78734
0001854233,EGLXF,Enthusiast Gaming Holdings Inc. / Canada,7900,Services-Amusement & Recreation Services,TORONTO,Z4,M4P 2
0001394108,SUIC,SUIC Worldwide Holdings Ltd.,2860,Industrial Organic Chemicals,FLUSHING,NY,11354
0001448705,BASA,"BASANITE, INC.",3990,Miscellaneous Manufacturing Industries,NEW HAVEN,CT,06510
0001811530,NXMH,"Next Meats Holdings, Inc.",2000,Food and Kindred Products,TOKYO,M0,150-0
0001103090,RSCF,"REFLECT SCIENTIFIC, INC.",3821,Laboratory Apparatus & Furniture,OREM,UT,84058
0001629632,EGTYF,Eguana Technologies Inc.,,,,,
0001098482,INNI,"Innovaro, Inc.",6770,Blank Checks,CHARLOTTE,NC,28217
0001815632,TGCB,"Tego Cyber, Inc.",7370,"Services-Computer Programming, Data Processing, Etc.",LAS VEGAS,NV,89123
0001605057,VMNT,"Vemanti Group, Inc.",6199,Finance Services,IRVINE,CA,92618
0001014052,DTGI,"Digerati Technologies, Inc.",7374,Services-Computer Processing & Data Preparation,SAN ANTONIO,TX,78230
0001410708,NUVI,Emo Capital Corp.,2870,Agricultural Chemicals,LAS VEGAS,NV,89144
0001281984,WDLF,"Decentral Life, Inc.",6199,Finance Services,ENGLEWOOD,CO,80113
0001166708,BWMG,"Brownie's Marine Group, Inc",3949,"Sporting & Athletic Goods, NEC",POMPANO BEACH,FL,33069
0001584618,ACRL,"Atacama Resources International, Inc.",1000,Metal Mining,ORLANDO,FL,32804
0001384365,RDAR,"Telvantis, Inc.",7371,Services-Computer Programming Services,MIAMI BEACH,FL,33139
0000930775,ECIA,ENCISION INC,3841,Surgical & Medical Instruments & Apparatus,BOULDER,CO,80301
0001723517,UCASU,UC Asset LP,6799,"Investors, NEC",ATLANTA,GA,30341
0001108248,KNOS,KRONOS ADVANCED TECHNOLOGIES INC,3564,Industrial & Commercial Fans & Blowers & Air Purifing Equip,PARKERSBURG,WV,26101
0001883083,GPLL,"GPL Holdings, Inc.",6770,Blank Checks,SAN LEANDRO,CA,94577
0001098009,AAGH,America Great Health,2834,Pharmaceutical Preparations,ALHAMBRA,CA,91803
0001730869,EBZT,"Everything Blockchain, Inc.",7372,Services-Prepackaged Software,FLEMING ISLAND,FL,32003
0001133818,BPTH,"BIO-PATH HOLDINGS, INC.",2834,Pharmaceutical Preparations,BELLAIRE,TX,77401
0001498372,IWAL,iWallet Corp,3669,"Communications Equipment, NEC",RENO,NV,89502
0000724742,TPHS,Trinity Place Holdings Inc.,6512,Opeators of  Nonresidential Buildings,NEW YORK,NY,10173
0001597892,JRSS,JRSIS HEALTH CARE Corp,8060,Services-Hospitals,"WUGUISHAN, ZHONGSHAN CITY",F4,52845
0001205922,VCNX,"VACCINEX, INC.",2834,Pharmaceutical Preparations,ROCHESTER,NY,14620
0001556801,MYCB,"My City Builders, Inc.",6500,Real Estate,MIAMI,FL,33132
0001975222,SSHT,SSHT S&T Group Ltd.,8742,Services-Management Consulting Services,AUCKLAND,Q2,2010
0001378866,GOGR,Go Green Global Technologies Corp.,3677,"Electronic Coils, Transformers & Other Inductors",BROOKFILED,CT,06804
0001434740,RNGC,Ranger Gold Corp.,1040,Gold and Silver Ores,LONG BEACH,NY,11561
0001292490,SYIN,"Synbio International, Inc.",7374,Services-Computer Processing & Data Preparation,SHERIDAN,WY,89014
0001452011,TNBI,Tanke Biosciences Corp,2040,Grain Mill Products,PEARL RIVER NEW CITY GUANGZHOU,F4,51062
0001857910,JFTH,"Japan Food Tech Holdings, Inc.",6770,Blank Checks,TOKYO,M0,107-0
0000841533,SRMX,"SADDLE RANCH MEDIA, INC.",3640,Electric Lighting & Wiring Equipment,IRVINE,CA,92612
0001144392,BKTH,MEGOLA INC,2890,Miscellaneous Chemical Products,BONITA SPRINGS,FL,34135
0001338929,AHRO,"Authentic Holdings, Inc.",5130,"Wholesale-Apparel, Piece Goods & Notions",MORRISTOWN,NJ,07960
0001919847,SFWJ,"Software Effective Solutions, Corp.",7371,Services-Computer Programming Services,AUSTIN,TX,78730
0000803097,SPQS,"SportsQuest, Inc.",7900,Services-Amusement & Recreation Services,WEST PALM BEACH,FL,33401
0001631463,BRLL,Barrel Energy Inc.,1311,Crude Petroleum & Natural Gas,LAS VEGAS,NV,
0001162283,MGHL,MORGAN GROUP HOLDING CO,6200,"Security & Commodity Brokers, Dealers, Exchanges & Services",RYE,NY,10580
0000890725,GSAC,GELSTAT CORP,2834,Pharmaceutical Preparations,MIAMI,FL,33131
0001119949,MNZO,Exxsun Corp,1311,Crude Petroleum & Natural Gas,NEWTON,MA,02459
0001514946,AXIM,"AXIM BIOTECHNOLOGIES, INC.",2834,Pharmaceutical Preparations,SAN DIEGO,CA,92121
0000812306,PCYN,PROCYON CORP,2834,Pharmaceutical Preparations,CLEARWATER,FL,33756
0001289223,NWPG,"Newport Gold, Inc.",1040,Gold and Silver Ores,NORTH EAST,PA,16428
0000827099,CPWR,Ocean Thermal Energy Corp,4931,Electric & Other Services Combined,PHILADELPHIA,PA,19104
0001552189,PLSH,"PANACEA LIFE SCIENCES HOLDINGS, INC.",2833,Medicinal Chemicals & Botanical Products,GREENWOOD VILLAGE,CO,80121
0001757143,PAIYY,Aesthetic Medical International Holdings Group Ltd,8093,"Services-Specialty Outpatient Facilities, NEC",SHENZHEN,,51800
0001626745,FVTI,"Fortune Valley Treasures, Inc.",5900,Retail-Miscellaneous Retail,GUANGDONG PROVINCE,F4,51800
0001973160,GMZP,GEMZ Corp. NV,1520,General Bldg Contractors - Residential Bldgs,WINTER PARK,FL,32789
0001639068,HBUV,Hubilu Venture Corp,6510,Real Estate Operators (No Developers) & Lessors,BEVERLY HILLS,CA,90212
0001437476,GSFI,Green Stream Holdings Inc.,6500,Real Estate,BEVERLY HILLS,CA,90211
0001518336,DREM,Dream Homes & Development Corp.,1531,Operative Builders,FORKED RIVER,NJ,08731
0000946112,CDSG,"China Dongsheng International, Inc.",1000,Metal Mining,PEOPLES REPUBLIC OF CHINA,F4,000-0
0001608092,KITL,Kisses From Italy Inc.,5810,Retail-Eating & Drinking Places,MIAMI,FL,33130
0001512886,NTRR,NEUTRA CORP.,2833,Medicinal Chemicals & Botanical Products,HOUSTON,TX,77042
0001477009,CANN,TREES Corp (Colorado),5912,Retail-Drug Stores and Proprietary Stores,LAKEWOOD,CO,80228
0001492448,MAJI,Nextel Medical Corp.,4899,"Communications Services, NEC",ST. PETERSBURG,FL,33702
0001318268,MDEX,Madison Technologies Inc.,5900,Retail-Miscellaneous Retail,PURCHASE,NY,10577
0001171008,ADMG,ADAMANT DRI PROCESSING & MINERALS GROUP,1000,Metal Mining,COLUMBIA,MO,65201
0001416697,BLPG,"Blue Line Protection Group, Inc.",5900,Retail-Miscellaneous Retail,DENVER,CO,80216
0001865468,KACLF,Kairous Acquisition Corp. Ltd,6770,Blank Checks,SINGAPORE,U0,01898
0001653606,EHVVF,"Ehave, Inc.",7371,Services-Computer Programming Services,OAKVILLE,A6,L6H 6
0000827187,SNBRQ,Sleep Number Corp,2510,Household Furniture,MINNEAPOLIS,MN,55404
0001464865,ASII,"Accredited Solutions, Inc.",2080,Beverages,CORNELIUS,NC,28031
0001580262,RTON,"Right On Brands, Inc.",5900,Retail-Miscellaneous Retail,ROWLETT,TX,75089
0001084551,CRDV,Community Redevelopment Inc.,6552,Land Subdividers & Developers (No Cemeteries),MILFORD,MA,01757
0001061040,NGCG,"New Generation Consumer Group, Inc.",7371,Services-Computer Programming Services,WILMINGTON,DE,19801
0001553264,APSI,AQUA POWER SYSTEMS INC.,4911,Electric Services,WINTER PARK,FL,32789
0001117228,MMMW,MASS MEGAWATTS WIND POWER INC,4991,Cogeneration Services & Small Power Producers,WORCESTER,MA,01610
0001737193,LDSN,Aphoenity International Holdings Inc.,7374,Services-Computer Processing & Data Preparation,WANCHAI,,SAR P
0001874138,SHGI,"Sparx Holdings Group, Inc.",3585,Air-Cond & Warm Air Heatg Equip & Comm & Indl Refrig Equip,NORTH PROVIDENCE,RI,02904
0001946746,LTESF,Leet INC.,7372,Services-Prepackaged Software,PETALING JAYA,N8,46000
0001465470,SHMP,NaturalShrimp Inc,0900,"Fishing, Hunting and Trapping",BOCA RATON,FL,33432
0001681556,GXXM,"GEX MANAGEMENT, INC.",8742,Services-Management Consulting Services,DALLAS,TX,75243
0001652958,EDGM,"Edgemode, Inc.",8082,Services-Home Health Care Services,FT. LAUDERDALE,FL,33301
0001624517,FRQN,"Frequency Holdings, Inc",7389,"Services-Business Services, NEC",MOKENA,IL,60448
0001430300,GWSO,"Global Warming Solutions, Inc.",5960,Retail-Nonstore Retailers,TEMECULA,CA,92590
0001451448,GMBL,"ESPORTS ENTERTAINMENT GROUP, INC.",7900,Services-Amusement & Recreation Services,MALTA,O1,BKR 9
0001715819,EMED,"Electromedical Technologies, Inc",3841,Surgical & Medical Instruments & Apparatus,SCOTTSDALE,AZ,85260
0000772263,NICH,NITCHES INC,2330,"Women's, Misses':  and Juniors Outerwear",LAS VEGAS,NV,89128
0001791929,DPUI,"DISCOUNT PRINT USA, INC.",2750,Commercial Printing,LAS VEGAS,NV,89102
0001528172,ENDV,"ENDONOVO THERAPEUTICS, INC.",3845,Electromedical & Electrotherapeutic Apparatus,WOODLAND HILLS,CA,91367
0000897078,KOAN,"Resonate Blends, Inc.",7372,Services-Prepackaged Software,CALABASAS,CA,91302
0001642159,SIGY,"Sigyn Therapeutics, Inc.",3841,Surgical & Medical Instruments & Apparatus,BEVERLY HILLS,CA,90212
0001967478,CPTAF,Captivision Inc.,3690,"Miscellaneous Electrical Machinery, Equipment & Supplies",GYOUNGGI,M5,00000
0001837774,GIPL,Global Innovative Platforms Inc.,3841,Surgical & Medical Instruments & Apparatus,MAITLAND,FL,32751
0001407973,SONX,"Sonendo, Inc.",3843,Dental Equipment & Supplies,Laguna Hills,CA,92653
0001127007,VYRE,CABO VERDE CAPITAL INC.,4941,Water Supply,LAS VEGAS,NV,89118
0000819926,SEII,SHARING ECONOMY INTERNATIONAL INC.,7373,Services-Computer Integrated Systems Design,FARMINGTON HILLS,MI,48221
0001394638,DWAY,"Driveitaway Holdings, Inc.",8200,Services-Educational Services,PHILADELPHIA,PA,19104
0001622996,ACBM,"ACRO BIOMEDICAL CO., LTD.",7900,Services-Amusement & Recreation Services,FISHERS,IN,46038
0001343465,SNPW,Sun Pacific Holding Corp.,7310,Services-Advertising,MANALAPAN,NJ,07726
0001782037,YGMZF,MingZhu Logistics Holdings Ltd,4700,Transportation Services,"SHENZHEN, GUAGDONG",,
0001413909,DSGT,DSG Global Inc.,7373,Services-Computer Integrated Systems Design,SURREY,A1,V3Z 0
0001420368,DLTI,DLT Resolution Inc.,7200,Services-Personal Services,LAS VEGAS,NV,89118
0001671132,SONG,Music Licensing Inc.,7900,Services-Amusement & Recreation Services,NAPLES,FL,34105
0001706509,COSG,Cosmos Group Holdings Inc.,6199,Finance Services,WANCHAI,K3,00000
0001883984,ALCE,"Alternus Clean Energy, Inc.",4931,Electric & Other Services Combined,NEW YORK CITY,NY,10004
0001545236,AHII,American Heritage International Inc.,4950,Sanitary Services,BROWNSVILLE,TX,78521
0001564538,GRTUF,GRANITE REAL ESTATE INVESTMENT TRUST,6798,Real Estate Investment Trusts,TORONTO,,M5K 1
0001532175,NHFOF,NH Foods Ltd./ADR,8880,American Depositary Receipts,NEW YORK,NY,10271
0001608401,ISADY,ISS A/S / ADR,,,NEW YORK,NY,10271
0001585380,INKWD,"Greene Concepts, Inc",2086,Bottled & Canned Soft Drinks & Carbonated Waters,CLOVIS,CA,93611
0001674356,TPTS,"Terra Property Trust, Inc.",6798,Real Estate Investment Trusts,NEW YORK,NY,10022
0001655190,SHLAF,Schindler Holding AG/ADR,,,ZUGERSTRASSE,V8,11111
0001665275,JPHLF,"Japan Post Holdings Co., Ltd./ADR",,,TOKYO,M0,100-8
0001599407,LBRA,1847 Holdings LLC,8742,Services-Management Consulting Services,NEW YORK,NY,10022
0001605755,MONRF,Moncler S.p.A./ADR,,,NEW YORK,NY,10036
0001826779,TOMYF,Tomy Co Ltd/ADR,,,NEW YORK,NY,10271
0001824204,PVOZ,Park View OZ REIT Inc,6798,Real Estate Investment Trusts,BOSTON,MA,02108
0001788707,ADYYF,Adyen N.V./ADR,,,NEW YORK,NY,10271
0001789444,PSKRF,Protector Forsikring/ADR,,,NEW YORK,NY,10271
0001721056,HSCT,HOOPS SCOUTING USA,7374,Services-Computer Processing & Data Preparation,PALM DESERT,CA,92260
0001686009,CAHPF,Evolution Mining Limited/ADR,,,NEW YORK,NY,10271
0001699967,MEIUF,Meitu Inc./ADR,,,,,
0001753712,LARAX,Lord Abbett Credit Opportunities Fund,,,JERSEY CITY,NJ,07302
0001781629,ANKM,"Ankam, Inc.",7371,Services-Computer Programming Services,TAIPEI CITY,F5,104
0001751162,CHWRF,China Tower Corp Limited/ADR,,,NEW YORK,NY,10017
0001758699,TRSO,TRANSUITE.ORG INC.,7370,"Services-Computer Programming, Data Processing, Etc.",LAS VEGAS,NV,89101
0001705455,ZNKUF,"ZENKOKU HOSHO Co., Ltd./ADR",,,NEW YORK,NY,10271
0001700173,FIGIF,"Fuyao Glass Industry Group Co., Ltd./ADR",,,FUJIAN,F4,00001
0001716885,ASCIX,Angel Oak Strategic Credit Fund,,,ATLANTA,GA,30328
0001766868,ADDTF,Addtech AB/ADR,,,STOCKHOLM,V7,SE-10
0001752564,MRCIF,"Mercari, Inc./ADR",,,TOKYO,M0,106-6
0001711929,SWDS,"Starwood Real Estate Income Trust, Inc.",6798,Real Estate Investment Trusts,MIAMI BEACH,FL,33139
0001765048,GCGJ,GUOCHUN INTERNATIONAL INC.,7370,"Services-Computer Programming, Data Processing, Etc.",MIAMI,FL,33130
0001755347,CPLX,Certiplex Corp,7812,Services-Motion Picture & Video Tape Production,SAN MARCOS,CA,92078
0001781726,ACAT,NP Life Sciences Health Industry Group Inc.,8200,Services-Educational Services,DANVILLE,CA,94506
0001774163,IVBXF,Innovent Biologics Inc/ADR,,,NEW YORK,NY,10271
0001796026,DNOPF,Dino Polska S.A./ADR,,,NEW YORK,NY,10271
0001723701,PMFAX,PIMCO Flexible Municipal Income Fund,,,NEW YORK,NY,10019
0001852039,FILG,Grayscale Filecoin Trust (FIL),6199,Finance Services,STAMFORD,CT,06902
0001852575,SGST,"Strategic Storage Trust VI, Inc.",6798,Real Estate Investment Trusts,LADERA RANCH,CA,92694
0001825248,FRBP,Franklin BSP Capital Corp,,,NEW YORK,NY,10010
0001831283,LIANY,LianBio,2834,Pharmaceutical Preparations,PRINCETON,NJ,08540
0001728918,AIBRF,AIB Group plc/ADR,,,NEW YORK,NY,10271
0001778788,WEBJF,Webjet Limited/ADR,,,NEW YORK,NY,10271
0001762831,DAIUF,"Daifuku Co., Ltd./ADR",,,NEW YORK,NY,10271
0001754088,MPNGF,Meituan Dianping/ADR,,,NEW YORK,NY,10017
0001663712,NRSAX,NEXPOINT REAL ESTATE STRATEGIES FUND,,,DALLAS,TX,75201
0001634157,EVKIF,Evonik Industries AG/ADR,,,ESSEN,2M,45128
0001534281,MBUMF,"Mabuchi Motor Co., Ltd./ADR",8880,American Depositary Receipts,NEW YORK,NY,10271
0001570299,NCHEF,Nichirei Corporation/ADR,,,NEW YORK,NY,10271
0001668393,CEHCF,"Cosmo Energy Holdings Co., Ltd./ADR",,,NEW YORK,NY,10271
0001659576,JPSTF,"Japan Post Bank Co., Ltd.",,,TOKYO,M0,100-8
0001643198,JBHIF,JB Hi-Fi Limited/ADR,,,NEW YORK,NY,10271
0001698538,STSR,"Strategic Student & Senior Housing Trust, Inc.",6798,Real Estate Investment Trusts,LADERA RANCH,CA,92694
0001580226,HCTPF,Hutchison Port Holdings Trust/ADR,8880,American Depositary Receipts,NEW YORK,NY,10271
0001621227,ADAPY,Adaptimmune Therapeutics PLC,2836,"Biological Products, (No Diagnostic Substances)","ABINGDON, OXFORDSHIRE",,
0001614943,RPGRF,REA Group Limited/ADR,,,SYDNEY,C3,NSW 2
0001666244,CFTR-PA,"Cantor Fitzgerald Income Trust, Inc.",6798,Real Estate Investment Trusts,NEW YORK,NY,10022
0001460447,MIMTF,Mitsubishi Materials Corp / ADR,,,TOKYO,M0,100-8
0001472879,WCPRF,WHITECAP RESOURCES INC.,1311,Crude Petroleum & Natural Gas,CALGARY,A0,T2P 3
0001496254,LTAFX,Alternative Strategies Income Fund,,,CINCINNATI,OH,45246
0001550405,IQEPF,IQE PLC/ADR,,,NEW YORK,NY,10271
0001336364,GIGGF,Giga Metals Corp,1000,Metal Mining,VANCOUVER,,
0001471824,CANE,Teucrium Commodity Trust,6221,Commodity Contracts Brokers & Dealers,BURLINGTON,VT,05401
0001454475,GBCMY,Global Bio-chem Technology Group Co. Ltd / ADR,,,NEW YORK,NY,10271
0001447956,BYDIF,BYD Electronic (International) Co Ltd,,,NEW YORK,NY,10005
0001445214,SLOIF,Soitec SA,,,NEW YORK,NY,10271
0001567526,IHICF,IHI Corporation/ADR,,,NEW YORK,NY,10271
0001516323,BCKIF,Babcock International Group PLC/ADR,,,NEW YORK,NY,10271
0001533546,DUNNF,Duni AB/ADR,8880,American Depositary Receipts,NEW YORK,NY,10271
0001527469,ATH-PA,Athene Holding Ltd.,6311,Life Insurance,WEST DES MOINES,IA,50266
0001523872,PTWRY,PT Tower Bersama Infrastructure Tbk/ADR,8880,American Depositary Receipts,NEW YORK,NY,10036
0001616736,GGBY,Alpha Investment Inc.,6500,Real Estate,MIAMI BEACH,FL,33139
0001642122,ACGP,"Associated Capital Group, Inc.",6211,"Security Brokers, Dealers & Flotation Companies",GREENWICH,CT,06830
0001654508,IBIDF,"Ibiden Co., Ltd./ADR",,,OGAKI,M0,503-8
0001585101,HGIT,"HINES GLOBAL INCOME TRUST, INC.",6798,Real Estate Investment Trusts,HOUSTON,TX,77002
0001918080,DBHL,"Deep Isolation Nuclear, Inc.",4953,Refuse Systems,BERKELEY,CA,94704
0001924064,RLNDF,RoyaLand Co Ltd.,7372,Services-Prepackaged Software,PEMBROKE,D0,HM11
0001856488,HNSDF,Hensoldt AG/ADR,,,NEW YORK,NY,10271
0001853630,HMELF,Hold Me Ltd,7372,Services-Prepackaged Software,NESS ZIYONA,L3,74013
0001941360,NELR,Neolara Corp.,1520,General Bldg Contractors - Residential Bldgs,SHERIDAN,WY,82801
0001938569,PALX,Palomino Laboratories Inc.,3674,Semiconductors & Related Devices,GOLETA,CA,93117
0002041531,BDTB,Bodhi Tree Biotechnology Inc,8742,Services-Management Consulting Services,DANVILLE,CA,94506
0002048958,SUNXF,Stardust Solar Energy Inc.,,,BURNABY,A1,V5J 5
0001957783,MACT,"MachTen, Inc.",4813,Telephone Communications (No Radiotelephone),RYE,NY,10580
0002029586,BLNH,"Blue Line Holdings, Inc.",2086,Bottled & Canned Soft Drinks & Carbonated Waters,CASTLE PINES,CO,80108
0002021938,SNNRF,Sunrise Communications AG,4841,Cable & Other Pay Television Services,"OPFIKON, ZURICH",V8,8152
0002020919,DSFT,DeltaSoft Corp,7371,Services-Computer Programming Services,CHEYENNE,WY,82001
0001999261,STWI,StageWise Strategies Corp.,7374,Services-Computer Processing & Data Preparation,TASHKENT CITY,,10000
0001985840,DEFI,Hashdex Commodities Trust,6221,Commodity Contracts Brokers & Dealers,RIO DE JANEIRO,,22440
0001971172,THNBY,Technoprobe SpA/ADR,,,CERNUSCO LOMBARDONE,L6,23870
0002043424,FKURF,Fujikura Ltd/ADR,,,NEW YORK,NY,10271
0001989788,GAFC,Guru App Factory Corp,7371,Services-Computer Programming Services,LONDON,,SW16 
0002029014,MRCL,Mercalot Inc.,7380,Services-Miscellaneous Business Services,VALENCIA,U3,46026
0002029303,THTG,Tech Tonic Group Corp.,7371,Services-Computer Programming Services,KREFELD,2M,47807
0001994373,HNIT,Huineng Technology Corp,7374,Services-Computer Processing & Data Preparation,KUALA LUMPUR,N8,55100
0001984345,VTBAS,"Vestible Assets, LLC",7389,"Services-Business Services, NEC",OVERLAND PARK,KS,66211
0002010982,PVIT,Palisades Venture Inc.,7374,Services-Computer Processing & Data Preparation,WOODLAND HILLS,CA,91367
0002032609,SHFH,Scientist Home Future Health Ltd,2844,"Perfumes, Cosmetics & Other Toilet Preparations",KWUN TONG,K3,00000
0001978111,NPLY,Naploy Corp.,8000,Services-Health Services,"DISTRICT ABUJA, FCT",Q5,90010
0001969766,SEPSF,Asep Medical Holdings Inc.,2835,In Vitro & In Vivo Diagnostic Substances,VICTORIA,A1,V8W 3
0001995920,ESMR,E-Smart Corp.,7371,Services-Computer Programming Services,PHILADELPHIA,PA,19111
0001956237,ALMP,Almco Plumbing Inc,1700,Construction - Special Trade Contractors,SAN DIEGO,CA,92111
0002056016,RDSC,Radiant Strategies Corp,8742,Services-Management Consulting Services,KUALA LUMPUR,,
0002032732,AVSBS,"Arrived Homes 5, LLC",6500,Real Estate,SEATTLE,WA,98109
0002025878,ITXP,"Independence Power Holdings, Inc.",8700,"Services-Engineering, Accounting, Research, Management",DALLAS,TX,75254
0002033264,VDTA,Vertical Data Inc.,8742,Services-Management Consulting Services,LAS VEGAS,NV,89135
0002003750,MGSD,"Maitong Sunshine Cultural Development Co., Ltd",4700,Transportation Services,BEIJING,,10000
0001834048,ASAIY,Sendas Distributor S.A.,5411,Retail-Grocery Stores,SAO PAULO,D5,03527
0001938571,APTN,"ADAPTIN BIO, INC.",2836,"Biological Products, (No Diagnostic Substances)",CHARLOTTE,NC,28277
0001827899,CPTKW,Crown PropTech Acquisitions,5072,Wholesale-Hardware,NEW YORK,NY,10010
0001846702,FIGP,"Forge Group, Inc.",6331,"Fire, Marine & Casualty Insurance",CHEVY CHASE,MD,20815
0001933359,NTCS,Natics Corp.,7374,Services-Computer Processing & Data Preparation,REHOVOT,L3,76231
0001848334,OKMN,"OKMIN RESOURCES, INC.",1311,Crude Petroleum & Natural Gas,ENCINO,CA,91436
0001872066,MIBE,MIAMI BREEZE CAR CARE INC,7500,"Services-Automotive Repair, Services & Parking",MIAMI,FL,33131
0001985554,LDXC,Londax Corp.,7371,Services-Computer Programming Services,CINCINNATI,OH,45202
0001994582,OYCG,Oyocar Group Inc.,5500,Retail-Auto Dealers & Gasoline Stations,SOSUA,G8,57000
0002038166,NKTP,"Nok Therapeutics, Inc.",2834,Pharmaceutical Preparations,ORMOND BEACH,FL,32174
0002034288,RMGL,Rocky Mountains Group Ltd,8200,Services-Educational Services,AUCKLAND,Q2,2012
0001941189,TANAF,Tian'an Technology Group Ltd,3621,Motors & Generators,SHANGHAI,F4,20131
0001980295,IMAA,IMA Tech,7372,Services-Prepackaged Software,ELK GROVE,CA,
0001915760,HEMNF,Hemnet Group AB/ADR,,,STOCKHOLM,V7,11121
0001917993,GSTK,Growth Stalk Holdings Corp,0100,Agricultural Production-Crops,SEMINOLE,OK,74868
0001904616,BAKR,Baker Global Asset Management Inc.,6200,"Security & Commodity Brokers, Dealers, Exchanges & Services",PENSACOLA,FL,32502
0001837671,CPPTL,Copper Property CTL Pass Through Trust,6500,Real Estate,PLANO,TX,75024
0001839586,DMXCF,District Metals Corp.,1040,Gold and Silver Ores,VANCOUVER,A1,V6E 2
0001923734,AKPPS,Ark7 Properties Plus LLC,6500,Real Estate,SAN FRANCISCO,CA,94111
0001932213,BCCG,Blue Chip Capital Group Inc.,6199,Finance Services,BEVERLY HILLS,CA,90212
0001935033,KMFG,KEEMO Fashion Group Ltd,5130,"Wholesale-Apparel, Piece Goods & Notions",GUANGDONG,,
0001938338,GLTK,GlobalTech Corp,4813,Telephone Communications (No Radiotelephone),RENO,NV,89511
0001939937,LMMY,"Exousia Bio, Inc.",8200,Services-Educational Services,ST. PETERSBURG,FL,33702
0001848826,INPOF,InPost S.A./ADR,,,NEW YORK,NY,10271
0001842167,LLPS,Limitless Projects Inc.,7389,"Services-Business Services, NEC",WESTLANDS,,00100
0001848672,GDLG,Glidelogic Corp.,7371,Services-Computer Programming Services,LAS VEGAS,NV,89123
0001834267,NNFSF,Nongfu Spring Co. Ltd./ADR,,,HANGZHOU,F4,31002
0001834868,ALBC,Alternative Ballistics Corp,3480,"Ordnance & Accessories, (No Vehicles/Guided Missiles)",LAS VEGAS,NV,89118
0001822989,LSRCF,Lasertec Corporation/ADR,,,YOKOHAMA,M0,222-8
0001823593,TSPH,TuSimple Holdings Inc.,7373,Services-Computer Integrated Systems Design,SAN DIEGO,CA,92122
0001910975,RPDL,Rapid Line Inc.,8200,Services-Educational Services,CARSON CITY,NV,89702
0001854816,MINR,Minerva Gold Inc.,1000,Metal Mining,NUR-SULTAN,1P,01000
0001896511,DAZSF,ZKGC New Energy Ltd,3690,"Miscellaneous Electrical Machinery, Equipment & Supplies",HAINAN PROVINCE,F4,57192
0001736510,NICHX,Variant Alternative Income Fund,,,MILWAUKEE,WI,53212
0001765651,PSPX,Pacific Sports Exchange Inc.,5940,Retail-Miscellaneous Shopping Goods Stores,PORTLAND,OR,97210
0001794363,SDMHF,Sartorius Stedim Biotech S.A./ADR,,,PROVENCE-ALPES-COTE D AZUR,I0,CS 91
0001722556,BGFR,BestGofer Inc.,7200,Services-Personal Services,JERUSALEM,L3,91034
0001705969,DRRKF,dormakaba Holding AG,,,R?MLANG,V8,8153
0001713675,SCAFF,Schaeffler AG/ADR,,,NEW YORK,NY,10005
0001818643,PHXE-P,"Phoenix Energy One, LLC",1311,Crude Petroleum & Natural Gas,DENVER,CO,80237
0001699880,AMLIF,American Lithium Corp.,1000,Metal Mining,VANCOUVER,A1,V6E 2
0001692345,PRXA,"PROCACCIANTI HOTEL REIT, INC.",6798,Real Estate Investment Trusts,CRANSTON,RI,02920
0001748680,OWSCX,1WS Credit Income Fund,,,NEW YORK,NY,10171
0001729514,VTTGF,VAT Group AG/ADR,,,NEW YORK,NY,10271
0001727255,COBA,Chilean Cobalt Corp.,1000,Metal Mining,BERWYN,PA,19312
0001529906,DPLMF,Diploma plc/ADR,8880,American Depositary Receipts,NEW YORK,NY,10271
0001554625,PRIF-PD,"Priority Income Fund, Inc.",,,NEW YORK,NY,10016
0001509957,NASC,Can B Corp,5122,"Wholesale-Drugs, Proprietaries & Druggists' Sundries",HICKSVILLE,NY,11801
0001447960,CMCLF,"China Molybdenum Co., Ltd.",,,NEW YORK,NY,10005
0001679920,SATLF,"Start Today Co., Ltd./ADR",,,CHIBA-CITY,M0,261-7
0001658645,LENDX,Stone Ridge Trust V,,,NEW YORK,NY,10017
0001662972,BSTT,"Blackstone Real Estate Income Trust, Inc.",6798,Real Estate Investment Trusts,NEW YORK,NY,10154
0001327978,ZARE,Ares Real Estate Income Trust Inc.,6798,Real Estate Investment Trusts,DENVER,CO,80202
0001293818,CFOR,CapForce Inc.,8071,Services-Medical Laboratories,KUALA LUMPUR,,59000
0001267395,AHL-PD,ASPEN INSURANCE HOLDINGS LTD,6331,"Fire, Marine & Casualty Insurance",HAMILTON,D0,HM 19
0001448038,RWDMU,Redwood Mortgage Investors IX,6500,Real Estate,SAN MATEO,CA,
0001454147,LOIMF,Loomis AB / ADR,,,NEW YORK,NY,10271
0001345865,NFTM,Buildablock Corp.,4841,Cable & Other Pay Television Services,"MIAMI,",FL,33179
0001329213,SNIRF,SENIOR PLC,,,RICKMANSWORTH,X0,WD3 1
0001451561,SBBTF,Vend Marketplaces ASA/ADR,8880,American Depositary Receipts,NEW YORK,NY,10271
0001446962,HCHDF,Hochschild Mining PLC,8880,American Depositary Receipts,LIMA,R5,33
0001447108,SKPJF,SKY Perfect JSAT Holdings Inc,8880,American Depositary Receipts,NEW YORK,NY,10005
0001436741,CYJBF,Cargotec Corp OYJ,,,NEW YORK,NY,10271
0001317295,CITAF,CHINA SHIPPING CONTAINER LINES CO LTD,,,"PUDONG, SHANGHAI",F4,00000
0001376804,RDCT,"VNUE, Inc.",7822,Services-Motion Picture & Video Tape Distribution,NEW YORK,NY,10001
0001437462,GRKZF,Greek Organisation of Football Prognostics S.A.,,,NEW YORK,NY,10271
0001308106,SEAL-PA,Seapeak LLC,4400,Water Transportation,HAMILTON,D0,HM 08
0001114446,AMUB,UBS AG,6021,National Commercial Banks,ZURICH,V8,CH 80
0001128252,XAKJ,"SIPP International Industries, Inc.",3663,Radio & Tv Broadcasting & Communications Equipment,LAS VEGAS,NV,89102
0001078716,TGOPF,3i GROUP PLC,,,ENGLAND SEI8XP,X0,00000
0001089907,SWKHL,SWK Holdings Corp,6159,Miscellaneous Business Credit Institution,DALLAS,TX,75225
0001439124,AXIAY,AXIA Energia S.A.,4911,Electric Services,RIO DE JANEIRO,,20030
0001487139,SKLTF,Seek Ltd,8880,American Depositary Receipts,NEW YORK,NY,10271
0001091326,BIOM,"SB Technology Holdings, Inc.",2834,Pharmaceutical Preparations,SOUTH PASADENA,CA,91031
0001029974,IPGLF,INTERPUMP GROUP SPA                                     /FI,,,ITALY,L6,
0001023458,XAEIU,AEI INCOME & GROWTH FUND XXII LTD PARTNERSHIP,6500,Real Estate,ST PAUL,MN,55101
0001039828,ANG-PD,American National Group Inc.,6311,Life Insurance,HOUSTON,TX,77002
0001285828,FITY,"Fifty 1 Labs, Inc.",5500,Retail-Auto Dealers & Gasoline Stations,MELBOURNE,FL,32934
0001415311,AGQ,ProShares Trust II,6221,Commodity Contracts Brokers & Dealers,BETHESDA,MD,20814
0001355096,QVCAQ,"Old QVC Group, Inc.",5961,Retail-Catalog & Mail-Order Houses,WEST CHESTER,PA,19380
0001347408,SGBAF,SES S.A.,4899,"Communications Services, NEC",LUXEMBOURG,N4,00000
0000811830,SNUS-PI,"Santander Holdings USA, Inc.",6021,National Commercial Banks,BOSTON,MA,02109
0001053092,GLDI,CREDIT SUISSE AG,6211,"Security Brokers, Dealers & Flotation Companies",ZURICH,V8,8001
0001113423,CSCIF,COSCIENS Biopharma Inc.,2844,"Perfumes, Cosmetics & Other Toilet Preparations",TORONTO,A6,M5K 1
0000081023,PNMXO,PUBLIC SERVICE CO OF NEW MEXICO,4931,Electric & Other Services Combined,ALBUQUERQUE,NM,87102
0000092108,SOCGM,SOUTHERN CALIFORNIA GAS CO,4922,Natural Gas Transmission,LOS ANGELES,CA,90013
0000725394,DHTI,"Dalrada Technology Group, Inc.",7363,Services-Help Supply Services,ESCONDIDO,CA,92025
0000761648,CDR-PB,"CEDAR REALTY TRUST, INC.",6798,Real Estate Investment Trusts,VIRGINIA BEACH,VA,23452
0000092103,SCE-PM,SOUTHERN CALIFORNIA EDISON Co,4911,Electric Services,ROSEMEAD,CA,91770
0000068622,CTGG,QWEST CORP,4813,Telephone Communications (No Radiotelephone),MONROE,LA,71203
0000095666,SRGBF,SURUGA BANK LTD/ADR/,8880,American Depositary Receipts,NEW YORK,NY,10015
0000876779,RMTHF,MAGIC SOFTWARE ENTERPRISES LTD,7372,Services-Prepackaged Software,OR YEHUDA ISRAEL,L3,60375
0001087711,SNTUF,Santander UK plc,6029,"Commercial Banks, NEC",LONDON,,
0000013372,NSARO,NSTAR ELECTRIC CO,4911,Electric Services,BOSTON,MA,02199
0000911421,PREJF,PARTNERRE LTD,6321,Accident & Health Insurance,PEMBROKE,D0,HM 08
0000787496,LGVT,UBUYHOLDINGS INC,6770,Blank Checks,CORAL SPRINGS,FL,33065
0000842622,WEXPF,WESTERN EXPLORATION INC.,1400,Mining & Quarrying of  Nonmetallic Minerals (No Fuels),RENO,NV,89523
0000099070,TCPA,TRANSCANADA PIPELINES LTD,4922,Natural Gas Transmission,CALGARY ALBERTA,A0,T2P 5
0000750004,LNWO,"Light & Wonder, Inc.",7373,Services-Computer Integrated Systems Design,LAS VEGAS,NV,89119
0000312070,ATMP,BARCLAYS BANK PLC,6029,"Commercial Banks, NEC",LONDON,X0,E14 5
0002106126,EURBF,Eurobank SA/ADR,,,ATHENS,,10557
0002137358,OSOPF,Osotspa Public Co Limited/ADR,,,BANGKOK,,10240
0002124215,TKMSF,TKMS AG & CO. KGAA/ADR,,,KIEL,,24143
0002127852,CSGNF,CSG N.V./ADR,,,PRAGUE,,8 186
0002108180,NOFCF,NOF Corporation/ADR,,,TOKYO,,150-6
0002109666,EXOSF,Exosens SAS/ADR,,,BORDEAUX,,33700
0002114521,CSBA,CSB Financial Inc.,6036,"Savings Institutions, Not Federally Chartered",BETHEL,OH,45106
0002068441,STHRF,Strathcona Resources Ltd.,1311,Crude Petroleum & Natural Gas,CALGARY,,T2P 4
0002089509,JELLF,JEOL LTD/ADR,,,NEW YORK,NY,10271
0002074059,WIPKF,Winpak Ltd./ADR,,,NEW YORK,NY,10271
0002127861,ELSSF,ELIS S.A./ADR,,,SAINT CLOUD,,92210
0002111453,VUECF,Verdera Energy Corp.,1090,Miscellaneous Metal Ores,VANCOUVER,,V6C 2
0002107960,SWCPF,SWCC Corp/ADR,,,KAWASAKI CITY,,210-0
0002061911,MXUGF,Mixue Bingcheng Co Ltd/ADR,,,NEW YORK,NY,10179
0002065287,DNKC,Dankon Corp,7372,Services-Prepackaged Software,MIAMI,FL,33130
0002057381,RADC,Readvantage Corp.,7374,Services-Computer Processing & Data Preparation,HOUSTON,TX,77002
0002071489,YSGL,Yellowstone Group Ltd.,8742,Services-Management Consulting Services,SYDNEY,,NSW 2
0002094692,VSRPF,Verisure plc/ADR,,,NEW YORK,NY,10271
0002093856,APXCF,APEX CRITICAL METALS CORP.,1000,Metal Mining,VANCOUVER,,V6C 1
0002084261,URSB,"URSB Bancorp, Inc.",6036,"Savings Institutions, Not Federally Chartered",CARTERET,NJ,07008
0002087989,YSAG,Texas Precious Metals Trust,6221,Commodity Contracts Brokers & Dealers,BURLINGTON,VT,05401
