accession,ticker,name,label,t0,alpha,beta,resid_sd,n_est,ar0,car_leak,car_leak_n,car_event,car_event_n,car_drift,car_drift_n,car_aux,car_aux_n
0000950170-25-112645,AARD,"Aardvark Therapeutics, Inc.",PRESENTATION,2025-09-03,0.0004965663195255941,1.2410157837757705,0.07216308233881398,107,-0.08397167409468677,-0.22795927666993265,9,-0.0569428026606457,2,0.25394852423458736,9,0.019226685182789895,3
0001193125-25-234722,AARD,"Aardvark Therapeutics, Inc.",REGULATORY,2025-10-09,-0.0012512657594991568,1.2554904117067198,0.0696070116999575,133,-0.026635196627177234,0.3661842982450327,9,-0.011342205175620894,2,-0.41495306576282176,9,-0.03366013263830914,3
0001193125-25-264748,AARD,"Aardvark Therapeutics, Inc.",CLINICAL,2025-11-05,9.486503455261941e-05,1.2183545240811913,0.06854514255102005,152,0.06711150637895912,-0.14957530690420665,9,0.02008868879949975,2,0.08198063288194649,9,-0.02234962681718764,3
0001193125-25-267402,AARD,"Aardvark Therapeutics, Inc.",PRESENTATION,2025-11-06,0.0005423306390928666,1.2100924988647506,0.06853733113055033,153,-0.047558928708449785,-0.11941057599011254,9,-0.021936893159725718,2,-0.028329076448102813,9,0.04475577947021328,3
0001193125-25-280235,AARD,"Aardvark Therapeutics, Inc.",EARNINGS,2025-11-14,0.0019494328063311807,1.2159951082805505,0.0680379472637809,159,-0.08830635669646907,0.010858151548094053,9,-0.03457236042841397,2,-0.11827033106444185,9,-0.004228109250188454,3
0001193125-25-314364,AARD,"Aardvark Therapeutics, Inc.",OTHER,2025-12-11,0.0003366190932385575,1.1636437992083866,0.06650081799989127,177,0.11355068810437353,0.40487345800801827,9,0.050133022188121004,2,-0.07114331727527172,9,0.0632623974188741,3
0001564590-19-004478,ACAD,ACADIA PHARMACEUTICALS INC,EARNINGS,2019-02-27,-0.00012724139448934296,1.9876323591620164,0.04854520479583375,220,0.08459735722569983,0.041169103065321656,9,0.1264210868433109,2,0.016540297432203855,9,0.11997079227002402,3
0001193125-19-064601,ACAD,ACADIA PHARMACEUTICALS INC,OTHER,2019-03-06,0.00042668892976098873,1.8400585190346375,0.046958755184466995,220,-0.027166084311866248,0.1469604037836109,9,-0.022336935186088758,2,-0.021361284042863336,9,-0.027337781998546147,3
0001564590-19-014817,ACAD,ACADIA PHARMACEUTICALS INC,EARNINGS,2019-05-02,0.002188177457255466,1.9938375128514203,0.04067779841913215,220,0.07988527333693024,-0.09916062107882569,9,0.09818161292931485,2,-0.007548175301355743,9,0.09476382271413003,3
0001564590-19-027482,ACAD,ACADIA PHARMACEUTICALS INC,EARNINGS,2019-08-01,0.0026857244243926165,2.005287345283044,0.03851790088292988,220,0.1811717429322204,-0.05257069071243357,9,0.19567790137141994,2,0.038817616742462556,9,0.19813069596756136,3
0001193125-19-240440,ACAD,ACADIA PHARMACEUTICALS INC,CLINICAL,2019-09-09,0.002448732115466984,2.001394792862648,0.03893782575860618,220,0.6288964728167938,-0.22982250297102635,9,0.6879210289924497,2,-0.015604407431594292,9,0.6545639101205777,3
0001193125-19-248388,ACAD,ACADIA PHARMACEUTICALS INC,OTHER,2019-09-19,0.0037605071852293615,1.858854146323026,0.04081749619989848,220,-0.015021957266590396,0.6132512809246834,9,-0.0325523374155913,2,-0.04140751595361994,9,-0.047753465842293945,3
0001564590-19-038793,ACAD,ACADIA PHARMACEUTICALS INC,EARNINGS,2019-10-31,0.003977129045647442,1.570099328204697,0.05602736133109399,220,-0.014661510387679447,0.0002393868746596601,9,-0.019272437083170925,2,0.005932891928456509,9,-0.009371704048111176,3
0001193125-20-005813,ACAD,ACADIA PHARMACEUTICALS INC,EARNINGS,2020-01-13,0.0038873415114889396,1.0182061550185468,0.05221097444408983,220,-0.08692891386410659,-0.030016843270176796,9,-0.035436157636686,2,-0.08864562449426344,9,-0.04385267290333896,3
0001564590-20-006884,ACAD,ACADIA PHARMACEUTICALS INC,EARNINGS,2020-02-27,0.002455474209919685,0.9340831715225795,0.05348614736241944,220,0.011648924957471274,-0.029404468100550866,9,0.1062128749806515,2,-0.044049138130815485,9,0.09612828923554713,3
0001564590-20-022914,ACAD,ACADIA PHARMACEUTICALS INC,EARNINGS,2020-05-08,0.0034201578870153276,0.8045334789050155,0.05425051464341808,220,0.011237104334612683,-0.060254110955504654,9,0.01100354761390194,2,-0.025921053221387283,9,0.021951583836972887,3
0001193125-20-195481,ACAD,ACADIA PHARMACEUTICALS INC,REGULATORY,2020-07-21,0.004096607436226735,0.8508839937299912,0.05351373355559784,220,-0.1995193175541715,-0.021643490593833144,9,-0.24806549567689748,2,-0.02957904825377932,9,-0.2508523524333023,3
0001564590-20-036866,ACAD,ACADIA PHARMACEUTICALS INC,EARNINGS,2020-08-06,0.0034122828486784877,0.8650686739030462,0.05232557584161663,220,0.008533277206739411,-0.023562337185470742,9,-0.016128095683751287,2,-0.12352778406074633,9,-0.03984902258393498,3
0001193125-20-229278,ACAD,ACADIA PHARMACEUTICALS INC,OTHER,2020-08-25,0.0035290177763842804,0.870876100374293,0.05274802298953405,220,0.0031604420126400117,-0.11562140850474174,9,-0.027343300784447258,2,-0.0048109236219521755,9,-0.04804782141866787,3
0001564590-20-050530,ACAD,ACADIA PHARMACEUTICALS INC,EARNINGS,2020-11-05,0.0001571889208124467,0.8469792869325926,0.03219955011969021,220,-0.02827754429469743,0.14411702346415445,9,0.005325410635953393,2,0.04892333267861526,9,0.04053071739915182,3
0001564590-21-008087,ACAD,ACADIA PHARMACEUTICALS INC,EARNINGS,2021-02-25,0.0009241324957070117,0.8183394951584712,0.028815523068466905,220,-0.009548248729620169,-0.01496907484881315,9,0.028831985695533215,2,-0.4814774581120384,9,-0.0022193445893549796,3
0001193125-21-073270,ACAD,ACADIA PHARMACEUTICALS INC,REGULATORY,2021-03-09,0.00040722092220202657,0.8106709629134586,0.02797459677620316,220,-0.4654546517607337,-0.01582154742330645,9,-0.39616759667150336,2,-0.03307896667666924,9,-0.4578715970105626,3
0001193125-21-105632,ACAD,ACADIA PHARMACEUTICALS INC,REGULATORY,2021-04-05,-0.00045187267291778776,0.8377190962887768,0.026896300133737144,220,-0.1839050673308542,-0.0539417116308818,9,-0.20845417402107239,2,-0.009081000730062325,9,-0.2251883459883491,3
0001564590-21-024085,ACAD,ACADIA PHARMACEUTICALS INC,EARNINGS,2021-05-06,-0.0026678875372673277,0.5881622340943291,0.04272873606554281,220,0.07786803134740178,-0.06826520086694053,9,0.08198311819776674,2,0.06072060694104504,9,0.07831947145154709,3
0001564590-21-040825,ACAD,ACADIA PHARMACEUTICALS INC,EARNINGS,2021-08-05,-0.0017569041595271492,0.27305239648068047,0.04243632676487537,220,-0.08548292979138272,-0.07581830072355272,9,-0.0878135678216127,2,-0.15176284489118158,9,-0.11152818412964877,3
0001564590-21-055255,ACAD,ACADIA PHARMACEUTICALS INC,EARNINGS,2021-11-09,-0.003764637277083599,0.1897722352875434,0.04303152271687165,220,0.1065891081456938,0.18537428670634493,9,0.054856828521278184,2,-0.007310834807861802,9,0.035981899120972535,3
0001193125-21-349137,ACAD,ACADIA PHARMACEUTICALS INC,CLINICAL,2021-12-07,-0.00390994110980079,0.18986596154315102,0.04293491739765587,220,0.09895165356075199,0.02742357988889369,9,0.12393488850841852,2,0.05219929463887307,9,0.15806016956871288,3
0001193125-21-362806,ACAD,ACADIA PHARMACEUTICALS INC,REGULATORY,2021-12-21,-0.0036384173485092936,0.17498640041915373,0.044514473589135586,220,-0.20766404088160084,0.32388352929300857,9,-0.0906237652023896,2,0.0005505085397017381,9,-0.03349427861169202,3
0000950170-22-002291,ACAD,ACADIA PHARMACEUTICALS INC,EARNINGS,2022-03-01,-0.0020908863706358455,0.04650446701308973,0.04888268393405379,220,-0.01058140233561503,0.011620010407017949,9,-0.025700222548513917,2,-0.037324125180103175,9,-0.0324606934970097,3
0000950170-22-007402,ACAD,ACADIA PHARMACEUTICALS INC,EARNINGS,2022-05-05,0.0013437601248736952,0.9296232284936435,0.035862443037801034,220,-0.02159537270844812,-0.06566859730317809,9,-0.06784171115056742,2,-0.009161565950959974,9,-0.0934569707765481,3
0000950170-22-015527,ACAD,ACADIA PHARMACEUTICALS INC,EARNINGS,2022-08-09,0.0006754972693657616,0.9384173909030534,0.04670756335136044,220,-0.02101660905520967,0.1020943276591593,9,-0.0457182278048143,2,0.05699395964280618,9,-0.03435527595738476,3
0000950170-22-021222,ACAD,ACADIA PHARMACEUTICALS INC,EARNINGS,2022-11-03,0.0012430962236835957,0.9432558433477097,0.04593087097055017,220,-0.061210256360717044,-0.0343696082869873,9,-0.0861512551473245,2,-0.028411437193662292,9,-0.05930876291415674,3
0000950170-23-004753,ACAD,ACADIA PHARMACEUTICALS INC,EARNINGS,2023-02-28,-0.00019602526444975317,1.048977075735382,0.040994431058211885,220,0.07056771158326722,0.03086754688760507,9,0.0859040151794344,2,-0.013772326676131867,9,0.10789757788514305,3
0001193125-23-068406,ACAD,ACADIA PHARMACEUTICALS INC,OTHER,2023-03-13,-4.888574135589715e-06,1.0228136115679456,0.040431135394100294,220,-0.04566537892730672,0.09619755036701948,9,-0.012593451209083374,2,-0.10465748636753185,9,-0.0046560788190959865,3
0000950170-23-018800,ACAD,ACADIA PHARMACEUTICALS INC,EARNINGS,2023-05-09,0.0012465129870417794,0.9282853562246457,0.03868471912921634,220,-0.002744058241678854,0.07487902496767952,9,0.0019381589849363193,2,0.15432701713708444,9,-0.016883535486390894,3
0000950170-23-037216,ACAD,ACADIA PHARMACEUTICALS INC,EARNINGS,2023-08-03,0.0020427373691630757,1.182760690641391,0.02390397285885453,220,-0.06714633074428136,-0.11858756562156449,9,-0.0642073150673035,2,0.07184712463372543,9,-0.040812788737811516,3
0000950170-23-058254,ACAD,ACADIA PHARMACEUTICALS INC,EARNINGS,2023-11-03,0.001612631884986121,1.104479021164046,0.027922377007660825,220,0.03528797385479444,-0.003381280607963149,9,0.02739539810516104,2,-0.09770452021091441,9,0.007670077830894691,3
0001193125-23-281574,ACAD,ACADIA PHARMACEUTICALS INC,OTHER,2023-11-22,0.0020407681453656853,0.9494326916740773,0.03075949305969272,220,-0.0261963251873839,-0.07730840621372073,9,-0.015178954153258198,2,-0.045604746864060644,9,-0.03565651791219123,3
0000950170-24-021169,ACAD,ACADIA PHARMACEUTICALS INC,EARNINGS,2024-02-28,0.0009749272567163903,1.2823758900113602,0.037537976130070795,220,-0.09829368539733908,-0.0525194705639181,9,-0.12535248648947706,2,-0.18280193413098839,9,-0.11094908890937356,3
0001193125-24-064791,ACAD,ACADIA PHARMACEUTICALS INC,CLINICAL,2024-03-12,0.0006245706047763328,1.330303780907634,0.03747210483467403,220,-0.18692018423477386,-0.11396970085943263,9,-0.2064807325069221,2,-0.11051789361162603,9,-0.17652478700063384,3
0000950170-24-055647,ACAD,ACADIA PHARMACEUTICALS INC,EARNINGS,2024-05-09,-0.0013394296660477229,1.0779611855154583,0.040019405224353835,220,-0.11695571985601093,0.027233786556171632,9,-0.11437477990355276,2,0.021841797141240946,9,-0.12009612021437535,3
0000950170-24-091826,ACAD,ACADIA PHARMACEUTICALS INC,EARNINGS,2024-08-07,-0.002736777211666943,1.0768526765726512,0.036359588708204646,220,-0.18529103213825995,0.10993256369722632,9,-0.17119220733158377,2,-0.019501971292977566,9,-0.154483309677094,3
0000950170-24-122322,ACAD,ACADIA PHARMACEUTICALS INC,EARNINGS,2024-11-07,-0.0026770685525479778,1.1202007461540318,0.036110898557057534,220,0.08331244431058482,0.07588117674304977,9,0.1078811407294614,2,-0.052165793344860434,9,0.13537065940097942,3
0000950170-25-027759,ACAD,ACADIA PHARMACEUTICALS INC,EARNINGS,2025-02-27,-0.0018551844829161066,0.8085317449614187,0.02969810881866183,220,0.03265572434020617,0.06170761945575752,9,0.03533694037623983,2,-0.07525457791299411,9,0.03625776006828596,3
0000950170-25-065672,ACAD,ACADIA PHARMACEUTICALS INC,EARNINGS,2025-05-08,-0.000197326994830029,1.0024666768506487,0.027428147975806044,220,0.13635888804101792,-0.045483522007851974,9,0.16795752281545173,2,0.2105554700533435,9,0.1825084436511356,3
0001193125-25-123175,ACAD,ACADIA PHARMACEUTICALS INC,OTHER,2025-05-21,0.0003623237267710305,0.9357618499804852,0.026534331120205902,220,0.022782750739719165,0.39177555048691914,9,0.008321044951346243,2,-0.027777221688279584,9,-0.00253763388079346,3
0001193125-25-138452,ACAD,ACADIA PHARMACEUTICALS INC,OTHER,2025-06-11,0.00011717388814274854,0.8651826119690945,0.02636268760509424,220,0.006854829714419237,-0.006894607442721669,9,-0.02181299206458128,2,0.006828433608604929,9,-0.03131974438000598,3
0000950170-25-104092,ACAD,ACADIA PHARMACEUTICALS INC,EARNINGS,2025-08-07,0.0006215824878935396,0.905682472469839,0.03263023554873922,220,0.025347150942469105,0.020638347685266022,9,0.025860301513111035,2,0.005664062703747789,9,0.025069593041853917,3
0001193125-25-266959,ACAD,ACADIA PHARMACEUTICALS INC,EARNINGS,2025-11-06,0.001437008096549299,0.882051654601493,0.03119902865644475,220,-0.022425555139763742,6.096137993682679e-05,9,0.01776331116809371,2,0.029131138032668535,9,0.035237515705916975,3
0001683168-19-000324,AEMD,AETHLON MEDICAL INC,EARNINGS,2019-02-12,0.00027014617047316355,0.35496976155631443,0.03914004734536145,220,-0.12892249843939727,-0.003291638693546893,9,-0.3470117577891045,2,0.0533019887424747,9,-0.3401257342319992,3
0001683168-19-001084,AEMD,AETHLON MEDICAL INC,OTHER,2019-04-17,-0.0005515267613510638,0.19106098909944325,0.03840330038979242,220,0.029188090436558373,-0.18316541557554766,9,0.0019660948856513386,2,0.07016703106559463,9,-0.06339706270880993,3
0001683168-19-004031,AEMD,AETHLON MEDICAL INC,OTHER,2019-12-19,-0.005683034872940321,0.13764664226139328,0.06312723116344818,220,-0.03982499152395721,-0.711696283872518,9,-0.04651009921052169,2,0.38469242966350375,9,-0.04083568678728102,3
0001683168-20-000188,AEMD,AETHLON MEDICAL INC,OTHER,2020-01-21,-0.007373185589543679,-0.05740537739801971,0.06663138634759679,220,0.12861997665729996,1.1752270629158288,9,0.27885724330029427,2,0.3797034165603329,9,0.032785935748289724,3
0001683168-20-002063,AEMD,AETHLON MEDICAL INC,EARNINGS,2020-06-26,3.100767141279633e-06,-0.17784827714392334,0.1196319755086462,220,-0.13811851018825533,0.8165738930154733,9,-0.1548313368785189,2,-0.11874263599018198,9,-0.09070556077452346,3
0001683168-20-002623,AEMD,AETHLON MEDICAL INC,EARNINGS,2020-08-12,0.004909886830827078,-0.14899374933089393,0.1343484353823978,220,-0.16156263983354022,0.007051139721979627,9,-0.16045262197286772,2,-0.09458370447137204,9,-0.22159240996697582,3
0001683168-20-003582,AEMD,AETHLON MEDICAL INC,EARNINGS,2020-10-29,0.0027526288181999444,-0.0637803274103199,0.13228231734022022,220,0.03412748436491518,-0.19055991263020905,9,-0.032227104477527344,2,0.11781604787623041,9,-0.11715967750183322,3
0001683168-20-003665,AEMD,AETHLON MEDICAL INC,OTHER,2020-11-04,0.0028920050925499386,-0.03760875322600553,0.13208182655365713,220,-0.0020514752035032603,-0.1666990353874188,9,0.03282703369329387,2,0.014424140883313202,9,0.04563664031476856,3
0001683168-21-000070,AEMD,AETHLON MEDICAL INC,PRESENTATION,2021-01-11,0.004912437416598382,-0.021471972756939628,0.11930700969806678,220,-0.001367142610820972,0.1262615196216199,9,-0.08715739899697122,2,0.01705846704834614,9,-0.029202393968908426,3
0001683168-21-000474,AEMD,AETHLON MEDICAL INC,EARNINGS,2021-02-11,0.003194040101685154,0.136264679885592,0.10153270223612175,220,-0.11380379799436881,0.2059156009520637,9,-0.1067220078376454,2,-0.2466704170139974,9,-0.08660080000270183,3
0001683168-21-002493,AEMD,AETHLON MEDICAL INC,OTHER,2021-06-14,0.0029293351187937486,0.8362302821003456,0.08809122437937777,220,-0.11265991572579159,3.752996349514314,9,-0.15723324870326716,2,-0.09961743969877944,9,-0.2209646953863495,3
0001683168-21-002706,AEMD,AETHLON MEDICAL INC,EARNINGS,2021-06-25,-0.0006179175668861494,0.9698053457640724,0.06169851940448495,220,-0.042226615390446816,-0.22781701625402445,9,-0.03379807082948717,2,-0.28359135818543946,9,-0.051880104556351114,3
0001683168-21-003355,AEMD,AETHLON MEDICAL INC,EARNINGS,2021-08-10,0.016951714956770517,0.26321951065735644,0.27134099427735753,220,-0.10283051828902354,-0.10571008817819631,9,-0.2285443755387547,2,-0.3631852043605139,9,-0.23568503824849757,3
0001683168-21-005352,AEMD,AETHLON MEDICAL INC,EARNINGS,2021-11-10,0.018419237178588007,-0.48110281565433016,0.272649656289059,220,-0.07474869783743286,-0.24530571453603678,9,-0.0687908123071369,2,-0.24854990567757884,9,-0.11123607123708187,3
0001683168-22-000988,AEMD,AETHLON MEDICAL INC,EARNINGS,2022-02-15,0.010927374835271262,0.10056418123225887,0.27082955664265523,220,0.0017365568944814596,-0.13495139243818374,9,-0.016345771542264104,2,-0.14985849023398912,9,-0.0410288789875147,3
0001683168-22-004635,AEMD,AETHLON MEDICAL INC,EARNINGS,2022-06-29,-0.005401908679418486,1.2313524639032656,0.054069451288102505,220,0.1431569544807391,0.1259727224210344,9,0.0006678301571071965,2,-0.04340968664946542,9,0.1350032938465552,3
0001683168-22-005470,AEMD,AETHLON MEDICAL INC,EARNINGS,2022-08-10,-0.004111380084173474,1.6963836818295508,0.05069920753540184,220,-0.0009850421255397854,0.38781591487242195,9,-0.004281069448773729,2,-0.02858033778924402,9,-0.08371128655187543,3
0001683168-22-006480,AEMD,AETHLON MEDICAL INC,OTHER,2022-09-20,-0.0014032440185438914,1.3747417108748141,0.06763825217394091,220,-0.08394016440195412,-0.062122873766691275,9,-0.12105632123986841,2,-0.09224766149080947,9,-0.1414254592124684,3
0001683168-22-006679,AEMD,AETHLON MEDICAL INC,OTHER,2022-09-30,-0.002651613935910986,1.3807318847716181,0.06403057990730414,220,-0.00933094831924557,-0.303951726452513,9,0.06031581372845775,2,-0.03490594275190999,9,0.029309772776039744,3
0001683168-22-007719,AEMD,AETHLON MEDICAL INC,EARNINGS,2022-11-15,-0.003379407316172001,1.504692965461324,0.06482605102174076,220,-0.08945420290392175,0.008837866239346653,9,-0.09633499996073384,2,-0.0783995042148776,9,-0.08015561163774271,3
0001683168-23-000813,AEMD,AETHLON MEDICAL INC,EARNINGS,2023-02-14,-0.004700606385002768,1.3893091633970105,0.06760694976335856,220,-0.031697246087859836,-0.12414078204086457,9,-0.012277467888024994,2,0.012856845351875331,9,-0.005017727605998348,3
0001683168-24-000985,AEMD,AETHLON MEDICAL INC,EARNINGS,2024-02-15,-0.0030572484406439816,0.7551086519471676,0.05682607029833391,220,-0.054175899502926964,-0.040403569254251835,9,-0.02906552384421097,2,0.04955659231472343,9,-0.03287040323201951,3
0001683168-24-002672,AEMD,AETHLON MEDICAL INC,PRESENTATION,2024-04-25,-0.0031241586599377274,0.30188020811644756,0.046172574248118894,220,-0.015336865820631117,-0.04619540291456849,9,-0.10840601435776989,2,-0.11521488728123935,9,-0.0918935660978982,3
0001683168-24-003191,AEMD,AETHLON MEDICAL INC,OTHER,2024-05-10,-0.001834441623543702,0.08454795996546016,0.044815787579892956,220,0.001725549970802776,-0.15936423482297365,9,-0.15746836904665298,2,-0.6028229450690274,9,-0.21212107122334037,3
0001683168-24-003612,AEMD,AETHLON MEDICAL INC,OTHER,2024-05-20,-0.0017465683616183702,0.10655110868011711,0.04474312344180661,220,0.07662386341910861,-0.9795987001965483,9,0.07810911873688732,2,-0.01668038357032156,9,0.0797025152561991,3
0001683168-24-003812,AEMD,AETHLON MEDICAL INC,OTHER,2024-05-24,-0.002161498098669364,0.13899418944761519,0.04468832636463954,220,0.025632112170443335,-0.7399605700821418,9,0.027696454941847984,2,0.3520947312975536,9,-0.015638519700773304,3
0001683168-24-004526,AEMD,AETHLON MEDICAL INC,EARNINGS,2024-06-28,-0.006018161553014967,0.03178172840702083,0.04590088830429189,220,-0.1317878381059618,0.24111210565015637,9,-0.22583508045551087,2,0.0008205764376742822,9,-0.23681615768307918,3
0001683168-24-005445,AEMD,AETHLON MEDICAL INC,REGULATORY,2024-08-12,-0.0055924180950190465,-0.09828340611724899,0.06349361325414604,220,0.038977369760416665,-0.10295584641155668,9,0.11070224173313242,2,0.6051008760165466,9,0.08447004793938837,3
0001683168-24-006522,AEMD,AETHLON MEDICAL INC,REGULATORY,2024-09-19,-0.007687724677037562,0.5936787177031189,0.06727330805232894,220,0.08089042072858656,0.18030030108597866,9,0.0126812562044097,2,0.28887767591647767,9,-0.030502061139884823,3
0001683168-25-006360,AEMD,AETHLON MEDICAL INC,PRESENTATION,2025-08-21,-0.0005802710342104078,0.4489705071338867,0.09341289656437866,220,0.9753543693646606,-0.028128817331856123,9,0.6950673113631749,2,-0.5558188678712301,9,0.67914139214312,3
0001683168-25-006788,AEMD,AETHLON MEDICAL INC,OTHER,2025-09-10,-0.0003660375465336257,0.27705036978681113,0.09041734985519645,220,-0.00043483476363800086,-0.5090593882530438,9,0.2130134900093436,2,-0.003886064197986821,9,0.18288830047732624,3
0001683168-25-006917,AEMD,AETHLON MEDICAL INC,OTHER,2025-09-15,-0.0008878730771583695,0.27136152643498707,0.09048257140780497,220,-0.052504798206474565,-0.7356917503045786,9,-0.010147441381565543,2,0.024812176308918844,9,-0.03448530501195576,3
0001683168-25-008001,AEMD,AETHLON MEDICAL INC,OTHER,2025-11-06,4.8244308679505795e-06,0.004837779163824292,0.12107897593256024,220,-0.05538528826964751,-0.056047099659876656,9,-0.07182683966021533,2,-0.12361894128179722,9,-0.0740607638343375,3
0001683168-25-008953,AEMD,AETHLON MEDICAL INC,OTHER,2025-12-08,-0.0015823981248817176,0.10511172908716496,0.12226613525895495,220,0.06676304234494994,0.18930918986650863,9,-0.0457770535703996,2,-0.16553029090351418,9,-0.12628019615793556,3
0001370053-19-000004,ANAB,"ANAPTYSBIO, INC",EARNINGS,2019-02-28,-0.001777169702713511,1.455596709489845,0.03289820764830897,220,-0.03591863123650102,-0.0015734252607379389,9,-0.0181103763385998,2,0.044290761510003385,9,0.011485379798474055,3
0001370053-19-000018,ANAB,"ANAPTYSBIO, INC",EARNINGS,2019-05-08,-0.0010172725040120596,1.6948953109553577,0.0317895536698553,220,-0.028998001815759754,0.04379590522493808,9,0.0005931420723315518,2,0.013831146226011698,9,-0.006989188700679303,3
0001370053-19-000026,ANAB,"ANAPTYSBIO, INC",EARNINGS,2019-08-09,-0.001671760050386535,1.6388812275112092,0.0311640334716465,220,-0.015551243988001857,0.038320171182579674,9,-0.07196760534178757,2,-0.10757402166710382,9,-0.08717076868482507,3
0001370053-19-000035,ANAB,"ANAPTYSBIO, INC",CLINICAL,2019-10-01,-0.0026975974620853447,1.537901286159443,0.03081621311374285,220,-0.08303918297650706,-0.20272707248088956,9,0.027845745318017937,2,0.03152277491256772,9,0.016316514859331915,3
0001370053-20-000003,ANAB,"ANAPTYSBIO, INC",PRESENTATION,2020-01-15,-0.005773220478535667,1.3386596306131515,0.05802355061846364,220,0.03571486317725038,-0.1018485836187901,9,0.07226133827310818,2,-0.0369062568404827,9,0.1533420885795841,3
0001370053-20-000007,ANAB,"ANAPTYSBIO, INC",EARNINGS,2020-03-02,-0.0048147300820382795,1.2121008121348873,0.05897961976599158,220,0.1034934668548762,0.13187967444536125,9,0.1488240794891471,2,0.0401406500353306,9,0.18270438608828993,3
0001370053-20-000025,ANAB,"ANAPTYSBIO, INC",EARNINGS,2020-05-07,-0.0038091153735724387,1.0316700148771714,0.059388816441171006,220,0.0005028770485538681,0.1584658648123113,9,0.02121693425445128,2,0.09804289300530725,9,0.02464546578890114,3
0001370053-20-000053,ANAB,"ANAPTYSBIO, INC",CLINICAL,2020-10-13,-0.0011321188288395767,1.0565571748003453,0.060506389378682954,220,0.06832584574740314,0.1479319115960733,9,0.223056344643137,2,0.36823743573511225,9,0.20184648965041033,3
0001370053-20-000064,ANAB,"ANAPTYSBIO, INC",EARNINGS,2020-11-05,-0.0012302178013798757,1.0547733728752564,0.0605761770896977,220,-0.032503094552206874,0.19671067577992585,9,-0.04265987403512638,2,-0.10488556103803784,9,-0.06736004334155074,3
0001370053-21-000018,ANAB,"ANAPTYSBIO, INC",EARNINGS,2021-02-26,0.0017810132854252194,0.9524173754060419,0.03870259896048406,220,0.10782243274462372,-0.11898412895915966,9,0.06030659289983238,2,-0.21481496145018303,9,0.0625924630166939,3
0001370053-21-000022,ANAB,"ANAPTYSBIO, INC",CLINICAL,2021-03-08,0.001156329604113521,0.8790548350460595,0.0382767729550991,220,-0.3347506676305994,-0.007931469017277865,9,-0.3745981199245262,2,0.15071118500959987,9,-0.3442900346998511,3
0001370053-21-000039,ANAB,"ANAPTYSBIO, INC",EARNINGS,2021-05-05,0.0012701789739094995,0.5787408615374814,0.04520725605369764,220,0.03599552831918418,0.061376529141749,9,0.07973464990691204,2,-0.03956290073370123,9,0.074433534466345,3
0001370053-21-000046,ANAB,"ANAPTYSBIO, INC",PRESENTATION,2021-06-03,0.001023620617101221,0.5674465767972574,0.045238518604130536,220,-0.0035123910594681,-0.042332764174919685,9,-0.05294874659635349,2,0.08348385624018721,9,-0.054446889111326655,3
0001370053-21-000055,ANAB,"ANAPTYSBIO, INC",EARNINGS,2021-08-10,0.0023294671250543,0.458332163653958,0.043256259756293165,220,-0.026419187862848748,-0.04580891693809842,9,-0.03547891825169879,2,0.06410228238725069,9,-0.023381010175413615,3
0001370053-21-000060,ANAB,"ANAPTYSBIO, INC",CLINICAL,2021-10-04,0.00224726220475215,0.33862157273199034,0.04294999846907378,220,-0.00802890945726213,-0.0016776131093564142,9,0.005241056719569951,2,-0.014438181889453448,9,0.01629990166551005,3
0001370053-21-000068,ANAB,"ANAPTYSBIO, INC",EARNINGS,2021-11-05,-0.00028549692153665427,0.9098930708200617,0.04034833506767746,220,0.0716427942907792,0.16644059705645467,9,0.08194482259183328,2,-0.18957091260598888,9,0.09175795792237666,3
0001370053-21-000072,ANAB,"ANAPTYSBIO, INC",CLINICAL,2021-11-15,7.421636774700602e-05,0.9302858577482229,0.04013840497916797,220,-0.018713298550963323,0.012801125907346039,9,-0.033977959901769425,2,0.04666061674803207,9,-0.05640655298441616,3
0001370053-22-000008,ANAB,"ANAPTYSBIO, INC",EARNINGS,2022-03-07,0.001774564462268596,1.3047072917323526,0.030206595468116867,220,0.028422643643928047,-0.009064455552836973,9,0.00920645858979139,2,-0.19581934044453028,9,0.02771199897636211,3
0001370053-22-000014,ANAB,"ANAPTYSBIO, INC",CLINICAL,2022-03-15,0.0012894563697899027,1.256623945644474,0.02842914193648874,220,-0.09608184737279711,-0.025677728655937357,9,-0.13880574367189985,2,-0.11549084417335008,9,-0.13754795374671094,3
0001370053-22-000019,ANAB,"ANAPTYSBIO, INC",CLINICAL,2022-04-28,0.000802755752241364,1.0685192672137345,0.0274213456892178,220,0.026873645766223964,-0.009391766211947306,9,0.05165232753061373,2,-0.04238423772648821,9,0.03859791271015308,3
0001370053-22-000031,ANAB,"ANAPTYSBIO, INC",EARNINGS,2022-05-05,-0.00014233661211138611,0.9849538110835879,0.027727844960943455,220,-0.07582364526178019,0.16694982818925408,9,-0.021720851362096998,2,-0.04990345002778346,9,-0.0572947041424604,3
0001370053-22-000040,ANAB,"ANAPTYSBIO, INC",EARNINGS,2022-08-09,0.0009886231770056513,0.9641998104620735,0.03279356850920616,220,-0.0534174689583612,0.09444364073666311,9,-0.043556623362221686,2,0.04983855944301274,9,-0.049906137312381284,3
0001370053-22-000049,ANAB,"ANAPTYSBIO, INC",CLINICAL,2022-09-01,0.00021785127638221082,0.9886183004550799,0.03307485388203443,220,0.063002201093389,0.004464067216372512,9,0.0764398254708931,2,0.037905596758884365,9,0.06101710156309778,3
0001370053-22-000052,ANAB,"ANAPTYSBIO, INC",OTHER,2022-09-12,3.8107109405895835e-05,0.9637480469016247,0.033002893049913176,220,-0.006501941410473534,0.08177658767626937,9,-0.04764405678994151,2,0.11017675570168727,9,-0.09796603259338732,3
0001370053-23-000010,ANAB,"ANAPTYSBIO, INC",OTHER,2023-01-13,0.0005230707634559159,1.0132665371874048,0.03352799428152196,220,0.1390224429578557,-0.3548933833501463,9,0.10623866963286022,2,-0.0734429935480861,9,0.18258867802816114,3
0001370053-23-000019,ANAB,"ANAPTYSBIO, INC",EARNINGS,2023-03-02,0.0002187788737808391,0.8252697115044432,0.039590393897558085,220,-0.030503520053697643,-0.007903255747551272,9,-0.07289025922867365,2,-0.05967772724070512,9,-0.06030480330243933,3
0001370053-23-000039,ANAB,"ANAPTYSBIO, INC",EARNINGS,2023-05-12,0.000755139503410604,0.8099953571310144,0.03751860206227207,220,-0.06279592181808258,0.024628639397185514,9,-0.07045878019169109,2,-0.0557026022908578,9,-0.10332097371651235,3
0001370053-23-000048,ANAB,"ANAPTYSBIO, INC",EARNINGS,2023-08-08,-0.0005672718592242662,0.8114597512189086,0.0328842299860146,220,0.030639901649579165,0.0886396098108804,9,-0.030386465811970152,2,0.1493250116497202,9,-0.05026380130819599,3
0001370053-23-000054,ANAB,"ANAPTYSBIO, INC",CLINICAL,2023-10-10,-0.0011732261376081804,0.5960018191663962,0.032916132150977634,220,-0.019974006685524053,0.12451770552431408,9,-0.028388696578424612,2,-0.06620216226515858,9,0.0053324846445240714,3
0001370053-23-000058,ANAB,"ANAPTYSBIO, INC",PRESENTATION,2023-10-26,-0.0015366173132006727,0.4465340245043373,0.0325313317667763,220,-0.029438716131507055,-0.06729540095002055,9,-0.06298055800703983,2,-0.09542331969218625,9,-0.05673498644820992,3
0001370053-23-000064,ANAB,"ANAPTYSBIO, INC",EARNINGS,2023-11-03,-0.0023678851023622334,0.49332528163788714,0.03259071632567676,220,0.07996601817783645,-0.04701557892120342,9,0.03214014371934115,2,-0.09961369240799343,9,0.004497494012614858,3
0001370053-23-000069,ANAB,"ANAPTYSBIO, INC",OTHER,2023-11-28,-0.0012683524933971625,0.29666648037394644,0.03334330715084391,220,-0.002622621371114812,0.0062379317414464515,9,0.015461013413831989,2,0.2069093519735297,9,-0.010028062957865954,3
0001370053-24-000010,ANAB,"ANAPTYSBIO, INC",EARNINGS,2024-03-12,-0.000256669034974514,0.7476828394806638,0.028358157328289762,220,0.1082735223132362,-0.06915717854833273,9,0.05713104650704092,2,-0.128539051104986,9,-0.0004371884697526862,3
0001370053-24-000026,ANAB,"ANAPTYSBIO, INC",EARNINGS,2024-05-10,-0.00034509428773377257,0.8201101916700985,0.030883963703317807,220,-0.10822168759707505,0.3098744667607222,9,-0.0832111255488233,2,-0.009245810198613903,9,-0.06895068766770315,3
0001370053-24-000039,ANAB,"ANAPTYSBIO, INC",EARNINGS,2024-08-06,0.0010003250803552288,0.826314388050991,0.034178941157443354,220,-0.017577351028860752,-0.05918453137015231,9,-0.029887548962540436,2,0.07166683079550011,9,-0.018727368377620297,3
0001370053-24-000053,ANAB,"ANAPTYSBIO, INC",EARNINGS,2024-11-06,0.0027017264720102553,1.0507985745214516,0.036247192088570135,220,0.0883730602661088,-0.5105754593698878,9,0.04512840989645941,2,-0.0652060569601822,9,0.026711482432988605,3
0001370053-24-000067,ANAB,"ANAPTYSBIO, INC",CLINICAL,2024-12-12,0.0020262361931956516,0.9693238360128922,0.0362762507637034,220,-0.028624096848667215,-0.09704372555488272,9,0.00749140475770993,2,-0.1790731094827524,9,-0.33030905781484576,3
0001370053-25-000002,ANAB,"ANAPTYSBIO, INC",OTHER,2025-02-03,-0.0016183001137568074,1.2080241538189256,0.049508286057925045,220,-0.06108334666638001,0.14132699716224137,9,-0.0765723421506141,2,0.250984064511638,9,-0.03924833683597128,3
0001370053-25-000010,ANAB,"ANAPTYSBIO, INC",CLINICAL,2025-02-12,-0.002088071091839469,1.2028160519061675,0.04969267305943781,220,0.3110135144724402,-0.2946479343197206,9,0.4948299898421479,2,-0.08256478583240234,9,0.4479261883316855,3
0001370053-25-000014,ANAB,"ANAPTYSBIO, INC",PRESENTATION,2025-02-20,-0.00195572993365916,1.2557375059763103,0.04984527358359808,220,-0.030555909243825813,0.2532503174990193,9,-0.02196013776984017,2,-0.031532976109939465,9,-0.031556207462672,3
0001370053-25-000023,ANAB,"ANAPTYSBIO, INC",EARNINGS,2025-02-28,-0.0020705644231626043,1.3228813593838227,0.04967899570764607,220,0.007035943023432113,0.11683981496163193,9,-0.09732421446628683,2,0.20745840618295774,9,-0.10943188432122462,3
0001370053-25-000028,ANAB,"ANAPTYSBIO, INC",OTHER,2025-03-24,-0.0015083631722663073,1.2961030883397657,0.04953157176594698,220,0.07373031812150144,0.11422688440742454,9,0.05769213093018087,2,0.14666030068675046,9,0.030884540727123044,3
0001370053-25-000045,ANAB,"ANAPTYSBIO, INC",EARNINGS,2025-05-06,-0.0011471379330506805,1.4063693130217085,0.05465149013002415,220,-0.016523927851651465,-0.09654435813230891,9,-0.04316008189055795,2,0.005537375272744095,9,-0.055656612083217066,3
0001370053-25-000052,ANAB,"ANAPTYSBIO, INC",CLINICAL,2025-06-04,0.0010370430924738945,0.7690972372389384,0.05546630758799814,220,-0.09649379436727845,0.06355567550745733,9,-0.0999259003231332,2,0.09417537505445735,9,-0.02941091723782191,3
0001370053-25-000063,ANAB,"ANAPTYSBIO, INC",EARNINGS,2025-08-07,-0.0004168535954188734,0.766099166550829,0.055880187873161416,220,-0.09521472936822445,-0.11774089393564333,9,-0.06837087206050273,2,-0.024020104452125046,9,-0.12236582731134728,3
0001370053-25-000081,ANAB,"ANAPTYSBIO, INC",OTHER,2025-09-30,-0.0009261295397444609,0.7007658056744343,0.05531235748239126,220,0.31414388970133317,0.1695336877789992,9,0.3567709198589381,2,0.014282346272079454,9,0.3425807669559361,3
0001370053-25-000083,ANAB,"ANAPTYSBIO, INC",PRESENTATION,2025-10-15,-0.0011432809668464466,0.693363879359528,0.054938919361416316,220,0.0746741923170706,0.07584279618113832,9,0.08374730537207455,2,0.0332953772875799,9,0.06694531134739139,3
0001370053-25-000088,ANAB,"ANAPTYSBIO, INC",EARNINGS,2025-11-05,0.0011369412030687513,0.6368608210384465,0.05269269193235726,220,0.032925469367598936,0.03462824888219058,9,0.09973271410885777,2,-0.020036574921179426,9,0.07007385264771973,3
0001370053-25-000091,ANAB,"ANAPTYSBIO, INC",CLINICAL,2025-11-10,0.001488482760427652,0.5837199818810336,0.052508768624495814,220,-0.15359823166684689,0.08170072212594186,9,-0.16878330037261813,2,0.22753777024249844,9,-0.13288838029763575,3
0001370053-25-000097,ANAB,"ANAPTYSBIO, INC",OTHER,2025-11-21,0.0032110432274274382,0.5892893116695092,0.056374164825834516,220,0.04269808625186203,-0.039235059330502774,9,0.0898894936639904,2,0.020314903753995674,9,0.11322339496486122,3
0001370053-25-000103,ANAB,"ANAPTYSBIO, INC",OTHER,2025-11-28,0.00262484804969705,0.5877396721931204,0.05616048093923705,220,-0.017929766060547397,0.21546981693870373,9,-0.026034529341809404,2,0.06280053732496753,9,-0.01681326861545588,3
0001193125-19-176112,ARCT,Arcturus Therapeutics Holdings Inc.,PRESENTATION,2019-06-19,-0.0006420144663373458,1.0132902285022352,0.04065041456615143,220,0.3651369473930889,-0.16598416557641338,9,0.46495823114810786,2,0.06108206597932443,9,0.4072138075647401,3
0001193125-19-176908,ARCT,Arcturus Therapeutics Holdings Inc.,OTHER,2019-06-20,-0.0006094292161189603,0.9769035367180858,0.04066995787373257,220,0.10013635602416578,-0.17932625422228404,9,0.21403788164450527,2,-0.02943668630491024,9,0.5792243701607197,3
0001193805-19-000694,ARCT,Arcturus Therapeutics Holdings Inc.,OTHER,2019-08-01,-0.0006999163024679744,0.9966544037268097,0.04335069191375933,220,-0.13977624679175565,0.4529117097049806,9,-0.15747861921626646,2,-0.20700527488938392,9,-0.17581082426005912,3
0001193125-19-212594,ARCT,Arcturus Therapeutics Holdings Inc.,OTHER,2019-08-05,0.0016468269172035435,1.0817643606138063,0.05017554918809369,220,0.0034028746101069478,0.09331408114780804,9,-0.05261122606951635,2,0.0427225802839645,9,-0.07201949311393319,3
0001193125-19-221871,ARCT,Arcturus Therapeutics Holdings Inc.,OTHER,2019-08-15,0.0016101446588481423,1.0707305315785611,0.05068726408830664,220,-0.03740628237786597,-0.2866719404810652,9,0.14518511193851477,2,0.03069120333551907,9,0.08251223786961762,3
0001193125-19-245891,ARCT,Arcturus Therapeutics Holdings Inc.,OTHER,2019-09-17,0.0021231506468634516,1.104493710927536,0.053780145973563724,220,0.00432250615837858,-0.10285209450081424,9,0.0693041651493501,2,-0.17368150542054328,9,0.09038496795134415,3
0001193125-19-252227,ARCT,Arcturus Therapeutics Holdings Inc.,OTHER,2019-09-24,0.0016560618400654188,1.0231047874476975,0.05402117226510168,220,-0.06397300049902137,0.2401380823325074,9,-0.11174000940538423,2,-0.17991049072778129,9,-0.01633283272499566,3
0001193125-19-257389,ARCT,Arcturus Therapeutics Holdings Inc.,OTHER,2019-09-30,0.001395101796948818,1.097748320107898,0.053963439576015355,220,-0.020881713791641082,0.11208277924123249,9,-0.0841950363043674,2,0.09306284178903056,9,-0.18678872609747005,3
0001193125-19-287407,ARCT,Arcturus Therapeutics Holdings Inc.,EARNINGS,2019-11-08,0.0031857440228462105,1.0897282818682574,0.053436327203818364,220,-0.027763314218718575,0.00448861382653227,9,-0.038023639626024446,2,-0.03502829941823818,9,-0.11276022029312074,3
0001193805-20-000030,ARCT,Arcturus Therapeutics Holdings Inc.,INVALID:I don't have access to the actual conten,2020-01-13,0.0033986132841242467,1.319503234113434,0.05300451428792107,220,0.07549785753899331,-0.17901069175053339,9,0.04440800167550267,2,-0.10526264394250176,9,0.08495613798127687,3
0001193805-20-000335,ARCT,Arcturus Therapeutics Holdings Inc.,EARNINGS,2020-03-12,0.003707930409783074,1.6574759682698106,0.05476251733976248,220,-0.08882276925282617,0.08815004385978803,9,-0.2938175975428416,2,0.5478343388935029,9,-0.24996132542810398,3
0001564590-20-017147,ARCT,Arcturus Therapeutics Holdings Inc.,OTHER,2020-04-17,0.004487677453963436,1.4417695721028911,0.05417134141695479,220,-0.004025724449121713,0.14558651011506588,9,0.038958899889998885,2,0.8474143100492539,9,-0.028039898755406238,3
0001564590-20-017549,ARCT,Arcturus Therapeutics Holdings Inc.,OTHER,2020-04-21,0.005399131108679019,1.2650021696229978,0.05475011912375317,220,0.06512496428495719,0.08784627563843247,9,0.06920391382235312,2,0.6859128827844406,9,0.10816280464787695,3
0001193805-20-000565,ARCT,Arcturus Therapeutics Holdings Inc.,EARNINGS,2020-05-08,0.00629379070167985,0.6978949650855473,0.06475727987492716,220,0.02634290205474448,0.7124781795161123,9,0.2549301469091816,2,0.15108538784269432,9,0.14814146782899104,3
0001193805-20-000622,ARCT,Arcturus Therapeutics Holdings Inc.,OTHER,2020-05-22,0.005487891571012299,0.4877625683784109,0.0657639167484602,220,0.07066548542713813,0.3987197372428072,9,-0.008963113486789229,2,-0.6188172073447639,9,-0.05761162225690819,3
0001193805-20-000704,ARCT,Arcturus Therapeutics Holdings Inc.,INVALID:I don't have access to the actual conten,2020-06-18,0.008821608160228554,0.5475957294871086,0.06619503159299966,220,0.025574890726509765,-0.039355167316919154,9,0.04908907482880988,2,0.053984042995042524,9,0.09385898241628964,3
0001193805-20-000886,ARCT,Arcturus Therapeutics Holdings Inc.,OTHER,2020-07-24,0.006954957272730845,0.5286996606732417,0.07316610324652678,220,-0.020393582025008395,0.16883951197414665,9,0.14551849440289338,2,-0.16339492238512135,9,0.03329090261199913,3
0001193805-20-000987,ARCT,Arcturus Therapeutics Holdings Inc.,EARNINGS,2020-08-11,0.009231562731618168,0.48344542856144285,0.07346772605949008,220,-0.1692198065448813,-0.18231319724935463,9,-0.22539503946354353,2,0.05875680121666563,9,-0.21172793338933563,3
0001193805-20-001052,ARCT,Arcturus Therapeutics Holdings Inc.,OTHER,2020-08-19,0.009477714261442128,0.4273291279050421,0.07214622660234599,220,0.02560523929184829,-0.08645404633966756,9,0.028240625473630133,2,-0.4512539567051471,9,0.060744658462868605,3
0001193805-20-001229,ARCT,Arcturus Therapeutics Holdings Inc.,OTHER,2020-10-05,0.010172646167152874,0.4582116707096903,0.07415083425438494,220,0.14949808554130367,-0.17834808140056518,9,0.08940548601374719,2,0.0351212850089685,9,0.08498774234071259,3
0001193805-20-001274,ARCT,Arcturus Therapeutics Holdings Inc.,OTHER,2020-10-15,0.00885938582961744,0.4411065851026625,0.07562454039074597,220,0.05276783036802633,0.1401463323067678,9,0.05166763957917994,2,-0.049427555179842,9,0.008605192146604792,3
0001193805-20-001406,ARCT,Arcturus Therapeutics Holdings Inc.,EARNINGS,2020-11-10,0.008882314183415395,0.46961051042863167,0.07619523808593827,220,0.1296277994095845,0.15094650239619728,9,0.35748039593719105,2,0.126538792277226,9,-0.11105915291850121,3
0001193805-20-001508,ARCT,Arcturus Therapeutics Holdings Inc.,OTHER,2020-12-08,0.009448675050963033,0.49671354135124335,0.07636242222070506,220,-0.20158629971700823,0.5913864876935344,9,-0.3167918880349724,2,0.22692571828129687,9,-0.2212111115113424,3
0001193805-21-000256,ARCT,Arcturus Therapeutics Holdings Inc.,OTHER,2021-02-23,0.012338840500739792,0.44751668089421953,0.10135209098082984,220,-0.1016556147911499,-0.3446868468747636,9,-0.1034560709425821,2,-0.21726755365859418,9,-0.22268423873473614,3
0001193805-21-001541,ARCT,Arcturus Therapeutics Holdings Inc.,EARNINGS,2021-11-09,0.0030924149238818798,1.9191933375019865,0.08992547732395753,220,-0.05936240796100333,-0.2517617631699567,9,-0.08455299302275014,2,-0.0247110298969702,9,-0.055861345025468884,3
0001193805-21-001584,ARCT,Arcturus Therapeutics Holdings Inc.,INVALID:I don't have access to the actual conten,2021-11-17,0.0007850559580741751,1.8618158865382777,0.08867473873346735,220,-0.015266810001628071,-0.27767919472943225,9,0.008729567133386348,2,0.05033265200608758,9,0.0520815618739557,3
0001193805-21-001738,ARCT,Arcturus Therapeutics Holdings Inc.,OTHER,2021-12-14,-0.0027516217796367893,2.0100062427628225,0.0815201366090555,220,-0.009892418853892117,-0.07516433035662878,9,4.925740774473081e-05,2,0.10754079231274874,9,0.036805432043775406,3
0001193805-22-000036,ARCT,Arcturus Therapeutics Holdings Inc.,REGULATORY,2022-01-11,-0.0016325322408681877,1.5652857460213458,0.06817905957690694,220,-0.03308632839077908,-0.09937655974122712,9,-0.0786578912460213,2,-0.13981661031081896,9,-0.07332059695624558,3
0001193805-22-000358,ARCT,Arcturus Therapeutics Holdings Inc.,INVALID:I'd be happy to help classify this SEC ,2022-02-17,-0.0011680301712041169,1.2209565568453757,0.06910258241068984,220,-0.04549268139556206,0.056110490953399615,9,-0.04347065344045058,2,-0.1496942621275718,9,-0.05896271585256452,3
0001193805-22-000402,ARCT,Arcturus Therapeutics Holdings Inc.,EARNINGS,2022-03-01,-0.0012893810676580153,1.1974068853302702,0.0689668738754232,220,-0.0593223101618402,-0.025767837128650207,9,-0.08323091021511267,2,-0.11187485601163655,9,-0.06491851959672418,3
0001193805-22-000672,ARCT,Arcturus Therapeutics Holdings Inc.,CLINICAL,2022-04-21,-0.0010378210323580951,1.7790512634212858,0.06991337237018452,220,-0.04918750349167669,-0.09618299541020633,9,-0.05820966138539404,2,0.02737151525714958,9,-0.08712798128683166,3
0001193805-22-000752,ARCT,Arcturus Therapeutics Holdings Inc.,EARNINGS,2022-05-10,0.0012279220947290336,2.0921118766270643,0.0705317361057778,220,-0.00786848610251107,-0.07240449540897273,9,-0.18937029625730617,2,0.25537700142281494,9,-0.23632777329038912,3
0001193805-22-001152,ARCT,Arcturus Therapeutics Holdings Inc.,EARNINGS,2022-08-10,-0.001608898139770214,2.5718150444185373,0.054752245456361676,220,-0.09355037713521382,0.13187956385837424,9,-0.11768512129380318,2,0.04967697161364855,9,-0.23859455998109552,3
0001193805-22-001504,ARCT,Arcturus Therapeutics Holdings Inc.,EARNINGS,2022-11-10,0.00041231675348820437,2.620327607286568,0.05742153135632161,220,-0.2235953257614343,0.3088599908397186,9,-0.29416743059863515,2,-0.14524642585346784,9,-0.31640586626567113,3
0001193805-22-001712,ARCT,Arcturus Therapeutics Holdings Inc.,CLINICAL,2022-12-13,0.0009822088711535356,2.728232213759007,0.05624510255510502,220,0.051288323292621806,0.06853131276241763,9,0.060899663320060936,2,-2.544352873369571e-06,9,0.06609242402445328,3
0001193805-22-001719,ARCT,Arcturus Therapeutics Holdings Inc.,OTHER,2022-12-14,0.0011767521889682988,2.7248989761775424,0.05630352336772231,220,0.009395485817327139,-0.00503470835761672,9,0.04251367406872634,2,-0.016924973041806957,9,0.09363268573182884,3
0001193805-23-000401,ARCT,Arcturus Therapeutics Holdings Inc.,EARNINGS,2023-03-29,0.0008015415445993406,2.2073255887322065,0.05437021842294806,220,0.2684055564247019,-0.03764006129710135,9,0.27798180614176626,2,0.28013134831632763,9,0.2600526257607813,3
0001193805-23-000532,ARCT,Arcturus Therapeutics Holdings Inc.,OTHER,2023-04-11,0.0004767114006379501,2.20918159899824,0.05364618447726946,220,0.08032526365666925,0.48491574175077584,9,0.06215702262040489,2,0.07847227035938739,9,0.01423626236826215,3
0001193805-23-000619,ARCT,Arcturus Therapeutics Holdings Inc.,REGULATORY,2023-04-28,0.001372807516656425,2.117244988619176,0.05299556345235046,220,0.007166115678958283,-0.023469719538884232,9,-0.01085139801544589,2,0.17432023132390723,9,-0.08139133918696896,3
0001193805-23-000686,ARCT,Arcturus Therapeutics Holdings Inc.,EARNINGS,2023-05-10,0.0012649247792068758,2.0684850934090897,0.05249570767964574,220,0.0049599422575905446,-0.025246225887113886,9,0.10760808123188484,2,-0.13722511010550317,9,0.13049132498130692,3
0001193805-23-000929,ARCT,Arcturus Therapeutics Holdings Inc.,REGULATORY,2023-06-30,0.0032442030811059407,1.8221788718826708,0.05100668933598057,220,0.05425960277085855,-0.09027852761967053,9,0.048221591902448915,2,0.20193123205786218,9,0.06049632233805134,3
0001193805-23-000984,ARCT,Arcturus Therapeutics Holdings Inc.,CLINICAL,2023-07-14,0.002304573469970958,1.749337660002538,0.04979356761863645,220,0.14906092444263142,0.12326370895993523,9,0.1748245678995865,2,-0.10369434247743038,9,0.15282728062135478,3
0001193805-23-001174,ARCT,Arcturus Therapeutics Holdings Inc.,OTHER,2023-08-15,0.0020117200450726035,1.6363493051317963,0.04668357103397412,220,0.03059078635687574,-0.17514912157368226,9,-0.018531394781787953,2,0.06845677367474971,9,0.03416215601378904,3
0001193805-23-001328,ARCT,Arcturus Therapeutics Holdings Inc.,OTHER,2023-09-27,0.0030094579995113913,1.50569679996137,0.048783839294566256,220,0.013972860491714484,-0.12839572908592428,9,-0.062471832572714915,2,-0.10438495868020126,9,-0.025075129784651463,3
0001193805-23-001493,ARCT,Arcturus Therapeutics Holdings Inc.,EARNINGS,2023-11-15,0.0017376944729104182,1.9312285534604554,0.043381852184160505,220,0.15499865331070287,-0.182252541070139,9,0.13580119121275638,2,0.04872315600571106,9,0.19202238060878057,3
0001193805-24-000335,ARCT,Arcturus Therapeutics Holdings Inc.,EARNINGS,2024-03-08,0.0024279361870804496,2.000768224578701,0.04644069074114251,220,0.0007077939101317737,-0.011908499555093946,9,0.027943534774639383,2,-0.1721960019531265,9,-0.00996141651251541,3
0001193805-24-000392,ARCT,Arcturus Therapeutics Holdings Inc.,CLINICAL,2024-03-19,0.00252828240532893,2.0960544759852517,0.04646355604184536,220,0.004839799037461533,-0.05398072267250035,9,-0.03514410852137782,2,-0.026032852204002588,9,-0.13770875243942876,3
0001193805-24-000614,ARCT,Arcturus Therapeutics Holdings Inc.,EARNINGS,2024-05-09,-0.0005162854462871253,1.666784881333911,0.042645055314160976,220,-0.024523039991057535,-0.005885221634577384,9,-0.008609619408894962,2,0.1318800074263833,9,-0.020954030029021624,3
0001193805-24-000842,ARCT,Arcturus Therapeutics Holdings Inc.,OTHER,2024-06-25,-0.0005609914517215422,2.080865990307982,0.04189008720532902,220,-0.04623734983952072,-0.18029158541728407,9,-0.11641219936378899,2,-0.16693935194482068,9,-0.11345846972220491,3
0001193805-24-000990,ARCT,Arcturus Therapeutics Holdings Inc.,EARNINGS,2024-08-06,-0.001195231457641901,1.9053004067765875,0.04895400569244155,220,-0.014349371168776628,-0.05681368040319248,9,-0.055890667740293706,2,0.0011527235677573702,9,-0.036189052271732636,3
0001193805-24-001023,ARCT,Arcturus Therapeutics Holdings Inc.,INVALID:I don't have access to the actual conten,2024-08-13,-0.0015175497766752144,1.856029993845532,0.04669798130807366,220,0.008989125538207868,-0.22082644748169705,9,-0.0187346086926147,2,0.02929257890762129,9,0.029927071588258143,3
0001193805-24-001318,ARCT,Arcturus Therapeutics Holdings Inc.,EARNINGS,2024-11-08,-0.0008348048404359437,1.9966291564688894,0.04719222885616206,220,0.039677738010145555,-0.06703345924897856,9,0.07630788848302059,2,-0.14415314817193564,9,0.08407190545259538,3
0001193805-25-000275,ARCT,Arcturus Therapeutics Holdings Inc.,EARNINGS,2025-03-07,-0.003862634804087838,1.477508908985872,0.04602029866105097,220,-0.09333519504879217,0.057488834601613276,9,-0.06798762652363224,2,-0.07513192089084118,9,-0.042881862052078196,3
0001193805-25-000630,ARCT,Arcturus Therapeutics Holdings Inc.,EARNINGS,2025-05-13,-0.0032729220794850914,1.4823905846415202,0.047065035173976054,220,0.016779165280950963,-0.15499913989173955,9,-0.06784555078003968,2,0.12344348097729387,9,-0.058006213452187115,3
0001193805-25-000946,ARCT,Arcturus Therapeutics Holdings Inc.,CLINICAL,2025-07-01,-0.0030361754952944672,1.310799280142202,0.04059193798718277,220,0.0019230546913618037,0.06711813190670637,9,0.0475157528930598,2,-0.033053709904682246,9,0.020278783222068764,3
0001193805-25-001175,ARCT,Arcturus Therapeutics Holdings Inc.,EARNINGS,2025-08-12,-0.001509271190995973,1.375052327481711,0.04018900958442497,220,0.29415757381448493,-0.16900185239699522,9,0.5810872375504109,2,-0.0704288453872808,9,0.5416549283958763,3
0001193805-25-001247,ARCT,Arcturus Therapeutics Holdings Inc.,REGULATORY,2025-08-29,-0.001908932028538994,1.3618740097443767,0.0404740916428392,220,-0.0067320334150876675,-0.08509505447212592,9,-0.012955812992046628,2,0.060648376279667356,9,-0.015291576339715523,3
0001193805-25-001368,ARCT,Arcturus Therapeutics Holdings Inc.,OTHER,2025-09-26,-0.0001344693730795498,1.433241212822377,0.049468816856810024,220,0.0835040503284829,0.12245401593653069,9,-0.07329897098753141,2,0.048310302659802996,9,-0.07339831870457655,3
0001193805-25-001499,ARCT,Arcturus Therapeutics Holdings Inc.,CLINICAL,2025-10-22,-0.0003032385325587011,1.505209207387036,0.04898941970694849,220,-0.49359828122690796,0.05730222691734787,9,-0.46235966143616064,2,-0.3273893094144214,9,-0.38532544162478477,3
0001193805-25-001555,ARCT,Arcturus Therapeutics Holdings Inc.,EARNINGS,2025-11-11,0.00025589754305893077,1.5442145442021578,0.050444385824894265,220,-0.016319592321232566,-0.1543712513197224,9,-0.07971826881969109,2,-0.14797067545418513,9,-0.09718984788145699,3
0001640334-20-000073,ARTL,"ARTELO BIOSCIENCES, INC.",EARNINGS,2020-01-14,-0.003202885881344844,0.55247394323497,0.07582166728092544,111,-0.04305631625478028,-0.06179207362761348,9,-0.15707157743262162,2,-0.06268969949140311,9,-0.09816726558976024,3
0001640334-20-000210,ARTL,"ARTELO BIOSCIENCES, INC.",OTHER,2020-02-07,-0.0025597984198236527,0.6117397273985521,0.07348853940258279,128,-0.008814075229199175,0.02647273194624656,9,-0.16428642916203018,2,-0.07920980644473576,9,-0.2058410594603528,3
0001640334-20-001606,ARTL,"ARTELO BIOSCIENCES, INC.",OTHER,2020-06-29,-0.002602349277607259,0.9711096488363032,0.08087923010604459,220,-0.053816257300265874,0.08486826423646932,9,-0.09565353275658298,2,-0.095699712674095,9,-0.09610504748207338,3
0001640334-20-001760,ARTL,"ARTELO BIOSCIENCES, INC.",OTHER,2020-07-14,-0.0014674714088875815,0.9532634023498424,0.079887680480505,220,-0.1308858145175039,-0.08558948394191435,9,-0.15635789807016395,2,0.07908532027481713,9,-0.14262001513705871,3
0001640334-20-002559,ARTL,"ARTELO BIOSCIENCES, INC.",OTHER,2020-10-15,-0.0019567802396731953,0.952851348816552,0.08045153126096852,220,-0.15753397702615987,-0.197118473199249,9,-0.19481776026580033,2,-0.15353601737639067,9,-0.21315652571369428,3
0001640334-21-000356,ARTL,"ARTELO BIOSCIENCES, INC.",OTHER,2021-02-17,-0.0010942187642429498,0.8765255286890059,0.07893936917080158,220,0.14265555522405668,1.119669049651277,9,0.009896170529006265,2,-0.305516093128968,9,-0.007047663301196105,3
0001640334-22-000444,ARTL,"ARTELO BIOSCIENCES, INC.",OTHER,2022-03-10,-0.006807488030138077,1.1849575194981157,0.04399056623504549,220,0.007485087845490155,0.1829428282408192,9,-0.008199162883818948,2,0.19156425620996323,9,0.008201293247751769,3
0001640334-22-000506,ARTL,"ARTELO BIOSCIENCES, INC.",OTHER,2022-03-16,-0.006874266227582736,1.2737821829657434,0.04405701028371327,220,-0.03637114200844073,0.10430542964284491,9,-0.014975888012280766,2,0.14757982894887017,9,-0.007834784660398476,3
0001640334-22-001683,ARTL,"ARTELO BIOSCIENCES, INC.",CLINICAL,2022-08-09,-0.0028761417135385785,1.4349652097737404,0.04536363121300165,220,-0.22871388018480981,0.02868761119495524,9,-0.2683233886339606,2,0.25400370307870174,9,-0.32478916483868736,3
0001640334-22-001896,ARTL,"ARTELO BIOSCIENCES, INC.",OTHER,2022-08-25,-0.0026781681875859926,1.45873403225286,0.04537601983548068,220,-0.10106161341385868,0.2526465230654612,9,-0.10537906821765664,2,0.03693144396139896,9,-0.08202508642675724,3
0001640334-23-000334,ARTL,"ARTELO BIOSCIENCES, INC.",OTHER,2023-03-13,-0.0013875487601892067,1.1219835507574933,0.05541629797839677,220,0.05854237409032331,-0.06253502188924859,9,-0.03958815498812997,2,-0.07604895540703743,9,-0.1488769939505208,3
0001640334-25-001046,ARTL,"ARTELO BIOSCIENCES, INC.",OTHER,2025-06-16,-0.0004503176952152162,0.7052064644120793,0.04439714290926916,220,-0.1167525846725078,0.10911032366869167,9,-0.13371376809583024,2,0.7416235157900709,9,-0.10999669878839619,3
0001640334-25-001062,ARTL,"ARTELO BIOSCIENCES, INC.",OTHER,2025-06-26,-0.0007873715205338337,0.6720620057965494,0.043898635725196714,220,0.11618229600076864,-0.1410221998930664,9,0.10284984729687696,2,1.790874792741115,9,0.15566615920437007,3
0001640334-25-001334,ARTL,"ARTELO BIOSCIENCES, INC.",REGULATORY,2025-08-04,-0.0007078591668185985,0.6891450855722708,0.04428709426319537,220,-0.03623762350213466,-0.21758525672589302,9,-0.0773530814677821,2,0.042695033538873314,9,-0.20531615216962884,3
0001640334-25-001617,ARTL,"ARTELO BIOSCIENCES, INC.",CLINICAL,2025-09-04,0.0058390016171644896,0.7819710653043926,0.09498245966486288,220,-0.5157989985344973,-0.14065964173455486,9,-0.48259153811353084,2,0.15719877784215366,9,-0.5247126280212505,3
0001640334-25-001642,ARTL,"ARTELO BIOSCIENCES, INC.",OTHER,2025-09-08,0.005697384024365378,0.7878530362451014,0.09506308236325799,220,0.001236214644104088,-0.6534252622400815,9,0.02228885999729452,2,0.1758589035538076,9,0.05565497445740053,3
0001640334-25-001680,ARTL,"ARTELO BIOSCIENCES, INC.",OTHER,2025-09-16,0.004836701140235985,0.8400669080664627,0.09545888766425982,220,0.036319921060552214,-0.4124953632664514,9,-0.06820569407288049,2,-0.08332845457077478,9,-0.08881417601393873,3
0001640334-25-001766,ARTL,"ARTELO BIOSCIENCES, INC.",OTHER,2025-10-02,0.005101084854841542,0.7516285045665153,0.09647773346773425,220,0.006638234419070865,-0.08452070753702709,9,-0.02542276941797501,2,-0.18134279014363702,9,0.0039519002453402355,3
0000950170-25-043828,ARTV,"Artiva Biotherapeutics, Inc.",EARNINGS,2025-03-25,-0.007489175296713069,1.6010435652244628,0.05724592701388441,139,0.024100717779246213,-0.11343988668720145,9,-0.03701575950589221,2,-0.16770267610374748,9,-0.1425079625851166,3
0000950170-25-066416,ARTV,"Artiva Biotherapeutics, Inc.",EARNINGS,2025-05-08,-0.004903636020353013,1.185851036437542,0.06262920845950588,170,0.03473622458024266,-0.23582448173797227,9,-0.004720856430214894,2,-0.016615476092482553,9,0.08894562514833129,3
0000950170-25-104028,ARTV,"Artiva Biotherapeutics, Inc.",EARNINGS,2025-08-07,-0.006921218628693321,1.260034810985191,0.07270198182063306,220,-0.0721626300023872,0.05884560201074733,9,-0.029611977655693233,2,0.0892461784905362,9,-0.10052415390949077,3
0001193125-25-275902,ARTV,"Artiva Biotherapeutics, Inc.",CLINICAL,2025-11-12,-0.004678053656678503,1.3466975066305689,0.07657259636731528,220,0.11256401485905025,-0.1851182699032266,9,-0.00865214291662815,2,0.10516628725818371,9,-0.026182891288049015,3
0001564590-19-017974,ATEC,"Alphatec Holdings, Inc.",EARNINGS,2019-05-10,-0.0006277538116368272,0.5333089231516309,0.041135097826739686,220,0.07446598031561347,0.30752269511213864,9,0.0982997756806491,2,0.000969230046486913,9,0.07986943771193698,3
0001564590-19-025828,ATEC,"Alphatec Holdings, Inc.",EARNINGS,2019-07-25,0.0029680996372767523,0.6537206337751408,0.044705608330935745,220,0.09580727229569408,-0.01049416853468311,9,0.1142526715417928,2,0.11568225797810826,9,0.10604315510905166,3
0001193125-19-207213,ATEC,"Alphatec Holdings, Inc.",OTHER,2019-07-31,0.0032265151031728623,0.6513090006722839,0.044800100289928285,220,-0.06724724650708255,0.130562142678952,9,-0.04990851680952156,2,0.21942393699953908,9,-0.03953623066223254,3
0001193125-19-212044,ATEC,"Alphatec Holdings, Inc.",OTHER,2019-08-05,0.0027127491776191,0.6183049379416372,0.04484140487773843,220,0.09504813737150505,0.0491581885457069,9,0.087525982346321,2,0.14913008722261964,9,0.09575820813046626,3
0001564590-19-038782,ATEC,"Alphatec Holdings, Inc.",EARNINGS,2019-10-31,0.0036439691157719874,0.5810079721990916,0.046771089399930015,220,0.10937369635880727,0.06628674409719199,9,0.07563787705707059,2,-0.005466453696904499,9,0.10706275135698184,3
0001564590-20-000946,ATEC,"Alphatec Holdings, Inc.",EARNINGS,2020-01-13,0.006653445611008384,0.46403650476719904,0.04551695632619242,220,0.1277132040748074,-0.15343695667737667,9,0.13127805118664623,2,-0.19602028888419823,9,0.09889231686588808,3
0001193125-20-054035,ATEC,"Alphatec Holdings, Inc.",OTHER,2020-02-28,0.007378607841231171,0.5692511689947585,0.042572839198015584,220,-0.07048205919836859,-0.07847420764505907,9,-0.00849578259330868,2,-0.4502197934319517,9,0.035921236968207856,3
0001564590-20-008965,ATEC,"Alphatec Holdings, Inc.",EARNINGS,2020-03-06,0.004533129475170802,0.77248560152727,0.03882744181497022,220,-0.054263090889553195,-0.0710751110010652,9,-0.11378478469613026,2,-0.5728669670850152,9,-0.11574147180435468,3
0001564590-20-018698,ATEC,"Alphatec Holdings, Inc.",OTHER,2020-04-27,0.0014641068512428372,1.2283796029870389,0.038868816833087634,220,0.009544994025732022,-0.05057856378441947,9,0.16601390496890167,2,-0.021004596746085,9,0.1579821878805443,3
0001564590-20-024191,ATEC,"Alphatec Holdings, Inc.",EARNINGS,2020-05-12,0.0007939277238577915,1.4444280420985152,0.04104308394286595,220,0.008345460562030678,0.20044700522294562,9,-0.06267081514514089,2,0.03449113797596654,9,-0.12523660026418623,3
0001193125-20-271231,ATEC,"Alphatec Holdings, Inc.",OTHER,2020-10-19,0.00035094551002183344,1.5703210617653542,0.044486176205272364,220,0.0007734990877498772,0.4478217452739594,9,0.006278206599281475,2,-0.09953284462667251,9,-0.009660954588851333,3
0001564590-20-051313,ATEC,"Alphatec Holdings, Inc.",EARNINGS,2020-11-06,0.0005812158198809585,1.5544063258027978,0.044063735297627145,220,0.0829294859483463,0.001977340616339293,9,0.029351678998581716,2,0.08982451179947601,9,0.008143000662433862,3
0001193125-20-319487,ATEC,"Alphatec Holdings, Inc.",OTHER,2020-12-17,0.002133687306535745,1.5787086561306274,0.050242558513364066,220,0.06571543491237364,0.1406443179850077,9,0.10178444992334576,2,-0.0056038583914818085,9,0.11176022250965909,3
0001564590-21-024979,ATEC,"Alphatec Holdings, Inc.",EARNINGS,2021-05-07,0.004723822750785431,1.2884383052259136,0.04268522043435519,220,-0.025226798548581918,-0.10808373570803434,9,-0.08932961436051162,2,0.0473776432681475,9,-0.1134215207190542,3
0001564590-21-028554,ATEC,"Alphatec Holdings, Inc.",OTHER,2021-05-18,0.00499756242096206,1.1049881665769674,0.042378050093593515,220,0.013944029379316217,-0.10738739597643529,9,0.007843502144667003,2,-0.12302697680270513,9,0.00903368792762092,3
0001564590-21-033642,ATEC,"Alphatec Holdings, Inc.",OTHER,2021-06-22,0.0040886711113833065,1.1090591109952361,0.04144916510916601,220,-0.04003669876239421,0.026848041485540812,9,-0.015064654291703707,2,-0.16026512927790926,9,0.04318921354992059,3
0001564590-21-036227,ATEC,"Alphatec Holdings, Inc.",EARNINGS,2021-07-12,0.004688806860049972,1.141832061712587,0.04094290340899308,220,0.10712228314192368,-0.1632139325052365,9,0.061360906603924924,2,-0.11836464950108347,9,0.04945484355276573,3
0001564590-21-037967,ATEC,"Alphatec Holdings, Inc.",OTHER,2021-07-27,0.004196222113297421,1.1119183608062972,0.0402740565312401,220,0.027802720269826622,-0.15199545856875757,9,0.03234415750514609,2,-0.09869598166919383,9,0.02541823117557995,3
0001564590-21-040246,ATEC,"Alphatec Holdings, Inc.",EARNINGS,2021-08-04,0.004250638025256236,1.1481813195483945,0.04017524243537577,220,0.06867095559469953,0.0022117996633305766,9,-0.03411805001959729,2,-0.13645503505037024,9,-0.08870406794845855,3
0001564590-21-040813,ATEC,"Alphatec Holdings, Inc.",OTHER,2021-08-05,0.003699996586106242,1.116586399632078,0.03980930761040457,220,-0.10203828078697531,-0.06610874995070083,9,-0.09530009310991715,2,-0.18672850655189596,9,-0.026233904735011398,3
0001564590-21-041862,ATEC,"Alphatec Holdings, Inc.",OTHER,2021-08-06,0.0033529894722938514,1.1159297922332962,0.03924280128484809,220,0.007086279775252802,0.027964591866090488,9,0.046753861358819045,2,-0.19155332818680917,9,-0.05493325417014237,3
0001564590-21-049126,ATEC,"Alphatec Holdings, Inc.",OTHER,2021-09-28,0.0020918934795953487,1.1079358342928318,0.040437330536647706,220,-0.0653537750833473,-0.03624855933561856,9,-0.07971049358110256,2,-0.029097200117525576,9,-0.08372728996623575,3
0001564590-21-054496,ATEC,"Alphatec Holdings, Inc.",EARNINGS,2021-11-05,0.0008817422710051849,0.9648944386029024,0.031035782938228423,220,0.015470928259750692,0.06188413379890177,9,-0.026419968852786208,2,-0.09877693902337487,9,-0.07266499609484234,3
0001564590-22-000789,ATEC,"Alphatec Holdings, Inc.",EARNINGS,2022-01-10,-0.0018614727144437798,1.389884666504763,0.029895710801180912,220,0.13190964344926695,-0.027363642296374918,9,0.12895489240574137,2,-0.11616728319636704,9,0.10047496658830804,3
0001564590-22-008046,ATEC,"Alphatec Holdings, Inc.",EARNINGS,2022-03-02,-0.002190782341239788,1.4773318032516594,0.03166948247291705,220,0.001210455758448182,0.1188025650033823,9,0.006354472705838804,2,-0.04216930030302915,9,0.03558257281923524,3
0001564590-22-018290,ATEC,"Alphatec Holdings, Inc.",EARNINGS,2022-05-06,-0.001379260815618909,1.6351322535580477,0.030279879976266466,220,-0.11675693627039371,-0.08434766098492696,9,-0.19692506827561157,2,0.006348531118557807,9,-0.17489507444405408,3
0001564590-22-021227,ATEC,"Alphatec Holdings, Inc.",PRESENTATION,2022-05-25,-0.0007428393452412407,1.6118309852552033,0.031356367298763656,220,0.009983303398975378,-0.03432308954083378,9,0.03924857248805824,2,-0.05821696073101485,9,-0.0012994690811717127,3
0000950170-22-014765,ATEC,"Alphatec Holdings, Inc.",EARNINGS,2022-08-05,-0.0018622690189607197,1.5193894922731777,0.03233259295681293,220,0.0007760656109032978,0.06707518802787205,9,-0.018825064876474826,2,0.04175481322092618,9,-0.014716552361727482,3
0000950170-22-021908,ATEC,"Alphatec Holdings, Inc.",EARNINGS,2022-11-04,-3.2163590346881606e-06,1.5300161981756097,0.033016550395756114,220,-0.012182531098230549,-0.08845358916319204,9,0.035955832944001814,2,-0.027335014751962164,9,0.027193351343732866,3
0000950170-23-005104,ATEC,"Alphatec Holdings, Inc.",EARNINGS,2023-03-01,0.0018039078020202065,1.482454032550488,0.03288326732676629,220,0.022788831651751815,0.12265847501585479,9,0.039276412644417356,2,-0.006880250489387584,9,0.04025773434960695,3
0000950170-23-007469,ATEC,"Alphatec Holdings, Inc.",OTHER,2023-03-13,0.001609225887288863,1.4784805765370073,0.033120736607691534,220,0.05434430479393567,0.06478910708346665,9,0.04554854835603649,2,0.0013923162976703356,9,-0.025058162709917224,3
0001193125-23-108488,ATEC,"Alphatec Holdings, Inc.",OTHER,2023-04-21,0.002098325630621457,1.405880204453238,0.032435024041973355,220,-0.01662981836515965,0.022578101271814713,9,-0.06106167672802364,2,-0.039346342161890036,9,-0.056098502317339476,3
0000950170-23-017916,ATEC,"Alphatec Holdings, Inc.",EARNINGS,2023-05-05,0.0024731822071992616,1.4713579924812168,0.032784122666869614,220,0.004394443371258622,-0.11431513288391888,9,-0.01891918502653088,2,-0.018489247621913642,9,-0.013691702180263181,3
0000950170-23-038024,ATEC,"Alphatec Holdings, Inc.",EARNINGS,2023-08-04,0.0029531385888381264,1.3798729886839445,0.029525933277585178,220,-0.052991783356166965,-0.05520514227675317,9,-0.054806515503480736,2,-0.09218521339218047,9,-0.06897442291918693,3
0000950170-23-053419,ATEC,"Alphatec Holdings, Inc.",EARNINGS,2023-10-16,0.0016905981674070736,1.2343376861644422,0.02663533710941478,220,0.013868237384863528,-0.19066805875588963,9,0.03738615535739952,2,-0.2099697773012244,9,0.06000883616443502,3
0000950170-23-053803,ATEC,"Alphatec Holdings, Inc.",OTHER,2023-10-18,0.0014187015982793372,1.2281216150211491,0.026724209025801908,220,0.014100258291402011,-0.07546409365472896,9,0.026859254838112218,2,-0.19302467010453547,9,0.050648783635083336,3
0001193125-23-264201,ATEC,"Alphatec Holdings, Inc.",OTHER,2023-10-27,0.000847662253378042,1.2768158012135975,0.02721555281163128,220,-0.024531730252291613,-0.017005971304394435,9,-0.10975467371996556,2,0.06035624121830807,9,-0.12105555347123395,3
0000950170-23-059413,ATEC,"Alphatec Holdings, Inc.",EARNINGS,2023-11-07,0.0006177739370463356,1.2494444494989194,0.027123968610039906,220,0.04820239642904213,-0.23366274360804792,9,0.02086318138862926,2,0.03612695729620893,9,0.012544891390638507,3
0000950170-24-002736,ATEC,"Alphatec Holdings, Inc.",EARNINGS,2024-01-08,-0.0008783958677112386,1.2408854987938305,0.03033585010417598,220,0.07413887317436074,-0.01594985685840961,9,0.06222344581693846,2,0.05998627082418175,9,0.036561984246297516,3
0000950170-24-021203,ATEC,"Alphatec Holdings, Inc.",EARNINGS,2024-02-28,-0.00103351936301483,1.7200659770906574,0.029665307896435556,220,-0.08535020916785505,-0.08995158912695551,9,-0.1298422425907553,2,0.010330787787908888,9,-0.11543690975078001,3
0000950170-24-033642,ATEC,"Alphatec Holdings, Inc.",PRESENTATION,2024-03-20,-0.0011825289272389156,1.7276025800447794,0.028911519921390263,220,-0.040944956911849614,0.01287643263145337,9,-0.04910036068614401,2,0.018145295371250682,9,-0.010145896198929041,3
0000950170-24-054549,ATEC,"Alphatec Holdings, Inc.",EARNINGS,2024-05-08,-0.0020214817138026224,1.748133686015714,0.02950314790055003,220,-0.21758782013051334,0.009487737887121768,9,-0.1558276580887434,2,-0.06308156490116414,9,-0.13314494412183556,3
0000950170-25-004614,ATEC,"Alphatec Holdings, Inc.",EARNINGS,2025-01-13,-0.001665632499200339,0.8183764495718443,0.04903424071219311,220,0.09167038652436334,0.07802402425368776,9,0.11426886348693277,2,0.016260006142808585,9,0.16052022694408777,3
0000950170-25-027786,ATEC,"Alphatec Holdings, Inc.",EARNINGS,2025-02-27,-0.0008950807055058674,0.8822043138979587,0.050069491234652465,220,0.11081765433138759,-0.010873650857890492,9,0.13177378090948116,2,-0.2199108161987495,9,0.17957182562160875,3
0001193125-25-044094,ATEC,"Alphatec Holdings, Inc.",OTHER,2025-03-04,-0.00017020309901357822,0.8911033659751416,0.04965987578767344,220,-0.03329177691498348,0.18494159907029148,9,-0.06742203613255832,2,-0.15890300329037083,9,-0.07238986408207901,3
0001193125-25-047166,ATEC,"Alphatec Holdings, Inc.",OTHER,2025-03-06,-8.17863475438853e-05,0.8890601881847006,0.0496618174454346,220,-0.04008037324136517,0.13877784406579435,9,-0.07646306590021987,2,0.0003351501102704102,9,-0.11065978190219451,3
0001193125-25-054786,ATEC,"Alphatec Holdings, Inc.",OTHER,2025-03-17,-1.4101572804947008e-05,0.8749847192844352,0.04991418535975162,220,0.04278241146229171,-0.2283719119550313,9,0.010202317867776811,2,0.08662526484882427,9,-0.0056995400403053904,3
0000950170-25-061859,ATEC,"Alphatec Holdings, Inc.",EARNINGS,2025-05-02,-0.0006178001372330398,0.8690142489539452,0.051002966795390625,220,0.07270885492890748,0.03124099323500028,9,0.0766432545673999,2,0.03992434195182831,9,0.07838842239990498,3
0000950170-25-100924,ATEC,"Alphatec Holdings, Inc.",EARNINGS,2025-08-01,0.0012025869170590722,0.7022124458530338,0.04876153782493382,220,0.3118193094399358,-0.006347307909498681,9,0.3798269493590753,2,0.031371765726518105,9,0.3672790831157299,3
0001193125-25-258609,ATEC,"Alphatec Holdings, Inc.",EARNINGS,2025-10-31,0.005101914196205046,0.490500416158839,0.04512939398709801,220,0.15617951286041254,0.08229793774157475,9,0.16595495007796215,2,-0.013343559435090874,9,0.1565447228142605,3
0001193125-25-271197,ATEC,"Alphatec Holdings, Inc.",OTHER,2025-11-07,0.0027043429144610895,0.7053993571089389,0.03578128031827687,220,0.01146533154657565,0.198203386065697,9,0.01997599057148248,2,0.004092211786787207,9,0.014191028799509946,3
0001564590-19-004889,ATYR,aTYR PHARMA INC,OTHER,2019-02-28,-0.005882987060658554,0.8263410833346198,0.0577508972016268,220,0.039680057714666116,-0.0019070560412091063,9,0.019570099391725698,2,0.032364125271446095,9,-0.003419470526669497,3
0001564590-19-007103,ATYR,aTYR PHARMA INC,PRESENTATION,2019-03-11,-0.005866180038826618,0.8962765101316712,0.058057777570629604,220,0.015091748928457459,-0.08530446690909246,9,0.019751498702910954,2,0.16148034420994203,9,0.059520443336161126,3
0001564590-19-009146,ATYR,aTYR PHARMA INC,EARNINGS,2019-03-26,-0.006338631747517265,0.9738940950034125,0.05819973372606774,220,0.04066319191225316,0.2582439262385721,9,0.031181842204435237,2,0.06819996829461272,9,-0.05672929191812205,3
0001564590-19-011319,ATYR,aTYR PHARMA INC,OTHER,2019-04-11,-0.006466050985957706,1.0859809186647766,0.058027209355645655,220,0.004919574441460912,0.06630364031191203,9,-0.03670311588885364,2,0.3291422872166627,9,-0.013186876513502949,3
0001564590-19-018835,ATYR,aTYR PHARMA INC,EARNINGS,2019-05-14,-0.0033983339495567257,1.2271848945610022,0.055277874817351955,220,-0.06984678141397041,-0.1624203171400773,9,-0.12383749427500264,2,-0.054545081188312076,9,-0.09892821009744582,3
0001564590-19-019764,ATYR,aTYR PHARMA INC,OTHER,2019-05-20,-0.001975435694352016,1.2649269578190523,0.04767290353215629,220,-0.02414369207531574,-0.24744348328792248,9,-0.0045536546024286875,2,-0.07850132904920394,9,0.01429531701009619,3
0001564590-19-024170,ATYR,aTYR PHARMA INC,OTHER,2019-07-01,-0.002501605760636012,1.1745678298590996,0.04481674160033649,220,0.0578021458949862,-0.05286602140807142,9,0.04955547115775768,2,-0.017777981593096893,9,0.07699921636394672,3
0001564590-19-032002,ATYR,aTYR PHARMA INC,EARNINGS,2019-08-14,-0.0017084202266946095,1.2331180431257827,0.04528869949176433,220,-0.01907019345456097,-0.07135667741711549,9,-0.02061991883108812,2,0.10592210933121439,9,-0.026852890862692765,3
0001564590-19-043514,ATYR,aTYR PHARMA INC,EARNINGS,2019-11-15,-0.002906025418416234,1.2361947502364532,0.04656662679034967,220,0.018753561512504367,0.08245616630890541,9,0.009995155987120218,2,0.3038532143766773,9,-0.05091408207933777,3
0001564590-19-045783,ATYR,aTYR PHARMA INC,CLINICAL,2019-12-12,-0.002679243589318925,1.1919057756421831,0.04914357792621434,220,-0.10986670156162374,0.03399697281010351,9,-0.057268598170749335,2,0.028704099070477183,9,-0.02993513228886502,3
0001564590-20-013193,ATYR,aTYR PHARMA INC,EARNINGS,2020-03-27,-0.002436663396331966,1.2031179498343227,0.05801973011697587,220,0.09022008983836413,0.16939294307056396,9,-0.06061285347170742,2,-0.07775992804105111,9,-0.13487729429853634,3
0001564590-20-017579,ATYR,aTYR PHARMA INC,REGULATORY,2020-04-21,-0.001903242024809429,1.4235636174594495,0.05779099546905838,220,0.09690649292677017,-0.16232158081496734,9,0.1995227064632319,2,-0.03655800068367306,9,0.26691022743968396,3
0001564590-20-024718,ATYR,aTYR PHARMA INC,EARNINGS,2020-05-13,-0.001755517301135569,1.0162718408827136,0.06026608762571325,220,-0.02161444360900138,0.08217658169874446,9,-0.06167094437565133,2,-0.00562768183717146,9,-0.09344907596455168,3
0001564590-20-025993,ATYR,aTYR PHARMA INC,PRESENTATION,2020-05-19,-0.0012815111898620444,1.01080016108032,0.06108545039051635,220,-0.025769244184542725,0.08428621546634481,9,-0.02221455820782656,2,-0.010840031180782903,9,-0.07776366014737073,3
0001564590-20-026385,ATYR,aTYR PHARMA INC,OTHER,2020-05-21,-0.0017354233497972177,0.9058040833954375,0.061620000572670065,220,0.016163376546069502,-0.01521250254473331,9,0.1296923631448152,2,-0.10617593513670447,9,0.1354846185195861,3
0001564590-20-030026,ATYR,aTYR PHARMA INC,PRESENTATION,2020-06-22,0.0001780642349713063,0.891376442488452,0.062238073512242614,220,-0.03190155454165206,0.03542482276328517,9,-0.07987210390455057,2,0.08182189655040494,9,0.004125890462793387,3
0001564590-20-040004,ATYR,aTYR PHARMA INC,EARNINGS,2020-08-14,0.0030929651659821903,0.8747811995891028,0.0605157501236705,220,-0.028694181783635392,-0.16993870983658904,9,0.059921907719535816,2,-0.10014562480535355,9,0.1325864975419757,3
0001564590-20-053568,ATYR,aTYR PHARMA INC,EARNINGS,2020-11-13,0.0007112474144835995,0.8194518177414692,0.05954331217971114,220,-0.006103446857616273,-0.055952623930404864,9,-0.03479537872270265,2,0.29158185056355573,9,-0.0093754278650869,3
0001564590-21-000167,ATYR,aTYR PHARMA INC,CLINICAL,2021-01-05,-0.001779370343831956,0.8184814615790544,0.050782891462276165,220,-0.03408462005415418,-0.04230177169632522,9,-0.07096484368045222,2,0.06008940334201351,9,-0.03484672161568117,3
0001564590-21-000713,ATYR,aTYR PHARMA INC,PRESENTATION,2021-01-11,-0.001382410379623486,0.8239198821198056,0.05073803369878133,220,0.039599781306198775,-0.10291245264285423,9,0.03837506905328289,2,-0.03467834888730382,9,0.06348670299377876,3
0001564590-21-001138,ATYR,aTYR PHARMA INC,OTHER,2021-01-14,-0.001256002717770793,0.8097049027881059,0.05220510844351365,220,0.04470055117179025,0.0015601112263968627,9,0.03234946011088608,2,-0.061301783580800975,9,-0.007599438641857479,3
0001564590-21-001861,ATYR,aTYR PHARMA INC,PRESENTATION,2021-01-22,-0.000583414437007323,0.8042917422143944,0.05191034415632807,220,0.03149129011379425,0.04971764565125563,9,0.04379120099301488,2,0.3418683388959072,9,0.033540482359964305,3
0001564590-21-002003,ATYR,aTYR PHARMA INC,OTHER,2021-01-25,-0.0007127988630140857,0.8005463771535563,0.05199616329212243,220,0.012444065625317195,0.01172643061637444,9,-0.02226838089151909,2,0.8275857941216658,9,0.009339037734021317,3
0001564590-21-005005,ATYR,aTYR PHARMA INC,OTHER,2021-02-10,0.0010812018516941618,0.8110632613077005,0.050431001574206435,220,-0.160402660317298,0.8112480056076634,9,-0.15313237929832518,2,-0.2979554847841338,9,-0.2368003901115917,3
0001564590-21-013011,ATYR,aTYR PHARMA INC,CLINICAL,2021-03-15,0.0023746750167294027,0.4450321511866145,0.04859471117075574,220,-0.017223754479565374,0.08076048343919749,9,0.24433720299102274,2,-0.361232223696821,9,0.2685031397149594,3
0001564590-21-014861,ATYR,aTYR PHARMA INC,EARNINGS,2021-03-24,0.004991215986955052,0.42742432535692393,0.05887356332461045,220,-0.05566395749827549,0.10229873763574668,9,-0.030870759984832286,2,-0.16395029603198122,9,-0.10768574076826419,3
0001564590-21-023319,ATYR,aTYR PHARMA INC,OTHER,2021-05-05,0.0019504426865844177,0.9915964286552145,0.06217350876349389,220,-0.030179384248896723,0.08834911843641459,9,-0.07399083906305498,2,0.09727365255899825,9,-0.1111864051633323,3
0001564590-21-027552,ATYR,aTYR PHARMA INC,EARNINGS,2021-05-14,0.0009635492416610462,0.9558946125182406,0.06240216669335489,220,0.0009329363149259244,-0.03832746926158108,9,-0.003033064340746618,2,0.20657506194550368,9,-0.07521973658675173,3
0001564590-21-047679,ATYR,aTYR PHARMA INC,CLINICAL,2021-09-13,0.0013227769035178397,0.9009555598815122,0.059122464963011975,220,0.6660794314921413,0.051988499183043185,9,0.6532252164859752,2,0.1398904643463828,9,0.6463933523512014,3
0001564590-21-048145,ATYR,aTYR PHARMA INC,OTHER,2021-09-17,0.0006305786893883807,0.8959170009297399,0.05884299931572256,220,0.012969719026079993,0.6072553798983378,9,0.018548625749521902,2,-0.1405920382053846,9,0.22356364641100662,3
0001564590-22-010086,ATYR,aTYR PHARMA INC,EARNINGS,2022-03-15,0.001075245993333127,0.35129301461828044,0.059807926833645705,220,-0.008800273037982103,0.06203863556569136,9,-0.007138882402731854,2,0.15961441154115324,9,-0.09915821917806637,3
0001564590-22-014285,ATYR,aTYR PHARMA INC,EARNINGS,2022-04-13,0.0025035688001130226,0.5336953131370082,0.05764411063551111,220,0.0652235484222339,-0.15101885403719084,9,0.04186039918172299,2,-0.17553582881233754,9,0.008681147900734876,3
0001564590-22-018868,ATYR,aTYR PHARMA INC,EARNINGS,2022-05-10,0.002869206314474546,0.5954233146944804,0.05832571516491864,220,-0.034885730546363417,-0.10891492883612994,9,-0.12024973953059621,2,-0.14025021991632286,9,-0.1847208471289644,3
0001564590-22-020476,ATYR,aTYR PHARMA INC,PRESENTATION,2022-05-17,0.0024752198750380232,0.703035323355727,0.058108009419527665,220,0.022024047003447275,-0.30260681188254873,9,-0.014610653822571429,2,-0.12461906961762867,9,-0.007697236280553382,3
0000950170-22-016670,ATYR,aTYR PHARMA INC,REGULATORY,2022-08-11,-0.0005659938452275003,0.9263388737113378,0.058540055481620216,220,-0.02088170677058264,0.04852163454052803,9,-0.06613465369801635,2,0.07386053332823234,9,-0.07143850028771906,3
0000950170-22-017380,ATYR,aTYR PHARMA INC,EARNINGS,2022-08-16,-0.00028348412344337724,0.922366029929564,0.05855773020848587,220,0.1385867875823958,-0.04527268291069546,9,0.10204367166948958,2,-0.08511049152575195,9,0.12677482143869284,3
0000950170-22-024480,ATYR,aTYR PHARMA INC,EARNINGS,2022-11-11,-0.003663382034189319,0.8722294673724993,0.031292552912679836,220,0.041440040706718084,-0.023875450564561182,9,0.028426860105534323,2,-0.10241239061797783,9,0.03261559514890576,3
0000950170-23-001836,ATYR,aTYR PHARMA INC,OTHER,2023-02-06,-0.0034053248861364064,0.8341953226576929,0.03252266823131231,220,0.07372090207924709,-0.07461572695654035,9,0.0743792369152714,2,-0.061246171204627164,9,0.11343707918701611,3
0000950170-23-002384,ATYR,aTYR PHARMA INC,OTHER,2023-02-10,-0.0033117680203955677,0.8070204922358759,0.03256726254786233,220,0.0014283886666353557,-0.005927605820893588,9,-0.004733277009213089,2,0.019384592425532948,9,-0.07005556228080265,3
0000950170-23-007002,ATYR,aTYR PHARMA INC,EARNINGS,2023-03-10,-0.002707567510707896,0.7870578697077194,0.033543731316267915,220,0.019245595030627467,0.013010662032870044,9,0.02822966149327057,2,-0.014105855393226958,9,-0.04630619465057752,3
0000950170-23-007341,ATYR,aTYR PHARMA INC,OTHER,2023-03-13,-0.002839456249955492,0.7841024677341619,0.033573168163793854,220,0.009111742599865753,-0.05759918220296301,9,0.009246341619188799,2,0.014453515602571156,9,0.02858118127290417,3
0000950170-23-019633,ATYR,aTYR PHARMA INC,EARNINGS,2023-05-10,-0.0021571466651916418,0.7843233932269084,0.03115434108045439,220,0.05952536143318915,0.0559218696282555,9,0.09844840567274288,2,0.07790375657928457,9,0.09937218791346591,3
0000950170-23-040581,ATYR,aTYR PHARMA INC,EARNINGS,2023-08-10,-0.002264771022498041,0.6461373155426983,0.035201476991559184,220,0.0020327502466870734,0.031174029427613492,9,0.025082419654720977,2,-0.04896062317582362,9,0.03166677502168367,3
0000950170-23-047360,ATYR,aTYR PHARMA INC,CLINICAL,2023-09-11,-0.0026479967550969816,0.6035480285301223,0.03383771967639549,220,-0.0013214548014531236,-0.0943459544513911,9,-0.0013866583736379802,2,-0.019626064909709796,9,0.006413048189835296,3
0000950170-23-049802,ATYR,aTYR PHARMA INC,PRESENTATION,2023-09-26,-0.0016551042333837382,0.6190208880274307,0.033098346445618675,220,0.03655575673259945,0.009105509041379568,9,0.06941030199820206,2,-0.1373133979661503,9,0.031195174432781032,3
0000950170-23-062020,ATYR,aTYR PHARMA INC,EARNINGS,2023-11-10,-0.00164453069004589,0.67875027739919,0.031864445276170716,220,-0.035034255114012244,-0.029942962172076537,9,-0.03720693678095104,2,0.1266216219565532,9,-0.08764608834730253,3
0000950170-24-031441,ATYR,aTYR PHARMA INC,EARNINGS,2024-03-15,-0.0010770848741781002,0.7862647942284,0.03230535243922339,220,0.23487095986981152,-0.16045253232157713,9,0.2136872281753735,2,-0.0252715507480228,9,0.210183894352533,3
0000950170-24-052058,ATYR,aTYR PHARMA INC,EARNINGS,2024-05-03,-0.0003101670516711695,0.7073969654368836,0.035988249062585846,220,-0.002208348515458758,-0.016212230993509914,9,0.02185263215797313,2,0.176622710853025,9,0.02183563227478079,3
0000950170-24-065899,ATYR,aTYR PHARMA INC,OTHER,2024-05-30,-0.001671539012142808,0.7734999113918095,0.03555261561630807,220,0.05442182390043835,-0.005262909311303152,9,0.032002861239198946,2,0.06708035812964488,9,-0.022361681009298185,3
0000950170-24-085058,ATYR,aTYR PHARMA INC,OTHER,2024-07-22,-0.0006476672612841403,0.8168311883955758,0.035616584044937324,220,0.12637280357313296,0.09799809730582643,9,0.1336778313998727,2,0.08298488706546131,9,0.13974959728810005,3
0000950170-24-096139,ATYR,aTYR PHARMA INC,EARNINGS,2024-08-14,-0.0011447562859926161,0.7805395204544928,0.03782875484212143,220,0.06190072425782515,-0.06281333174978089,9,0.13074788178566463,2,-0.07300541393875509,9,0.0803823753949082,3
0000950170-24-123256,ATYR,aTYR PHARMA INC,EARNINGS,2024-11-08,0.0017132995313034912,0.7377130612815133,0.04124387654449619,220,0.0015426700106483957,-0.02457345989048493,9,0.07604965073912667,2,-0.10421702322646123,9,0.022478276503206725,3
0000950170-25-038703,ATYR,aTYR PHARMA INC,EARNINGS,2025-03-14,0.004084611306034513,0.6891700305384942,0.04511690914661672,220,-0.023332412524903475,-0.05164303462035158,9,-0.02265582950405273,2,-0.26654920052978537,9,0.1063901761576505,3
0000950170-25-065611,ATYR,aTYR PHARMA INC,EARNINGS,2025-05-08,0.003788268739965456,1.18850021318702,0.048737221441855653,220,0.0448925134039095,-0.16085264082735778,9,0.024654471642594687,2,0.08545333238955422,9,-0.005803873331242833,3
0001193125-25-202865,ATYR,aTYR PHARMA INC,CLINICAL,2025-09-15,0.004930235880790404,1.127521861940103,0.05357188651234774,220,-0.8426078748520548,-0.07316764371275676,9,-0.7819461767022831,2,-0.3476189044338738,9,-0.6401114983532542,3
0001193125-25-269486,ATYR,aTYR PHARMA INC,EARNINGS,2025-11-07,-0.0007333300214412502,1.0304775668732653,0.07741037661142768,220,0.06075780328035562,-0.17453993545354446,9,0.012363598172151415,2,-0.11940150931088361,9,-0.029900886301612736,3
0001078782-19-000021,AXIM,"AXIM BIOTECHNOLOGIES, INC.",OTHER,2019-01-08,-0.007708528894904544,0.5295430750335693,0.06119076672933928,220,0.20612321713453796,1.1595595300967194,9,0.16910335525567913,2,-0.13312204713925907,9,0.05323352207928113,3
0001078782-19-000057,AXIM,"AXIM BIOTECHNOLOGIES, INC.",PRESENTATION,2019-01-15,-0.007927469385792684,0.5792459403636747,0.06109833993518317,220,-0.04282877750455704,0.7008469607311811,9,-0.15937999001891967,2,-0.09700961736699383,9,-0.1479186214903585,3
0001078782-19-000294,AXIM,"AXIM BIOTECHNOLOGIES, INC.",OTHER,2019-04-04,-0.0017825187796874484,-0.26222070968201683,0.0915872979489927,220,0.01549182173667354,-0.09076290209038851,9,0.025981129528462883,2,-0.15915327231674642,9,0.008042123255339798,3
0001078782-19-000366,AXIM,"AXIM BIOTECHNOLOGIES, INC.",OTHER,2019-04-23,-0.0017385973031304207,-0.2070623186778821,0.09075299489309521,220,0.26922554252224357,-0.15982763575494902,9,0.1840847766967138,2,-0.2246913029684887,9,0.21825990505041737,3
0001078782-19-000493,AXIM,"AXIM BIOTECHNOLOGIES, INC.",OTHER,2019-06-03,-0.0005414513433715148,-0.17913122942017567,0.09619849241561973,220,0.17986116109498337,-0.25295834038145654,9,0.10810055828520163,2,-0.1006606813228526,9,0.043070306816557546,3
0001078782-19-000576,AXIM,"AXIM BIOTECHNOLOGIES, INC.",OTHER,2019-07-09,-0.0002430928978076689,0.2669457092150869,0.09727442923339166,220,0.06295105398119392,0.07848988959525371,9,0.02703496091717729,2,-0.09181523173029286,9,0.01533028337042519,3
0001078782-20-000007,AXIM,"AXIM BIOTECHNOLOGIES, INC.",OTHER,2020-01-08,-0.001419103720631161,0.7031972687185452,0.08422711395397872,220,0.1401711310842214,0.07843636530337922,9,0.19809141925051654,2,-0.2555522046414271,9,0.17709749325981564,3
0001078782-20-000186,AXIM,"AXIM BIOTECHNOLOGIES, INC.",OTHER,2020-03-19,-0.00624682335436245,0.7629382345069947,0.07334088735812314,220,0.08154870274398089,-0.3077905486643157,9,-0.022183253032854747,2,0.18817786804144498,9,-0.04205491333879701,3
0001078782-20-000203,AXIM,"AXIM BIOTECHNOLOGIES, INC.",OTHER,2020-03-27,-0.005661860903469427,0.8440027436576556,0.0736085528908996,220,-0.03169912440408526,-0.019585075977863714,9,-0.08011352117822187,2,-0.06376093704423014,9,0.08838860383785233,3
0001078782-20-000320,AXIM,"AXIM BIOTECHNOLOGIES, INC.",OTHER,2020-05-13,-0.006618097160171681,0.6040455831865372,0.0782016789890202,220,0.1284122777686277,-0.08145413265012982,9,0.1063727534465875,2,1.6474053653200433,9,0.11715654582330404,3
0001078782-20-000333,AXIM,"AXIM BIOTECHNOLOGIES, INC.",OTHER,2020-05-14,-0.007006199259811659,0.6116426228698911,0.07828525504660501,220,-0.021742340941850104,-0.08540406977550935,9,-0.06864273197892629,2,1.782688648682701,9,0.06029200828365307,3
0001096906-21-001784,AXIM,"AXIM BIOTECHNOLOGIES, INC.",OTHER,2021-08-03,0.002195134107898139,1.2550068354852073,0.07781789527401708,220,-0.057181134064283066,-0.2800322031214122,9,0.009296877169680258,2,-0.15084684286114783,9,-0.05188992866069651,3
0001096906-22-000524,AXIM,"AXIM BIOTECHNOLOGIES, INC.",OTHER,2022-03-09,-0.00266917751753336,0.6224618892527618,0.07743590168022609,220,-0.000505914579182155,-0.10473613716363486,9,0.0649738204853137,2,-0.15650947013713282,9,-0.002637728774603859,3
0001096906-22-002280,AXIM,"AXIM BIOTECHNOLOGIES, INC.",OTHER,2022-09-19,-0.009409852938227813,0.9434656297382222,0.07523272016388088,220,0.09300228108614242,-0.03190920245173767,9,0.15490852449954953,2,0.233693377484121,9,0.21913499474306983,3
0001193125-22-101666,BCAB,"BioAtla, Inc.",PRESENTATION,2022-04-12,-0.00862993153697361,1.3301779895145145,0.037662605172896955,220,-0.01700918752051295,0.18608929569404373,9,-0.07091162226479221,2,-0.018450345546850176,9,-0.06714700982782389,3
0000950170-22-007371,BCAB,"BioAtla, Inc.",EARNINGS,2022-05-05,-0.009230259265029604,1.5931911352280703,0.03847154970571617,220,-0.34590786676796803,0.1570444284972934,9,-0.41883460423194185,2,0.22251776039945043,9,-0.3928477186543269,3
0000950170-22-016024,BCAB,"BioAtla, Inc.",EARNINGS,2022-08-10,-0.0091304174039291,2.079730364060815,0.04878147990930485,220,0.7964727767886761,0.013603088344735913,9,1.0083263409399577,2,0.37613341681341644,9,0.9909558143878674,3
0001193125-22-277328,BCAB,"BioAtla, Inc.",CLINICAL,2022-11-04,-0.00035519983933192064,2.224115070779296,0.08543816774765689,220,0.15544998362601642,-0.08145464201626537,9,0.20340452706032858,2,-0.034884485655651803,9,0.21270800037250331,3
0000950170-23-007213,BCAB,"BioAtla, Inc.",OTHER,2023-03-10,0.002900046105040178,1.923186749439166,0.09273554662329866,220,-0.11184062781811743,0.03177727644724128,9,-0.08699938171738632,2,-0.11878045621210746,9,-0.13388661297262833,3
0000950170-23-009469,BCAB,"BioAtla, Inc.",EARNINGS,2023-03-24,0.0036095465064797634,1.882277875053899,0.09236765396375958,220,0.010125919035642184,-0.1972945720754235,9,0.058081711535278246,2,0.2522613512129591,9,0.03228942541934694,3
0000950170-23-021212,BCAB,"BioAtla, Inc.",EARNINGS,2023-05-12,0.003533425326570137,1.6600697467957475,0.08926334571200652,220,0.14194389106874147,-0.0671333336226335,9,0.18717902543854803,2,-0.27402438460308254,9,0.1563289450598547,3
0000950170-23-036440,BCAB,"BioAtla, Inc.",EARNINGS,2023-08-02,0.0031738234588438684,1.708563690197234,0.0874724144295318,220,0.055315891594147876,-0.030513779202543792,9,0.0637498792578301,2,-0.14671621610181124,9,0.0286759485881093,3
0000950170-23-060210,BCAB,"BioAtla, Inc.",EARNINGS,2023-11-08,-0.005734964377783484,1.1342208129989046,0.05518077113217962,220,-0.05759558825204293,0.3611502460516021,9,-0.15513632333217703,2,0.10536031134670519,9,-0.19610782881375338,3
0001193125-23-288019,BCAB,"BioAtla, Inc.",PRESENTATION,2023-12-04,-0.006965705160959217,1.3247498912209776,0.05601601963464323,220,-0.2120687431752015,0.224231207118499,9,-0.18294417734848853,2,0.3987057329421624,9,-0.18381560304400762,3
0001193125-23-293959,BCAB,"BioAtla, Inc.",CLINICAL,2023-12-13,-0.006643903984046204,1.4324420750368783,0.057406993825942,220,0.21944857645523358,0.10826648461186213,9,0.16017449570823872,2,0.45139627233763974,9,0.20905642400702346,3
0001193125-24-004912,BCAB,"BioAtla, Inc.",PRESENTATION,2024-01-09,-0.006556169466547452,1.859810764606466,0.058800630406358405,220,0.029377740488732138,0.2055817991785447,9,0.041102089241714615,2,-0.1950220530970454,9,0.07152792183655884,3
0000950170-24-013807,BCAB,"BioAtla, Inc.",OTHER,2024-02-13,-0.0012322363423946385,2.544986870761366,0.05806617289929192,220,-0.1237155287766961,0.2271932174626372,9,-0.04171501945877315,2,0.04586622576194102,9,-0.03936580680242932,3
0000950170-24-036395,BCAB,"BioAtla, Inc.",EARNINGS,2024-03-27,-0.00029003721585624774,2.5061418122706227,0.059809963161712006,220,0.1287304210785422,-0.11970761325127748,9,0.12371948278619409,2,0.011379701894491334,9,0.42048393787392274,3
0000950170-24-059508,BCAB,"BioAtla, Inc.",EARNINGS,2024-05-15,-0.0008576471849945739,2.5381823203609173,0.06453968502346168,220,0.11885229867526845,0.1721358883466586,9,0.1582656429873622,2,-0.6359019727686361,9,0.13611421429563705,3
0000950170-24-061616,BCAB,"BioAtla, Inc.",OTHER,2024-05-20,7.14921169231832e-05,2.50169563323616,0.06465813033982344,220,-0.13546241438909343,-0.11512095250771785,9,-0.19258572863702667,2,-0.3206208388196166,9,-0.28335029097651004,3
0000950170-24-093888,BCAB,"BioAtla, Inc.",EARNINGS,2024-08-09,-0.002995130346170657,2.99043652012044,0.07711051383966017,220,-0.01019248278817337,-0.049872814194666784,9,-0.06319066221456932,2,0.20206885236092761,9,-0.07177185551128487,3
0000950170-24-123281,BCAB,"BioAtla, Inc.",EARNINGS,2024-11-08,-0.000266919201286772,2.8570299312063923,0.07883333142536479,220,-0.06616326345926754,0.02806792444209104,9,0.05995325654316702,2,-0.361473511244433,9,0.1157987416276129,3
0001193125-24-282547,BCAB,"BioAtla, Inc.",PRESENTATION,2024-12-20,-8.82633249682809e-05,2.3641278620878423,0.0771200280997835,220,-0.44679447516971976,-0.1856638466761052,9,-0.5779151094172703,2,0.02885628520396152,9,-0.5686263726241703,3
0001193125-24-283212,BCAB,"BioAtla, Inc.",OTHER,2024-12-23,0.00021055320861309386,2.393826864891683,0.07721863476933082,220,-0.13159729461196845,-0.2248889473668008,9,-0.14204885749515833,2,-0.03964364852477654,9,-0.5894988611340551,3
0000950170-25-064415,BCAB,"BioAtla, Inc.",EARNINGS,2025-05-07,-0.00852621289260218,2.226111578909483,0.0658780397238542,220,-0.0576778820342347,0.36953360361789506,9,-0.008859113703208812,2,-0.19634483792530275,9,-0.0647379027031155,3
0000950170-25-105000,BCAB,"BioAtla, Inc.",EARNINGS,2025-08-08,-0.004697523422247061,1.6954641947708387,0.06303142436964596,220,-0.07957543647868892,0.051024912990368654,9,-0.043196517818928894,2,0.006192087953168092,9,-0.023745478623743786,3
0001193125-25-211305,BCAB,"BioAtla, Inc.",OTHER,2025-09-23,-0.005921699524345264,1.6450356311621932,0.06297539812041543,220,-0.05860585101454177,0.06925426342227343,9,-0.0008986153330377278,2,0.3229152997552422,9,0.003671170723258836,3
0001193125-25-280141,BCAB,"BioAtla, Inc.",EARNINGS,2025-11-14,-0.003656124273589269,1.6828316299482156,0.06469166637295225,220,0.20090151008045268,0.02331785331231727,9,0.5113747191350699,2,-0.189506271691185,9,0.5022578769273423,3
0001193125-25-337646,BCAB,"BioAtla, Inc.",OTHER,2025-12-31,0.0023749865801471603,1.7759622262969166,0.0650993735294287,220,-0.19702744127118588,0.0037583647032653003,9,-0.2625168697990635,2,-0.5103036443110686,9,-0.34818226753005665,3
0001628280-19-002957,BNGO,"Bionano Genomics, Inc.",EARNINGS,2019-03-15,-0.0024290586694073733,0.599805566511184,0.04635331328613636,110,0.18994188444906898,0.06921675762851093,9,0.16019604399937337,2,-0.0741924745770999,9,0.13298591006317073,3
0001628280-19-006444,BNGO,"Bionano Genomics, Inc.",EARNINGS,2019-05-10,-0.001291087056088109,0.39227056567252316,0.050840520585103556,149,-0.060788654017681784,-0.017833188164553086,9,-0.08452347273980172,2,-0.08405820694218802,9,-0.13874645667583338,3
0001628280-19-010446,BNGO,"Bionano Genomics, Inc.",EARNINGS,2019-08-09,-0.003257468062653294,0.3592740190660011,0.04692085491405542,212,-0.0938213865929719,-0.16912352670351186,9,-0.049348150795068685,2,-0.13800233357647762,9,-0.10268929411720704,3
0001140361-19-016942,BNGO,"Bionano Genomics, Inc.",OTHER,2019-09-19,-0.004251503491600658,0.36573514615708613,0.047081785060383505,220,-0.19383735816427172,-0.0026040993035477827,9,-0.2702107383674099,2,-0.06295044078332539,9,-0.29370096287608727,3
0001140361-19-018941,BNGO,"Bionano Genomics, Inc.",OTHER,2019-10-24,-0.0064393304616657855,0.16380906165531964,0.04946900950120676,220,-0.07564643889809917,3.6935121971455085,9,-0.18868982155297992,2,0.2265235343154593,9,-0.23445129234382028,3
0001411690-19-000014,BNGO,"Bionano Genomics, Inc.",EARNINGS,2019-11-08,-0.009106509759922499,0.2078236565045226,0.05189656518762885,220,-0.12866083324201924,-0.002690719112101378,9,-0.1532483467603115,2,0.22768874881295958,9,-0.011539477972339462,3
0001140361-20-001848,BNGO,"Bionano Genomics, Inc.",OTHER,2020-01-31,0.009878239676934221,-0.828030710839669,0.29423500883476034,220,-0.07995932897992619,-0.16567883656588112,9,-0.10310404024882881,2,-0.008024357441601807,9,-0.10103582812843825,3
0001411690-20-000003,BNGO,"Bionano Genomics, Inc.",EARNINGS,2020-03-06,0.009994253166656948,-0.79694417135823,0.29380523734882136,220,-0.3506022264191503,-0.08245244361769699,9,-0.30441231346601927,2,-0.8237459189800839,9,-0.3042010940295685,3
0001140361-20-008106,BNGO,"Bionano Genomics, Inc.",OTHER,2020-04-07,0.008784240867909967,-0.1883410563578732,0.2936206142319613,220,-0.008592255702826531,-0.39157509561821274,9,0.060374395201400956,2,0.15345446338096913,9,0.06424030903795584,3
0001411690-20-000010,BNGO,"Bionano Genomics, Inc.",EARNINGS,2020-06-19,0.007186779087238675,0.6171021453816996,0.2974621008959409,220,-0.09981373021603737,-0.1157305376906645,9,-0.17478938815429237,2,0.015148945445806736,9,-0.162606040983935,3
0001411690-20-000015,BNGO,"Bionano Genomics, Inc.",EARNINGS,2020-08-14,0.010881881015962972,0.6438788998725541,0.2980385677099864,220,-0.1018099126046209,-0.15466875985103062,9,-0.1718802473291073,2,-0.17021306837896547,9,-0.1815978968248505,3
0001140361-20-019070,BNGO,"Bionano Genomics, Inc.",OTHER,2020-08-26,0.011079651706338262,0.6573877239196703,0.297792984838019,220,-0.04752127785093936,-0.37542218246074033,9,-0.09080728758299009,2,-0.21162196318535564,9,-0.005826603018279787,3
0001140361-20-023071,BNGO,"Bionano Genomics, Inc.",EARNINGS,2020-10-16,-0.0023501318831220704,0.7364612552162524,0.08257010581975108,220,-0.014446291996620493,-0.06784559653465017,9,-0.018443335864454045,2,-0.07512414423777747,9,-0.032132167086425724,3
0001411690-20-000020,BNGO,"Bionano Genomics, Inc.",EARNINGS,2020-11-13,6.90421035098802e-05,0.7914948761217888,0.07254246637147382,220,-0.09874594502738339,0.01935324647806906,9,-0.1471566934567431,2,-0.016319160399836424,9,-0.12169040224725924,3
0001140361-21-000749,BNGO,"Bionano Genomics, Inc.",OTHER,2021-01-11,-0.0017683479166332738,0.7563355648656785,0.07150622758378294,220,0.2132497679948196,2.7360122183891478,9,0.1601846885194304,2,0.9351674941832129,9,0.09764353837325217,3
0001140361-21-001667,BNGO,"Bionano Genomics, Inc.",OTHER,2021-01-21,-0.0017440205460451416,0.7541139955259833,0.0714037297593332,220,0.02838581870549768,0.6863667855581969,9,0.2178049095295025,2,0.19036028344970876,9,0.08985678139659502,3
0001140361-21-009777,BNGO,"Bionano Genomics, Inc.",OTHER,2021-03-25,0.022287517704088117,-0.2873261373486402,0.13415281747965882,220,0.04258588373615667,-0.21537823533531475,9,0.0059413229619501365,2,-0.2424439143157736,9,-0.130112685578098,3
0001140361-21-034291,BNGO,"Bionano Genomics, Inc.",OTHER,2021-10-12,0.01672192621929674,0.15851988127027103,0.13314710371480906,220,0.03259196780940943,-0.21597012704482532,9,0.015299754284738822,2,-0.1947168398223033,9,-0.00804154475822487,3
0001140361-22-001415,BNGO,"Bionano Genomics, Inc.",EARNINGS,2022-01-12,-0.002558405842071559,1.935788269387496,0.06272564361585725,220,0.011923373195990215,-0.04767926400416312,9,-0.045176277574936585,2,-0.12608483373284768,9,-0.04917936821072622,3
0001411690-22-000006,BNGO,"Bionano Genomics, Inc.",EARNINGS,2022-03-02,-0.005338328293419046,2.002934528250088,0.04920353542210268,220,-0.02687837360877944,0.11712817815169839,9,-0.09451817884960118,2,0.04034770402026455,9,-0.04932879556934405,3
0001411690-22-000012,BNGO,"Bionano Genomics, Inc.",EARNINGS,2022-05-06,-0.003068647642070989,2.3706039723154744,0.04372954417465216,220,-0.054209919539579696,0.10791629526624519,9,-0.09703548611447196,2,0.3101500575400568,9,-0.10648297147722112,3
0001411690-22-000020,BNGO,"Bionano Genomics, Inc.",EARNINGS,2022-08-05,-0.003940067536907234,2.435015755068754,0.04001021103172792,220,0.03358728117356628,0.10802105357260171,9,0.0984457485325004,2,0.09649970159255095,9,0.14385424820891196,3
0001411690-22-000028,BNGO,"Bionano Genomics, Inc.",EARNINGS,2022-11-04,-0.000714594792623429,2.7093094776452076,0.04772826976721273,220,-0.03389507519311628,0.06649554192469276,9,-0.08529732164277806,2,0.009891434195643367,9,-0.03426338285309318,3
0001140361-22-043393,BNGO,"Bionano Genomics, Inc.",PRESENTATION,2022-11-29,0.0014976329472460017,2.7288046627521223,0.048190505278183034,220,-0.06543720591754953,-0.2121597967485074,9,-0.0949996095920684,2,0.03963239268088123,9,-0.13403583323378646,3
0001140361-23-000651,BNGO,"Bionano Genomics, Inc.",EARNINGS,2023-01-06,0.0027115526348295395,2.6410589001533635,0.0509254797447006,220,-0.07007979137891826,-0.14452913285479782,9,-0.009650329421516599,2,0.12014585848530641,9,0.004359113339607146,3
0001411690-23-000008,BNGO,"Bionano Genomics, Inc.",EARNINGS,2023-03-10,0.001974674543191456,2.5278917430702923,0.051805080830932555,220,-0.00549919334126945,-0.039812940425702846,9,0.046129365100756645,2,-0.226939506358474,9,0.0449930530426564,3
0001140361-23-011289,BNGO,"Bionano Genomics, Inc.",OTHER,2023-03-13,0.0020279517274737727,2.5062548963727216,0.05175612455879917,220,0.051544440301072865,-0.0005356503751335617,9,-0.007785060299096862,2,-0.1741307821126285,9,-0.013649733432671535,3
0001140361-23-019943,BNGO,"Bionano Genomics, Inc.",EARNINGS,2023-04-25,0.0007975576165037385,2.461761854398107,0.05088958065969983,220,-0.013001449573246684,-0.38674724003055694,9,-0.03039897173921433,2,-0.009544997685304014,9,0.11329408978932069,3
0001411690-23-000022,BNGO,"Bionano Genomics, Inc.",EARNINGS,2023-05-10,0.00034635441771389244,2.4580843754390465,0.050795918939827656,220,0.04222281267174955,-0.04651668876563398,9,0.007701320938527496,2,-0.09746108816994863,9,0.03183314285116298,3
0001411690-23-000067,BNGO,"Bionano Genomics, Inc.",EARNINGS,2023-08-10,-0.00662708103611239,2.221937752032387,0.046504856853332194,220,-0.027905707524471045,-0.2592053326909469,9,-0.024970622805788097,2,-0.1552162016338453,9,0.02884897141625119,3
0001140361-23-039417,BNGO,"Bionano Genomics, Inc.",OTHER,2023-08-14,-0.00721173009241672,2.211259911266737,0.04568789366823591,220,-0.13782638022298388,-0.21938692077813715,9,-0.1395381933809529,2,-0.03538191090697885,9,-0.13602468572785825,3
0001140361-24-001200,BNGO,"Bionano Genomics, Inc.",EARNINGS,2024-01-08,-0.0112314290981423,2.687048603514541,0.046244225792788994,220,0.045160548757731615,0.21426116980078588,9,-0.023801085931023862,2,-0.16181306216645588,9,-0.07306802465260671,3
0001140361-24-009930,BNGO,"Bionano Genomics, Inc.",OTHER,2024-02-28,-0.011190334948897011,2.494868314475277,0.051069546383715185,220,-0.00858915286898784,-0.02388758247609042,9,-0.022115936807460997,2,-0.08081248075174387,9,0.09555072047699768,3
0001140361-24-018181,BNGO,"Bionano Genomics, Inc.",OTHER,2024-04-05,-0.011030010921643414,2.7852963975241263,0.05156663943237751,220,0.012235433796556217,0.08052382874902728,9,0.06092306897064703,2,-0.10672208065139742,9,0.07653907379571968,3
0001140361-24-018645,BNGO,"Bionano Genomics, Inc.",OTHER,2024-04-09,-0.011214413993274688,2.6910348467741483,0.05166369894991826,220,-0.001332330312297082,0.10075740700839467,9,0.027304075103532853,2,-0.11819805288443071,9,0.07622884086907136,3
0001140361-24-027553,BNGO,"Bionano Genomics, Inc.",OTHER,2024-05-28,-0.009871862903841584,2.7082705023362257,0.04676932239913287,220,-0.029404330479948768,0.14554472801789678,9,-0.049111462219758886,2,-0.09405683392513496,9,-0.01832302254595286,3
0001140361-24-032559,BNGO,"Bionano Genomics, Inc.",OTHER,2024-07-08,-0.008924875506543138,2.675229161150696,0.04825137368969526,220,0.005838004937320999,-0.2607028101903467,9,0.13943394454040856,2,0.09175930538111707,9,0.09784441388305307,3
0001411690-24-000046,BNGO,"Bionano Genomics, Inc.",EARNINGS,2024-08-08,-0.009815969871174002,2.607642399512454,0.046802481436651264,220,-0.12023262726168843,-0.0066849096309447645,9,-0.1469161914745236,2,0.30075368689045473,9,-0.27653355960034315,3
0001140361-24-040508,BNGO,"Bionano Genomics, Inc.",OTHER,2024-09-09,-0.00890538866905871,2.477995592161104,0.04782549228557945,220,0.003888119601216572,-0.008673580590496041,9,-0.02022238378158198,2,-0.1045802588766152,9,-0.013090107034371166,3
0001140361-24-043244,BNGO,"Bionano Genomics, Inc.",EARNINGS,2024-10-10,-0.009470522982105501,2.8806365320321468,0.050279330635429574,220,-0.1045358722806624,0.13002145821765393,9,-0.11231527595246152,2,-0.11622203109735056,9,-0.12279743496748648,3
0001140361-24-044715,BNGO,"Bionano Genomics, Inc.",OTHER,2024-10-31,-0.007720474980583715,2.6966921155340353,0.049609207215879116,220,-0.08647457353637963,0.013526329854724174,9,-0.12461880380738731,2,-0.09738636545763611,9,-0.011965832670067872,3
0001411690-24-000060,BNGO,"Bionano Genomics, Inc.",EARNINGS,2024-11-14,-0.006939819992006884,2.6364165907126735,0.049049380054260315,220,-0.04753653177354844,-0.26422831792466994,9,-0.04528936412504747,2,0.046086558743085544,9,0.03729276889226227,3
0001411690-25-000036,BNGO,"Bionano Genomics, Inc.",EARNINGS,2025-04-01,-0.010137659469343268,1.9986338792595355,0.06678257273132882,220,0.11560372463391227,-0.04953154637622313,9,0.32277066878950333,2,0.4384793549082423,9,0.28156059411139867,3
0001411690-25-000045,BNGO,"Bionano Genomics, Inc.",EARNINGS,2025-05-15,-0.01235455538612684,1.8584142684230816,0.06578146830699114,220,0.05407948769586253,-0.0019181646509669192,9,0.019039329709327472,2,0.09558471667304436,9,-0.024145495640560163,3
0001411690-25-000082,BNGO,"Bionano Genomics, Inc.",EARNINGS,2025-08-15,-0.007231869007983938,0.9345703579355829,0.07198930795521856,220,-0.04353964150385992,0.1231658684041824,9,7.98604722194729e-05,2,0.264962014244089,9,-0.002034448647634697,3
0001140361-25-035286,BNGO,"Bionano Genomics, Inc.",OTHER,2025-09-18,-0.007705106713879683,0.7547516333918269,0.06931496748887932,220,0.015477954430823594,-0.5587463018910661,9,0.019444875591416735,2,0.12466481859979664,9,0.0224696860581063,3
0001411690-25-000092,BNGO,"Bionano Genomics, Inc.",EARNINGS,2025-11-14,-0.0071707555557349615,0.4599903804890054,0.07750011406095925,220,0.041259685533825904,-0.047744760543987824,9,0.03955798897438514,2,0.2008413804627316,9,-0.026888213978046534,3
0000950170-24-123274,BOLD,"Boundless Bio, Inc.",EARNINGS,2024-11-08,-0.010687518798047715,2.2107714694659166,0.06407427611159958,125,0.055327751748211834,0.11526897577591894,9,0.08676623964865081,2,-0.29394321408369356,9,0.12767803436317476,3
0000950170-24-135768,BOLD,"Boundless Bio, Inc.",CLINICAL,2024-12-13,-0.010283295557918145,2.1203190354423667,0.05974876609433502,149,-0.15539770307152917,0.3745992390046318,9,-0.1338428863714257,2,0.22218815607214182,9,-0.2398530838314852,3
0000950170-25-045722,BOLD,"Boundless Bio, Inc.",EARNINGS,2025-03-27,-0.008326795215375424,2.099942872138281,0.05772093291845894,218,0.007324747065403436,-0.04194969687991009,9,0.05131881044238114,2,-0.03879771222513187,9,0.03471517431987073,3
0000950170-25-067495,BOLD,"Boundless Bio, Inc.",EARNINGS,2025-05-09,-0.007728756257257363,1.898654054615926,0.05680744463783567,220,-0.029852108030669455,0.029572186263027232,9,-0.05014679989741589,2,0.12735285301979216,9,-0.07525523910337911,3
0000950170-25-076911,BOLD,"Boundless Bio, Inc.",OTHER,2025-05-27,-0.008302968252202407,1.3815893282079383,0.05603395939753509,220,-0.17626523811917238,0.12164004024558302,9,-0.23689230168440872,2,-0.06889213363170257,9,-0.23197945689571547,3
0000950170-25-102386,BOLD,"Boundless Bio, Inc.",EARNINGS,2025-08-05,-0.004441443657164008,1.2765631214852686,0.051318883928301834,220,-0.00575322479482571,0.06560185781298691,9,-0.01108994663445758,2,-0.030582692580720126,9,0.008430739498256613,3
0001193125-24-033981,CALC,"CalciMedica, Inc.",PRESENTATION,2024-02-14,-0.0037898122177769215,1.4257246577090867,0.06952663117732434,137,-0.08182437319679552,-0.2010321212204197,9,-0.15797470440924335,2,-0.011020264947453957,9,-0.21668238466873097,3
0000950170-24-037609,CALC,"CalciMedica, Inc.",EARNINGS,2024-03-28,0.0010320769165846277,1.3154580555441093,0.0748508211552723,167,-0.007940412443721588,-0.03683122341791134,9,-0.061972644677902894,2,0.14316635631833452,9,-0.07405965340445822,3
0001193125-24-081584,CALC,"CalciMedica, Inc.",OTHER,2024-04-01,0.000592217022145338,1.2356167647083163,0.07491648414843961,168,-0.05373125725046976,-0.04961267436213164,9,-0.018477461276123583,2,0.113775366036393,9,-0.025993285756228245,3
0000950170-24-058730,CALC,"CalciMedica, Inc.",EARNINGS,2024-05-14,-0.0006163964724055491,1.1185209874688347,0.07074947725516503,199,0.06279227617038212,0.003948109535202537,9,0.03694524128110925,2,0.009559358559594576,9,-0.03401731227618948,3
0001193125-24-169805,CALC,"CalciMedica, Inc.",CLINICAL,2024-06-27,0.0024204207716355185,0.542877217409267,0.06504693126376704,220,-0.32731053805286964,-0.03809745558151027,9,-0.07045187039021633,2,0.18221452267632984,9,-0.17393598686924727,3
0000950170-24-095450,CALC,"CalciMedica, Inc.",EARNINGS,2024-08-13,0.0028736154377500154,0.43848540761935056,0.06829162407516237,220,-0.04640937450908519,0.14348983814197122,9,-0.0462317297292615,2,-0.10065946898880496,9,-0.053591094288473945,3
0001193125-24-247004,CALC,"CalciMedica, Inc.",CLINICAL,2024-10-30,0.005481420629397518,-0.33138670740232745,0.06955438426829992,220,0.21489010347382936,-0.05016020304836194,9,-0.026254242317411414,2,-0.11559783200522188,9,-0.03373738652088559,3
0001193125-24-248761,CALC,"CalciMedica, Inc.",OTHER,2024-11-01,0.005430672836329065,-0.3809686766655133,0.06929765718879105,220,-0.055174085127446704,0.16502477493485915,9,-0.06427440674152002,2,-0.08730003010197561,9,-0.30633996968483806,3
0000950170-24-125933,CALC,"CalciMedica, Inc.",EARNINGS,2024-11-13,0.004067473223334435,-0.652577833541838,0.06826401836402635,220,-0.029538412290419196,-0.07920328350486974,9,-0.04662555089289935,2,-0.008117710671347901,9,-0.05557729050353916,3
0001193125-24-283105,CALC,"CalciMedica, Inc.",OTHER,2024-12-23,0.0032446317472014105,-0.32828890094901325,0.06745146574787536,220,-0.0012787692516997673,-0.06846109310390985,9,0.033545862921262784,2,0.03552427124627083,9,0.030634173470087657,3
0001193125-25-044830,CALC,"CalciMedica, Inc.",CLINICAL,2025-03-04,0.0005438290158644146,-0.4144741289400951,0.0598540131693858,220,0.026368246218115735,-0.13186105683726057,9,-0.031394787244233016,2,-0.02290283063433768,9,-0.04820919404363368,3
0001193125-25-046225,CALC,"CalciMedica, Inc.",OTHER,2025-03-05,0.00042989374865829116,-0.42755484478904193,0.05987044084549953,220,-0.0575085073514886,-0.11704974832530983,9,-0.032664176690703366,2,-0.07616193569633828,9,-0.006336829912126855,3
0000950170-25-045729,CALC,"CalciMedica, Inc.",EARNINGS,2025-03-27,0.00012212692330428992,-0.4751316252364586,0.058701587296086474,220,0.03881701560244505,0.08461074689136519,9,-0.009520874795144678,2,-0.31072190041279446,9,-0.04458349637677331,3
0000950170-25-070910,CALC,"CalciMedica, Inc.",EARNINGS,2025-05-14,-0.0027845080335457515,-0.19839269871828472,0.057672222245978684,220,-0.005770241218419176,0.3299584216754039,9,0.012097287943124717,2,-0.07362154621995537,9,-0.02360904175500649,3
0000950170-25-106918,CALC,"CalciMedica, Inc.",EARNINGS,2025-08-12,-0.004231847132419917,-0.038427411562522905,0.04796917903998417,220,-0.09680832069019493,-0.2474371215234032,9,-0.1388158989690533,2,0.2450409500191847,9,-0.12736077900826023,3
0001193125-25-269526,CALC,"CalciMedica, Inc.",OTHER,2025-11-07,0.0006729150473002596,0.09468360068115822,0.05438918358961718,220,-0.007302070114112245,-0.037699967807610424,9,-0.002873513271059785,2,0.07733177446979303,9,0.027772458998110094,3
0001193125-25-275888,CALC,"CalciMedica, Inc.",EARNINGS,2025-11-12,0.0007702600383968336,0.0987087345721785,0.05440444427044308,220,0.03967323153558378,-0.02015053182253377,9,0.00760683382128341,2,0.2698365965307791,9,0.0556302340916893,3
0001493152-23-038596,CLDI,"Calidi Biotherapeutics, Inc.",OTHER,2023-10-30,-0.002105117703518449,-0.2135065801711351,0.06342331216628896,220,-0.12725712369364023,-0.20365620076920993,9,-0.05518363757375651,2,0.05599436667418017,9,-0.11404628940685514,3
0001493152-23-045437,CLDI,"Calidi Biotherapeutics, Inc.",PRESENTATION,2023-12-20,-0.0039254231306013404,-0.7371185054083572,0.07399273070099904,220,-0.006289119192579177,-0.07606432577476835,9,0.004625672155360285,2,-0.16803665504464987,9,0.013033374691746279,3
0001493152-24-001163,CLDI,"Calidi Biotherapeutics, Inc.",PRESENTATION,2024-01-05,-0.004066153192554476,-0.8443489615790355,0.07512126172921574,220,0.03339160760571376,-0.22713771138805544,9,0.11800476874657491,2,-0.39345499400357303,9,0.1483366429960571,3
0001493152-24-001661,CLDI,"Calidi Biotherapeutics, Inc.",PRESENTATION,2024-01-08,-0.004403330597510339,-0.8705184978338714,0.0751871772621774,220,0.08532393268496619,-0.18618870521236755,9,-0.026977993081442928,2,-0.24609851316679732,9,0.006786633759322647,3
0001493152-24-005808,CLDI,"Calidi Biotherapeutics, Inc.",OTHER,2024-02-12,-0.004753158727162392,-0.9873801412026671,0.07915693581881528,220,-0.005954185021994232,-0.3974242337731555,9,0.004230873609938604,2,0.6293009161406315,9,0.0011769957220856414,3
0001493152-24-008203,CLDI,"Calidi Biotherapeutics, Inc.",PRESENTATION,2024-02-29,-0.005289320243620904,-0.8852038999565686,0.08017888301688426,220,-0.2799669706682614,0.6314709889984953,9,-0.21611593812127122,2,0.07279469226012801,9,-0.22493776781075187,3
0001493152-24-015390,CLDI,"Calidi Biotherapeutics, Inc.",OTHER,2024-04-22,-0.006452650573142498,-0.8036779925000278,0.09803964399293763,220,-0.023183371912348413,-0.2898305216266646,9,0.06331919381865965,2,0.34726208569859485,9,0.0752570614769095,3
0001493152-24-022229,CLDI,"Calidi Biotherapeutics, Inc.",OTHER,2024-06-03,-0.011067838864083015,-0.1777525996132142,0.11835935306794293,220,0.16910755109629388,0.34397179163751024,9,0.10764680000247129,2,0.12692206998789568,9,-0.2463330723181023,3
0001493152-24-026374,CLDI,"Calidi Biotherapeutics, Inc.",OTHER,2024-07-08,-0.009345206089880966,0.14626253404009895,0.12112473653055442,220,-0.1726417292959501,0.08599924914788575,9,-0.23133998194260771,2,0.1580460424854478,9,-0.20221965994107355,3
0001493152-24-029384,CLDI,"Calidi Biotherapeutics, Inc.",OTHER,2024-07-29,-0.008302860885934573,-0.3130875798760059,0.12773112917336618,220,-0.035816812673901896,0.16081632714021965,9,0.03050237868429212,2,0.1786605990026798,9,-0.02936873095189904,3
0001493152-24-033215,CLDI,"Calidi Biotherapeutics, Inc.",OTHER,2024-08-20,-0.009398103115824053,-0.36342886401232016,0.12843254073302585,220,0.005560380770313737,0.15791142796866559,9,0.0031781704207369393,2,-0.16498414310062023,9,0.0032306725458207605,3
0001493152-24-033579,CLDI,"Calidi Biotherapeutics, Inc.",PRESENTATION,2024-08-23,-0.008397255412784613,-0.3331922609542942,0.12802951147788763,220,-0.20681251669951947,-0.006203020501029001,9,-0.22143176405163398,2,0.11431507223461526,9,-0.26515450125366224,3
0001493152-24-035939,CLDI,"Calidi Biotherapeutics, Inc.",PRESENTATION,2024-09-12,-0.00964924874229826,-0.19302518124300969,0.11837702483693294,220,-0.022058201027895553,0.11115425088936756,9,-0.011400823602588869,2,0.13846619738257915,9,0.03471141071191332,3
0001493152-24-038718,CLDI,"Calidi Biotherapeutics, Inc.",REGULATORY,2024-09-30,-0.007886595273777372,0.6517481001759783,0.11129743594037793,220,-0.05257640766219498,0.1045454675414329,9,-0.08271073491615023,2,0.01293432307260712,9,-0.07387884489140586,3
0001493152-24-041623,CLDI,"Calidi Biotherapeutics, Inc.",OTHER,2024-10-21,-0.008059602607836832,0.5731547671969184,0.11119688998229305,220,-0.06476960173115022,0.19150041538759816,9,-0.056405550963029794,2,0.3405075800088409,9,-0.025340488407828987,3
0001493152-24-042406,CLDI,"Calidi Biotherapeutics, Inc.",OTHER,2024-10-25,-0.007947396764141478,0.5176292608233471,0.11085107469555407,220,0.30574518261936995,-0.0921045334208912,9,0.3946612225007068,2,0.4330548337864884,9,0.4135372705899871,3
0001493152-24-046434,CLDI,"Calidi Biotherapeutics, Inc.",PRESENTATION,2024-11-18,-0.007638728405980873,0.9297451811586578,0.10820574068840519,220,0.07688854321457235,0.7137284716384495,9,0.1024053500868671,2,-0.06909871231684311,9,0.21150507869087795,3
0001493152-25-001567,CLDI,"Calidi Biotherapeutics, Inc.",OTHER,2025-01-10,-0.0018154378216288943,1.1277322814099997,0.12209405477311346,220,-0.30318915440635374,0.09574860504456686,9,-0.2987508663867002,2,-0.3349988238328267,9,-0.38021575556050846,3
0001493152-25-001711,CLDI,"Calidi Biotherapeutics, Inc.",OTHER,2025-01-13,-0.0018125608967907796,1.1117332666051092,0.12210089137329891,220,0.004460220636668459,-0.0037042366383817638,9,-0.031165377685887053,2,-0.311190937773698,9,-0.3346016745085401,3
0001493152-25-004887,CLDI,"Calidi Biotherapeutics, Inc.",OTHER,2025-02-05,-0.00074513475900317,1.4291777906707261,0.12225373338841877,220,0.025253792508369823,0.3383082047327869,9,0.109266816362421,2,-0.1202772289487132,9,0.35756747962010493,3
0001493152-25-009731,CLDI,"Calidi Biotherapeutics, Inc.",OTHER,2025-03-11,-0.004039532057673226,1.5651243735584628,0.11284188230039939,220,-0.005734702049579852,-0.006510070297325067,9,0.02108761100852472,2,-0.14000869826460824,9,-0.004865210881509353,3
0001641172-25-001969,CLDI,"Calidi Biotherapeutics, Inc.",OTHER,2025-04-01,0.0002654361403163616,1.3516636137949491,0.11954393991796208,220,-0.01998416391933565,-0.26165110547854636,9,0.014284507423176843,2,-0.10185938588396029,9,-0.12428534263765217,3
0001641172-25-003501,CLDI,"Calidi Biotherapeutics, Inc.",OTHER,2025-04-10,-0.0025628154891753465,1.4274364631112513,0.11221024063111934,220,0.018382563328430343,-0.2121532323638628,9,0.07390755706806171,2,0.0825391104640517,9,-0.06874324839308546,3
0001641172-25-005777,CLDI,"Calidi Biotherapeutics, Inc.",OTHER,2025-04-23,0.001219709970703463,1.4882097041725482,0.1024908126529915,220,-0.0008261735530692982,-0.14526085312762296,9,0.002045584559011035,2,-0.1858314261340826,9,0.028015086722775626,3
0001641172-25-018553,CLDI,"Calidi Biotherapeutics, Inc.",OTHER,2025-07-10,-0.002026343449332255,1.205066570216264,0.09270159287757776,220,0.42434195579571704,0.316790101331865,9,0.19212776611168905,2,0.07400477153570845,9,1.276479893615118,3
0001641172-25-021039,CLDI,"Calidi Biotherapeutics, Inc.",OTHER,2025-07-28,-0.0037957138190280438,1.1840679897820474,0.09204184437417531,220,-0.2424823764471979,0.09029118955751075,9,-0.08647254939765406,2,-0.34894483076974364,9,-0.14208285330415124,3
0001641172-25-025273,CLDI,"Calidi Biotherapeutics, Inc.",OTHER,2025-08-25,0.0027121717104397302,1.408442757175954,0.12467793746645482,220,-0.09996203467655178,-0.878938383999054,9,-0.01882751664207878,2,-0.06298912786140763,9,-0.01963938319831149,3
0001641172-25-026066,CLDI,"Calidi Biotherapeutics, Inc.",NO_TEXT,2025-09-02,0.002806323209219046,1.468730043116994,0.12489745414672279,220,0.008077337531348195,-0.9548355475358001,9,-0.045113038525885135,2,-0.048310074559991756,9,-0.07424786164298657,3
0001493152-25-019353,CLDI,"Calidi Biotherapeutics, Inc.",OTHER,2025-10-27,-0.0015561707114575864,1.4721064556782062,0.13253096169904438,220,-0.009317746888631361,-0.04102231706101463,9,-0.03102633535213648,2,-0.044991760273918255,9,-0.028343152812201143,3
0001493152-25-021418,CLDI,"Calidi Biotherapeutics, Inc.",CLINICAL,2025-11-10,-0.004619002802799682,1.5066974807715052,0.1303145847597153,220,-0.04686392681580406,0.1397284554006862,9,-0.0025287810586060097,2,-0.0035595979907316957,9,-0.1379473126576677,3
0001534424-19-000017,CLPT,"ClearPoint Neuro, Inc.",EARNINGS,2019-01-04,-0.0003055005944850323,0.1176851449875151,0.04896057901525071,220,0.2904811716589626,0.05307719121567932,9,0.38076786466241314,2,0.07743579116072853,9,0.4141847447048748,3
0001534424-19-000118,CLPT,"ClearPoint Neuro, Inc.",EARNINGS,2019-05-01,0.0015431691100187585,0.44558938245982477,0.05507360379700718,220,0.07574975853413779,-0.0341656232094506,9,0.09156212531355042,2,0.07003576269737016,9,0.089791483568724,3
0001534424-19-000311,CLPT,"ClearPoint Neuro, Inc.",EARNINGS,2019-11-13,0.0042942474699818696,0.9627033813490651,0.043320497892290755,220,-0.03143470416667868,-0.11688444546373844,9,-0.037130583403881603,2,-0.09968748304104724,9,0.015976974977288803,3
0001171520-19-000341,CLPT,"ClearPoint Neuro, Inc.",OTHER,2019-11-26,0.003639762414516585,1.0301550868293494,0.0426522134012315,220,-0.008669302382203505,-0.07321852164521295,9,0.01012634022492236,2,0.0628041192814574,9,-0.004185681195181375,3
0001171520-19-000351,CLPT,"ClearPoint Neuro, Inc.",NO_TEXT,2019-12-10,0.003751937757953928,1.2773920667107501,0.042328333086222684,220,-0.014582228713222787,0.02641153832620278,9,0.007816699492167541,2,0.11169789856495307,9,0.028080609913993762,3
0001171520-20-000041,CLPT,"ClearPoint Neuro, Inc.",OTHER,2020-01-30,0.0020651061247432935,0.7900515487210811,0.03570666061569776,220,-0.0398795209113118,-0.18130430059023167,9,-0.027599027400681847,2,0.11300160358906451,9,0.009523986828284675,3
0001171520-20-000061,CLPT,"ClearPoint Neuro, Inc.",OTHER,2020-02-12,0.002439054479161514,0.8829226182491108,0.03514878576528292,220,0.08331199175134042,-0.04616312516465801,9,0.16915895481551305,2,-0.08565471622591357,9,0.1613140809487253,3
0001171520-20-000063,CLPT,"ClearPoint Neuro, Inc.",EARNINGS,2020-02-13,0.00219614977251875,0.9028561559046604,0.0351768205489076,220,0.08611113580492456,-0.08917663542064931,9,0.03984553712088055,2,-0.07222308563627002,9,0.12327200120011972,3
0001171520-20-000124,CLPT,"ClearPoint Neuro, Inc.",OTHER,2020-02-14,0.002066589429457141,0.8906819590558247,0.03519020983256588,220,-0.04611653308630167,0.036154536046354366,9,-0.04246296889875565,2,-0.08032804837791425,9,0.04376473802281688,3
0001171520-20-000182,CLPT,"ClearPoint Neuro, Inc.",OTHER,2020-04-17,0.0028374091096498044,0.683598026013046,0.03425762250055577,220,-0.026970721769605792,0.101529501480019,9,0.04491353828428867,2,-0.06804307708597492,9,-0.041950923747945165,3
0001171520-20-000230,CLPT,"ClearPoint Neuro, Inc.",NO_TEXT,2020-05-21,0.0009054381550665047,0.7785952786854383,0.035506664650848466,220,0.1919698675454678,-0.1766037650416569,9,0.2685334203189826,2,-0.012644092425736199,9,0.2702743254328769,3
0001420506-20-001011,CLPT,"ClearPoint Neuro, Inc.",OTHER,2020-09-15,0.00027804573060072053,0.7227767340772184,0.04856530232637784,220,0.07637591897328863,0.08198726980238354,9,0.055957608322957,2,0.06670412617890698,9,0.21097046337134676,3
0001171520-20-000486,CLPT,"ClearPoint Neuro, Inc.",OTHER,2020-12-30,0.003680526583959292,0.7425532390219822,0.05509461924367515,220,0.07545509726818055,0.37011470260621576,9,0.09382510062943161,2,-0.047869777909670744,9,0.05721786160798642,3
0001171520-21-000013,CLPT,"ClearPoint Neuro, Inc.",EARNINGS,2021-01-13,0.003575975569492216,0.7430094943465054,0.05447901315383467,220,0.01770896546737708,-0.011720621819041283,9,0.012942250659372838,2,0.42431420597432407,9,0.022315530139743085,3
0001171520-21-000039,CLPT,"ClearPoint Neuro, Inc.",OTHER,2021-02-05,0.005406431440505828,0.7400341857486503,0.05624621776679327,220,-0.02920266116854591,0.182305468316928,9,0.02690465433687033,2,-0.07667936229335957,9,0.050587239463896705,3
0001171520-21-000094,CLPT,"ClearPoint Neuro, Inc.",NO_TEXT,2021-02-22,0.005611945617004187,0.7500472182870495,0.056061019419052976,220,0.030157152541936086,-0.008160529560683555,9,0.0009806307933002897,2,-0.33192221357934193,9,-0.07307399504047127,3
0001171520-21-000122,CLPT,"ClearPoint Neuro, Inc.",EARNINGS,2021-03-05,0.006968386897138357,0.7697154666363295,0.056707088909959937,220,-0.15715247464872842,-0.17111037227401488,9,-0.1458712062946033,2,0.05828610510597921,9,-0.2497257472722033,3
0001171520-21-000165,CLPT,"ClearPoint Neuro, Inc.",OTHER,2021-04-14,0.008578920633726875,0.7355137821429708,0.0561186042139428,220,0.028244294468535967,0.03763369330264938,9,-0.062274331382994846,2,0.03435504660240895,9,-0.13637740305996732,3
0001171520-21-000198,CLPT,"ClearPoint Neuro, Inc.",EARNINGS,2021-05-12,0.008381157121452112,0.8050294123770706,0.05750899087301214,220,0.020047116111698987,-0.244725705263087,9,-0.02096092001086043,2,-0.06630549013811987,9,-0.0013480878435731675,3
0001171520-21-000210,CLPT,"ClearPoint Neuro, Inc.",NO_TEXT,2021-05-25,0.007996622569989434,0.9809373492511255,0.055530436830482865,220,-0.01889230364600795,0.0056779471963855355,9,-0.04373616075970943,2,0.06125666408993846,9,-0.06930027654892243,3
0001171520-21-000229,CLPT,"ClearPoint Neuro, Inc.",OTHER,2021-06-04,0.006785870995946231,0.9975430560098867,0.05586401852942371,220,-0.021464964102133267,-0.11331812864498847,9,0.04701881632223179,2,-0.06150322601886911,9,0.042825313573859984,3
0001171520-21-000261,CLPT,"ClearPoint Neuro, Inc.",OTHER,2021-06-28,0.007465287131498476,1.007421467469434,0.05522659616965363,220,-0.050936673345675025,-0.05558818940849922,9,-0.08828006698917179,2,-0.10442396716325608,9,-0.08480932029816908,3
0001171520-21-000304,CLPT,"ClearPoint Neuro, Inc.",OTHER,2021-07-16,0.006083851510989995,0.9597758542214779,0.0516149698857001,220,-0.007521714561337748,-0.1867242979276977,9,0.0023778253171354326,2,0.21587670917881246,9,-0.013407336104379228,3
0001171520-21-000432,CLPT,"ClearPoint Neuro, Inc.",OTHER,2021-11-03,0.004430728229069319,1.2599704865863666,0.047245625991615296,220,0.014718459928616241,-0.1346856424974663,9,0.05329358901413407,2,-0.23755196377872118,9,0.0689441960542622,3
0001171520-22-000183,CLPT,"ClearPoint Neuro, Inc.",EARNINGS,2022-03-02,-0.00395835016323262,1.4688586644492503,0.038471225279299165,220,0.0003561525190276735,0.11349686727100725,9,0.02535686141014078,2,0.012084917428382465,9,0.02768634101927077,3
0001171520-22-000319,CLPT,"ClearPoint Neuro, Inc.",OTHER,2022-05-23,-0.0022035655191473885,1.6982551165748516,0.03319160365701121,220,0.03382389890984499,0.20662883001996296,9,-0.010624259633850497,2,0.16744549034011422,9,0.1267264922527716,3
0001171520-22-000364,CLPT,"ClearPoint Neuro, Inc.",OTHER,2022-06-07,-0.002872230358623909,1.7130981838189352,0.03359791323945907,220,0.14438464972171366,0.12132684277108688,9,0.13876590780297862,2,0.06011931388421996,9,0.03625115110841658,3
0001285550-22-000054,CLPT,"ClearPoint Neuro, Inc.",OTHER,2022-09-21,0.00024769371244602037,1.8625605735531678,0.03697754916000153,220,-0.020483300871914467,-0.041965111410716044,9,-0.05131237159420259,2,0.07837610898657107,9,-0.055441695069230135,3
0001285550-23-000019,CLPT,"ClearPoint Neuro, Inc.",EARNINGS,2023-03-02,0.0022059567188194053,1.6663954588812864,0.03849735744964233,220,-0.11307593348506362,-0.032995948126627025,9,-0.127373264190403,2,-0.08176843066124546,9,-0.05125297989679154,3
0001285550-23-000048,CLPT,"ClearPoint Neuro, Inc.",OTHER,2023-05-23,-0.00014109449502669355,1.5503676886851496,0.03685193923466969,220,0.0007944088763107635,-0.15188780534740753,9,-0.02554562438816598,2,-0.17744371171911566,9,-0.02960968236853006,3
0001285550-24-000107,CLPT,"ClearPoint Neuro, Inc.",OTHER,2024-08-27,0.0005016615797677568,1.7330924818402436,0.04293146117275998,220,0.08686209410131915,0.10729505106401756,9,0.08151962024670201,2,-0.01883750979456188,9,0.06999777788841449,3
0000950170-25-069175,CLPT,"ClearPoint Neuro, Inc.",OTHER,2025-05-13,0.003460294550408716,2.7062433532699544,0.04655008242501116,220,0.01972344197152446,-0.13249584900235561,9,-0.11184293809561907,2,-0.05590731848653931,9,-0.23804728041481502,3
0000950170-25-074397,CLPT,"ClearPoint Neuro, Inc.",OTHER,2025-05-20,0.004176983863157706,2.4052087136695977,0.04713621790235413,220,-0.021242735973123022,-0.20341763357005666,9,-0.034147078342743,2,-0.020291024878320976,9,-0.04550731052292186,3
0001193125-25-269992,CLPT,"ClearPoint Neuro, Inc.",OTHER,2025-11-07,0.002198388568962391,1.877173999705342,0.05567237209164578,220,-0.13679458845290915,-0.4027111844976725,9,-0.12274411049979694,2,-0.127483657588577,9,-0.031185765843016328,3
0001193125-25-290003,CLPT,"ClearPoint Neuro, Inc.",OTHER,2025-11-21,0.0047424427349738296,1.9215848374438658,0.057386595651412964,220,-0.0009376887722767832,-0.266780489584352,9,0.008004974181218656,2,-0.13167689431336002,9,-0.001758425080610207,3
0001193125-19-066073,CRDF,"Cardiff Oncology, Inc.",EARNINGS,2019-03-07,-0.0070826488611826855,0.39923330111027355,0.05708136318174353,220,0.31738430699046055,0.21317954705794318,9,0.4874930856910363,2,-0.10751627765415274,9,0.4545696555526181,3
0001193125-19-071578,CRDF,"Cardiff Oncology, Inc.",OTHER,2019-03-12,-0.0074302466106711505,0.4114908549377672,0.05716755284107213,220,-0.07865775619826035,0.6215175845265128,9,-0.10773509741779344,2,-0.07371156936291573,9,-0.09585514715517054,3
0001193125-19-073028,CRDF,"Cardiff Oncology, Inc.",OTHER,2019-03-13,-0.008536765744849807,0.47671089960896607,0.05518849510454377,220,-0.028402533378512687,0.6896970722868199,9,-0.11746276813721228,2,0.00883351035795035,9,-0.19525998456108595,3
0001193125-19-094145,CRDF,"Cardiff Oncology, Inc.",CLINICAL,2019-04-01,-0.00739091183390477,0.32598775015958065,0.05730733859999413,220,0.2701915932005792,0.04424181914686937,9,0.14479130935976217,2,-0.06296938236696097,9,0.1803464796277283,3
0001193125-19-095338,CRDF,"Cardiff Oncology, Inc.",CLINICAL,2019-04-02,-0.007420176993048282,0.32508954644001964,0.057322256351218556,220,-0.12537057895135278,0.010191722666136153,9,-0.19613191780941974,2,-0.009724973159746918,9,0.07409959261429783,3
0001104659-19-020072,CRDF,"Cardiff Oncology, Inc.",OTHER,2019-04-05,-0.008032020723693776,0.2942616683620753,0.05771500532362369,220,0.08994100574733636,0.057270749266160936,9,0.11056927053226906,2,-0.11458235913465545,9,0.0651890473630214,3
0001104659-19-023054,CRDF,"Cardiff Oncology, Inc.",OTHER,2019-04-23,-0.004824687577035473,0.20270707746742758,0.06355474967378906,220,0.18037194517107308,-0.10046166839463795,9,0.11032191720294483,2,0.0010341342663706815,9,0.08529829844519869,3
0001104659-19-027565,CRDF,"Cardiff Oncology, Inc.",EARNINGS,2019-05-08,-0.005184381494675166,0.14451547867002212,0.06450580232152157,220,-0.03001313779782371,-0.02624174324828591,9,-0.061088684101581164,2,0.03189690181852995,9,-0.10124370214231852,3
0001104659-19-031363,CRDF,"Cardiff Oncology, Inc.",OTHER,2019-05-23,-0.0047754774393246255,0.31244702620888853,0.06772069668543765,220,0.01504486090393588,-0.004762307151128107,9,0.01270118300018913,2,-0.005834601025056965,9,0.015220761263421121,3
0001104659-19-032992,CRDF,"Cardiff Oncology, Inc.",PRESENTATION,2019-05-31,-0.004961865294261787,0.38823684875915304,0.06751782729211665,220,0.02786129405817344,0.028676994814060094,9,0.037282677037691975,2,-0.06733605039762751,9,-0.021729581077644482,3
0001104659-19-034533,CRDF,"Cardiff Oncology, Inc.",PRESENTATION,2019-06-10,-0.0007597974327739816,0.6359252370914711,0.05882511220604135,220,-0.04283661126812117,0.01730392966842887,9,-0.08079183920212457,2,-0.07346836842580559,9,-0.15285156531528515,3
0001104659-19-039671,CRDF,"Cardiff Oncology, Inc.",OTHER,2019-07-09,-0.0002808675248665703,0.6617393692664074,0.058735246695894375,220,0.029498804640272734,-0.06586962464450014,9,0.022451310718135338,2,-0.25893010479605905,9,-0.002798375780751987,3
0001104659-19-040280,CRDF,"Cardiff Oncology, Inc.",PRESENTATION,2019-07-15,-0.0005475403100178494,0.6727366348110525,0.05883116872527366,220,-0.013629987974323294,-0.14150956917225732,9,0.012672432306030412,2,-0.17803097231426251,9,-0.03423639071922757,3
0001104659-19-041217,CRDF,"Cardiff Oncology, Inc.",PRESENTATION,2019-07-22,-0.0003539906614531455,0.6740981721672182,0.05866613874267858,220,-0.06765237839835048,-0.1078127290057495,9,-0.14318435989537967,2,-0.06263485229294323,9,-0.1531045910701384,3
0001104659-19-044926,CRDF,"Cardiff Oncology, Inc.",EARNINGS,2019-08-09,-0.0015097262592536932,0.5738384030110136,0.05835108145258074,220,-0.018533620343812493,-0.058505919012442724,9,0.014501645893536419,2,0.4485214455055361,9,-0.0128946175723776,3
0001104659-19-046145,CRDF,"Cardiff Oncology, Inc.",PRESENTATION,2019-08-16,-0.0016997205360509446,0.57422469577149,0.058378760249960936,220,0.2754356536575864,-0.10429189192100391,9,0.7056239990776384,2,-0.43615205170136057,9,0.8536938578829707,3
0001628280-19-011171,CRDF,"Cardiff Oncology, Inc.",CLINICAL,2019-08-26,-0.002445185793080852,0.555340335276441,0.05854998637774087,220,-0.13762446047719157,0.528641454162609,9,-0.14330940921930196,2,-0.019384736533395588,9,-0.18145144909356728,3
0001628280-19-011354,CRDF,"Cardiff Oncology, Inc.",PRESENTATION,2019-09-03,-0.0023757237565730383,0.5700082422954903,0.05845185985278382,220,0.03244666430846146,0.024263995180452476,9,0.033560823922109524,2,-0.025784421538178677,9,0.010148096134691751,3
0001104659-19-050671,CRDF,"Cardiff Oncology, Inc.",CLINICAL,2019-09-19,-0.0033013407692290475,0.6060905942911804,0.059188552664672225,220,-0.025898120855879555,-0.01829280032598906,9,0.01038745550889825,2,-0.1773817065503232,9,-0.062349449753675845,3
0001628280-19-011995,CRDF,"Cardiff Oncology, Inc.",CLINICAL,2019-09-30,-0.0032985964444933245,0.5886556496058223,0.06054145605145568,220,0.027779323829389406,-0.2087816590151402,9,-0.07450290241342855,2,-0.2505603138648199,9,-0.0542400773379803,3
0001628280-19-012043,CRDF,"Cardiff Oncology, Inc.",CLINICAL,2019-10-01,-0.0019483136141493149,0.7486908766415369,0.06331991542877728,220,-0.1017289248170454,-0.23606547963999022,9,-0.05670446399591381,2,-0.2553531676364056,9,-0.031017651586579535,3
0001628280-19-012088,CRDF,"Cardiff Oncology, Inc.",OTHER,2019-10-02,-3.957107753554841e-05,0.9448431152324359,0.06958894376420553,220,0.04658069670370701,-0.18435617555869527,9,0.017140216573855123,2,-0.2675424088075626,9,-0.0841642625180701,3
0001628280-19-012452,CRDF,"Cardiff Oncology, Inc.",CLINICAL,2019-10-22,-0.004069733824519678,0.9831763624479052,0.06772640462659064,220,0.7120435972545053,-0.17617505100405007,9,0.6629731314630036,2,0.13171923899935128,9,0.660377656455315,3
0001193125-19-276277,CRDF,"Cardiff Oncology, Inc.",OTHER,2019-10-29,-0.002759069306165249,1.0192905531946495,0.06743070329708785,220,-0.025510101168958417,0.9699780754869997,9,0.05647543195973522,2,-0.0546527611161999,9,-0.12491448820345921,3
0001628280-19-013431,CRDF,"Cardiff Oncology, Inc.",PRESENTATION,2019-11-06,-0.0034385647200564696,1.0551962237439372,0.06656235146056542,220,-0.05825446680696974,0.029120484069422664,9,-0.04067012691609683,2,-0.2089806095244799,9,0.00463378796381983,3
0001628280-19-013668,CRDF,"Cardiff Oncology, Inc.",EARNINGS,2019-11-08,-0.003812404106272471,1.057252535060164,0.06653225128144616,220,0.0012054843794953194,-0.24996194104062835,9,0.018732843983242767,2,-0.19527802735690716,9,0.03668379063455121,3
0001628280-19-014171,CRDF,"Cardiff Oncology, Inc.",CLINICAL,2019-11-14,-0.003690602077798098,1.0643123736491649,0.06692542273543496,220,-0.04106887438358031,-0.04698577915640424,9,-0.06443507970008089,2,-0.031508037152750225,9,-0.11922808593152512,3
0001628280-19-014717,CRDF,"Cardiff Oncology, Inc.",OTHER,2019-12-04,-0.004835184368154406,1.0421652350745914,0.06730400852025799,220,-0.03756607701502136,0.007503016130700202,9,-0.03460518242943353,2,-0.0034610223370011043,9,-0.036965157753047276,3
0001628280-19-014850,CRDF,"Cardiff Oncology, Inc.",CLINICAL,2019-12-09,-0.000396109441464342,0.945444235506278,0.08555595943935178,220,0.01088718814343572,-0.013253766534522326,9,-0.0100504745853209,2,-0.014947480194738141,9,-0.025752430030044574,3
0001628280-20-000311,CRDF,"Cardiff Oncology, Inc.",PRESENTATION,2020-01-13,-0.0017468846201114637,0.9369846628838081,0.08607643369745722,220,0.0349853623900693,-0.00784162818237151,9,0.1602982386390629,2,0.22527152144900994,9,0.1568676132073273,3
0001628280-20-000403,CRDF,"Cardiff Oncology, Inc.",CLINICAL,2020-01-21,-0.0024335988101686795,0.937205743934303,0.08573042323527572,220,0.1419503796847612,0.16377151316724145,9,0.2398120877269599,2,0.09197035573458415,9,0.23213405255131553,3
0001628280-20-000533,CRDF,"Cardiff Oncology, Inc.",CLINICAL,2020-01-27,-0.0020174947808318574,0.9129599065824425,0.08548706541194173,220,0.16781425441353373,0.36487901498602,9,0.044103167932830756,2,0.16241269986912257,9,0.020532228010109954,3
0001628280-20-000651,CRDF,"Cardiff Oncology, Inc.",OTHER,2020-01-29,-0.0030975013103563195,1.00217992993183,0.08347315684039594,220,-0.053217658291766626,0.4878500762489245,9,-0.07761491418776532,2,0.3184884354889519,9,-0.20118093562302966,3
0001628280-20-001027,CRDF,"Cardiff Oncology, Inc.",PRESENTATION,2020-02-05,-0.0029451345040431348,1.0499910249426827,0.08336769052604792,220,0.035763627277457063,0.23068789796806333,9,0.013670409432626856,2,-0.029520669556855915,9,-0.02136580462618486,3
0001628280-20-001467,CRDF,"Cardiff Oncology, Inc.",CLINICAL,2020-02-13,-0.0024354637168341638,1.0793271665323199,0.08331386471738157,220,-0.10650469520353505,0.2707534597568002,9,-0.2501284472347631,2,-0.008894377518219254,9,-0.23595555065993,3
0001628280-20-002429,CRDF,"Cardiff Oncology, Inc.",EARNINGS,2020-02-28,-0.0018819694976075837,1.1129731108310452,0.08252293290229679,220,0.12037944034488544,-0.30539450274469854,9,0.22734720130979846,2,-0.27821741996522154,9,0.1515551995547758,3
0001628280-20-003017,CRDF,"Cardiff Oncology, Inc.",OTHER,2020-03-05,-0.0028857403912216886,1.2555706078706663,0.08028989870304527,220,-0.032299970753478006,0.15360966215116664,9,-0.08504719258327349,2,-0.16393785471684896,9,-0.15380480573548788,3
0001628280-20-004445,CRDF,"Cardiff Oncology, Inc.",PRESENTATION,2020-04-01,-0.0021082828864119607,0.9533879965524084,0.07932908521744408,220,-0.0836974288509865,0.2173590836234403,9,-0.17177091621720597,2,0.1112551770320123,9,-0.17486948749865028,3
0001628280-20-004781,CRDF,"Cardiff Oncology, Inc.",PRESENTATION,2020-04-08,-0.0022112616898591238,1.109788743087878,0.07914773890047994,220,-0.02254265608808144,-0.1687491876211153,9,0.08623691618479472,2,0.06737335559333524,9,0.1129579949769667,3
0001628280-20-005226,CRDF,"Cardiff Oncology, Inc.",OTHER,2020-04-22,-0.0020152358004956504,1.277078176912397,0.07925001500253487,220,0.007004978521247457,0.09738695126484542,9,0.03061687292902904,2,0.2465093165713766,9,0.07140769637013131,3
0001628280-20-005682,CRDF,"Cardiff Oncology, Inc.",CLINICAL,2020-04-28,-0.0026378334551855212,1.1621828314279883,0.07936532548790566,220,0.04536534380843219,0.010243112373778951,9,0.14370506553418752,2,0.08552724101948278,9,0.23267861015143088,3
0001628280-20-006555,CRDF,"Cardiff Oncology, Inc.",OTHER,2020-05-06,-0.0024827044807208994,1.0639882846970832,0.08037970473562114,220,-0.03792406568586271,0.3035953191182209,9,-0.05661367064987174,2,0.6463793358794793,9,-0.03117453086051783,3
0001628280-20-006933,CRDF,"Cardiff Oncology, Inc.",EARNINGS,2020-05-08,-0.0019206586433304837,1.0620915795041932,0.08072508470254854,220,0.0011538100924368133,0.24982280502879722,9,0.11029452697869575,2,0.4941980345474624,9,0.09106576342964096,3
0001628280-20-007644,CRDF,"Cardiff Oncology, Inc.",OTHER,2020-05-13,-0.0019468831886005563,0.9916501753263437,0.08108153643756444,220,0.05073516132798002,0.20078870128102277,9,0.1241475718681299,2,0.5925729560028404,9,0.10108368139306706,3
0001628280-20-008455,CRDF,"Cardiff Oncology, Inc.",OTHER,2020-05-27,-0.0024074470429993056,0.9509170826653266,0.08217596468831657,220,0.11570956653755274,0.4998151829957663,9,0.219871132784041,2,0.14336287269587647,9,0.2008538929497278,3
0001628280-20-008504,CRDF,"Cardiff Oncology, Inc.",REGULATORY,2020-05-28,-0.001958099847938234,0.9641794489220818,0.08210099625093102,220,0.10373668347033471,0.4995938322435942,9,0.07768320313113629,2,0.09808458871308334,9,0.1927460894481008,3
0001628280-20-008589,CRDF,"Cardiff Oncology, Inc.",CLINICAL,2020-05-29,-0.002367044528423635,0.9821460303723167,0.08215698877825472,220,-0.02572459109135837,0.5667123818697875,9,0.183199284186305,2,-0.14393340063274015,9,0.2873780543848129,3
0001628280-20-009155,CRDF,"Cardiff Oncology, Inc.",OTHER,2020-06-09,-0.0018395367235140225,0.963167731410004,0.08212240081634274,220,-0.08544113132049652,0.42493016933000777,9,-0.035061460979165175,2,0.2551398498828721,9,-0.08847768434802214,3
0001628280-20-009417,CRDF,"Cardiff Oncology, Inc.",CLINICAL,2020-06-15,-0.0006209863521252287,1.0018886471888044,0.08263369448412577,220,-0.04112095552618984,0.08642635191883768,9,0.02808189078118739,2,0.7452253206576791,9,-0.010854253929609314,3
0001628280-20-009534,CRDF,"Cardiff Oncology, Inc.",OTHER,2020-06-17,-0.0006654203054304713,1.0154653601661938,0.08277379302731704,220,0.035652885262352295,-0.29966443438674917,9,0.1366733923121338,2,0.5267849187669809,9,0.20565935059649515,3
0001628280-20-010960,CRDF,"Cardiff Oncology, Inc.",PRESENTATION,2020-07-30,0.005059203619207091,1.0595651916087208,0.08851906460152528,220,0.04894952129970365,-0.11317744798908942,9,0.07899582850034864,2,0.1270841110779555,9,0.042968084324331496,3
0001628280-20-011606,CRDF,"Cardiff Oncology, Inc.",PRESENTATION,2020-08-04,0.005954443609536001,1.052294772382731,0.08887981959626702,220,0.11294653676267216,0.0016141153228676555,9,0.04409559037596533,2,-0.09554989743107405,9,0.1829085697599949,3
0001628280-20-012429,CRDF,"Cardiff Oncology, Inc.",EARNINGS,2020-08-12,0.008906241764971616,1.0348676836955828,0.09059643667951484,220,-0.09871215893118032,0.27080197913936743,9,-0.0695153520306021,2,0.20892861423497466,9,-0.14573048555992288,3
0001628280-20-013539,CRDF,"Cardiff Oncology, Inc.",PRESENTATION,2020-09-14,0.0065458951037303875,0.9380000074762271,0.08362757529642,220,-0.020581132669854386,-0.1851867639276775,9,-0.05375200515335074,2,0.8101176032252839,9,-0.10724974349333843,3
0001628280-20-013580,CRDF,"Cardiff Oncology, Inc.",PRESENTATION,2020-09-15,0.006906956388124917,0.9409986952396396,0.08358105368288928,220,-0.03354708524970494,-0.2412048496207499,9,-0.03671934326061632,2,0.9585432177655117,9,-0.05770103359896653,3
0001628280-20-013690,CRDF,"Cardiff Oncology, Inc.",CLINICAL,2020-09-17,0.008581559317994269,0.9524932807282805,0.0842100207217817,220,0.3956648904842409,-0.3021122383432772,9,0.47203205355934275,2,0.41378432933451265,9,0.46723081309602743,3
0001628280-20-013800,CRDF,"Cardiff Oncology, Inc.",PRESENTATION,2020-09-22,0.008863596029709049,0.9400843762731462,0.08423263793213741,220,-0.008955364075306397,0.37728785557521716,9,-0.026760111039181793,2,0.029155280091418587,9,0.30664160559411446,3
0001628280-20-014034,CRDF,"Cardiff Oncology, Inc.",OTHER,2020-10-01,0.008883068994046651,0.9285509815910905,0.0842910264369155,220,-0.05501384211138619,0.9405783567764086,9,-0.0859173605319311,2,0.02671190614185369,9,-0.08899277362066411,3
0001628280-20-014591,CRDF,"Cardiff Oncology, Inc.",CLINICAL,2020-10-20,0.0072972372492079215,0.9631910492407804,0.07110004058237798,220,-0.02737960709832149,0.05149733432855102,9,-0.13180400633668998,2,0.2935603180600914,9,-0.21500072763374933,3
0001628280-20-015736,CRDF,"Cardiff Oncology, Inc.",EARNINGS,2020-11-06,0.010694291403386647,0.8984404049262645,0.07523345036997552,220,0.05598148276953343,0.11857633041594048,9,0.03179153809807581,2,-0.08532421992650606,9,0.0407929746009983,3
0001628280-20-016701,CRDF,"Cardiff Oncology, Inc.",PRESENTATION,2020-11-23,0.01372564909404876,0.9296418593703494,0.07767742366980758,220,0.03174453149063606,-0.2265769582650797,9,0.02497090973885091,2,-0.06889831678094269,9,0.1112488919919756,3
0001628280-20-017151,CRDF,"Cardiff Oncology, Inc.",CLINICAL,2020-12-07,0.012875039944580613,0.9470187036528517,0.07871100513770478,220,-0.029241894673051726,0.09194742805626412,9,-0.030651524539314617,2,-0.03663323664607007,9,-0.039986153707935346,3
0001628280-20-017686,CRDF,"Cardiff Oncology, Inc.",OTHER,2020-12-22,0.014485141741572637,0.9546787088813614,0.07908309838358223,220,-0.08153009429321105,-0.07093556348681569,9,-0.17786254499424628,2,-0.18385795845657937,9,-0.16107923816872857,3
0001628280-21-000474,CRDF,"Cardiff Oncology, Inc.",CLINICAL,2021-01-15,0.015328133977661555,0.933859467642428,0.07954195250610822,220,-0.3207301636488796,-0.14925813954760078,9,-0.481578080918277,2,-0.10846257046384328,9,-0.3772641230338973,3
0001628280-21-000813,CRDF,"Cardiff Oncology, Inc.",REGULATORY,2021-01-26,0.013235708192096572,0.9753224389471732,0.07807918177022309,220,0.0037456192872127193,-0.560962630550672,9,0.10093148820017024,2,-0.02039041374340104,9,0.03339082543656925,3
0001628280-21-001908,CRDF,"Cardiff Oncology, Inc.",CLINICAL,2021-02-11,0.012389761302032998,0.960781728307929,0.0776068695513241,220,0.08144260959942519,-0.012166027701445065,9,-0.020664815229459052,2,-0.3007380571622687,9,-0.03340417355797255,3
0001628280-21-002232,CRDF,"Cardiff Oncology, Inc.",PRESENTATION,2021-02-16,0.01314261610174001,0.9614211909397268,0.07683511412209737,220,-0.009240333662543423,0.030531440524078586,9,-0.04555675511934454,2,-0.23182080268221583,9,-0.14842019335232273,3
0001628280-21-002984,CRDF,"Cardiff Oncology, Inc.",PRESENTATION,2021-02-24,0.013485394838940512,0.9316625996401615,0.0768910052333874,220,-0.02277784080402599,-0.2793023363119169,9,-0.0653706362953637,2,-0.04495861236597724,9,-0.17113788196401894,3
0001628280-21-003278,CRDF,"Cardiff Oncology, Inc.",EARNINGS,2021-02-26,0.013277623106860828,0.8974400883112518,0.07633318789488426,220,0.05185944596391781,-0.34139065464310675,9,0.05551237615293779,2,-0.09489860688286002,9,0.012302739509021082,3
0001628280-21-003831,CRDF,"Cardiff Oncology, Inc.",PRESENTATION,2021-03-03,0.011940943902260791,0.9102878639896888,0.07922127159226772,220,-0.08907296929798289,-0.2855213210112047,9,-0.18173717962349925,2,-0.0010743796980711671,9,-0.1530553951749299,3
0001628280-21-004508,CRDF,"Cardiff Oncology, Inc.",PRESENTATION,2021-03-11,0.012385488004526006,0.7245753819102732,0.07962677185318806,220,0.0051958819693849224,-0.04177655975849556,9,0.006802004311840429,2,-0.1246574727750796,9,-0.028908141007758764,3
0001628280-21-006707,CRDF,"Cardiff Oncology, Inc.",PRESENTATION,2021-04-08,0.013171933678177013,0.8217143064377228,0.0787800537120661,220,-0.044764772356304286,-0.1730500269744947,9,-0.08606238949843335,2,-0.16644210180654456,9,-0.10731368098504389,3
0001628280-21-006756,CRDF,"Cardiff Oncology, Inc.",CLINICAL,2021-04-12,0.012194920532669927,0.8265002572749169,0.07849637688219384,220,-0.041622404999634,-0.24419294293145954,9,-0.10515585316705296,2,-0.022979582406498958,9,-0.14551125112659702,3
0001628280-21-009284,CRDF,"Cardiff Oncology, Inc.",EARNINGS,2021-05-07,0.011589666266428583,0.8020973255668046,0.07960665273096584,220,0.03584671837736538,0.03174135366088317,9,-0.00784243364974821,2,-0.24217596777614792,9,-0.1284269375886032,3
0001628280-21-010750,CRDF,"Cardiff Oncology, Inc.",PRESENTATION,2021-05-20,0.00861395848700158,0.7968897370535486,0.07597259277230767,220,-0.03623460337601104,-0.21375545969006643,9,-0.08909889519447933,2,-0.1256175303759861,9,-0.12114563750912657,3
0001628280-21-011401,CRDF,"Cardiff Oncology, Inc.",PRESENTATION,2021-06-01,0.005758081645577232,0.6982216876116167,0.0741752695998544,220,-0.0456191186696666,-0.07852848523233719,9,-0.06240091787267501,2,-0.05228193280972989,9,-0.06100457856392546,3
0001628280-21-011784,CRDF,"Cardiff Oncology, Inc.",OTHER,2021-06-08,0.006770675948233218,0.7766164875482496,0.0736082548051673,220,0.03157466641300469,-0.10865495399820418,9,0.032143272196639025,2,-0.12445516697505313,9,0.053830686367977,3
0001628280-21-012005,CRDF,"Cardiff Oncology, Inc.",OTHER,2021-06-11,0.007856294341325527,0.5827911833475036,0.07338738345860449,220,-0.021350639079559988,-0.027748533488182577,9,0.016442484401748232,2,-0.14635077096251406,9,-0.013779091526917524,3
0001628280-21-013021,CRDF,"Cardiff Oncology, Inc.",OTHER,2021-06-28,0.003701538237264208,0.728598886535151,0.07107551883264236,220,0.022244852881421532,-0.08608578068127257,9,-0.06698213792340628,2,-0.16552674151589927,9,-0.049207631201041074,3
0001628280-21-013508,CRDF,"Cardiff Oncology, Inc.",PRESENTATION,2021-07-06,0.0035832010589685005,0.8566693935477886,0.06993457755146655,220,0.008729723658148641,-0.2397600247266214,9,0.006678288885979518,2,-0.16484664520707631,9,-0.024505331389900152,3
0001628280-21-013733,CRDF,"Cardiff Oncology, Inc.",OTHER,2021-07-12,0.0036596092257849904,0.8546146977612781,0.06992522098639163,220,-0.012827669628180535,-0.17252474767331744,9,-0.03507925443973012,2,-0.2502464210567625,9,-0.04479891794975607,3
0001628280-21-015831,CRDF,"Cardiff Oncology, Inc.",EARNINGS,2021-08-06,0.0022375815631518587,0.7368486410331622,0.06845983094853461,220,0.11499146832748253,-0.08696568030869893,9,0.11682551564902352,2,-0.06978742194164145,9,0.13786572433391273,3
0001628280-21-017578,CRDF,"Cardiff Oncology, Inc.",PRESENTATION,2021-08-25,0.0003730142946164291,0.7948095820772506,0.06692725501106109,220,0.08976248831628386,-0.008169288641516143,9,0.08657387073258681,2,0.05290002026816004,9,0.10842907731557659,3
0001628280-21-018136,CRDF,"Cardiff Oncology, Inc.",PRESENTATION,2021-09-07,0.0008900376131093876,0.6539692750211737,0.06640540144609869,220,-0.023617774265416943,0.2956122138611628,9,-0.06971919063214049,2,-0.02601180387746474,9,-0.05436471215267927,3
0001628280-21-018216,CRDF,"Cardiff Oncology, Inc.",CLINICAL,2021-09-09,0.0006028568107109994,0.6463103406695799,0.06641152666409882,220,-0.006347155039822504,0.18946433463408477,9,-0.10056658777668386,2,0.14486047142586483,9,-0.1463901538285471,3
0001628280-21-021748,CRDF,"Cardiff Oncology, Inc.",EARNINGS,2021-11-05,-0.0039159878239514705,0.9801127503399429,0.05106135378289383,220,-0.04874581052022894,0.002977219819499808,9,-0.061210602775093444,2,0.0533633119926062,9,-0.06355259313814285,3
0001628280-21-022729,CRDF,"Cardiff Oncology, Inc.",PRESENTATION,2021-11-10,-0.003615183604258626,1.012765064040988,0.05100937055227954,220,-0.030754186134444673,-0.04645905916175058,9,-0.025690545926018524,2,0.0601422376691401,9,0.012850995554808332,3
0001628280-21-024493,CRDF,"Cardiff Oncology, Inc.",OTHER,2021-12-03,-0.005359029003184683,1.207791802885371,0.049433366446720764,220,-0.02442462528552378,0.11269600887687163,9,-0.0257363339051491,2,0.21003236285055438,9,0.015177805460155866,3
0001628280-21-024814,CRDF,"Cardiff Oncology, Inc.",PRESENTATION,2021-12-10,-0.005306555201321725,1.1785691032288945,0.04936809510830308,220,-0.033469674456045526,0.12609298219437576,9,-0.010605418092190778,2,0.10385217478527403,9,-0.05289719918509252,3
0001628280-22-000669,CRDF,"Cardiff Oncology, Inc.",OTHER,2022-01-11,-0.0049222701798720785,1.1806676886170817,0.0504397680476012,220,0.09599219684276845,0.11674356340905631,9,0.06461901201924758,2,-0.563247149378105,9,0.10886538587649056,3
0001628280-22-001039,CRDF,"Cardiff Oncology, Inc.",CLINICAL,2022-01-19,-0.0034342969665226964,1.1378628013021788,0.04485066651572079,220,-0.24370829006992054,0.13351467028519454,9,-0.37713075595433243,2,-0.11681206556775567,9,-0.45850157564615773,3
0001628280-22-001522,CRDF,"Cardiff Oncology, Inc.",OTHER,2022-02-01,-0.004409411441197516,1.5035717972401599,0.0444460469003945,220,0.041587083146760684,-0.5969605967176804,9,-0.008157334301937769,2,0.014785414836858479,9,0.03879126642520073,3
0001628280-22-003816,CRDF,"Cardiff Oncology, Inc.",EARNINGS,2022-02-25,-0.0020181314078796158,1.3272266167235551,0.0444935714292807,220,0.04764050535451854,-0.12306983194005285,9,-0.00966330454795438,2,-0.09597042504857031,9,-0.03135023950666138,3
0001628280-22-008804,CRDF,"Cardiff Oncology, Inc.",CLINICAL,2022-04-08,-0.004554700179964314,1.7315634305792185,0.04545471575801225,220,-0.016131372813076007,-0.003978769297166854,9,-0.0599026294451486,2,-0.2314659313292053,9,-0.08876457881028098,3
0001628280-22-008987,CRDF,"Cardiff Oncology, Inc.",OTHER,2022-04-13,-0.00432090437137588,1.7934370096757952,0.04547148013861227,220,-0.05948924949073051,-0.03269061850535384,9,-0.05796266384781995,2,-0.27525793138516225,9,-0.07047099543096605,3
0001628280-22-012620,CRDF,"Cardiff Oncology, Inc.",EARNINGS,2022-05-06,-0.005507982790715199,1.9959743009381887,0.044793387945138145,220,0.0024964846811669945,0.04574688796202265,9,0.011304353348611757,2,0.13504083701547537,9,0.024817979057145407,3
0001628280-22-021064,CRDF,"Cardiff Oncology, Inc.",EARNINGS,2022-08-05,-0.002643722913109235,1.702881223784031,0.05587091054740142,220,0.05097617825414693,-0.09824770649382594,9,0.18603174231209071,2,-0.1421196405903893,9,0.28982617105064146,3
0001628280-22-024362,CRDF,"Cardiff Oncology, Inc.",PRESENTATION,2022-09-07,-0.002539104395247131,1.6753933640437315,0.06149509710293443,220,0.082244754639887,0.2810371161583521,9,0.09150089598515575,2,-0.26156136390435775,9,0.007834507585381395,3
0001628280-22-024744,CRDF,"Cardiff Oncology, Inc.",CLINICAL,2022-09-13,-0.0025866371132432253,1.6113262026857755,0.0612195657133134,220,-0.33856403696570003,0.13911316827579745,9,-0.4849831841078377,2,0.11287879073605944,9,-0.39281770266433946,3
0001628280-22-025855,CRDF,"Cardiff Oncology, Inc.",PRESENTATION,2022-10-04,-0.002579143646772422,1.597765871483325,0.06280164077128253,220,0.017172412525835824,0.04723311217389054,9,-0.02472125326706512,2,0.0599659316534724,9,-0.05133821757609678,3
0001628280-22-028200,CRDF,"Cardiff Oncology, Inc.",EARNINGS,2022-11-04,-0.0011827070005941468,1.9951007435545085,0.06912965010124457,220,-0.027533178291343937,-0.02109824252402072,9,-0.11585712775956179,2,-0.08451313973938494,9,-0.14111072515679096,3
0001628280-23-002037,CRDF,"Cardiff Oncology, Inc.",OTHER,2023-02-03,-0.0007612005891496303,1.7577598942176926,0.064567959051981,220,0.1223018945940093,-0.08905090673232795,9,0.1752563575963016,2,-0.032216462843154006,9,0.1738213967482343,3
0001628280-23-006049,CRDF,"Cardiff Oncology, Inc.",EARNINGS,2023-03-03,0.0020129156677816205,1.5954701027364941,0.06702875672473213,220,-0.010259903898929758,-0.01189813855087014,9,-0.03610519290234024,2,0.07179734647286869,9,-0.044712698685403285,3
0001628280-23-007567,CRDF,"Cardiff Oncology, Inc.",OTHER,2023-03-13,0.0013161802457330447,1.5827535827932089,0.06719073048886584,220,-0.01062082074536953,0.11587898493837087,9,-0.008860268307094181,2,-0.2202338747775474,9,-0.026227417319846104,3
0001628280-23-015693,CRDF,"Cardiff Oncology, Inc.",EARNINGS,2023-05-05,0.003425626731991518,1.6050850287616902,0.06763724549852966,220,-0.06903752190758458,0.3069372756315245,9,-0.11544391695047648,2,-0.1075121914597525,9,-0.05911347869525899,3
0001628280-23-022757,CRDF,"Cardiff Oncology, Inc.",OTHER,2023-06-21,0.001533858834080692,1.6615852927915715,0.0607617506875608,220,-0.018661409155465845,-0.10753975125307401,9,-0.052508873255758905,2,-0.061584026049629974,9,-0.05179143816301453,3
0001628280-23-025483,CRDF,"Cardiff Oncology, Inc.",OTHER,2023-07-25,-0.0002990287812085729,1.6114845218454503,0.05494962387913902,220,-0.03765744606407948,-0.026370165648417914,9,-0.023717357305005772,2,0.5073146185908637,9,-0.0372839276322677,3
0001104659-23-088391,CRDF,"Cardiff Oncology, Inc.",CLINICAL,2023-08-08,-0.0019074378267318177,1.6368115782419068,0.05266485412747928,220,0.39756051188551633,0.19827973804078264,9,0.2865571781337765,2,0.020438965229148794,9,0.1923063847236805,3
0001628280-23-033014,CRDF,"Cardiff Oncology, Inc.",CLINICAL,2023-09-27,0.001475663295372068,0.9825688681991005,0.052952480153739455,220,-0.01421350224385714,-0.07629067538810072,9,-0.1276356996243673,2,-0.20770379425771202,9,-0.1084650918684538,3
0001628280-24-000780,CRDF,"Cardiff Oncology, Inc.",PRESENTATION,2024-01-08,-0.0002812086910854783,0.9064328949282392,0.05584035366017986,220,0.10199069180297846,0.15380068998086577,9,0.11507563576630579,2,-0.15715010596696816,9,0.05989857595830444,3
0001628280-24-015247,CRDF,"Cardiff Oncology, Inc.",PRESENTATION,2024-04-09,0.0006876370356696123,1.0672496795014377,0.05337284045416566,220,-0.03933716943886954,0.01359958957659143,9,0.011297787841867843,2,-0.3206514811698961,9,0.01686246677204392,3
0001628280-24-020010,CRDF,"Cardiff Oncology, Inc.",EARNINGS,2024-05-03,0.004863869150155335,1.3064108447157863,0.07173752918972678,220,-0.23534315205187065,-0.07166584996956099,9,-0.27074333711263543,2,-0.02276820111302765,9,-0.22872475427048522,3
0001628280-24-026295,CRDF,"Cardiff Oncology, Inc.",OTHER,2024-06-04,0.005652772251381846,1.5049126020631558,0.07344164201029493,220,-0.05149898987772164,-0.17324645425241236,9,-0.09153955581158447,2,-0.26074659522384785,9,-0.10156420255234846,3
0001628280-24-036122,CRDF,"Cardiff Oncology, Inc.",EARNINGS,2024-08-09,0.0012875148457204666,1.3902904825551397,0.06922948661837477,220,0.10995228836278537,-0.05465781874573471,9,0.057513927136781995,2,-0.022599249622854072,9,0.0194140075861802,3
0000950170-24-123303,CRDF,"Cardiff Oncology, Inc.",EARNINGS,2024-11-08,0.004478199882467641,1.7624909715351993,0.06888570740895104,220,-0.25905679889604577,0.272858984605882,9,-0.1418374204588284,2,-0.363613655353337,9,-0.08645281288031696,3
0000950170-24-134749,CRDF,"Cardiff Oncology, Inc.",CLINICAL,2024-12-10,0.003616279965466157,1.8283475995538998,0.06730732300467196,220,0.5512485044980083,-0.12441024771772896,9,0.5123337428461233,2,0.12352143232583696,9,0.5744097760832799,3
0000950170-24-134970,CRDF,"Cardiff Oncology, Inc.",OTHER,2024-12-11,0.003907177231771971,1.8408301019048525,0.06736933561777121,220,-0.039302157902675765,-0.05528308774710611,9,-0.14994024497658495,2,0.33473210861493824,9,0.4010561715289529,3
0000950170-25-029065,CRDF,"Cardiff Oncology, Inc.",EARNINGS,2025-02-28,0.004600319272749917,1.7143136298703543,0.08446102783247367,220,0.012981727382079637,0.024994021403549976,9,-0.060640426266172255,2,0.09461731221705336,9,-0.12756296675134157,3
0000950170-25-066947,CRDF,"Cardiff Oncology, Inc.",EARNINGS,2025-05-09,0.0015397720415432706,2.110835962119604,0.06717492904524384,220,0.012556501730702944,-0.21611911799595862,9,-0.024906419667693327,2,0.10262835934737885,9,0.015070945991653678,3
0000950170-25-087369,CRDF,"Cardiff Oncology, Inc.",PRESENTATION,2025-06-18,0.0019199893699753023,1.3415488269013423,0.06865210185773991,220,-0.18550146091751962,0.07742699598558087,9,-0.15778081627855373,2,0.08763039979413463,9,-0.1896879175553823,3
0001193125-25-269492,CRDF,"Cardiff Oncology, Inc.",EARNINGS,2025-11-07,-0.0011131256881569854,1.2473962440477766,0.07175965358824804,220,-0.026781543692764472,0.015554230245685096,9,-0.026868314268466045,2,-0.039638347927894266,9,-0.007907252245064327,3
0001564590-19-007555,CRNX,"Crinetics Pharmaceuticals, Inc.",EARNINGS,2019-03-14,0.0016317002038658136,1.1133895016582191,0.04423618896364559,133,0.03536299595427257,-0.0024799597881166036,9,0.011708121722773076,2,-0.1159551074512509,9,0.046092370425823884,3
0001564590-19-018827,CRNX,"Crinetics Pharmaceuticals, Inc.",EARNINGS,2019-05-14,0.00028698082637696224,1.1081718376839664,0.04106531206451541,175,0.002455343089461274,0.014593283801760011,9,-0.011018327311127077,2,0.07324709453842883,9,-0.018855025452578816,3
0001564590-19-031797,CRNX,"Crinetics Pharmaceuticals, Inc.",EARNINGS,2019-08-14,-0.0005009658500354268,1.0839772177927702,0.03790555550967731,220,-0.03961324736958373,-0.04251119426116909,9,-0.03864306343639859,2,-0.11196909075817142,9,-0.025822339249635933,3
0001564590-19-042893,CRNX,"Crinetics Pharmaceuticals, Inc.",EARNINGS,2019-11-13,-0.0029388000987895734,1.3650475550851304,0.034326428965555184,220,0.016775704855890358,0.10982925898324716,9,-0.02450437565322858,2,0.06708995189879013,9,-0.042615984909160326,3
0001564590-20-009362,CRNX,"Crinetics Pharmaceuticals, Inc.",EARNINGS,2020-03-10,-0.0009089046202999048,1.377066323660412,0.028016023764082295,220,-0.17108539160634467,-0.02510588541067823,9,-0.19395596767827206,2,0.14115296888464018,9,-0.117665197339664,3
0001193125-20-099551,CRNX,"Crinetics Pharmaceuticals, Inc.",CLINICAL,2020-04-07,-0.0004022074483125356,1.303647246097051,0.02766233265201393,220,-0.11021630433980588,-0.1427641495226612,9,-0.14897427593951396,2,0.3340908630372735,9,-0.1262012837083969,3
0001193125-20-108092,CRNX,"Crinetics Pharmaceuticals, Inc.",OTHER,2020-04-16,-0.0006585659564896286,1.1482158737804058,0.02784964561295197,220,-0.00488080110242065,-0.08071183163828913,9,-0.04363949330278686,2,0.08099478372750231,9,0.025950938487171726,3
0001564590-20-023260,CRNX,"Crinetics Pharmaceuticals, Inc.",EARNINGS,2020-05-08,-0.0017720464654504507,0.9711656747976684,0.03477566360512657,220,0.03579138388569571,0.08814631270314749,9,0.12602855745960745,2,-0.04351239770671232,9,0.0017810407262456168,3
0001564590-20-038067,CRNX,"Crinetics Pharmaceuticals, Inc.",EARNINGS,2020-08-07,0.00042670869000184053,1.0226264312127535,0.04274624777121223,220,0.0871735522525905,-0.011131441759213496,9,0.13821334865690435,2,-0.16622185507398698,9,0.14254713385129972,3
0001564590-20-044046,CRNX,"Crinetics Pharmaceuticals, Inc.",REGULATORY,2020-09-21,1.921900919995721e-06,1.026172987286982,0.04322404496257286,220,-0.018384482820891855,0.14408100992067768,9,-0.08177889317012935,2,0.11202223935163665,9,-0.0904635042361113,3
0001564590-20-047499,CRNX,"Crinetics Pharmaceuticals, Inc.",CLINICAL,2020-10-26,-0.00022541180193416557,1.0484646843033045,0.04438572154490483,220,-0.08513347210940914,-0.07220722840602457,9,-0.026005102539087145,2,-0.10075997083740124,9,-0.07454502558428522,3
0001564590-20-051684,CRNX,"Crinetics Pharmaceuticals, Inc.",EARNINGS,2020-11-06,-0.0007420988050662904,1.0548014630734244,0.0447203642259509,220,-0.059150607789457375,-0.07162779549351422,9,-0.09062002360087534,2,0.10437653554229491,9,-0.09766757325139695,3
0001564590-21-000325,CRNX,"Crinetics Pharmaceuticals, Inc.",PRESENTATION,2021-01-06,-0.002382947875517222,1.112864271162811,0.04782783329632399,220,0.06339869593749388,0.08499725964826609,9,0.07459936192480855,2,0.04267307076409918,9,0.022722545178308556,3
0001564590-21-003931,CRNX,"Crinetics Pharmaceuticals, Inc.",CLINICAL,2021-02-03,-0.0017326787163174518,1.116207459333846,0.049077529349126896,220,0.02182935453771722,-0.045683697338894255,9,0.04732360403374146,2,0.02984086985809144,9,0.08373464744274701,3
0001564590-21-004179,CRNX,"Crinetics Pharmaceuticals, Inc.",CLINICAL,2021-02-04,-0.0017703029276171685,1.118533151160237,0.04910216254728631,220,0.025505440714319535,-0.0018340941628374186,9,0.03630045689857714,2,0.055623428755126006,9,0.05816560702152739,3
0001564590-21-016706,CRNX,"Crinetics Pharmaceuticals, Inc.",EARNINGS,2021-03-31,-0.0010902991500738128,1.282666580967957,0.04470109551837383,220,-0.014471468013201611,-0.06489770201343942,9,0.019887726642339964,2,0.04971240442124707,9,0.027629801139108207,3
0001193125-21-110225,CRNX,"Crinetics Pharmaceuticals, Inc.",OTHER,2021-04-09,-0.00042657914807961157,1.2268536030441006,0.04400521884766112,220,-0.054861384076320435,-0.02932345618009909,9,-0.052538593015483415,2,-0.0014304766035086597,9,0.03087212871012443,3
0001564590-21-024928,CRNX,"Crinetics Pharmaceuticals, Inc.",EARNINGS,2021-05-07,-0.0016786044915970322,1.5574896807436196,0.041457976810263295,220,0.00896170640690317,-0.009244656081079505,9,-0.01697925409345608,2,0.06279185453801463,9,-0.05291378963498081,3
0001564590-21-034687,CRNX,"Crinetics Pharmaceuticals, Inc.",OTHER,2021-06-28,-0.0021674139480874544,1.656004677243718,0.03633226789557796,220,0.0018872063944310466,0.20567494809351847,9,-0.023767323940657545,2,0.036188134815239414,9,-0.06430116087459356,3
0001564590-21-048031,CRNX,"Crinetics Pharmaceuticals, Inc.",CLINICAL,2021-09-16,-0.000817518609176171,1.4646011251523372,0.03608573488129143,220,0.004841497534289781,0.032881645798503834,9,-0.01151046138884945,2,-0.026563027175457072,9,-0.025472879481244153,3
0001564590-21-048956,CRNX,"Crinetics Pharmaceuticals, Inc.",OTHER,2021-09-27,7.547855518987966e-05,1.4657431027904244,0.03640009274790405,220,0.02792738388296167,-0.07330818553761917,9,0.024831228317455333,2,-0.06518325358955086,9,0.003191323010097953,3
0001564590-21-051031,CRNX,"Crinetics Pharmaceuticals, Inc.",OTHER,2021-10-19,0.0011028785884308774,1.3393073996878218,0.03429337796241327,220,0.04334472680313757,-0.10450986928743376,9,0.007094110062324223,2,0.2653896406709109,9,-0.00515695269376085,3
0001193125-21-303072,CRNX,"Crinetics Pharmaceuticals, Inc.",EARNINGS,2021-10-21,0.0012461006948433879,1.3184151838716125,0.03417035892756548,220,0.13521438732846242,-0.02250113674896985,9,0.13178965500007536,2,0.1641425476005744,9,0.09547787451216426,3
0001193125-21-304041,CRNX,"Crinetics Pharmaceuticals, Inc.",OTHER,2021-10-22,0.0013613631108457301,1.333199849927777,0.03402630754832079,220,-0.0035246776617166666,-0.047665244919893095,9,-0.048051679599077954,2,0.21133768138597817,9,0.0870088857426958,3
0001564590-21-054746,CRNX,"Crinetics Pharmaceuticals, Inc.",EARNINGS,2021-11-05,0.0015262301345016253,1.2495200727467115,0.033338555369394646,220,0.00427586321144529,0.1548694166483942,9,-0.0015428813193858236,2,-0.03277646579528237,9,0.0035060097333339995,3
0001564590-21-055080,CRNX,"Crinetics Pharmaceuticals, Inc.",CLINICAL,2021-11-08,0.001552925743774509,1.2803988691375394,0.03328307954969558,220,-0.005871801050913389,0.16252509324582448,9,0.007954322068394373,2,-0.1082540539980047,9,0.012096349910677638,3
0001564590-22-001071,CRNX,"Crinetics Pharmaceuticals, Inc.",PRESENTATION,2022-01-12,0.0014350292503114454,1.3353001500700115,0.03323420134486931,220,-0.038757423245249875,-0.05940110753790465,9,-0.046134378368492907,2,-0.23452608165818684,9,-0.034410042960183455,3
0000950170-22-004123,CRNX,"Crinetics Pharmaceuticals, Inc.",OTHER,2022-03-18,1.7392062875772486e-05,1.370375405119174,0.03638300421472568,220,0.006600460246062074,0.028051409721213658,9,-0.03535514295604903,2,0.20526772082874153,9,-0.053031581911684465,3
0001193125-22-104334,CRNX,"Crinetics Pharmaceuticals, Inc.",OTHER,2022-04-14,0.001165656221792928,1.3703466765465417,0.03542090680148309,220,-0.043436829333399596,0.22414532352708497,9,-0.16285819821359665,2,-0.043636928142539895,9,0.06420541169757464,3
0000950170-22-009735,CRNX,"Crinetics Pharmaceuticals, Inc.",EARNINGS,2022-05-13,0.0005120381394386928,1.4231381231099698,0.03523274371280133,220,0.024187630042980232,-0.08621104232436817,9,0.11105027459706364,2,-0.23691732721963168,9,0.1624384560392277,3
0000950170-22-010602,CRNX,"Crinetics Pharmaceuticals, Inc.",PRESENTATION,2022-05-25,0.001351975880689172,1.3177979555060322,0.03756418731693112,220,-0.12947457523975353,0.1387293662523596,9,-0.17270183356539837,2,0.12676062996457255,9,-0.18782752804069236,3
0000950170-22-017018,CRNX,"Crinetics Pharmaceuticals, Inc.",EARNINGS,2022-08-12,0.0008454186987475347,1.4251068687851483,0.041153283376650175,220,-0.02691367701546273,0.06616291512507796,9,0.05493276352870567,2,-0.06050925117484698,9,-0.00011569974347303003,3
0000950170-22-019537,CRNX,"Crinetics Pharmaceuticals, Inc.",OTHER,2022-10-13,0.001407662831025484,1.3351644098426183,0.04342939298230184,220,-0.009753275273141598,-0.106381874152525,9,-0.017286236502811858,2,-0.047817969163823686,9,0.01989320659165341,3
0000950170-22-024723,CRNX,"Crinetics Pharmaceuticals, Inc.",EARNINGS,2022-11-14,0.0009367623430696097,1.2820334473771076,0.04215789354529473,220,0.01214426457314822,-0.030610099435127686,9,-0.010036339699845095,2,-0.04167105893106208,9,-0.03413964302557873,3
0000950170-22-025709,CRNX,"Crinetics Pharmaceuticals, Inc.",REGULATORY,2022-11-28,0.0008660499420037162,1.1823821910721628,0.04178932469444054,220,-0.040595109707150454,-0.034317916101767446,9,-0.01770361570196971,2,-0.08887759263067432,9,-0.0404671960531644,3
0000950170-23-000460,CRNX,"Crinetics Pharmaceuticals, Inc.",PRESENTATION,2023-01-09,8.217881935510918e-05,1.2036292245963058,0.03971642742027784,220,-0.05530046950158347,0.10098160327017537,9,-0.06202914009668375,2,0.14730463749233355,9,-0.07013941220175697,3
0000950170-23-005094,CRNX,"Crinetics Pharmaceuticals, Inc.",EARNINGS,2023-03-01,0.0006946329537748786,1.0798363187590143,0.039681232336394735,220,0.003447560785675216,-0.00653933064668984,9,-0.03670434101764948,2,-0.08221838320515487,9,-0.011555890420303892,3
0000950170-23-007454,CRNX,"Crinetics Pharmaceuticals, Inc.",OTHER,2023-03-13,0.0010427780050807445,1.0666263429599296,0.04011190245594487,220,0.02999148205906442,-0.06842922798227127,9,0.014689962296937094,2,-0.137443982960425,9,-0.021511692674466266,3
0000950170-23-017919,CRNX,"Crinetics Pharmaceuticals, Inc.",EARNINGS,2023-05-05,-0.00017741261912851888,1.0343138813301425,0.033651071215880034,220,0.02688814289350068,0.2419493777280589,9,0.012472381084464999,2,0.00345473281825958,9,0.010703840572280268,3
0000950170-23-039338,CRNX,"Crinetics Pharmaceuticals, Inc.",EARNINGS,2023-08-08,-0.0006780313620335488,0.9915119681874772,0.02871025670013596,220,-0.033899085423217575,0.03204753740540456,9,-0.062430646698581914,2,0.06812862846038197,9,-0.10784021374856383,3
0001193125-23-231899,CRNX,"Crinetics Pharmaceuticals, Inc.",CLINICAL,2023-09-11,-0.0007309811689722779,0.9152361128053841,0.027711218828659852,220,0.6277735595230335,-0.06913976935094956,9,0.806454719207415,2,0.0036584634216296624,9,0.7940500349266355,3
0001193125-23-234504,CRNX,"Crinetics Pharmaceuticals, Inc.",OTHER,2023-09-14,-0.0007630963442689361,0.97509116270063,0.02765108611411779,220,0.018283976617233584,0.7881843207864032,9,0.0379674481990601,2,0.038248828973235616,9,-0.029421857448968965,3
0000950170-23-060219,CRNX,"Crinetics Pharmaceuticals, Inc.",EARNINGS,2023-11-08,0.0026354605267561084,1.146359167456421,0.052205316890303124,220,-0.03972150324079359,-0.027458055291227974,9,-0.09527971081079858,2,0.06611901783937513,9,-0.1329916155330927,3
0000950170-23-071084,CRNX,"Crinetics Pharmaceuticals, Inc.",CLINICAL,2023-12-19,0.0036464963528058713,0.8881431144107399,0.05298072519741368,220,0.10584008078132827,-0.028462276998289,9,0.04490292962905448,2,-0.022092190771208612,9,0.0011473417696545793,3
0001193125-24-003929,CRNX,"Crinetics Pharmaceuticals, Inc.",PRESENTATION,2024-01-08,0.0027951468064962124,0.9488629371276547,0.053012550305126485,220,0.017893788714779004,-0.014309882347113988,9,0.07133644615373134,2,-0.0539070620627609,9,0.06695406977161784,3
0000950170-24-022068,CRNX,"Crinetics Pharmaceuticals, Inc.",EARNINGS,2024-02-29,0.003128812868085352,0.9990882857350009,0.05290356983110159,220,-0.04928370303566669,0.06637836712541788,9,0.06253613028017646,2,-0.2145751803723473,9,0.11731286661517543,3
0001193125-24-055935,CRNX,"Crinetics Pharmaceuticals, Inc.",OTHER,2024-03-04,0.0031759090270273176,1.0238900627033842,0.052859850592527964,220,-0.0568247432295819,0.06768245530388226,9,-0.06309804762136745,2,-0.16425747681016936,9,0.04844184533499016,3
0001193125-24-065913,CRNX,"Crinetics Pharmaceuticals, Inc.",CLINICAL,2024-03-13,0.0034242977708533787,0.9951514980674364,0.05281185126662,220,-0.007999519370727714,-0.0008906259147924839,9,-0.06599950943469368,2,0.11861647327076989,9,-0.09985475620086881,3
0001193125-24-070706,CRNX,"Crinetics Pharmaceuticals, Inc.",CLINICAL,2024-03-19,0.0036095677388440243,1.0047462655431816,0.052732825094305165,220,0.1819486045581435,-0.13951455376528904,9,0.17590732880606624,2,0.018192908406912088,9,0.14063926749361222,3
0000950170-24-055872,CRNX,"Crinetics Pharmaceuticals, Inc.",PRESENTATION,2024-05-09,0.0027891686727580444,1.113851746934761,0.05453789777073485,220,-0.038092956142217194,0.04724902851721287,9,-0.07104995561035789,2,-0.020647236960302837,9,-0.006175086243612016,3
0000950170-24-056977,CRNX,"Crinetics Pharmaceuticals, Inc.",EARNINGS,2024-05-10,0.0030955119254110807,1.107827470364835,0.05442270514581715,220,-0.033255583888616866,0.13186489390326062,9,-0.037958345637991775,2,-0.05292053784068987,9,-0.07632293359918245,3
0001193125-24-144484,CRNX,"Crinetics Pharmaceuticals, Inc.",CLINICAL,2024-05-22,0.0032641380504973465,1.1628227018594222,0.05453638617579855,220,0.021094072134807268,0.0063530690068563204,9,-0.011468602388099353,2,-0.1052876661481682,9,-0.0397101457755064,3
0001193125-24-153075,CRNX,"Crinetics Pharmaceuticals, Inc.",CLINICAL,2024-06-04,0.0033366710051291283,1.3187798363266325,0.05470850439815034,220,0.017877287781313977,-0.16898711263396815,9,-0.0032461937819620937,2,-0.12430708239794644,9,0.03444930847443533,3
0001193125-24-165903,CRNX,"Crinetics Pharmaceuticals, Inc.",OTHER,2024-06-24,0.0047083243683311085,1.3013735972047955,0.054634317236061554,220,0.0012772144129830788,-0.10507112489061628,9,-0.02574434561450227,2,0.009982331260905898,9,0.0022804884818086978,3
0000950170-24-093951,CRNX,"Crinetics Pharmaceuticals, Inc.",EARNINGS,2024-08-09,0.00410830177911004,1.3375064246657538,0.054807772407025335,220,-0.07110243583645652,-0.08464105054967258,9,-0.035401445494257326,2,-0.03702430621002975,9,-0.019911394368390033,3
0000950170-24-109644,CRNX,"Crinetics Pharmaceuticals, Inc.",REGULATORY,2024-09-27,0.0017438449309316213,1.1769012595593247,0.03258796175199179,220,0.003324107338564998,-0.05445938030621755,9,0.003760579666746272,2,0.013639913600232343,9,-7.261377605424606e-05,3
0001193125-24-235275,CRNX,"Crinetics Pharmaceuticals, Inc.",OTHER,2024-10-10,0.0021755179061471036,1.240761316600475,0.03154639592206332,220,0.02129759586450216,-0.0005323939113750804,9,0.037957087987645,2,0.08519021428485464,9,0.007845097558683976,3
0000950170-24-125361,CRNX,"Crinetics Pharmaceuticals, Inc.",EARNINGS,2024-11-13,0.0016346997356600805,1.3264610489301236,0.029748407109967564,220,0.00010269917642937105,0.01158306798923011,9,0.01955657348496793,2,-0.05622436301744501,9,0.0015457310937435562,3
0000950170-24-134342,CRNX,"Crinetics Pharmaceuticals, Inc.",REGULATORY,2024-12-09,0.0016347255618661817,1.2650651844773428,0.030197208529796148,220,-0.03333998947352013,-0.030103151891309497,9,-0.021327639663717375,2,-0.053130497004632016,9,-0.004906255294168412,3
0000950170-24-136680,CRNX,"Crinetics Pharmaceuticals, Inc.",OTHER,2024-12-17,0.0017379200411474626,1.2465412758225851,0.030045746713318295,220,0.016943706298782755,-0.07801502910214095,9,-0.006880927443925395,2,-0.02578471923178601,9,0.004135282505620792,3
0000950170-25-003801,CRNX,"Crinetics Pharmaceuticals, Inc.",CLINICAL,2025-01-10,0.0009733610532989313,1.194284311208421,0.029156161327234375,220,-0.14583236590929735,-0.08174522382883397,9,-0.18832265090145145,2,-0.05986674854484984,9,-0.2096569098269539,3
0000950170-25-005435,CRNX,"Crinetics Pharmaceuticals, Inc.",PRESENTATION,2025-01-15,0.0010946520658623694,1.19042128852831,0.029175198045551732,220,0.008413836817426794,-0.24974760360594755,9,0.002802185268300463,2,0.06368269006924884,9,-0.0861283669652841,3
0000950170-25-025248,CRNX,"Crinetics Pharmaceuticals, Inc.",OTHER,2025-02-24,0.0008142846088311014,1.3239610300701155,0.02946146470411765,220,-0.07060379398792577,-0.06268611705495328,9,-0.1318470578727712,2,0.11695463035556256,9,-0.09373827163325685,3
0000950170-25-029040,CRNX,"Crinetics Pharmaceuticals, Inc.",EARNINGS,2025-02-28,-0.001370087787982411,1.5000164006176275,0.031082592667121236,220,0.0553477592178904,-0.03844299908977697,9,0.03716245395725074,2,0.0765383174009282,9,0.0827523179258724,3
0000950170-25-066939,CRNX,"Crinetics Pharmaceuticals, Inc.",EARNINGS,2025-05-09,-0.001979060807796778,1.255437182392421,0.02756743043265565,220,-0.05819508470755098,-0.07125850926724353,9,-0.011655472642817313,2,-0.08309006580270113,9,0.023309080513594982,3
0000950170-25-090405,CRNX,"Crinetics Pharmaceuticals, Inc.",PRESENTATION,2025-06-27,-0.0013920394123427544,1.164762471880568,0.029187459528308292,220,-0.005395232291085319,-0.06233904427582819,9,-0.04962549869770437,2,0.1440087096931622,9,-0.07115758812245529,3
0000950170-25-091613,CRNX,"Crinetics Pharmaceuticals, Inc.",PRESENTATION,2025-07-01,-0.0016761241191723978,1.1674492275743973,0.029024600942912055,220,-0.009420339709880031,-0.08059174137868635,9,0.02248917100882311,2,0.09464423602324132,9,-0.021469856551751168,3
0001193125-25-175494,CRNX,"Crinetics Pharmaceuticals, Inc.",EARNINGS,2025-08-08,-0.0025726997798649134,1.164494147085609,0.028354691474045672,220,-0.04345139587330475,-0.03536420606219891,9,-0.018836660729443074,2,0.13242717750599559,9,-0.038071626658970174,3
0001658247-25-000008,CRNX,"Crinetics Pharmaceuticals, Inc.",REGULATORY,2025-09-26,-0.0026027912401857846,1.178398547508366,0.029324090115143055,220,0.27503823640268965,0.059897817327233635,9,0.22205286539087243,2,0.07718978741485692,9,0.2502740554552311,3
0001658247-25-000018,CRNX,"Crinetics Pharmaceuticals, Inc.",EARNINGS,2025-11-07,-0.0024216862761516187,1.1826952411426632,0.030532091130380915,220,-0.07899101391470678,0.07581280739235914,9,-0.058774414638855486,2,0.09666820455721103,9,-0.021090897471646344,3
0001437749-24-033614,CTNM,"Contineum Therapeutics, Inc.",EARNINGS,2024-11-07,0.000680517084900478,2.1593084048414615,0.046275123570398514,119,0.058609168521368986,0.019623803998425466,9,0.04048869111978941,2,-0.215696845236324,9,0.02467033544086228,3
0001437749-25-006457,CTNM,"Contineum Therapeutics, Inc.",EARNINGS,2025-03-07,-0.0019812418834669835,1.565488312007064,0.04266918202834055,199,0.04444925297119481,-0.1646325712432797,9,0.18118587003395506,2,-0.020070013029297444,9,0.2666940681341895,3
0001437749-25-013334,CTNM,"Contineum Therapeutics, Inc.",OTHER,2025-04-29,-0.003527119950775457,1.138882939501311,0.04357145356128506,220,-0.023647180432916283,0.0987042594285139,9,-0.0885990246527937,2,-0.1057571877290982,9,-0.0650980591898232,3
0001437749-25-024849,CTNM,"Contineum Therapeutics, Inc.",EARNINGS,2025-08-06,-0.005415624210713573,0.6528004712546472,0.05543201188143623,220,0.05541531739531154,0.1760358242987824,9,0.12456892007614177,2,0.337829465906194,9,0.167776919194585,3
0001437749-25-029349,CTNM,"Contineum Therapeutics, Inc.",CLINICAL,2025-09-18,-0.003673596651215134,0.4571824664698435,0.05971459762994359,220,0.002344455770077723,0.14448437360895214,9,0.01181823494762797,2,-0.1074386827732759,9,0.05942826845235924,3
0001437749-25-032422,CTNM,"Contineum Therapeutics, Inc.",EARNINGS,2025-10-31,0.00013332895243774103,0.36952545588821534,0.06268024621336753,220,0.04324660145168281,-0.14599229507749448,9,0.009722200304952001,2,0.010244865605809016,9,-0.019374576925942844,3
0001437749-25-035860,CTNM,"Contineum Therapeutics, Inc.",CLINICAL,2025-11-21,0.0010715664328814311,0.330236682824223,0.06226567508091579,220,-0.10869829641374557,0.12260235714789627,9,-0.16807955523217918,2,0.160116545427327,9,-0.18101219154627662,3
0001437749-25-037547,CTNM,"Contineum Therapeutics, Inc.",CLINICAL,2025-12-12,0.00037537303725730247,0.32062028310014234,0.06200337711418287,220,-0.10710401413648397,0.1535305188392186,9,-0.11129423384962137,2,0.036258340939793174,9,-0.0684860518298558,3
0001437749-25-037842,CTNM,"Contineum Therapeutics, Inc.",OTHER,2025-12-16,0.0004935739695663578,0.3287498152987877,0.062061216376913315,220,-0.00218595662629752,0.067605720864023,9,-0.005122763213778806,2,-0.010820622041466997,9,-0.009418901693578946,3
0001683168-19-000034,CVSI,"CV Sciences, Inc.",OTHER,2019-01-08,0.014605143752118589,0.11380957779322302,0.09687159720031947,220,-0.04835416495363995,-0.1350224222552243,9,-0.07475252099247373,2,-0.07628298337003078,9,-0.09025502506182706,3
0001510964-19-000009,CVSI,"CV Sciences, Inc.",OTHER,2019-03-22,0.015673312556823266,0.8324587312734333,0.09704548890462235,220,0.0519138064753532,-0.034369211141692904,9,0.13318869118786225,2,-0.21868059204742846,9,0.19847441072717953,3
0001510964-19-000011,CVSI,"CV Sciences, Inc.",OTHER,2019-04-03,0.014583499176087835,0.8150437970703496,0.09663115993308741,220,-0.03979781925043996,0.06287802402160317,9,-0.030273843042021527,2,-0.1840974849515666,9,-0.08308531121897558,3
0001510964-19-000036,CVSI,"CV Sciences, Inc.",OTHER,2019-07-09,0.007036351681735552,0.9551862574761567,0.08146492707616283,220,0.009272765943037456,-0.10070216676965475,9,0.014871608304396357,2,-0.08831518921607225,9,-0.0016944141356596484,3
0001510964-19-000049,CVSI,"CV Sciences, Inc.",OTHER,2019-08-28,0.001693836110644891,0.9651335441276087,0.06414553421990188,220,0.04723710979564254,0.06537032200297582,9,0.030283502326817036,2,-0.12450227970225244,9,-0.05260890371960382,3
0001510964-19-000052,CVSI,"CV Sciences, Inc.",OTHER,2019-09-20,-0.0010168161069158924,0.9396527199775728,0.05089649398286165,220,-0.0742535859135034,-0.08800452554779749,9,-0.19506332581793523,2,0.0898941718439864,9,-0.24553038285338757,3
0001510964-19-000054,CVSI,"CV Sciences, Inc.",OTHER,2019-10-23,-0.001807931299655063,1.0643703724671054,0.0459087386480532,220,0.03388659595957589,0.0017883675977633032,9,0.07279087414911417,2,-0.26304870752074516,9,0.030229127696183827,3
0001510964-19-000057,CVSI,"CV Sciences, Inc.",OTHER,2019-10-31,-0.0020239262019173783,1.0903896828493658,0.045997558855026294,220,-0.01402909445943349,0.1244357020560197,9,-0.041430340847659834,2,-0.2794578631828782,9,-0.03318159414890345,3
0001510964-20-000045,CVSI,"CV Sciences, Inc.",OTHER,2020-05-21,-0.006096270373753957,0.876133405765848,0.07396298256042706,220,0.01214500143861657,0.37847548203039216,9,0.3594348666577677,2,-0.15003922989069962,9,0.5173141177660538,3
0001510964-20-000082,CVSI,"CV Sciences, Inc.",OTHER,2020-12-08,-0.001216296482436354,0.9670386954396584,0.07834666917799596,220,-0.051613498753502865,0.3701114241858711,9,-0.11189954431662846,2,-0.08649656949495799,9,-0.15631474652360722,3
0001564590-19-000281,DARE,"Dare Bioscience, Inc.",PRESENTATION,2019-01-07,-0.0017615293338682691,1.4872580422606263,0.0721874778151671,220,0.02899597421626641,0.24541738659781348,9,0.04553442844422782,2,-0.020365911342368717,9,0.05227340456265628,3
0001401914-19-000003,DARE,"Dare Bioscience, Inc.",PRESENTATION,2019-02-05,-0.0021428522405486745,1.3455731885449194,0.07419746085304556,220,-0.01844173318947436,-0.09223957874062863,9,-0.015788941676127925,2,0.008782433666734972,9,0.0063746595129888315,3
0001401914-19-000006,DARE,"Dare Bioscience, Inc.",PRESENTATION,2019-02-12,-0.004121039605651344,0.8769815842422178,0.07012199476454918,220,0.05486877811775411,-0.022818407231105804,9,0.04541556866249386,2,0.008997780646314762,9,0.06972224204749873,3
0001401914-19-000008,DARE,"Dare Bioscience, Inc.",PRESENTATION,2019-03-05,-4.003955349707658e-05,1.045318338824401,0.06413519334505015,220,-0.03224640087270414,0.06903152730468698,9,-0.00029356311340322794,2,1.1633857285445377,9,0.050607990511587556,3
0001401914-19-000017,DARE,"Dare Bioscience, Inc.",OTHER,2019-04-02,0.0015158654914845175,1.1376213465549347,0.06300288173266168,220,0.15876636898028856,-0.3832939157180514,9,0.11148423544803303,2,-0.3981684008002252,9,0.11790559013013359,3
0001401914-19-000023,DARE,"Dare Bioscience, Inc.",OTHER,2019-04-09,0.0013342436849482786,1.076649168593503,0.06247113489491857,220,-0.22322201484946974,-0.2545022744446193,9,-0.2282289281925003,2,-0.051545034902137556,9,-0.1830554128851344,3
0001401914-19-000029,DARE,"Dare Bioscience, Inc.",OTHER,2019-04-12,0.0008746755098549583,1.0722172462502204,0.062467189426326265,220,-0.03565244579221568,-0.30042618099510826,9,-0.04525886342889588,2,-0.008514060250007914,9,-0.017533562297609825,3
0001401914-19-000032,DARE,"Dare Bioscience, Inc.",OTHER,2019-04-15,0.0009949488297824349,1.080249099247451,0.06248530731341985,220,-0.009721430777216097,-0.2252140542772833,9,-0.01142431436569306,2,-0.028415825023434933,9,-0.04725137878330249,3
0001401914-19-000034,DARE,"Dare Bioscience, Inc.",OTHER,2019-04-23,0.002150932903230881,1.0273308146072033,0.06258774902747388,220,-0.03996021157139308,-0.250315290043446,9,-0.03002685148413521,2,-0.040730039602940096,9,0.006540609378309928,3
0001401914-19-000047,DARE,"Dare Bioscience, Inc.",EARNINGS,2019-05-15,0.004238057207173456,1.285155904943529,0.10016162333949477,220,-0.05857438254963182,-0.1088405751090494,9,-0.08141111494047257,2,0.04289057657447688,9,-0.06430467789106008,3
0001401914-19-000050,DARE,"Dare Bioscience, Inc.",PRESENTATION,2019-05-21,0.003379211358359926,1.2568884523676707,0.10119322695264452,220,-0.03298955319454502,-0.1310660334576383,9,-0.05222410620451787,2,-0.03482403879921014,9,-0.003521847889040943,3
0001401914-19-000058,DARE,"Dare Bioscience, Inc.",PRESENTATION,2019-06-04,0.0024868307146500637,1.278833446079025,0.10239522445816067,220,0.0030871807327092493,0.0392735296101831,9,-0.0674666154252344,2,-0.0806029206272231,9,-0.06670133116300672,3
0001401914-19-000074,DARE,"Dare Bioscience, Inc.",PRESENTATION,2019-07-23,0.001652864659761142,1.1418708937027002,0.10109746983149222,220,-0.04905804200910613,-0.00044547623958022826,9,-0.06793483185544058,2,0.03902193817276328,9,-0.08365651529431559,3
0001401914-19-000080,DARE,"Dare Bioscience, Inc.",EARNINGS,2019-08-15,0.0021137620592170487,1.022551460648596,0.10098380311740764,220,-0.029815622954533317,0.04337444451700829,9,-0.06624769275620321,2,0.014639885093096494,9,-0.036875383231374556,3
0001401914-19-000084,DARE,"Dare Bioscience, Inc.",PRESENTATION,2019-09-09,0.0018484078150362295,1.0225982819872965,0.10058850281506414,220,-0.032214055454302726,-0.079816239773689,9,-0.00818154610124456,2,0.051615810697443976,9,0.006902411087694502,3
0001401914-19-000086,DARE,"Dare Bioscience, Inc.",PRESENTATION,2019-10-03,0.002395559486144665,0.9576993174211563,0.10040673598928376,220,0.0004248056739273986,-0.10786298005094187,9,-0.03735789647833862,2,0.019074778636109083,9,-0.032082933718355626,3
0001401914-19-000088,DARE,"Dare Bioscience, Inc.",OTHER,2019-11-12,0.0020707212493315448,1.046341838458801,0.09949023000995413,220,-0.08000061577465002,-0.07061255005788727,9,-0.13662645164778298,2,0.001990823339133002,9,-0.056073207663049816,3
0001401914-19-000097,DARE,"Dare Bioscience, Inc.",OTHER,2019-11-21,0.0016836434556488655,0.9902515375598206,0.0995176141459335,220,0.012568188701707826,-0.05096818733785627,9,0.032432272859043196,2,-0.0370457144945812,9,-0.0021543893532011277,3
0001401914-20-000003,DARE,"Dare Bioscience, Inc.",PRESENTATION,2020-01-09,0.0020065112727113525,1.0193970525264118,0.09586116911944272,220,-0.008918523896159193,-0.07555803716446326,9,-0.010372335683044203,2,0.7291949351328084,9,-0.004543067238250178,3
0001401914-20-000007,DARE,"Dare Bioscience, Inc.",OTHER,2020-01-13,0.0017164738342296715,1.0231876056539788,0.09586548340846408,220,0.9602203680725911,-0.05059236059739569,9,0.7903669237309112,2,-0.04771565284082713,9,0.7892140580136617,3
0001401914-20-000012,DARE,"Dare Bioscience, Inc.",OTHER,2020-01-30,0.0021989452124170934,0.8673207960823086,0.09571805619628657,220,-0.04738648652993725,-0.05228285283623004,9,-0.042686411547052584,2,0.04866483058481387,9,-0.12229401653005645,3
0001401914-20-000018,DARE,"Dare Bioscience, Inc.",OTHER,2020-02-05,0.002654677048092117,0.8594194709561999,0.09568258073249597,220,0.030898919929167247,-0.3699874337735867,9,0.11701919311473144,2,-0.1398566086429163,9,0.12805156203519794,3
0001401914-20-000020,DARE,"Dare Bioscience, Inc.",OTHER,2020-02-06,0.00231081578018299,0.8733451754313182,0.09570151555152713,220,0.08641727741708073,-0.3771094875534618,9,0.04295935715421315,2,-0.07819802889949667,9,0.07404132357426313,3
0001401914-20-000022,DARE,"Dare Bioscience, Inc.",PRESENTATION,2020-02-11,0.0023332823791834224,0.8229210641809461,0.09563058622912086,220,-0.027196648887292684,-0.024173616314900843,9,-0.018832051531292297,2,-0.0016245745928354927,9,-0.0033086686845431278,3
0001401914-20-000038,DARE,"Dare Bioscience, Inc.",PRESENTATION,2020-03-17,-0.0006791549996836607,1.2286548863877695,0.07839794676869344,220,-0.09507022172071429,-0.04376149937329458,9,-0.06854436275362683,2,-0.02319378742677438,9,-0.009508388283738345,3
0001401914-20-000054,DARE,"Dare Bioscience, Inc.",PRESENTATION,2020-04-27,0.0018924356964548678,0.8279165485400184,0.07604728630956034,220,0.0006629131553434128,0.13099294201725703,9,0.02638716590481391,2,-0.029950201216668956,9,0.008147219023838005,3
0001401914-20-000081,DARE,"Dare Bioscience, Inc.",PRESENTATION,2020-06-08,0.002894016903426889,0.6233886408438518,0.07635822515947543,220,-0.010429052873564777,-0.04998341917798455,9,0.030540956513616074,2,-0.05490109889721394,9,-0.007561048364553805,3
0001401914-20-000109,DARE,"Dare Bioscience, Inc.",PRESENTATION,2020-09-10,0.004167468904919508,0.6312156546703682,0.08388022388166033,220,0.016408296071748,-0.0835613902124317,9,0.011919506994801274,2,-0.0861566844844825,9,0.014894893050195689,3
0001401914-20-000114,DARE,"Dare Bioscience, Inc.",PRESENTATION,2020-10-07,0.003953393305911557,0.6146721388351117,0.08371633339964864,220,0.05265496607623045,-0.03247138738563052,9,0.016226945289556975,2,-0.10022776883499707,9,0.030720409490507535,3
0001401914-20-000122,DARE,"Dare Bioscience, Inc.",PRESENTATION,2020-11-19,0.0035677777616948147,0.6187348877699905,0.08255166026515691,220,0.06699779312614451,0.025787934982332804,9,0.03736406394233538,2,0.10773918521071987,9,0.1696831405334184,3
0001401914-20-000124,DARE,"Dare Bioscience, Inc.",CLINICAL,2020-12-07,0.0029776285894935364,0.6182156119802277,0.08252300951887168,220,-0.11504037370247615,0.07881609060479446,9,-0.13486460246426096,2,0.06628925191125105,9,-0.1296563689448264,3
0001401914-20-000126,DARE,"Dare Bioscience, Inc.",PRESENTATION,2020-12-10,0.00306609206778085,0.6245943019379266,0.08251038627753839,220,-0.011265173101138835,-0.04179001241851504,9,0.028774060782700103,2,0.13551064786116307,9,-0.06029328261475618,3
0001401914-21-000017,DARE,"Dare Bioscience, Inc.",PRESENTATION,2021-01-11,-0.00015867642151569915,0.5643013400846467,0.051358454476746834,220,-0.03226923136888554,-0.042679682946799934,9,-0.024710921696523416,2,0.8441168453727588,9,-0.03496185300573727,3
0001401914-21-000026,DARE,"Dare Bioscience, Inc.",PRESENTATION,2021-02-16,0.0010780884516018497,0.5255983562121604,0.051732628687788704,220,-0.017716999990236623,0.027218004151430306,9,-0.03195915266565973,2,-0.17264384211158082,9,-0.05655393187493968,3
0001401914-21-000030,DARE,"Dare Bioscience, Inc.",PRESENTATION,2021-03-09,0.005501749128172136,0.6315443002527429,0.06853463308474304,220,-0.0041019419118205145,-0.1330188894758152,9,0.012238495148649489,2,-0.06771940351778251,9,-0.000428300777443498,3
0001401914-21-000061,DARE,"Dare Bioscience, Inc.",PRESENTATION,2021-04-09,0.00446432917732848,0.7550955118682583,0.0697676180916992,220,-0.01605149290393665,-0.1633177736521433,9,-0.10054559723018683,2,-0.05333506006727855,9,-0.14388827138340832,3
0001401914-21-000064,DARE,"Dare Bioscience, Inc.",OTHER,2021-04-19,0.0036421459715530492,0.8096156425910235,0.06959467333353488,220,-0.05680721280217938,-0.19593288303479361,9,0.05153885716344437,2,-0.023104610607762262,9,-0.015212004879749538,3
0001401914-21-000085,DARE,"Dare Bioscience, Inc.",PRESENTATION,2021-05-18,0.002781263725484634,0.9190816507892601,0.0701202371191815,220,0.01249030802686207,-0.1506561569607711,9,-0.024377675496524937,2,-0.07945855638775799,9,0.02133351511409934,3
0001401914-21-000106,DARE,"Dare Bioscience, Inc.",PRESENTATION,2021-06-30,0.0018356126627336801,1.1859697346884883,0.07104392036184229,220,0.1496050159111875,0.2108725472876865,9,0.0724202538496002,2,-0.0744114178007351,9,0.046137027323288476,3
0001401914-21-000112,DARE,"Dare Bioscience, Inc.",OTHER,2021-07-12,0.0015087909387001908,1.1893054944320296,0.07113619491150983,220,-0.08103766826677646,0.34202437972825683,9,-0.15407338935092585,2,-0.08545177256462097,9,-0.23827778771459096,3
0001401914-21-000114,DARE,"Dare Bioscience, Inc.",REGULATORY,2021-08-09,0.0014218024558831101,1.0558667354684992,0.06175952685434669,220,0.0491266149521901,0.020418626585780107,9,0.03455689627564831,2,-0.046344506400737916,9,0.0768449243061569,3
0001401914-21-000122,DARE,"Dare Bioscience, Inc.",PRESENTATION,2021-09-09,0.0017786270285509256,1.1475380001198379,0.06716807865807443,220,0.02099034818278492,0.02375757280222068,9,-0.00682832944914669,2,0.054622836022989577,9,-0.036110721853474415,3
0001401914-21-000125,DARE,"Dare Bioscience, Inc.",PRESENTATION,2021-09-30,0.0021663915030708074,1.1267342977347619,0.0676255344060759,220,0.029897666940452046,0.029172406246665353,9,0.0023646763026630505,2,-0.1021389025087459,9,-0.03128398821451079,3
0001401914-21-000140,DARE,"Dare Bioscience, Inc.",REGULATORY,2021-12-08,0.0013935939304301928,1.2772059895936894,0.06640531956287693,220,-0.0010054735671645408,0.18937233496865713,9,-0.0970623116408347,2,0.06691056672586075,9,-0.019666512061402894,3
0001401914-21-000144,DARE,"Dare Bioscience, Inc.",PRESENTATION,2021-12-09,0.0013623684805770962,1.276438247017551,0.06641159867214788,220,-0.0960307960756138,0.23927296943701212,9,-0.06752419717052556,2,0.03424039786766747,9,-0.06849641241501182,3
0001401914-22-000003,DARE,"Dare Bioscience, Inc.",PRESENTATION,2022-01-10,0.001657940951519448,1.3025795840644931,0.06388174005889935,220,-0.028126884471178212,-0.11817168970827077,9,-0.02430795180433027,2,-0.004647694956648865,9,-0.053424925616578,3
0001401914-22-000012,DARE,"Dare Bioscience, Inc.",PRESENTATION,2022-02-14,-0.0006282461265617483,1.0512570626618973,0.043385115064046784,220,-0.08027224402801444,0.1369767123200833,9,-0.05054481282577124,2,-0.011074468333863427,9,-0.05842693143406194,3
0001401914-22-000015,DARE,"Dare Bioscience, Inc.",PRESENTATION,2022-03-07,-0.000720568348884995,1.028879510650993,0.04345571248367629,220,0.004205504908706768,-0.048181643347481026,9,-0.007962982093323674,2,0.04064389326344996,9,0.021664884449405432,3
0001401914-22-000024,DARE,"Dare Bioscience, Inc.",EARNINGS,2022-03-31,2.0873175145172374e-05,1.0161521226266412,0.04390684952679119,220,0.029224595224010087,-0.06725443182352887,9,0.17397481430171424,2,-0.1809970254285357,9,0.16680548403216214,3
0001401914-22-000046,DARE,"Dare Bioscience, Inc.",EARNINGS,2022-05-12,0.0009360878735305488,1.0544740412758005,0.042351169012963534,220,0.09590899394585645,-0.07714764623573708,9,0.08918016072716066,2,0.07998487240281851,9,0.017617352099744566,3
0001401914-22-000054,DARE,"Dare Bioscience, Inc.",PRESENTATION,2022-05-23,0.0016494897622311216,1.1050737595158675,0.04339462487971788,220,-0.03986932321497569,0.05166557613081628,9,-0.06879747134143784,2,0.1323958052118667,9,-0.015373776675316118,3
0001493152-22-017652,DARE,"Dare Bioscience, Inc.",OTHER,2022-06-24,-0.0010985087969223291,1.1171648260974962,0.041977925906043184,220,-0.049687516487876594,0.01316695717402911,9,0.02544565155344527,2,-0.08744242224950771,9,0.0720447869049745,3
0001493152-22-018170,DARE,"Dare Bioscience, Inc.",OTHER,2022-06-30,-0.0008340328531212169,1.1462088029330684,0.041519799783575145,220,-0.005853968732663195,0.037446464123783996,9,-0.04966321154340003,2,0.030846039434887975,9,-0.06364363396325019,3
0001493152-22-018820,DARE,"Dare Bioscience, Inc.",OTHER,2022-07-08,-0.001164325307176914,1.1684747462966412,0.03720421870680564,220,0.010062000379918182,-0.008863234185546945,9,-0.006921619624873979,2,-0.10453682262909285,9,-0.007128866757989245,3
0001493152-22-020205,DARE,"Dare Bioscience, Inc.",NO_TEXT,2022-07-25,0.0006145154189570641,1.1943138649345812,0.03639010420587228,220,-0.028614464943538108,-0.09188620306851088,9,-0.051462568394245664,2,0.09912074396262428,9,-0.09932946300339593,3
0001493152-22-021699,DARE,"Dare Bioscience, Inc.",EARNINGS,2022-08-09,6.776423448419074e-05,1.1364487494055044,0.03622731047318168,220,-0.01955500988711208,0.083024728953487,9,-0.035295983793189295,2,-0.06964789309754163,9,-0.034044302922716596,3
0001493152-22-024228,DARE,"Dare Bioscience, Inc.",CLINICAL,2022-08-29,-0.00014930897704627983,1.1572333117210907,0.03602991874957063,220,-0.01922586283764283,-0.06032328219783568,9,-0.006372788964159005,2,0.05431162140550217,9,0.0240193277356536,3
0001401914-22-000079,DARE,"Dare Bioscience, Inc.",PRESENTATION,2022-09-12,-0.0009304602544947713,1.134125082430194,0.036157094237287,220,0.04231293216454439,0.06122872676350967,9,0.04171036783599788,2,-0.01288871554678194,9,0.02502192491071642,3
0001493152-22-028049,DARE,"Dare Bioscience, Inc.",REGULATORY,2022-10-11,-0.0006665442337155154,1.116544619205141,0.0367725305984455,220,0.02707152052983932,-0.03751843774648549,9,-0.004406220637110832,2,-0.012358864026615943,9,-0.015214583857364648,3
0001493152-22-028519,DARE,"Dare Bioscience, Inc.",CLINICAL,2022-10-17,-0.0004477777414920908,1.1319332268817146,0.03669650663050021,220,0.01396128309625012,-0.10382618260458629,9,0.03336734692394705,2,-0.031141234615456887,9,0.029175798003661494,3
0001493152-22-030305,DARE,"Dare Bioscience, Inc.",INVALID:I appreciate you providing the reference,2022-11-03,8.527287874891148e-05,1.0988420434782964,0.03765134558613356,220,-0.025404156023274414,-0.005449505342258576,9,-0.07522100066527568,2,-0.041021912452345634,9,-0.023388977042314622,3
0001401914-22-000085,DARE,"Dare Bioscience, Inc.",EARNINGS,2022-11-10,-0.00033408552821156284,1.1117110670317385,0.0374658130279368,220,-0.08309975375470505,-0.05904871939181351,9,-0.06196916121185298,2,-0.01466927624396312,9,-0.01699225477221305,3
0001493152-22-031629,DARE,"Dare Bioscience, Inc.",CLINICAL,2022-11-14,-0.0005071013177299535,1.1116443226744055,0.03732280129825728,220,0.043718790627291566,-0.07592172875330253,9,0.004132319317024402,2,-0.042809494785448744,9,0.025436573627733848,3
0001493152-22-034410,DARE,"Dare Bioscience, Inc.",OTHER,2022-12-05,-0.0014544034044992836,1.1458927636307459,0.03598171539501144,220,0.027387362153272733,-0.022037547933428644,9,0.018904626935369144,2,0.0029648043223658082,9,0.011154681340557457,3
0001493152-22-035118,DARE,"Dare Bioscience, Inc.",OTHER,2022-12-12,-0.0013008174957610198,1.069031390042039,0.034432286593774834,220,0.019221733155659282,-0.012619008933222466,9,0.01780665991247196,2,-0.04352112874495855,9,0.027093163086780878,3
0001493152-23-000904,DARE,"Dare Bioscience, Inc.",CLINICAL,2023-01-09,-0.0018582195717088503,0.8623977522876772,0.03409906251534411,220,0.13055223096807406,0.1731687910079256,9,0.13545354227605605,2,0.042130984651892536,9,0.10738273522832467,3
0001493152-23-002389,DARE,"Dare Bioscience, Inc.",OTHER,2023-01-25,-0.0017507988998319217,0.8371280111182144,0.033219074560521554,220,0.15660962408278634,0.04411332843205524,9,0.16408534538985448,2,-0.10909862418700218,9,0.16673458429564728,3
0001493152-23-003634,DARE,"Dare Bioscience, Inc.","INVALID:I appreciate your request, but I need to",2023-02-06,-0.0016449442258270105,0.8218246109782545,0.03255525885165859,220,-0.009332500429713252,0.09198168662304075,9,-0.042826294819294404,2,-0.05746890339184872,9,-0.04038251302855958,3
0001493152-23-007352,DARE,"Dare Bioscience, Inc.",NO_TEXT,2023-03-13,0.00012039133635892232,0.7932298025644408,0.035133292758596085,220,0.027704340223918093,-0.007213535203094763,9,0.03447179700610029,2,-0.011546554178360893,9,-0.017664440927715803,3
0001493152-23-009600,DARE,"Dare Bioscience, Inc.",EARNINGS,2023-03-30,-0.00023992777288673196,0.7818545370570125,0.03529431548545718,220,0.01489292066068863,-0.01125175409337973,9,-0.01475521337284345,2,-0.029045262183438232,9,0.0141205083648877,3
0001493152-23-016287,DARE,"Dare Bioscience, Inc.",EARNINGS,2023-05-11,0.0007086444861903315,0.710262362005537,0.0328924219005761,220,0.0005299091749055857,0.007519634671846897,9,-0.014099611973342575,2,-0.022492543538465967,9,-0.018126809323032417,3
0001493152-23-020081,DARE,"Dare Bioscience, Inc.",CLINICAL,2023-06-05,-0.0010041028785876993,0.6892134914498976,0.031230243883708667,220,-0.01826349449055305,-0.004415675685420616,9,-0.037779018159581346,2,-0.02331849287800819,9,-0.0368407999056935,3
0001493152-23-023364,DARE,"Dare Bioscience, Inc.",OTHER,2023-07-05,-0.0008009290539424771,0.6594235977120722,0.029447097167618386,220,-0.06415248715816017,-0.04088733626796553,9,-0.04759963008072658,2,-0.08492183667186698,9,-0.04755737691293617,3
0001493152-23-030659,DARE,"Dare Bioscience, Inc.",OTHER,2023-08-31,-0.0014199405494686693,0.5914577865672938,0.02812248442473101,220,-0.034334250423958344,-0.051970005723707725,9,-0.03986555604556362,2,-0.25937815362697203,9,-0.014870083690419403,3
0001493152-23-032197,DARE,"Dare Bioscience, Inc.",NO_TEXT,2023-09-11,-0.0017870129318239129,0.5991762200823556,0.02819835092805024,220,-0.07382606671696895,-0.10175523981531444,9,-0.085296233400934,2,-0.09026666708828454,9,-0.1361914398534658,3
0001493152-23-037290,DARE,"Dare Bioscience, Inc.",OTHER,2023-10-16,-0.0013994654348174534,0.47025883536870033,0.026461513778982433,220,0.13992986746943153,0.006045327257527928,9,0.05389854409849079,2,-0.11009224441971535,9,0.05331124149420924,3
0001493152-23-038952,DARE,"Dare Bioscience, Inc.",CLINICAL,2023-11-01,-0.0032963480348147368,0.4148528872697662,0.027691476835968377,220,-0.04318401953106355,-0.09565192761734136,9,-0.08930152839471131,2,-0.11881982851580633,9,-0.05479415058484211,3
0001493152-23-039997,DARE,"Dare Bioscience, Inc.",EARNINGS,2023-11-09,-0.0032283051022675893,0.5123923301496913,0.027424810956346257,220,-0.06339718297127503,-0.18399735163290282,9,-0.06512519164851388,2,0.0813708896816981,9,-0.0508434427373627,3
0001493152-23-045515,DARE,"Dare Bioscience, Inc.",CLINICAL,2023-12-20,-0.00405069602765485,0.6887485624689936,0.02973665475974143,220,-0.0273407104753359,0.02112528101462272,9,-0.06945491831106101,2,0.18812059318358643,9,-0.07540625207885018,3
0001493152-23-046056,DARE,"Dare Bioscience, Inc.",OTHER,2023-12-26,-0.00444107478702628,0.7466212881311124,0.029998872209575936,220,0.03159139179393213,0.1208502486827007,9,0.028800321280322207,2,0.14577159775586243,9,0.07936000420335422,3
0001493152-24-001663,DARE,"Dare Bioscience, Inc.",NO_TEXT,2024-01-08,-0.004946178090004819,0.7494804302045268,0.029287252895394335,220,-0.01686453103466107,0.13124847097276682,9,0.0116906613320103,2,-0.10496228368682245,9,0.035440404231408915,3
0001493152-24-003984,DARE,"Dare Bioscience, Inc.",OTHER,2024-01-29,-0.006693253736840953,0.6072894236541361,0.02943069411315397,220,-0.0890252039170202,-0.0029111493217762463,9,-0.05373724440505727,2,0.14715738275138546,9,0.0044738159991747906,3
0001493152-24-011615,DARE,"Dare Bioscience, Inc.",EARNINGS,2024-03-28,-0.0046850929529360106,0.31637265682571425,0.034174181596412785,220,-0.10272247392666684,0.13133019468885368,9,-0.08728297513015415,2,-0.0002837526119348899,9,0.0171530042652216,3
0001493152-24-017147,DARE,"Dare Bioscience, Inc.",OTHER,2024-04-30,-0.0030821333597034263,0.5772547790274505,0.045269048530515436,220,0.1044251480019994,-0.2986291457859304,9,0.1808102313790595,2,-0.0425893589441187,9,0.10341672083484789,3
0001493152-24-019087,DARE,"Dare Bioscience, Inc.",EARNINGS,2024-05-14,-0.0028318578445462703,0.602260704014898,0.047501419029879685,220,6.862427245393939e-05,0.11913747658033644,9,0.13829980781487486,2,0.43260228584185395,9,0.1539124031835355,3
0001493152-24-025435,DARE,"Dare Bioscience, Inc.",OTHER,2024-06-28,-0.0037761260806884593,0.6616781438943263,0.05680958670278498,220,-0.08305100145935757,0.006213669610176107,9,-0.14065641458629413,2,-0.07667287710674424,9,-0.28177490064428573,3
0001493152-24-028443,DARE,"Dare Bioscience, Inc.",INVALID:COMPLIANCE,2024-07-19,-0.0007726432988519559,0.5351090103938904,0.06759199675162537,220,0.11404382603385727,0.1307608578100711,9,0.15167260450915723,2,-0.07556571147924286,9,0.07322422718085703,3
0001493152-24-031252,DARE,"Dare Bioscience, Inc.",EARNINGS,2024-08-13,-0.0015342638391360993,0.5058249439521009,0.06986408848641104,220,0.19321572840967732,-0.03830295558339596,9,0.02648759685463281,2,-0.017389689662772698,9,0.06020438403983688,3
0001493152-24-041796,DARE,"Dare Bioscience, Inc.",OTHER,2024-10-22,0.00021074775727262856,0.5390759014752007,0.07282914361053122,220,0.020708348850903436,0.1076861099168317,9,0.0011645913664160706,2,0.10017419151487952,9,-0.023630019343120395,3
0001493152-24-042193,DARE,"Dare Bioscience, Inc.",OTHER,2024-10-23,-6.13398057388811e-06,0.5331856424143366,0.0729754825949759,220,-0.01938069782720802,0.10238098359377348,9,-0.05367687984405817,2,0.11056469183542722,9,-0.032754778041174284,3
0001493152-24-042455,DARE,"Dare Bioscience, Inc.",NO_TEXT,2024-10-25,0.00020487405199714093,0.53342524170359,0.07298431235628938,220,0.042836486346001276,0.08176409854541651,9,0.1122154951935942,2,0.04991934309039125,9,0.0777077869382079,3
0001493152-24-045860,DARE,"Dare Bioscience, Inc.",EARNINGS,2024-11-15,0.0008534339824949619,0.7305919940773431,0.07232548259470634,220,-0.09107479091170026,-0.12736920884870476,9,-0.09803702140104699,2,0.00803021243258839,9,-0.16459691636514476,3
0001493152-24-050117,DARE,"Dare Bioscience, Inc.",REGULATORY,2024-12-16,0.0018935513374146434,0.8061695730320806,0.07069403171559563,220,-0.005335857442431442,-0.07990514538626503,9,-0.0007631808136272962,2,0.0038217679574860733,9,-0.005631571590691862,3
0001493152-25-001871,DARE,"Dare Bioscience, Inc.",NO_TEXT,2025-01-13,0.00030174297546276896,0.9615254164903277,0.07111021830882264,220,0.06551493440151526,0.0351964425619784,9,0.06689328328249192,2,-0.06008101649739674,9,0.04127162641914021,3
0001493152-25-005533,DARE,"Dare Bioscience, Inc.",NO_TEXT,2025-02-10,0.0007177680530119683,0.9541057907707048,0.07208151902726828,220,0.03552052812615389,-0.06043780459760307,9,0.04698031619694325,2,0.011148738691747526,9,0.03618411235961039,3
0001641172-25-001682,DARE,"Dare Bioscience, Inc.",EARNINGS,2025-04-01,-0.0013503516206162408,0.7204686297152194,0.06462485593616693,220,0.00277563341464947,0.025224122107898497,9,0.003014837603989258,2,0.05478544176144437,9,0.003000964939181406,3
0001641172-25-003887,DARE,"Dare Bioscience, Inc.",OTHER,2025-04-14,-0.0010282324066673378,0.8091342576407852,0.0643238031878457,220,-0.010222946479020445,0.05221124273616748,9,-0.00010247243236099698,2,-0.030875970539965304,9,0.003789676950293513,3
0001641172-25-009939,DARE,"Dare Bioscience, Inc.",EARNINGS,2025-05-14,0.00012132236679279225,0.6496466713801625,0.05660911268161719,220,-0.0009514873784922005,-0.04168008617875504,9,-0.007706142276885477,2,0.00011994658778178777,9,-0.008645491042333404,3
0001641172-25-014238,DARE,"Dare Bioscience, Inc.",NO_TEXT,2025-06-09,-0.0017149296086747645,0.39848000989047805,0.0429895709458767,220,-0.02208170659500178,0.12866819974626253,9,-0.001826028116089319,2,-0.1580897211722431,9,-0.022607992548419307,3
0001641172-25-016374,DARE,"Dare Bioscience, Inc.",OTHER,2025-06-25,-0.0020383725966085196,0.4426196774383097,0.04040566686809964,220,-0.009445608595033038,-0.17537942312462296,9,-0.014658083161561074,2,-0.08140819618303176,9,0.02545934461221587,3
0001641172-25-018894,DARE,"Dare Bioscience, Inc.",CLINICAL,2025-07-14,-0.0001810235830693576,0.4042354156586067,0.036997748159016734,220,0.22803781322562797,-0.0972546321193494,9,0.14904006939962144,2,-0.10851383668695756,9,0.2029434382480126,3
0001641172-25-020295,DARE,"Dare Bioscience, Inc.",OTHER,2025-07-21,0.0003235732222037689,0.39279263153823224,0.03566613188435229,220,0.06242373361817021,0.06829150611359669,9,0.03592444789541017,2,-0.09072099038518332,9,0.043888561246881175,3
0001493152-25-011402,DARE,"Dare Bioscience, Inc.",OTHER,2025-07-25,-0.00017439660300092865,0.39118770281183257,0.03501955581443706,220,-0.0242918686516139,0.13761570756135058,9,-0.031801350889268255,2,-0.272557868414061,9,-0.04303467146101964,3
0001641172-25-023971,DARE,"Dare Bioscience, Inc.",EARNINGS,2025-08-15,-0.0014074195159831872,0.2789852687071405,0.03187619012356405,220,0.06486256892653085,-0.11151265466760157,9,0.02542154090096107,2,-0.02995085892049033,9,0.007845682165959371,3
0001493152-25-012516,DARE,"Dare Bioscience, Inc.",NO_TEXT,2025-09-02,-0.0010958339857390536,0.27152658069188057,0.03616200767349034,220,0.008058404933528142,-0.07273367903762627,9,0.022460999318448777,2,0.022041560702269786,9,0.02270697920647402,3
0001493152-25-022277,DARE,"Dare Bioscience, Inc.",EARNINGS,2025-11-14,-0.002159599858734033,0.21753157568219733,0.03533736609304878,220,-0.013677764022672803,0.04849801970792592,9,-0.03637332308725737,2,-0.05629629123847388,9,-0.0760585865056089,3
0001493152-25-025491,DARE,"Dare Bioscience, Inc.",CLINICAL,2025-12-01,-0.001550498997523506,0.20507255170868768,0.03450284712375096,220,-0.08990459249396401,-0.02631359192077224,9,-0.058793762729379404,2,0.3185279722486214,9,-0.04178800255352798,3
0001654954-22-002423,DRMA,"Dermata Therapeutics, Inc.",REGULATORY,2022-03-03,-0.009086639909642006,1.8166569701170856,0.07295449393282888,108,0.00986600989153251,0.20982963680114244,9,-0.05795406472695282,2,-0.029619336717987582,9,-0.10648051041665063,3
0001654954-22-005375,DRMA,"Dermata Therapeutics, Inc.",OTHER,2022-04-26,-0.007751640669019497,1.14309975952574,0.08335274591253955,145,-0.03606626709819303,0.20754078150141206,9,-0.128020179005283,2,-0.009183306751449051,9,-0.15445474077183666,3
0001654954-22-007063,DRMA,"Dermata Therapeutics, Inc.",OTHER,2022-05-18,-0.0051774948504280625,1.0903600737729333,0.08783078229291356,161,0.1215955062975694,-0.183023470155881,9,0.06723496821093031,2,-0.0037363809711677826,9,-0.02259746037120086,3
0001654954-22-016099,DRMA,"Dermata Therapeutics, Inc.",CLINICAL,2022-12-05,-0.001481156002338494,0.9347819170975292,0.08044834705676361,220,-0.5807667780483783,-0.19037407771418305,9,-0.7876007226969421,2,0.1870703106141447,9,-0.7511701730859871,3
0001654954-22-016569,DRMA,"Dermata Therapeutics, Inc.",OTHER,2022-12-16,-0.0020052975659560577,0.8799724510463284,0.08065584117500557,220,0.17734277365029616,-0.7134089943714528,9,0.18680981061974375,2,0.709292425656853,9,0.1520883443830224,3
0001654954-23-003181,DRMA,"Dermata Therapeutics, Inc.",OTHER,2023-03-21,-0.0014884300276613823,1.1396429301883595,0.10651741571720395,220,-0.05750071927497101,-0.7691198657565879,9,-0.15500650255940301,2,-0.09528716281567615,9,-0.2712180034899916,3
0001654954-23-003722,DRMA,"Dermata Therapeutics, Inc.",OTHER,2023-03-29,-0.0013444775146290453,1.1060730329592485,0.10617433125707391,220,0.06526783020059809,-0.7373741093001054,9,0.013469489849229521,2,-0.11114737669196845,9,-0.08342284543552321,3
0001654954-23-007177,DRMA,"Dermata Therapeutics, Inc.",OTHER,2023-05-25,-0.005101948704943209,1.1622383566795658,0.11035020205773088,220,-0.04598843344249937,0.30164326628770893,9,-0.18962817126287443,2,0.12123055564683918,9,-0.27332847502707014,3
0001654954-24-006312,DRMA,"Dermata Therapeutics, Inc.",OTHER,2024-05-15,-0.0071809130809315025,0.44807412989271317,0.05868048858800986,220,-0.016224818692333515,0.20637613247893616,9,0.04238306689038761,2,-0.2548413567717596,9,-0.06828127677801593,3
0001654954-24-007369,DRMA,"Dermata Therapeutics, Inc.",OTHER,2024-06-05,-0.006249550871186223,0.742371906560423,0.059605247357064725,220,-0.0108403771095254,0.09247093969035314,9,-0.062119411081463405,2,-0.3154332165393561,9,-0.08013720084195594,3
0001654954-24-009903,DRMA,"Dermata Therapeutics, Inc.",OTHER,2024-08-05,-0.007660625683222622,0.4517695539024545,0.06316205271087892,220,-0.16241205979968854,0.9051047077159262,9,-0.2577757503245214,2,-0.03726507457639888,9,0.05668325619254036,3
0001654954-24-012031,DRMA,"Dermata Therapeutics, Inc.",OTHER,2024-09-18,-0.0021631187901877636,-2.316186135468699,0.10390046236411289,220,0.08752747429393154,0.536695047036114,9,-0.09300760925165896,2,-0.13086411251359545,9,-0.20196753704014858,3
0001654954-25-000570,DRMA,"Dermata Therapeutics, Inc.",OTHER,2025-01-21,3.962947523992576e-06,-2.3063030199870718,0.10696143266577852,220,-0.024005833754086332,0.0022119523715070366,9,-0.1763993527596539,2,0.1648905227375811,9,-0.15324826108687262,3
0001654954-25-000681,DRMA,"Dermata Therapeutics, Inc.",OTHER,2025-01-24,5.7774614731805844e-05,-2.2746356304074937,0.10745679464937474,220,-0.02350451432056428,-0.14784674081498916,9,-0.04719124015547693,2,-0.015409810678290822,9,0.0878075127007652,3
0001654954-25-003372,DRMA,"Dermata Therapeutics, Inc.",CLINICAL,2025-03-27,-0.0015614212327407775,-1.676334006201891,0.11018290805576847,220,0.04896135907163296,0.17525118780277432,9,-0.15225019498740716,2,-0.4558515589616489,9,-0.17070122968406887,3
0001654954-25-004265,DRMA,"Dermata Therapeutics, Inc.",CLINICAL,2025-04-15,-0.0001097599140023268,-1.7846869935607466,0.10888433773570036,220,-0.043160637170624905,-0.3441497368863725,9,-0.17129614371094745,2,0.2780667140251144,9,-0.1513969262626954,3
0001641172-25-011873,DRMA,"Dermata Therapeutics, Inc.",OTHER,2025-05-21,-0.0020488376275598283,-1.0578621293932768,0.10793196849450018,220,-0.06280678748173932,0.0005996482657401464,9,-0.06293780325712327,2,-0.04885737876018335,9,-0.09095171633625283,3
0001641172-25-025405,DRMA,"Dermata Therapeutics, Inc.",OTHER,2025-08-26,-0.0023679109747654923,0.35565519870400736,0.06393980827702181,220,-0.0557249333083239,-0.0906355250724538,9,-0.09234925913411778,2,0.06517056531454621,9,-0.02454754085253044,3
0001493152-25-012952,DRMA,"Dermata Therapeutics, Inc.",OTHER,2025-09-10,-0.00222454191659615,0.3482002212442743,0.06321037375996467,220,0.06094823480816823,-0.07770240109740162,9,0.04209736385290186,2,-0.06544952234312915,9,0.030208890262798237,3
0001493152-25-013815,DRMA,"Dermata Therapeutics, Inc.",CLINICAL,2025-09-17,-0.004112896038349494,0.3704948979987309,0.055112685041370006,220,-0.05046496435595694,-0.0314884680684636,9,-0.021201467668135764,2,-0.0658782233484166,9,0.07089860998040962,3
0001493152-25-021255,DRMA,"Dermata Therapeutics, Inc.",OTHER,2025-11-10,-0.0032075251907730854,0.37754046140081204,0.05160327975106514,220,0.057842600206371955,-0.25880452809602644,9,0.05584338731531633,2,-0.025164399563308182,9,0.08918767903592303,3
0001493152-25-029364,DRMA,"Dermata Therapeutics, Inc.",OTHER,2025-12-30,-0.005602647076150616,0.4552238090723281,0.049587427684996965,220,0.23196499939239545,-0.255002225331846,9,0.25848417587601785,2,0.016675132004672785,9,0.2657090828760642,3
0000950170-21-003747,DSGN,"Design Therapeutics, Inc.",EARNINGS,2021-11-10,-0.006576575242063584,1.046631894305373,0.044466505891940344,127,0.01605433384058303,0.21864972794108833,9,0.0941359181387402,2,-0.010987544247406611,9,0.1506576822055316,3
0000950170-22-003356,DSGN,"Design Therapeutics, Inc.",EARNINGS,2022-03-11,-0.004844434419755594,2.1756887877122177,0.04618859991579807,210,0.014295857646911672,0.28348421649655975,9,0.017649403192322267,2,-0.16035335819950777,9,0.03288733614436962,3
0000950170-22-008486,DSGN,"Design Therapeutics, Inc.",EARNINGS,2022-05-10,-0.001784053360611576,1.9282624651367581,0.04382077900097356,220,-0.006285076899137441,-0.08783150725543024,9,-0.07540889873211436,2,0.21758332961861443,9,-0.02349398133057843,3
0000950170-22-015520,DSGN,"Design Therapeutics, Inc.",EARNINGS,2022-08-09,0.0016235663345460125,1.7821183087814358,0.045867321535068534,220,0.032063688338957494,0.05707565408138259,9,0.05258109136079037,2,-0.05632383803241712,9,0.029770784391685654,3
0000950170-22-021862,DSGN,"Design Therapeutics, Inc.",EARNINGS,2022-11-04,0.002422014238842282,1.941012123639044,0.04625429629378417,220,-0.03229610733838971,-0.07507430707410895,9,-0.08368597393992186,2,-0.08201283230220416,9,-0.0667665196695827,3
0000950170-23-007864,DSGN,"Design Therapeutics, Inc.",EARNINGS,2023-03-15,-0.0019153165417489094,1.4638271681899075,0.04913132331376668,220,0.0025838722798224804,0.05930342080670056,9,-0.01833076556818696,2,-0.1918428925068647,9,-0.03777571698049033,3
0000950170-23-019682,DSGN,"Design Therapeutics, Inc.",EARNINGS,2023-05-10,-0.001633823616905318,1.4920652956299099,0.049604610255140784,220,-0.12189384412541118,0.18353977364574456,9,-0.16263570024927812,2,0.19544153452083457,9,-0.16103756646650372,3
0000950170-23-042392,DSGN,"Design Therapeutics, Inc.",EARNINGS,2023-08-15,-0.005273178534281256,1.194765230597549,0.050031567148392075,220,-0.685447676047625,0.024811471919609637,9,-0.6875733331339164,2,0.10607846814862815,9,-0.73446812234081,3
0000950170-23-062937,DSGN,"Design Therapeutics, Inc.",EARNINGS,2023-11-14,-0.005579565723104265,1.3359822460087682,0.0659955616194813,220,0.09673356058920708,-0.039691624304681566,9,0.11258525550954383,2,-0.03865878496936234,9,0.1393389240975457,3
0000950170-24-033475,DSGN,"Design Therapeutics, Inc.",EARNINGS,2024-03-20,-0.0032386536853558313,1.6557856840492757,0.058979996045261864,220,0.10761501869424336,-0.12208532511671344,9,0.22951943564353783,2,0.16688997559511198,9,0.2513345940388759,3
0000950170-24-055645,DSGN,"Design Therapeutics, Inc.",EARNINGS,2024-05-09,-0.0020724516200831926,2.028199419240212,0.05957169152603974,220,0.007443670187784518,0.25918915919312563,9,-0.03502473359564026,2,-0.12454474009265588,9,-0.033148334990936196,3
0000950170-24-090332,DSGN,"Design Therapeutics, Inc.",EARNINGS,2024-08-05,-0.002668221522336171,2.032996850858196,0.06160397273153688,220,0.04499885627419005,0.2794314225238598,9,-0.06764247115535311,2,0.008657450386899607,9,-0.08850937854691485,3
0000950170-24-123289,DSGN,"Design Therapeutics, Inc.",EARNINGS,2024-11-08,0.0043555750337543496,1.0043597331556628,0.048691374453471485,220,-0.0017978204957793155,0.050846532887721924,9,0.12668054898092002,2,-0.16709369715524502,9,0.08930644866202576,3
0000950170-25-004612,DSGN,"Design Therapeutics, Inc.",NO_TEXT,2025-01-13,0.003936761730051495,1.1253574092220664,0.05213035614764476,220,-0.09749599553183388,-0.21884693537626432,9,-0.12368753750992886,2,0.1544262440522226,9,-0.2198024437055134,3
0000950170-25-035909,DSGN,"Design Therapeutics, Inc.",EARNINGS,2025-03-10,0.002842997356184894,1.6427082751031463,0.05574311559918236,220,0.030748914881549953,0.10361174714510583,9,0.13601725294347103,2,-0.1546623046611583,9,0.08490477867136789,3
0000950170-25-065613,DSGN,"Design Therapeutics, Inc.",EARNINGS,2025-05-08,0.0005486176413763843,1.427275701114662,0.0532872680773438,220,0.04656353969618252,-0.14838428841087972,9,0.04215161809599731,2,0.05942051911941064,9,-0.04704412488309931,3
0001193125-25-266933,DSGN,"Design Therapeutics, Inc.",EARNINGS,2025-11-06,0.001450430159060359,1.1212406646538442,0.05537669087671318,220,0.05943458089863028,0.11906933145788126,9,0.157317010603088,2,0.06613829085769803,9,0.20166050334272734,3
0001193125-19-003192,DXCM,DEXCOM INC,EARNINGS,2019-01-07,0.004212496459340287,0.882430244807333,0.03154215573332809,220,0.10677538376235747,-0.025975602833621804,9,0.1063539113242159,2,0.08047153365645164,9,0.10803700838926343,3
0001093557-19-000118,DXCM,DEXCOM INC,EARNINGS,2019-05-02,0.002999673636484018,1.4764847781446275,0.03178205004593257,220,0.014941318360706453,-0.015061511886423306,9,0.018923808953433416,2,-0.023494040545004972,9,0.006785856485721376,3
0001093557-19-000179,DXCM,DEXCOM INC,EARNINGS,2019-08-01,0.0022741901644401006,1.4774570287637214,0.03201937021544411,220,-0.04391216587528614,0.02419088146530522,9,-0.06277197328933759,2,0.11653903051258588,9,-0.04581306099766813,3
0001093557-19-000209,DXCM,DEXCOM INC,OTHER,2019-09-18,0.0004658236254062736,1.3795190242369646,0.025182383958000498,220,0.019723849262885246,-0.18956436646682742,9,0.0069877374716561524,2,0.010327712399306826,9,0.036792859006306744,3
0001093557-19-000235,DXCM,DEXCOM INC,EARNINGS,2019-11-07,0.00015188153030012736,1.3074924179333034,0.02499927624211944,220,0.26680104431353857,0.016482318048033497,9,0.28078528067328784,2,0.09441096998776456,9,0.27747004018053983,3
0001193125-20-005913,DXCM,DEXCOM INC,EARNINGS,2020-01-13,0.0013519416600480327,1.1373284134332946,0.029097091526969415,220,-0.015326389160998372,0.08154087921206044,9,-0.018251694692855328,2,-0.010707254093732443,9,-0.024563960903128824,3
0001093557-20-000028,DXCM,DEXCOM INC,EARNINGS,2020-02-14,0.0013178643165984475,1.1133838189225431,0.02922371665634731,220,0.12258718898819118,-0.014618302904430282,9,0.1667226838081234,2,0.04797793797417934,9,0.19183667107814206,3
0001093557-20-000140,DXCM,DEXCOM INC,EARNINGS,2020-04-29,0.003508759776277013,0.7926009858132679,0.030718654630582737,220,0.07761435893155398,0.1410255008537751,9,0.051757625390299586,2,0.1941620246847461,9,-0.01233549836622104,3
0001193125-20-138228,DXCM,DEXCOM INC,OTHER,2020-05-11,0.004116707992786987,0.7657216339524365,0.031709162127211296,220,0.03483832991438826,0.15912932205394115,9,0.020922146189739383,2,-0.1405209533886823,9,0.006954979415411681,3
0001193125-20-139830,DXCM,DEXCOM INC,OTHER,2020-05-12,0.0043207421018597114,0.737921558819691,0.03201379252996201,220,-0.014674323873616838,0.15117787652991996,9,-0.01470759714331743,2,-0.21446107125330688,9,0.019932403493037334,3
0001193125-20-143408,DXCM,DEXCOM INC,OTHER,2020-05-15,0.0044100763898570474,0.7686591227079884,0.032089451834136064,220,0.02847875922654652,0.18533062521199573,9,-0.00722059332506449,2,-0.15222721311250884,9,-0.031021325535250457,3
0001193125-20-182596,DXCM,DEXCOM INC,OTHER,2020-06-30,0.005365669761135169,0.7983063292178928,0.033379075010832225,220,0.002489554326143709,-0.07235400908329181,9,-0.021270244318031664,2,-0.02897274630615187,9,0.001154759412799973,3
0001093557-20-000215,DXCM,DEXCOM INC,EARNINGS,2020-07-29,0.004622573473478226,0.7839014707907701,0.034871781439571675,220,0.007972408964829494,-0.019931350889461893,9,0.016168286958168666,2,-0.07883165550540018,9,0.003197809468463597,3
0001193125-20-217131,DXCM,DEXCOM INC,OTHER,2020-08-12,0.004565243494222043,0.7672042066060248,0.03476085574776157,220,0.025452819528581368,-0.06451610962242514,9,0.03954555478687044,2,-0.08620415974851137,9,0.017406600140675146,3
0001093557-20-000278,DXCM,DEXCOM INC,OTHER,2020-10-13,0.004484378418597544,0.7826046805447026,0.034134703014760806,220,0.01777255697092578,-0.10147864722368392,9,0.0009213597488761972,2,-0.047175963707775645,9,0.005038404447830883,3
0001093557-20-000292,DXCM,DEXCOM INC,EARNINGS,2020-10-28,0.004330971955356142,0.8158780970707042,0.034405343814928206,220,-0.059228950973887924,0.029567118219324926,9,-0.1114659198459844,2,-0.0610911111371116,9,-0.20238615587663303,3
0001193125-21-005793,DXCM,DEXCOM INC,EARNINGS,2021-01-11,0.0013002548331314473,0.8456263448077608,0.031293297881867875,220,-0.040563656601379026,0.04812270513336965,9,-0.07029090923500445,2,-0.01782524631217676,9,-0.07400734023969094,3
0001093557-21-000022,DXCM,DEXCOM INC,EARNINGS,2021-02-12,0.0010278922079092084,0.8619718720272338,0.030414186177663265,220,0.0004676816145341451,0.04909566045560846,9,-0.019641273715011412,2,-0.02203394334905999,9,0.004875980242891327,3
0001093557-21-000125,DXCM,DEXCOM INC,EARNINGS,2021-04-30,-0.0015083140260271073,1.2278169851784575,0.024903029871143473,220,-0.07484464542178053,0.07368439998143522,9,-0.09030695700773873,2,-0.11159703302360331,9,-0.10618250202954216,3
0001193125-21-205018,DXCM,DEXCOM INC,OTHER,2021-07-01,-0.0025705324131582163,1.4447241231715209,0.022268135688577374,220,-0.005802878617181746,0.055315207204547356,9,-0.003146559634368733,2,0.07045361157157298,9,-0.0013236175700424395,3
0001093557-21-000190,DXCM,DEXCOM INC,EARNINGS,2021-07-30,-0.0018363535364491106,1.444972363253699,0.02190250436776715,220,0.13923423548749359,0.04539481630150141,9,0.1360323782349884,2,-0.049273525058550746,9,0.12346111734788273,3
0001093557-21-000246,DXCM,DEXCOM INC,EARNINGS,2021-10-29,0.001107206596855092,1.1582147448142874,0.021151082559316806,220,0.08927990580920693,-0.03170723608045639,9,0.09269516366442568,2,0.0038116337269707354,9,0.10150347899678074,3
0001193125-21-336940,DXCM,DEXCOM INC,OTHER,2021-11-23,0.0015536396163375193,1.1748743351451483,0.020170742066961646,220,-0.048511570989775626,-0.006611332733942762,9,-0.03865962677207114,2,-0.06711005971442723,9,-0.07296422059219501,3
0001093557-22-000010,DXCM,DEXCOM INC,EARNINGS,2022-02-11,0.0004460625107306324,1.1222971193177043,0.021883744279277532,220,-0.027403469169597888,0.08954186703460154,9,-0.05642312458423141,2,0.02508212208153343,9,-0.0492321373364322,3
0001093557-22-000096,DXCM,DEXCOM INC,EARNINGS,2022-04-29,0.0005867267784015482,1.416956523000775,0.022824160122577583,220,0.04052497424785095,-0.10432914318253558,9,0.027884661691984714,2,-0.14841407298252732,9,-0.007985151836550911,3
0001093557-22-000142,DXCM,DEXCOM INC,EARNINGS,2022-07-29,-0.0014032351523992387,1.5613940678471712,0.02374810932559701,220,-0.07780324441581182,0.03615504004334476,9,-0.05045568008107876,2,0.02631245773833683,9,-0.05476615908096247,3
0001093557-22-000151,DXCM,DEXCOM INC,OTHER,2022-08-08,-0.0010956879767629359,1.5599634441284385,0.023918174415224806,220,0.02883573942422305,0.006089813599931505,9,-0.03258306103604389,2,-0.00537727256570452,9,-0.03387669452234955,3
0001093557-22-000170,DXCM,DEXCOM INC,EARNINGS,2022-10-28,-0.0009703381750613047,1.568176737294237,0.024399618693256277,220,0.15744030489152486,-0.04885925207834251,9,0.16899324191190782,2,-0.08122290805414972,9,0.16508380782789622,3
0001093557-23-000004,DXCM,DEXCOM INC,EARNINGS,2023-01-09,0.0011451801475850496,1.512945145092456,0.026855474885316078,220,-0.050019874787521026,-0.010089630132648592,9,-0.05432453289238953,2,-0.09091206482429276,9,-0.05318768097127029,3
0001093557-23-000022,DXCM,DEXCOM INC,EARNINGS,2023-02-10,0.001364227297041508,1.4477617685490254,0.026552623534916494,220,0.09456704232051885,-0.003914645402099452,9,0.07951602575936306,2,-0.025203482800242136,9,0.06703195610609411,3
0001093557-23-000117,DXCM,DEXCOM INC,EARNINGS,2023-04-28,0.0013560360493072886,1.354366722122382,0.02749723169033716,220,-0.0310418401337541,0.09099628391619077,9,-0.054929864538659626,2,0.028217425540536047,9,-0.0940547749475687,3
0001193125-23-131265,DXCM,DEXCOM INC,OTHER,2023-05-02,0.0012072919386551936,1.3761083664999452,0.027396586867092437,220,0.011557177113219543,0.005810223586276718,9,0.01302244948194424,2,-0.006766819908817345,9,-0.010694874361681206,3
0001193125-23-133137,DXCM,DEXCOM INC,OTHER,2023-05-03,0.001438190140342555,1.3825208955695183,0.027301897168015402,220,0.0012783886277331902,-0.02026283486500666,9,0.01048506546034986,2,-0.03647728736872635,9,0.02188341559889496,3
0001193125-23-137248,DXCM,DEXCOM INC,OTHER,2023-05-08,0.0017784424511577775,1.3734789006317465,0.026906045676392227,220,-0.007441433544529008,-0.044676246157248155,9,-0.007606739610664198,2,-0.04439477837134452,9,-0.0058560657609204635,3
0001093557-23-000157,DXCM,DEXCOM INC,PRESENTATION,2023-06-26,0.00200872499457599,1.2085102147201292,0.024793625256492844,220,-0.013875776367849901,0.0014533336015210042,9,-0.03812102635963088,2,0.026134029273983117,9,-0.029175407796059802,3
0001093557-23-000173,DXCM,DEXCOM INC,EARNINGS,2023-07-28,0.0015561648589937165,1.1408501744471642,0.025152283410760007,220,0.01062026467456125,-0.05247469165058387,9,-0.052180503068261226,2,-0.08751682648807499,9,-0.05634962299730308,3
0001093557-23-000191,DXCM,DEXCOM INC,OTHER,2023-08-28,0.0018729371997608256,1.137223207462068,0.023782050345466394,220,-0.023673631026677258,-0.09254589040046082,9,-0.028992519494465935,2,0.03648745506797641,9,-0.041061311481806896,3
0001093557-23-000219,DXCM,DEXCOM INC,EARNINGS,2023-10-27,-0.0006484983802117681,1.1455308696108986,0.02409792129820512,220,0.10696316138239673,0.16210775241183883,9,0.04486231070521739,2,0.045005504761140874,9,0.020579586474448505,3
0001093557-23-000222,DXCM,DEXCOM INC,OTHER,2023-11-03,-0.0015970139885861186,1.0023208785374509,0.021360270754076413,220,0.03291388519299127,0.12252715268795032,9,0.005322217661679309,2,0.08370444778557821,9,-0.017176585029582008,3
0001093557-24-000003,DXCM,DEXCOM INC,EARNINGS,2024-01-08,-0.000599861037364212,0.8330798253782188,0.025170870337163254,220,0.034278759728737736,0.052395426542384715,9,0.03668244673920927,2,-0.032891697241495904,9,0.05378887450536029,3
0001093557-24-000020,DXCM,DEXCOM INC,EARNINGS,2024-02-09,0.00022839412364503966,0.9334753872436787,0.02512594813407932,220,-0.057413967654273555,-0.018726681195672792,9,-0.07424937599950787,2,-0.030582087640368506,9,-0.07141481623915075,3
0001093557-24-000078,DXCM,DEXCOM INC,EARNINGS,2024-04-26,-0.00042603843014131645,0.9397871514467288,0.024347143272662308,220,-0.10752824618787685,0.01567290641901418,9,-0.09860796290599508,2,-0.005734268355587128,9,-0.09359626559936733,3
0001093557-24-000179,DXCM,DEXCOM INC,EARNINGS,2024-10-25,-0.0004804246519573189,0.3908728144841284,0.03715365305886534,220,-0.018222230754112424,0.046329258916713946,9,-0.03719636072344511,2,-0.03713570960864929,9,-0.004862710195348625,3
0001093557-25-000004,DXCM,DEXCOM INC,EARNINGS,2025-01-13,-0.0017754898697112049,0.2549116787618677,0.036175231657739504,220,0.028129096298631674,0.020251330314511373,9,0.02116210661192779,2,0.1181238074177997,9,-0.0022627310990938785,3
0001093557-25-000029,DXCM,DEXCOM INC,EARNINGS,2025-02-14,-0.0013456314323500064,0.3697893930109863,0.0361018478660184,220,0.0605861585659709,-0.029805258883539538,9,0.0772377180702378,2,-0.02089582314764546,9,0.07730232856580078,3
0001093557-25-000047,DXCM,DEXCOM INC,REGULATORY,2025-03-10,-0.0014291040523777584,0.36425190466680923,0.0356787119755874,220,-0.08033844380535042,-0.07796511760976077,9,-0.08238590547531764,2,0.0718630236026605,9,-0.10400207176382063,3
0001093557-25-000264,DXCM,DEXCOM INC,OTHER,2025-10-28,-0.00025208153226293357,1.0194450381604223,0.02361113644078135,220,-0.022277100725167448,0.05723006696831884,9,-0.0376815178770779,2,-0.13448137883276473,9,-0.045190967067910204,3
0001093557-25-000278,DXCM,DEXCOM INC,EARNINGS,2025-10-31,-0.0001385750230478278,1.0182628481812617,0.023603840648231237,220,-0.14953580771259084,-0.010826963227730213,9,-0.11334870755183317,2,-0.01736998393634619,9,-0.10171797657007482,3
0001213900-21-010229,ENSC,"Ensysce Biosciences, Inc.",OTHER,2021-02-18,0.00109068088066097,0.03492183600693474,0.02784102856745938,220,-0.007754053006283858,-0.23495066077692062,9,0.025167562378148878,2,-0.11096610924399322,9,-0.020637304119818865,3
0001493152-21-009990,ENSC,"Ensysce Biosciences, Inc.",REGULATORY,2021-04-29,0.0020920439256123967,0.8457336183077842,0.07420415500783367,220,-0.007481824355053927,-0.04895376850004986,9,0.014382945257161753,2,0.030531177256164346,9,0.01253396596897508,3
0001493152-21-010710,ENSC,"Ensysce Biosciences, Inc.",OTHER,2021-05-07,0.0016394572431555133,0.895340861733071,0.07442655395546979,220,-0.008155791240232323,0.010594554419035614,9,0.01302425022096921,2,0.023885773991027003,9,-0.014029874539477162,3
0001493152-21-017401,ENSC,"Ensysce Biosciences, Inc.",PRESENTATION,2021-07-21,0.002185014528411874,0.8869392850467662,0.07621711877010182,220,-0.12407899694911156,-0.3787770166224582,9,-0.14220603365484594,2,-0.5315392063073194,9,-0.32687350518695063,3
0001493152-21-020290,ENSC,"Ensysce Biosciences, Inc.",EARNINGS,2021-08-17,0.0026050591453571498,0.9522278765141918,0.07738354306227438,220,0.19329240477222442,-0.5121778610842835,9,0.10835573160757704,2,-0.004513201237499858,9,-0.012345160730206847,3
0001493152-21-023828,ENSC,"Ensysce Biosciences, Inc.",OTHER,2021-09-27,-0.0036460066854704268,0.9420631121846775,0.0824108343174333,220,-0.1116989377806104,0.42598523216040934,9,-0.20270493980014423,2,-0.3470810594103296,9,-0.24325470740170352,3
0001493152-21-027784,ENSC,"Ensysce Biosciences, Inc.",OTHER,2021-11-10,-0.00265623090709017,1.2675079209051934,0.09360038181153416,220,0.01285325866122453,-0.06612081317396105,9,0.04706283502771058,2,-0.17957799199893135,9,0.03597116935784564,3
0001493152-21-029003,ENSC,"Ensysce Biosciences, Inc.",EARNINGS,2021-11-17,-0.0045086561646081064,1.3699888768621635,0.09435669708643926,220,0.19265495358275989,-0.0013174004424969764,9,0.11730157372815295,2,-0.07711002179375365,9,-0.17566804385017074,3
0001493152-22-002364,ENSC,"Ensysce Biosciences, Inc.",OTHER,2022-01-27,-0.0021110548025891026,3.2823532636216783,0.14102323378183074,220,-0.07508715456412351,-0.24788901875072042,9,-0.14237378273109608,2,-0.05547311252573969,9,-0.24422304984803456,3
0001493152-22-003481,ENSC,"Ensysce Biosciences, Inc.",OTHER,2022-02-09,-0.0027963841457283494,3.023420424411813,0.13239524794009935,220,0.020273812549304687,-0.23258196318608676,9,0.019248278872373202,2,-0.2252586555731229,9,-0.04989051260737925,3
0001493152-22-008590,ENSC,"Ensysce Biosciences, Inc.",EARNINGS,2022-04-01,-0.004758890761536136,2.7907789114233132,0.1336703514936642,220,-0.04701042674643169,-0.0767529058292575,9,-0.03863619283565722,2,0.15685112734274212,9,0.0646323439964154,3
0001493152-22-012251,ENSC,"Ensysce Biosciences, Inc.",CLINICAL,2022-05-06,-0.004912842165357494,2.6247791141492423,0.1352163067018531,220,-0.08843464591475937,0.04266930747430564,9,-0.12536544718247045,2,-0.2252252428192817,9,-0.09186634028416629,3
0001493152-22-013062,ENSC,"Ensysce Biosciences, Inc.",EARNINGS,2022-05-13,-0.005795369044008958,2.6769429627332184,0.135233811171578,220,-0.04002296957250667,-0.21467176298360152,9,-0.06800826753498346,2,-0.22828066507169098,9,-0.028169351612124388,3
0001493152-22-014090,ENSC,"Ensysce Biosciences, Inc.",NO_TEXT,2022-05-17,-0.005587969988043789,2.596040448475542,0.13544111269922315,220,-0.11946500151750386,-0.4680358198699856,9,-0.07969611654558541,2,-0.02958643807865946,9,-0.10821709047448407,3
0001493152-22-017194,ENSC,"Ensysce Biosciences, Inc.",OTHER,2022-06-21,-0.005297901607704635,1.9845392825801131,0.13601126312141568,220,-0.11750726267155834,0.15271141842364666,9,-0.09670728043641472,2,0.5837001726994533,9,-0.15193777910310632,3
0001493152-22-018686,ENSC,"Ensysce Biosciences, Inc.",OTHER,2022-07-07,-0.006349436602564333,2.0361334242794293,0.13613223198483115,220,0.05462084215080995,0.612669834505222,9,0.053121327428188043,2,0.023283482099268827,9,0.05430950287290156,3
0001493152-22-021792,ENSC,"Ensysce Biosciences, Inc.",OTHER,2022-08-10,-0.0011543430111708962,1.9634466049055928,0.13483306492910582,220,-0.0382096492021593,-0.3525455223566528,9,-0.09510772721088123,2,-0.04956752512620714,9,0.07506333419114364,3
0001493152-22-022116,ENSC,"Ensysce Biosciences, Inc.",EARNINGS,2022-08-12,-0.00046562176953016273,1.9629491361658442,0.13476905424828997,220,-0.0685503056153194,-0.01243741823259785,9,-0.06998817290702844,2,-0.02376610958643706,9,-0.1275749721573911,3
0001493152-22-025380,ENSC,"Ensysce Biosciences, Inc.",OTHER,2022-09-09,-2.9515886785534142e-05,1.6111124196889988,0.14404941394252407,220,0.011254339499863028,-0.03144820304093209,9,-0.02060879003260837,2,-0.2083432814418273,9,-0.2097700840856655,3
0001493152-22-031763,ENSC,"Ensysce Biosciences, Inc.",REGULATORY,2022-11-14,-0.001465211749925053,1.0988071695446415,0.1438172941092016,220,0.23879175528751445,-0.5895896469074731,9,0.14227754281620653,2,0.4005170863815906,9,0.06547518146073249,3
0001493152-22-034836,ENSC,"Ensysce Biosciences, Inc.",OTHER,2022-12-08,-0.009514534163801614,0.6233439446676438,0.09756689531826149,220,-0.043445531218978053,-0.018589852795637313,9,0.18284662744944463,2,-0.369446593905562,9,-0.3402108010344874,3
0001493152-23-001811,ENSC,"Ensysce Biosciences, Inc.",PRESENTATION,2023-01-19,-0.010842592823298747,0.4193128783020463,0.09530820575041944,220,0.006432411146391627,0.023170942657604006,9,0.029012550424456107,2,0.24588360628480269,9,-0.02296918528301877,3
0001493152-23-003270,ENSC,"Ensysce Biosciences, Inc.",OTHER,2023-02-01,-0.011034577299593878,0.18441687291877945,0.10250813153101876,220,0.029074678380427196,0.10947238557878416,9,0.13266269009526532,2,-0.14020859744763647,9,0.12690121078488478,3
0001493152-23-003873,ENSC,"Ensysce Biosciences, Inc.",OTHER,2023-02-08,-0.011763295661524419,0.19396515093522623,0.10257192994695792,220,-0.03441122435233652,0.1891678407324963,9,-0.06574253834498298,2,-0.06532003874490971,9,-0.07601470743908104,3
0001493152-23-009856,ENSC,"Ensysce Biosciences, Inc.",EARNINGS,2023-03-31,-0.010801925667579006,0.11894163837094883,0.1052285826775355,220,-0.27532679508816404,-0.10129228598891811,9,-0.2978999346191661,2,0.14179521335356016,9,-0.29481197979090545,3
0001493152-23-017038,ENSC,"Ensysce Biosciences, Inc.",OTHER,2023-05-15,-0.008967191246418954,0.14296604166197777,0.10396454481378818,220,-0.013748257359824717,-0.04059340767535906,9,-0.03953998185190551,2,-0.14774810659405913,9,-0.046010466823982875,3
0001493152-23-019987,ENSC,"Ensysce Biosciences, Inc.",OTHER,2023-06-05,-0.009853445559421858,-0.011742749854419025,0.10730361281910412,220,0.005593613802194173,-0.03637344887425521,9,0.006962010349226515,2,0.07291634719829937,9,-0.003761616736867795,3
0001493152-23-021113,ENSC,"Ensysce Biosciences, Inc.",OTHER,2023-06-14,-0.009475029405175254,-0.1724253770557076,0.10727694160229752,220,0.02261139578720727,0.07892946743133007,9,0.04699006150901489,2,-0.2052885531381397,9,0.05330998256559791,3
0001493152-23-027730,ENSC,"Ensysce Biosciences, Inc.",EARNINGS,2023-08-11,-0.014460945420912023,0.14374496585458896,0.09151128983607061,220,-0.016067470919946897,0.036127443296868525,9,0.039705297222066636,2,0.08203123482782784,9,0.08029263623263236,3
0001493152-23-038049,ENSC,"Ensysce Biosciences, Inc.",OTHER,2023-10-24,-0.010574186622632438,0.4896595768893718,0.08799441888378785,220,-0.0639835769278798,0.2863733265181875,9,-0.08875461698363414,2,-0.07797526047614685,9,-0.061331705276981466,3
0001493152-23-040100,ENSC,"Ensysce Biosciences, Inc.",EARNINGS,2023-11-10,-0.009339064829363168,0.3156020520944744,0.08540549662892191,220,-0.054409413933063214,-0.07413284803672045,9,-0.002269458949120187,2,0.08802074458951492,9,-0.056403130192894,3
0001493152-23-043009,ENSC,"Ensysce Biosciences, Inc.",OTHER,2023-11-29,-0.00997987145739585,0.6005229632875351,0.0799360101971023,220,0.004297224981661333,0.08461975085815134,9,0.41240400850257064,2,0.05744606408565084,9,0.3956300314933926,3
0001493152-23-045413,ENSC,"Ensysce Biosciences, Inc.",OTHER,2023-12-20,-0.008256903417959012,1.113921198978338,0.069832141843914,220,0.0236929495193234,0.2854293674321401,9,-0.023657409890064388,2,0.12106909019576273,9,-0.09717407359162711,3
0001493152-23-046578,ENSC,"Ensysce Biosciences, Inc.",OTHER,2024-01-02,-0.009016603656600536,1.0271074930595387,0.0683141759427476,220,0.061934300095928346,0.07725049784099874,9,0.07933902982784571,2,0.14777581844076706,9,0.12045529722281781,3
0001493152-24-006773,ENSC,"Ensysce Biosciences, Inc.",OTHER,2024-02-15,-0.006677639743563805,0.8552443536091632,0.07107610209418865,220,-0.010334398793078098,-0.5333316088147717,9,0.04442250826867161,2,0.032043610744853054,9,0.08983968551107198,3
0001493152-24-010014,ENSC,"Ensysce Biosciences, Inc.",EARNINGS,2024-03-15,-0.0054074736881221715,0.5195313218641301,0.07409606203471641,220,0.06764143825426377,-0.15118405558595566,9,0.09011237118913762,2,0.0037535251593479096,9,0.09654702391202982,3
0001493152-24-018482,ENSC,"Ensysce Biosciences, Inc.",OTHER,2024-05-10,-0.0046491290329425386,0.5038413740684001,0.06819797875340487,220,-0.029210111477921796,0.058662915325015844,9,0.09178343349329791,2,0.03850426349406753,9,0.05966139127810971,3
0001493152-24-018793,ENSC,"Ensysce Biosciences, Inc.",EARNINGS,2024-05-13,-0.004635899285469812,0.5024968928466466,0.06819642053340419,220,0.1209804959594469,-0.041064090500211384,9,0.07202885644435356,2,0.10041543655699031,9,0.042807246813457295,3
0001493152-24-021456,ENSC,"Ensysce Biosciences, Inc.",OTHER,2024-05-28,-0.003288522564365996,0.37040969313010863,0.06821678099436243,220,0.011801517803198481,0.17951665246707393,9,0.061162099364546405,2,-0.0616199293122616,9,0.029741886783301554,3
0001493152-24-032272,ENSC,"Ensysce Biosciences, Inc.",EARNINGS,2024-08-15,-0.004534742624934671,0.33390291055627475,0.06828519442853662,220,0.006503874115221807,-0.03853013768252303,9,0.038279824037269164,2,0.21791466819677985,9,-0.007019341726556355,3
0001493152-24-034451,ENSC,"Ensysce Biosciences, Inc.",OTHER,2024-08-30,-0.004359574260045203,0.3415635332733392,0.06858494899605647,220,-0.03313085016412268,0.5901812350366644,9,-0.09769160507814947,2,-0.017038477550948825,9,-0.4400079393675884,3
0001493152-24-044760,ENSC,"Ensysce Biosciences, Inc.",EARNINGS,2024-11-13,-0.003454193312537995,0.1458559078707595,0.07490611520433686,220,0.05375373405391914,0.7022846490892742,9,-0.04481616044843185,2,-0.13625121551444508,9,-0.06406371610074421,3
0001493152-25-009695,ENSC,"Ensysce Biosciences, Inc.",EARNINGS,2025-03-11,0.0038487941080324077,1.0560440220312342,0.14135151412763508,220,-0.04268918434359695,0.005531704066145532,9,-0.06083750739540112,2,-0.3186898765917093,9,-0.07440653193632957,3
0001641172-25-001751,ENSC,"Ensysce Biosciences, Inc.",OTHER,2025-04-01,0.0027440588981331843,1.1207529242770844,0.14160369489728983,220,-0.029347039534167223,-0.17937638893189636,9,0.01681636105519429,2,-0.11080435761239202,9,-0.2057589243642155,3
0001641172-25-002087,ENSC,"Ensysce Biosciences, Inc.",OTHER,2025-04-02,0.002657892875667146,1.1459062571701792,0.14158690645314095,220,0.04609038604296155,-0.4054329607478244,9,-0.03267213499902989,2,-0.16817810165210315,9,-0.06200405265928856,3
0001641172-25-006009,ENSC,"Ensysce Biosciences, Inc.",OTHER,2025-04-25,0.003417299452202571,1.154177128389537,0.14152857998185397,220,-0.017798878928561124,0.9960481259528827,9,-0.13107882620139646,2,-0.336837575352398,9,-0.2568829769503135,3
0001641172-25-009949,ENSC,"Ensysce Biosciences, Inc.",EARNINGS,2025-05-14,0.0008655676230132115,1.1757713148471862,0.14244831282715822,220,0.1135739849730319,-0.37758820541606186,9,0.03337248530799959,2,0.03346125750392024,9,-0.03005241299055056,3
0001641172-25-023500,ENSC,"Ensysce Biosciences, Inc.",EARNINGS,2025-08-14,0.0029896348397642596,1.3823856241254628,0.1578411363120828,220,-0.04497874969346539,-0.03478319394087082,9,-0.0495863106140234,2,-0.012586752461688494,9,-0.02859994579758326,3
0001493152-25-023492,ENSC,"Ensysce Biosciences, Inc.",EARNINGS,2025-11-17,-0.003600043904428441,1.4547456060313275,0.08994320497157444,220,-0.031390684857026126,0.0024121540581295356,9,-0.0308805054993882,2,-0.2088456627309151,9,-0.03187305223079292,3
0001493152-25-023933,ENSC,"Ensysce Biosciences, Inc.",OTHER,2025-11-18,-0.0041675303640795105,1.4801686311970856,0.08984624673356975,220,0.0012911570272790898,0.019836417205945138,9,-0.05207288899035284,2,-0.136180438497304,9,-0.08265923765038799,3
0001193125-19-130143,EQ,"Equillium, Inc.",PRESENTATION,2019-05-01,-0.003437177079940448,0.5784615203329537,0.08202873077302787,105,0.0318236314777366,0.04680969658756991,9,0.027120149748191838,2,0.032465097008989086,9,0.04654865296221467,3
0001564590-19-018833,EQ,"Equillium, Inc.",EARNINGS,2019-05-14,-0.0019340328767736058,0.5782961141213496,0.07954623399226733,114,-6.407265424239819e-06,0.03743842878594832,9,-0.009656429081396196,2,0.08244774042588976,9,0.023532659484903587,3
0001564590-19-031480,EQ,"Equillium, Inc.",EARNINGS,2019-08-13,-0.002754640559095678,0.5943646652029901,0.07212383639911704,177,0.04969092254835507,-0.06027523149827736,9,0.03012591882012346,2,0.028518092364771083,9,-0.01808494207287212,3
0001564590-19-036089,EQ,"Equillium, Inc.",PRESENTATION,2019-10-02,-0.0036511349119847376,0.6491307036635582,0.06842066448490304,212,0.0288164771438189,0.027869861586679177,9,0.016338592535842335,2,-0.0024238840453198254,9,-0.011762650923939634,3
0001193125-19-302509,EQ,"Equillium, Inc.",OTHER,2019-11-29,-0.004848949558622649,0.8737287532079316,0.06368611945255062,220,0.0050218675752272245,0.03343364837151224,9,0.03575437886207957,2,0.4780077923455502,9,0.05865250661325984,3
0001193125-19-312050,EQ,"Equillium, Inc.",OTHER,2019-12-12,-0.004569022309227793,1.0267505689854843,0.06350038401838831,220,-0.004280690198438006,0.47774307842392927,9,0.05230479142425322,2,-0.18667263262121872,9,0.053959461299205855,3
0001564590-20-013200,EQ,"Equillium, Inc.",EARNINGS,2020-03-27,-0.000984805829907764,0.5670030250953466,0.05848271585631952,220,-0.025922449704598505,-0.08810187926312577,9,-0.050985016726023284,2,-0.03919774329720777,9,-0.049145023162388515,3
0001564590-20-025054,EQ,"Equillium, Inc.",EARNINGS,2020-05-14,-0.0011129128805823399,0.6191418635173197,0.07024414917285587,220,-0.06879678045901104,0.19943699490836658,9,-0.024915967557694395,2,0.13322703592566124,9,-0.10539027990004649,3
0001193125-20-191424,EQ,"Equillium, Inc.",CLINICAL,2020-07-13,0.0004410685961233702,0.7636678713820677,0.07266724403528496,220,7.313381430852504,0.2050187084448885,9,6.830591186512533,2,-0.07009970040546723,9,6.783195848490396,3
0001193125-20-215058,EQ,"Equillium, Inc.",CLINICAL,2020-08-11,0.0010715782502467143,0.7001466632362754,0.0717313123309254,220,0.010678029974280977,-0.3064054947459276,9,-0.1129152142266951,2,-0.2450067787259952,9,-0.05595277946434493,3
0001193125-20-217090,EQ,"Equillium, Inc.",EARNINGS,2020-08-12,0.001039517580806287,0.6901876009223398,0.07174422803155882,220,-0.12342232526946849,-0.1817291941150165,9,-0.13993634943637334,2,-0.2615355343734594,9,-0.12930846802881185,3
0001193125-20-220538,EQ,"Equillium, Inc.",OTHER,2020-08-17,0.00038846608322519775,0.6846152883182544,0.07165688754522252,220,-0.02051923334902972,-0.10034783035167501,9,-0.06036138993425556,2,-0.16300393361565146,9,-0.23990831456364536,3
0001193125-20-281174,EQ,"Equillium, Inc.",REGULATORY,2020-10-30,0.030021431249760706,-0.08277010770686907,0.5008922954839582,220,0.027449024461029446,-0.30093093605567667,9,-0.17014859365197224,2,-0.3024105481468932,9,-0.09841132408752612,3
0001193125-20-290153,EQ,"Equillium, Inc.",EARNINGS,2020-11-11,0.029826268738809864,-0.07179713568636985,0.5008583940664997,220,0.41898292274543825,-0.6956266901304561,9,0.2773490585869044,2,-0.16534699147440904,9,0.22769921107293903,3
0001193125-20-303087,EQ,"Equillium, Inc.",OTHER,2020-11-25,0.030058708835163078,-0.05418743625693579,0.5007976546050784,220,-0.06550576244630112,0.23418001323955612,9,-0.0933768701377817,2,-0.29717273051396625,9,-0.15303857318593833,3
0001193125-20-304969,EQ,"Equillium, Inc.",PRESENTATION,2020-11-30,0.029609573019622137,-0.05220857481894381,0.50085136678681,220,0.027069811978333316,-0.16392254143121576,9,-0.04812253017180457,2,-0.29176105617698483,9,-0.07555001254058763,3
0001193125-20-310114,EQ,"Equillium, Inc.",PRESENTATION,2020-12-04,0.02880977184290991,-0.020183478933517573,0.5007328163861475,220,-0.034720974061866944,-0.08876087579325243,9,-0.10030698339308941,2,-0.2080360410330488,9,-0.15094767649228147,3
0001193125-20-311281,EQ,"Equillium, Inc.",CLINICAL,2020-12-07,0.028723085696302924,-0.01893381767735745,0.500729977232179,220,-0.06549675482142252,-0.20062529043916566,9,-0.07085932237180521,2,-0.27311416567457714,9,-0.10550437957709115,3
0001193125-20-322379,EQ,"Equillium, Inc.",OTHER,2020-12-21,0.027602387428945756,-0.015803035422935176,0.5008115917498397,220,-0.07008314151835446,-0.26729705728282105,9,-0.07661503527754797,2,-0.12230901888912228,9,-0.07087763090990769,3
0001564590-21-004194,EQ,"Equillium, Inc.",OTHER,2021-02-04,0.02755257537736786,-0.0006288431321106356,0.5014225829824959,220,0.14919174653276535,-0.12121730698776113,9,0.2115004154792007,2,-0.14457339099894453,9,0.26741801390524655,3
0001564590-21-005752,EQ,"Equillium, Inc.",CLINICAL,2021-02-12,0.028642491396746437,-0.012382426708138402,0.50218527279287,220,-0.020903793004047412,0.2300309080779795,9,-0.11431893955035155,2,-0.5167488466847631,9,-0.05865417854597248,3
0001564590-21-011597,EQ,"Equillium, Inc.",PRESENTATION,2021-03-09,0.030137802097949522,-0.16606361486249144,0.501930482562339,220,0.10873169695836502,-0.574668587388748,9,0.06004533443382369,2,-0.2602008351052214,9,0.02759924869836501,3
0001564590-21-013009,EQ,"Equillium, Inc.",CLINICAL,2021-03-15,0.03272985115983477,-0.4630164196095052,0.5016399137275408,220,0.019336090145969684,-0.1522496732730434,9,-0.07662824786929293,2,-0.44944252266586104,9,-0.10492752137507985,3
0001564590-21-015101,EQ,"Equillium, Inc.",EARNINGS,2021-03-25,0.03427942914570348,-1.0331221181470716,0.5001986225484467,220,-0.03282176205031137,-0.2946034367273712,9,-0.006720555763828549,2,-0.28428005702702686,9,-0.1275852633020958,3
0001564590-21-016669,EQ,"Equillium, Inc.",CLINICAL,2021-03-31,0.03617202045504798,-1.3261444255482913,0.5000730371573838,220,0.050897687450694465,-0.477594437534141,9,0.04163409380645562,2,-0.36626723993349775,9,0.011104059260300454,3
0000950170-21-000223,EQ,"Equillium, Inc.",EARNINGS,2021-05-14,0.03416178506152768,-2.0891063142007287,0.49974761632994064,220,0.030298259207796142,-0.6178486173378427,9,0.046171129267531835,2,-0.13584000036227475,9,0.06450234488354553,3
0000950170-21-000318,EQ,"Equillium, Inc.",OTHER,2021-06-07,0.03235810279873273,-2.019535967991781,0.4998280559298452,220,0.03494628947331543,-0.25516021587367005,9,0.03405794093100528,2,-0.52749364314122,9,0.04988814252160063,3
0000950170-21-000338,EQ,"Equillium, Inc.",CLINICAL,2021-06-10,0.03447949045657317,-2.5155329319021127,0.49961692745004405,220,-0.04244842872823418,-0.12566145552212546,9,-0.19454763821252216,2,-0.3169852277806611,9,-0.30084337834361535,3
0000950170-21-000344,EQ,"Equillium, Inc.",CLINICAL,2021-06-11,0.034875127901939244,-2.504839270522723,0.4996268405564858,220,-0.15251251758062345,-0.2076254934024235,9,-0.20461781253992045,2,-0.3194756568664307,9,-0.24751159036565773,3
0000950170-21-000348,EQ,"Equillium, Inc.",OTHER,2021-06-14,0.03442454999233192,-2.536876316460582,0.4996185648755754,220,-0.05158298543132213,-0.24768801937051416,9,-0.08064415621322021,2,-0.3308402244985106,9,-0.23265315653663832,3
0000950170-21-000445,EQ,"Equillium, Inc.",REGULATORY,2021-07-13,-0.002770867995543943,1.4214146067018847,0.07093626785276069,220,0.044850639068242416,-0.056412900174426926,9,0.014731110289002102,2,0.04969389366489464,9,0.030461051593902538,3
0000950170-21-001177,EQ,"Equillium, Inc.",EARNINGS,2021-08-11,-0.0015056296669360186,1.4160421229984868,0.06738232525045681,220,0.0012711906961206183,0.028355143242653875,9,-0.004740291632012851,2,0.029353752829590598,9,0.018533104114078554,3
0000950170-21-004068,EQ,"Equillium, Inc.",EARNINGS,2021-11-11,0.0010779513550513656,1.908552312376994,0.05704977925981909,220,-0.0901198918793197,0.06302267518026605,9,-0.12676521119040463,2,0.0005812187159903795,9,-0.1643182618244058,3
0001193125-22-043939,EQ,"Equillium, Inc.",OTHER,2022-02-16,-0.0036025334053128824,1.186197672600252,0.04873803805095143,220,0.044773206668272725,0.023276361063444356,9,0.078510772941629,2,-0.13201190208578376,9,0.126813475078413,3
0000950170-22-002622,EQ,"Equillium, Inc.",OTHER,2022-03-02,-0.002668893967104836,1.08811079667009,0.048784469337646665,220,-0.017348181275237597,0.043281924962413565,9,-0.03433197823296881,2,-0.03989900463520915,9,-0.06030363477212005,3
0000950170-22-002895,EQ,"Equillium, Inc.",REGULATORY,2022-03-04,-0.0021978854738212723,1.0110097680677246,0.04896989692961708,220,0.0046978448997770875,-0.09861038826714419,9,0.03382593391196231,2,-0.09104953833032992,9,0.015987297709063077,3
0000950170-22-004404,EQ,"Equillium, Inc.",EARNINGS,2022-03-24,-0.0017812759269557772,0.550706080531419,0.047696513066943697,220,-0.00955060055616598,-0.09353325704221438,9,-0.019577261304739642,2,-0.014039868355273679,9,-0.007664263977960401,3
0001193125-22-116380,EQ,"Equillium, Inc.",CLINICAL,2022-04-25,-0.0015697579046111449,0.7321567316601356,0.047433691275382266,220,-0.019624073800318134,0.01399225811755895,9,-0.014091860882798547,2,-0.126657862377115,9,-0.03152026777892297,3
0001193125-22-144343,EQ,"Equillium, Inc.",CLINICAL,2022-05-09,-0.0013875423618630509,0.6218379502328419,0.046583371932092874,220,-0.037991283430558076,-0.09005682804634021,9,-0.09686423397881544,2,0.2654127789031212,9,-0.11868802745393175,3
0000950170-22-009653,EQ,"Equillium, Inc.",EARNINGS,2022-05-13,-0.0018895239041260535,0.5260088588910106,0.04689042818048664,220,-0.0017576905547918922,-0.146576889082359,9,-0.0065833375666707605,2,0.12270864416003757,9,0.023378016100481194,3
0000950170-22-017382,EQ,"Equillium, Inc.",EARNINGS,2022-08-16,-0.0025172421563686006,0.6269363861097774,0.04964240261603404,220,-0.009091393541077717,0.2540438432679301,9,0.09577798731485188,2,-0.039586789620715115,9,0.1205344543718313,3
0001193125-22-238883,EQ,"Equillium, Inc.",OTHER,2022-09-07,-0.0031758738746159934,0.5834488673633221,0.046346492741349395,220,-0.12452181441701834,0.05773987433710816,9,-0.20399773321047032,2,0.05478943975584174,9,-0.21306094826614816,3
0001193125-22-251807,EQ,"Equillium, Inc.",CLINICAL,2022-09-27,-0.0027915948931923,0.6323599405188349,0.04717519680831996,220,0.23238501456133406,-0.026459849684417378,9,0.16366240996507844,2,-0.09671178868905504,9,0.13290875721997775,3
0000950170-22-024988,EQ,"Equillium, Inc.",EARNINGS,2022-11-15,-0.002252298043697314,0.49109138289462984,0.05053897166387412,220,0.05038928287392386,-0.08250089566034703,9,0.05638799417483044,2,-0.08006002516148801,9,0.07458255667210817,3
0001193125-22-298869,EQ,"Equillium, Inc.",OTHER,2022-12-06,-0.0026053310137095203,0.4149606214466174,0.05099488270771817,220,0.014647538081499246,-0.06629008041272616,9,-0.06637861417361629,2,-0.3959215139086417,9,-0.06233253592545219,3
0001193125-22-305076,EQ,"Equillium, Inc.",OTHER,2022-12-15,-0.0026875210261607455,0.34044765932541105,0.05051486651070053,220,-0.005377970375351178,-0.23339498270026424,9,-0.04033783707773454,2,-0.02038258255182082,9,-0.06721968221721639,3
0001193125-22-311788,EQ,"Equillium, Inc.",OTHER,2022-12-27,-0.0023867698500130126,0.41071650984906155,0.049385909180215605,220,-0.052173388250767186,-0.38707019323733644,9,-0.05658701991305145,2,0.34518588583902,9,-0.06767387799081374,3
0001193125-23-077853,EQ,"Equillium, Inc.",EARNINGS,2023-03-24,-0.003017257578880673,0.3702534412968629,0.051603887412953194,220,0.12366465134519619,-0.10174781933588382,9,0.0985923089903214,2,0.046426611145755005,9,0.10060858948281387,3
0000950170-23-021215,EQ,"Equillium, Inc.",EARNINGS,2023-05-12,-0.0037546245797341906,0.5245722885223112,0.05600514790011397,220,0.021985797825190705,-0.048601033413575356,9,0.19634445163657782,2,-0.024878339271363917,9,0.21887094976104154,3
0001193125-24-041994,EQ,"Equillium, Inc.",OTHER,2024-02-22,-0.00028660396908141404,0.9529064434464694,0.04969124439939365,220,0.02056557858448912,1.001355210306437,9,-0.0028818988656549513,2,0.08944983307627169,9,-0.1701250624553521,3
0001193125-24-063618,EQ,"Equillium, Inc.",OTHER,2024-03-11,0.002170439846982482,0.5842699552069143,0.04665840523650955,220,-0.05410261434764285,0.07241765647738224,9,-0.06255825027557385,2,-0.04555182784292873,9,-0.07598191273677901,3
0001193125-24-076471,EQ,"Equillium, Inc.",EARNINGS,2024-03-26,0.004350939123226686,0.6642928137313792,0.059805952419650116,220,-0.1588617171574765,0.05987510154137492,9,-0.1687952833562707,2,-0.10810248889255918,9,-0.30606266420478484,3
0001193125-24-082709,EQ,"Equillium, Inc.",CLINICAL,2024-04-01,0.004441197163930695,0.7800887156844037,0.06023047305500494,220,-0.08966433258299016,-0.2404731354976041,9,-0.055970181871918934,2,-0.2128231737103624,9,0.06109706191829756,3
0000950170-24-056890,EQ,"Equillium, Inc.",EARNINGS,2024-05-10,0.007129739275490191,0.8003354361964475,0.07047095595443557,220,-0.15816050676522192,-0.1351089127121764,9,-0.15886189179924906,2,-0.17047287552786206,9,-0.11177963268832738,3
0001193125-24-153667,EQ,"Equillium, Inc.",CLINICAL,2024-06-04,0.005650730915703393,1.040397975945261,0.07070227946662008,220,-0.2857252752409055,-0.07939914363093385,9,-0.4924205127041546,2,-0.2699886327883029,9,-0.5189196464471812,3
0001193125-24-180952,EQ,"Equillium, Inc.",EARNINGS,2024-07-18,0.0038149144860383792,1.3383922057486333,0.07073000608153045,220,-0.015034754710718272,0.2288990237468468,9,-0.053918254884006665,2,-0.1866114153092414,9,-0.016989256469233667,3
0000950170-24-093884,EQ,"Equillium, Inc.",EARNINGS,2024-08-09,0.0006987051000835378,1.1759466037327113,0.07595033801096046,220,-0.01996904032414522,-0.03693068539996412,9,0.007285755376655236,2,0.37413229376495205,9,-0.04799476378755639,3
0001193125-24-248138,EQ,"Equillium, Inc.",PRESENTATION,2024-10-31,0.003191856426608545,1.5264073143739878,0.07791304855285569,220,-0.350080979933666,0.22697297676284245,9,-0.39459909757718364,2,-0.2608128997328793,9,-0.39317308964225667,3
0000950170-24-126288,EQ,"Equillium, Inc.",EARNINGS,2024-11-14,0.003400246160736929,1.5832388783503437,0.07799981644794159,220,-0.12142510956757406,-0.4510859540949521,9,-0.060428615203184315,2,-0.01614078574559455,9,-0.1469509498288765,3
0001193125-25-021348,EQ,"Equillium, Inc.",CLINICAL,2025-02-06,-0.002164776853264092,2.1660244100969424,0.07442112255141449,220,0.3185799544940522,0.08736328431415613,9,0.2554650985334649,2,0.06482958938408548,9,0.32460562091767464,3
0000950170-25-045723,EQ,"Equillium, Inc.",EARNINGS,2025-03-27,-0.0026206597113728556,1.634492426023297,0.06795339283040479,220,-0.3483016978338934,0.04021357550418973,9,-0.4760300806848313,2,0.2549570637181687,9,-0.5038965054041856,3
0001193125-25-092435,EQ,"Equillium, Inc.",EARNINGS,2025-04-24,-0.002166237390818585,1.4295284095161103,0.06715581945592841,220,-0.048757095591228886,-0.026338323158706038,9,-0.12074943592078788,2,-0.10362067766942981,9,-0.14073459826322804,3
0001193125-25-177510,EQ,"Equillium, Inc.",OTHER,2025-08-11,-0.0012935968736198851,0.8300355662346269,0.0719104615286989,220,0.782934964712835,0.6146530597350363,9,0.8203358631095544,2,0.8361519634782848,9,0.7242481831789601,3
0000950170-25-113023,EQ,"Equillium, Inc.",OTHER,2025-09-05,-0.0019388402210533517,0.8162007266228632,0.07045750385942497,220,0.09573142327644824,0.5869181074755727,9,0.07995825555297861,2,-0.2432506152157855,9,0.010904561873181885,3
0001193125-25-209068,EQ,"Equillium, Inc.",OTHER,2025-09-22,0.0015989775919883844,0.35985684148972014,0.09311036459224367,220,-0.010150786426647896,-0.25159235725083284,9,-0.03737712254801176,2,0.05956240872782262,9,-0.06742506497240414,3
0001193125-25-231860,EQ,"Equillium, Inc.",OTHER,2025-10-07,0.008705132451527405,0.34076601717152427,0.11212311093848833,220,-0.014108429243694771,-0.15648038286038773,9,-0.03826834266655897,2,-0.11861067618019203,9,0.07962398919739799,3
0001193125-25-280173,EQ,"Equillium, Inc.",EARNINGS,2025-11-14,0.007454645866314607,0.12599203248976526,0.10683088889834404,220,0.23066122603679182,-0.4671506157646042,9,0.2339957415274674,2,-0.2537874823820746,9,0.14167522884173958,3
0000950170-22-004546,ERAS,"Erasca, Inc.",EARNINGS,2022-03-25,-0.0018220940150625482,1.066722130963559,0.04499101234859811,144,0.06890183527797518,-0.2860501886670926,9,0.04679307328968726,2,-0.13450143250398391,9,0.050372164574287955,3
0000950170-22-009671,ERAS,"Erasca, Inc.",EARNINGS,2022-05-13,-0.00319614064038152,1.1663228016456821,0.04366407736171868,178,-0.026409338481505413,-0.12856222500650907,9,0.014277919844042513,2,-0.07433711984995144,9,0.048833044899290315,3
0000950170-22-016874,ERAS,"Erasca, Inc.",EARNINGS,2022-08-12,-0.004089352821990453,1.2395185105239024,0.0435613048553145,220,0.13658853888709166,0.1934910018328223,9,0.22871223303369503,2,-0.12559289719027475,9,0.12157393678502765,3
0001193125-22-240127,ERAS,"Erasca, Inc.",PRESENTATION,2022-09-08,-0.002684498386152995,1.2609428958674893,0.0437946053449475,220,-0.11832330922825667,0.09623277601209526,9,-0.11604322531645735,2,-0.001673857362493661,9,-0.07386462709368881,3
0000950170-22-023851,ERAS,"Erasca, Inc.",EARNINGS,2022-11-10,-0.001714483137163254,1.1942317445060722,0.046785700997357856,220,0.10225387082686521,-0.023689250652680238,9,0.1719993085475739,2,-0.1704273414113394,9,0.14988454130968382,3
0001193125-22-301402,ERAS,"Erasca, Inc.",PRESENTATION,2022-12-09,-0.0008043756102811477,1.1882735244979747,0.044826271126681805,220,-0.21330143114575545,0.03889149301706611,9,-0.36167083001359995,2,-0.13191873791029035,9,-0.3258894258474627,3
0001193125-22-301902,ERAS,"Erasca, Inc.",OTHER,2022-12-12,-0.0009299620381218002,1.1921300465550477,0.04481543696681934,220,-0.1482994124947808,0.0747881397234258,9,-0.15639354580155249,2,-0.16814482322331267,9,-0.36954058222324043,3
0001193125-23-004264,ERAS,"Erasca, Inc.",PRESENTATION,2023-01-09,-0.0007483669001021026,1.340362308247024,0.04517322544838567,220,-0.07113106999648076,0.015850915936823987,9,-0.1006700828688262,2,0.03206431343276015,9,-0.12579311231958354,3
0001193125-23-028869,ERAS,"Erasca, Inc.",PRESENTATION,2023-02-09,-0.0028444833567435202,1.3308222825775868,0.04768020887993964,220,-0.003074751095652979,0.05321089750979616,9,-0.013488340891882123,2,-0.01359813229301235,9,-0.043597573289527014,3
0000950170-23-009478,ERAS,"Erasca, Inc.",EARNINGS,2023-03-24,-0.002056490523918341,1.3534616706586124,0.04745974290042522,220,0.011160681403270842,-0.02525877638848944,9,-0.0034477382785202144,2,-0.033483749568770045,9,-0.049723897605868005,3
0000950170-23-013370,ERAS,"Erasca, Inc.",CLINICAL,2023-04-19,-0.0025429881722782437,1.3225896372322608,0.04714309483751322,220,-0.04731688769080128,0.012503734629698726,9,-0.04985883327523334,2,0.03561292615281286,9,-0.08204940283561422,3
0000950170-23-022194,ERAS,"Erasca, Inc.",EARNINGS,2023-05-16,-0.002254163434487344,1.3773320712281316,0.04604771521431829,220,-0.029082090153299087,0.055398159064591834,9,-0.029462695655634585,2,-0.04240399413440185,9,-0.0006014817583730268,3
0000950170-23-024292,ERAS,"Erasca, Inc.",CLINICAL,2023-05-26,-0.0017208855431897643,1.4000080100725079,0.046703088552194204,220,-0.06708596164860017,0.020702866808428907,9,-0.1335137185017135,2,0.09838930023424794,9,-0.15724993017404354,3
0000950170-23-026427,ERAS,"Erasca, Inc.",PRESENTATION,2023-06-06,-0.002069862002354952,1.484801015020568,0.04561950986627022,220,-0.08298119175757314,0.040432227344714675,9,-0.1516850038945452,2,0.024148488962609932,9,-0.004901607732137783,3
0000950170-23-041299,ERAS,"Erasca, Inc.",EARNINGS,2023-08-11,-0.0044353575573773465,1.4438039715245914,0.04625306320411882,220,0.12450806576876204,0.12141983862912603,9,0.024753757071986238,2,0.06559953581491622,9,0.017263737179527075,3
0000950170-23-045056,ERAS,"Erasca, Inc.",OTHER,2023-08-30,-0.005192238473632293,1.5019371679496243,0.04355724711278432,220,0.012598233327057288,0.08257394861234789,9,0.012325624825360865,2,0.05200691828912526,9,-0.02510474008819103,3
0000950170-23-062003,ERAS,"Erasca, Inc.",EARNINGS,2023-11-10,-0.005840352352336673,1.331744544341024,0.040933127212109295,220,-0.014941434031410274,0.010146623362465981,9,-0.042657334945555146,2,0.166110696136445,9,-0.11279469082092679,3
0000950170-23-066250,ERAS,"Erasca, Inc.",INVALID:I cannot provide a classification withou,2023-11-28,-0.004493640903143955,1.3261162624529252,0.042234258452863965,220,-0.110658502111876,0.156847970635343,9,-0.2034690131719913,2,0.11055744489273733,9,-0.23521356045057182,3
0000950170-23-069212,ERAS,"Erasca, Inc.",REGULATORY,2023-12-11,-0.003957798806905376,1.2027696605560503,0.03990013186633391,220,-0.016763176685158834,-0.1852282193528794,9,0.046918545514980245,2,0.1128902923801858,9,0.056516305766558236,3
0000950170-24-003199,ERAS,"Erasca, Inc.",PRESENTATION,2024-01-09,-0.002886681741037707,1.6348332904021707,0.039940961674493,220,-0.017781302398174784,0.0947233131967023,9,-0.033619028001804774,2,-0.2111113573535053,9,0.0047524999341377085,3
0000950170-24-037161,ERAS,"Erasca, Inc.",EARNINGS,2024-03-28,-0.003439374234983587,1.7549108499029444,0.04213280737453755,220,0.0037750511362282207,-0.09308309393724411,9,0.05881087456300741,2,0.05222758806469334,9,0.08790621654695566,3
0001193125-24-080630,ERAS,"Erasca, Inc.",OTHER,2024-04-01,-0.003237777055862567,1.7819489859198259,0.04212156516115787,220,0.05488125941893634,-0.010164124252431676,9,0.06481928378086091,2,0.014488029222414212,9,0.06839790955493766,3
0000950170-24-055644,ERAS,"Erasca, Inc.",EARNINGS,2024-05-09,-0.0026932420706325395,1.5386028439524688,0.04440982714591288,220,-0.09454418883569433,0.1413508581832538,9,-0.14995501104776093,2,0.36073690957700477,9,-0.1611719501796702,3
0001193125-24-140591,ERAS,"Erasca, Inc.",PRESENTATION,2024-05-17,-0.0018237963477319471,1.5648600136016162,0.04429061301027776,220,0.06443910878052886,-0.1804891160448496,9,0.20151592785069655,2,0.17070735595021275,9,0.18539545562460483,3
0000950170-24-076474,ERAS,"Erasca, Inc.",OTHER,2024-06-24,-0.0017907933602780912,1.9490047922659304,0.04115777871273514,220,0.031823274329968065,-0.17236236824283552,9,-0.010928405704447412,2,0.262337189841657,9,0.03288406858034607,3
0000950170-24-095408,ERAS,"Erasca, Inc.",EARNINGS,2024-08-13,-0.0013184774908600546,1.8847373671414802,0.043285667192861164,220,-0.025815735153390935,-0.24029122408349937,9,-0.03428934031063198,2,0.005717600929076902,9,0.045205253693980985,3
0000950170-24-116856,ERAS,"Erasca, Inc.",CLINICAL,2024-10-24,0.00012302132013962885,1.8565405657872363,0.044684293222826535,220,-0.004138352077822344,0.011726069490322556,9,0.019635569910391733,2,0.11885627719270721,9,0.00276871572086956,3
0000950170-24-125337,ERAS,"Erasca, Inc.",EARNINGS,2024-11-13,-5.845919047679305e-06,1.604442893819719,0.0443809705816789,220,-0.04759631962862696,0.06585005410221792,9,-0.05130898307434811,2,0.029079208435318596,9,-0.0849043713566094,3
0000950170-25-004613,ERAS,"Erasca, Inc.",PRESENTATION,2025-01-13,0.0006795687768674527,1.685182468083053,0.04224983631529613,220,-0.09420182174497947,0.09892063823066553,9,-0.20185116230055894,2,-0.08148690698126129,9,-0.3168021481445926,3
0000950170-25-042659,ERAS,"Erasca, Inc.",EARNINGS,2025-03-21,-0.0010326722576268009,1.8096642073959517,0.04145479866786529,220,0.034219429724709774,0.07631211298177808,9,-0.023300013716210974,2,0.0009583049160208218,9,-0.017034534907476945,3
0000950170-25-070336,ERAS,"Erasca, Inc.",EARNINGS,2025-05-14,-0.0011647850337225727,1.6149301826766622,0.04257039452473848,220,-0.04601171544111859,-0.0757579175493551,9,-0.052734880831903835,2,0.1957075531502347,9,-0.10540046831653065,3
0001193125-25-178950,ERAS,"Erasca, Inc.",EARNINGS,2025-08-13,-0.003064250984168342,1.452124009162753,0.04916536031749133,220,0.03655487795756594,-0.010194984438457733,9,0.008619893696780293,2,0.036664570861412296,9,0.05027886071156397,3
0001193125-25-277571,ERAS,"Erasca, Inc.",EARNINGS,2025-11-13,-0.000791347896249789,1.3911316189302705,0.05251128204610386,220,-0.017633827134360357,0.019086768880923782,9,-0.0008665612583632805,2,0.19887270941141594,9,0.12203234607785643,3
0001618835-19-000003,EVFM,"Evofem Biosciences, Inc.",CLINICAL,2019-01-03,-0.004373775821170989,-0.027719763426149475,0.05644821026970293,220,-0.052914203323999646,0.09738769315642035,9,-0.05399762561539414,2,0.04942011033596175,9,-0.059141555304056535,3
0001618835-19-000005,EVFM,"Evofem Biosciences, Inc.",PRESENTATION,2019-01-07,-0.003874726395736153,-0.037538940265406384,0.0565022315230256,220,0.009312099811842021,0.16383316364423628,9,0.033999869852648724,2,0.002216626943759077,9,0.032746300125808606,3
0001618835-19-000027,EVFM,"Evofem Biosciences, Inc.",EARNINGS,2019-03-01,-0.0010772108513980602,-0.14477006486923097,0.05950196775203695,220,-0.11850078001249562,0.13174592495579848,9,-0.21658034819516847,2,0.1451401642984325,9,-0.20357765215966417,3
0001618835-19-000058,EVFM,"Evofem Biosciences, Inc.",OTHER,2019-04-12,-0.0006852055921513059,0.27022580333252333,0.05680411612385184,220,0.0013017854229888121,0.00684610159206029,9,0.007042014673312241,2,-0.04028408708694881,9,0.1566787578760732,3
0001618835-19-000085,EVFM,"Evofem Biosciences, Inc.",EARNINGS,2019-05-07,-0.0019041983942777031,0.1700331252850907,0.05528579088186336,220,0.06175082592742684,-0.011220447758271163,9,0.31108222836109434,2,-0.005941892307431959,9,0.34051544570818604,3
0001618835-19-000114,EVFM,"Evofem Biosciences, Inc.",OTHER,2019-06-11,0.001553179309170531,0.2177291924757109,0.05387375704544783,220,-0.018795982705102417,0.13363769437958173,9,0.021635153394198893,2,-0.08738008899530242,9,0.04159080536385694,3
0001618835-19-000144,EVFM,"Evofem Biosciences, Inc.",EARNINGS,2019-08-06,0.007041941909570553,0.06960782004905783,0.05862340114087663,220,-0.05414350416922353,0.03280340628079753,9,-0.12505634488110137,2,-0.07076317801553988,9,-0.1373309765537506,3
0001618835-19-000160,EVFM,"Evofem Biosciences, Inc.",PRESENTATION,2019-09-04,0.0024572097563297798,-0.005196994187293174,0.05666772082419205,220,-0.011606324276266932,0.056443482926882296,9,-0.019572930848934043,2,0.020970614544157034,9,0.01025886274580827,3
0001618835-19-000167,EVFM,"Evofem Biosciences, Inc.",EARNINGS,2019-11-07,0.0031433675955963854,0.06066709308740144,0.05307892501650614,220,-0.005317535154372146,-0.012980552459130993,9,0.001212690117279639,2,0.14686086371134313,9,0.0059606331614825,3
0001618835-19-000192,EVFM,"Evofem Biosciences, Inc.",REGULATORY,2019-11-26,0.0030372568854994935,0.01810977716380184,0.05246700384615044,220,-0.014332309300310382,0.08413528236248938,9,-0.02720638244566302,2,0.02911331273386433,9,0.03834452541828989,3
0001618835-19-000208,EVFM,"Evofem Biosciences, Inc.",CLINICAL,2019-12-02,0.0029711844202676817,0.01819157897416653,0.05244791561454072,220,0.11993293794632047,0.09783934374548633,9,0.15790008088837176,2,-0.22182050658287708,9,0.1582804358669386,3
0001618835-20-000007,EVFM,"Evofem Biosciences, Inc.",PRESENTATION,2020-01-13,0.003217151285110478,0.22858408272624658,0.047994919813018955,220,0.052502449735514135,-0.14157875085068278,9,0.04142361452743547,2,-0.16401309126152805,9,0.04234861376873858,3
0001618835-20-000045,EVFM,"Evofem Biosciences, Inc.",EARNINGS,2020-03-12,0.0027358771045022843,0.10190958743119728,0.04814358058221985,220,-0.22360560703365404,-0.14294452495004523,9,-0.19223217005508017,2,0.18148093961080475,9,-0.2090115402449481,3
0001618835-20-000057,EVFM,"Evofem Biosciences, Inc.",OTHER,2020-03-26,0.002762576457146234,0.19726341799044142,0.04849023756615678,220,0.0879920316267462,-0.11004429465645835,9,0.04986791091487359,2,0.0772263274823116,9,0.06267076329049365,3
0001618835-20-000081,EVFM,"Evofem Biosciences, Inc.",OTHER,2020-04-27,0.0019843593989331563,0.9633335583792882,0.049852421532915206,220,-0.056464723440838534,0.05887461574293772,9,-0.12901913336241438,2,0.01935592639588759,9,-0.18001804413772843,3
0001618835-20-000084,EVFM,"Evofem Biosciences, Inc.",OTHER,2020-04-28,0.0019655952014106465,0.8932581571345999,0.04984397198843351,220,-0.07285789182917375,-0.01982557785549703,9,-0.1106816736124562,2,0.06900539066610134,9,-0.1661172409916924,3
0001618835-20-000103,EVFM,"Evofem Biosciences, Inc.",EARNINGS,2020-05-06,0.0007652957524959537,1.11525516862375,0.0478913921553974,220,0.032234761744306305,-0.09820883159182558,9,-0.025881277839943928,2,-0.04753409127142873,9,-0.05896022670030365,3
0001618835-20-000149,EVFM,"Evofem Biosciences, Inc.",REGULATORY,2020-05-26,0.0005666994858844396,1.1215164774353037,0.042226066767519825,220,0.1459360809249959,-0.04981794657254379,9,0.15286176517009253,2,-0.5791074223375325,9,0.1832918685298788,3
0001618835-20-000169,EVFM,"Evofem Biosciences, Inc.",PRESENTATION,2020-06-03,0.0004716676633882038,1.0710287464509785,0.04215238356592303,220,-0.2808197468805078,-0.009999675863441373,9,-0.3164897734038643,2,-0.11576867015889451,9,-0.4048808600765296,3
0001618835-20-000178,EVFM,"Evofem Biosciences, Inc.",OTHER,2020-06-04,0.000407998839880874,1.0616886136746349,0.042107814400939025,220,-0.0356308920007684,-0.08980562458809996,9,-0.05717057736339194,2,-0.09444084471235392,9,-0.33780235337484443,3
0001618835-20-000214,EVFM,"Evofem Biosciences, Inc.",EARNINGS,2020-08-04,-0.001993967734893735,1.0047192449705744,0.045552608152320866,220,-0.05813689145590243,0.01397677564508918,9,-0.05576072518813984,2,0.10015468079049575,9,0.009482209106085361,3
0001618835-20-000222,EVFM,"Evofem Biosciences, Inc.",PRESENTATION,2020-09-14,-0.001963164649194659,1.0086562439716027,0.045499407980637556,220,0.10772554775990092,-0.03461250152774949,9,0.032251845385792205,2,0.0697799452486758,9,-0.19423962264574324,3
0001618835-20-000226,EVFM,"Evofem Biosciences, Inc.",OTHER,2020-10-15,-0.0016703057574225227,1.000036671340128,0.046654735353274336,220,0.04276131943153743,0.18508451071233883,9,0.0415515071534107,2,-0.06722208395372453,9,-0.0020407870604259464,3
0001618835-20-000241,EVFM,"Evofem Biosciences, Inc.",EARNINGS,2020-11-10,-0.0030158898138536033,1.0244028204754383,0.05140132346805618,220,0.01306514167245439,-0.019057542359823737,9,-0.02542709692702166,2,0.04609176765056455,9,-0.0801813763804373,3
0001618835-20-000244,EVFM,"Evofem Biosciences, Inc.",PRESENTATION,2020-11-19,-0.0026076478099390414,1.028030709606711,0.051483381597584345,220,0.057370081331566083,-0.1588066755737826,9,0.06701770568020343,2,-0.06390448545986646,9,0.10525349863313711,3
0001618835-20-000250,EVFM,"Evofem Biosciences, Inc.",PRESENTATION,2020-12-02,-0.0030961179306015205,1.0441280533913833,0.05022166428260493,220,0.010116346692426805,0.05110455740129637,9,0.018063084549415225,2,-0.04263442498092102,9,-0.021511016369549416,3
0001618835-21-000018,EVFM,"Evofem Biosciences, Inc.",PRESENTATION,2021-02-05,-0.002898797341041892,1.016421140893269,0.04895889752002974,220,-0.018493006472932373,0.1907034738100153,9,0.0832600900073655,2,0.23542938139373273,9,0.13614506470119192,3
0001618835-21-000022,EVFM,"Evofem Biosciences, Inc.",PRESENTATION,2021-02-22,-0.0035765901548910637,0.9918974998416107,0.04895236620369672,220,-0.027755085908598952,0.3739437001607917,9,-0.10421190881871864,2,-0.5000198058895838,9,-0.1241998840190832,3
0001618835-21-000039,EVFM,"Evofem Biosciences, Inc.",EARNINGS,2021-03-05,-0.0036670501655749078,1.0515103471586043,0.04879536848418694,220,-0.3184295196547717,-0.20659215731168395,9,-0.3402291495466797,2,0.22117922117946764,9,-0.4152163361252776,3
0001618835-21-000049,EVFM,"Evofem Biosciences, Inc.",OTHER,2021-03-08,-0.003248156465528832,1.0179524450148434,0.04879129332665232,220,-0.02238559575867623,-0.26669443527124875,9,-0.006521894336613043,2,0.20492321980325637,9,-0.32475295444242347,3
0001618835-21-000075,EVFM,"Evofem Biosciences, Inc.",OTHER,2021-03-26,-0.00134225162897318,0.6109547906895405,0.04763099915796036,220,0.08506388584069952,-0.18115668637554713,9,0.022543581840204704,2,-0.03105969214581967,9,-0.24564547568257222,3
0001618835-21-000091,EVFM,"Evofem Biosciences, Inc.",PRESENTATION,2021-04-08,-0.000765642708824854,0.5979630614916133,0.05054629462237966,220,0.009421505941349695,-0.2949528248093491,9,0.00015812647523826343,2,-0.1241808955844304,9,-0.04372437683331814,3
0001618835-21-000098,EVFM,"Evofem Biosciences, Inc.",EARNINGS,2021-05-07,-0.0030978953117802082,0.915379944692156,0.05601434297090423,220,-0.0035642840980746656,-0.13727999476277616,9,0.0004013349582488255,2,-0.2566539499979706,9,-0.058074186908109095,3
0001618835-21-000127,EVFM,"Evofem Biosciences, Inc.",OTHER,2021-05-20,-0.004363657719926976,1.0571440650681951,0.05997347584178229,220,-0.01049760732843978,-0.2980528706944075,9,-0.02860548563719429,2,0.0567200713703328,9,-0.001304129099515848,3
0001618835-21-000142,EVFM,"Evofem Biosciences, Inc.",PRESENTATION,2021-06-04,-0.0032539238561258834,1.1826797974268035,0.05602162538219981,220,-0.02572403130811043,0.051541723082328156,9,0.16942896546058192,2,0.14142580485149892,9,0.1559611644318009,3
0001618835-21-000174,EVFM,"Evofem Biosciences, Inc.",EARNINGS,2021-08-12,-0.0035944814639106235,1.2288334310864615,0.06313240523317315,220,-0.09819700519785393,-0.014910185600465153,9,-0.16499084159559624,2,0.1569876967109448,9,-0.16680819225820662,3
0001618835-21-000190,EVFM,"Evofem Biosciences, Inc.",PRESENTATION,2021-09-10,-0.0036237105746809543,1.2560319838210432,0.06074352087701324,220,-0.013595786119651405,0.047224719529999265,9,-0.00833805550592774,2,-0.02410249253732376,9,0.013804017774568139,3
0001618835-21-000209,EVFM,"Evofem Biosciences, Inc.",PRESENTATION,2021-10-06,-0.0059615974192283264,1.1904834010943397,0.05994980949149132,220,-0.000344634638275494,0.08158396339055764,9,0.004847946954159314,2,-0.016426248338963577,9,-0.04449045045115892,3
0001618835-21-000212,EVFM,"Evofem Biosciences, Inc.",OTHER,2021-10-12,-0.005365038626103769,1.2223939217320956,0.06090658385110966,220,0.001829599611427507,-0.0060978576530557015,9,-0.00906072419199671,2,-0.07602076159692739,9,0.04319741209678634,3
0001618835-21-000215,EVFM,"Evofem Biosciences, Inc.",OTHER,2021-10-13,-0.005246907718608542,1.199986859831199,0.06086370842710585,220,-0.010927843604915515,0.06692427111306443,9,-0.06986534355697704,2,-0.023675930010661084,9,-0.0682090324198653,3
0001618835-21-000218,EVFM,"Evofem Biosciences, Inc.",EARNINGS,2021-10-20,-0.004286169117496121,1.18710272413904,0.06129245142646347,220,0.008074289788384991,-0.03872726373714069,9,-0.0005121345806292955,2,-0.024266560722223066,9,0.00028128501797070396,3
0001618835-21-000239,EVFM,"Evofem Biosciences, Inc.",EARNINGS,2021-11-16,-0.0037002497075864157,1.2284037891205637,0.061746269087577785,220,-0.15755255536154905,-0.02002619170930134,9,-0.1900840981723386,2,-0.16127859783354895,9,-0.19426708506097157,3
0001618835-21-000248,EVFM,"Evofem Biosciences, Inc.",OTHER,2021-11-22,-0.004562553493018871,1.2174769082594725,0.06162164142992378,220,0.05364221966571044,-0.26644033913657145,9,-0.0037005877416537505,2,-0.05098927509502585,9,-0.03862730160804627,3
0001618835-21-000252,EVFM,"Evofem Biosciences, Inc.",OTHER,2021-12-08,-0.004301622922086258,1.1529457448831555,0.06176491723515183,220,0.037834152907935036,-0.14251267867334627,9,0.1793317104889479,2,-0.09620859239761981,9,0.21106677374697197,3
0001618835-21-000258,EVFM,"Evofem Biosciences, Inc.",OTHER,2021-12-09,-0.004299959223777556,1.1529452018751192,0.061764923516915204,220,0.14149589021655867,-0.053274414476182724,9,0.08285921419958603,2,0.06581965908755721,9,0.12069170484702019,3
0001618835-22-000012,EVFM,"Evofem Biosciences, Inc.",EARNINGS,2022-01-19,-0.007959423488725139,1.2166550209192504,0.06202820316903855,220,0.24981172811743865,0.12241091593838921,9,0.15238461103091278,2,0.09108057805139222,9,0.15018329105114392,3
0001618835-22-000016,EVFM,"Evofem Biosciences, Inc.",PRESENTATION,2022-02-16,-0.00999138566245368,1.0226179929092638,0.06130156502823565,220,0.08576843694744025,0.01692479477892027,9,0.152236436388923,2,0.12465292192737257,9,0.21025235335976622,3
0001618835-22-000040,EVFM,"Evofem Biosciences, Inc.",EARNINGS,2022-03-04,-0.005994912294071803,1.2108435943203524,0.05999591628112529,220,-0.08620805693561615,0.22424421096324565,9,-0.1581548019886821,2,0.02321961870219992,9,-0.22680738956512858,3
0001618835-22-000088,EVFM,"Evofem Biosciences, Inc.",OTHER,2022-04-07,-0.004453017356266837,1.007484592039048,0.055142850151049,220,-0.09602998200040921,-0.2896756843894768,9,-0.0849766082351311,2,-0.16460686881496012,9,-0.08781077476355986,3
0001618835-22-000095,EVFM,"Evofem Biosciences, Inc.",EARNINGS,2022-05-05,-0.003814752050092793,1.2466703812957787,0.0550947363436918,220,-0.285208342334939,-0.14263394868116583,9,-0.4254674351136618,2,-0.10171274829386062,9,-0.4596175952500251,3
0001618835-22-000112,EVFM,"Evofem Biosciences, Inc.",PRESENTATION,2022-05-12,-0.0046313355771388405,1.2847009338859459,0.05508670316257727,220,0.1368131177940708,-0.7054145445503189,9,0.0528786874862589,2,-0.7698063983082942,9,0.03327658487575216,3
0001618835-22-000125,EVFM,"Evofem Biosciences, Inc.",OTHER,2022-05-23,-0.004331073813269153,1.1573156629873917,0.051528336596021615,220,-0.007445749786580212,-0.10177059147627182,9,-0.11163970554546321,2,-0.01223105182073782,9,-0.7396320099793438,3
0001618835-22-000128,EVFM,"Evofem Biosciences, Inc.",PRESENTATION,2022-05-26,-0.004760077745010639,1.16346324066492,0.051323924734868236,220,-0.05459845233654008,-0.6485905629093488,9,-0.07263678802597275,2,0.13152154726107723,9,-0.0809257626240557,3
0001618835-22-000138,EVFM,"Evofem Biosciences, Inc.",OTHER,2022-06-15,-0.00772997890507911,1.0203685449336033,0.047462550250142135,220,-0.061303933853084705,0.05603752683835478,9,-0.04692224916679827,2,2.255853667101924,9,-0.04564167118603747,3
0001618835-22-000151,EVFM,"Evofem Biosciences, Inc.",EARNINGS,2022-08-05,-0.01229517039294779,1.2648743516619554,0.07022158764287073,220,0.06454423005580151,-0.05332648181483399,9,-0.07333573949577116,2,-0.4811603699215337,9,-0.028001942267964416,3
0001618835-22-000172,EVFM,"Evofem Biosciences, Inc.",OTHER,2022-09-16,-0.004067783908085733,1.0438279639829118,0.15070590802613532,220,-0.1298831967095128,-0.08387732280360538,9,-0.27621810403738595,2,-0.12054376601657638,9,-0.2701031408134226,3
0001618835-22-000189,EVFM,"Evofem Biosciences, Inc.",PRESENTATION,2022-10-06,-0.006966011824412223,0.9667778844692263,0.15312910261898782,220,0.01693919738523751,0.01884048184759682,9,-0.002068657273637829,2,-0.46889722769858083,9,0.007148205702908184,3
0001618835-22-000196,EVFM,"Evofem Biosciences, Inc.",CLINICAL,2022-10-12,-0.0068802222301490735,1.0111729140803827,0.15319932767415534,220,-0.39832102786279805,0.053341307865029344,9,-0.4696730758357113,2,0.43968891375072544,9,-0.5029008274085742,3
0001618835-22-000212,EVFM,"Evofem Biosciences, Inc.",OTHER,2022-12-30,-0.009256394399996933,0.8025186133134141,0.15880589100791323,220,0.011370231256111356,0.024376446031232943,9,0.11775497149580638,2,-0.0006566787188421498,9,0.09718126586971715,3
0001618835-23-000003,EVFM,"Evofem Biosciences, Inc.",OTHER,2023-01-09,-0.00987041595260795,0.7722333880314798,0.15867671856414503,220,-0.13461935208224768,0.04928560464052176,9,-0.0284695265164302,2,-0.06806479804959169,9,-0.09110270791213326,3
0001618835-23-000004,EVFM,"Evofem Biosciences, Inc.",OTHER,2023-01-10,-0.009496529495094419,0.7828329077218436,0.1587779228715896,220,0.10570160697042309,0.03911376035010586,9,0.18222000585205794,2,-0.1211508515204293,9,0.0472327760302519,3
0001618835-23-000005,EVFM,"Evofem Biosciences, Inc.",OTHER,2023-01-12,-0.010589632230450176,0.7727878743066346,0.15869123560642132,220,-0.049366746813669565,0.030111985234265712,9,-0.04177503082324818,2,-0.29631841242985735,9,0.035963519566953664,3
0001618835-23-000012,EVFM,"Evofem Biosciences, Inc.",OTHER,2023-02-24,-0.011786702198168963,0.6985117169109605,0.15960616626833213,220,-0.12709310637927942,0.005021010783769299,9,-0.23197098381460005,2,-0.2729396418189311,9,-0.24770946109721742,3
0001618835-23-000014,EVFM,"Evofem Biosciences, Inc.",OTHER,2023-03-10,-0.011601389095899728,0.6233145393684466,0.15951649598800038,220,-0.10983945703353658,-0.24441279609802094,9,-0.09734960128768047,2,0.7323780235370184,9,-0.25281941685756254,3
0001618835-23-000015,EVFM,"Evofem Biosciences, Inc.",OTHER,2023-03-13,-0.011791583772144825,0.6116175268071183,0.15954872530628614,220,0.012663377611010685,-0.27022678207942347,9,-0.13565511039333597,2,0.8134199699720539,9,-0.24547315140302384,3
0001618835-23-000016,EVFM,"Evofem Biosciences, Inc.",OTHER,2023-03-14,-0.012433152554472828,0.5992137910255285,0.15996987659443163,220,-0.14747188477883788,-0.27006078450477145,9,-0.24893817075662367,2,0.8476857900115905,9,-0.23565090453097043,3
0001618835-23-000018,EVFM,"Evofem Biosciences, Inc.",OTHER,2023-03-21,-0.012184227525660948,0.50676838693313,0.16051987202218976,220,1.0055301449858745,-0.512747744137986,9,1.3477815339443615,2,-0.4026631081607116,9,1.355092876093602,3
0001493152-23-012220,EVFM,"Evofem Biosciences, Inc.",OTHER,2023-04-14,-0.012132858758459953,0.44418876241751415,0.16124654558885035,220,0.21321791950303948,0.03685913202181562,9,0.3487568489666504,2,-0.15432616278555772,9,0.3549896471411424,3
0001493152-23-014059,EVFM,"Evofem Biosciences, Inc.",EARNINGS,2023-04-28,-0.01354958617308862,0.4341492410605007,0.16228048445318866,220,-0.03777503086952953,0.19294671378226672,9,-0.07378700608476176,2,0.059397675117961346,9,-0.018880495861878732,3
0001493152-23-015641,EVFM,"Evofem Biosciences, Inc.",REGULATORY,2023-05-08,-0.005657994914487296,0.37772735929449236,0.17595656730358103,220,-0.09970577995538374,-0.19501155282275265,9,-0.09239132053597694,2,-0.5236443865138055,9,-0.1889641684126109,3
0001493152-23-017984,EVFM,"Evofem Biosciences, Inc.",OTHER,2023-05-18,-0.006498744608569887,0.1927999973634092,0.17668130273194682,220,-0.3286918835591308,-0.12644411303769887,9,-0.44191259541263894,2,-0.027296764717686786,9,-0.5002542377811771,3
0001493152-23-019752,EVFM,"Evofem Biosciences, Inc.",EARNINGS,2023-06-01,-0.001416152294653631,0.19814446240515493,0.17260108869842636,220,-0.03946637063154163,-0.611360196338679,9,-0.0003329293043336859,2,0.010470397210064866,9,0.022590069884534065,3
0001493152-23-021642,EVFM,"Evofem Biosciences, Inc.",EARNINGS,2023-06-20,-0.0025169677790092527,0.2233067255516853,0.1729188656307994,220,0.07367560081467825,0.019524745533817594,9,0.011916116987493043,2,-0.12744258446024465,9,0.015193676004082703,3
0001493152-23-028670,EVFM,"Evofem Biosciences, Inc.",EARNINGS,2023-08-15,-0.013490780964269476,0.46470214504487906,0.11388733984171658,220,-0.11623114737975682,-0.18799287551378813,9,-0.22433028540607733,2,-0.09235381729027098,9,-0.15626175533262332,3
0001493152-23-030365,EVFM,"Evofem Biosciences, Inc.",NO_TEXT,2023-08-29,-0.013706693309289402,0.32597369859870173,0.11553668848559415,220,-0.038624158108157225,-0.33693644868171585,9,-0.026260085233887176,2,-0.05068162025200509,9,0.03537943802994657,3
0001493152-23-033841,EVFM,"Evofem Biosciences, Inc.",OTHER,2023-09-27,-0.01250998608562868,0.2860780669119589,0.11832912848261723,220,0.012395804028073708,-0.04161072561916048,9,0.09467584886898366,2,-0.2584520496209284,9,0.11138865956276028,3
0001493152-23-038044,EVFM,"Evofem Biosciences, Inc.",EARNINGS,2023-10-24,-0.012709666103187085,0.6550113310988529,0.12100437832603404,220,0.22205704951783106,-0.3196638728490942,9,0.19710868589025402,2,-0.06403771926869878,9,0.09702964743427994,3
0001493152-23-040762,EVFM,"Evofem Biosciences, Inc.",EARNINGS,2023-11-14,-0.012955212027010785,0.7782069246688025,0.11820517519528034,220,-0.002142659176022339,-0.06064296341060604,9,0.009165076679079455,2,0.08556748913052276,9,0.09978529322724579,3
0001493152-23-044597,EVFM,"Evofem Biosciences, Inc.",OTHER,2023-12-13,-0.015849950820253107,1.1135664499174744,0.11922152461385689,220,-0.26266408350278975,0.20962862568968993,9,-0.03610225241433265,2,-0.016893761456030637,9,0.3318044856543031,3
0001493152-24-004575,EVFM,"Evofem Biosciences, Inc.",EARNINGS,2024-02-01,-0.015006946202599684,1.3696419373879158,0.12336926803118477,220,0.07115519985561536,-0.02686420584571167,9,0.10622610642654577,2,0.24546857764203825,9,-0.062300518521237205,3
0001493152-24-009063,EVFM,"Evofem Biosciences, Inc.",OTHER,2024-03-07,-0.015516175582890713,1.6526034168780133,0.1257929446239784,220,0.7991119785402224,-0.37348719122344487,9,0.5652881310989184,2,0.08906935858857042,9,0.5099300811819507,3
0001493152-24-011402,EVFM,"Evofem Biosciences, Inc.",EARNINGS,2024-03-27,-0.015685753532825072,1.3375437994355153,0.10495034787883026,220,0.44888975254140473,0.09254179487008812,9,0.3879082616431705,2,-0.2241385810081354,9,0.3534329122074091,3
0001493152-24-011787,EVFM,"Evofem Biosciences, Inc.",NO_TEXT,2024-04-01,-0.015859760328241723,1.4302577862166161,0.10532315924193726,220,-0.1483189811386062,0.4706403153222991,9,-0.0733654393104706,2,-0.14144548890013495,9,-0.13415518921112832,3
0001493152-24-019433,EVFM,"Evofem Biosciences, Inc.",EARNINGS,2024-05-15,-0.01628067001690488,2.5095563217083647,0.12288799720559135,220,0.05187125472094692,0.0131201100821196,9,0.13581539721004862,2,0.08099606138266183,9,0.29442807096612544,3
0001564590-19-000184,FATE,FATE THERAPEUTICS INC,REGULATORY,2019-01-07,0.00390726076465948,1.958898035106976,0.04763863618154943,220,0.1004037098875607,0.026958163104822394,9,0.11555451210146503,2,-0.22145389834226303,9,0.1699866185767017,3
0001564590-19-006257,FATE,FATE THERAPEUTICS INC,EARNINGS,2019-03-06,0.0020963659765629366,1.933143044986954,0.04542790008584574,220,-0.01097393039976318,0.09707751280675167,9,0.029215366694274277,2,0.021208097376265837,9,0.019253962760939044,3
0001564590-19-008253,FATE,FATE THERAPEUTICS INC,OTHER,2019-03-19,0.00217133556422017,1.9723504186222713,0.045313298530750924,220,-0.02225755795798315,0.10505722740944218,9,-0.0384809306763893,2,-0.0011607286541188352,9,-0.0659760300384118,3
0001564590-19-016519,FATE,FATE THERAPEUTICS INC,EARNINGS,2019-05-08,0.002534555096179519,1.9266746469713072,0.04473288961894654,220,-0.02694885548137355,0.036677490584254124,9,-0.021232295183956997,2,0.11971532638881364,9,-0.043518283435187786,3
0001564590-19-025146,FATE,FATE THERAPEUTICS INC,OTHER,2019-07-18,0.003582568492565599,2.027798731028916,0.042545860317889275,220,-0.00022458315302722326,0.037056726911880486,9,-0.042765059730801906,2,-0.014348173267938458,9,-0.041453204852260214,3
0001564590-19-029319,FATE,FATE THERAPEUTICS INC,EARNINGS,2019-08-07,0.0028974841493771605,1.986060571308882,0.041767306477490315,220,-0.06915620837697566,-0.06749482781659097,9,-0.07216491374581083,2,-0.01465826626574273,9,-0.07437092099136873,3
0001193125-19-244198,FATE,FATE THERAPEUTICS INC,OTHER,2019-09-13,0.0034278203319940857,1.9906521976919167,0.041531429303943414,220,0.025401364056737246,-0.0077113040810281655,9,0.03704538578340678,2,-0.15890697715187901,9,-0.024393100140627916,3
0001564590-19-040354,FATE,FATE THERAPEUTICS INC,EARNINGS,2019-11-06,0.0006537742722761089,1.8144579070853233,0.037467328037392424,220,-0.1487439584638607,-0.014705569687004127,9,-0.06840104775731186,2,-0.02575202128292005,9,-0.040249507258095285,3
0001564590-20-008139,FATE,FATE THERAPEUTICS INC,EARNINGS,2020-03-03,0.0013247453286118348,1.779502948745156,0.04494464885602584,220,-0.039376921363463914,0.2358098187575945,9,-0.027003900748005592,2,0.08530698066255005,9,-0.0434063089001201,3
0001564590-20-015011,FATE,FATE THERAPEUTICS INC,OTHER,2020-04-03,0.0018421571541182293,1.6824729736615203,0.045001852660183354,220,0.111228507224541,-0.25757127308446137,9,0.07746204178740176,2,0.09159993612461949,9,0.07934912500901954,3
0001564590-20-019242,FATE,FATE THERAPEUTICS INC,REGULATORY,2020-04-29,0.002532393195755461,1.460440245178054,0.04565688923405301,220,-0.005075760264332839,-0.0050417575901227155,9,-0.05052333337641992,2,0.030534789013373562,9,-0.12005879410937403,3
0001564590-20-021242,FATE,FATE THERAPEUTICS INC,OTHER,2020-05-06,0.004201501366872496,1.5460249516638325,0.04819312587349997,220,0.01811040650205803,-0.11175029748995094,9,-0.019984106077538394,2,0.030874781254154653,9,-0.05815336965274692,3
0001564590-20-024158,FATE,FATE THERAPEUTICS INC,EARNINGS,2020-05-12,0.002902691695023291,1.3830758438241568,0.048790467338763674,220,-0.02397873657606183,-0.09202145617314507,9,-0.04798570237308763,2,0.06802096765730062,9,-0.0033220352570784775,3
0001193125-20-164916,FATE,FATE THERAPEUTICS INC,OTHER,2020-06-10,0.0038305574819550636,1.403864050883405,0.04810981189616873,220,0.012255062704639576,-0.3174053825048355,9,-0.005824904422556777,2,0.05039687920729314,9,0.1565878627925129,3
0001564590-20-036776,FATE,FATE THERAPEUTICS INC,EARNINGS,2020-08-06,0.0033671861526712032,1.3381885842059154,0.050452389192015175,220,0.005349092106301374,-0.06694897414447089,9,0.013289411088476517,2,0.029907273478812217,9,0.008355092867306905,3
0001564590-20-040672,FATE,FATE THERAPEUTICS INC,OTHER,2020-08-20,0.0039510336345115644,1.3321619407769252,0.05063338696324909,220,-0.004507621512767682,0.030316833341033966,9,-0.018964890235242483,2,-0.16259527498116344,9,-0.007887717969839536,3
0001564590-20-051284,FATE,FATE THERAPEUTICS INC,EARNINGS,2020-11-06,0.004901963476893781,1.3196875375840513,0.04879410135120477,220,-0.03745305363183644,0.008744003470892409,9,-0.009020501279675668,2,-0.003884608129759548,9,-0.037652905149044125,3
0001564590-20-056247,FATE,FATE THERAPEUTICS INC,OTHER,2020-12-07,0.004334796036895986,1.3694151039653666,0.04054881899643235,220,0.3765023160809935,0.1255444531192765,9,0.4616305835790431,2,-0.0007228066710241298,9,0.451618332421279,3
0001193125-21-005180,FATE,FATE THERAPEUTICS INC,OTHER,2021-01-11,0.004459489285299961,1.3790323105995783,0.04058894881367492,220,-0.0321335902615387,0.09428615731068879,9,-0.03652715365009642,2,-0.27608016767187993,9,-0.056607394594873135,3
0001564590-21-008069,FATE,FATE THERAPEUTICS INC,EARNINGS,2021-02-25,0.005831786992522329,1.3917153716444515,0.05005477700632337,220,-0.06676588825953315,-0.1321175469724483,9,-0.025435812340220673,2,0.003350067504313728,9,-0.04880253664853944,3
0001564590-21-024017,FATE,FATE THERAPEUTICS INC,EARNINGS,2021-05-06,0.003967461299768756,1.6366483768243199,0.04808278858326765,220,-0.032217825582472215,-0.08123863855053623,9,-0.04888076192479797,2,0.007004684386201426,9,-0.07844475222426472,3
0001193125-21-235830,FATE,FATE THERAPEUTICS INC,OTHER,2021-08-04,0.0031060134045569686,1.9236918653109836,0.047988399732434246,220,0.03614604588360382,-0.04055773126536587,9,0.1352867210782321,2,-0.059624164480764255,9,0.09502174160364227,3
0001564590-21-040793,FATE,FATE THERAPEUTICS INC,EARNINGS,2021-08-05,0.00301589210611386,1.9193938938997879,0.04800585865031103,220,0.0992580145611815,-0.08232470146562683,9,0.09181445036286726,2,-0.11639296054211147,9,0.12802947674205847,3
0000950170-21-003055,FATE,FATE THERAPEUTICS INC,EARNINGS,2021-11-05,0.0009206716931282589,1.7385611308969562,0.051279727468416705,220,0.02272010127569754,-0.027773109429607028,9,0.010058037046034479,2,-0.08546190293980377,9,-0.011145502814028237,3
0001193125-21-356947,FATE,FATE THERAPEUTICS INC,CLINICAL,2021-12-15,-0.003124754484030281,1.89245279065674,0.043355383796069215,220,0.06325014500435765,-0.11504766299254233,9,0.027456975125740524,2,0.14993225202223692,9,0.06789761896860702,3
0000950170-22-002285,FATE,FATE THERAPEUTICS INC,EARNINGS,2022-03-01,-0.0038611022379922088,1.569615692667188,0.044175848141261825,220,0.024004100337073984,-0.027626246096471012,9,0.014969451060349113,2,-0.019504126485041268,9,0.01196755736381673,3
0000950170-22-007377,FATE,FATE THERAPEUTICS INC,EARNINGS,2022-05-05,-0.0028568127838863424,1.8494996431039339,0.04229551447259867,220,-0.045450328731348036,-0.08408780333648777,9,-0.1429920064270087,2,0.07020831280846526,9,-0.13009256916638778,3
0000950170-22-012381,FATE,FATE THERAPEUTICS INC,OTHER,2022-07-01,-0.004626650131555847,2.0661634737138614,0.04310023636952015,220,-0.002698407591367566,0.28629409781279075,9,0.1555442960628411,2,0.1013478088842602,9,0.172937556433607,3
0000950170-22-014223,FATE,FATE THERAPEUTICS INC,EARNINGS,2022-08-04,-0.004044545357479184,2.0754119418242984,0.04368148615666405,220,-0.0024775059940220587,-0.09067650817286171,9,0.03180266803880416,2,-0.12250100978841066,9,0.07451942073253516,3
0000950170-22-021834,FATE,FATE THERAPEUTICS INC,EARNINGS,2022-11-04,-0.0012997658531062033,2.1851350372711376,0.04285923499293185,220,-0.010099939441428098,0.010732348118618004,9,-0.03776664606496298,2,-0.05786749015092051,9,-0.043407620663670876,3
0000950170-22-022488,FATE,FATE THERAPEUTICS INC,OTHER,2022-11-07,-0.0011840935003703096,2.18008036301812,0.04286585672127818,220,-0.027734028362704798,0.04268300642352647,9,-0.04186943319412387,2,-0.04701855347568569,9,-0.05201229204761221,3
0001193125-23-002504,FATE,FATE THERAPEUTICS INC,OTHER,2023-01-06,-0.0015870856892705508,2.1497972359521365,0.03847955665072442,220,-0.6622581544066868,-0.12130374096220171,9,-0.41652778813973734,2,0.0033753471082708514,9,-0.40119527644200526,3
0000950170-23-005063,FATE,FATE THERAPEUTICS INC,EARNINGS,2023-03-01,-0.0051556300390980265,1.7989089175080222,0.06199289942657054,220,0.00715423014822961,0.0611184962356027,9,-0.001680893732398759,2,0.005282336764031649,9,0.028425885495980165,3
0000950170-23-017157,FATE,FATE THERAPEUTICS INC,EARNINGS,2023-05-04,-0.004717919345371202,1.669149841589025,0.06237416300794951,220,-0.007193545282293247,-0.00788562759095126,9,-0.11279264169250772,2,-0.1249605388268638,9,-0.029050391462177305,3
0000950170-23-026747,FATE,FATE THERAPEUTICS INC,PRESENTATION,2023-06-07,-0.003504543613042972,1.598852052766718,0.06198315950221563,220,-2.5189676455424775e-05,-0.009347922561368625,9,-0.037269806606636535,2,0.009269567150530178,9,0.032521005459376445,3
0000950170-23-039783,FATE,FATE THERAPEUTICS INC,EARNINGS,2023-08-09,-0.006356151219889519,1.4310822101843628,0.06187582622028474,220,-0.020903878472887223,-0.11017123319572729,9,-0.056238113361091795,2,-0.11464340579369744,9,-0.049292374359487176,3
0001193125-23-227749,FATE,FATE THERAPEUTICS INC,OTHER,2023-09-05,-0.006549750136405885,1.3789234231679661,0.06128197486776576,220,-0.023077816866398735,-0.08230068165397471,9,-0.047848787961100814,2,-0.0150739448465739,9,0.07565073618522389,3
0000950170-23-061077,FATE,FATE THERAPEUTICS INC,EARNINGS,2023-11-09,-0.008120351391752784,1.2084360366700633,0.06257242262182255,220,-0.06829218026092299,0.29086207810320364,9,-0.11189332265928767,2,0.18950015758327385,9,-0.09599986865132215,3
0000950170-24-020123,FATE,FATE THERAPEUTICS INC,EARNINGS,2024-02-27,-0.0026395059564670383,2.783703400431608,0.04665110585175024,220,0.07084941593272309,0.10264506053578458,9,0.03427268525825974,2,0.0569167588995668,9,0.045670737877196825,3
0001193125-24-072871,FATE,FATE THERAPEUTICS INC,OTHER,2024-03-21,-0.0014475933169253927,2.9943806658689582,0.050172900580279164,220,-0.008448393215671032,-0.15635245892239685,9,-0.11168718687580653,2,0.07934824654123113,9,-0.0765069176412435,3
0001193125-24-134840,FATE,FATE THERAPEUTICS INC,CLINICAL,2024-05-09,-0.0008070536148495388,3.070054717846663,0.05188483264387646,220,0.03717169283991863,-0.15452554646996808,9,0.08017853920235504,2,-0.1908752150572564,9,0.03429706192510412,3
0000950170-24-056852,FATE,FATE THERAPEUTICS INC,EARNINGS,2024-05-10,-0.0005939323980210828,3.0967724584100567,0.05196981489972302,220,0.04275931462962816,-0.11552191110623117,9,0.06009385975018726,2,-0.20404829399723162,9,0.09689848573866573,3
0001193125-24-189911,FATE,FATE THERAPEUTICS INC,OTHER,2024-08-01,-0.0017058095825477056,3.098954819542192,0.05142262358478174,220,-0.03883802231857065,0.2672902790693841,9,-0.03066422787376221,2,-0.3991101197195179,9,-0.04034478869689378,3
0000950170-24-096177,FATE,FATE THERAPEUTICS INC,EARNINGS,2024-08-14,-0.0011748859487193905,3.096168199850063,0.05214740129009371,220,-0.029550908897614404,-0.3542778891339609,9,-0.04474792688874285,2,0.024092412851589563,9,-0.09148768812412258,3
0000950170-24-125307,FATE,FATE THERAPEUTICS INC,EARNINGS,2024-11-13,0.0004058983497953199,2.379667284240604,0.05271216350531607,220,-0.08979717213347226,-0.11236830697333268,9,-0.11637653659443024,2,0.4335069500313313,9,-0.17970282244034516,3
0001193125-24-268003,FATE,FATE THERAPEUTICS INC,OTHER,2024-11-29,-0.00023209992616583536,2.3651566524146173,0.05179167804683846,220,-0.014460124821260911,0.2231156465611296,9,-0.08471396106843168,2,-0.44105157990897675,9,0.10552010268445777,3
0000950170-25-033507,FATE,FATE THERAPEUTICS INC,EARNINGS,2025-03-06,-0.007883815381296056,2.2073746985256237,0.05361860154837484,220,0.18992433342581788,-0.35965063480010473,9,0.15659017882451265,2,0.04768733741297024,9,0.09864402390123775,3
0000950170-25-070280,FATE,FATE THERAPEUTICS INC,EARNINGS,2025-05-14,-0.006716736975486869,2.096530243796174,0.05551816847900186,220,-0.03596238087572415,-0.103770607027223,9,0.012597429593814928,2,0.34557173636439176,9,-0.05995185651101729,3
0001193125-25-132301,FATE,FATE THERAPEUTICS INC,OTHER,2025-06-02,-0.0035621899060312616,0.9826525208350821,0.06285860885245784,220,0.07240707760513641,0.3168872668816648,9,0.1165195307656566,2,-0.03355727738937617,9,0.037847482482891374,3
0001193125-25-238989,FATE,FATE THERAPEUTICS INC,OTHER,2025-10-15,-0.0032064376945927084,0.9481564679905974,0.06655875406358591,220,0.01899704962247632,0.16275376192664787,9,0.0351965897741371,2,-0.13377204220792277,9,0.11869804105131648,3
0001193125-25-250674,FATE,FATE THERAPEUTICS INC,CLINICAL,2025-10-27,-0.0032944185961987847,0.9259445550064697,0.06654765142854496,220,-0.06823564053409396,-0.05388598373341131,9,-0.10611018720255311,2,-0.2591075238765806,9,-0.024856787400600204,3
0001193125-25-279091,FATE,FATE THERAPEUTICS INC,EARNINGS,2025-11-13,-0.0012922734366877236,0.9565780942204078,0.06718873399510303,220,-0.030911238231300587,-0.15042163606016046,9,-0.059765315306411645,2,0.17290982875413977,9,-0.1304337959085844,3
0001564590-19-042910,GOSS,"Gossamer Bio, Inc.",EARNINGS,2019-11-13,-0.00022565685983639828,1.0458580483367883,0.04394672810210032,162,-0.02686234312209994,0.13784256356842267,9,-0.02724319428541494,2,0.12001593213906074,9,-0.045881906316542286,3
0001564590-20-000961,GOSS,"Gossamer Bio, Inc.",PRESENTATION,2020-01-14,0.0016047520177957589,1.0845540021926248,0.04164679288965427,203,0.04940500971171056,-0.1211807786316177,9,0.07057068926042279,2,-0.10123377746430061,9,0.050891266884796865,3
0001564590-20-012321,GOSS,"Gossamer Bio, Inc.",EARNINGS,2020-03-24,-0.0010725861579218053,0.6689833698170954,0.04598039696997582,220,-0.001970003791902028,-0.0028547855142239675,9,-0.01292846483626037,2,0.0444359092371963,9,-0.0073830134380494065,3
0001564590-20-024672,GOSS,"Gossamer Bio, Inc.",EARNINGS,2020-05-13,-0.001695260220863313,0.8207709991621144,0.046894745565570384,220,-0.13518940919123204,0.19958021524977132,9,-0.10325743336814809,2,-0.16550509869092458,9,-0.09114760327954775,3
0001564590-20-026546,GOSS,"Gossamer Bio, Inc.",OTHER,2020-05-22,-0.0015452314617942738,0.8367059118604169,0.04695000390724294,220,0.009556518198765216,-0.10170933625290773,9,-0.01109291278673595,2,-0.012987905476639108,9,-0.017966760771310153,3
0001564590-20-039333,GOSS,"Gossamer Bio, Inc.",EARNINGS,2020-08-12,-0.0008458061208760927,0.9261671968629966,0.04719243404492764,220,0.058344296238538804,0.006668653148083317,9,0.08955613627218295,2,-0.11279444727372427,9,0.07966483762338508,3
0001564590-20-046250,GOSS,"Gossamer Bio, Inc.",CLINICAL,2020-10-13,-0.0005253043482986346,0.9316733859036254,0.043667754971309,220,-0.25093677591631297,0.04032254826991154,9,-0.3203749187935592,2,0.05508931459029481,9,-0.3052925659095795,3
0001728117-20-000008,GOSS,"Gossamer Bio, Inc.",EARNINGS,2020-11-11,-0.0017382566330276955,0.928615734442759,0.04403049782709387,220,-0.012719473028164022,-0.04977070052955436,9,-0.043322037325893153,2,0.007015654554612052,9,-0.041300778371397166,3
0001728117-21-000015,GOSS,"Gossamer Bio, Inc.",EARNINGS,2021-02-25,-0.0012113905001675958,1.006353899839085,0.04004212176055978,220,-0.0304704430179444,-0.03637956919662643,9,-0.06391022336883996,2,0.0821048767150087,9,-0.04603772821814903,3
0001728117-21-000054,GOSS,"Gossamer Bio, Inc.",EARNINGS,2021-05-06,-0.0034533617397321144,1.4867157844629482,0.036641114179730365,220,-0.010808371829523485,0.032577327439428296,9,-0.02296581368608905,2,0.16430819980969955,9,-0.028271232279339094,3
0001728117-21-000086,GOSS,"Gossamer Bio, Inc.",EARNINGS,2021-08-10,-0.003135234692468303,1.29014675395165,0.033824931665837915,220,-0.020000866265595364,0.11369535135842475,9,-0.0029564821256604507,2,0.17927240022703045,9,0.014561550204086036,3
0001728117-21-000094,GOSS,"Gossamer Bio, Inc.",OTHER,2021-10-12,-0.0010331199215791072,1.2006534591709843,0.028559651052926238,220,0.008469582806593608,-0.002351051732171771,9,-0.002995152479026304,2,-0.08949389385563726,9,0.07196493394643318,3
0001728117-21-000103,GOSS,"Gossamer Bio, Inc.",EARNINGS,2021-11-09,0.0007657033323454007,1.0940633840585,0.029508484863174332,220,-0.015876234262240413,0.00043114609539093504,9,-0.07654259284135814,2,-0.07109381167374679,9,-0.0737275825563045,3
0001728117-22-000018,GOSS,"Gossamer Bio, Inc.",EARNINGS,2022-03-04,0.00011630953050475036,1.2187890477874876,0.03060233823821976,220,0.07173304202269132,0.05253252311747732,9,0.12942066753575154,2,-0.1276769058730558,9,0.11161370738909515,3
0001728117-22-000046,GOSS,"Gossamer Bio, Inc.",EARNINGS,2022-05-11,2.5480595184820517e-05,1.0776314536072433,0.03136728480342476,220,0.024077593241016153,-0.12535582208088358,9,0.18467732395725917,2,-0.12205384496980888,9,0.29916637176639826,3
0001728117-22-000057,GOSS,"Gossamer Bio, Inc.",OTHER,2022-07-13,0.0009879384328310209,1.2565903393515974,0.03675903131753103,220,0.32461292235340644,-0.035698299425359056,9,0.4886111818039869,2,-0.0065340172215184195,9,0.49048967939389565,3
0001728117-22-000084,GOSS,"Gossamer Bio, Inc.",EARNINGS,2022-08-09,0.0010740488076684757,1.2444182663220402,0.03821778180659837,220,2.7159192616769447e-05,0.033174265665257274,9,0.02293102116112574,2,0.08833682514465387,9,0.028707228300006795,3
0001728117-22-000099,GOSS,"Gossamer Bio, Inc.",EARNINGS,2022-11-04,0.0017134963509711154,1.1279617154140003,0.045518048675496414,220,-0.02549563797334845,-0.2325425602987938,9,-0.08362610203339496,2,-0.1517313659998659,9,-0.07372495177007672,3
0001728117-22-000102,GOSS,"Gossamer Bio, Inc.",CLINICAL,2022-12-06,0.002450939871108294,0.9886098336941037,0.04562378910833825,220,-0.7341636615646466,-0.05642971158578053,9,-0.8196786351084902,2,0.05922585590676023,9,-0.7744117826800323,3
0001728117-23-000009,GOSS,"Gossamer Bio, Inc.",EARNINGS,2023-03-17,-0.0005329666229269013,1.196316976002805,0.07627014244323571,220,-0.0702408142735885,-0.2360874428858799,9,0.17789394454210816,2,0.014407483016274543,9,-0.0471081321719489,3
0001728117-23-000030,GOSS,"Gossamer Bio, Inc.",REGULATORY,2023-04-04,-0.0013509661784169777,1.2302524211585106,0.0766113705989604,220,-0.08557328577880084,0.02043040358105639,9,-0.09577946965845402,2,0.025969281811711077,9,-0.21022755482188296,3
0001728117-23-000050,GOSS,"Gossamer Bio, Inc.",EARNINGS,2023-05-10,-0.0031982229903901502,1.3094513772915566,0.08024694645656374,220,0.033844754761670086,0.20900135649865173,9,-0.0032267562539362513,2,0.04143046867348811,9,0.005713861810649014,3
0001728117-23-000091,GOSS,"Gossamer Bio, Inc.",CLINICAL,2023-07-20,-0.006331843944569655,1.5585757892741952,0.07844371490589801,220,-0.3020090186499411,0.25807247841274633,9,-0.2069674864318931,2,0.08257522797868541,9,-0.06660167394993899,3
0001728117-23-000094,GOSS,"Gossamer Bio, Inc.",OTHER,2023-07-21,-0.0061725607695320575,1.5621401668603307,0.0784638782379876,220,0.09488224904301042,0.37834398554837834,9,0.08666890542891396,2,0.03644210572306895,9,-0.21547574830562796,3
0001728117-23-000107,GOSS,"Gossamer Bio, Inc.",EARNINGS,2023-08-09,-0.005908645220314956,1.6526171141685884,0.07892847922659785,220,0.0005633640208811685,0.10853286864142436,9,0.005878572682550968,2,-0.06514628001906166,9,-0.03528951780799868,3
0001728117-23-000133,GOSS,"Gossamer Bio, Inc.",EARNINGS,2023-11-09,-0.008055492543316382,2.6261012276890936,0.08205383904779252,220,-0.04709445827129375,0.16982748272290699,9,-0.127291871236618,2,0.4367607781044122,9,-0.13442631303260252,3
0001728117-24-000018,GOSS,"Gossamer Bio, Inc.",EARNINGS,2024-03-05,-0.0027783616316490786,2.118657981704072,0.06553811888679795,220,0.02395237677993587,0.24159531162065123,9,0.0573742314140536,2,-0.0817014133435548,9,0.11314944536826668,3
0001728117-24-000052,GOSS,"Gossamer Bio, Inc.",OTHER,2024-05-06,0.00010968793545862161,1.3778647407723685,0.060128856370453836,220,0.041066969810637434,-0.03679400905207676,9,-0.023303360846453576,2,-0.10165163560760591,9,-0.08069985833405074,3
0001728117-24-000057,GOSS,"Gossamer Bio, Inc.",EARNINGS,2024-05-08,7.576333345243381e-05,1.3829795257056583,0.060177400564896615,220,0.031211320835049253,0.03535489661301181,9,0.01124639800400759,2,-0.17758310618146586,9,-0.05309565244589255,3
0001728117-24-000080,GOSS,"Gossamer Bio, Inc.",OTHER,2024-07-19,-0.0030577937423019704,0.9584543929515776,0.05252828807945373,220,-0.009625272430734692,0.09228013442663996,9,0.01267740194746065,2,-0.0983106621973848,9,-0.013596423773609295,3
0001728117-24-000086,GOSS,"Gossamer Bio, Inc.",EARNINGS,2024-08-13,-0.00037781708685745224,0.8373641434315869,0.058481306471741684,220,0.024342861936905637,-0.21990984067795166,9,0.02450326261083335,2,0.08299139224856517,9,0.029497926376580715,3
0001728117-24-000093,GOSS,"Gossamer Bio, Inc.",EARNINGS,2024-11-08,0.002973723017215276,0.8978599774784105,0.05941865034778186,220,-0.01588227119167761,-0.058011242201819455,9,-0.04360218132009112,2,-0.22517014962944382,9,-0.05351840331188505,3
0001728117-25-000004,GOSS,"Gossamer Bio, Inc.",OTHER,2025-02-20,-0.00045435960396904057,0.8620071450240452,0.051485679213884396,220,0.08150532152181497,0.3105177317384573,9,0.011736311735556296,2,-0.08281760257397217,9,0.03914619417968011,3
0001728117-25-000022,GOSS,"Gossamer Bio, Inc.",EARNINGS,2025-03-14,-0.001577661339286504,1.0585352478861685,0.05112392174268084,220,0.09509759040057274,0.1917953859999994,9,0.04713317730378128,2,-0.13189668761472703,9,0.032970769348740124,3
0001728117-25-000037,GOSS,"Gossamer Bio, Inc.",EARNINGS,2025-05-16,0.0021692554839342743,1.2671883137713962,0.053171523635015816,220,-0.019719482804009987,-0.11335993967357195,9,0.02480217985805959,2,0.050852940457668624,9,0.056047404199667694,3
0001728117-25-000040,GOSS,"Gossamer Bio, Inc.",OTHER,2025-06-16,0.004452472753666213,1.4371746189282022,0.0543710911111151,220,0.014131786314010346,0.06665892620123434,9,-0.00928990148220319,2,-0.07367090838027157,9,-0.02129655381266899,3
0001728117-25-000069,GOSS,"Gossamer Bio, Inc.",EARNINGS,2025-08-06,0.002731840862561905,1.317267471452579,0.048868921807892755,220,-0.09615515278688934,0.21634069083214874,9,-0.2189957273937486,2,0.08419473933773643,9,-0.21965740957525165,3
0001728117-25-000082,GOSS,"Gossamer Bio, Inc.",EARNINGS,2025-11-06,0.006135445479525481,1.409869535060177,0.054913887938609574,220,-0.01632500305533796,-0.012375706425024256,9,-0.002203425738818772,2,0.27373870711782683,9,0.017210013034481813,3
0001824293-21-000013,GRI,"GRI Bio, Inc.",OTHER,2021-10-12,-0.0025994960870712033,1.4371881509181066,0.04972268643116266,138,-0.01110412270032601,0.024655543023494778,9,0.019950779177730023,2,-0.41206693793826865,9,0.04901333144422328,3
0001824293-21-000024,GRI,"GRI Bio, Inc.",CLINICAL,2021-12-23,-0.0013637261945478336,1.1135810584897963,0.0571718216872698,189,-0.0007105768695707202,0.1597164167130859,9,-0.055364186610938095,2,0.29376053393988516,9,-0.09343662095241259,3
0001824293-22-000005,GRI,"GRI Bio, Inc.",EARNINGS,2022-02-15,0.0008623613083188558,1.2978032958126877,0.08420475933892502,220,0.07781757791345109,0.08554422695895625,9,0.06839596016589376,2,0.23914136907394012,9,0.06402452409241839,3
0001824293-22-000019,GRI,"GRI Bio, Inc.",CLINICAL,2022-03-21,0.0019419781778713804,1.3617690807896456,0.08521535839432622,220,-0.6910601153397168,0.1284753274306052,9,-0.7608845971460974,2,-0.24934211359048014,9,-0.7164007563972383,3
0001824293-22-000024,GRI,"GRI Bio, Inc.",OTHER,2022-04-22,0.004645444928842582,1.338898921780107,0.08659041471554906,220,1.040942305594726,-0.31885347623033927,9,0.8831601597558096,2,-0.3486431456296427,9,0.8643481519436753,3
0001824293-22-000032,GRI,"GRI Bio, Inc.",EARNINGS,2022-05-10,0.002088028109538498,1.1579856604808132,0.0994999393443105,220,-0.11951799056957,-0.33255545861330793,9,-0.15876518456615424,2,-0.632263269679582,9,-0.19247973059351103,3
0001824293-22-000036,GRI,"GRI Bio, Inc.",CLINICAL,2022-05-12,0.0016807128592750261,1.130740685835166,0.0997332462850033,220,-0.08089288534340701,-0.25027113807254175,9,-0.36333860464277057,2,-0.22678081680426368,9,-0.4026113110513903,3
0001628280-22-014382,GRI,"GRI Bio, Inc.",OTHER,2022-05-16,0.001874222305141868,1.110997939668396,0.09979683403386916,220,-0.20450902736805343,-0.22679718059936543,9,-0.16617399000341354,2,-0.06008439870994251,9,-0.4483412107670886,3
0001824293-22-000039,GRI,"GRI Bio, Inc.",OTHER,2022-05-19,0.0012171081836063566,1.1362940990932984,0.09991009880717475,220,0.025074516192166996,-0.6957460081676143,9,-0.01629373265411041,2,-0.08644628012770364,9,-0.007298117999064678,3
0001824293-22-000070,GRI,"GRI Bio, Inc.",EARNINGS,2022-07-28,-0.002772541408955015,0.32182372308144985,0.12494867483513444,220,-0.07054781856799766,-0.293870273129192,9,-0.07991124538741991,2,0.041266455644981145,9,-0.1642188046645271,3
0001824293-22-000079,GRI,"GRI Bio, Inc.",EARNINGS,2022-11-04,-0.004841104960859784,0.25975307220089827,0.12264893732431299,220,-0.010755273119178399,-0.16066525516416205,9,0.015601141912473707,2,0.11276606391655923,9,0.003737066589529662,3
0001628280-22-031808,GRI,"GRI Bio, Inc.",OTHER,2022-12-14,-0.008474793328773137,0.2584347493541246,0.10600922206178758,220,1.0537777841972407,0.14178590931713436,9,0.7850792111395297,2,-0.13906867050799476,9,0.7837237768526895,3
0001824293-23-000010,GRI,"GRI Bio, Inc.",PRESENTATION,2023-01-11,-0.009435846218918393,0.10305922647242967,0.10444047348652441,220,-0.04919244275158347,0.15685715937590908,9,-0.06040214646122929,2,0.06254872909819452,9,-0.005022368835565496,3
0001824293-23-000018,GRI,"GRI Bio, Inc.",EARNINGS,2023-02-24,-0.007219792196862901,0.12629318995024008,0.12763794118185037,220,-0.01075477586827397,1.3979653106832084,9,-0.12711780078899923,2,-0.007354973532157872,9,-0.10086539017249167,3
0001824293-23-000033,GRI,"GRI Bio, Inc.",OTHER,2023-04-03,0.0033368099518978514,0.35455332962686037,0.14346442239420445,220,-0.037837007427275686,-0.18032416587208286,9,-0.03920666206158848,2,0.22795844697698775,9,-0.07442257523812448,3
0001824293-23-000043,GRI,"GRI Bio, Inc.",OTHER,2023-04-04,0.00396256566676536,0.35614369364731524,0.14361589666114463,220,-0.00198658659044413,-0.19579704077514679,9,0.25212616590662024,2,0.23252527243238552,9,0.21365734258685568,3
0001824293-23-000056,GRI,"GRI Bio, Inc.",OTHER,2023-04-10,0.003472601953835564,0.3677695866284517,0.14406568052658433,220,0.006328000311177171,0.05716531906685568,9,0.04053997685048988,2,-0.26273214457925564,9,-0.07118540017001822,3
0001824293-23-000062,GRI,"GRI Bio, Inc.",OTHER,2023-04-13,0.0026810284976119415,0.3575222393911618,0.14453986138231623,220,-0.08242992894702188,0.09352498909890564,9,-0.10585923468913254,2,-0.2691311165147234,9,-0.1362091736180734,3
0001824293-23-000065,GRI,"GRI Bio, Inc.",OTHER,2023-04-21,0.004063534184143274,0.3786370455414046,0.14972524908089213,220,-0.1347924906751096,0.23125595520257466,9,-0.4238343380229588,2,-0.17489633245161576,9,-0.5723993838769426,3
0001824293-23-000073,GRI,"GRI Bio, Inc.",OTHER,2023-04-24,-0.0005314683481582868,0.9403323109672665,0.1326564253653233,220,-0.28503282685957476,0.2326560772335364,9,-0.32490359279547204,2,-0.13232629787706487,9,-0.45553745097938564,3
0001824293-23-000114,GRI,"GRI Bio, Inc.",PRESENTATION,2023-04-27,0.001135955655180329,0.8923864188144851,0.13192304189509518,220,0.1609302373449378,-0.26115339831343465,9,0.14220601978050135,2,-0.016208544075023666,9,-0.12148795999137113,3
0001824293-23-000145,GRI,"GRI Bio, Inc.",EARNINGS,2023-08-14,0.0019527085935953578,1.3395262866949968,0.13587524243760846,220,0.022994175940141998,-0.15260428494814704,9,-0.009278382559992762,2,-0.7115054050998666,9,-0.07217415607280483,3
0001824293-23-000159,GRI,"GRI Bio, Inc.",OTHER,2023-08-23,0.0015565328237351875,1.341322490652176,0.13592052096686913,220,-0.2739586028911339,-0.11749786288362665,9,-0.5132071895806037,2,-0.24992355355901452,9,-0.5365850001308202,3
0001824293-23-000161,GRI,"GRI Bio, Inc.",PRESENTATION,2023-08-28,0.001177256252498074,1.2875795960589351,0.13594078690763037,220,-0.07015830882787756,-0.5098626333426951,9,-0.03257005451054025,2,-0.017719075208631627,9,-0.1651217735863939,3
0001824293-23-000166,GRI,"GRI Bio, Inc.",PRESENTATION,2023-11-01,-0.0011812386916965625,1.705100771971885,0.13753810107380676,220,-0.03339658543463606,-0.0019103853307903054,9,-0.048226059163504406,2,-0.15272633379721712,9,-0.006029370128468568,3
0001824293-23-000172,GRI,"GRI Bio, Inc.",EARNINGS,2023-11-15,-0.00048063834199718597,2.09361312984579,0.13739014185589749,220,-0.06882099034238356,-0.13407292445349106,9,-0.11234253714827266,2,-0.5076749961412657,9,-0.14654750153686769,3
0001824293-23-000177,GRI,"GRI Bio, Inc.",REGULATORY,2023-11-27,-0.0007652316813110127,2.055524352518746,0.13726472413523041,220,-0.12886601230358674,-0.5125690988083007,9,-0.3301357571936116,2,-0.07474041419254078,9,-0.4058517399079701,3
0001824293-23-000179,GRI,"GRI Bio, Inc.",PRESENTATION,2023-12-05,-0.001462644177885059,2.1206673107591243,0.1375066142467212,220,-0.2518507970784102,-0.27938187608430404,9,-0.3018422703769542,2,-0.28956581098415723,9,-0.32458756747881945,3
0001824293-24-000014,GRI,"GRI Bio, Inc.",PRESENTATION,2024-01-16,-0.007315775543194058,2.0286527916733395,0.11689263780313038,220,-0.061427159876411105,-0.11344901508971585,9,-0.04627118116411193,2,0.3825607609769287,9,-0.05905223992046989,3
0001824293-24-000023,GRI,"GRI Bio, Inc.",OTHER,2024-01-30,-0.009201302140011419,2.3220678702774276,0.11902856971783134,220,0.08429565932101563,-0.021668162904259713,9,-0.3041533633539866,2,-0.24439985820539484,9,-0.018426030729154164,3
0001628280-24-003067,GRI,"GRI Bio, Inc.",OTHER,2024-02-05,-0.009285622554616861,2.2895664307098156,0.11913394864343715,220,-0.06571104968526059,0.27737089659859726,9,-0.06307305880240825,2,-0.2195622256120187,9,-0.3394291389736475,3
0001824293-24-000037,GRI,"GRI Bio, Inc.",EARNINGS,2024-04-01,-0.01667258453378356,1.4339268224514983,0.08637904949550276,220,0.006009047791012769,0.125328541344403,9,-0.23086790993929288,2,0.15372477030646486,9,-0.23453966443245275,3
0001824293-24-000060,GRI,"GRI Bio, Inc.",OTHER,2024-06-14,-0.01828401806426911,1.014933122319027,0.07549177319495363,220,-0.10202445556068325,-0.1405213854755298,9,-0.12690573669418692,2,-0.12189828490285608,9,-0.07879312081699183,3
0001628280-24-030244,GRI,"GRI Bio, Inc.",OTHER,2024-06-27,-0.017670017129157122,0.9575584701852156,0.07536242432396958,220,0.0871987184968539,0.03422265148128202,9,0.08822858597724648,2,0.05864285026821333,9,-0.2791349386134605,3
0001824293-24-000078,GRI,"GRI Bio, Inc.",OTHER,2024-07-08,-0.01713199701694493,0.976232715222114,0.07500584868602726,220,0.0605915465765602,-0.18630926292054206,9,0.18653023393249257,2,0.049592526015084605,9,0.1792828419859409,3
0001824293-24-000084,GRI,"GRI Bio, Inc.",OTHER,2024-07-22,-0.01751362785773506,0.7538743734148972,0.07692858101658018,220,-0.020198639762848913,0.28379178039150404,9,-0.038539758402134666,2,-0.8209270874486245,9,-0.061734397568783045,3
0001824293-24-000094,GRI,"GRI Bio, Inc.",OTHER,2024-07-29,-0.01796168751853155,0.7393999019681106,0.07689506192360542,220,-0.33406024819719693,-0.1094628678831596,9,-0.34784794425662197,2,-0.2174194719447365,9,-0.3460412360158838,3
0001824293-24-000141,GRI,"GRI Bio, Inc.",OTHER,2024-10-23,-0.021708442139167106,1.658126070284199,0.08316296462097765,220,-0.13221263083987722,1.8857968302313322,9,-0.09299862916084903,2,0.40165291320642216,9,-0.33556094593702807,3
0001824293-24-000143,GRI,"GRI Bio, Inc.",OTHER,2024-10-24,-0.021836625318023644,1.70669834353376,0.08314335666729235,220,0.03923713261914369,1.545034906127239,9,-0.06713399603322055,2,0.43891456959208264,9,-0.198774615880022,3
0001824293-24-000153,GRI,"GRI Bio, Inc.",EARNINGS,2024-11-15,-0.022825456897946426,1.7704769785486576,0.08503754131581687,220,-0.1503304931960337,0.15611383367167667,9,-0.2435676413368678,2,0.12200479240630983,9,-0.11844896228679112,3
0001824293-24-000159,GRI,"GRI Bio, Inc.",OTHER,2024-12-23,-0.01089901779852074,1.4193070937308845,0.12575229161179974,220,0.021318834129239662,0.14298559612119752,9,0.03766226546457928,2,0.09342646988162301,9,-0.007446917844223994,3
0001824293-25-000042,GRI,"GRI Bio, Inc.",OTHER,2025-02-20,-0.006791774788677287,0.7795154845907027,0.12049741789588828,220,-0.16921053866991098,0.09830252394776999,9,-0.1950628017108128,2,0.06976372755971359,9,-0.23515174581097398,3
0001824293-25-000045,GRI,"GRI Bio, Inc.","INVALID:COMPLIANCE

Wait, let me reconsider",2025-03-11,-0.00818034451831544,0.8940026332215504,0.12046875805621088,220,-0.03677632071931938,0.05503548399713801,9,-0.06586026301861395,2,0.20903152744871914,9,-0.0443874554548391,3
0001824293-25-000053,GRI,"GRI Bio, Inc.",EARNINGS,2025-03-17,-0.007222065947002307,0.8268874004726704,0.1205227146508219,220,-0.06092396120518918,-0.14472419836924827,9,0.11537765589976087,2,-0.5244983723376127,9,0.10385314202608373,3
0001628280-25-016066,GRI,"GRI Bio, Inc.",OTHER,2025-04-02,-0.006334591005234604,0.5684196653341588,0.1200756836708603,220,-0.1705299773901528,-0.5323249431274282,9,-0.2739077363948914,2,0.1500534348964252,9,-0.637928588111476,3
0001824293-25-000063,GRI,"GRI Bio, Inc.",OTHER,2025-05-05,-0.006326447545606606,0.688699554003607,0.12129352738799523,220,0.005513865191858503,0.31374350605590784,9,-0.06852772834930125,2,-0.2802694683249119,9,0.004498585720607351,3
0001824293-25-000072,GRI,"GRI Bio, Inc.",EARNINGS,2025-05-15,-0.010714767586813454,0.8493014691469825,0.12720305914579252,220,-0.00703902844403206,-0.12935268285972468,9,0.032779023827706796,2,0.011972322341074135,9,0.028985641896950486,3
0001824293-25-000079,GRI,"GRI Bio, Inc.",OTHER,2025-05-23,-0.012924158694942024,0.6408358887307345,0.12792595626669495,220,-0.022701702004118633,-0.04134357011067894,9,0.06856583358725843,2,0.10798981616033398,9,-0.012965835095260711,3
0001824293-25-000082,GRI,"GRI Bio, Inc.",CLINICAL,2025-06-26,-0.009198063614017553,0.9374436455652175,0.12857067400278263,220,-0.049988145777780504,0.07471761750286722,9,-0.05326007023372126,2,0.3505393694948028,9,-0.04458733543488068,3
0001824293-25-000094,GRI,"GRI Bio, Inc.",CLINICAL,2025-07-31,-0.004923333783980541,1.0042077018775413,0.12334624165632016,220,-0.36691939064421447,-0.012366846742779103,9,-0.3142867015763279,2,0.10752246008028471,9,-0.2621803243244261,3
0001824293-25-000126,GRI,"GRI Bio, Inc.",PRESENTATION,2025-08-20,-0.0018818527722737918,0.749923749831301,0.12258080820153555,220,0.025001153733871725,0.14437879146905144,9,-0.01148768922349859,2,0.07950741603627179,9,-0.03955099543561539,3
0001824293-25-000160,GRI,"GRI Bio, Inc.",CLINICAL,2025-12-08,-0.004847671292115289,0.9842081261328134,0.07933742068335897,220,-0.33685577256251054,0.048824174475004825,9,-0.3015291000566594,2,-1.0664494725868368,9,-0.3359339715760887,3
0001824293-25-000167,GRI,"GRI Bio, Inc.",CLINICAL,2025-12-11,-0.006932292263175848,0.995385098490972,0.07743674179650865,220,-0.5598468409246522,-0.2595366626461602,9,-0.5403145921211514,2,-0.5644067464806022,9,-0.669480082517787,3
0001628280-25-056751,GRI,"GRI Bio, Inc.",OTHER,2025-12-15,-0.007338469004158059,0.9954356729156913,0.0774040462801215,220,-0.09153641752444064,-0.9177195952767155,9,-0.07305702887456296,2,-0.4487365062686425,9,-0.05311805955455938,3
0001159036-19-000002,HALO,"HALOZYME THERAPEUTICS, INC.",PRESENTATION,2019-01-10,-0.0005154776061993794,1.3246826790108825,0.021539311364574393,220,0.04802240929907291,0.02715363703831937,9,0.06811420425255674,2,-0.007816460552499502,9,0.05004458307242715,3
0001159036-19-000005,HALO,"HALOZYME THERAPEUTICS, INC.",EARNINGS,2019-02-22,-0.0005770780830605627,1.4418608231911352,0.020568871317218938,220,0.0036789422798162094,-0.015307742888493424,9,0.04155528067135584,2,-0.06868677002340003,9,0.03184741419478969,3
0001159036-19-000026,HALO,"HALOZYME THERAPEUTICS, INC.",EARNINGS,2019-05-08,-0.001275839378678873,1.5477101622987592,0.02102532803323674,220,-0.01652729788039794,0.062213855800463944,9,-0.03272402583118664,2,-0.03908283896166334,9,-0.016629094562619375,3
0001193125-19-171015,HALO,"HALOZYME THERAPEUTICS, INC.",OTHER,2019-06-12,-0.0009455884105028164,1.5907679416520744,0.02000960070796245,220,0.006347495909083118,-0.012032473850340652,9,0.02530891846884127,2,0.026421655269186724,9,0.023408155485620814,3
0001159036-19-000043,HALO,"HALOZYME THERAPEUTICS, INC.",EARNINGS,2019-08-07,-0.0005179956813285698,1.5801820275052583,0.019086842473657648,220,-0.023738880268751015,0.11146072389385883,9,-0.09303046771587642,2,0.0519064606098162,9,-0.09987825021256069,3
0001159036-19-000046,HALO,"HALOZYME THERAPEUTICS, INC.",PRESENTATION,2019-09-04,-0.0005558108403525112,1.5926487923992751,0.019117397535339007,220,-0.05153520567181545,-0.004940884780849357,9,-0.0471263290436847,2,0.014323122495177643,9,-0.058444316809408245,3
0001159036-19-000058,HALO,"HALOZYME THERAPEUTICS, INC.",EARNINGS,2019-11-13,-0.00041138268521531755,1.3726069579977638,0.01787664443974804,220,0.0536348984431585,0.06498374319508454,9,0.09845417811081,2,0.027709972729960328,9,0.10621257928986808,3
0001193125-19-291625,HALO,"HALOZYME THERAPEUTICS, INC.",OTHER,2019-11-14,-0.0003040396046583305,1.3552155118582174,0.017934247099473496,220,0.04473725737006813,0.07259229921404578,9,0.05794915073151182,2,0.01713479688716132,9,0.11148232823131932,3
0001193125-19-294791,HALO,"HALOZYME THERAPEUTICS, INC.",OTHER,2019-11-19,-0.00045465081286171426,1.320177521821592,0.01775136207171834,220,0.014599493922548857,0.19537631526078386,9,0.0168303043350907,2,0.022275367984627068,9,0.015253595028405953,3
0001159036-20-000002,HALO,"HALOZYME THERAPEUTICS, INC.",EARNINGS,2020-01-15,4.472638145535052e-06,1.1849634926939019,0.01774739571393819,220,0.014923153753058421,0.028440568380977117,9,0.00011886343368346097,2,-0.02324763721330018,9,0.06105782277855495,3
0001159036-20-000004,HALO,"HALOZYME THERAPEUTICS, INC.",PRESENTATION,2020-01-17,-0.00014218026506373615,1.1952728259479863,0.01774411548622776,220,-0.011526872792322868,0.10422560576040749,9,-0.027070647775987368,2,0.007308606925203195,9,-0.04181403925841699,3
0001159036-20-000011,HALO,"HALOZYME THERAPEUTICS, INC.",EARNINGS,2020-02-25,-0.00023468382957285124,1.1418592889218708,0.01769311498125939,220,0.005437568105681731,0.10155277607069979,9,0.027660418629455667,2,0.0008870000451650303,9,0.04744177706491872,3
0001159036-20-000029,HALO,"HALOZYME THERAPEUTICS, INC.",EARNINGS,2020-05-12,0.0009236202191275568,0.6829163093028492,0.02129045554747665,220,-0.03445126394483236,-0.008184093931848706,9,-0.0025780959598102823,2,-0.06603434962938673,9,0.047607573576320984,3
0001159036-20-000036,HALO,"HALOZYME THERAPEUTICS, INC.",EARNINGS,2020-08-11,0.0020218483322617716,0.7214097176729016,0.02417909003427303,220,-0.011429896490395872,-0.007238195555660214,9,-0.010744381042751957,2,-0.03952808147106383,9,-0.026313514122703344,3
0001159036-20-000043,HALO,"HALOZYME THERAPEUTICS, INC.",EARNINGS,2020-11-03,0.0019957610280469536,0.7240694098219743,0.024353084808758058,220,0.0986004422186998,-0.0334910492435944,9,0.12153535949294561,2,0.1722047473835729,9,0.1257097782883155,3
0001159036-21-000003,HALO,"HALOZYME THERAPEUTICS, INC.",EARNINGS,2021-01-11,0.0034482478489308967,0.7270621010371451,0.027128727836248905,220,-0.017367420585287622,-0.0016668668604949907,9,-0.007401898875915273,2,0.0780298321089802,9,-0.043748998738143564,3
0001159036-21-000013,HALO,"HALOZYME THERAPEUTICS, INC.",EARNINGS,2021-02-24,0.0028830923766398155,0.7348865443598211,0.027919126636492635,220,0.07883063577176384,-0.05258648503357815,9,0.013188636566405496,2,-0.13245525137012576,9,-0.020983296496583974,3
0001193125-21-055596,HALO,"HALOZYME THERAPEUTICS, INC.",OTHER,2021-02-25,0.0028691634957505284,0.7307572056089255,0.027929403163198627,220,-0.06572756933277919,-0.0791092744145862,9,-0.10837398475983184,2,-0.07138971486308934,9,-0.02948391850243462,3
0001159036-21-000037,HALO,"HALOZYME THERAPEUTICS, INC.",EARNINGS,2021-05-11,0.0014069629818339504,0.9461146326407748,0.02562899490225678,220,-0.06714961863408458,-0.08153581750448162,9,-0.05314201629964359,2,-0.047439915451492384,9,-0.07608204224154609,3
0001159036-21-000042,HALO,"HALOZYME THERAPEUTICS, INC.",EARNINGS,2021-08-10,0.0010169875028161678,1.2061409562137038,0.02512969021098117,220,0.017264917112454276,-0.05298701817204201,9,0.001369264633878993,2,-0.02613555493642912,9,-0.00014806920298919904,3
0001159036-22-000012,HALO,"HALOZYME THERAPEUTICS, INC.",EARNINGS,2022-02-23,-0.0022641469786925366,1.4622599849587519,0.02020136602798235,220,0.05717516844593747,0.01791901148503834,9,0.08307650701248195,2,0.035038474508640775,9,0.10317242389703042,3
0001193125-22-104452,HALO,"HALOZYME THERAPEUTICS, INC.",OTHER,2022-04-14,-0.001403055439161166,1.2004468218627717,0.02002237688409025,220,0.035887559389950044,0.10229860424363879,9,0.02425863024789826,2,0.04086665198916958,9,0.008068178423079502,3
0001159036-22-000037,HALO,"HALOZYME THERAPEUTICS, INC.",EARNINGS,2022-05-11,-0.0007320337610856458,1.173437444844293,0.019340687275686396,220,0.029321535517556136,-0.08191934294798253,9,0.04320137204066708,2,0.16470387891713917,9,0.06397962563344198,3
0001193125-22-158531,HALO,"HALOZYME THERAPEUTICS, INC.",OTHER,2022-05-25,-0.00016221486088829185,1.14579188187314,0.019630722995726633,220,0.022837254162823364,0.15876612263262566,9,0.0068020033275623115,2,-0.020902064370020287,9,0.02676404891207321,3
0001159036-22-000048,HALO,"HALOZYME THERAPEUTICS, INC.",EARNINGS,2022-08-10,0.0013600282456557857,0.9509512392031358,0.020125926665495793,220,-0.003563249601099102,-0.18580354186710912,9,-0.021703275338223523,2,-0.01976505334473297,9,-0.05725339647167402,3
0001193125-22-220557,HALO,"HALOZYME THERAPEUTICS, INC.",OTHER,2022-08-15,0.0011646263185346281,0.959335641321504,0.020160183873020446,220,-0.006276935891365777,-0.14732691373472082,9,0.02293749799531393,2,-0.040236678841774176,9,0.0004585244678812113,3
0001193125-22-221861,HALO,"HALOZYME THERAPEUTICS, INC.",OTHER,2022-08-16,0.0011993210198792993,0.9579275572004319,0.020152506130304847,220,0.029182497110626145,-0.16417220509176902,9,0.010726750320981065,2,-0.007932161807314292,9,0.004420922278411638,3
0001159036-22-000058,HALO,"HALOZYME THERAPEUTICS, INC.",EARNINGS,2022-11-09,0.0012225313407527654,0.9283645551262514,0.020756152503395877,220,0.10256447470181301,-0.012785905554688837,9,0.12314664306159617,2,-0.009968089692619869,9,0.10719177243704098,3
0001159036-23-000011,HALO,"HALOZYME THERAPEUTICS, INC.",EARNINGS,2023-02-22,0.002865390121325186,0.7908302526125938,0.019425116222457448,220,0.0066820491598810336,-0.05588530387770672,9,0.0050012317204498734,2,-0.18938080600109805,9,0.010604980811941875,3
0001159036-23-000017,HALO,"HALOZYME THERAPEUTICS, INC.",OTHER,2023-03-13,0.0022077781860945825,0.7502583975678053,0.02058395522657787,220,0.029608660337832333,-0.15629862677560188,9,-0.006208105272189922,2,-0.1808310398891526,9,-0.02356124799769189,3
0001159036-23-000020,HALO,"HALOZYME THERAPEUTICS, INC.",OTHER,2023-03-16,0.0020169480863893694,0.7413763788716887,0.020907203441571588,220,-0.114400253975204,-0.13544823486549049,9,-0.19064289668313716,2,0.08164182621159524,9,-0.2344516966871535,3
0001159036-23-000037,HALO,"HALOZYME THERAPEUTICS, INC.",EARNINGS,2023-05-10,-8.93751069940755e-05,0.7269665897093183,0.02337273233713951,220,0.12455418020824675,-0.11210294617394373,9,0.0824203729637466,2,0.018112085987619903,9,0.09560525113004073,3
0001159036-23-000047,HALO,"HALOZYME THERAPEUTICS, INC.",EARNINGS,2023-08-09,-0.0009021555449396186,0.6628013162332227,0.024534964141037518,220,-0.010367625729858472,-0.003142663352021067,9,0.023137193163350334,2,-0.03511319431687443,9,0.05786677740743897,3
0001159036-23-000051,HALO,"HALOZYME THERAPEUTICS, INC.",OTHER,2023-09-07,0.00022127733681953535,0.6516350306060876,0.02503141581519337,220,-0.04405188830653595,-0.06008775043799465,9,-0.06135056397081552,2,0.055465596685970744,9,-0.05425730320418501,3
0001159036-23-000056,HALO,"HALOZYME THERAPEUTICS, INC.",EARNINGS,2023-11-07,-0.0008486315453557765,0.56538769120014,0.02563292803334325,220,0.09963651145345041,0.015058060775008104,9,0.047236095249777184,2,0.04696056841377186,9,0.0377901430239846,3
0001159036-24-000003,HALO,"HALOZYME THERAPEUTICS, INC.",EARNINGS,2024-01-17,-0.0014837128893993765,0.7892369309895021,0.025550398060823237,220,-0.0029300315204557337,-0.05748410995249102,9,-0.03926382360916537,2,-0.027892638699012293,9,0.021173089856205383,3
0001159036-24-000007,HALO,"HALOZYME THERAPEUTICS, INC.",EARNINGS,2024-02-21,-0.002033764920959382,1.0073406410066124,0.026151631870773104,220,0.0666769324282267,0.07499306650887647,9,0.08331677362604387,2,0.06323786398011493,9,0.08812635535396605,3
0001159036-24-000036,HALO,"HALOZYME THERAPEUTICS, INC.",EARNINGS,2024-05-08,0.00043143810062136316,0.9805154829468278,0.023744571961057816,220,0.018886527573328257,0.02334489283266276,9,0.05636653438096732,2,0.016163765387839486,9,0.06341885050714316,3
0001159036-24-000043,HALO,"HALOZYME THERAPEUTICS, INC.",EARNINGS,2024-08-07,0.0001326956950324881,1.0237909684937652,0.022433361224439143,220,0.04868182029551035,0.007080823581668037,9,0.031164364219156235,2,0.07661192677448371,9,0.018330536193330825,3
0001159036-24-000049,HALO,"HALOZYME THERAPEUTICS, INC.",EARNINGS,2024-11-01,0.0014880041678524787,0.9435322291105073,0.021732532585669123,220,0.12464633786942583,-0.04149971044680171,9,0.14828791331603616,2,-0.26952260216096635,9,0.16490081005918822,3
0001159036-25-000003,HALO,"HALOZYME THERAPEUTICS, INC.",EARNINGS,2025-01-08,0.0005399266573225159,0.9305689729015248,0.02536139634963335,220,0.048305516642967755,0.06288189476408092,9,0.04411595639192413,2,0.007445713913915879,9,0.0675581038000732,3
0001159036-25-000008,HALO,"HALOZYME THERAPEUTICS, INC.",EARNINGS,2025-02-19,0.0008720424762331266,0.9567983208315117,0.02519806819443162,220,-0.005370493685582204,0.00860451899215009,9,-0.007974359968591478,2,0.07197753743972168,9,-0.01834613833515481,3
0001159036-25-000025,HALO,"HALOZYME THERAPEUTICS, INC.",EARNINGS,2025-05-07,0.0019474097352535351,0.7548241481718143,0.025198859950190205,220,0.17608391817527788,-0.02669547465584924,9,0.1345172775302606,2,-0.2291106847218492,9,0.11842367414431797,3
0001159036-25-000033,HALO,"HALOZYME THERAPEUTICS, INC.",EARNINGS,2025-08-06,0.00010723071940722708,0.6361751025522143,0.03200268171349022,220,0.019851235528089047,0.03911611634571099,9,0.016746701713956626,2,0.13016053948467735,9,0.033533771260711,3
0001193125-25-225853,HALO,"HALOZYME THERAPEUTICS, INC.",OTHER,2025-10-01,0.0009835460774766153,0.6485138550214776,0.03160257900931393,220,0.01862287875766572,-0.04782394876985613,9,-0.026475668001706917,2,-0.08065812301663962,9,-0.02921983962824599,3
0001159036-25-000039,HALO,"HALOZYME THERAPEUTICS, INC.",OTHER,2025-10-14,0.0015948566253725272,0.6353004220051937,0.03047839447167795,220,0.019386363044846814,-0.13564262844448893,9,0.010619969785723741,2,-0.04917720374130061,9,0.01846580881152561,3
0001159036-25-000047,HALO,"HALOZYME THERAPEUTICS, INC.",OTHER,2025-11-06,0.0011577244316951358,0.6281815489012452,0.02921740665234215,220,0.0068998692102979296,0.017362246918733722,9,0.0029303914468100933,2,0.0183265053907969,9,0.0032694876441064086,3
0001159036-25-000049,HALO,"HALOZYME THERAPEUTICS, INC.",OTHER,2025-11-07,0.0009985051252372318,0.6204574863085617,0.029229770574167643,220,-0.0038026543245762543,0.007056677656138365,9,-0.01785334564849209,2,0.04628319523579372,9,-0.010877130708308242,3
0001193125-19-001151,HRTX,"HERON THERAPEUTICS, INC. /DE/",CLINICAL,2019-01-03,0.002388340054964996,1.051794552207457,0.03984246073999037,220,0.02617204132101345,0.04318174919605007,9,-0.012596977236823178,2,-0.03472374439952298,9,-0.013766375889805147,3
0001193125-19-047774,HRTX,"HERON THERAPEUTICS, INC. /DE/",EARNINGS,2019-02-22,0.0017245615280282096,1.1259564010065297,0.04067020114513951,220,-0.04183654450718108,0.0022832137660010535,9,-0.02556568462345591,2,-0.06228018261464775,9,-0.0328136992067705,3
0001193125-19-051944,HRTX,"HERON THERAPEUTICS, INC. /DE/",REGULATORY,2019-02-27,0.0017378227020481206,1.123052845003138,0.040752684299031915,220,-0.010601231730260834,-0.03244846914621715,9,-0.049797427821478765,2,-0.08126050035867441,9,-0.04531049680229739,3
0001193125-19-070125,HRTX,"HERON THERAPEUTICS, INC. /DE/",CLINICAL,2019-03-11,0.001509468290541174,1.1054877298228967,0.04044258084230548,220,-0.03657631796207836,-0.04568197417356996,9,-0.049779940096211915,2,-0.09406321382836154,9,-0.04830068177688655,3
0001193125-19-093695,HRTX,"HERON THERAPEUTICS, INC. /DE/",REGULATORY,2019-04-01,6.998075903944445e-05,1.3660168722105406,0.03483291351180226,220,-0.011769214352786144,-0.0022867332579823534,9,0.028632589120742496,2,-0.08459669744811123,9,0.05774127649202154,3
0001193125-19-130962,HRTX,"HERON THERAPEUTICS, INC. /DE/",REGULATORY,2019-05-01,-0.0010689888499219443,1.3270920718265042,0.03511351679482953,220,-0.17022906512012337,-0.05342741438141649,9,-0.16066081843916447,2,0.05915016750117408,9,-0.2064637319034823,3
0001193125-19-142329,HRTX,"HERON THERAPEUTICS, INC. /DE/",EARNINGS,2019-05-09,-0.00087362430205026,1.342814020213956,0.03504544963846082,220,0.08467693305811122,-0.2761018768789378,9,0.0634880173492349,2,0.022627406350272675,9,0.06445814689662888,3
0001193125-19-146046,HRTX,"HERON THERAPEUTICS, INC. /DE/",CLINICAL,2019-05-14,-0.0010303350457198817,1.3650408621508934,0.03478098585993498,220,0.024113995371723148,-0.17190263171875142,9,0.01770036211272962,2,0.021582711797252685,9,0.02525659054950795,3
0001193125-19-152334,HRTX,"HERON THERAPEUTICS, INC. /DE/",CLINICAL,2019-05-21,-0.0006994259183371321,1.371235672374891,0.034645655048206755,220,0.01697338580666371,0.06982061819233973,9,-0.020692445515867082,2,0.02934593529280633,9,-0.024769230643199823,3
0001193125-19-195218,HRTX,"HERON THERAPEUTICS, INC. /DE/",OTHER,2019-07-17,-0.002931966364543126,1.593230674383253,0.030029662501350567,220,0.03675621956324574,-0.030851467152453127,9,0.03699031172975144,2,-0.060429129302740164,9,0.0680244417761764,3
0001564590-19-028536,HRTX,"HERON THERAPEUTICS, INC. /DE/",EARNINGS,2019-08-05,-0.003052091805471003,1.5687092829517721,0.029936394415366677,220,0.05572915353345587,-0.033225960410015326,9,0.03617553153598403,2,0.08200701926722316,9,0.006089165773192403,3
0001564590-19-032608,HRTX,"HERON THERAPEUTICS, INC. /DE/",CLINICAL,2019-08-20,-0.003359893480749673,1.565950426871348,0.03015318571356765,220,0.02944371195045965,0.04794428583839441,9,0.04173073076126565,2,0.007497008342735187,9,0.05940249422237892,3
0001564590-19-036000,HRTX,"HERON THERAPEUTICS, INC. /DE/",REGULATORY,2019-10-01,-0.0022545902149449268,1.475382711221181,0.029658945924975064,220,-0.031006892657543746,-0.028592760710464522,9,0.058813364867029705,2,-0.07069582339123641,9,-0.0018972009017923785,3
0001564590-19-036139,HRTX,"HERON THERAPEUTICS, INC. /DE/",CLINICAL,2019-10-02,-0.0021341635017091604,1.4832140618267193,0.02967630618691917,220,0.08983816958858655,-0.107890848933682,9,0.1184472848405093,2,-0.09560426621977722,9,0.08741311768373268,3
0001564590-19-037287,HRTX,"HERON THERAPEUTICS, INC. /DE/",REGULATORY,2019-10-22,-0.002024298822818729,1.522166265905744,0.029895327580955228,220,-0.016637461862013987,0.004478412861133995,9,0.01592254286915066,2,0.08250319272150292,9,0.039606006544257964,3
0001564590-19-038027,HRTX,"HERON THERAPEUTICS, INC. /DE/",REGULATORY,2019-10-28,-0.0018157297062688007,1.4984443873013302,0.030126333218408144,220,0.05192608786685159,0.07280825157177437,9,0.058477975708679034,2,-0.029461320078430255,9,0.0811141623698619,3
0001564590-19-042630,HRTX,"HERON THERAPEUTICS, INC. /DE/",EARNINGS,2019-11-12,-0.001997614510046013,1.375716192676263,0.029504102221374447,220,0.006382180670006548,0.017307259676684023,9,-0.02195880655527034,2,0.2193641412770324,9,-0.05832134042884046,3
0001564590-19-045076,HRTX,"HERON THERAPEUTICS, INC. /DE/",REGULATORY,2019-12-03,-0.002063414858137766,1.1401848812632775,0.03027115635914043,220,0.026523167726922543,0.18221865334071286,9,0.01553896599443453,2,-0.054686009202644485,9,0.05115331874176587,3
0001564590-19-046060,HRTX,"HERON THERAPEUTICS, INC. /DE/",PRESENTATION,2019-12-17,-0.0011374224070843134,1.142109940293106,0.030517621291891558,220,-0.011603520923488441,-0.03893718151771767,9,-0.01765220386729799,2,-0.09308993767716245,9,-0.016493132179636126,3
0001564590-20-005303,HRTX,"HERON THERAPEUTICS, INC. /DE/",REGULATORY,2020-02-20,-0.0012964659071252552,1.024674156014538,0.029760189112799363,220,-0.022195070010489995,-0.062243238657197095,9,0.008172717799789057,2,-0.0981881909473096,9,0.029167825865884914,3
0001564590-20-007971,HRTX,"HERON THERAPEUTICS, INC. /DE/",EARNINGS,2020-03-02,-0.0014250807516745703,1.034971121822241,0.029739589684544446,220,-0.06216261474863748,-0.035862280993451325,9,-0.022360701655990425,2,-0.2857491913101282,9,0.023569110364723506,3
0001564590-20-021571,HRTX,"HERON THERAPEUTICS, INC. /DE/",EARNINGS,2020-05-06,-0.0003601189814043508,1.032227787748889,0.032660256648804155,220,0.05394955772008621,-0.054327584684425015,9,0.019927036433615382,2,0.08710787854594894,9,0.011446089773043101,3
0001564590-20-025913,HRTX,"HERON THERAPEUTICS, INC. /DE/",REGULATORY,2020-05-18,-0.0008979560523072059,1.0258370658625025,0.032584349157048546,220,0.03975680963816486,0.05470811139077749,9,0.031414102027926244,2,0.10954058319515324,9,0.07613999140889317,3
0001564590-20-028307,HRTX,"HERON THERAPEUTICS, INC. /DE/",CLINICAL,2020-06-04,-3.728064173059486e-05,1.0515173675760638,0.0325395567495964,220,-0.0142672844407221,0.10040480769029206,9,0.005483049581202291,2,0.06292715801158824,9,0.007236029315039987,3
0001564590-20-031058,HRTX,"HERON THERAPEUTICS, INC. /DE/",REGULATORY,2020-06-30,-0.00012931461866480632,1.0531565236359275,0.033039373954058385,220,0.018195443046025443,0.05871128841196483,9,0.10136238207591679,2,0.03618640667003939,9,-0.19451189270718416,3
0001564590-20-032445,HRTX,"HERON THERAPEUTICS, INC. /DE/",OTHER,2020-07-16,0.00017783265155704725,1.0666728377473385,0.033220803388212684,220,0.0015898494196277106,0.0775034793524139,9,0.033867582532597626,2,-0.045093407070826104,9,0.07206087367632091,3
0001564590-20-033338,HRTX,"HERON THERAPEUTICS, INC. /DE/",REGULATORY,2020-07-24,0.0006970168058912929,1.0730420541959436,0.03308804146142337,220,-0.015278868389768496,0.04754860626848914,9,0.01890814654060345,2,-0.14268145371276594,9,0.006553259258758229,3
0001564590-20-036807,HRTX,"HERON THERAPEUTICS, INC. /DE/",EARNINGS,2020-08-06,0.0008693130320789683,1.0815693149139847,0.03310120139152894,220,-0.13116710487167768,-0.031072582109260595,9,-0.13346558888781912,2,-0.013841064883626688,9,-0.10732474289286414,3
0001564590-20-042727,HRTX,"HERON THERAPEUTICS, INC. /DE/",REGULATORY,2020-09-08,-0.0004795202745789882,1.0390535971055408,0.038810164845445756,220,0.11189943386251985,-0.07918857230559927,9,0.07908280346905293,2,0.09094605118275897,9,0.08731817069046913,3
0001564590-20-043657,HRTX,"HERON THERAPEUTICS, INC. /DE/",CLINICAL,2020-09-16,-0.0007096246019583164,1.0369557952930006,0.03893632616273853,220,0.03712490647449012,0.1384510278300587,9,0.0625992502772729,2,-0.0813317398572015,9,0.0446851201172455,3
0001564590-20-044749,HRTX,"HERON THERAPEUTICS, INC. /DE/",REGULATORY,2020-09-28,-0.0005329126190808174,1.0348685652479173,0.03944057948304483,220,0.025096481018969014,0.0393325922767251,9,0.006298125542204332,2,-0.009727458773375205,9,-0.007154141933634065,3
0001564590-20-050909,HRTX,"HERON THERAPEUTICS, INC. /DE/",EARNINGS,2020-11-05,-0.0009979455836729503,1.0208742864958495,0.03938790520632442,220,-0.022378161267386086,0.08136850293965185,9,-0.06926294979223502,2,0.09940500807807223,9,-0.02650524773293187,3
0001564590-20-053742,HRTX,"HERON THERAPEUTICS, INC. /DE/",REGULATORY,2020-11-13,-0.0012794132108612,1.0197002329077067,0.03914967551428451,220,0.04801673261863598,0.00716353195502217,9,0.04925354465239503,2,-0.04333480588031902,9,0.05229961173597735,3
0001564590-21-001687,HRTX,"HERON THERAPEUTICS, INC. /DE/",CLINICAL,2021-01-21,-0.0010763550513513964,1.0378004032270085,0.038598688795255555,220,0.0012674088542417603,-0.13832101640189245,9,0.011695340136834128,2,0.11153349542221373,9,-0.021646095922224634,3
0001564590-21-007839,HRTX,"HERON THERAPEUTICS, INC. /DE/",EARNINGS,2021-02-24,6.030027228422436e-05,1.01768758170358,0.038753694181201045,220,0.06991263972364772,-0.04975105329253308,9,0.029122981461411276,2,-0.08606638429209251,9,-0.0015209959362730563,3
0001564590-21-025793,HRTX,"HERON THERAPEUTICS, INC. /DE/",EARNINGS,2021-05-10,-0.0007986467982191043,1.0830450595729109,0.035483441020260686,220,0.06744642829077022,-0.0304697257669601,9,0.130302811570159,2,-0.30397922997162574,9,0.11783621969486417,3
0001564590-21-027241,HRTX,"HERON THERAPEUTICS, INC. /DE/",REGULATORY,2021-05-13,-0.0007000114572785169,1.0537136823409456,0.03552057514213018,220,-0.11936744375009345,0.022584968332433536,9,-0.24359921657892064,2,-0.02397910713846863,9,-0.2784130153440585,3
0001564590-21-042359,HRTX,"HERON THERAPEUTICS, INC. /DE/",EARNINGS,2021-08-09,-0.0003837760859248312,0.810628739753258,0.030652448003646398,220,0.01290755954335619,-0.07506393054087253,9,-0.002792494199523819,2,-0.05839168781785405,9,-0.014645116730305557,3
0001564590-21-049889,HRTX,"HERON THERAPEUTICS, INC. /DE/",REGULATORY,2021-10-04,-0.002461611486189669,0.9052988443114891,0.02961924789331133,220,-0.010817174789186961,-0.07228180426227748,9,-0.03957629961222625,2,-0.018725978018007402,9,-0.03571263771704031,3
0001564590-21-053940,HRTX,"HERON THERAPEUTICS, INC. /DE/",EARNINGS,2021-11-04,-0.0018932553091967528,0.8198892718231781,0.0291663132661088,220,0.01751591120097307,0.11622188507976845,9,0.11126467933983243,2,-0.15626061483749346,9,0.09676866557604753,3
0001564590-21-057541,HRTX,"HERON THERAPEUTICS, INC. /DE/",REGULATORY,2021-11-18,-0.0029506237934361383,0.8231769934618712,0.029070110244818856,220,-0.0193438798716081,0.022808110868711578,9,-0.052799883897570385,2,-0.09713291972404942,9,-0.08966458191814025,3
0001564590-21-059819,HRTX,"HERON THERAPEUTICS, INC. /DE/",REGULATORY,2021-12-09,-0.0029620871647531876,0.7812923041960741,0.029162818358422535,220,0.12200944766711275,-0.05409411215505626,9,0.08750930676797714,2,0.149114082344343,9,0.014123259514417223,3
0001564590-22-007608,HRTX,"HERON THERAPEUTICS, INC. /DE/",EARNINGS,2022-03-01,-0.0034366870078523237,0.6361215437691474,0.03195148157240086,220,-0.1756073528051031,-0.10494504274865893,9,-0.19255345654788625,2,-0.10378885856889473,9,-0.24709190819507437,3
0001564590-22-010729,HRTX,"HERON THERAPEUTICS, INC. /DE/",REGULATORY,2022-03-17,-0.0025309237891811,0.5993002215931115,0.03280672306405578,220,0.06520862358366984,-0.1128944596918132,9,0.06299711441331095,2,0.06149638067778305,9,0.1121562481884609,3
0001564590-22-011751,HRTX,"HERON THERAPEUTICS, INC. /DE/",REGULATORY,2022-03-25,-0.002047922402808471,0.6077180860874379,0.03330714306583081,220,-0.0291884282170743,0.016171526616559732,9,-0.02419052390587318,2,0.0874020791255811,9,0.007228517561000189,3
0001564590-22-018871,HRTX,"HERON THERAPEUTICS, INC. /DE/",EARNINGS,2022-05-10,-0.005317825391408311,1.3980529836530855,0.03634644075095499,220,-0.028383634439790223,-0.14531185705903815,9,-0.05799849197116547,2,0.011540480265558331,9,-0.12957315192248384,3
0001564590-22-023137,HRTX,"HERON THERAPEUTICS, INC. /DE/",CLINICAL,2022-06-14,-0.004911608751448685,1.571921233280789,0.03502014422883842,220,0.044430546141130706,-0.21876987892339772,9,0.09836079215695431,2,0.26030319725206125,9,0.15862656876733328,3
0001564590-22-028597,HRTX,"HERON THERAPEUTICS, INC. /DE/",EARNINGS,2022-08-09,-0.003924992916657221,1.6887756052855967,0.038232430093133346,220,0.161891525677011,0.1580844351251637,9,0.2738977728463804,2,0.06817384883867698,9,0.3884790975988588,3
0001564590-22-031836,HRTX,"HERON THERAPEUTICS, INC. /DE/",REGULATORY,2022-09-19,-0.0051862783027758225,1.7845516354050501,0.04040494410995041,220,-0.019359791715952035,0.2168111761034775,9,0.017133293165544912,2,0.07567612836109719,9,-0.005134068832281673,3
0001564590-22-037038,HRTX,"HERON THERAPEUTICS, INC. /DE/",EARNINGS,2022-11-09,-0.0016755486478316772,1.8955144824420687,0.04469827883984519,220,-0.08680889994105057,-0.07752187231699496,9,-0.1660444399746459,2,-0.07915173111163613,9,-0.16582420082594912,3
0000950170-22-027082,HRTX,"HERON THERAPEUTICS, INC. /DE/",REGULATORY,2022-12-29,-0.0018681411287847945,1.9991630054163585,0.045620505890656055,220,0.06366062484995147,0.039965140997966914,9,0.08294030564555707,2,0.18622533533359986,9,0.06710071979064493,3
0001193125-23-044236,HRTX,"HERON THERAPEUTICS, INC. /DE/",OTHER,2023-02-22,-0.0026756654355185147,2.016141928796566,0.0462576228440955,220,0.11201159615629934,-0.14211058563283652,9,0.05951812844683757,2,-0.035284569548129543,9,0.006342905423275057,3
0000950170-23-006139,HRTX,"HERON THERAPEUTICS, INC. /DE/",OTHER,2023-03-06,-0.0005829116159173233,2.0063254444872927,0.04545815794837326,220,-0.03427966430575875,-0.05549192057941057,9,0.027360737475705388,2,-0.09826007281966345,9,0.012787737083605574,3
0000950170-23-007473,HRTX,"HERON THERAPEUTICS, INC. /DE/",REGULATORY,2023-03-13,-0.001498903975146577,1.9444053807327535,0.0456566549945326,220,0.11538155212841833,0.04337977191449368,9,0.026405952158968904,2,-0.26258594898371024,9,-0.0008074157657793901,3
0000950170-23-009489,HRTX,"HERON THERAPEUTICS, INC. /DE/",EARNINGS,2023-03-24,-0.00113167292164036,1.8856734208362878,0.04703959787435675,220,-0.08853677195790237,-0.12841879290271963,9,-0.1851716665279483,2,0.32884691040872205,9,-0.13837652377867926,3
0000950170-23-021213,HRTX,"HERON THERAPEUTICS, INC. /DE/",EARNINGS,2023-05-12,-0.00215724931953477,1.8402672922574113,0.05011066439736289,220,-0.36762883343161684,-0.006692742910198621,9,-0.4218205841317684,2,-0.03389862522835643,9,-0.5062502097876418,3
0001193125-23-191942,HRTX,"HERON THERAPEUTICS, INC. /DE/",OTHER,2023-07-24,-0.0027226378141023805,1.8695061895672391,0.0600950542906052,220,0.11031305138301672,0.11942203558634834,9,0.08845131139019069,2,0.16785070370152624,9,0.09117394920429309,3
0000950170-23-042414,HRTX,"HERON THERAPEUTICS, INC. /DE/",EARNINGS,2023-08-15,-0.005487516308683909,1.856005591705135,0.05793170401700324,220,0.13969056758691037,0.0835755848534899,9,0.12903586872094977,2,0.024473939429361498,9,0.05637705558755203,3
0000950170-23-063702,HRTX,"HERON THERAPEUTICS, INC. /DE/",EARNINGS,2023-11-15,-0.003943976854006249,1.6579835479900795,0.05863631807003761,220,0.593026555676865,-0.16734124894593183,9,0.6647101095714617,2,0.3435733993462628,9,0.6183060056849671,3
0001193125-23-302150,HRTX,"HERON THERAPEUTICS, INC. /DE/",REGULATORY,2023-12-26,-0.0057013529125462415,1.8383941992413373,0.061641250002616235,220,-0.013234626967828074,0.16373452170792263,9,-0.06735422260026214,2,0.3699204983079229,9,-0.03661181867088425,3
0001193125-24-013587,HRTX,"HERON THERAPEUTICS, INC. /DE/",REGULATORY,2024-01-24,-0.001543811194357267,1.7200877483693604,0.07605823341303218,220,0.1905723162892144,0.10690641485238259,9,0.2056616768425688,2,-0.18537761785184986,9,0.1423598841060862,3
0000950170-24-029926,HRTX,"HERON THERAPEUTICS, INC. /DE/",EARNINGS,2024-03-13,0.0011055557544697048,2.0743597446691893,0.07732461124724796,220,0.277569467255927,-0.1515306755332465,9,0.2938542066004396,2,-0.1525725019412592,9,0.24968707181777539,3
0000950170-24-053963,HRTX,"HERON THERAPEUTICS, INC. /DE/",EARNINGS,2024-05-07,0.0015568696652139905,1.7808174000039625,0.07514561226730339,220,0.007041288906411991,-0.03458958815711921,9,0.05409280535922358,2,0.08008473266916054,9,0.12226863303849783,3
0000950170-24-065636,HRTX,"HERON THERAPEUTICS, INC. /DE/",REGULATORY,2024-05-29,0.004718778007839127,1.7711497922202155,0.06966333689270857,220,-0.03337202946531889,0.1340361808629437,9,0.028704461664697548,2,-0.036770833177239226,9,0.014026748711913138,3
0000950170-24-080026,HRTX,"HERON THERAPEUTICS, INC. /DE/",REGULATORY,2024-07-02,0.005051928283039201,2.0205824338292313,0.0701613546925564,220,-0.22902487380154368,-0.07179669218890589,9,-0.2321450273605684,2,0.18062919371998137,9,-0.249926550666443,3
0000950170-24-091769,HRTX,"HERON THERAPEUTICS, INC. /DE/",EARNINGS,2024-08-07,0.003394686669000429,1.86629206816923,0.0699152150783793,220,-0.24185676957148522,-0.08654364017612651,9,-0.22339469708278722,2,-0.19571959710689096,9,-0.22878641422457782,3
0000950170-24-120902,HRTX,"HERON THERAPEUTICS, INC. /DE/",OTHER,2024-11-05,0.0041674286319347675,2.0269377395894863,0.07020286983254592,220,-0.034294978405448366,-0.00521363234103348,9,-0.0719138417724152,2,-0.3861126380121175,9,-0.07171502247576006,3
0000950170-24-124626,HRTX,"HERON THERAPEUTICS, INC. /DE/",EARNINGS,2024-11-12,0.005540766933942556,1.978538146874586,0.06900615745100086,220,-0.3037426161954139,-0.1927063027402156,9,-0.36493194409911034,2,-0.1494777967096201,9,-0.32092902905571935,3
0000950170-24-132874,HRTX,"HERON THERAPEUTICS, INC. /DE/",OTHER,2024-12-04,0.00013926833011742353,1.9364231698999803,0.05239785910429985,220,0.3776668498360558,-0.00161375687517153,9,0.42949494396946747,2,-0.01766525139243495,9,0.39567092960352546,3
0000950170-24-139569,HRTX,"HERON THERAPEUTICS, INC. /DE/",OTHER,2024-12-24,-0.0005738514688539572,1.7379725581965464,0.051717793229624935,220,-0.031243873178975024,-0.058824122565827294,9,-0.01812736155592371,2,0.043167621949575685,9,-0.015302637274155841,3
0000950170-25-028372,HRTX,"HERON THERAPEUTICS, INC. /DE/",EARNINGS,2025-02-27,-0.002241494523894053,1.9261071380064485,0.05731186019549661,220,0.2318163982390482,0.07270241091964813,9,0.408877932403773,2,0.12013700689146281,9,0.42800392754213,3
0000950170-25-063973,HRTX,"HERON THERAPEUTICS, INC. /DE/",EARNINGS,2025-05-06,0.0005466858574012794,1.5677002499492185,0.058831869760384084,220,0.14870687435184973,0.02805289569293079,9,0.07545144602173406,2,-0.2403027169405396,9,0.005972627263889724,3
0000950170-25-107416,HRTX,"HERON THERAPEUTICS, INC. /DE/",OTHER,2025-08-13,0.0007788559750278054,0.9772752525206759,0.05468510449982949,220,0.06457802585536422,-0.32397139639685046,9,0.027994017756751297,2,0.0009562951213498774,9,0.04024858539925584,3
0000950170-25-109234,HRTX,"HERON THERAPEUTICS, INC. /DE/",OTHER,2025-08-15,0.0014391537319607608,0.9894285676155893,0.05440924112487937,220,-0.013937506045870489,-0.19071709424136196,9,-0.037717802018820475,2,0.025498116411004516,9,-0.07496323829760032,3
0001193125-25-256300,HRTX,"HERON THERAPEUTICS, INC. /DE/",OTHER,2025-10-30,-0.0007019997375707176,0.9173091553066214,0.05665361122801151,220,-0.014850427980126008,-0.14325329189327782,9,0.00038643741559078217,2,-0.021421675516460636,9,-0.016158935095777642,3
0001193125-25-263617,HRTX,"HERON THERAPEUTICS, INC. /DE/",EARNINGS,2025-11-04,-0.0005197315078339646,0.9159931143065758,0.05698669520472342,220,-0.022520692500597024,-0.15641942162064865,9,-0.051491078454801414,2,0.03972601653893926,9,-0.0354489815832198,3
0001193125-19-169172,IBRX,"ImmunityBio, Inc.",OTHER,2019-06-11,-0.0037970880061537907,2.040787022267334,0.06292260739689629,220,0.025312918506521308,0.027797687484756223,9,0.03271221478409937,2,0.0893565216900812,9,-0.012279348466013832,3
0001193125-20-177788,IBRX,"ImmunityBio, Inc.",OTHER,2020-06-25,0.010427592383904803,1.4042988221015504,0.08932164526116305,220,-0.10950243679848065,0.6293765563658624,9,-0.19179140296871816,2,0.19030393255656586,9,-0.13758383804399366,3
0001193125-20-179095,IBRX,"ImmunityBio, Inc.",OTHER,2020-06-26,0.010620543382035679,1.4073777607920182,0.08926687855420196,220,-0.08240878719034506,0.536388791808901,9,-0.026277251498660878,2,0.09107172559355042,9,-0.13600564761484785,3
0001193125-20-322298,IBRX,"ImmunityBio, Inc.",CLINICAL,2020-12-21,0.007626308034345144,1.3983262623260406,0.09877064286327429,220,0.5587767996148446,0.06932782695774825,9,0.6527581564637644,2,-0.3893283446657428,9,0.6113893261671478,3
0001193125-21-007807,IBRX,"ImmunityBio, Inc.",PRESENTATION,2021-01-13,0.004947932802806557,1.318545061610404,0.07784946361988225,220,-0.08417109322637772,-0.05635226369146845,9,0.11915196716562709,2,0.0126140024619575,9,0.22898834714689265,3
0001193125-21-054808,IBRX,"ImmunityBio, Inc.",OTHER,2021-02-25,0.006916472255202688,1.2013703872408272,0.08388249992910332,220,0.06889190467769032,0.15167333882986933,9,0.019306685274941733,2,-0.00685291934985105,9,0.007490684630735565,3
0001193125-21-057184,IBRX,"ImmunityBio, Inc.",OTHER,2021-02-26,0.007259312758883132,1.201836939978274,0.0841710242859242,220,-0.049925655903588204,0.2062412442333995,9,-0.06201749379324649,2,-0.10929715072857268,9,0.006542812261728051,3
0001193125-21-075243,IBRX,"ImmunityBio, Inc.",OTHER,2021-03-10,0.00912509556337522,1.1607467877240776,0.0851620365056804,220,0.17478572343191992,-0.1815799955312272,9,0.033219641045268755,2,-0.18022027236039362,9,0.1563905182469598,3
0001193125-21-084244,IBRX,"ImmunityBio, Inc.",PRESENTATION,2021-03-18,0.009807662184166973,1.1075097076203015,0.08458727734916856,220,-0.03792194862662183,0.11095132922801475,9,-0.011629270224754209,2,-0.5454120482056111,9,0.08538305761913562,3
0001193125-21-182190,IBRX,"ImmunityBio, Inc.",PRESENTATION,2021-06-04,0.007460232819802143,0.9684020133265429,0.08466039356045894,220,-0.029282250660516616,0.005483625702710989,9,-0.15630538596873386,2,-0.1893798063130692,9,-0.1423861045608272,3
0001193125-21-190551,IBRX,"ImmunityBio, Inc.",REGULATORY,2021-06-15,0.005046201501147582,1.2615895377717008,0.08296436549781484,220,-0.03555194477925482,-0.1936511173552459,9,-0.044634330445971024,2,-0.0436351885244414,9,-0.06962173419181689,3
0001193125-21-361818,IBRX,"ImmunityBio, Inc.",OTHER,2021-12-20,-0.002547475340667066,1.3232269176476974,0.05918891744524008,220,0.007443100521287528,-0.03287249837604814,9,-0.055175218451921894,2,0.14222119843877226,9,0.11489471767401659,3
0001193125-22-007333,IBRX,"ImmunityBio, Inc.",OTHER,2022-01-12,-0.00451052967844918,1.4293794207157529,0.05492142121391704,220,-0.024045256930921778,0.10134152793049404,9,-0.012497856002496172,2,-0.0534016083441649,9,0.034368174279422764,3
0001193125-22-042967,IBRX,"ImmunityBio, Inc.",OTHER,2022-02-15,-0.007510960437672191,1.0013544761060462,0.056663882017273355,220,0.2139710082079013,0.12395347104856314,9,0.28437112332500114,2,-0.049269579052245424,9,0.2599209059952221,3
0001193125-22-285314,IBRX,"ImmunityBio, Inc.",PRESENTATION,2022-11-15,0.003230764376292568,2.376712008352629,0.060889350398435356,220,-0.03976202048883956,-0.01665375882778207,9,-0.08601852652632924,2,-0.12658551718583927,9,-0.01594911948477988,3
0001326110-22-000076,IBRX,"ImmunityBio, Inc.",OTHER,2022-12-05,0.003755953520950004,2.495352596358139,0.056642509080460465,220,-0.013441049073263413,-0.10858059632078972,9,-0.01688045709162469,2,0.06601664888276133,9,0.09275925939074005,3
0001326110-23-000014,IBRX,"ImmunityBio, Inc.",OTHER,2023-02-13,0.0023634831047744625,2.5346430946133975,0.05351512475520422,220,-0.052896294969290394,-0.036727042846165806,9,-0.06205120765896633,2,-0.33344672804869674,9,-0.09317257725156425,3
0001193125-23-039399,IBRX,"ImmunityBio, Inc.",EARNINGS,2023-02-15,0.0018482598987325123,2.480443240849894,0.05211866292111003,220,-0.0740742960300276,-0.0541596375819291,9,-0.11891248749360038,2,-0.40094328705844506,9,-0.12757711290281443,3
0001326110-23-000023,IBRX,"ImmunityBio, Inc.",REGULATORY,2023-03-20,0.001008991727024685,2.475049068726519,0.05168379863362073,220,-0.06736124146227737,-0.28496990639214725,9,0.2620942928417114,2,-0.08561096719375974,9,0.2900250647363731,3
0001326110-23-000063,IBRX,"ImmunityBio, Inc.",REGULATORY,2023-05-11,-0.0005686803124059486,2.388284459825062,0.05718480887064126,220,-0.546713571793342,1.048376150432022,9,-0.7258112975855895,2,0.11638409786640842,9,-0.6857257519842885,3
0001193125-23-190491,IBRX,"ImmunityBio, Inc.",OTHER,2023-07-21,0.0014057008546376698,2.597271045517841,0.08342918871325283,220,-0.029087416847961588,0.06923094326385479,9,-0.09903528113419521,2,-0.23400814987593155,9,-0.15095109454347694,3
0001326110-23-000102,IBRX,"ImmunityBio, Inc.",OTHER,2023-08-16,0.0009970788567217948,2.6414426302047946,0.08286191296046738,220,0.018386244301722483,-0.04081146573648036,9,-0.02370748722508355,2,-0.19982673382160063,9,0.06552462206846382,3
0001326110-23-000112,IBRX,"ImmunityBio, Inc.",OTHER,2023-09-01,0.0004729832445343977,2.617634001306387,0.08297467780367437,220,-0.0550451496100363,-0.19431174811686058,9,-0.08995653512673506,2,0.1846852308348742,9,-0.11084119334055831,3
0001326110-23-000121,IBRX,"ImmunityBio, Inc.",OTHER,2023-09-11,-0.0007475334362215477,2.659683820088186,0.08299181807543472,220,0.1770536176996142,-0.2340776649026682,9,0.289794071319991,2,0.042332373710174565,9,0.27126919179219894,3
0001326110-24-000003,IBRX,"ImmunityBio, Inc.",OTHER,2024-01-02,0.0011510011698255135,3.015350952678725,0.09184963547699271,220,0.05954812146272456,0.2148203790263224,9,-0.015259695746663693,2,-0.28294803618111825,9,-0.04414963803714918,3
0001326110-24-000040,IBRX,"ImmunityBio, Inc.",REGULATORY,2024-04-23,0.0052863716620637985,2.888155971223118,0.09168779828315551,220,0.07177671804313093,-0.04855528697128392,9,-0.05417896746545614,2,0.5459495068587488,9,-0.14868096950570503,3
0001326110-24-000109,IBRX,"ImmunityBio, Inc.",EARNINGS,2024-11-12,-0.00016195090702207562,2.1734926148012907,0.0667036044165194,220,-0.08482957242262888,-0.15600719550766948,9,-0.10996583825246974,2,0.06354326863770228,9,-0.13341857461612813,3
0001326110-24-000115,IBRX,"ImmunityBio, Inc.",CLINICAL,2024-11-19,-0.0007846704326785398,2.1486050354874484,0.06624969376498563,220,0.06079515889044234,-0.18934186423740945,9,-0.027933434947226603,2,-0.0774081398033448,9,0.07986054583925913,3
0001193125-24-274871,IBRX,"ImmunityBio, Inc.",OTHER,2024-12-11,0.0023512436823369615,2.1651170288892865,0.06944473739102623,220,-0.3402098508085381,-0.08656830750638636,9,-0.3663254808927221,2,-0.13179253091602192,9,-0.3952785716555759,3
0001326110-25-000031,IBRX,"ImmunityBio, Inc.",EARNINGS,2025-03-03,-0.0023613340177722976,1.8973757802144187,0.06655197509069298,220,-0.09813530545490529,-0.022153443614087567,9,-0.013665833222626073,2,0.016178971488341822,9,0.10943549886074527,3
0001193125-25-075102,IBRX,"ImmunityBio, Inc.",OTHER,2025-04-08,-0.001878947238901895,1.861461411163952,0.06953838068085227,220,-0.0792595389638068,0.2664495731523531,9,-0.19849001926689114,2,0.1101906129470707,9,-0.23216479419370178,3
0001326110-25-000044,IBRX,"ImmunityBio, Inc.",EARNINGS,2025-04-15,-0.0018362764218044652,2.047803137049223,0.06979089028197519,220,-0.030490346161954892,-0.026654850512031092,9,-0.09104899410149823,2,-0.07845796460003798,9,-0.010220186454058165,3
0001193125-25-112057,IBRX,"ImmunityBio, Inc.",REGULATORY,2025-05-05,-0.004421192019225084,1.5325609381244152,0.05973592438531863,220,-0.16001881096989656,-0.0397292130764565,9,-0.18564507803494107,2,0.2971358491387552,9,-0.1838932975848842,3
0001326110-25-000069,IBRX,"ImmunityBio, Inc.",EARNINGS,2025-05-12,-0.0028480951855937115,1.5710986043013166,0.06050626440097655,220,0.091023929403552,-0.21074758428503998,9,0.14705590654084624,2,0.03224276602393042,9,0.14233638776461646,3
0001326110-25-000112,IBRX,"ImmunityBio, Inc.",EARNINGS,2025-08-05,-0.0010212927257543427,1.5137100929813405,0.06314021446031856,220,0.008695691402752696,-0.08537058659821471,9,-0.014325790415553314,2,-0.03548443846184585,9,-0.01943496419474014,3
0001193125-25-177024,IBRX,"ImmunityBio, Inc.",OTHER,2025-08-11,-0.0010329215949580854,1.4851330087621517,0.06316747834657829,220,0.016264844072129515,-0.14758234392524422,9,0.0014870666811707296,2,-0.06791514938457356,9,0.005492778711949198,3
0001326110-25-000138,IBRX,"ImmunityBio, Inc.",EARNINGS,2025-11-05,-0.002654627016442669,1.5246872461939622,0.056050679884818454,220,0.031024788874594915,-0.071494699762963,9,0.03608461632493544,2,0.05345342504648732,9,-0.0228337144388374,3
0001326110-25-000143,IBRX,"ImmunityBio, Inc.",REGULATORY,2025-12-12,-0.0009232637973365579,1.5818810402710384,0.049524225926750695,220,0.09555712175471329,0.08018211022254838,9,0.039548324776064694,2,-0.08875980077168344,9,-0.011035547488485183,3
0001193125-25-331244,IBRX,"ImmunityBio, Inc.",OTHER,2025-12-24,-0.0007651732353541929,1.5773013757421166,0.049279786914678485,220,0.014264455850810265,0.03115155677536941,9,0.015189582690995657,2,0.08716416668524471,9,-0.06614419002124701,3
0001110803-19-000006,ILMN,"ILLUMINA, INC.",EARNINGS,2019-01-30,0.00199916336992419,1.5964957510702358,0.01562404722682095,220,-0.07175862532035304,-0.0954122985396069,9,-0.06129049436827089,2,0.0012359861999533257,9,-0.06958348129993677,3
0001110803-19-000019,ILMN,"ILLUMINA, INC.",EARNINGS,2019-04-26,0.0007429004963479399,1.7096662178575017,0.01680474383504782,220,-0.024870310839889283,-0.06079693634178861,9,-0.034662067865815265,2,0.03980507441174201,9,-0.019472042557088745,3
0001110803-19-000031,ILMN,"ILLUMINA, INC.",OTHER,2019-06-18,0.00014920170301426785,1.725018704377274,0.017045538023769145,220,-0.027497277157046925,0.03477794858125523,9,-0.019781957314370782,2,0.024851874650261476,9,8.243313780527655e-05,3
0001110803-19-000035,ILMN,"ILLUMINA, INC.",EARNINGS,2019-07-12,0.00017114270512507207,1.7012723414907633,0.017033935937854884,220,-0.1689550480680372,-0.003145657088246011,9,-0.17874017831263095,2,-0.0126391127857771,9,-0.20715470013766726,3
0001110803-19-000037,ILMN,"ILLUMINA, INC.",EARNINGS,2019-07-30,0.0006241863668185958,1.6892835314153691,0.01694997174905699,220,-0.011095837455520912,-0.016664900816448044,9,0.004827695688527979,2,0.003445949904109291,9,0.018944879338931162,3
0001110803-19-000054,ILMN,"ILLUMINA, INC.",EARNINGS,2019-10-25,-0.0005949412741578103,1.4302251996995274,0.019265657606564776,220,-0.08405772906985491,0.021081419576336392,9,-0.045350233781474514,2,-0.05627561381949248,9,-0.03778226009318256,3
0001110803-19-000060,ILMN,"ILLUMINA, INC.",OTHER,2019-12-19,-0.0010997054769168418,1.3434353560699608,0.019401337702578937,220,-0.004499180576484586,-0.012483117553790406,9,0.005901626377884167,2,-0.015926382551301507,9,0.01242031000852746,3
0001110803-20-000005,ILMN,"ILLUMINA, INC.",OTHER,2020-01-03,-0.001025821016949184,1.2525732296948346,0.019296601029145467,220,-0.0025478171338683547,0.019815377694212773,9,0.0023756824502719157,2,-0.02393100163137691,9,-0.02260065433728252,3
0001110803-20-000009,ILMN,"ILLUMINA, INC.",EARNINGS,2020-01-17,-0.0005814086106522675,1.2347976143830968,0.018818311776734552,220,-0.007066537038440997,-0.026686810476994477,9,0.007050525799018743,2,-0.07830376798194921,9,0.01474587926958175,3
0001110803-20-000011,ILMN,"ILLUMINA, INC.",EARNINGS,2020-01-30,-0.00016911065880107433,1.2887934175599174,0.0182194695820503,220,-0.05923203465807847,-0.004786918014886454,9,-0.05569509071596439,2,-0.0537600342726407,9,-0.05757979253597742,3
0001110803-20-000026,ILMN,"ILLUMINA, INC.",EARNINGS,2020-04-15,-0.0009852245129051145,1.1352420652883355,0.018423882759775217,220,0.013055184136251403,-0.0021686558208355022,9,0.03985926735808672,2,-0.0020394195030472365,9,0.036487501219826315,3
0001110803-20-000030,ILMN,"ILLUMINA, INC.",EARNINGS,2020-05-01,-0.001024667197779252,0.9446537002668476,0.018681804428755486,220,-0.015186038666663057,0.008053534345286672,9,-0.009181887528259498,2,0.08441476816287546,9,0.005615232785969431,3
0001110803-20-000050,ILMN,"ILLUMINA, INC.",EARNINGS,2020-08-07,0.0008258423098772096,0.8686991263573011,0.019491554584194527,220,-0.11080771078264227,0.006107160789611715,9,-0.12072490786951166,2,-0.01704046129434034,9,-0.1308759796787037,3
0000950157-20-001121,ILMN,"ILLUMINA, INC.",OTHER,2020-09-21,0.0008604208789118449,0.8706895749889322,0.019368525955385747,220,-0.07702448382513921,-0.12773020909903662,9,-0.09274971395225332,2,0.13329586150146722,9,-0.09204178068220645,3
0001110803-20-000058,ILMN,"ILLUMINA, INC.",EARNINGS,2020-10-30,-0.000262653152696355,0.8649250541752784,0.021214226378840805,220,-0.061219265846919065,0.011945609609059712,9,-0.07003597180456983,2,-0.013796055929733432,9,-0.061740606106991246,3
0001110803-20-000066,ILMN,"ILLUMINA, INC.",OTHER,2020-11-10,-1.6180265486877895e-05,0.8701691342933308,0.022289943279561044,220,-0.012218095367750072,-0.05814258943069855,9,-0.016046361654111406,2,-0.004165545143903266,9,-0.03497972905644174,3
0001110803-21-000003,ILMN,"ILLUMINA, INC.",EARNINGS,2021-01-13,-0.0002749138777348289,0.8864854053860254,0.023165423744593384,220,-0.00011952108581596852,0.002921446324119243,9,0.028232057392167265,2,0.17283976841124313,9,-0.0017489081760298023,3
0001110803-21-000012,ILMN,"ILLUMINA, INC.",EARNINGS,2021-02-12,0.000703674754292657,0.8872362748806544,0.023046417945399897,220,0.1135699707687406,-0.0053114302801841665,9,0.08944477695299016,2,-0.09734938250634766,9,0.09001879900786405,3
0000950157-21-000303,ILMN,"ILLUMINA, INC.",OTHER,2021-03-05,0.00090946643172414,0.8768841778774301,0.02322919520721809,220,-0.018943030064407736,-0.1387505831221933,9,-0.05367162755922702,2,0.054711634423856265,9,-0.0840745015429343,3
0001193125-21-079640,ILMN,"ILLUMINA, INC.",OTHER,2021-03-15,0.0016939255526622794,0.8789805175665638,0.023243416530084368,220,0.03058395136330583,-0.10320402535070375,9,0.028118993624817634,2,-0.07616957414499015,9,0.006422812760295273,3
0000950157-21-000344,ILMN,"ILLUMINA, INC.",OTHER,2021-03-17,0.0018798776817177832,0.8414124493928502,0.02316686741603345,220,-0.003342565532931067,-0.0810264558664116,9,-0.018996609599539565,2,-0.088659664817891,9,-0.021694894787169516,3
0001193125-21-089600,ILMN,"ILLUMINA, INC.",OTHER,2021-03-23,0.0005000783488693906,0.9684940295659693,0.02157072033570858,220,-0.024255052253132292,0.05622497034032987,9,-0.042956883122206746,2,-0.05976862306737601,9,-0.017480453836365713,3
0001110803-21-000022,ILMN,"ILLUMINA, INC.",EARNINGS,2021-04-06,0.0011618523680875313,0.8958702095419127,0.022498371268171634,220,0.07816273140234019,-0.10823745714178547,9,0.04151693169123486,2,-0.027721866773937814,9,0.026197910669816006,3
0001110803-21-000028,ILMN,"ILLUMINA, INC.",EARNINGS,2021-04-28,7.45266063445593e-05,1.0256600098720878,0.02288440207429483,220,-0.019148581749390867,0.030809937236204794,9,-0.039592990048985754,2,-0.033841729455000566,9,-0.056582216918903624,3
0001110803-21-000040,ILMN,"ILLUMINA, INC.",EARNINGS,2021-08-06,0.00020486947842051685,1.1591168410745076,0.02227403862739816,220,-0.037878816783786975,0.0256785489956314,9,-0.019221894885991013,2,-0.0398817991229412,9,-0.004809160630003639,3
0000950157-21-000850,ILMN,"ILLUMINA, INC.",OTHER,2021-08-19,0.00017894960192408943,1.1503954608947315,0.02212581064293619,220,-0.08078736155383542,0.02214036032851056,9,-0.05535950887124383,2,-0.0616021917393455,9,-0.06643239580549191,3
0000950157-21-001099,ILMN,"ILLUMINA, INC.",OTHER,2021-10-15,0.00048132756150900654,1.0670770835817598,0.020945916298931767,220,-0.004123873429473011,-0.018718749563676453,9,-0.006300660394911347,2,-0.021285303416411404,9,-0.017424701453764582,3
0001110803-21-000044,ILMN,"ILLUMINA, INC.",EARNINGS,2021-11-05,0.000622409310142711,0.9970269575439741,0.020417747293233382,220,-0.03653558357261433,-0.010078415079552623,9,-0.05261198469024296,2,-0.06348063819149323,9,-0.0525463526862406,3
0001110803-22-000003,ILMN,"ILLUMINA, INC.",EARNINGS,2022-01-12,-0.0008334824933641214,1.0543284079679522,0.020048740022107433,220,-0.02662762825064494,-0.013770726930698057,9,-0.04479600901011399,2,-0.11807487348703459,9,0.11624782031468398,3
0001110803-22-000007,ILMN,"ILLUMINA, INC.",EARNINGS,2022-02-11,-0.002046763076946336,1.0467784456519105,0.017607461545362482,220,-0.0532169814981456,0.08374470627061902,9,-0.05212993166038713,2,0.0177985140000588,9,-0.057863326992447284,3
0001110803-22-000020,ILMN,"ILLUMINA, INC.",EARNINGS,2022-05-06,-0.0007130966424897458,1.2258910396987035,0.020090664867921916,220,-0.13824002149103717,-0.05513242882382947,9,-0.21218989979355607,2,0.13382104338000167,9,-0.219777218799587,3
0001110803-22-000026,ILMN,"ILLUMINA, INC.",OTHER,2022-05-09,-0.0008161524452342937,1.2266946677608508,0.020074298970743452,220,-0.07382109239087495,-0.057049311945409895,9,-0.0804163441930001,2,0.1257137372716911,9,-0.21854851306975226,3
0001110803-22-000035,ILMN,"ILLUMINA, INC.",OTHER,2022-07-15,-0.0025075443709170527,1.3475743713268298,0.023160477406066315,220,0.044357891982271205,0.0020230477113253875,9,0.04784456750609221,2,0.06833088820982236,9,0.03182295615451696,3
0001110803-22-000040,ILMN,"ILLUMINA, INC.",EARNINGS,2022-08-12,-0.0034052867090361093,1.3559900968592384,0.024018149930403285,220,-0.10357231901834145,0.048550774289966396,9,-0.01810548777428625,2,0.015019082462062489,9,-0.014084284370036365,3
0000950157-22-000997,ILMN,"ILLUMINA, INC.",OTHER,2022-09-07,-0.002733332803276252,1.4206483288353866,0.02363175910393646,220,0.0007415261757348912,0.10661999711704297,9,0.0017710511319906207,2,0.05862463785592474,9,0.03511057742774361,3
0001193125-22-258375,ILMN,"ILLUMINA, INC.",OTHER,2022-10-06,-0.0026027765886460948,1.4205450534898918,0.02547971672843035,220,-0.009285238176941428,0.06236830026029616,9,0.0021976194247934275,2,0.02531711192115906,9,0.0737471041740145,3
0001110803-22-000045,ILMN,"ILLUMINA, INC.",EARNINGS,2022-11-04,-0.0016396233421000815,1.4080471981059361,0.02643406343876504,220,0.04002471376590412,-0.0069631821770644795,9,-0.0037619093040291707,2,-0.023055462034735703,9,0.01687924640057749,3
0001193125-22-284674,ILMN,"ILLUMINA, INC.",OTHER,2022-11-15,-0.0013001348085597499,1.4002365827516468,0.026919507563195482,220,0.006068813587849015,0.033494849177322344,9,-0.010042385126825749,2,-0.09020026238125542,9,-0.03048823165711629,3
0001193125-22-296685,ILMN,"ILLUMINA, INC.",OTHER,2022-12-02,-0.0006901723188717614,1.4504215012902957,0.02728533337821544,220,-0.007144834199714785,-0.09725596531633776,9,-0.002761632664268757,2,-0.008201644184810427,9,0.011743647869607403,3
0001193125-22-303832,ILMN,"ILLUMINA, INC.",OTHER,2022-12-14,-0.0008064076581478358,1.430754880711445,0.02763409302357643,220,0.006252959403935226,-0.005135015183210854,9,0.030056982381392323,2,-0.0016250169204995307,9,0.030775331815210485,3
0001110803-23-000003,ILMN,"ILLUMINA, INC.",EARNINGS,2023-01-11,-0.0016407179207950091,1.4435448580313455,0.02593964570113117,220,0.03275286818882023,0.07817309902645084,9,-0.021339811998006553,2,0.08457468584796463,9,-0.09185502863126754,3
0001110803-23-000017,ILMN,"ILLUMINA, INC.",EARNINGS,2023-02-08,-0.0012931293606103186,1.435573401435827,0.025646667772866255,220,-0.06292028901163468,-0.05073497176532393,9,-0.06248158795435231,2,0.07146632092415857,9,-0.04623134859433575,3
0001110803-23-000028,ILMN,"ILLUMINA, INC.",EARNINGS,2023-04-26,-0.0003236948078464498,1.5101492497623559,0.030016852964637884,220,-0.028626739513721723,-0.0011110990909244476,9,-0.08951056357429403,2,0.029537880565504264,9,-0.11052832049315031,3
0000950157-23-000577,ILMN,"ILLUMINA, INC.",OTHER,2023-05-26,-8.790808211707577e-06,1.5015307623853456,0.02800982713657896,220,-0.007242676324209312,0.026686965636309352,9,-0.014850238651741884,2,0.022059228737353095,9,-0.11775735100530127,3
0001110803-23-000060,ILMN,"ILLUMINA, INC.",EARNINGS,2023-08-10,-0.0008708418145190056,1.3591546418352967,0.028802122774928152,220,0.0037975940165848937,0.0017756873087827092,9,-0.01960383673184143,2,-0.08656645240625753,9,-0.01861748457052423,3
0001110803-23-000085,ILMN,"ILLUMINA, INC.",EARNINGS,2023-11-10,-0.0029768328097116285,1.3393560953690669,0.02504789897969814,220,-0.09840608351316016,-0.055769968794368505,9,-0.1508769547298547,2,0.008117353756698767,9,-0.1710591291159412,3
0001110803-24-000002,ILMN,"ILLUMINA, INC.",EARNINGS,2024-01-09,-0.004124228590301413,1.3967296324055554,0.026859718601418964,220,0.051731809446552285,-0.018959416627006277,9,0.05432581192440053,2,0.014909770473550167,9,0.06288198334183187,3
0001110803-24-000007,ILMN,"ILLUMINA, INC.",EARNINGS,2024-02-09,-0.0021673367310614,1.3464324053757997,0.027544296221096727,220,-0.043917466918712955,-0.0051708042813311955,9,-0.025779046787337993,2,-0.011566805586422015,9,-0.021477981498676184,3
0000950157-24-000591,ILMN,"ILLUMINA, INC.",OTHER,2024-04-10,-0.0033294418255875318,1.3234505469758064,0.024851043061788855,220,-0.0013866973165699223,0.004724047060569669,9,-0.011628539567387573,2,0.0033096198728377393,9,0.016683969225886865,3
0001110803-24-000013,ILMN,"ILLUMINA, INC.",REGULATORY,2024-04-12,-0.0032327509908901967,1.3127380651066063,0.024896056635762744,220,-0.0064207758568424304,-0.0019193311664103124,9,-0.03325167071061712,2,0.029795625420110092,9,-0.043509356199682964,3
0001110803-24-000019,ILMN,"ILLUMINA, INC.",EARNINGS,2024-05-03,-0.0030072502852797446,1.2972516718846958,0.024912770979691287,220,-0.06194770183971951,0.09222295180488617,9,-0.06343309450996742,2,-0.07120897204336417,9,-0.07809358735531455,3
0001193125-24-153239,ILMN,"ILLUMINA, INC.",OTHER,2024-06-04,-0.0034442478516397744,1.465044986284901,0.023363416930773165,220,-0.010866218012289899,-0.024989068207851347,9,0.021510974552804967,2,0.01001853671604445,9,0.015033987361754517,3
0001193125-24-167025,ILMN,"ILLUMINA, INC.",OTHER,2024-06-25,-0.0034064371327737824,1.3668736184575505,0.023774872123231615,220,0.022412742344115784,-0.044973104037025646,9,-0.013760127941676054,2,0.06253242320483066,9,0.009471422901923245,3
0001110803-24-000042,ILMN,"ILLUMINA, INC.",EARNINGS,2024-08-07,-0.003433108676985215,1.4695183401445755,0.024299142402598214,220,0.053990976557829896,0.12934085269512086,9,0.06969581568283563,2,-0.0006953535734060693,9,0.06728843374489608,3
0001193125-24-214335,ILMN,"ILLUMINA, INC.",OTHER,2024-09-06,-0.0023769157692761084,1.4838876943468258,0.025194888489712523,220,-0.01403300666366539,0.01669862223413267,9,-0.043142813184053816,2,0.027673191961361497,9,-0.02805797453292795,3
0001193125-24-215883,ILMN,"ILLUMINA, INC.",OTHER,2024-09-10,-0.0020995287430418514,1.4994686249988218,0.025155433631890448,220,0.008543466797182162,0.02410871115265747,9,0.0008991189661694751,2,0.0015543073780326412,9,-0.028662524451673214,3
0001110803-24-000049,ILMN,"ILLUMINA, INC.",EARNINGS,2024-11-05,-0.0005359797885913624,1.2719159508700724,0.02508423094067235,220,-0.005266752721431671,0.06450724313057586,9,-0.05655623432326801,2,-0.10757645581758532,9,-0.028373815624430393,3
0001110803-25-000009,ILMN,"ILLUMINA, INC.",EARNINGS,2025-01-14,-0.0007011308708653617,1.1316625950847607,0.022453466914654954,220,-0.05452390443233922,0.05997485636935741,9,-0.07653255313953473,2,-0.042251961602909886,9,-0.022498136464535537,3
0001110803-25-000014,ILMN,"ILLUMINA, INC.",EARNINGS,2025-02-07,-0.000800309191331545,1.1453677991443114,0.022663366210043553,220,-0.08431819997348045,-0.05802782841510743,9,-0.14595136185743918,2,-0.085616055950862,9,-0.1642106236638759,3
0001110803-25-000025,ILMN,"ILLUMINA, INC.",OTHER,2025-03-11,-0.0004985958156569198,1.080268007635513,0.022793701567625432,220,-0.007387775159849917,-0.03478224910648065,9,-0.01640769118755461,2,0.008543494975386806,9,0.005360454162070365,3
0001110803-25-000032,ILMN,"ILLUMINA, INC.",OTHER,2025-03-26,-0.0014810389546144652,1.0629716655067765,0.02382105588549956,220,-0.03952480556878833,0.016649480303616154,9,-0.041860937867276966,2,-0.02738645982184081,9,-0.048502100246620036,3
0001110803-25-000044,ILMN,"ILLUMINA, INC.",EARNINGS,2025-05-09,-0.0014012178424559554,1.0155914854041155,0.023882273615903123,220,-0.04530681066207454,-0.028808367396605795,9,-0.0007787692010932656,2,0.007913439113206352,9,0.03585126665706163,3
0001193125-25-144290,ILMN,"ILLUMINA, INC.",OTHER,2025-06-23,-0.0013565206200309926,0.9664309462125699,0.02345841652148273,220,-0.0068631431466773425,0.09971843798399092,9,-0.006140067701467928,2,0.07384797611233049,9,3.4237823788954916e-05,3
0001110803-25-000057,ILMN,"ILLUMINA, INC.",EARNINGS,2025-08-01,-0.0015849799708701777,1.0299451235338453,0.023185338335776955,220,-0.05990975393488486,0.09326075074435611,9,-0.03404742556063178,2,0.012982198268329026,9,-0.06563245842778184,3
0001110803-25-000071,ILMN,"ILLUMINA, INC.",EARNINGS,2025-10-31,-0.0020525001621509572,1.0865617186409606,0.023444613496087154,220,0.2462410713084532,-0.031915970782628575,9,0.21751881931467879,2,0.04372109133910035,9,0.27340288207899105,3
0001193125-25-277870,ILMN,"ILLUMINA, INC.",OTHER,2025-11-13,-0.0020150774295502986,1.1280769957651928,0.023797701392515413,220,0.00392822313345851,0.3089711128639609,9,0.012298355230369575,2,0.08576615163399162,9,0.008628826703699024,3
0001193125-25-297576,ILMN,"ILLUMINA, INC.",OTHER,2025-11-26,-0.0023666999005485948,1.1052331252057028,0.0236332133305463,220,-0.003951957064357415,0.07243846311053258,9,0.005015745522211225,2,0.05057476998253051,9,0.026202328794005893,3
0002007919-25-000003,INBX,"Inhibrx Biosciences, Inc.",OTHER,2025-01-14,0.0014384051433200947,1.0072606444440444,0.042976825257946986,126,-0.06880668298587167,-0.021818388010888527,9,-0.03126730533596565,2,-0.11380591341111933,9,-0.07438023652966654,3
0002007919-25-000007,INBX,"Inhibrx Biosciences, Inc.",CLINICAL,2025-01-22,0.0011521985689001628,0.9821720266790266,0.042266172212879496,131,-0.04825193582642346,-0.19116924176841232,9,-0.09226490259016004,2,0.04358142840488737,9,-0.05051721978707256,3
0002007919-25-000020,INBX,"Inhibrx Biosciences, Inc.",EARNINGS,2025-03-18,0.0002011498001241725,1.2524709622542716,0.04028540385923877,169,0.017640085650229807,0.08576745635817486,9,0.003798746182459794,2,0.012343472031946155,9,-0.017408204330999356,3
0002007919-25-000057,INBX,"Inhibrx Biosciences, Inc.",EARNINGS,2025-05-15,0.0008264970282559642,1.1428067084534055,0.037837994337901235,210,0.10244770336953296,-0.15359417091826277,9,0.1201729224517113,2,0.09508333684189986,9,0.07887900929914901,3
0002007919-25-000083,INBX,"Inhibrx Biosciences, Inc.",EARNINGS,2025-08-14,0.001129972901428533,0.8846000438722575,0.03263779276617787,220,0.014485704185142651,-0.06684290354115274,9,-0.010053637440199213,2,0.16607215576625844,9,0.06106190633189913,3
0002007919-25-000089,INBX,"Inhibrx Biosciences, Inc.",CLINICAL,2025-10-24,0.00271766924740148,0.8831562707548997,0.034635952876236525,220,1.0101634072392311,-0.10510021408440312,9,1.024256396615883,2,0.33001482729920284,9,0.9160477609402146,3
0002007919-25-000094,INBX,"Inhibrx Biosciences, Inc.",EARNINGS,2025-11-14,0.003833630222605189,0.8703408338919796,0.03510120841316911,220,0.05674843741883328,-0.10462856734168162,9,0.03852859041611121,2,-0.005420033770830071,9,0.06686785264357434,3
0002007919-25-000097,INBX,"Inhibrx Biosciences, Inc.",CLINICAL,2025-12-17,0.00936160515184878,1.1138393956387835,0.0786649236213439,220,0.021528892062821818,-0.15229622271781826,9,0.030594802636744876,2,-0.21857832285500944,9,0.09460861102486554,3
0001140361-20-017532,IONS,IONIS PHARMACEUTICALS INC,EARNINGS,2020-08-05,-0.000808926267316219,0.8695324643237352,0.01972029311118339,220,-0.03430143660442708,-0.03260882761968335,9,-0.05618030975557971,2,-0.07668603627677727,9,-0.05788527723313905,3
0001193125-20-235408,IONS,IONIS PHARMACEUTICALS INC,OTHER,2020-08-31,-0.00031321238524284657,0.8748171842002631,0.01944451897839492,220,0.03587484626099476,-0.028886462108386614,9,0.023728418982450317,2,0.010605504877176163,9,0.02181201502851858,3
0001193125-20-268017,IONS,IONIS PHARMACEUTICALS INC,OTHER,2020-10-13,-0.001226337928797856,0.8639258422660062,0.018982376143795335,220,0.03892127065154421,-0.08278114182716273,9,0.04015604102088364,2,0.020597281260813845,9,0.0392383276854858,3
0001140361-20-024494,IONS,IONIS PHARMACEUTICALS INC,EARNINGS,2020-11-04,-0.0006279066784834049,0.8591106454049959,0.018723966009518492,220,-0.0055938917406446916,0.02606535873490714,9,0.0015933721780046414,2,0.032472617222951014,9,-0.008029451026603891,3
0001140361-20-027746,IONS,IONIS PHARMACEUTICALS INC,PRESENTATION,2020-12-09,-0.0014571003725495036,0.862816385009928,0.019154675688532418,220,-0.038374905986517244,-0.013414846967559253,9,-0.04242341402554204,2,0.27811409867451975,9,-0.06992721610133117,3
0001140361-21-005959,IONS,IONIS PHARMACEUTICALS INC,EARNINGS,2021-02-24,-0.00027763474566287706,0.8633577773342946,0.021500188271907684,220,-0.006381201206145997,-0.053651468162138574,9,-0.03511360680608949,2,-0.04187320671474871,9,-0.033918051036237545,3
0001140361-21-009508,IONS,IONIS PHARMACEUTICALS INC,CLINICAL,2021-03-23,-0.00013548337694632142,0.7711625589342043,0.021344182213740986,220,-0.21036556252862348,0.042048048372209004,9,-0.21342159058960994,2,-0.022382842045347906,9,-0.1930649925288044,3
0001193125-21-113586,IONS,IONIS PHARMACEUTICALS INC,OTHER,2021-04-13,-0.0009075970177825992,0.777412401269033,0.020989022509991243,220,0.0039863558737022195,-0.030459357241876005,9,0.025558334324400345,2,0.03350494123352141,9,-0.008992133452468448,3
0001140361-21-015877,IONS,IONIS PHARMACEUTICALS INC,EARNINGS,2021-05-05,-0.0011314475196276738,0.8201120167018275,0.02075868452516794,220,-0.048910662668798066,0.04229543031923473,9,-0.11850472069090927,2,-0.02630335843359419,9,-0.13580766681482187,3
0001140361-21-026829,IONS,IONIS PHARMACEUTICALS INC,EARNINGS,2021-08-04,-0.002730295417152545,0.9454718171757251,0.026483559270538175,220,0.00738086922982865,0.0387276378045622,9,0.045647105200928975,2,-0.0035768139960751927,9,0.045469145552123946,3
0001140361-21-034722,IONS,IONIS PHARMACEUTICALS INC,CLINICAL,2021-10-18,-0.001678086572396297,1.0186500893748398,0.02647901050146927,220,-0.13951424673206514,0.024220865267590368,9,-0.1116454141403648,2,0.04983722089857685,9,-0.10003905146540223,3
0001140361-21-036328,IONS,IONIS PHARMACEUTICALS INC,EARNINGS,2021-11-03,-0.002112872479275231,1.1165700401691936,0.02670621670330182,220,0.019256895279531682,0.051720375764552115,9,0.041878277918174056,2,-0.046187229224314466,9,0.038567568026569826,3
0001140361-21-039298,IONS,IONIS PHARMACEUTICALS INC,CLINICAL,2021-11-24,-0.0023727035521703874,1.1115627814356455,0.026626258114783457,220,-0.019388341782277288,-0.08133316753035402,9,-0.01608184404952583,2,0.0571635895961276,9,-0.025623452335333963,3
0001140361-22-006515,IONS,IONIS PHARMACEUTICALS INC,EARNINGS,2022-02-24,-0.003083807386805245,1.106256709526882,0.02946902954891062,220,0.04370859910422979,0.04102296840431337,9,0.0005310583748933395,2,0.10343952986372736,9,0.0037745796130542603,3
0001140361-22-017616,IONS,IONIS PHARMACEUTICALS INC,EARNINGS,2022-05-04,-0.00028278148607251835,0.9497839141536462,0.02581627036317918,220,-0.0005890374387816123,0.00968531169740032,9,-0.005204163636820237,2,0.07859384765446761,9,-0.005887090386030414,3
0001140361-22-023541,IONS,IONIS PHARMACEUTICALS INC,CLINICAL,2022-06-21,0.00043790181156093687,1.039200409817231,0.025850328694498596,220,0.03437762338475259,0.045836289366867775,9,0.031279260441882256,2,-0.03805461394147808,9,0.07396114514476909,3
0001140361-22-026294,IONS,IONIS PHARMACEUTICALS INC,OTHER,2022-07-19,0.000409997764719208,1.1097308423279872,0.02777981758005103,220,-0.016454902261472677,0.019507638312267487,9,-0.030811173801214793,2,-0.08806832654139564,9,-0.03655851025712379,3
0001140361-22-028849,IONS,IONIS PHARMACEUTICALS INC,EARNINGS,2022-08-09,0.0009963229050429377,1.0643561238892258,0.028260514573558018,220,-0.02849160574203574,0.1281466826995219,9,-0.010045104145928237,2,-0.03803299609789448,9,-0.009586901618096354,3
0001140361-22-040624,IONS,IONIS PHARMACEUTICALS INC,EARNINGS,2022-11-09,0.0026052040436598755,1.088349126654224,0.02775138906896072,220,0.038988829493533675,-0.07041507763694428,9,0.03254245186778727,2,-0.14019218783960066,9,0.03944597338704725,3
0001140361-23-007944,IONS,IONIS PHARMACEUTICALS INC,EARNINGS,2023-02-22,0.0018012216562175289,0.8495438475039503,0.025325373393028625,220,-0.038035604479124865,-0.057776982455188,9,-0.04734502757078855,2,-0.04118255562517965,9,-0.04168919227869726,3
0001140361-23-013852,IONS,IONIS PHARMACEUTICALS INC,CLINICAL,2023-03-27,0.0009896644703502185,0.8553127977734923,0.02533994472795383,220,-0.009363548611420884,-0.03701446521405555,9,0.008470465191111562,2,0.045076941212905855,9,0.011683886346400572,3
0001140361-23-019757,IONS,IONIS PHARMACEUTICALS INC,CLINICAL,2023-04-24,-0.0002504383534863876,0.887570975013915,0.024661845827290373,220,-0.03344017462167523,-0.03293913469288352,9,-0.0146211010451649,2,-0.03088525436849731,9,0.007082043091796289,3
0001140361-23-020335,IONS,IONIS PHARMACEUTICALS INC,REGULATORY,2023-04-26,-0.00026591801978479503,0.8740461806636453,0.024604873420455857,220,0.00034481846505534167,-0.042801285066511124,9,-0.030775855019194408,2,0.018960666289963204,9,-0.012155995195051505,3
0001140361-23-022621,IONS,IONIS PHARMACEUTICALS INC,EARNINGS,2023-05-03,7.561284766135434e-05,0.8508451740107199,0.024304891920422306,220,-0.016476579159051787,-0.02197203789864214,9,0.025466353345512203,2,-0.012195258348336813,9,0.030469196636951204,3
0001193125-23-161613,IONS,IONIS PHARMACEUTICALS INC,OTHER,2023-06-07,0.00027544784304445863,0.7780026893242151,0.02186313147871319,220,-0.06174422470928507,0.02417049431965372,9,-0.03959834429543731,2,-0.02833424937720938,9,-0.016248212432051386,3
0001193125-23-165273,IONS,IONIS PHARMACEUTICALS INC,OTHER,2023-06-13,4.465989145310454e-05,0.7742502021392442,0.02191449142271912,220,0.0010962529956627136,-0.015927691635911338,9,-0.025413401295199135,2,0.0006167450092583945,9,-0.008373902961803112,3
0001140361-23-033840,IONS,IONIS PHARMACEUTICALS INC,CLINICAL,2023-07-10,0.0005756779871547531,0.698428557558453,0.022308730023508472,220,-0.0023434889610824848,0.005137227980935239,9,0.0002920211321020107,2,-0.09284958517456761,9,0.0019586290469690393,3
0001140361-23-038715,IONS,IONIS PHARMACEUTICALS INC,EARNINGS,2023-08-09,-0.0005421032025277666,0.6820857319815207,0.02176470727799104,220,0.016227231383822656,-0.00428249609055327,9,0.012273292940385394,2,0.006963029894894347,9,0.02677342866408769,3
0001140361-23-040746,IONS,IONIS PHARMACEUTICALS INC,OTHER,2023-08-22,-0.0002600562506908245,0.6698196081228076,0.021544529233724474,220,0.0051355957465491564,0.017124871450825297,9,0.008108305952644555,2,-0.00011432502917410603,9,0.013019380889106508,3
0001140361-23-041038,IONS,IONIS PHARMACEUTICALS INC,OTHER,2023-08-24,-0.00029716160718799443,0.6699141930898239,0.021511994792359043,220,0.01184736758374999,-0.0025208278647043773,9,0.020232578605100037,2,0.01701119867664987,9,0.023241340698106204,3
0001140361-23-045170,IONS,IONIS PHARMACEUTICALS INC,CLINICAL,2023-09-26,-0.0004878399309322839,0.5381032267296016,0.021038633028425086,220,0.09325019590513517,0.05992712168112771,9,0.11188977816029018,2,-0.012687502285772466,9,0.10894411279064342,3
0001140361-23-051047,IONS,IONIS PHARMACEUTICALS INC,EARNINGS,2023-11-02,-0.0004999362388826046,0.6146153698657414,0.020892086777461703,220,-0.04508351171687715,-0.014147399508223898,9,0.02893105485790573,2,0.013322133958066085,9,0.045239032562301065,3
0001140361-23-058974,IONS,IONIS PHARMACEUTICALS INC,REGULATORY,2023-12-22,0.000777740876227884,0.5206677392629437,0.02259437954136539,220,0.04052975069658927,-0.04248340535985302,9,0.03970230666929334,2,0.02742491850088712,9,0.050126605040875356,3
0001140361-24-002995,IONS,IONIS PHARMACEUTICALS INC,CLINICAL,2024-01-22,0.0007522521866783847,0.5831213307204407,0.02203977847659926,220,-0.0013967161383586961,-0.03220767023583272,9,0.011833630556755955,2,-0.06225282464575284,9,0.010327245959212944,3
0001140361-24-008700,IONS,IONIS PHARMACEUTICALS INC,EARNINGS,2024-02-21,0.0010744728210264163,0.5634473690149289,0.022289196980792823,220,-0.020074102248637482,-0.11965607850744067,9,-0.022471750327029118,2,-0.0033927378325198463,9,-0.02224482144967154,3
0001140361-24-018449,IONS,IONIS PHARMACEUTICALS INC,CLINICAL,2024-04-08,0.0005270753366783625,0.4628331285544883,0.022881522086132387,220,-0.023460648858159464,0.006857592167177715,9,-0.010555291943704926,2,-0.028664699796241727,9,-0.006811766549368247,3
0001140361-24-024648,IONS,IONIS PHARMACEUTICALS INC,EARNINGS,2024-05-07,0.0005617309246211562,0.5021802378837952,0.022560109538938757,220,-0.033045864735089615,0.006756585821032987,9,-0.052468756132560246,2,-0.08787466578143899,9,-0.05083016826138402,3
0001140361-24-028247,IONS,IONIS PHARMACEUTICALS INC,CLINICAL,2024-05-31,-0.000469127303073661,0.5537288663371972,0.02132765633685247,220,0.023332735956306836,-0.061877729336685706,9,0.05529070795081817,2,0.038177055122256706,9,0.06217658014913305,3
0001140361-24-035233,IONS,IONIS PHARMACEUTICALS INC,EARNINGS,2024-08-01,-0.00019170473382682987,0.4801258447450654,0.021367375260906204,220,0.04459686452583874,0.05420667446160689,9,0.011054335405220418,2,-0.0666165257597941,9,-0.002986556366065443,3
0001193125-24-215939,IONS,IONIS PHARMACEUTICALS INC,OTHER,2024-09-10,0.000749589550425108,0.5310781563321375,0.022901296215934414,220,-0.12596793411159501,0.01563914839866268,9,-0.12886324351692904,2,-0.0584828364986458,9,-0.10484875562165959,3
0001193125-24-217333,IONS,IONIS PHARMACEUTICALS INC,OTHER,2024-09-12,0.0003600389213794595,0.5667458830752398,0.0226386524917149,220,-0.04063805548567104,-0.11160527109688734,9,-0.015435458399974695,2,-0.04000530748564498,9,-0.01830713509964901,3
0001140361-24-045370,IONS,IONIS PHARMACEUTICALS INC,EARNINGS,2024-11-06,-0.0012156089960698277,0.6025271396451568,0.022423129336688396,220,-0.00758084516556963,0.019762758550982563,9,-0.02588074477802769,2,-0.061627439972108844,9,-0.022585587535699767,3
0001140361-24-050057,IONS,IONIS PHARMACEUTICALS INC,REGULATORY,2024-12-20,-0.0014436044242115077,0.6034269327945208,0.022118613767364362,220,-0.004680162906941227,0.022398380069830193,9,0.005779822407154163,2,-0.011172630450480593,9,-0.010798185380422914,3
0001140361-25-005080,IONS,IONIS PHARMACEUTICALS INC,EARNINGS,2025-02-19,-0.001473733139194083,0.7589884747870612,0.0220475924218147,220,-0.004695510242641022,-0.03358899886512427,9,0.027600031381243995,2,0.0818039442323398,9,0.056162456556791154,3
0001140361-25-016562,IONS,IONIS PHARMACEUTICALS INC,EARNINGS,2025-04-30,-0.001053024632261799,0.8030989688563394,0.02429128619227708,220,0.03092561924799404,0.027859905245059848,9,0.05884978130443967,2,0.0001784773554397434,9,0.05719749536127808,3
0001140361-25-019620,IONS,IONIS PHARMACEUTICALS INC,CLINICAL,2025-05-19,-0.001043573531392938,0.7615327662182442,0.025210188568697646,220,0.014215283746078299,-0.01195784457455766,9,0.030749087525441796,2,0.01499999741184063,9,0.044247031951330826,3
0001140361-25-027949,IONS,IONIS PHARMACEUTICALS INC,EARNINGS,2025-07-30,-0.0016693461361143177,0.8485996041326263,0.024302883196392802,220,0.04830215977718472,-0.024173220217846562,9,0.04416244766694984,2,0.0033436529179798682,9,0.05559990083563663,3
0001140361-25-032176,IONS,IONIS PHARMACEUTICALS INC,REGULATORY,2025-08-21,-0.0006357714041216486,0.8747702407085408,0.025125827416576346,220,0.014189656452947837,0.04076952410763237,9,-0.01132796180049685,2,0.41544900527790507,9,-0.0005995347855042715,3
0001140361-25-033541,IONS,IONIS PHARMACEUTICALS INC,CLINICAL,2025-09-02,-0.00102290831243471,0.8829944054270997,0.025012792197215552,220,0.3558307189736172,-0.024505764224862406,9,0.4042511851664371,2,0.00356246264824226,9,0.41100939515031876,3
0001140361-25-035634,IONS,IONIS PHARMACEUTICALS INC,CLINICAL,2025-09-22,-0.00038461834644028074,0.8963861581416526,0.023398717612569817,220,0.0018805733309609843,-0.0066551933671046715,9,0.026864398121126894,2,0.0917813876846837,9,0.010985502564531444,3
0001140361-25-039650,IONS,IONIS PHARMACEUTICALS INC,EARNINGS,2025-10-29,0.0019114867860589462,0.7979696618764012,0.033874983907503646,220,-0.02526608961859031,-0.021209680112843982,9,0.013457168440067016,2,-0.03915026262963124,9,0.017372580781148957,3
0001140361-25-041225,IONS,IONIS PHARMACEUTICALS INC,CLINICAL,2025-11-10,0.0024019017575744187,0.8032844914821843,0.033886057686619335,220,-0.06945733775636188,0.032809592633410586,9,-0.03185188344826626,2,0.07829635997038796,9,-0.04246693777824322,3
0001193125-25-284609,IONS,IONIS PHARMACEUTICALS INC,OTHER,2025-11-18,0.003151310226105868,0.7704697764470991,0.033572476191303595,220,0.020244738094277664,-0.040736623614970116,9,0.007405557627477657,2,0.04988612658009379,9,0.03533156884314882,3
0001564590-20-014239,ISCO,International Stem Cell CORP,OTHER,2020-03-31,0.002622834505366079,0.5599063415440878,0.09477254616838321,220,0.04827599271417447,-0.008188114826693765,9,0.07085170156522355,2,-0.10224197520585404,9,-0.009954457922004386,3
0000950170-22-004161,JANX,"Janux Therapeutics, Inc.",EARNINGS,2022-03-21,-0.0025509007731433515,1.929037917048113,0.054259155787104794,164,-0.09178450744523067,-0.08033054905663152,9,-0.09018072162286578,2,0.00975211475018948,9,-0.07058064357287719,3
0000950170-22-006779,JANX,"Janux Therapeutics, Inc.",PRESENTATION,2022-05-02,-0.001269793693011981,1.709165085226776,0.0519211507387266,193,0.041794622930358544,-0.16184586013316055,9,0.03909808954307875,2,0.09552493731579736,9,0.0154867502148372,3
0000950170-22-008972,JANX,"Janux Therapeutics, Inc.",EARNINGS,2022-05-11,-0.002456003855403663,1.6467404662376237,0.05242522690688138,200,0.03840164836019244,-0.14702393596278296,9,0.06970797269204265,2,0.0339472781567747,9,0.11871853307778565,3
0000950170-22-016068,JANX,"Janux Therapeutics, Inc.",EARNINGS,2022-08-10,-0.0019586252392812405,1.578781912599545,0.049862650083756135,220,0.08757801383333866,-0.06041737693658731,9,0.05510338536493721,2,-0.0014131730063657033,9,-0.033770253397903766,3
0000950170-22-024472,JANX,"Janux Therapeutics, Inc.",EARNINGS,2022-11-11,0.0003986269529737882,1.5063513992012543,0.045843993419446685,220,0.04283938682073968,-0.06278766452472252,9,-0.027288348028804935,2,-0.18926469312957156,9,-0.02740045997403988,3
0000950170-23-007286,JANX,"Janux Therapeutics, Inc.",EARNINGS,2023-03-13,0.002515631544899574,1.3653785801566067,0.05036591397327474,220,-0.023990294022552868,-0.07805421163320314,9,-0.005471100676704973,2,-0.25214448068112616,9,0.009943463818597186,3
0000950170-23-019641,JANX,"Janux Therapeutics, Inc.",EARNINGS,2023-05-10,0.001813520992783249,1.3477988375925245,0.050607382238979204,220,0.032429708433475674,-0.11148536462330047,9,-0.028361046010946883,2,-0.013693107846088418,9,-0.05271041957416654,3
0001193125-23-188867,JANX,"Janux Therapeutics, Inc.",OTHER,2023-07-19,0.00026005338351369205,1.4919517097210033,0.049930725109822736,220,0.01243485691579595,-0.03669065645087623,9,0.004736820423755806,2,0.03829529799351092,9,0.0239188538309017,3
0000950170-23-060238,JANX,"Janux Therapeutics, Inc.",EARNINGS,2023-11-08,-0.0024015105685002563,1.723631601739589,0.044742832330527005,220,0.010285684607220203,-0.08031847905066317,9,-0.09018481908943733,2,0.4138503591699303,9,-0.04308910230655761,3
0000950170-24-020183,JANX,"Janux Therapeutics, Inc.",CLINICAL,2024-02-27,-0.003246845137018835,2.353694266438724,0.04202367619617595,220,2.2935761774113623,0.5760875683147225,9,2.236516845910537,2,-0.19344064847058767,9,2.2107806173135374,3
0000950170-24-021425,JANX,"Janux Therapeutics, Inc.",CLINICAL,2024-02-28,-0.0034199071637615107,2.357746501928494,0.04205774786642618,220,-0.056880913623175294,0.6345436503492387,9,-0.023628349077770595,2,-0.19003366680129427,9,2.270113362327216,3
0000950170-24-022266,JANX,"Janux Therapeutics, Inc.",OTHER,2024-02-29,-0.003631021495667403,2.3729432863288697,0.04211183479193926,220,0.033409045979213625,2.972875098064871,9,8.684085756928417e-05,2,-0.20058419123270088,9,-0.056562872801528365,3
0000950170-24-023257,JANX,"Janux Therapeutics, Inc.",OTHER,2024-03-01,-0.003513035924013705,2.392255633938827,0.04205093842624574,220,-0.03362149899816638,2.7928211948561805,9,-0.13368924020123085,2,-0.03724195725866612,9,-0.10046760826558908,3
0000950170-24-028647,JANX,"Janux Therapeutics, Inc.",EARNINGS,2024-03-11,-0.0035477286937130124,2.4320627094316722,0.04168264654135691,220,0.009657756865802438,2.062597600233082,9,-0.04147843779068999,2,0.005926109039604463,9,-0.043032521384598205,3
0000950170-24-054950,JANX,"Janux Therapeutics, Inc.",EARNINGS,2024-05-08,0.008023521640002206,2.6581277573339466,0.16224586151049752,220,-0.10795527989893303,0.11280395917399394,9,-0.1932416454012917,2,-0.25251278969537067,9,-0.21529353988334288,3
0000950170-24-092830,JANX,"Janux Therapeutics, Inc.",EARNINGS,2024-08-08,0.009507447799763428,2.2295983357554396,0.16304931137120968,220,-0.027045352652199622,-0.20796483420639258,9,-0.06365020369859949,2,0.03256088022408471,9,-0.10188650083596222,3
0000950170-24-122279,JANX,"Janux Therapeutics, Inc.",EARNINGS,2024-11-07,0.012672846286966606,2.0780773961228367,0.16289305824342784,220,-0.04112952810365008,-0.04184473857403945,9,-0.06815380724797335,2,-0.24357327997123038,9,-0.1395538135553748,3
0000950170-24-132302,JANX,"Janux Therapeutics, Inc.",CLINICAL,2024-12-03,0.011716231137124715,1.7808238217497547,0.16203192755953602,220,0.4772540374200084,-0.22529181866527068,9,0.5710014358898652,2,-0.20723525673676257,9,0.44483428649042,3
0001193125-24-271578,JANX,"Janux Therapeutics, Inc.",OTHER,2024-12-06,0.011883895765677499,1.7918208973854237,0.1620496400957413,220,-0.03503920702543335,0.2629262365814868,9,-0.08908846091848514,2,-0.1502367606992359,9,-0.10602821494879769,3
0000950170-25-029165,JANX,"Janux Therapeutics, Inc.",EARNINGS,2025-02-28,0.00036247505517708503,1.110056415308605,0.052904019161044404,220,0.009805876000889495,-0.10406830697352207,9,-0.0033370607344246316,2,0.007242057668128042,9,-0.004078964850851827,3
0000950170-25-066969,JANX,"Janux Therapeutics, Inc.",EARNINGS,2025-05-09,-0.002286639855647487,1.3407411954578146,0.05008843962682427,220,-0.02672188059498703,-0.21776898752956297,9,-0.049181475014380145,2,0.006082607409506453,9,-0.030166760373877874,3
0000950170-25-105010,JANX,"Janux Therapeutics, Inc.",EARNINGS,2025-08-08,-0.0017193283759563364,1.1939306770336982,0.049328244757438904,220,0.0034814508454136944,-0.0477462737108357,9,0.00055346301962419,2,0.07135658114401719,9,-0.06289753256214485,3
0001193125-25-269518,JANX,"Janux Therapeutics, Inc.",EARNINGS,2025-11-07,-0.003764055598175194,1.1866272289371198,0.04886600504314552,220,-0.07346835911200351,0.15429908705673004,9,-0.04630231264351625,2,0.12026148208821444,9,0.010861469459713495,3
0001564590-19-000287,KURA,"Kura Oncology, Inc.",PRESENTATION,2019-01-07,-0.0002958008943679142,1.258020654183568,0.032137357624944754,220,0.0319607868086703,0.06714606382837171,9,0.06479717882558783,2,-0.08830023666484729,9,0.07650102575172868,3
0001564590-19-006260,KURA,"Kura Oncology, Inc.",EARNINGS,2019-03-06,-0.0009844002514348537,1.5469647537756548,0.031493964957948095,220,-0.06256951764709201,-0.008395068593475241,9,0.008893725237159186,2,0.023740839274860696,9,-0.00592270389857176,3
0001564590-19-016500,KURA,"Kura Oncology, Inc.",EARNINGS,2019-05-08,-0.0001057515762197134,1.540296236353472,0.03132469379288667,220,0.09856074631987001,0.03262748842584884,9,0.1098131202452565,2,-0.06372060002397206,9,0.10130925616985942,3
0001193125-19-173019,KURA,"Kura Oncology, Inc.",CLINICAL,2019-06-14,-0.0009710813243323293,1.6012379853367285,0.03077337252818999,220,0.008139802852506388,0.051707983979635525,9,0.054689671679888904,2,-0.006421956426102491,9,0.10552841845367494,3
0001193125-19-176463,KURA,"Kura Oncology, Inc.",OTHER,2019-06-20,-0.0007484998096569625,1.6190792782388475,0.030853077280719995,220,0.011837220091960296,0.10051679771634267,9,0.0386983564916809,2,0.004333012584160353,9,0.018744057786483005,3
0001564590-19-027949,KURA,"Kura Oncology, Inc.",EARNINGS,2019-08-02,-0.0005746060111894241,1.6290569255539549,0.032174120869587916,220,-0.004988932903539928,-0.016944862110213132,9,-0.0036601893784637234,2,-0.050792412408736505,9,0.037773775225057545,3
0001193125-19-219012,KURA,"Kura Oncology, Inc.",OTHER,2019-08-13,5.738420964494968e-05,1.653073505301359,0.03087775600781796,220,-0.038837722141338765,0.06720810682289384,9,-0.01981889271130642,2,-0.15613673785059262,9,-0.05482186524730097,3
0001193125-19-235863,KURA,"Kura Oncology, Inc.",CLINICAL,2019-09-03,-0.00013075126589414505,1.6615157474201996,0.0304829264202281,220,-3.536016049899594e-05,-0.17248600758054383,9,-0.004791625728009103,2,0.0447819369548042,9,-0.010467314248577681,3
0001564590-19-038526,KURA,"Kura Oncology, Inc.",CLINICAL,2019-10-30,0.0012197365844628942,1.5413847636695988,0.02743165226558524,220,0.0199555903805402,0.007312043123999971,9,0.018190204399356216,2,-0.03960052791393608,9,-0.005874783002466749,3
0001564590-19-040374,KURA,"Kura Oncology, Inc.",EARNINGS,2019-11-06,0.0012843033637297508,1.5715869764927854,0.027194242698979496,220,-0.01374744111626491,-0.03636302325711848,9,0.010073678240706044,2,-0.031867485982890686,9,-0.021372482192054607,3
0000950123-19-011815,KURA,"Kura Oncology, Inc.",CLINICAL,2019-12-09,-0.0002715040626806149,1.4401175366329981,0.02779607387237707,220,0.010564492727817561,0.016600670274967973,9,0.01817450238043603,2,-0.12093669471173321,9,0.03159089560452804,3
0001193125-19-314539,KURA,"Kura Oncology, Inc.",REGULATORY,2019-12-16,-0.0002808044984442938,1.4435408831755252,0.027559245389192605,220,-0.007268147930336493,-0.078261939314036,9,-0.02586637524506348,2,-0.06879187369914788,9,-0.031164235028278302,3
0001564590-20-000890,KURA,"Kura Oncology, Inc.",PRESENTATION,2020-01-13,-0.001333870072586904,1.451863689675254,0.02643778417518736,220,-0.03756144581311328,-0.06688782380098576,9,-0.03401408081941462,2,-0.06065546233377095,9,-0.03219474576997452,3
0001564590-20-006383,KURA,"Kura Oncology, Inc.",EARNINGS,2020-02-26,-0.0014585478760723897,1.4261872141690415,0.025904065677031903,220,-0.029411607747847127,0.09344619354747181,9,0.04525850774658287,2,-0.10102094397499052,9,0.08276249551542285,3
0001564590-20-008679,KURA,"Kura Oncology, Inc.",REGULATORY,2020-03-05,-0.0015958527928815424,1.4093074058647395,0.025211242783891873,220,0.005213548274491948,0.19928977417462987,9,-0.0321267831138973,2,-0.03267977286199236,9,-0.10185531428555933,3
0001564590-20-020830,KURA,"Kura Oncology, Inc.",EARNINGS,2020-05-05,-0.001747246469303151,1.040639608855241,0.02901256418800109,220,-0.013989907403866606,0.3845663891162173,9,-0.042149681150293355,2,0.11635510221724672,9,0.01580546519864765,3
0001193125-20-134958,KURA,"Kura Oncology, Inc.",OTHER,2020-05-07,-0.0019062964870304737,1.0523234648922686,0.02846625055529938,220,0.028298347073952086,0.41954620990243413,9,0.028524622290868405,2,0.10973027169601154,9,0.0006030974464772826,3
0001564590-20-027461,KURA,"Kura Oncology, Inc.",CLINICAL,2020-05-29,-0.0017936876192198655,1.0037235957466781,0.031160596093898842,220,0.023747758535461357,0.15293690520698688,9,-0.00016537403280416502,2,0.0014325347426465893,9,-0.05954778822949637,3
0001564590-20-037726,KURA,"Kura Oncology, Inc.",EARNINGS,2020-08-07,0.000327227661412245,1.0248568693018014,0.04679938508979075,220,0.136618127435473,-0.009709366772350174,9,0.17634391795361753,2,-0.011520809552063435,9,0.18617295771140238,3
0001564590-20-050279,KURA,"Kura Oncology, Inc.",CLINICAL,2020-11-04,0.0037309445591139,0.9768569936524883,0.048093133058423956,220,-0.04354870943864882,-0.006289071216660693,9,-0.0003970608515744545,2,0.014975179816902426,9,0.041722232534673796,3
0001564590-20-050877,KURA,"Kura Oncology, Inc.",EARNINGS,2020-11-05,0.003584917858095561,0.9781139094921621,0.04807009112621224,220,0.04327316187777426,0.08170954087254667,9,0.06396666799608502,2,-0.022638598350738906,9,0.0205358940498757,3
0001193125-20-311098,KURA,"Kura Oncology, Inc.",PRESENTATION,2020-12-07,0.003331337501713995,0.9755550537294941,0.04852019029411664,220,-0.024967606213587804,-0.12681361518455733,9,0.050393851361223194,2,-0.07882291272657241,9,0.11941899210298117,3
0001193125-20-313807,KURA,"Kura Oncology, Inc.",OTHER,2020-12-10,0.00420435015166262,0.9709159046195549,0.04854339627256025,220,0.05605583149016871,0.019483011382303864,9,0.07634876608322072,2,-0.19206024709468236,9,0.06824291480219143,3
0001564590-21-007821,KURA,"Kura Oncology, Inc.",EARNINGS,2021-02-24,0.005543014386683294,0.972971728292571,0.05052151333467851,220,-0.14141435252977447,-0.07902290612726345,9,-0.20138608964463037,2,0.03243510390943463,9,-0.19963616526413022,3
0001564590-21-024963,KURA,"Kura Oncology, Inc.",EARNINGS,2021-05-07,0.001446043571429961,1.1298080333422589,0.035935560065757724,220,0.03633114378333334,-0.1293563507315543,9,-0.007846794168627443,2,-0.09725492868713123,9,-0.0386912174991625,3
0001564590-21-041588,KURA,"Kura Oncology, Inc.",EARNINGS,2021-08-06,-0.00035247906435109503,1.0143016521044612,0.034113995567523106,220,-0.032982947752220174,-0.05636833481872153,9,-0.05717169609805474,2,-0.08177227774852051,9,-0.022333505970985105,3
0001564590-21-054488,KURA,"Kura Oncology, Inc.",EARNINGS,2021-11-05,-0.003446720296144805,1.2757898703239907,0.033299883204189584,220,0.08263033211458358,0.05361543418031785,9,0.0752791584181956,2,-0.09823135258475515,9,0.05583844373956832,3
0001193125-21-339334,KURA,"Kura Oncology, Inc.",REGULATORY,2021-11-24,-0.003540936838055827,1.264539437861002,0.03317984275076995,220,-0.15525695821685837,-0.07738044828493831,9,-0.12458273007421924,2,-0.10093033882018551,9,-0.11604774928111236,3
0001193125-22-013806,KURA,"Kura Oncology, Inc.",REGULATORY,2022-01-21,-0.00520238930250304,1.4019148943798627,0.032667091541697564,220,0.031874820859260064,0.05668746316784392,9,0.12620005508406307,2,0.013122782877723765,9,0.07162469552475656,3
0000950170-22-001964,KURA,"Kura Oncology, Inc.",EARNINGS,2022-02-25,-0.004066156921401623,1.07348201052218,0.032156911175915834,220,0.08593253544848192,0.1940626863016293,9,0.07662625757045703,2,0.10726161112816254,9,0.10075895378678573,3
0000950170-22-007388,KURA,"Kura Oncology, Inc.",EARNINGS,2022-05-05,-0.0019537652554269024,1.2760212804687712,0.034552704295871095,220,-0.05849477916368271,0.03205243104492655,9,-0.15045122210185288,2,0.13390867984305768,9,-0.20148809396155698,3
0000950170-22-014242,KURA,"Kura Oncology, Inc.",EARNINGS,2022-08-04,0.000740150847995824,1.4113515045773641,0.037181446574458744,220,0.0002135475546116598,-0.15380183141109136,9,0.029046970460631538,2,-0.06376935967339557,9,0.016929606215221046,3
0000950170-22-021564,KURA,"Kura Oncology, Inc.",EARNINGS,2022-11-03,0.0001258854693091103,1.2829375148065627,0.039736052097971,220,-0.003592821435476356,-0.03910565768155717,9,-0.07893574448709266,2,-0.010760242352849435,9,-0.07188066902261747,3
0001193125-22-276906,KURA,"Kura Oncology, Inc.",CLINICAL,2022-11-04,-9.63076397430835e-06,1.2665633810877936,0.039531887308942484,220,-0.07497173062647035,-0.06892637373691973,9,-0.14447716165390173,2,0.05634216786209387,9,-0.14810307167145298,3
0001193125-22-302283,KURA,"Kura Oncology, Inc.",CLINICAL,2022-12-12,0.0026453557008204445,1.1932085808542414,0.038671736446352016,220,-0.14823979077285843,0.01985028533546911,9,-0.11360004435929569,2,-0.1683507174477006,9,-0.1145594807366612,3
0000950170-23-004098,KURA,"Kura Oncology, Inc.",EARNINGS,2023-02-24,0.00014277284089280956,1.084312273243026,0.03663298110034584,220,-0.01599132784794492,-0.01763938629704197,9,-0.006151655201464984,2,-0.06838393388747348,9,-0.0062094897455118574,3
0001193125-23-067513,KURA,"Kura Oncology, Inc.",OTHER,2023-03-10,0.00025541148165500373,1.0916296966800203,0.03647461222484404,220,-0.014395354720671168,-0.0773845946783239,9,0.034524301264466276,2,0.016642328488314893,9,0.05079947654033885,3
0001193125-23-105746,KURA,"Kura Oncology, Inc.",CLINICAL,2023-04-19,-0.0005679259716866328,1.0099015759296428,0.0359348639661772,220,0.029803083114813014,-0.10368562242082811,9,-0.013544205925302172,2,0.011031259591342227,9,-0.05707541566895624,3
0000950170-23-020508,KURA,"Kura Oncology, Inc.",EARNINGS,2023-05-11,0.0010375113354778103,0.9437673215657221,0.033796574341920786,220,0.0835776447057402,0.09985721158938196,9,0.07087350727654497,2,0.11029975930073499,9,0.06981242160804245,3
0001193125-23-164835,KURA,"Kura Oncology, Inc.",PRESENTATION,2023-06-12,-0.0013746351330131035,0.8741603328412489,0.033854243867297414,220,-0.02109290578061039,-0.026450843790129606,9,-0.037903857627637184,2,-0.1895976435854383,9,-0.08408317015616129,3
0001193125-23-166858,KURA,"Kura Oncology, Inc.",OTHER,2023-06-15,-0.0012612643767242388,0.85629858437133,0.034031978308091876,220,-0.05381860251039846,-0.06981983803684383,9,-0.06788891016071928,2,-0.010441478684598202,9,-0.16591769258135694,3
0000950170-23-037994,KURA,"Kura Oncology, Inc.",EARNINGS,2023-08-04,-0.0012528113530065764,0.7896865415703357,0.03319678402295387,220,0.048467685501150694,-0.050653905191934995,9,-0.008990429704489267,2,0.05064555019245886,9,0.020815581366140708,3
0000950170-23-058157,KURA,"Kura Oncology, Inc.",EARNINGS,2023-11-03,-0.002417924529086059,0.6597797607837075,0.031616928465572416,220,0.06646992515014229,0.004248840657204357,9,0.06515022622554896,2,0.06639304237634541,9,0.10874111997268443,3
0001193125-23-301830,KURA,"Kura Oncology, Inc.",OTHER,2023-12-22,-0.0012359519776876625,0.7439573992483313,0.031358440251486444,220,0.08884187526102459,0.08950794981751813,9,0.11031116583880954,2,0.07810615891345365,9,0.12230661214302124,3
0001193125-24-016715,KURA,"Kura Oncology, Inc.",OTHER,2024-01-29,-0.0009938593215581687,0.8190887843661553,0.031032403587326868,220,0.028989996046168753,0.26519802613964344,9,0.15158510111876095,2,-0.026871276371984602,9,0.11357686919689008,3
0000950170-24-021087,KURA,"Kura Oncology, Inc.",EARNINGS,2024-02-28,0.0009057078841439096,0.8529631420329551,0.03268521047520759,220,-0.01724162832566043,0.0027067640678608146,9,-0.03524553471364349,2,0.06441189705061483,9,0.01144451715803179,3
0000950170-24-052109,KURA,"Kura Oncology, Inc.",EARNINGS,2024-05-03,0.002908958959590451,0.8829280413537007,0.04560189127350058,220,-0.01191061414479622,0.11208671299471318,9,-0.005517452675800574,2,0.009126025842440454,9,-0.0013986995117337836,3
0001193125-24-147030,KURA,"Kura Oncology, Inc.",OTHER,2024-05-28,0.0014784072974564225,1.196774872876096,0.04511619376435726,220,0.012800776275259428,0.013528190827298482,9,-0.027761159760747826,2,0.013870513310550902,9,-0.04929015043460406,3
0000950170-24-093945,KURA,"Kura Oncology, Inc.",EARNINGS,2024-08-09,0.0022035003893986264,1.5275405132713518,0.04386111897047395,220,-0.016785113548241692,-0.07430844330000878,9,-0.019264210321721945,2,-0.0380796055352354,9,-0.027162323351701628,3
0000950170-24-123321,KURA,"Kura Oncology, Inc.",EARNINGS,2024-11-08,0.0027004494253781383,1.3497325691006197,0.04174532646367374,220,-0.013611967134870754,-0.04636561325185377,9,-0.024385653906364498,2,-0.4040602691834534,9,-0.04144635448043106,3
0001193125-24-283109,KURA,"Kura Oncology, Inc.",OTHER,2024-12-23,0.0006394971937329875,1.1568121222645096,0.040567193677041626,220,-0.015335946931161373,-0.1329825957962401,9,-0.03778206294347566,2,-0.10964762042269618,9,-0.04785661755588014,3
0001193125-25-002189,KURA,"Kura Oncology, Inc.",OTHER,2025-01-07,-0.00038939591249772545,1.2291253412168819,0.040603425565521406,220,-0.02566927383624429,-0.03914644752023493,9,-0.0748113753487622,2,0.020312437276911566,9,-0.10670300754553277,3
0001193125-25-020831,KURA,"Kura Oncology, Inc.",PRESENTATION,2025-02-06,-0.004076363124219254,1.1508694924247025,0.035169270262161184,220,-0.02533817003539029,0.17486409390822488,9,-0.030001693769251356,2,-0.006249336698252797,9,-0.01259359082931243,3
0000950170-25-027706,KURA,"Kura Oncology, Inc.",EARNINGS,2025-02-27,-0.00511294067514389,1.228484726487568,0.0348711472127087,220,0.009278030251408942,0.014305940356044367,9,0.003062863458021684,2,0.08610502600658247,9,-0.006403996308749776,3
0000950170-25-061836,KURA,"Kura Oncology, Inc.",EARNINGS,2025-05-02,-0.004567106188269981,1.0384205170288652,0.035346550656356106,220,-0.013929126076589159,0.11814216225345023,9,0.03523261099002483,2,-0.10743306882442735,9,0.021769693281125733,3
0001193125-25-133717,KURA,"Kura Oncology, Inc.",PRESENTATION,2025-06-03,-0.0049727207865279685,0.8375026260279789,0.036142857997650116,220,0.019244414404046558,0.0025796329481291742,9,0.029114870604771897,2,0.005782239691228923,9,0.13657565130228283,3
0001193125-25-142816,KURA,"Kura Oncology, Inc.",PRESENTATION,2025-06-20,-0.004905648300957575,0.7998241903290001,0.03711476081144766,220,-0.02786945714960449,0.0052885569768498925,9,-0.027445177613051513,2,-0.013237357182311931,9,-0.044999526822333304,3
0000950170-25-105024,KURA,"Kura Oncology, Inc.",EARNINGS,2025-08-08,-0.005131281043095563,0.8807928350782366,0.03832850365294117,220,-0.07220647374971585,-0.017631636551677606,9,-0.06533342368971898,2,0.37244274569275027,9,-0.07107301016407264,3
0001193125-25-241416,KURA,"Kura Oncology, Inc.",OTHER,2025-10-17,-0.0031793515191730565,0.8628416626769861,0.04177073210608425,220,-0.03034622963074634,0.1600344552623989,9,-0.020896999615715794,2,0.05651008444739819,9,-0.027390562440981387,3
0001193125-25-249348,KURA,"Kura Oncology, Inc.",OTHER,2025-10-24,-0.0025591397094826655,0.8737530037158683,0.042109157809078424,220,0.06135234578765174,-0.06687550757903231,9,0.19174758905373523,2,-0.06793546562451558,9,0.16972884263817312,3
0001193125-25-263491,KURA,"Kura Oncology, Inc.",EARNINGS,2025-11-04,-0.003016991441582538,0.8735156719621298,0.04241018934285454,220,0.03281857325118983,0.05487694060377303,9,0.030800338441771703,2,0.16250920893695658,9,-0.01650744240009615,3
0001193125-25-280255,KURA,"Kura Oncology, Inc.",REGULATORY,2025-11-14,-0.002542706513185686,0.8999807015504246,0.04238188679833972,220,0.05184741153561322,0.04460394929150452,9,0.03109240696516355,2,0.06063948510904085,9,0.04856930896675333,3
0001193125-25-304559,KURA,"Kura Oncology, Inc.",OTHER,2025-12-02,-0.00042263370865711677,0.9582064047293383,0.034293349584136816,220,-0.028449999576723086,0.07080248437253664,9,0.04412623000818311,2,-0.10272896430841047,9,-0.008737160644070277,3
0001493152-19-001907,LCTX,"Lineage Cell Therapeutics, Inc.",OTHER,2019-02-14,-0.0032254259704478,1.2271613193650315,0.0368450937536753,220,0.0147191657327065,-0.1968932278239336,9,0.021963312526099663,2,0.03193443309832519,9,0.003963267369148782,3
0001493152-19-002770,LCTX,"Lineage Cell Therapeutics, Inc.",OTHER,2019-03-04,-0.003026600555428431,1.385823274650719,0.038704207653893666,220,0.00806792458790659,0.06434450894296671,9,0.0813551508310813,2,0.2881024974245132,9,0.05072866755554753,3
0001493152-19-003346,LCTX,"Lineage Cell Therapeutics, Inc.",EARNINGS,2019-03-15,-0.0006670703555036264,1.393871935607467,0.054330369049692996,220,0.10990966617463532,0.27383544743594834,9,0.04771906593034431,2,-0.20676205138011564,9,0.03653935909549419,3
0001493152-19-003570,LCTX,"Lineage Cell Therapeutics, Inc.",OTHER,2019-03-19,-0.0013931605123438159,1.3754701753877414,0.05406618538794236,220,-0.035757651869064315,0.40660877792160327,9,0.014361698561587581,2,-0.22871364809074649,9,-0.04703608661644866,3
0001493152-19-005752,LCTX,"Lineage Cell Therapeutics, Inc.",INVALID:I don't have access to the actual conten,2019-04-23,-0.0008644696666780742,1.2516401136002802,0.055386625168253184,220,0.03960961868717546,-0.013195841145817677,9,0.03531587100493395,2,0.020193998114262684,9,-0.004898594364280551,3
0001493152-19-006051,LCTX,"Lineage Cell Therapeutics, Inc.",CLINICAL,2019-04-29,-9.348077163206776e-05,1.3382012663771805,0.055874140191798906,220,0.038645953839196785,-0.03513456339671997,9,0.006806314205384585,2,-0.019231113476434584,9,0.0006676891978138755,3
0001493152-19-006272,LCTX,"Lineage Cell Therapeutics, Inc.",CLINICAL,2019-05-02,-5.0993000051608285e-05,1.3448627006629987,0.056539776149433736,220,-0.012670188900437595,-0.050032132197345404,9,-0.025782590148172198,2,-0.009940156389875637,9,0.016635028672340513,3
0001493152-19-006686,LCTX,"Lineage Cell Therapeutics, Inc.",EARNINGS,2019-05-10,-0.0004416866799291713,1.3500092366367284,0.056914304847733035,220,0.019084134057374705,0.002609174625119278,9,-0.004399536177076398,2,-0.04997364253621346,9,-0.0165396458137502,3
0001493152-19-011902,LCTX,"Lineage Cell Therapeutics, Inc.",EARNINGS,2019-08-09,-0.001932281255127358,1.5003978910315616,0.05726148029660205,220,-0.05855475150943983,-0.06072492058130051,9,-0.005748544678150412,2,0.0794421984706397,9,-0.05305647247282236,3
0001493152-19-012036,LCTX,"Lineage Cell Therapeutics, Inc.",OTHER,2019-08-12,-0.0019293108677846495,1.511890760387895,0.05726411774864673,220,0.052943146175051484,-0.15945406215237726,9,-0.00021925424152827167,2,0.006793173402322605,9,-0.05869869192401658,3
0001493152-19-014295,LCTX,"Lineage Cell Therapeutics, Inc.",REGULATORY,2019-09-19,-0.001716755115348147,1.5819915216599367,0.057594320931866595,220,0.051822015860489706,0.10204631099267457,9,0.08006121848704281,2,-0.07736632006949784,9,0.08083158537196711,3
0001493152-19-015458,LCTX,"Lineage Cell Therapeutics, Inc.",CLINICAL,2019-10-15,-0.001858972122175694,1.396020690324029,0.057946550004324894,220,0.009542959861350417,-0.02016661101253126,9,0.07680170472742809,2,-0.1945749499343917,9,0.06957785715130395,3
0001493152-19-015684,LCTX,"Lineage Cell Therapeutics, Inc.",OTHER,2019-10-21,-0.002040048591333915,1.3269231637408057,0.05779672291308142,220,-0.017159581109312934,-0.020808527917266346,9,-0.021093965615145444,2,-0.15397201698131033,9,0.007587849924945572,3
0001493152-19-016899,LCTX,"Lineage Cell Therapeutics, Inc.",EARNINGS,2019-11-13,-0.0011068457060089973,1.2591850947021228,0.057770427036301725,220,0.08403303917007908,-0.12722813716353198,9,0.10894767409837103,2,0.12026512132718353,9,0.09370108749639044,3
0001493152-20-000483,LCTX,"Lineage Cell Therapeutics, Inc.",INVALID:I don't have access to the actual conten,2020-01-13,-0.0006408253217826595,1.2363216762810132,0.05642403324425219,220,-0.007861861355076796,-0.02283457541979041,9,-0.03131015586880609,2,0.4575954521339723,9,-0.03993188724260219,3
0001493152-20-003812,LCTX,"Lineage Cell Therapeutics, Inc.",EARNINGS,2020-03-13,-0.0020033397073412383,1.2049397248091187,0.04956557019772616,220,0.00193900815519564,-0.17084035542391457,9,-0.024208865794030962,2,0.234873067897566,9,-0.04616077433010869,3
0001493152-20-009635,LCTX,"Lineage Cell Therapeutics, Inc.",OTHER,2020-05-22,0.0001499210794443172,1.484368410826778,0.0572503564075522,220,-0.014462622984839408,-0.09077341197036819,9,0.16477337299012615,2,-0.13027951297042506,9,0.1309153059459366,3
0001493152-20-014854,LCTX,"Lineage Cell Therapeutics, Inc.",EARNINGS,2020-08-07,0.001507888051984245,1.4191940411970736,0.060922919560446306,220,-0.013396305931613346,0.0212200314390625,9,0.002832033652472997,2,-0.004017784793327296,9,0.037292189246926975,3
0001641172-20-000028,LCTX,"Lineage Cell Therapeutics, Inc.",EARNINGS,2020-11-05,0.001887455377335803,1.3641582709773303,0.06160350734831518,220,0.05415215055545486,-0.0011026334116353426,9,0.037309155100166635,2,-0.017221400467003614,9,-0.003263017083717276,3
0001493152-20-020982,LCTX,"Lineage Cell Therapeutics, Inc.",CLINICAL,2020-11-12,0.001971736283272425,1.352158395141735,0.06106039091756297,220,0.11752834351986335,-0.07028290283889391,9,0.03914481603217784,2,-0.07536442478818112,9,0.137364719967973,3
0001493152-20-021436,LCTX,"Lineage Cell Therapeutics, Inc.",CLINICAL,2020-11-16,0.0017946670210242002,1.3485525921356452,0.06085335999358851,220,-0.12066934036545154,0.24398153063055314,9,-0.05460497259854856,2,-0.0030564149508954357,9,-0.13276151140557846,3
0001493152-21-000268,LCTX,"Lineage Cell Therapeutics, Inc.",NO_TEXT,2021-01-06,0.0035059389760932714,1.2920725800862416,0.05860479625094821,220,-0.040642490203966465,0.08044970609654345,9,-0.048193963136675,2,0.30287716167432344,9,-0.0036041739868387414,3
0001493152-21-005810,LCTX,"Lineage Cell Therapeutics, Inc.",EARNINGS,2021-03-12,0.004991375847099843,1.1205734013962938,0.05589524282077736,220,0.053328749714275106,-0.029573942619564125,9,0.021493512843527567,2,-0.06433900795946332,9,0.04514032358706386,3
0001493152-21-006641,LCTX,"Lineage Cell Therapeutics, Inc.",CLINICAL,2021-03-24,0.004906903933852332,1.0010122908124457,0.05192161986552012,220,0.00018179143204411375,-0.003991223778858022,9,-0.040017235479580214,2,0.018029030301397745,9,-0.04126466199938967,3
0001493152-21-010348,LCTX,"Lineage Cell Therapeutics, Inc.",CLINICAL,2021-05-04,0.005413580386464913,0.6946781885332881,0.05569641582893676,220,-0.031203172344049807,0.1819083948241007,9,0.03680941867200892,2,-0.22369485161284047,9,0.0007006403743362588,3
0001493152-21-011290,LCTX,"Lineage Cell Therapeutics, Inc.",EARNINGS,2021-05-14,0.004726780201100623,0.6815780749148966,0.05556382190786759,220,0.026281924541649047,-0.16636098941637031,9,0.05426287880009323,2,-0.029999518707425853,9,-0.002704303029105664,3
0001493152-21-013294,LCTX,"Lineage Cell Therapeutics, Inc.",CLINICAL,2021-06-01,0.0046547171920567326,0.6180300909679801,0.053313340385692645,220,0.2617125482956535,0.013366312822786615,9,0.20275247834933693,2,-0.028233395778866396,9,0.1886240031802182,3
0001493152-21-019506,LCTX,"Lineage Cell Therapeutics, Inc.",EARNINGS,2021-08-13,0.0054952420633980845,0.9008536742558855,0.054030374746019315,220,-0.003303242016704298,-0.015979574804474768,9,-0.04527080364048753,2,-0.05577140335737893,9,-0.06856026444098554,3
0001493152-21-024236,LCTX,"Lineage Cell Therapeutics, Inc.",CLINICAL,2021-10-01,0.004031758633470931,1.11800477340555,0.051691833423294024,220,0.010459269279666766,0.05266949182273,9,-0.03320842748760107,2,-0.11845219146812819,9,-0.03144954502301126,3
0001493152-21-027855,LCTX,"Lineage Cell Therapeutics, Inc.",EARNINGS,2021-11-11,0.0017651500528213769,1.6256000416800234,0.04922092021442409,220,0.04008180183026522,0.017400171767629723,9,0.0545039115548442,2,-0.22112091522887894,9,0.02128215311738497,3
0001493152-21-031281,LCTX,"Lineage Cell Therapeutics, Inc.",CLINICAL,2021-12-14,5.2168243670973596e-05,2.014086407365513,0.047347320000473404,220,-0.05690209189399713,-0.005455781583515083,9,0.03114072615112365,2,0.15319929957954612,9,0.03893020779059499,3
0001493152-21-031964,LCTX,"Lineage Cell Therapeutics, Inc.",OTHER,2021-12-20,0.00047420392843876237,2.045453665800566,0.04748976710853359,220,0.23353937728072066,0.03627069906480199,9,0.19674004844772042,2,-0.18474125175950912,9,0.1773119062372756,3
0001493152-21-032109,LCTX,"Lineage Cell Therapeutics, Inc.",OTHER,2021-12-21,0.0005820157977674111,2.034880339056991,0.04743717593208143,220,-0.03671936944109784,0.0014238895139770946,9,-0.034300984840754827,2,-0.23741571304139747,9,0.19901815393513825,3
0001493152-22-004309,LCTX,"Lineage Cell Therapeutics, Inc.",OTHER,2022-02-14,-0.001660365423505985,1.9503594102229862,0.048020535965962056,220,0.00803667456230053,-0.012699991408792875,9,0.024910605617268395,2,-0.04537963358863624,9,0.05840700663329939,3
0001493152-22-006506,LCTX,"Lineage Cell Therapeutics, Inc.",EARNINGS,2022-03-11,-0.0020253252198214676,1.7449472723439394,0.0436150035985815,220,-0.0186444632890776,0.018092430852629203,9,-0.06356823552772972,2,0.03622923838838505,9,-0.06774834622640448,3
0001493152-22-012893,LCTX,"Lineage Cell Therapeutics, Inc.",CLINICAL,2022-05-12,-0.0018669440263672284,1.727695899573533,0.04151120576961898,220,-0.004733557143397715,0.12378903627763,9,-0.09501963860537438,2,0.11150818734563411,9,-0.14322493825225194,3
0001493152-22-013033,LCTX,"Lineage Cell Therapeutics, Inc.",EARNINGS,2022-05-13,-0.002011432945531226,1.7314956532217878,0.041436196636643635,220,-0.09023243674628723,0.14278279576585545,9,-0.0544094514078359,2,0.08445060265969823,9,-0.05899455436643182,3
0001493152-22-022077,LCTX,"Lineage Cell Therapeutics, Inc.",EARNINGS,2022-08-12,-0.0004425700727817034,1.2499822486330043,0.04350224193113539,220,-0.007814991298551722,-0.06492685105825391,9,0.00021538890562919355,2,-0.01585183595510924,9,-0.005752291553675206,3
0001493152-22-031351,LCTX,"Lineage Cell Therapeutics, Inc.",EARNINGS,2022-11-11,-0.0015618120468502592,1.0378571607181915,0.04282082324639784,220,0.07422379417919042,0.06862427687017411,9,0.02905876903915062,2,0.041936354659387165,9,0.037585787212382406,3
0001493152-23-002127,LCTX,"Lineage Cell Therapeutics, Inc.",NO_TEXT,2023-01-23,0.0005423901746732293,0.9214376213504814,0.03801883489495782,220,-0.025021285097690697,0.0557689440232701,9,-0.004166607340493001,2,-0.0700536914590677,9,0.012847773247684015,3
0001493152-23-007127,LCTX,"Lineage Cell Therapeutics, Inc.",EARNINGS,2023-03-10,0.0012789675148862376,0.8779350387991831,0.040517321417496095,220,-0.009159065063118997,0.13742831733659866,9,-0.016179632856471553,2,-0.008358036165162772,9,-0.0012605993893283346,3
0001493152-23-016388,LCTX,"Lineage Cell Therapeutics, Inc.",EARNINGS,2023-05-12,0.001477042692028753,0.7965420614355389,0.03872147548141652,220,-0.021709935342971134,0.027684092322660024,9,-0.018688732193441377,2,-0.10009315922130999,9,-0.0327627680696396,3
0001493152-23-018160,LCTX,"Lineage Cell Therapeutics, Inc.",OTHER,2023-05-19,0.0009526141549691163,0.8688198375365866,0.03852076628817582,220,0.0077742000831336824,-0.042363133444393346,9,0.006468880850099565,2,-0.07711998871672067,9,-0.031838790904516356,3
0001493152-23-022030,LCTX,"Lineage Cell Therapeutics, Inc.",OTHER,2023-06-22,0.0004171045049870182,0.8414854795066038,0.03775326912753865,220,-0.016787943425629958,0.08099663583080109,9,-0.09192444153454986,2,-0.0055056287985874915,9,-0.07451653289727972,3
0001493152-23-027545,LCTX,"Lineage Cell Therapeutics, Inc.",EARNINGS,2023-08-11,-0.00016555925270432558,0.8755678803002328,0.03567751186998416,220,0.02195275296815221,0.05676811213813092,9,0.0033962501314177204,2,-0.030682881691282977,9,-0.0175859927957826,3
0001493152-23-040057,LCTX,"Lineage Cell Therapeutics, Inc.",EARNINGS,2023-11-10,-0.00043274494353355775,1.0222136014049936,0.03516414857992923,220,-0.043556297825479554,-0.09487453277178656,9,-0.10945668248153936,2,-0.012992586369643927,9,-0.1283246425881275,3
0001493152-24-005046,LCTX,"Lineage Cell Therapeutics, Inc.",OTHER,2024-02-06,-0.0016870728335661668,1.07310846558679,0.03540963467637856,220,0.06587910594865387,-0.03914166443093747,9,0.004562018403522286,2,0.03386852614273031,9,0.07138085188547579,3
0001493152-24-006901,LCTX,"Lineage Cell Therapeutics, Inc.",OTHER,2024-02-16,-0.0005270574876919295,1.040137495265374,0.03676511882197008,220,0.005706849921051309,0.18157778395278798,9,-0.02343787005901368,2,0.023197536444654495,9,0.06699992335408508,3
0000950170-24-027951,LCTX,"Lineage Cell Therapeutics, Inc.",EARNINGS,2024-03-08,-0.0018591053405290058,0.9593431001396382,0.03628240716500736,220,0.1580597241877032,0.07489998877858106,9,0.15305131447500675,2,0.0009423112374766299,9,0.14538766530898103,3
0000950170-24-035365,LCTX,"Lineage Cell Therapeutics, Inc.",OTHER,2024-03-25,-0.0017975867880276964,1.0654276329909067,0.038985048351448504,220,0.01261513032526561,0.05538148940106845,9,0.03981807429624354,2,0.09102254507692745,9,-0.022540917619566326,3
0000950170-24-056948,LCTX,"Lineage Cell Therapeutics, Inc.",EARNINGS,2024-05-10,-0.00034986395086542693,1.049768908923778,0.04280352303277853,220,-0.009476730986051818,0.04899505802292668,9,-0.07764399087250967,2,-0.046414560199687725,9,-0.06610145395875967,3
0000950170-24-059689,LCTX,"Lineage Cell Therapeutics, Inc.",OTHER,2024-05-15,-0.0001629651636172601,1.0535387101446476,0.04301783421394699,220,0.03519385436610309,-0.005642315860993119,9,0.010001479647423834,2,-0.04666958270946242,9,-0.040540922155232625,3
0000950170-24-093947,LCTX,"Lineage Cell Therapeutics, Inc.",EARNINGS,2024-08-09,-0.0020418286029390844,1.088816354096923,0.047006977694627805,220,0.01996747681711471,-0.11563801791478029,9,-0.045229562931730666,2,0.09078398854761481,9,-0.05686379101022636,3
0000950170-24-127058,LCTX,"Lineage Cell Therapeutics, Inc.",EARNINGS,2024-11-15,-0.0007348000566234195,1.4735972645370536,0.04864689364125071,220,-0.014098257406551528,0.03302865068125507,9,0.0038544023246714874,2,-0.34741297791382886,9,-0.007913635266958582,3
0000950170-24-129402,LCTX,"Lineage Cell Therapeutics, Inc.",OTHER,2024-11-21,-0.0010597302663055402,1.3805699139881726,0.04751659575236174,220,-0.06885159779486431,-0.018904967701696182,9,-0.23873735274189917,2,0.16980914760789637,9,-0.5270344295310192,3
0000950170-25-009227,LCTX,"Lineage Cell Therapeutics, Inc.",OTHER,2025-01-28,-0.0029591890820081174,1.668171118123418,0.0521821684574893,220,0.004754579318130378,0.06741126383210128,9,-0.03242670651899126,2,0.11434455129276583,9,-0.037120275361589725,3
0000950170-25-036278,LCTX,"Lineage Cell Therapeutics, Inc.",EARNINGS,2025-03-11,-0.0030281744646316116,1.5067576799487672,0.053360520597282336,220,0.015553520226493853,-0.12755344691406312,9,-0.00828180434093874,2,-0.017706574845875834,9,0.034879794281363355,3
0000950170-25-061466,LCTX,"Lineage Cell Therapeutics, Inc.",OTHER,2025-05-01,-0.0031375799031576543,1.4524175392289842,0.05193580593020024,220,-0.007155674838708661,0.08287005096399946,9,-0.045578121053602635,2,-0.06202396193631804,9,0.020813048031314077,3
0000950170-25-070337,LCTX,"Lineage Cell Therapeutics, Inc.",EARNINGS,2025-05-14,-0.003269198276004817,1.3761616575041287,0.04951381157724658,220,-0.01976593508911831,-0.006623499605298087,9,-0.0014793390975655213,2,0.44826834400292404,9,-0.02813158090838573,3
0000950170-25-088738,LCTX,"Lineage Cell Therapeutics, Inc.",CLINICAL,2025-06-23,-0.0020091734738760768,0.9924590904870016,0.05180341632425724,220,0.0027325819026501053,0.36330453705182575,9,0.11877784183783131,2,-0.08407271014423418,9,0.1557264438956145,3
0000950170-25-107314,LCTX,"Lineage Cell Therapeutics, Inc.",EARNINGS,2025-08-13,0.001282152562895518,0.9064221721125771,0.05621727115730986,220,0.015416918511604483,-0.06675992805837688,9,0.004341727511050809,2,0.18572636225578518,9,-0.006590179001747029,3
0000950170-25-111319,LCTX,"Lineage Cell Therapeutics, Inc.",OTHER,2025-08-26,0.0016728259270874658,0.8988006787964842,0.056952379330711,220,0.06294011760740147,0.1620752183914534,9,0.035219267546059654,2,-0.027585109715505332,9,0.012501921333549354,3
0001193125-25-269534,LCTX,"Lineage Cell Therapeutics, Inc.",EARNINGS,2025-11-07,0.003602197739562171,0.8537847880203804,0.05931855097004062,220,0.012898297769721172,0.07918175103485016,9,0.024382468280280584,2,-0.03375667920481507,9,-0.019509805712401965,3
0001193125-25-276249,LCTX,"Lineage Cell Therapeutics, Inc.",OTHER,2025-11-12,0.003971733736560495,0.870128602309781,0.05982699766814758,220,0.05598371459508824,0.02567160227030426,9,-0.0009066989058531885,2,-0.09131899013181705,9,-0.0013455457468877427,3
0001193125-25-291979,LCTX,"Lineage Cell Therapeutics, Inc.",OTHER,2025-11-24,0.005719947870010675,0.8830276415372356,0.05612696880023672,220,-0.012969763662250527,-0.07034031804991656,9,-0.03270968627331274,2,-0.05706333580009157,9,-0.005309394337430284,3
0001193125-25-302552,LCTX,"Lineage Cell Therapeutics, Inc.",OTHER,2025-12-01,0.005924123804222034,0.9017324143518082,0.05403227120323129,220,-0.05862548691946879,-0.109261288920385,9,-0.09634024105154963,2,0.017160236556714385,9,-0.0779466743875945,3
0000886163-19-000022,LGND,LIGAND PHARMACEUTICALS INC,OTHER,2019-01-28,0.00010029639353300199,1.2936326424831688,0.021868366303853855,220,0.003374990517432187,-0.18913278983034731,9,0.021203557733041757,2,-0.017357506561378338,9,0.025990955455991942,3
0000886163-19-000024,LGND,LIGAND PHARMACEUTICALS INC,OTHER,2019-02-07,0.0001218581404623255,1.3485745661295214,0.021889532414146262,220,0.003212874449823072,-0.003853861019688133,9,-0.016064110044795254,2,-0.0009468513913274013,9,-0.00833586779264663,3
0000886163-19-000027,LGND,LIGAND PHARMACEUTICALS INC,EARNINGS,2019-02-08,3.495149229896361e-05,1.388778268576693,0.0218166112780499,220,-0.019239190312049088,-0.0072552825261333175,9,0.010441716037195327,2,0.0015484636587791874,9,0.014124740393035299,3
0000886163-19-000043,LGND,LIGAND PHARMACEUTICALS INC,PRESENTATION,2019-03-06,-0.0011653309158328891,1.4669187302910496,0.02482228523842256,220,-0.10677251915175832,0.036840292441268435,9,-0.09446267973020273,2,0.12290095460791331,9,-0.10825587831180546,3
0000886163-19-000049,LGND,LIGAND PHARMACEUTICALS INC,PRESENTATION,2019-03-12,-0.0015688615608245545,1.4868917666908843,0.024585668048463235,220,0.017316198192425143,-0.10373652497939366,9,0.03515663560280985,2,0.0682211035432209,9,0.06283755362829643,3
0000886163-19-000059,LGND,LIGAND PHARMACEUTICALS INC,OTHER,2019-04-22,-0.0019884711936551756,1.5610229671470142,0.025823801003931102,220,0.031270977104443105,-0.05653366285527545,9,0.03932589009863581,2,-0.015663338866978387,9,0.05675716222962816,3
0000886163-19-000071,LGND,LIGAND PHARMACEUTICALS INC,EARNINGS,2019-05-03,-0.001151347845212616,1.580731246585055,0.025867012405398227,220,-0.057590334938792814,0.04670894907651184,9,-0.03143191679611115,2,-0.027952618995386848,9,-0.01589158471066634,3
0000886163-19-000088,LGND,LIGAND PHARMACEUTICALS INC,OTHER,2019-05-28,-0.001965603113817049,1.5844777808446462,0.02507578130055835,220,0.00964612189712477,0.017019837834848922,9,0.00856541457975495,2,-0.07124505007219938,9,0.016013989117794922,3
0000886163-19-000095,LGND,LIGAND PHARMACEUTICALS INC,OTHER,2019-06-04,-0.0023263093269188487,1.5910841911130102,0.025181725851490894,220,0.010548938133074087,0.015656656786220406,9,-0.010658368327876828,2,-0.02248682912211179,9,0.021510388529113574,3
0001193125-19-170732,LGND,LIGAND PHARMACEUTICALS INC,OTHER,2019-06-12,-0.002057379430636012,1.6126025830079822,0.025269739227260234,220,0.02998973116021101,-0.04019939168734096,9,0.05666310206678658,2,-0.013460571772848744,9,0.024576236859548076,3
0000886163-19-000117,LGND,LIGAND PHARMACEUTICALS INC,OTHER,2019-07-03,-0.0029474570071334897,1.5488662484693525,0.025176499803751275,220,0.015225100899273519,0.00724866283583871,9,0.018228137402391466,2,0.009044174769694682,9,0.012788551393396096,3
0000886163-19-000126,LGND,LIGAND PHARMACEUTICALS INC,OTHER,2019-07-24,-0.0031901979692892154,1.5485674059967722,0.02513855725056825,220,-0.00018067646217169876,-0.017980494006912998,9,-0.02054233715106084,2,-0.06954986173006247,9,-0.04354655151307636,3
0000886163-19-000130,LGND,LIGAND PHARMACEUTICALS INC,EARNINGS,2019-07-30,-0.003114483182976184,1.5439197030733012,0.025479810362475097,220,-0.1069159745634066,-0.05193782489659177,9,-0.12587290167803805,2,0.0843647061804653,9,-0.12586769536937825,3
0000886163-19-000169,LGND,LIGAND PHARMACEUTICALS INC,OTHER,2019-09-12,-0.004524312327473524,1.564267013423725,0.025818801825564997,220,0.061741561451247096,-0.019426047068446306,9,0.06617710035609589,2,0.07058923841334849,9,0.07742987825746556,3
0000886163-19-000186,LGND,LIGAND PHARMACEUTICALS INC,OTHER,2019-10-16,-0.003976482238067059,1.490919065055562,0.025561391895692523,220,-0.005965797441442759,0.09625259887711222,9,0.009579409924744448,2,0.036065161504071214,9,0.028400586622058886,3
0000886163-19-000191,LGND,LIGAND PHARMACEUTICALS INC,EARNINGS,2019-11-06,-0.002374818200110651,1.475140028499821,0.02580680225147153,220,-0.08361429820624751,-0.022677355495880118,9,-0.09161592174815858,2,0.0489939669069257,9,-0.0749195001268664,3
0000886163-20-000002,LGND,LIGAND PHARMACEUTICALS INC,OTHER,2020-01-10,-0.0019306491384266612,1.5906793294705963,0.026096896728725137,220,-0.022125785179396305,-0.10185042780604373,9,-0.06093582347390896,2,-0.0014009165359324394,9,-0.087548875951789,3
0000886163-20-000007,LGND,LIGAND PHARMACEUTICALS INC,EARNINGS,2020-02-07,-0.0013945801509245657,1.540815089034462,0.023326003353563263,220,0.039774934194016225,0.03239210005545776,9,0.040898135352246956,2,0.10805178489661202,9,0.040253898827422606,3
0000886163-20-000009,LGND,LIGAND PHARMACEUTICALS INC,OTHER,2020-02-12,-0.0014988054196545687,1.536893522191568,0.023309412233839467,220,-0.004709947942173741,0.06829209042991913,9,0.004421701119604705,2,0.2805329071241072,9,-0.013142696146314643,3
0000886163-20-000034,LGND,LIGAND PHARMACEUTICALS INC,OTHER,2020-04-03,-0.0019000366583930269,1.3627309535118413,0.022013547873747406,220,0.03938741326487036,-0.18789311671039302,9,0.0072481192048036575,2,0.16609886737465995,9,0.03145161788484345,3
0000886163-20-000056,LGND,LIGAND PHARMACEUTICALS INC,EARNINGS,2020-05-07,-0.000849621955754177,1.2495836624360679,0.029002176966189674,220,0.0018318183753482965,0.014891324036811142,9,-0.018770265152204094,2,0.030928149232923738,9,0.006669005346377894,3
0000886163-20-000092,LGND,LIGAND PHARMACEUTICALS INC,EARNINGS,2020-08-03,0.0008393639877301572,1.211969636846656,0.030862435176861942,220,0.006949016672955931,0.017044562860087643,9,-0.008229143303209325,2,-0.04560351677165711,9,-0.09392980454300638,3
0001193125-20-260585,LGND,LIGAND PHARMACEUTICALS INC,OTHER,2020-10-01,0.00020608959647905193,1.1949321408401268,0.031111495085392505,220,0.022335987836776504,0.023809946532535174,9,0.02278327745380435,2,-0.06140919475571184,9,0.008506788260126083,3
0000886163-20-000108,LGND,LIGAND PHARMACEUTICALS INC,OTHER,2020-10-13,-0.0005936706262183334,1.1820288598902013,0.03142154078373998,220,0.011244608761338055,0.02183204878074497,9,-0.004550840018010448,2,-0.10138399152961663,9,-0.017658796023338655,3
0000886163-20-000112,LGND,LIGAND PHARMACEUTICALS INC,EARNINGS,2020-10-30,-0.0008378592390598318,1.158014872444128,0.0315682904785984,220,0.0054463241421309466,-0.0407361444974185,9,-0.001237236874533169,2,-0.07466881746506093,9,-0.0281602165631455,3
0000886163-20-000126,LGND,LIGAND PHARMACEUTICALS INC,OTHER,2020-11-23,-0.0005637825568450185,1.1362285533425924,0.03081589048692421,220,0.030162352815404636,-0.07538782879031884,9,0.015431584937878905,2,-0.004182852405913708,9,0.04437966541440479,3
0000886163-20-000129,LGND,LIGAND PHARMACEUTICALS INC,OTHER,2020-12-03,-0.0008381783125282511,1.1401908355412251,0.031065614588045215,220,0.024399012593877913,6.061097754276115e-05,9,0.029231830546402465,2,0.15867457325316267,9,0.022426037036111755,3
0000886163-20-000141,LGND,LIGAND PHARMACEUTICALS INC,OTHER,2020-12-21,-0.0008124468557737316,1.1274102322009996,0.03178836053350677,220,0.008274256528246107,0.15852741879485766,9,0.048597456652300204,2,-0.012335459878391884,9,0.03821825777168724,3
0000886163-21-000022,LGND,LIGAND PHARMACEUTICALS INC,EARNINGS,2021-02-03,0.0003558100856854773,1.0917849762141887,0.03340262038571861,220,0.0011575588480194122,0.3449921023142981,9,0.0031534884241684524,2,-0.20649667326762058,9,-0.029026769093167502,3
0000886163-21-000064,LGND,LIGAND PHARMACEUTICALS INC,EARNINGS,2021-05-04,0.0015901300047973558,0.7733384648195868,0.034970956553871516,220,-0.08777837098721253,-0.017034302631452686,9,-0.10339612190981896,2,-0.06382175201410542,9,-0.11117799179219517,3
0000886163-21-000102,LGND,LIGAND PHARMACEUTICALS INC,OTHER,2021-07-15,-0.0006501014671880581,0.7707209542914754,0.035458491135660505,220,-0.016521153212308813,-0.10734206930220844,9,-0.032619852511025726,2,0.04274369928908495,9,-0.06443654087303437,3
0000886163-21-000112,LGND,LIGAND PHARMACEUTICALS INC,OTHER,2021-07-21,-0.00046379510082671473,0.7652441809019739,0.035474177662025076,220,0.008317061041217193,-0.037258850126244594,9,-0.007964729078649289,2,-0.11387281979158896,9,-0.009650385289278177,3
0000886163-21-000115,LGND,LIGAND PHARMACEUTICALS INC,EARNINGS,2021-07-30,-4.1008156049752585e-05,0.7664484885691599,0.03499937092840832,220,-0.042050471381298166,0.0601220714192585,9,-0.06295460374865698,2,-0.05163192283792624,9,-0.10246351181970961,3
0000886163-21-000123,LGND,LIGAND PHARMACEUTICALS INC,CLINICAL,2021-08-17,0.0003111840015383188,0.7745129134545212,0.035138209536535195,220,0.004952660382672628,-0.0549543427550771,9,-0.005246525509787484,2,0.217082894788522,9,-0.0033560396829233896,3
0000886163-21-000127,LGND,LIGAND PHARMACEUTICALS INC,EARNINGS,2021-11-10,0.001936736989396872,1.0384956445799316,0.036380547143501876,220,0.09839835720708277,0.04961402408413582,9,0.07375601536032156,2,-0.03377318588936382,9,0.06263956388454363,3
0000886163-22-000026,LGND,LIGAND PHARMACEUTICALS INC,EARNINGS,2022-02-18,-0.0006956864278947331,1.2241080038777483,0.029740509498331028,220,-0.07737781443320613,0.03379080925625316,9,-0.10400955722639327,2,0.036165727394195116,9,-0.16146419282009367,3
0001193125-22-082890,LGND,LIGAND PHARMACEUTICALS INC,OTHER,2022-03-24,-0.0011837063426334564,0.9340975338190772,0.028668014022337235,220,0.036815907222369326,0.036380309579330194,9,0.025458055747890396,2,-0.0012018519197208345,9,0.006763047001751231,3
0000886163-22-000043,LGND,LIGAND PHARMACEUTICALS INC,EARNINGS,2022-05-05,-0.0006096918452673122,1.160565270590556,0.029323451032500097,220,-0.013557186674380363,-0.01190067685656064,9,-0.030281254931646705,2,0.013379597190665135,9,-0.03728711787784762,3
0001104659-22-072614,LGND,LIGAND PHARMACEUTICALS INC,PRESENTATION,2022-06-21,-0.0011049005698806715,1.174547578413395,0.02983958404152435,220,0.007219677472345563,0.03404758867891533,9,0.011448697511007834,2,0.16221697399188084,9,0.033084111407836514,3
0000886163-22-000097,LGND,LIGAND PHARMACEUTICALS INC,OTHER,2022-06-30,-0.0012111902379973662,1.2664445589019702,0.02996378120415728,220,0.019863480743393832,0.14196323534881106,9,0.022923267934006335,2,0.04242658054384153,9,0.03972847165726684,3
0000886163-22-000113,LGND,LIGAND PHARMACEUTICALS INC,EARNINGS,2022-08-09,0.00024865085862761486,1.4039590928900687,0.029618817404370213,220,0.03998630142891472,-0.014590690993792555,9,0.04335834137629467,2,-0.018248094090934554,9,0.06656609202448574,3
0001193125-22-256260,LGND,LIGAND PHARMACEUTICALS INC,OTHER,2022-10-03,-0.0005691405053360791,1.3555690453138496,0.027229537817206027,220,-0.024535625655241824,0.06476887718550087,9,0.012507742146456988,2,0.0526835766769798,9,0.040349172605485,3
0000886163-22-000133,LGND,LIGAND PHARMACEUTICALS INC,EARNINGS,2022-11-08,-0.0012478234780272206,1.330577757197747,0.027143717809932594,220,0.10721314624896325,0.19351301725251277,9,0.21164227254561846,2,-0.07917399091011043,9,0.2137108106142619,3
0000886163-23-000004,LGND,LIGAND PHARMACEUTICALS INC,EARNINGS,2023-02-23,0.001445028363901682,1.1108371028969877,0.03357253611042512,220,0.03382727072952156,0.007999877070029079,9,0.045979768036809546,2,-0.0381666169065636,9,0.06356008242038112,3
0000886163-23-000009,LGND,LIGAND PHARMACEUTICALS INC,OTHER,2023-03-13,0.0010068819285363,1.0608844506597435,0.03361190525015002,220,-0.014991858790425782,-0.034810989008907764,9,0.015469877224216435,2,-0.028796243885420156,9,-0.021283666973573184,3
0000886163-23-000024,LGND,LIGAND PHARMACEUTICALS INC,EARNINGS,2023-05-05,0.0015185596391741841,1.03954938106619,0.0335338361847928,220,0.013391234784668457,-0.021226978555332017,9,-0.012102770136999442,2,-0.06751662465333833,9,0.01071124420352296,3
0000886163-23-000047,LGND,LIGAND PHARMACEUTICALS INC,EARNINGS,2023-08-09,0.000815752396647264,0.7795913237621838,0.032968128037941705,220,0.0578743912171648,-0.014078480096540934,9,0.028639586604958415,2,-0.024999963124355425,9,0.043732829412920754,3
0000886163-23-000053,LGND,LIGAND PHARMACEUTICALS INC,OTHER,2023-09-19,0.0009911863258622229,0.6503396198109944,0.0324484414181461,220,0.01218607050197843,-0.06946675269847562,9,-0.018213292450247165,2,-0.020602944352230892,9,-0.010227971708549756,3
0000886163-23-000078,LGND,LIGAND PHARMACEUTICALS INC,OTHER,2023-10-18,0.00045882655891250424,0.4517642891544042,0.03199311587456982,220,-0.03432506306987554,-0.056876354148424006,9,-0.0519569402469085,2,0.011666255059457538,9,-0.05700326512090677,3
0000886163-23-000083,LGND,LIGAND PHARMACEUTICALS INC,EARNINGS,2023-11-09,-0.0012217902471650856,0.8093112928608578,0.021975225315918293,220,0.0536754739014173,0.03222716866983015,9,0.05581123710505306,2,0.0665443868600146,9,0.038946032837104586,3
0000886163-24-000002,LGND,LIGAND PHARMACEUTICALS INC,REGULATORY,2024-01-08,-0.0009935129331748698,0.8194482428437744,0.021386832592402573,220,0.038991545092719244,0.02634649910327027,9,0.02912333593121815,2,-0.007797767473954443,9,0.03567448058097085,3
0000886163-24-000005,LGND,LIGAND PHARMACEUTICALS INC,EARNINGS,2024-02-27,-0.0007734067799976858,1.0341449080477698,0.019973239916557993,220,0.19745474064229634,-0.003677316851868187,9,0.1452227975576462,2,-0.1645402022551209,9,0.13067207971706077,3
0000886163-24-000029,LGND,LIGAND PHARMACEUTICALS INC,EARNINGS,2024-05-08,-0.001459602984906999,1.045668106688988,0.023219573641374072,220,0.09887285534554258,0.03247915837531651,9,0.16598487395435257,2,0.008224504158737277,9,0.17164546287312318,3
0000886163-24-000039,LGND,LIGAND PHARMACEUTICALS INC,OTHER,2024-05-31,-0.0001609937791243937,1.0405201152813501,0.02292458257254713,220,0.0036663214132869482,-0.0002317009647890434,9,0.036606077731128,2,-0.1166241703458365,9,0.03201573948188299,3
0000886163-24-000047,LGND,LIGAND PHARMACEUTICALS INC,REGULATORY,2024-06-20,-0.0007472866151956281,0.9157822682479299,0.02330766873803055,220,-0.005828798146894866,-0.026325483726801078,9,-0.009116282364528527,2,0.05324835158049761,9,-0.011935907852295705,3
0000886163-24-000051,LGND,LIGAND PHARMACEUTICALS INC,OTHER,2024-06-27,0.00018991323547201927,0.9373809940503803,0.02465186054112198,220,0.056286622655239565,-0.03313086010274483,9,0.08322761255175139,2,0.1406392834354884,9,0.06817946535314459,3
0000886163-24-000053,LGND,LIGAND PHARMACEUTICALS INC,OTHER,2024-07-08,0.0004351158749971567,0.9381071026869536,0.02460365568627486,220,0.02823227414521284,0.023404768447083276,9,0.08247878550303525,2,0.10143631194387438,9,0.09682763154846542,3
0000886163-24-000067,LGND,LIGAND PHARMACEUTICALS INC,EARNINGS,2024-08-07,0.00012398592365458127,1.057395481201172,0.025332885331501197,220,-0.050810824885577546,0.02992986790540031,9,-0.03680182590611799,2,0.03256729718963684,9,-0.03740094035001936,3
0000886163-24-000074,LGND,LIGAND PHARMACEUTICALS INC,EARNINGS,2024-11-07,0.0018293011417903988,1.0945349263068072,0.025503406540422893,220,0.10091354776918154,0.028424071914316458,9,0.027753281961499676,2,-0.0443312247927619,9,0.05062917023413946,3
0000886163-25-000003,LGND,LIGAND PHARMACEUTICALS INC,OTHER,2025-02-26,0.0011453715858534242,1.273570436849709,0.028134116624172895,220,-0.03287526347409881,0.033529707075385454,9,-0.00795328917138085,2,-0.013519217915134722,9,0.011158309003042946,3
0000886163-25-000008,LGND,LIGAND PHARMACEUTICALS INC,EARNINGS,2025-02-27,0.00023799116289649166,1.2573892060469505,0.024825370448556962,220,0.025571069694030175,0.07445687052209234,9,0.0624238785090924,2,-0.049258099497531946,9,0.030464167085556194,3
0000886163-25-000020,LGND,LIGAND PHARMACEUTICALS INC,OTHER,2025-04-17,0.0010654543365912015,1.3364465056947001,0.024757210547771264,220,0.0003732403097567267,0.031038867820738843,9,0.029594476015496193,2,-0.09795150672432769,9,0.03782367208119422,3
0000886163-25-000033,LGND,LIGAND PHARMACEUTICALS INC,EARNINGS,2025-05-08,0.0013790060356133364,1.407974160882212,0.02394603490088538,220,-0.04063462154606902,-0.09499922558212368,9,-0.021002062255629506,2,-0.08972344985835472,9,-0.0060413759340124384,3
0000886163-25-000042,LGND,LIGAND PHARMACEUTICALS INC,OTHER,2025-07-02,0.0007675143951429963,0.9852727778604966,0.022259567665375825,220,0.004538504172642821,-0.04497624734953487,9,0.00410005944751745,2,0.17800935237329824,9,-0.006200847485904763,3
0000886163-25-000047,LGND,LIGAND PHARMACEUTICALS INC,EARNINGS,2025-08-07,0.00027880248472235696,1.017110171080614,0.021225656511556484,220,0.02810135132992874,0.0013326043563194707,9,0.045452024073928725,2,0.04884727990798976,9,0.0910265046624785,3
0001193125-25-177452,LGND,LIGAND PHARMACEUTICALS INC,OTHER,2025-08-11,0.0003218709679108794,0.9968488880171309,0.02097528702026467,220,-0.01867582486974494,0.08189256326032912,9,0.00902675188384687,2,0.037246533315823074,9,0.026492342617246298,3
0001193125-25-180841,LGND,LIGAND PHARMACEUTICALS INC,OTHER,2025-08-15,0.00010399410326110013,0.9858390553686591,0.020847607914647192,220,-0.015417326780755207,0.1526992464376477,9,-0.0008773931918073068,2,0.05016517495178145,9,-0.01530294909183882,3
0000886163-25-000058,LGND,LIGAND PHARMACEUTICALS INC,EARNINGS,2025-11-06,0.0014767316824371437,0.9923813097489929,0.02209450636506054,220,0.10287809891295421,-0.0030032377212800493,9,0.072857371781959,2,-0.0013863424965107098,9,0.07285055474949606,3
0001193125-25-324830,LGND,LIGAND PHARMACEUTICALS INC,OTHER,2025-12-19,0.0018403962879210032,0.8970887043944117,0.018500709530340404,220,-0.0002942431442902668,0.03335719401276401,9,-0.01955378132353078,2,-0.034934228688114057,9,-0.00853727301787368,3
0001193125-19-164088,LITS,"Lite Strategy, Inc.",CLINICAL,2019-06-04,-0.0003976513010026786,0.7908522632129452,0.04034899456682576,220,-0.037821824101791864,-0.1127014193374618,9,-0.08728556384066813,2,-0.04629233416948761,9,-0.08837325785502961,3
0001193125-19-189160,LITS,"Lite Strategy, Inc.",OTHER,2019-07-03,-0.0006557904368287883,0.7433063055084544,0.03649219952840322,220,-0.009560593486694535,-0.03527703758649892,9,-0.020934493606953743,2,-0.16200466227597637,9,-0.09364300129591908,3
0001193125-19-316554,LITS,"Lite Strategy, Inc.",OTHER,2019-12-18,-0.0008243892731372567,0.9547122406427168,0.033666461756081324,220,0.07177052678850177,0.14803193835139986,9,0.06315673264016061,2,0.2555580963121128,9,-0.19823711590272378,3
0001193125-20-106585,LITS,"Lite Strategy, Inc.",OTHER,2020-04-14,-0.0016336850130958607,1.360875636390742,0.03874839066792745,220,0.4585039400665433,0.14639196745725772,9,0.4490536587102295,2,0.04343492796446894,9,0.4397207659635427,3
0001193125-20-185881,LITS,"Lite Strategy, Inc.",CLINICAL,2020-07-02,0.003051607263582501,1.2800992648120513,0.061622580525947546,220,-0.19277061378008895,0.11518054351015741,9,-0.23564090673512791,2,0.029412140682057684,9,-0.21376096106595693,3
0001193125-20-290299,LITS,"Lite Strategy, Inc.",OTHER,2020-11-11,0.004097898189121883,1.164129395761514,0.06623332437064619,220,-0.044435785014155085,-0.13499237862839378,9,-0.01178612272394828,2,-0.038191626848699,9,0.037674957140634485,3
0001193125-21-144939,LITS,"Lite Strategy, Inc.",OTHER,2021-05-03,0.0011366254233599515,0.8007674632726569,0.04349443473179919,220,-0.030260795219546978,0.036976226026518684,9,-0.06589394574584065,2,-0.22219875100528277,9,-0.033600219657317236,3
0001193125-21-189193,LITS,"Lite Strategy, Inc.",PRESENTATION,2021-06-14,-0.0005981552201146425,0.8287308277362849,0.04146272217862073,220,-0.004296982894115701,0.11544221955898984,9,-0.060105525643777885,2,-0.0263102501538168,9,-0.032751760876691016,3
0001193125-21-342891,LITS,"Lite Strategy, Inc.",CLINICAL,2021-11-30,-0.00010042527936246254,0.9650386722119647,0.039886968276292054,220,0.3943880012479119,-0.18434059853698131,9,0.30431718501104665,2,-0.24348346163933948,9,0.23127710264235551,3
0001193125-21-349142,LITS,"Lite Strategy, Inc.",OTHER,2021-12-07,-0.0003084005527190848,0.9542541784848799,0.0401177419909868,220,0.07368715137849184,0.007517149134709529,9,0.09369107552466292,2,-0.07474909812077613,9,0.06676154739141488,3
0001193125-22-084277,LITS,"Lite Strategy, Inc.",REGULATORY,2022-03-25,-0.0016979146686767852,0.4449983780385663,0.04637637492206691,220,-0.6524089643120301,-0.07983127541013427,9,-0.7967334950205537,2,0.07053052016594988,9,-0.7961881109156933,3
0001193125-22-157519,LITS,"Lite Strategy, Inc.",EARNINGS,2022-05-24,-0.004891012058134209,0.558848526404426,0.06389570267354727,220,-0.05750976831414789,-0.06628976516678256,9,-0.05755607323543377,2,0.4742214917729299,9,-0.14475375291999643,3
0001193125-23-169500,LITS,"Lite Strategy, Inc.",PRESENTATION,2023-06-20,-0.0014288045208496224,0.8454028709488488,0.05388132116854869,220,-0.013336820977871172,-0.03556090024986429,9,-0.03128638382493541,2,-0.07244558188681946,9,-0.03242023931775657,3
0001193125-23-176628,LITS,"Lite Strategy, Inc.",OTHER,2023-06-28,-0.001433559983643792,0.8005525497417183,0.05408087217060573,220,0.017952932349491503,-0.1320056329403282,9,0.014718200313358664,2,0.015374460860257616,9,0.034231313950364585,3
0001193125-23-178569,LITS,"Lite Strategy, Inc.",OTHER,2023-06-30,-0.0010789803489953513,0.7949735527876566,0.054163912185319095,220,-0.011332587525322216,-0.08085526007131147,9,-0.002049718496263649,2,0.1433746768595088,9,-0.005617040570782914,3
0001193125-23-182031,LITS,"Lite Strategy, Inc.",OTHER,2023-07-06,-0.0008967598983684235,0.8022097240035602,0.05350734655889779,220,-0.0020380796360774103,-0.07763481771590183,9,-0.0006663037148428056,2,0.1623265252815877,9,-0.018154753685534635,3
0001193125-23-183853,LITS,"Lite Strategy, Inc.",OTHER,2023-07-10,-0.0013137722094566312,0.7967827823228596,0.05336870207556409,220,0.022588972139273418,-0.018380509647919357,9,0.01275864429403998,2,0.11970427706443247,9,0.014533730931368637,3
0001193125-23-186570,LITS,"Lite Strategy, Inc.",OTHER,2023-07-14,-0.001228590386293115,0.7935317155107829,0.053138500293924286,220,0.10394508641259254,0.0033758031288159667,9,0.1293000379391322,2,-0.017254117853355636,9,0.13622441990212714,3
0001193125-23-188090,LITS,"Lite Strategy, Inc.",OTHER,2023-07-18,-0.0007446044777632732,0.7966109745653239,0.05330509814847278,220,-0.031352585680194237,0.12442561207763675,9,-0.03909996818808939,2,0.017221345923419347,9,-0.01423969442295065,3
0001193125-23-188930,LITS,"Lite Strategy, Inc.",OTHER,2023-07-19,-0.0008078917121643715,0.7918823644909857,0.053317678563956666,220,-0.0076735795281125795,0.1409839958922857,9,0.03357080082198283,2,-0.05059453217924199,9,0.0023166383440316463,3
0001193125-23-189610,LITS,"Lite Strategy, Inc.",OTHER,2023-07-20,-0.0008271770776582981,0.7931740836246842,0.05331989287537334,220,0.04127223570856971,0.12746403475878235,9,0.03556345615791559,2,-0.038809077309935464,9,0.02790628939863517,3
0001193125-23-191945,LITS,"Lite Strategy, Inc.",OTHER,2023-07-24,-0.0003570483662873818,0.7875998915030794,0.053062476887104616,220,-0.029477118981650313,0.15791839765045057,9,-0.0542432908347147,2,-0.049204542528682005,9,-0.06042219909673972,3
0001193125-23-242526,LITS,"Lite Strategy, Inc.",EARNINGS,2023-09-27,0.00010854440397874089,0.6067436097395629,0.052011003707578954,220,-0.019424342799142846,0.42167602844665075,9,-0.023050511050692127,2,-0.09050306552891593,9,-0.02502694497385031,3
0001193125-23-249423,LITS,"Lite Strategy, Inc.",OTHER,2023-10-03,-0.00012326802150570683,0.5158152021041539,0.05194590895071708,220,-0.005865976942728027,0.33578781553555825,9,-0.03126965844957737,2,5.196237544964231e-05,9,-0.035220834922491936,3
0001193125-23-268167,LITS,"Lite Strategy, Inc.",OTHER,2023-11-02,0.0007314083911759083,0.41202335865374595,0.053154776371396095,220,-0.02572159635915637,0.008459533111037362,9,0.0016720699151846936,2,0.08983055720590045,9,0.025872021347065496,3
0000950170-23-062017,LITS,"Lite Strategy, Inc.",EARNINGS,2023-11-10,0.0018092418406244948,0.43757234908559883,0.05375612730072474,220,0.0012775160058770465,-0.013982652201036429,9,0.030740936616246918,2,0.12536934713563633,9,0.010183552792396751,3
0000950170-23-069381,LITS,"Lite Strategy, Inc.",CLINICAL,2023-12-12,0.0029536114861167663,0.24509651521886172,0.04400729455315721,220,-0.013136488536245754,-0.009542602288451182,9,-0.011848016150411513,2,-0.12389729360825545,9,-0.030635876825867974,3
0000950170-24-014643,LITS,"Lite Strategy, Inc.",EARNINGS,2024-02-14,0.0020974403775540357,0.022829739998754785,0.040463104979625915,220,0.014973692808701401,0.041723027055942184,9,-0.017005229545410984,2,-0.11108510567188742,9,-0.07195791963787325,3
0000950170-24-017875,LITS,"Lite Strategy, Inc.",OTHER,2024-02-22,0.0018110262371271353,-0.07720517671806267,0.0399853346323534,220,-0.07290042590863677,-0.04835765729925402,9,-0.050905260728591584,2,-0.20582743738289047,9,-0.03925351358701315,3
0000950170-24-056850,LITS,"Lite Strategy, Inc.",EARNINGS,2024-05-10,-0.0007434751556565678,-0.12248212739124253,0.03421242758003034,220,-0.015385406502822052,0.03072993610144472,9,0.01848708507202007,2,0.007443918119797711,9,-0.008544767033016494,3
0000950170-24-062739,LITS,"Lite Strategy, Inc.",PRESENTATION,2024-05-21,-0.0011005393593623073,-0.12323455857986776,0.034280854050639825,220,0.004618199133786783,0.0032129948985864243,9,0.02779986512755221,2,-0.08828822790526943,9,0.016343901455340225,3
0000929638-24-002259,LITS,"Lite Strategy, Inc.",OTHER,2024-06-26,-0.00175175739021538,0.009779628666952193,0.03469010203316183,220,0.0017395508840440223,-0.007978107278651014,9,0.03494447703987229,2,-0.028854030052282004,9,0.06543552562758732,3
0000950170-24-085347,LITS,"Lite Strategy, Inc.",OTHER,2024-07-23,-0.002712904921012997,0.09027942656461561,0.034725830000800505,220,0.0547277061784263,0.04071350392134179,9,-0.03366414263588732,2,0.053968206125694446,9,0.18140478298724694,3
0000950170-24-087841,LITS,"Lite Strategy, Inc.",PRESENTATION,2024-07-31,-0.002635707813670919,0.0920861502224832,0.03415178554510117,220,0.08593418050282388,0.280089383084851,9,0.0251838795939724,2,0.0017346858256272616,9,-0.00012290639378243623,3
0000950170-24-108171,LITS,"Lite Strategy, Inc.",EARNINGS,2024-09-20,-0.0017875874873792483,0.6195871366345813,0.034585604401792744,220,-0.04809683204253948,-0.02949917380607361,9,-0.06463604112384591,2,-0.028088113072766242,9,-0.04052646998872609,3
0000950170-24-127054,LITS,"Lite Strategy, Inc.",EARNINGS,2024-11-15,-0.0037016382426659864,0.5375003870240059,0.033551957729328105,220,-0.019314016884811335,-0.014940083985616748,9,-0.031513354652341403,2,-0.025688471980888514,9,-0.03095624354785713,3
0000950170-25-018820,LITS,"Lite Strategy, Inc.",EARNINGS,2025-02-13,-0.0028126007888974835,0.44068392317038707,0.03219487035946957,220,0.0207164488751092,-0.03670527574016016,9,0.012521364901474917,2,-0.011538812262396406,9,-0.0016965444216105168,3
0000950170-25-070298,LITS,"Lite Strategy, Inc.",EARNINGS,2025-05-14,-0.0013885820968373786,0.46474525248639403,0.029127664372678885,220,0.06299571160018491,0.03436914280264527,9,0.03058279512143331,2,0.03418386829588621,9,0.02890221491310955,3
0001140361-25-026773,LITS,"Lite Strategy, Inc.",OTHER,2025-07-23,-0.0019449594265693816,0.41480578187299616,0.026706593337050777,220,-0.09779390817809529,1.0300138464286799,9,-0.031470155741716216,2,-0.23957594027923138,9,0.01774363954944686,3
0000950170-25-102419,LITS,"Lite Strategy, Inc.",OTHER,2025-08-05,-0.0018222429704931775,0.29155402261516866,0.025004811565252447,220,-0.010371415310608072,-0.24655991669283217,9,-0.024643825413564687,2,-0.041449168057291506,9,0.024081539259003817,3
0001262104-25-000009,LITS,"Lite Strategy, Inc.",OTHER,2025-09-10,0.0036810324679715663,0.47083348068672665,0.04330839602500656,220,0.09927445853458489,-0.4877635549801598,9,0.1242540448417985,2,-0.1858716625807033,9,0.046151156924629025,3
0001193125-25-258474,LITS,"Lite Strategy, Inc.",OTHER,2025-10-31,0.0002627085590850436,0.5464853938675649,0.050706343041026065,220,0.06973949971401622,0.10522773212195204,9,-0.012888466099751236,2,0.08164437559586732,9,-0.06964086602794525,3
0001564590-19-002909,MNOV,MEDICINOVA INC,OTHER,2019-02-14,0.00022443385464254232,1.1580518496073422,0.03989120174133549,220,-0.16391507784641984,-0.02991426367887607,9,-0.057990665319873805,2,0.1908160158594186,9,-0.10188095485728589,3
0001564590-19-013191,MNOV,MEDICINOVA INC,OTHER,2019-04-26,-0.0009315730922866963,1.5434030532295138,0.03923773068980253,220,-0.019769737722043212,0.05810590320888405,9,0.018924944990862967,2,0.1605775146008741,9,0.016323001581506204,3
0001564590-19-026232,MNOV,MEDICINOVA INC,OTHER,2019-07-26,0.00032987318617255063,1.651537584577406,0.04123634687728285,220,-0.016709314554241933,0.08002671131913681,9,-0.004416165009990947,2,-0.03578037683957134,9,-0.04538965439063284,3
0001564590-19-037824,MNOV,MEDICINOVA INC,OTHER,2019-10-25,-0.00039743005763019895,1.672233338223947,0.04014038210045681,220,-0.13430463002858609,0.07564724721994527,9,-0.15903946627348908,2,-0.0020696093768976936,9,-0.08784422501285666,3
0001193125-19-275403,MNOV,MEDICINOVA INC,OTHER,2019-10-28,-0.0003323562313090377,1.6588265671228395,0.0401241537835092,220,-0.024724343354987743,0.15794595437536846,9,-0.03453841457403756,2,-0.0021138272049877754,9,-0.16885321493324768,3
0001193125-21-006833,MNOV,MEDICINOVA INC,OTHER,2021-01-12,0.0017099954669876256,1.27698103896026,0.08759856938243744,220,0.0034063085017188507,-0.04815199951621078,9,0.005400234257950849,2,0.060819229151199625,9,-0.00011295390339429237,3
0001193125-21-023589,MNOV,MEDICINOVA INC,OTHER,2021-02-01,0.0024818386604370498,1.272534869081734,0.08749319535699647,220,-0.009799015042690446,-0.0008988532315646475,9,-0.01489035833563504,2,-0.03194144040720644,9,-0.0004877712412767153,3
0001193125-21-150688,MNOV,MEDICINOVA INC,OTHER,2021-05-05,0.001556338299654976,0.9728010949505843,0.08569350715722457,220,0.0076405921739637695,-0.01806175875005732,9,-0.0605076687350864,2,0.058772778981422746,9,-0.10141396850975026,3
0001193125-21-165299,MNOV,MEDICINOVA INC,OTHER,2021-05-19,0.0009798287298461107,1.070556933019971,0.08566965597766102,220,0.01873521703096648,-0.03353065568439197,9,-0.0008877425346788918,2,-0.04072235882506783,9,0.019580949591966698,3
0001193125-22-095275,MNOV,MEDICINOVA INC,OTHER,2022-04-05,-0.0027172159448848212,1.2874414108252261,0.041411773431622834,220,0.03013205862640991,0.03274992021464634,9,0.07513425104889707,2,0.13636277999553267,9,0.10143786707295453,3
0001193125-25-051990,MNOV,MEDICINOVA INC,PRESENTATION,2025-03-12,0.002621963787374498,0.16207936990932487,0.05270937102173676,220,0.010216580703554141,-0.18406035983384147,9,0.0029984554112320264,2,-0.02594938611127905,9,0.0017238218389244216,3
0001213900-23-040917,MODD,"Modular Medical, Inc.",OTHER,2023-05-18,-0.0036282569296620932,0.44455051086223657,0.05356751924899909,220,0.009984051428835999,-0.7166181066810593,9,0.09846964336241217,2,0.09584798255760807,9,0.20258391261034595,3
0001213900-23-098330,MODD,"Modular Medical, Inc.",PRESENTATION,2023-12-26,0.00018385185440598386,-0.37860249580629973,0.06778956842056767,220,0.059894368612175806,-0.026866704557148582,9,0.13221825178167793,2,0.0187215182062314,9,0.1629157459094378,3
0001213900-24-004669,MODD,"Modular Medical, Inc.",REGULATORY,2024-01-19,-0.00042890461069313953,-0.5294767626819357,0.06510036360572043,220,0.06620114357211808,-0.058156602276743324,9,0.09009591499144591,2,-0.038040687789147085,9,0.034122153311278075,3
0001213900-24-014542,MODD,"Modular Medical, Inc.",OTHER,2024-02-16,0.0021251407520659136,-0.4590899999581794,0.06566014687985293,220,0.3900108860277695,-0.43129207905545003,9,0.38535825086672215,2,0.0989298049572111,9,0.4872779205001726,3
0001213900-24-014985,MODD,"Modular Medical, Inc.",OTHER,2024-02-20,0.0015452891332664092,-0.4269492364880722,0.065658740307628,220,-0.003895834360217117,-0.29911441874303124,9,0.006374130776637845,2,0.113109137232447,9,0.3971249265733867,3
0001213900-24-075772,MODD,"Modular Medical, Inc.",REGULATORY,2024-09-05,0.002440197273939508,0.6373538632089569,0.060940148278124905,220,0.12838961373884253,0.061191265363058925,9,0.16382546417508603,2,-0.053723914783955044,9,0.2262766037185443,3
0001213900-24-102121,MODD,"Modular Medical, Inc.",OTHER,2024-11-25,0.0031843183090203763,0.6517821446407674,0.05543272150754869,220,-0.053014444857913255,-0.15025540946709498,9,-0.04085179783326593,2,-0.005473904599277516,9,-0.18007678119894835,3
0001213900-25-048276,MODD,"Modular Medical, Inc.",OTHER,2025-05-29,-0.0019916177604764563,0.7688355773141378,0.038057512337317044,220,0.011571359755013203,-0.10030058007752925,9,-0.011624660837810412,2,-0.06000852458563689,9,-0.008613639221453246,3
0001213900-25-120759,MODD,"Modular Medical, Inc.",OTHER,2025-12-12,-0.005112026176510501,1.001763250928623,0.03810175351329601,220,0.018781495722484727,-0.12149967795511735,9,0.09477118105745502,2,0.10847623738086047,9,0.19627821458813782,3
0001213900-25-126825,MODD,"Modular Medical, Inc.",OTHER,2025-12-31,-0.004165908142253566,0.9647827158781691,0.04001048038083636,220,0.016838742122923418,0.1004615848400917,9,0.07692852797121086,2,0.24296325352332704,9,0.010477755893053088,3
0001823239-21-000025,MRVI,"MARAVAI LIFESCIENCES HOLDINGS, INC.",EARNINGS,2021-11-11,0.00192684301310499,0.9763505631660356,0.03628688451691559,214,0.03270040935396217,-0.17212698593800882,9,0.05579618741629443,2,0.10524194815036308,9,0.04386690233967464,3
0001823239-22-000002,MRVI,"MARAVAI LIFESCIENCES HOLDINGS, INC.",OTHER,2022-01-04,0.0014049062676279507,0.9610561233901131,0.03809537863430578,220,-0.1094834375551185,-0.028246643482985664,9,-0.1313620542787282,2,-0.20356246430712055,9,-0.18940529473537723,3
0001823239-22-000006,MRVI,"MARAVAI LIFESCIENCES HOLDINGS, INC.",OTHER,2022-01-28,0.0003590559378030064,0.7578558428825816,0.03756553922195082,220,0.062007301422538394,-0.18146481795842356,9,0.10733907497158639,2,0.0017193404799795003,9,0.09512781245911651,3
0001823239-22-000008,MRVI,"MARAVAI LIFESCIENCES HOLDINGS, INC.",EARNINGS,2022-02-24,0.00020084782926073016,0.676452873660376,0.038031704966763016,220,-0.020428222440475194,0.21333924654257252,9,0.07220689013462755,2,0.07064705374541211,9,0.07842224230441755,3
0001823239-22-000015,MRVI,"MARAVAI LIFESCIENCES HOLDINGS, INC.",EARNINGS,2022-05-06,0.0006736324052135458,0.9110238190357707,0.03815234798708693,220,0.1385645616286656,-0.13863137633166783,9,0.07932406844164744,2,0.14750074491634274,9,0.046789569617759444,3
0001823239-22-000042,MRVI,"MARAVAI LIFESCIENCES HOLDINGS, INC.",EARNINGS,2022-08-05,-0.001646006358729514,1.0019274245964673,0.0402452132909491,220,0.02617030552276048,-0.028138938444023615,9,0.0021938848241775596,2,-0.07114355544444972,9,0.003376723273372937,3
0001823239-22-000048,MRVI,"MARAVAI LIFESCIENCES HOLDINGS, INC.",OTHER,2022-10-04,-0.001759683036931493,1.079175619206056,0.03745133658642323,220,-0.16021141261176924,0.20986025082702212,9,-0.16867360615294402,2,-0.04253420970905263,9,-0.22478277352098314,3
0001823239-22-000052,MRVI,"MARAVAI LIFESCIENCES HOLDINGS, INC.",OTHER,2022-10-20,-0.0019319637427898393,1.0947744122598082,0.037063460705170956,220,-0.034608798749989914,-0.04075863014363221,9,-0.03471170889674219,2,-0.10931744739905472,9,-0.15682830023728905,3
0001823239-22-000056,MRVI,"MARAVAI LIFESCIENCES HOLDINGS, INC.",EARNINGS,2022-11-03,-0.0009728596906948557,1.0401080541258256,0.037855719959924095,220,-0.04365563042996465,-0.07243443021527143,9,0.011264731861740089,2,-0.10265423654186291,9,-0.026784689169427424,3
0001193125-22-296553,MRVI,"MARAVAI LIFESCIENCES HOLDINGS, INC.",OTHER,2022-12-02,-0.00257226487312049,0.9919098136634852,0.036494754074432395,220,-0.03031118295810782,0.03018705973442396,9,-0.05087287860000769,2,0.1701465043879846,9,-0.07982869234516443,3
0001823239-23-000012,MRVI,"MARAVAI LIFESCIENCES HOLDINGS, INC.",EARNINGS,2023-02-23,-0.003397332422886313,1.043701257522247,0.03519572373779011,220,0.07955192325432867,0.03815011938105907,9,0.05399132336828592,2,0.08677361898429911,9,0.04668417737553181,3
0001823239-23-000017,MRVI,"MARAVAI LIFESCIENCES HOLDINGS, INC.",OTHER,2023-03-13,-0.003897698335344179,1.0110237312701047,0.03431187654432016,220,0.027166885094799184,0.09089246301870384,9,0.04839771503066169,2,-0.09639285622094715,9,0.04879926312410573,3
0001823239-23-000037,MRVI,"MARAVAI LIFESCIENCES HOLDINGS, INC.",EARNINGS,2023-05-09,-0.00300742330169681,1.1062749322460215,0.032484758442690546,220,-0.12235697277041863,0.04058259753954706,9,-0.12203702107515926,2,0.16121822708749953,9,-0.15871617060542928,3
0001823239-23-000072,MRVI,"MARAVAI LIFESCIENCES HOLDINGS, INC.",OTHER,2023-07-21,-0.0028018774907115087,1.1059230469151808,0.034727863121126974,220,0.0012043968970691112,0.026665188431496914,9,-0.0025342206888049968,2,-0.031249741653527074,9,0.0052145568606698205,3
0001823239-23-000077,MRVI,"MARAVAI LIFESCIENCES HOLDINGS, INC.",OTHER,2023-07-28,-0.0023481170596004234,1.0799317893103657,0.03520726658253319,220,-0.006475039004380689,-0.07690493706617933,9,-0.01841013659056236,2,-0.03260861944359667,9,-0.039436416378413025,3
0001823239-23-000079,MRVI,"MARAVAI LIFESCIENCES HOLDINGS, INC.",EARNINGS,2023-08-08,-0.002817251075706689,1.0641598855953789,0.03563511018712093,220,0.014704512403010196,-0.031788476822121305,9,-0.006895634933029209,2,0.04490854054376212,9,-0.05510598529634062,3
0001823239-23-000087,MRVI,"MARAVAI LIFESCIENCES HOLDINGS, INC.",EARNINGS,2023-11-08,-0.002196757095754903,1.2254810018383229,0.031799132209352196,220,-0.315561126574078,0.032433932175972034,9,-0.303807140765753,2,0.06337009951786296,9,-0.29925038907260043,3
0001823239-24-000028,MRVI,"MARAVAI LIFESCIENCES HOLDINGS, INC.",EARNINGS,2024-02-23,-0.0037988454214349086,1.1763325925041697,0.03987947466206983,220,0.6389952961544149,0.003569543995201393,9,0.6076288030396015,2,-0.018717636331142345,9,0.5585655919539094,3
0001823239-24-000058,MRVI,"MARAVAI LIFESCIENCES HOLDINGS, INC.",EARNINGS,2024-05-09,-0.0009330655689858067,0.7045603733827402,0.05956397259682683,220,0.10848559259266521,0.1503279895681387,9,0.16936320318290893,2,0.033947580240721704,9,0.16018350358010064,3
0001823239-24-000091,MRVI,"MARAVAI LIFESCIENCES HOLDINGS, INC.",OTHER,2024-07-30,-0.0009584343470870676,0.9802992300800193,0.05958218950055734,220,0.0453989344681566,0.08945796529080607,9,0.0567941746075398,2,-0.11522692301431103,9,0.052809578997819004,3
0001823239-24-000093,MRVI,"MARAVAI LIFESCIENCES HOLDINGS, INC.",EARNINGS,2024-08-08,-0.0015256283180883476,1.0613327587538481,0.0593188324473321,220,-0.09169064443735829,0.14905915350909005,9,-0.08717585171161919,2,0.02822643791016993,9,-0.07745615603860105,3
0001823239-24-000105,MRVI,"MARAVAI LIFESCIENCES HOLDINGS, INC.",EARNINGS,2024-11-08,0.0032051481089391547,0.59961986674359,0.05780738037031011,220,-0.3584811995311684,0.08230512680187978,9,-0.22334125161640062,2,-0.10867064406867383,9,-0.2548440433410974,3
0001823239-24-000124,MRVI,"MARAVAI LIFESCIENCES HOLDINGS, INC.",OTHER,2024-12-06,0.0023184719272547976,0.5856908780483154,0.057664458312549134,220,-0.011287241263497429,0.08660521662685539,9,0.06465779378698264,2,-0.014365298005823729,9,0.003284784042124747,3
0001823239-24-000133,MRVI,"MARAVAI LIFESCIENCES HOLDINGS, INC.",OTHER,2024-12-19,0.0018464801151247413,0.4644996707941622,0.057449884928500096,220,-0.0285855950033208,0.06554917770623964,9,-0.0470608506421098,2,0.0875745343756655,9,-0.07382335395578804,3
0001823239-25-000059,MRVI,"MARAVAI LIFESCIENCES HOLDINGS, INC.",OTHER,2025-03-21,-0.001569690776190864,0.8247881496418437,0.04981820194125581,220,-0.054952393989826195,-0.05568946019957787,9,-0.0791909808765988,2,-0.019325446862234353,9,-0.08758200800483223,3
0001823239-25-000062,MRVI,"MARAVAI LIFESCIENCES HOLDINGS, INC.",EARNINGS,2025-05-13,-0.005631594111638464,1.0135639639062044,0.05232555178568712,220,-0.029363810175480023,0.01503638739450102,9,-0.0638623361365073,2,0.1710096431511806,9,-0.021019422984885607,3
0001193125-25-137478,MRVI,"MARAVAI LIFESCIENCES HOLDINGS, INC.",OTHER,2025-06-09,-0.005069777609760689,0.8742461663686177,0.05222882333237412,220,-0.04174327663918715,-0.01850874432990521,9,-0.0942617580111029,2,0.07614590048393394,9,0.0032128567367672722,3
0001193125-25-146905,MRVI,"MARAVAI LIFESCIENCES HOLDINGS, INC.",OTHER,2025-06-26,-0.004211362790619868,0.9469112281000346,0.052174340496805444,220,0.045261118516411965,0.0677417082858803,9,0.0825830093114322,2,0.13206642048695696,9,0.10420094027236837,3
0001823239-25-000117,MRVI,"MARAVAI LIFESCIENCES HOLDINGS, INC.",EARNINGS,2025-11-07,-0.004028122581464713,1.3589599187466466,0.055826057711040225,220,-0.00423022788123428,-0.16362574625564974,9,0.05873168814865,2,0.29144521953491903,9,0.08430918057500097,3
0001193125-19-003238,NBIX,NEUROCRINE BIOSCIENCES INC,EARNINGS,2019-01-07,0.000603493571554299,1.2113997853024168,0.02342351165645472,220,0.08554832734811499,-0.015600429235105379,9,0.10483637389597417,2,0.04581008405465328,9,0.14156683604452583,3
0001564590-19-001996,NBIX,NEUROCRINE BIOSCIENCES INC,EARNINGS,2019-02-06,-1.399116171009083e-05,1.1502516431134824,0.024833383894913876,220,-0.03697469787539709,-0.0688124945652642,9,-0.06568781536314361,2,-0.07562928701575318,9,-0.07829494041763152,3
0001193125-19-121779,NBIX,NEUROCRINE BIOSCIENCES INC,OTHER,2019-04-26,0.00019631277876401776,1.2919254218569018,0.02591899575387614,220,-0.013266942562200852,-0.15809238149399413,9,-0.02388438615602325,2,0.05369750190284129,9,-0.037944257947639365,3
0001564590-19-013735,NBIX,NEUROCRINE BIOSCIENCES INC,EARNINGS,2019-04-30,6.114723473443491e-05,1.2950225816256695,0.025874740416069176,220,-0.05972966555237633,-0.12074037912616037,9,-0.017941672823987585,2,0.09485704642710288,9,-0.02842880628169224,3
0001564590-19-026585,NBIX,NEUROCRINE BIOSCIENCES INC,EARNINGS,2019-07-30,-0.000637230793941169,1.2652099221428033,0.027140102847168345,220,0.10699697307143224,0.0006800860597798754,9,0.12606177583423617,2,0.01022710721010878,9,0.12317315711947159,3
0001564590-19-039789,NBIX,NEUROCRINE BIOSCIENCES INC,EARNINGS,2019-11-05,-0.0006551110462051505,1.1409369126401314,0.026037600114015465,220,0.0014295685591235725,0.04737598817945198,9,0.0036805904585119286,2,0.08591892541222795,9,-0.012210716995022972,3
0001564590-20-000868,NBIX,NEUROCRINE BIOSCIENCES INC,EARNINGS,2020-01-13,0.0004862694149006311,1.1472254352983733,0.02086832033971335,220,-0.0920355523019444,0.035354659409365316,9,-0.04449357954769471,2,-0.061023616202049394,9,-0.05293005707059296,3
0001564590-20-003494,NBIX,NEUROCRINE BIOSCIENCES INC,EARNINGS,2020-02-06,0.0006798521220750197,1.0564782443655973,0.02074538546047918,220,-3.83238367590074e-05,-0.001287905330208311,9,0.01540790317287239,2,-0.008341545265003594,9,-0.0035827616984737912,3
0001564590-20-021928,NBIX,NEUROCRINE BIOSCIENCES INC,EARNINGS,2020-05-07,0.0011003487885937067,0.804851695331692,0.019855985584468737,220,0.04195143706758395,0.04841385849133706,9,0.03175636962561655,2,0.09045142818975688,9,0.05281443609132608,3
0001193125-20-191864,NBIX,NEUROCRINE BIOSCIENCES INC,REGULATORY,2020-07-14,0.0017159999638544155,0.7998935287445741,0.021503100508025706,220,0.027892790990529714,-0.06436590944261185,9,0.049563259297779425,2,-0.11724015556338564,9,0.026937943048338422,3
0000914475-20-000005,NBIX,NEUROCRINE BIOSCIENCES INC,OTHER,2020-07-29,0.0008208464114737253,0.7818389984121898,0.020751867976680497,220,-0.017094985603541363,-0.0561009903450164,9,-0.00784388094811327,2,-0.10194648914647408,9,-0.038229754035908725,3
0000914475-20-000029,NBIX,NEUROCRINE BIOSCIENCES INC,PRESENTATION,2020-09-10,0.00106726673648156,0.7794704114693208,0.021913104401965835,220,-0.030817132029369667,-0.008641920975818541,9,-0.05762099973594223,2,-0.001065378802600634,9,-0.09330285251798241,3
0000914475-20-000035,NBIX,NEUROCRINE BIOSCIENCES INC,EARNINGS,2020-11-10,-0.000756443437737911,0.7522063950744966,0.021684541885192844,220,-0.14627778045659343,-0.05234305557576148,9,-0.131584141871826,2,0.06678725953352223,9,-0.0731216066523075,3
0000914475-20-000040,NBIX,NEUROCRINE BIOSCIENCES INC,OTHER,2020-11-19,-0.0007006160046023785,0.7617496582076181,0.02187525535557474,220,0.0037065510540761804,-0.17858142298075433,9,0.027348094663493402,2,0.05914145010486897,9,-0.01553564951258191,3
0000914475-20-000043,NBIX,NEUROCRINE BIOSCIENCES INC,OTHER,2020-11-24,-0.0008453800676805906,0.7568160648018432,0.022060788278898288,220,0.012042555191989972,-0.12419360540219579,9,0.006852965792209778,2,-0.03246666569243649,9,0.05507182839809573,3
0000914475-21-000004,NBIX,NEUROCRINE BIOSCIENCES INC,EARNINGS,2021-01-08,-0.0008908187856616081,0.7668300193065598,0.026967518002563858,220,0.08648456721324156,-0.01701295506136995,9,0.07675089978456885,2,0.07797665507971938,9,0.12135371435169268,3
0000914475-21-000009,NBIX,NEUROCRINE BIOSCIENCES INC,OTHER,2021-02-03,-0.00024089502604480485,0.771822162376656,0.026514593494073833,220,-0.007065562586644909,-0.015701364296447813,9,0.0009987674527765344,2,-0.015640729143107164,9,0.060312643689429804,3
0000914475-21-000018,NBIX,NEUROCRINE BIOSCIENCES INC,EARNINGS,2021-02-05,-0.0002813395991838392,0.7722333602778284,0.02652349493249833,220,0.011122300242368679,-0.008617356732872554,9,0.01865604982215909,2,-0.04638124753255571,9,0.02675615090440838,3
0000914475-21-000035,NBIX,NEUROCRINE BIOSCIENCES INC,EARNINGS,2021-05-06,-0.001803324915016556,0.835461878536499,0.027488323659353157,220,-0.02855826999303353,-0.0407488817989555,9,-0.014832562880606644,2,0.06626483388728954,9,-0.012197653021548047,3
0000914475-21-000046,NBIX,NEUROCRINE BIOSCIENCES INC,EARNINGS,2021-08-04,-0.001420987091088819,0.9303128863191173,0.02669188049467142,220,-0.04006236948052546,0.004379040312892438,9,-0.05000488497058445,2,0.009998881615388427,9,-0.037488996726504076,3
0000914475-21-000057,NBIX,NEUROCRINE BIOSCIENCES INC,EARNINGS,2021-11-02,-0.0011230941858961427,1.1698272777285241,0.02596092864230546,220,-0.10377621723925641,-0.00712215872561664,9,-0.1321849574627446,2,-0.05762792201338522,9,-0.12538976981567213,3
0000914475-21-000064,NBIX,NEUROCRINE BIOSCIENCES INC,OTHER,2021-12-23,-0.0010214644513049382,0.8865577573417375,0.022118647446744143,220,-0.0023748791140151314,0.024875379945947306,9,-0.02095154975716636,2,-0.07900533294797943,9,-0.02595983125061454,3
0000914475-22-000004,NBIX,NEUROCRINE BIOSCIENCES INC,EARNINGS,2022-01-07,-0.0016709327173124078,0.8093589699771574,0.021228561576565292,220,-0.08249150056223732,-0.004342184986065711,9,-0.06494345719048948,2,0.055738942632836484,9,-0.07116093071685789,3
0000914475-22-000009,NBIX,NEUROCRINE BIOSCIENCES INC,EARNINGS,2022-02-11,-0.0016936795102176444,0.6143401652567404,0.020522964104608674,220,0.08830515966441371,0.09365200667936482,9,0.1035821623931071,2,0.05726492252006902,9,0.0978171580807239,3
0000914475-22-000021,NBIX,NEUROCRINE BIOSCIENCES INC,EARNINGS,2022-05-04,0.0002969444493813926,0.3724712742557927,0.019728428211716602,220,-0.015021965467241077,-0.04532501938797109,9,-0.03737436124354002,2,0.02026850185485877,9,-0.06700427739478022,3
0000914475-22-000032,NBIX,NEUROCRINE BIOSCIENCES INC,OTHER,2022-05-25,0.00014171341488337458,0.3718654609363331,0.019713249216537183,220,0.04125376570839977,0.05117081524398189,9,0.050201290149462126,2,0.08310659995521116,9,0.031045985659626466,3
0000914475-22-000035,NBIX,NEUROCRINE BIOSCIENCES INC,OTHER,2022-06-01,0.00023436208174926518,0.3711087545232607,0.019731051917109877,220,-0.0051478660880073185,0.07800923944175689,9,0.005555987263524415,2,0.02106288888548947,9,0.011592880110808616,3
0000914475-22-000043,NBIX,NEUROCRINE BIOSCIENCES INC,EARNINGS,2022-08-05,0.000801909202780786,0.537295008102065,0.020977741155447108,220,0.08464696340801352,-0.06437528598214745,9,0.08975525124961095,2,0.004585985308525291,9,0.10919736741405778,3
0000914475-22-000050,NBIX,NEUROCRINE BIOSCIENCES INC,OTHER,2022-08-30,0.0005096499572550102,0.5390717052554559,0.02093190060907135,220,-0.013771491451007829,0.0021732848850088866,9,0.002695742463747569,2,-0.00599942199700779,9,0.010041527143836696,3
0000914475-22-000055,NBIX,NEUROCRINE BIOSCIENCES INC,EARNINGS,2022-11-01,0.0011153212339193744,0.5364051285399343,0.020529164469289606,220,0.03806309434111117,-0.0012082182681539362,9,0.073030002394488,2,-0.10387487633208461,9,0.07189551787400347,3
0000914475-23-000005,NBIX,NEUROCRINE BIOSCIENCES INC,EARNINGS,2023-02-06,0.0022459679236305667,0.5174036241049431,0.019072172005429076,220,-0.04461693786771505,-0.07691221182238857,9,-0.06505627423098345,2,-0.0162875674406169,9,-0.04300637066201171,3
0000914475-23-000016,NBIX,NEUROCRINE BIOSCIENCES INC,OTHER,2023-02-24,0.0014044617477741953,0.5310133915925465,0.02001416613959655,220,0.010060167271956428,-0.012952932153119583,9,0.004407060981381168,2,-0.06074939922968065,9,-0.008966060006986904,3
0000914475-23-000023,NBIX,NEUROCRINE BIOSCIENCES INC,OTHER,2023-03-29,0.00089662618562599,0.5090917958615399,0.020161020759708416,220,-0.001139338419328893,0.0006999137067844594,9,0.016713434621092052,2,0.025415626470913184,9,0.010364946718241473,3
0000914475-23-000043,NBIX,NEUROCRINE BIOSCIENCES INC,EARNINGS,2023-05-03,0.0006817097043620653,0.5184182515596385,0.0200129013679766,220,-0.04381254606845848,-0.004414574198392994,9,-0.06901132873035028,2,-0.023774891433427647,9,-0.06934618267731762,3
0000914475-23-000056,NBIX,NEUROCRINE BIOSCIENCES INC,EARNINGS,2023-08-01,0.00020759657319055597,0.4326109236272451,0.01816143309874254,220,0.01624286797458172,0.060666219235414195,9,0.028820415097148194,2,0.026512080302366056,9,0.019419290345406404,3
0000914475-23-000062,NBIX,NEUROCRINE BIOSCIENCES INC,CLINICAL,2023-09-12,-0.0003020635316624172,0.4672320242906472,0.01689432237070174,220,0.07090601670545153,0.013346017674751902,9,0.04675208843862655,2,0.026650787469972653,9,0.04736736488673833,3
0000914475-23-000065,NBIX,NEUROCRINE BIOSCIENCES INC,CLINICAL,2023-10-05,-0.00027052849139147647,0.4496501269294014,0.01668978326421895,220,0.042087834106258916,-0.013825173204155529,9,0.025137696333085886,2,-0.01864151299782312,9,0.023762625466574955,3
0000914475-23-000067,NBIX,NEUROCRINE BIOSCIENCES INC,OTHER,2023-10-06,-0.0004152505082725509,0.4632407217317431,0.0165642620137185,220,-0.016966773864885522,-0.010286708159888957,9,-0.026890265405270043,2,-0.007421644198531625,9,0.015347412485710803,3
0000914475-23-000072,NBIX,NEUROCRINE BIOSCIENCES INC,EARNINGS,2023-10-31,-0.00024673902628109926,0.36405427826351594,0.017014788566409596,220,0.033524651124224765,-0.04393237926874174,9,0.03529717816641232,2,-0.009666102786624439,9,0.04118473562631427,3
0000914475-23-000075,NBIX,NEUROCRINE BIOSCIENCES INC,OTHER,2023-11-10,-0.00038871657023148117,0.47072929901173827,0.01654615187642827,220,-0.05136182761588489,0.04430204759848606,9,-0.02178494980367421,2,0.013792354978794403,9,-0.04580380104847779,3
0000914475-23-000078,NBIX,NEUROCRINE BIOSCIENCES INC,OTHER,2023-11-13,-0.0004078154632465565,0.48390635773026536,0.016562165802812966,220,0.02960853871449016,0.0343467114798918,9,0.03994786536370132,2,0.0015370090061381583,9,-0.011600490497359643,3
0000914475-24-000033,NBIX,NEUROCRINE BIOSCIENCES INC,EARNINGS,2024-02-07,0.00045619553720144165,0.5097031108777955,0.014055877468797256,220,-0.051363773718779135,-0.0030492396448882357,9,-0.0657658060748399,2,-0.02022737213994556,9,-0.05852497313917792,3
0000914475-24-000116,NBIX,NEUROCRINE BIOSCIENCES INC,EARNINGS,2024-05-01,0.0010601080511380588,0.38320679985672557,0.015591992518593651,220,0.04009990090507376,0.030443039482657957,9,0.013082651738699644,2,-0.011324625717401532,9,0.008373043427727031,3
0000914475-24-000180,NBIX,NEUROCRINE BIOSCIENCES INC,EARNINGS,2024-08-01,0.0009924785948082176,0.3466425988379616,0.01639856983949773,220,0.08571317449914721,-0.023404204999402614,9,0.09110935696431767,2,-0.05625217675880244,9,0.08724482987564154,3
0000914475-24-000199,NBIX,NEUROCRINE BIOSCIENCES INC,CLINICAL,2024-08-28,0.001222838257427505,0.33647757242325277,0.016663528997373077,220,-0.18799449662742213,-0.01122691032460776,9,-0.15151317433119493,2,-0.06815164610613154,9,-0.1513592267811447,3
0000914475-24-000210,NBIX,NEUROCRINE BIOSCIENCES INC,EARNINGS,2024-10-30,9.090825592673261e-05,0.4128831707536225,0.02115534691186745,220,0.0712158512228015,-0.011108196204653822,9,0.04656369950645611,2,0.022444072324448196,9,0.04571853401145319,3
0000914475-24-000214,NBIX,NEUROCRINE BIOSCIENCES INC,OTHER,2024-11-01,-3.634261105908221e-05,0.4044292724117167,0.021186194265816558,220,0.014459762726253447,0.05284915716013103,9,0.0016204588631687413,2,-0.03498531900502437,9,-0.023070165392506975,3
0000914475-24-000229,NBIX,NEUROCRINE BIOSCIENCES INC,REGULATORY,2024-12-20,-0.00016921551348763995,0.5169287029585629,0.02120125325446859,220,-0.0026312128021512638,0.08972923152897982,9,0.0060361407035809,2,0.011152162143361911,9,0.0027465783252426795,3
0000914475-25-000006,NBIX,NEUROCRINE BIOSCIENCES INC,OTHER,2025-01-28,-0.0008267578274314203,0.5999848365820536,0.020966716582513898,220,0.01267666083127951,0.034535474539210125,9,0.015994041660531862,2,-0.22971112128329707,9,0.02167722516165493,3
0000914475-25-000034,NBIX,NEUROCRINE BIOSCIENCES INC,EARNINGS,2025-02-07,-0.00030467773901531633,0.5942974268193096,0.02102307459563746,220,-0.17955866715417138,0.0328401091137559,9,-0.21436158006202738,2,0.013969972380414402,9,-0.2206860293823577,3
0000914475-25-000081,NBIX,NEUROCRINE BIOSCIENCES INC,OTHER,2025-04-04,-0.0011048664882631768,0.7553636925655993,0.02382904999803589,220,-0.024949849047755733,-0.005812537082846247,9,-0.04759107855863502,2,0.0760051762341403,9,-0.059395163122578906,3
0000914475-25-000099,NBIX,NEUROCRINE BIOSCIENCES INC,EARNINGS,2025-05-06,-0.0011171341612273677,0.739069985220443,0.0237942572018655,220,0.09084803654200692,0.02365972959162002,9,0.11147726129488292,2,-0.017684430691130185,9,0.11747076054078952,3
0000914475-25-000157,NBIX,NEUROCRINE BIOSCIENCES INC,EARNINGS,2025-07-31,-0.0006790824140352473,0.8385060405461322,0.02482068387532013,220,-0.05854749441308782,-0.002959916933683974,9,-0.03882191319678879,2,-0.005105108909131582,9,-0.017934952496175535,3
0000914475-25-000180,NBIX,NEUROCRINE BIOSCIENCES INC,EARNINGS,2025-10-29,0.0005795593133349858,0.8425165777967654,0.021458958839140015,220,-0.06449350181007718,0.04868759732696351,9,-0.0556622292273705,2,0.0558330358740847,9,-0.06895352588654377,3
0001171843-19-001924,PALI,"PALISADE BIO, INC.",EARNINGS,2019-03-25,-0.005113115452730804,0.7878967070060485,0.0500554761881493,220,-0.144294467750578,0.1661703376079659,9,-0.24309366674288235,2,0.0018360114176961574,9,-0.2997395784335293,3
0001171843-19-003356,PALI,"PALISADE BIO, INC.",EARNINGS,2019-05-15,-0.00454873940626228,0.7462054478376913,0.0564040221664134,220,-0.04237536425756966,-0.06325540716391476,9,-0.022515278112786367,2,0.044693841548024374,9,0.06830829223722681,3
0001171843-19-004639,PALI,"PALISADE BIO, INC.",OTHER,2019-07-18,-0.002681044068215727,0.7295458087445358,0.06023528343414937,220,0.03659557715629551,0.11610133764213892,9,-0.26255315695676806,2,-0.8268473065842995,9,-0.08347901032337507,3
0001171843-19-005227,PALI,"PALISADE BIO, INC.",OTHER,2019-08-07,-0.004071074753288482,0.7235670543506213,0.05959451496354709,220,-0.010117744206199215,-0.5264487898610932,9,-0.006289779324467667,2,-0.09605758716009613,9,-0.012365187085183995,3
0001171843-19-005491,PALI,"PALISADE BIO, INC.",EARNINGS,2019-08-14,-0.004657850524390882,0.7642587815474912,0.05907944777713888,220,-0.01139211541143451,0.028715618593776915,9,-0.13940685645905815,2,0.020784719661333745,9,-0.17021959770784015,3
0001171843-19-006101,PALI,"PALISADE BIO, INC.",OTHER,2019-09-25,-0.007731660995648363,0.650939901530026,0.07229231232084508,220,-0.0022535774694152173,0.03154300634527271,9,0.04387130330679011,2,-0.22759917555856718,9,0.015534175588068886,3
0001171843-19-007138,PALI,"PALISADE BIO, INC.",PRESENTATION,2019-11-04,-0.00627378508598698,0.5485105874328744,0.06967085543593045,220,-0.16698271268474718,0.3069050880301817,9,-0.1759749434156294,2,-0.2851069741333687,9,-0.1747826353023081,3
0001171843-19-007574,PALI,"PALISADE BIO, INC.",EARNINGS,2019-11-15,-0.006686722140788625,0.4495552463092652,0.06968234851559976,220,-0.18787087026378527,-0.23741383612391243,9,-0.2567845339522409,2,0.1654506338431428,9,-0.21471629816160007,3
0001171843-19-008270,PALI,"PALISADE BIO, INC.",OTHER,2019-12-23,-0.006450737370874323,0.46404603082096185,0.07676045988836817,220,0.040625487966296885,0.09627616200238985,9,0.09200572914408314,2,0.5035495738622684,9,0.0016852675210434556,3
0001171843-20-000155,PALI,"PALISADE BIO, INC.",OTHER,2020-01-13,-0.006915581579237636,0.9040868891484853,0.080337001810608,220,-0.08457350925749241,0.2981294062163017,9,-0.05085583824337472,2,0.06402889769522835,9,0.016038616068812718,3
0001171843-20-000299,PALI,"PALISADE BIO, INC.",PRESENTATION,2020-01-17,-0.007456175669612305,0.7536887300775934,0.07843221542753175,220,0.2851100434275263,0.19504443810627736,9,0.13779236838684214,2,-0.089369157611475,9,0.17203713697373432,3
0001171843-20-000433,PALI,"PALISADE BIO, INC.",OTHER,2020-01-23,-0.0069396669646496515,0.7614532878632275,0.0785305920517569,220,-0.06536233020907531,0.2750797352954471,9,-0.12857376374971174,2,0.06537138784493789,9,-0.1883927951154845,3
0001171843-20-001209,PALI,"PALISADE BIO, INC.",PRESENTATION,2020-02-24,-0.005892758205839663,0.6815133355287154,0.07982291161322878,220,0.039248016417180426,-0.12431859456083146,9,0.033877309177862,2,-0.037978871355525454,9,0.06876674392623462,3
0001171843-20-002458,PALI,"PALISADE BIO, INC.",OTHER,2020-04-08,-0.0065671303805490315,0.48192366380213447,0.08021895688728263,220,0.005315065400095617,0.07601750012869042,9,-0.010157489511705711,2,0.17217896954673134,9,-0.004081607273977234,3
0001171843-20-002720,PALI,"PALISADE BIO, INC.",REGULATORY,2020-04-21,-0.008754196114311068,0.6164014322317346,0.07935684060644517,220,-0.04570090158610161,0.15998565434604894,9,-0.07694298212011877,2,0.05923414032007422,9,-0.05732905429931754,3
0001171843-20-003767,PALI,"PALISADE BIO, INC.",EARNINGS,2020-05-15,-0.008843018317503296,0.6128688928946754,0.07859557672013161,220,0.23269234489567023,0.1842253380899089,9,0.21199781284640065,2,0.2098698874717326,9,0.18753220418012723,3
0001171843-20-003925,PALI,"PALISADE BIO, INC.",OTHER,2020-05-21,-0.008594522675550834,0.5293541732712446,0.07949740385409632,220,0.5122491271126246,0.2461900489809886,9,0.2678060126858435,2,-0.014538328423163651,9,0.2435984241761993,3
0001171843-20-004007,PALI,"PALISADE BIO, INC.",OTHER,2020-05-27,-0.00827973570828563,0.518762352391552,0.0799152584696506,220,-0.04244977112565283,0.35595035706215267,9,0.0454385847533408,2,-0.02454261612670497,9,0.05819637369052998,3
0001171843-20-005791,PALI,"PALISADE BIO, INC.",OTHER,2020-08-11,-0.0018282838849542709,0.6015465096147116,0.07944073291751323,220,-0.05730868430996093,0.06065055402291711,9,-0.07756633653966322,2,0.02150475355297749,9,-0.15988893232124782,3
0001171843-20-006367,PALI,"PALISADE BIO, INC.",OTHER,2020-09-10,-0.0011006736906972454,0.5351868735250982,0.07943094167365192,220,-0.00627310634249586,-0.21127505362421273,9,-0.005444869396666099,2,-0.07648174239367571,9,0.05651574012225008,3
0001171843-21-001886,PALI,"PALISADE BIO, INC.",OTHER,2021-03-18,0.004881350238557559,0.48717941132340564,0.06675045560730218,220,0.13123916819703993,0.17006142480257985,9,0.06440207981584777,2,0.012202210761644825,9,0.051449326348160976,3
0001171843-21-002004,PALI,"PALISADE BIO, INC.",EARNINGS,2021-03-24,0.005703399176428407,0.5208688513779444,0.06733555860134023,220,-0.06871210232963207,0.43479619178705287,9,-0.14221048201793834,2,0.006575260271792671,9,-0.16361614682173287,3
0001171843-21-002038,PALI,"PALISADE BIO, INC.",OTHER,2021-03-25,0.005554038505826083,0.5496573069038201,0.0673756424814157,220,-0.07351096670139927,0.4157723757041495,9,-0.19196904817430188,2,-0.025843584881513476,9,-0.2603854422993699,3
0001171843-21-002410,PALI,"PALISADE BIO, INC.",OTHER,2021-04-12,0.003480423281112523,0.9726539924841119,0.06796823986494095,220,-0.054467824202939746,0.005133006118573251,9,-0.06749778833548459,2,0.09041337911107625,9,-0.2193537743593741,3
0001171843-21-002837,PALI,"PALISADE BIO, INC.",PRESENTATION,2021-04-28,0.004109576800432119,1.137968733074986,0.06832382993650339,220,0.025333942347317118,0.08281780602075174,9,-0.22505219189727155,2,-0.37071016226300363,9,-0.24082131581206404,3
0001171843-21-003201,PALI,"PALISADE BIO, INC.",OTHER,2021-05-06,0.005204400838527888,1.1051090600003408,0.07066860666401681,220,-0.08102281559133101,-0.42901572832964996,9,-0.048736102883496085,2,-0.460518288341112,9,-0.05264947046469999,3
0001171843-21-003780,PALI,"PALISADE BIO, INC.",OTHER,2021-05-26,0.0018899105329659833,1.2532208962877598,0.059632519849797054,220,-0.03223192416556905,-0.37697860672059647,9,0.013930836184558364,2,0.05586202829951288,9,-0.004304497149122011,3
0001171843-21-003941,PALI,"PALISADE BIO, INC.",PRESENTATION,2021-06-02,0.002631346997456878,1.2196966527527522,0.06024101982221455,220,-0.04495363370639277,-0.04917952238132385,9,0.025362842148535097,2,0.01347946372751015,9,0.06317599845066674,3
0001171843-21-004377,PALI,"PALISADE BIO, INC.",OTHER,2021-06-17,0.0013011538980384242,1.2211214610619499,0.06349651394465505,220,0.008627315066317724,0.05197074365177891,9,-0.002143653043773024,2,-0.10063360034913427,9,0.042977336253124776,3
0001171843-21-006440,PALI,"PALISADE BIO, INC.",PRESENTATION,2021-09-13,0.00047074565376326624,1.0065435313575064,0.06643526964335092,220,-0.03971338076900193,0.1350427672846506,9,-0.034752362480463275,2,-0.16158920674022742,9,0.0071957114165464705,3
0001193125-21-304862,PALI,"PALISADE BIO, INC.",OTHER,2021-10-22,-0.0004296679024401959,1.0025738563125965,0.06705957009313253,220,-0.06638879700388987,0.08622619661960126,9,-0.0023701930811337313,2,-0.0003044571690325737,9,0.013626501614946163,3
0001193125-21-310493,PALI,"PALISADE BIO, INC.",PRESENTATION,2021-10-28,7.804124143968557e-05,0.802117642764575,0.06704981751757633,220,0.01070110866995752,-0.008998061610275053,9,0.005358995905084385,2,-0.026861738528510013,9,-0.009347349748965617,3
0000950170-22-000225,PALI,"PALISADE BIO, INC.",PRESENTATION,2022-01-11,-0.004995514430043396,0.9736999609146482,0.06166313475401191,220,0.0718844057904066,-0.08359854943603282,9,0.03903616966011183,2,-0.0744417003475298,9,0.03772458260879464,3
0000950170-22-001894,PALI,"PALISADE BIO, INC.",PRESENTATION,2022-02-24,-0.0070786593193056776,0.687872527928633,0.059510067155405445,220,-0.014025974577642923,-0.03326745414179042,9,-0.022124530281453208,2,0.15690808822638946,9,0.019134190777122657,3
0000950170-22-003857,PALI,"PALISADE BIO, INC.",PRESENTATION,2022-03-16,-0.008518680848530006,0.5676771962621677,0.05800153064901771,220,-0.16508618163201627,0.15090735082463252,9,-0.15356853454607194,2,0.2082113868581806,9,0.058961618777201,3
0000950170-22-005828,PALI,"PALISADE BIO, INC.",OTHER,2022-04-20,-0.009429262313083919,0.91764572408685,0.055161534414166956,220,-0.0010016872564290284,-0.039095654812238104,9,-0.0003221287741620969,2,-0.13751892738285812,9,0.017021347815778496,3
0000950170-22-006965,PALI,"PALISADE BIO, INC.",PRESENTATION,2022-05-03,-0.0075581290749355675,1.006776108489529,0.05614559838069685,220,-0.06462448988735166,0.010654271974420811,9,-0.10221851496656043,2,-0.05334098049055959,9,-0.15200264282923803,3
0001193125-22-143077,PALI,"PALISADE BIO, INC.",OTHER,2022-05-06,-0.005841933080615309,1.1003649966362399,0.05929341272325989,220,-0.26928018984269414,-0.1664373236006958,9,-0.3850701375758456,2,0.2816949396740837,9,-0.2960004312452151,3
0001493152-23-003966,PALI,"PALISADE BIO, INC.",OTHER,2023-02-09,-0.010224468243496706,1.1773198812212253,0.09291410663174854,220,-0.02267255775596233,0.0759577648023233,9,0.025344957303142374,2,0.06752560326387062,9,0.07955418413547918,3
0001493152-23-007342,PALI,"PALISADE BIO, INC.",OTHER,2023-03-13,-0.00836543090147432,1.3623448764651693,0.11698926553285328,220,0.06476280167994417,0.018254990127679074,9,0.04591371258329777,2,-0.1999421631293544,9,0.08393667857528764,3
0001493152-23-011066,PALI,"PALISADE BIO, INC.",OTHER,2023-04-06,-0.007593392182095825,1.3818569413428718,0.11565536683597208,220,-0.04366847988546102,0.435693947192774,9,-0.07114757312214547,2,-0.06983822593283205,9,0.013955549042800507,3
0001493152-23-032245,PALI,"PALISADE BIO, INC.",OTHER,2023-09-11,-0.0011091828300938441,2.1949081567298,0.1182032553473059,220,-0.05280009206508414,0.7136889957320114,9,-0.09444474529731162,2,-0.18770792465846523,9,-0.1222819446013916,3
0001493152-23-032278,PALI,"PALISADE BIO, INC.",OTHER,2023-09-12,-0.0009188807860635571,2.208738005485994,0.11820195928544854,220,-0.04175908871420951,0.682198813076476,9,-0.10138688683516697,2,-0.07717650542233251,9,-0.15446823793871617,3
0001493152-23-039651,PALI,"PALISADE BIO, INC.",NO_TEXT,2023-11-07,-0.002112908037721332,2.762607096836947,0.14647052693949622,220,-0.02393177116561315,-0.11988074597498183,9,-0.023841829523111063,2,0.022284940736118683,9,-0.06317201287514454,3
0001493152-24-004066,PALI,"PALISADE BIO, INC.",OTHER,2024-01-29,-0.0009041494828641336,1.4674906596385748,0.11450103698375803,220,0.8354362959534432,-0.06395829807336502,9,0.4833088076620753,2,-0.3285826845745277,9,0.5056852050314945,3
0001493152-24-004539,PALI,"PALISADE BIO, INC.",OTHER,2024-02-01,-0.001902223168625873,1.2746627335818115,0.11285211768966705,220,-0.03144708271586195,0.4233564551816812,9,-0.1277095369110572,2,-0.1956162315882382,9,-0.13726639417239456,3
0001493152-24-006132,PALI,"PALISADE BIO, INC.",OTHER,2024-02-14,-0.0012880350294728017,1.3972060637467563,0.11267404465238462,220,0.03510243953784367,-0.32367402573519916,9,0.004527892709757425,2,-0.09863089722960776,9,-0.019384754086079866,3
0001493152-24-017739,PALI,"PALISADE BIO, INC.",OTHER,2024-05-06,-0.0014591859397751102,1.0779338227196547,0.11701456080742807,220,0.08335100895798969,0.4648567222637926,9,0.017426800162005596,2,-0.3005539940159027,9,0.06725287168430358,3
0001493152-24-018687,PALI,"PALISADE BIO, INC.",OTHER,2024-05-13,-0.0013885637989825394,1.1363263026360964,0.11713339553047697,220,-0.07178956194416512,0.1520416575703967,9,-0.07239914806077066,2,-0.2628237196052768,9,-0.10561530314049433,3
0001493152-24-050203,PALI,"PALISADE BIO, INC.",OTHER,2024-12-17,-0.0038461395785408985,1.7767559782427955,0.08428413057802409,220,0.04377538706145773,-0.025394002166684193,9,0.021627469867296037,2,0.10547392220842289,9,0.057434997765673804,3
0001641172-25-018313,PALI,"PALISADE BIO, INC.",OTHER,2025-07-09,-0.005848088301962777,0.23172466678158748,0.07149035515838273,220,0.06001401553647662,0.0910844642431056,9,0.09152432222204021,2,0.6017768890873655,9,0.08380071758768802,3
0001641172-25-020896,PALI,"PALISADE BIO, INC.",OTHER,2025-07-25,-0.006227223207827532,0.2215257498345039,0.07233270399317923,220,0.050336425037267804,0.6053257346648551,9,0.12558482271645793,2,-0.37155125712708353,9,0.04157474873273903,3
0001493152-25-014071,PALI,"PALISADE BIO, INC.",OTHER,2025-09-19,-0.0037006319411675135,0.3247844331503488,0.080413204192857,220,0.002092017368875898,-0.04470031765497652,9,0.054256028457152675,2,1.1318287063730612,9,0.09092193477923907,3
0001493152-25-015775,PALI,"PALISADE BIO, INC.",OTHER,2025-09-29,-0.003772631354366271,0.33460615886450934,0.0807552205095073,220,0.0250544751954889,0.295824572411451,9,-0.03765066124457907,2,0.9886876113713299,9,0.13303619813431844,3
0001493152-25-017630,PALI,"PALISADE BIO, INC.",OTHER,2025-10-10,-0.004777805140499467,0.3822212343809928,0.08069110699708255,220,-0.03251057638333253,1.1861122102154025,9,-0.10859760709601593,2,-0.013830744791054572,9,-0.05271256438389777,3
0001493152-25-018324,PALI,"PALISADE BIO, INC.",OTHER,2025-10-17,-0.005402674690482537,0.39216289791702447,0.08059511502430147,220,0.008956982129966077,0.11829489894512518,9,0.07924648610138442,2,0.18029698799485924,9,0.08731987917953318,3
0001906324-22-000004,QDEL,QuidelOrtho Corp,OTHER,2022-07-08,-1.6946227029317353e-05,0.5935430803965717,0.036322100474834876,220,-0.009714996589729125,0.07747580985007359,9,-0.02591589050508805,2,-0.02160841552099223,9,-0.010326403449758452,3
0001906324-22-000008,QDEL,QuidelOrtho Corp,EARNINGS,2022-08-05,-0.0001437752861683147,0.6813574133669348,0.03454718527157448,220,-0.04985218354132283,-0.05564867633564308,9,-0.0695246452013431,2,-0.05459788918749343,9,-0.11233454660015592,3
0001906324-22-000019,QDEL,QuidelOrtho Corp,OTHER,2022-08-18,0.0005822334852344777,0.6947288424724566,0.03449172632511308,220,0.021680616812162285,-0.15762239536230732,9,0.012084487734160035,2,-0.03749392685726739,9,-0.018274665982929802,3
0001906324-22-000026,QDEL,QuidelOrtho Corp,EARNINGS,2022-10-13,-0.0016184771138527964,0.821440558899672,0.033829038223554826,220,0.08528878085185379,-0.03133156678970444,9,0.12828109839374788,2,0.09666430055950401,9,0.1242341230098011,3
0001906324-22-000029,QDEL,QuidelOrtho Corp,EARNINGS,2022-11-03,-0.001395957021192937,0.8101739244162105,0.03374913351890845,220,-0.0038986153101541327,0.14103271849766363,9,0.023427765447372354,2,-0.0286087971975115,9,0.014670762186678545,3
0001906324-22-000035,QDEL,QuidelOrtho Corp,OTHER,2022-12-05,-0.001253027430969912,0.9182339697203801,0.030840816815948132,220,0.010769436465337064,0.02020367688266235,9,0.010194634046993237,2,-0.06533881528732788,9,0.01902060136133041,3
0001906324-23-000002,QDEL,QuidelOrtho Corp,EARNINGS,2023-01-09,-0.0005657091836519635,0.9920406898704055,0.026038294196116186,220,-0.04965954670492291,0.05936505803113076,9,-0.0725318364465435,2,0.005443170643895642,9,-0.0718400841536312,3
0001906324-23-000008,QDEL,QuidelOrtho Corp,EARNINGS,2023-02-16,0.0005905409617503392,0.9295955984827974,0.02761340759267182,220,0.06381507947950413,-0.039434980398317034,9,0.07337673608733328,2,-0.031713086690937635,9,0.07466205874441512,3
0001906324-23-000027,QDEL,QuidelOrtho Corp,EARNINGS,2023-04-14,-0.0005244405729337943,0.9310221484256911,0.026608336831345968,220,0.05287128430026299,0.004535490752892248,9,0.029026767874851554,2,-0.023416384658803423,9,0.022904640215660715,3
0001906324-23-000030,QDEL,QuidelOrtho Corp,EARNINGS,2023-05-04,-0.0003261174849149046,0.9259861356219766,0.026453593450224324,220,-0.05843740711089734,0.0200935778333053,9,-0.058384359427644056,2,-0.029750665749777652,9,-0.0322381787498978,3
0001906324-23-000044,QDEL,QuidelOrtho Corp,EARNINGS,2023-08-09,-0.00011121960587522553,0.8393142986964554,0.023807346064000624,220,-0.06697412879580827,-0.04446786382455245,9,-0.0526126376440123,2,0.06456648915675132,9,-0.06839854183236893,3
0001906324-23-000052,QDEL,QuidelOrtho Corp,EARNINGS,2023-10-12,0.00018449483406687687,0.8923697758950354,0.02374905320205331,220,-0.05644037504371203,-0.014705407657163126,9,-0.004751847770100688,2,-0.047623150609271386,9,-0.0400779296268505,3
0001906324-23-000056,QDEL,QuidelOrtho Corp,EARNINGS,2023-11-02,-0.001302373578824538,0.8875770146099737,0.022540538915513986,220,0.021482496102179855,-0.07915579145102224,9,0.03891041737561575,2,0.004205316139009353,9,0.02125128202718327,3
0001906324-24-000002,QDEL,QuidelOrtho Corp,EARNINGS,2024-02-14,-0.0012550867849736042,1.059760975206569,0.01950127941976126,220,-0.3303764581461725,-0.02150986955878273,9,-0.36492914909402735,2,0.046873386766780295,9,-0.38891117041414397,3
0001906324-24-000006,QDEL,QuidelOrtho Corp,OTHER,2024-02-16,-0.0016157830558629898,1.1331891721406249,0.019042113476918355,220,-0.043218553465901186,-0.3669786237162268,9,0.08029690745892097,2,-0.06516153990838124,9,0.04559827800076258,3
0001906324-24-000025,QDEL,QuidelOrtho Corp,OTHER,2024-05-08,-0.003002674194710581,0.7460984134407314,0.031339564191197704,220,-0.02441677391747297,0.08603685290226311,9,-0.0036887282559210505,2,-0.0073728060136570295,9,0.00931761938739499,3
0001906324-24-000030,QDEL,QuidelOrtho Corp,EARNINGS,2024-05-09,-0.003079930253000814,0.7437420213323025,0.03133103856784794,220,0.020818879075968705,0.08604066636576364,9,-0.00021355492608572668,2,0.005305143123170618,9,-0.02455284500797305,3
0001906324-24-000042,QDEL,QuidelOrtho Corp,EARNINGS,2024-08-01,-0.0039480260492879525,0.8445489057672286,0.03337713149481463,220,0.08488184335455812,0.1948550642553025,9,0.10479204989207114,2,0.06756338191271467,9,0.0826944636045164,3
0001906324-24-000048,QDEL,QuidelOrtho Corp,EARNINGS,2024-11-08,-0.0012750898035452833,0.5167498800153639,0.034829514746170624,220,0.12516279464593852,0.0314329637798305,9,0.10834557806797175,2,-0.04658216642431896,9,0.07784722274304433,3
0001193125-24-263447,QDEL,QuidelOrtho Corp,OTHER,2024-11-22,-0.0021462410392168174,0.43832109939487746,0.034688237670703594,220,0.06017018094637612,0.0004423390211016377,9,0.08624057198938441,2,0.0024767506352559865,9,0.09697291437582989,3
0001906324-25-000003,QDEL,QuidelOrtho Corp,EARNINGS,2025-01-13,-0.002393675622537452,0.504853104769648,0.03602070504555755,220,-0.023307215417934287,0.06472690832474452,9,-0.10029009527898801,2,0.11115227440586009,9,-0.09627152105906907,3
0001906324-25-000031,QDEL,QuidelOrtho Corp,EARNINGS,2025-02-13,-0.0015855371981841721,0.4967608999435278,0.03703440951167776,220,0.03915527923926544,-0.03456302752366175,9,0.014834881048571918,2,0.014325404090579433,9,-0.018873475900995862,3
0001906324-25-000055,QDEL,QuidelOrtho Corp,EARNINGS,2025-05-08,-0.0010737125083462422,0.8523354979026145,0.02773277581514461,220,0.405579659171068,-0.010699763017111279,9,0.40444809350820715,2,-0.19644544037129208,9,0.3984677346728272,3
0001906324-25-000150,QDEL,QuidelOrtho Corp,EARNINGS,2025-08-06,-0.0020846165404154638,1.4248367954721042,0.03829692761007733,220,-0.018964414862010292,-0.03728341219882434,9,0.02526928817891116,2,0.08862457562056579,9,0.01674278684953908,3
0001193125-25-185355,QDEL,QuidelOrtho Corp,OTHER,2025-08-22,-0.0015246675253501487,1.4162271715312373,0.03851959502694575,220,0.06707143382078815,0.08366545856520062,9,0.06586823706448382,2,0.03015127919976417,9,0.04725841456968537,3
0001906324-25-000158,QDEL,QuidelOrtho Corp,EARNINGS,2025-11-06,-0.002025978209898134,1.5241593573955863,0.04020304212060419,220,-0.2048580362711614,-0.08959811917897093,9,-0.24713593107233542,2,0.11386633443379476,9,-0.24154553378083146,3
0001193125-25-273317,QDEL,QuidelOrtho Corp,OTHER,2025-11-10,-0.0014701356512295482,1.5568978391652093,0.04029172362896612,220,-0.053291003160787644,-0.2999230191921003,9,0.05409278335669337,2,0.25442162159479625,9,0.011226815839634752,3
0001213900-22-003972,REVB,"REVELATION BIOSCIENCES, INC.",OTHER,2022-01-28,-4.9781544914564856e-05,0.0687754485080409,0.004796874830927514,220,-0.06932746426119402,-1.044469982036515,9,-0.05841963407635942,2,-0.15110022072342058,9,-0.1279603067064746,3
0001213900-22-006506,REVB,"REVELATION BIOSCIENCES, INC.",PRESENTATION,2022-02-11,-9.48699122036008e-05,0.04583385913042231,0.0040128442406617264,220,-0.10448657818361823,-0.052939762498163095,9,-0.038204127807407645,2,-0.41731091829442457,9,-0.08928582428055512,3
0001213900-22-012515,REVB,"REVELATION BIOSCIENCES, INC.",PRESENTATION,2022-03-15,-0.0062002334968683645,0.9095369811470363,0.032687204457481224,220,0.21168946888126497,0.26723776125227106,9,0.18972124614512006,2,0.6305125034133507,9,0.0818789036580457,3
0000950170-22-010146,REVB,"REVELATION BIOSCIENCES, INC.",EARNINGS,2022-05-17,-0.007526785622339055,2.535995100440875,0.08704807813051044,220,-0.08875763948339657,-0.02865830671513667,9,-0.054385241439294726,2,-0.33900056166277226,9,-0.08151202780931015,3
0000950170-22-013698,REVB,"REVELATION BIOSCIENCES, INC.",OTHER,2022-08-02,-0.008014041545614166,1.9494763773652184,0.09563050186344739,220,0.007203174153218701,-0.4680675586010349,9,-0.025211606388472224,2,-0.047549038705346366,9,-0.1020107850975644,3
0000950170-22-019354,REVB,"REVELATION BIOSCIENCES, INC.",PRESENTATION,2022-10-07,-0.006027684475200408,1.660738936982238,0.1317893899083168,220,-0.047647623701581786,0.00615877179016441,9,-0.025108456183947928,2,-0.10705978178496779,9,0.1397835661126947,3
0000950170-22-020014,REVB,"REVELATION BIOSCIENCES, INC.",OTHER,2022-10-26,-0.005768427318519329,1.568211511808386,0.13199390563928246,220,-0.19652856293077822,0.004032027298144593,9,-0.31551259288147576,2,-0.21990478616059617,9,0.3092137612191216,3
0000950170-23-000613,REVB,"REVELATION BIOSCIENCES, INC.",PRESENTATION,2023-01-11,-0.006582658707071227,1.8448988145985494,0.14126808707025998,220,0.08463099959265327,0.21962778135217587,9,0.09704917407192379,2,0.20207577001696578,9,0.10947326261741315,3
0000950170-23-001502,REVB,"REVELATION BIOSCIENCES, INC.",OTHER,2023-02-01,-0.0015952193854838058,1.6899889944200521,0.13974634986807885,220,-0.030651242504290497,0.07843304602864665,9,-0.24399557546970488,2,-0.8583722214897156,9,-0.2146170953389886,3
0000950170-23-002652,REVB,"REVELATION BIOSCIENCES, INC.",OTHER,2023-02-14,-0.0018308731528526227,1.6504855173433117,0.1400469505387266,220,-0.053353815477986836,-1.0090321744574184,9,-0.04577157679056679,2,-0.11275042273658636,9,-0.05980663714468063,3
0000950170-23-003213,REVB,"REVELATION BIOSCIENCES, INC.",OTHER,2023-02-21,0.0005380573794626209,1.549471686563313,0.1390906581271106,220,-0.060180236834802406,-0.9924928559878909,9,-0.08297310822083107,2,-0.048739291516601044,9,-0.14024610457897618,3
0000950170-23-024262,REVB,"REVELATION BIOSCIENCES, INC.",PRESENTATION,2023-05-26,-0.006604923415486353,1.3374296367186702,0.11965470216331522,220,-0.02857295287437046,0.04460044357189054,9,-0.07702263905158391,2,0.055893203845426696,9,-0.06381772759941912,3
0000950170-23-027498,REVB,"REVELATION BIOSCIENCES, INC.",OTHER,2023-06-13,-0.005756763784189213,1.24185143398718,0.12002319967118005,220,0.025347205634801126,0.007579196484501425,9,0.06566129699224321,2,-0.13776779260069458,9,0.06015186770786008,3
0000950170-23-030766,REVB,"REVELATION BIOSCIENCES, INC.",OTHER,2023-06-30,-0.011492517401480738,1.6438283237192914,0.10578672600159647,220,0.002846904237862772,-0.08699461205846962,9,0.0124481746252745,2,-0.05829742536082157,9,0.0015884615829034072,3
0000950170-23-041889,REVB,"REVELATION BIOSCIENCES, INC.",EARNINGS,2023-08-14,-0.010226435852714412,1.671276943576468,0.08092867090300693,220,-0.024332274455196846,0.053543558500648535,9,-0.013789293068405348,2,0.055691282385237226,9,-0.002588355516766637,3
0000950170-23-051141,REVB,"REVELATION BIOSCIENCES, INC.",OTHER,2023-10-03,-0.009501321258696734,1.900570796443655,0.07942291357025982,220,-0.005902392951159768,0.10782064278910963,9,-0.011709720424779206,2,0.004949484752285165,9,0.029026482398202998,3
0000950170-23-053115,REVB,"REVELATION BIOSCIENCES, INC.",PRESENTATION,2023-10-13,-0.009987570927326477,1.9249854922927694,0.07851623697149406,220,0.002284508973769174,0.11540756872721075,9,-0.04023970254195267,2,0.09620827072821383,9,-0.04924270846462811,3
0000950170-23-063019,REVB,"REVELATION BIOSCIENCES, INC.",EARNINGS,2023-11-14,-0.009091661853222584,1.3149351320280138,0.06484188667377622,220,0.06252816511199215,-0.027518921944927464,9,0.09322637475098941,2,0.2277717869061199,9,0.12142869302071194,3
0000950170-24-008972,REVB,"REVELATION BIOSCIENCES, INC.",PRESENTATION,2024-01-31,-0.012084111887661104,1.5536876269254636,0.06288659342732254,220,0.14435424299974778,0.19232701074297295,9,-0.5025325415585292,2,0.04942423506018121,9,-0.8772375354811065,3
0000950170-24-012748,REVB,"REVELATION BIOSCIENCES, INC.",OTHER,2024-02-09,-0.007592715527010849,1.5672069712570604,0.0486061950275081,220,-0.0014647989328688002,-0.8053802201989322,9,-0.00037854239791599003,2,0.21256863364269313,9,0.08404138899956527,3
0000950170-24-029611,REVB,"REVELATION BIOSCIENCES, INC.",CLINICAL,2024-03-12,-0.007380703718104702,1.1253238815588205,0.05312393164463918,220,-0.07615339697974007,0.1694090980570488,9,-0.233675535962793,2,0.06885694841444395,9,-0.23709204123397576,3
0000950170-24-035376,REVB,"REVELATION BIOSCIENCES, INC.",EARNINGS,2024-03-25,-0.009017057799842776,0.1050282786892851,0.07626896014275972,220,0.017746037499036943,-0.22260408630614167,9,0.11482320971104068,2,0.027735775129579754,9,0.0913863573054084,3
0000950170-24-057927,REVB,"REVELATION BIOSCIENCES, INC.",EARNINGS,2024-05-13,-0.007358072803992159,-0.08291432888636743,0.07925154425901085,220,-0.09942687598300427,0.0843064188217907,9,-0.0889710166501408,2,0.014082459710786775,9,-0.14514253230756635,3
0000950170-24-076761,REVB,"REVELATION BIOSCIENCES, INC.",OTHER,2024-06-25,-0.007337168076731953,-0.14750988591065056,0.08006553023505966,220,-0.09626146005440481,0.03444209903499042,9,-0.16315878637753628,2,-0.03559007747942837,9,-0.01886039264743937,3
0000950170-24-089966,REVB,"REVELATION BIOSCIENCES, INC.",OTHER,2024-08-05,-0.006820885572187085,0.09755852760814675,0.08245019622826096,220,-0.2403378824061909,-0.054395615462005956,9,-0.2073893569478631,2,-0.18208995747715942,9,-0.19875209047305223,3
0000950170-24-094788,REVB,"REVELATION BIOSCIENCES, INC.",EARNINGS,2024-08-12,-0.0069707610713903075,0.012579162451030537,0.08335410314071444,220,-0.07003583175701793,-0.3025849804134451,9,-0.08819068454492865,2,0.7897813463851576,9,-0.12889447314125344,3
0000950170-24-100550,REVB,"REVELATION BIOSCIENCES, INC.",OTHER,2024-08-27,-0.006574082432020597,0.022561913718133327,0.08347214638259944,220,-0.026790201614565193,0.7687897639369775,9,-0.06318861602942524,2,-0.12033481674501113,9,-0.0648252706722947,3
0000950170-24-109998,REVB,"REVELATION BIOSCIENCES, INC.",CLINICAL,2024-09-30,-0.010682991493290326,0.7503141264881755,0.08421791708783243,220,-0.02961187476820177,0.027261488034588527,9,-0.028639062280235293,2,0.01955080629602087,9,0.04047987741644838,3
0000950170-24-124141,REVB,"REVELATION BIOSCIENCES, INC.",EARNINGS,2024-11-11,-0.008541174828142404,1.3713918136730612,0.11304163411653122,220,0.2755272976161819,0.057437441087670564,9,0.2239054053661916,2,-0.18645462513006855,9,0.19121187823939487,3
0000950170-24-134064,REVB,"REVELATION BIOSCIENCES, INC.",REGULATORY,2024-12-09,-0.00863151441853111,1.2518878910898403,0.11168680841871753,220,0.03780545029363577,-0.261799405996953,9,0.04810696418598321,2,-0.28857433411446365,9,0.023528452279711946,3
0000950170-24-135895,REVB,"REVELATION BIOSCIENCES, INC.",OTHER,2024-12-13,-0.008387416557665827,1.2507760088525526,0.11163541839831426,220,-0.11969365143506873,-0.33259214480217514,9,-0.14998033389295434,2,0.23233995708319582,9,-0.15181467977476512,3
0000950170-25-002828,REVB,"REVELATION BIOSCIENCES, INC.",OTHER,2025-01-08,-0.008136752919720904,1.2370888878718616,0.11308793780659226,220,-0.045958337635815194,0.9474000762017741,9,-0.10686532126960202,2,-0.6808655951187058,9,-0.13295573905667016,3
0000950170-25-007303,REVB,"REVELATION BIOSCIENCES, INC.",CLINICAL,2025-01-22,-0.009005961393626336,1.2830358442280945,0.11832537994772097,220,-0.15559147970140846,-0.3876386199259173,9,-0.22542752715290895,2,-0.0156580952791324,9,-0.19566601457973096,3
0000950170-25-017882,REVB,"REVELATION BIOSCIENCES, INC.",PRESENTATION,2025-02-12,-0.006178452206497867,1.7135563512660843,0.10249746872806996,220,0.10988989479244769,0.06209513838391194,9,0.07680096881171933,2,-0.027898157640908465,9,0.003982924885414546,3
0000950170-25-025626,REVB,"REVELATION BIOSCIENCES, INC.",OTHER,2025-02-25,-0.003345895157519518,1.6871778072154233,0.10689376428397471,220,-0.08252184634991536,0.08872410503024306,9,-0.12915632131330843,2,0.06814316326575055,9,-0.1482953449253791,3
0000950170-25-034689,REVB,"REVELATION BIOSCIENCES, INC.",EARNINGS,2025-03-07,-0.006295380199541687,1.7986144028853337,0.10617781446311628,220,0.004885082685378638,-0.07531281711693769,9,0.021838356138244478,2,-0.11340901792037092,9,0.04023118744003194,3
0000950170-25-040294,REVB,"REVELATION BIOSCIENCES, INC.",CLINICAL,2025-03-18,-0.006978013118365267,1.9036690017192197,0.10670744538019206,220,-0.052446647681299495,0.10733129294008201,9,0.0026398833630056073,2,-0.0460697581343639,9,-0.12270898027112631,3
0000950170-25-067043,REVB,"REVELATION BIOSCIENCES, INC.",EARNINGS,2025-05-09,-0.007404757870254191,1.88994662754272,0.10586782309416315,220,0.03663026829801292,0.0069247092934424884,9,0.007379469144500536,2,-0.18802428445592587,9,0.07070008708846473,3
0000950170-25-078340,REVB,"REVELATION BIOSCIENCES, INC.",OTHER,2025-05-29,-0.004163347453076915,0.43809957294000657,0.1099554511631274,220,-0.5416074549775223,-0.2740802777413275,9,-0.571045056089464,2,-0.01697308778038644,9,-0.7141268844439197,3
0000950170-25-081604,REVB,"REVELATION BIOSCIENCES, INC.",OTHER,2025-06-05,-0.005034406590521089,0.3898225789507568,0.10967071255013089,220,-0.07113598247410244,-0.7178478718374414,9,-0.016116956967319802,2,-0.09051111275248397,9,-0.029845845966923183,3
0000950170-25-089972,REVB,"REVELATION BIOSCIENCES, INC.","INVALID:I appreciate your request, but I cannot ",2025-06-26,-0.005605044856121359,0.3388617041592226,0.10884044872102142,220,-0.019692121083851294,0.09298638638874643,9,-0.09016092880161045,2,0.2718993968587509,9,-0.12037793725913173,3
0000950170-25-094789,REVB,"REVELATION BIOSCIENCES, INC.",OTHER,2025-07-10,-0.005861387868464862,0.36404526052615105,0.10946758742787033,220,-0.003937229714119165,0.023953341105241166,9,-0.009185448980700148,2,0.13653284242958702,9,0.12995101831329497,3
0000950170-25-105485,REVB,"REVELATION BIOSCIENCES, INC.",EARNINGS,2025-08-08,-0.007442473965718733,0.15929708856392802,0.11507505883993914,220,-0.06046624248217727,-0.1146146093322659,9,-0.052708758309411845,2,0.28801549729882836,9,-0.02513287038535466,3
0001810560-25-000006,REVB,"REVELATION BIOSCIENCES, INC.",CLINICAL,2025-09-09,-0.007678393316441399,-0.12366089256621192,0.08759373397878527,220,-0.16579458973851596,0.05087989140730503,9,-0.09767284472679351,2,-0.40467242111435375,9,-0.1071122320724731,3
0001193125-25-203750,REVB,"REVELATION BIOSCIENCES, INC.",OTHER,2025-09-16,-0.008573223336740002,-0.13565146737556052,0.0878898028752466,220,0.021207024352809176,-0.2416143347666636,9,0.010624320636329853,2,-0.006086417584638234,9,-0.16758028983776432,3
0001193125-25-240400,REVB,"REVELATION BIOSCIENCES, INC.",OTHER,2025-10-16,-0.007462853660531693,-0.07250378549619105,0.08801214986324951,220,-0.015089715843403037,0.0005986978352544893,9,-0.03729055697749514,2,0.042961911887518814,9,-0.029505820592693494,3
0001193125-25-256367,REVB,"REVELATION BIOSCIENCES, INC.",OTHER,2025-10-30,-0.010021165019463828,-0.15907368269429428,0.09007369951714252,220,-0.015165806957835598,0.08556961779590733,9,-0.0046228449780798455,2,-0.2147449823602718,9,-0.03930144442845022,3
0001193125-25-269696,REVB,"REVELATION BIOSCIENCES, INC.",EARNINGS,2025-11-07,-0.010698553904963246,-0.15606838605203707,0.09000642468288256,220,-0.017860656933330683,-0.007961825490807794,9,0.05541589748655158,2,-0.10166895956270813,9,-0.0003749097421492098,3
0001193125-25-306915,REVB,"REVELATION BIOSCIENCES, INC.",CLINICAL,2025-12-04,-0.009743270120457325,-0.19425827549250407,0.08035583599440627,220,0.059203233436073116,0.19664588910997413,9,0.10431544332709206,2,-0.04132937011802228,9,0.12106717715969673,3
0001193125-22-173521,RMD,RESMED INC,OTHER,2022-06-14,-0.0005921292095511393,0.8948770940831813,0.015071822758935701,220,0.0014109386881017596,0.06356324289182322,9,-0.004467724565551917,2,0.04495978255367679,9,0.0007503264079468594,3
0001640334-19-000347,SKYE,"Skye Bioscience, Inc.",OTHER,2019-03-05,0.00459176938400422,-0.44241365308597447,0.08254008207119475,220,-0.009618166376438975,-0.09423077757442526,9,-0.07022293254647564,2,0.5229075841696894,9,-0.14638295443205346,3
0001640334-19-000432,SKYE,"Skye Bioscience, Inc.",OTHER,2019-03-26,0.006254087232357668,-0.41366647268267936,0.08218089020676415,220,0.2904802375788663,0.49365742733643303,9,0.13973177968190492,2,0.4183798299796805,9,0.10239742729666429,3
0001640334-19-001000,SKYE,"Skye Bioscience, Inc.",OTHER,2019-05-30,0.00826896365680467,-0.02354285322732438,0.09228266057416822,220,0.13786274287248848,-0.15556003016734227,9,0.10966869462548089,2,-0.35988691267522044,9,-0.00875825699050906,3
0001640334-19-001741,SKYE,"Skye Bioscience, Inc.",OTHER,2019-08-23,0.005791044598376471,-0.10593414648663242,0.09495552929954772,220,-0.021845511815281098,0.000989498472074423,9,-0.06362727145410946,2,-0.0586192985396617,9,-0.06945093227821206,3
0001640334-19-002436,SKYE,"Skye Bioscience, Inc.",OTHER,2019-11-22,0.001927704021126754,0.8571960579933717,0.07901834598062651,220,-0.0038340383184638036,0.04432701182659926,9,-0.057859879786994035,2,0.05667319095888626,9,-0.35777123916147063,3
0001640334-19-002653,SKYE,"Skye Bioscience, Inc.",OTHER,2019-12-23,0.0007490430597933385,1.0582332334904607,0.0784236997034153,220,-0.08041459412642966,-0.0932622905349409,9,-0.18172538557372975,2,-0.1388916975165352,9,-0.1871136754438923,3
0001640334-20-001960,SKYE,"Skye Bioscience, Inc.",OTHER,2020-08-05,-0.00052421918333554,0.7751857560805112,0.08427174325501914,220,-0.12429046478871413,-0.8044799797713446,9,-0.19712975139019248,2,0.21036475424638656,9,-0.19959978834469716,3
0001640334-20-002056,SKYE,"Skye Bioscience, Inc.",OTHER,2020-08-13,0.0002396806036102819,0.7668477466378538,0.08714574993480521,220,-0.018460945739905702,-0.4622528344756091,9,-0.01872318433920215,2,-0.08461953646328339,9,-0.009654950403433121,3
0001640334-21-000128,SKYE,"Skye Bioscience, Inc.",NO_TEXT,2021-01-19,-0.004219666529852168,0.7204203848430116,0.0836578506087971,220,0.22078520709584237,1.0251932334027711,9,0.16958048053421698,2,0.24096366551675413,9,0.19029004375848996,3
0001640334-21-001671,SKYE,"Skye Bioscience, Inc.",OTHER,2021-07-26,0.005688639654124009,0.5448102740766714,0.09840138077412236,220,0.02745663686838793,-0.2270138831808685,9,0.024251024551987566,2,-0.1277934719673733,9,0.019901852699498904,3
0001628280-21-018623,SKYE,"Skye Bioscience, Inc.",OTHER,2021-09-15,0.008534588877893864,0.8961232955111671,0.09353371829390354,220,-0.04853989961482393,-0.11588012229816666,9,-0.04725051503727034,2,-0.33208148490791417,9,-0.11201791977532172,3
0001640334-21-002419,SKYE,"Skye Bioscience, Inc.",OTHER,2021-09-28,0.008694244808132403,0.9159263218526459,0.09348003242409096,220,-0.08114568658509552,-0.19784763924335333,9,-0.1024926786545194,2,-0.1928839289314765,9,-0.247696988264266,3
0001516551-21-000009,SKYE,"Skye Bioscience, Inc.",OTHER,2021-09-30,0.00900891998049893,0.8584643584671576,0.09319310731836464,220,0.18125881569781435,-0.3149768079557297,9,0.11442858518407048,2,-0.3850826564132008,9,0.09286363471731088,3
0001516551-21-000015,SKYE,"Skye Bioscience, Inc.",OTHER,2021-10-06,0.008240874460842436,0.957908796090028,0.09322161010612355,220,-0.012221852807356617,-0.24262096497006375,9,-0.028744730974338696,2,-0.33392706405316636,9,-0.06893078203055863,3
0001516551-21-000017,SKYE,"Skye Bioscience, Inc.",OTHER,2021-10-18,0.008243006782056415,0.8511290519703292,0.09259655228312373,220,-0.0248472972611372,-0.3780485734127943,9,-0.05394246059709515,2,0.045209396431956865,9,-0.10920810394842961,3
0001516551-21-000031,SKYE,"Skye Bioscience, Inc.",OTHER,2021-12-21,0.005874023753285714,0.7747023824006328,0.08983135700925396,220,-0.053530235592448364,-0.05168176991098019,9,-0.014518627122789673,2,-0.20348678389339164,9,-0.0288218739756778,3
0001516551-24-000002,SKYE,"Skye Bioscience, Inc.",OTHER,2024-01-29,0.0016179962590934537,0.7042649473848713,0.10677322252741286,220,0.28312722124556083,-0.2693566765020415,9,0.3287206249336134,2,0.7660949952136041,9,0.36133072573038605,3
0001516551-24-000008,SKYE,"Skye Bioscience, Inc.",OTHER,2024-02-13,-0.000776897120678008,-0.024657580632644237,0.10417028712476707,220,-0.0635252492240664,0.8399349065455177,9,-0.09919090549246443,2,1.0396013484603364,9,-0.08897602037697644,3
0001516551-24-000034,SKYE,"Skye Bioscience, Inc.",OTHER,2024-03-05,0.0003895512800305981,-0.3333164981265822,0.10222359044152834,220,-0.01760962842179146,1.2351585266387526,9,-0.06983135034029055,2,-0.13964548552518039,9,0.005333195288062198,3
0001516551-24-000052,SKYE,"Skye Bioscience, Inc.",OTHER,2024-04-04,0.007291358999759855,-0.5218170048277221,0.10646126030798819,220,-0.18617756616148826,0.0019301790479323462,9,-0.3712305509634847,2,0.6387344101274087,9,-0.4283033184010857,3
0001516551-24-000059,SKYE,"Skye Bioscience, Inc.",CLINICAL,2024-06-10,0.01329489759532476,-0.9747466422578386,0.12461274683664395,220,-0.09803464621207546,-0.1565510853452822,9,-0.08393180808659274,2,-0.335036904267475,9,-0.1319806614858698,3
0001516551-24-000064,SKYE,"Skye Bioscience, Inc.",OTHER,2024-07-03,0.010925967437480054,-0.7452937581888179,0.12303646749789107,220,-0.020827494871564437,-0.3648878420517967,9,-0.290190326224324,2,0.0013648262005713369,9,-0.3581353423876592,3
0001516551-24-000085,SKYE,"Skye Bioscience, Inc.",OTHER,2024-09-05,0.00891666157483337,-0.9026116364018834,0.11683047159027565,220,0.0005740942462124556,0.05041475047248577,9,-0.05983730308428909,2,-0.07162396412439623,9,-0.05362334123038561,3
0001516551-24-000093,SKYE,"Skye Bioscience, Inc.",OTHER,2024-10-30,0.01106747384668254,-0.668703700538935,0.10877722047292693,220,-0.03799465993915804,0.11537438429437578,9,-0.03270138961852184,2,-0.04883181322136803,9,-0.029094401805917026,3
0001516551-24-000108,SKYE,"Skye Bioscience, Inc.",EARNINGS,2024-11-08,0.010241167465993016,-0.4934542610417384,0.1131547707645687,220,0.04152873462041681,0.017505801198314932,9,-0.005019919758746966,2,-0.37214644563401056,9,0.0015898501115574962,3
0001516551-25-000028,SKYE,"Skye Bioscience, Inc.",EARNINGS,2025-03-21,-0.003903609990601218,0.34667957000051514,0.07668698409408856,220,0.19426544267634527,-0.1861597787252725,9,0.2364049478927812,2,-0.47934216753527326,9,0.18631100583692684,3
0001516551-25-000043,SKYE,"Skye Bioscience, Inc.",EARNINGS,2025-05-09,-0.0056497843746927045,1.2003677989207466,0.06980911405883808,220,0.018352361110678516,0.05887968445222637,9,0.11692976992253308,2,0.0149214079487522,9,0.09773211068718313,3
0001516551-25-000050,SKYE,"Skye Bioscience, Inc.",EARNINGS,2025-08-08,0.0005670216931828464,1.6068349721016721,0.08031063475598135,220,-0.021546943712277958,-0.025541523901494723,9,-0.021777353482354544,2,-0.08190478812708864,9,-0.1084020676348398,3
0001628280-25-044223,SKYE,"Skye Bioscience, Inc.",CLINICAL,2025-10-06,0.0016488877564459436,1.643279247202225,0.07284316580625175,220,-0.6075419874145436,0.10484001010163879,9,-0.7294143411926569,2,-0.22954287863547043,9,-0.6731325379213648,3
0001628280-25-051035,SKYE,"Skye Bioscience, Inc.",EARNINGS,2025-11-11,-6.83231919544891e-05,1.7408794528780762,0.07274515848386051,220,0.024251899164677106,-0.005552541057426955,9,0.06444762089210354,2,-0.13010357003942463,9,-0.03454465948567823,3
0001193125-21-244702,SPRY,"ARS Pharmaceuticals, Inc.",EARNINGS,2021-08-13,0.0020216357230811947,0.7636923678542601,0.053191082328683095,142,0.027538363765094116,-0.1125240723093458,9,0.05684481949973445,2,-0.21477105118909232,9,0.04546984267047135,3
0001193125-21-270925,SPRY,"ARS Pharmaceuticals, Inc.",CLINICAL,2021-09-13,0.0016735902014141705,0.8903594559756839,0.05274922718630861,162,-0.23749135312619638,-0.15180389231668828,9,-0.14174263746038349,2,-0.3769674303588361,9,-0.22585756600150253,3
0001193125-21-274662,SPRY,"ARS Pharmaceuticals, Inc.",PRESENTATION,2021-09-16,0.001343064347640641,0.8906874128766029,0.05232482672429082,165,-0.23070030043700362,-0.2506113656144255,9,-0.21936730522353254,2,-0.20884654890038948,9,-0.22999274513553236,3
0001193125-21-326031,SPRY,"ARS Pharmaceuticals, Inc.",EARNINGS,2021-11-11,-0.0033705083175074894,0.836968296402884,0.055273132806335716,205,0.026186028174512283,-0.020909475759205244,9,0.026803059580881063,2,-0.10692436956904802,9,0.01666882408932302,3
0001193125-22-091747,SPRY,"ARS Pharmaceuticals, Inc.",EARNINGS,2022-04-01,-0.009744621715497228,1.6862503895577683,0.04839830436027472,220,-0.08050464711311926,-0.10104423585434745,9,-0.07585973666855923,2,0.1390631811726958,9,-0.04300220911237262,3
0001193125-22-148646,SPRY,"ARS Pharmaceuticals, Inc.",EARNINGS,2022-05-13,-0.009130944996822262,1.7389912163651193,0.04739370121967518,220,-0.05554700503518613,0.10954567317523052,9,-0.015711155848120564,2,0.15660444765495168,9,0.04006207038811112,3
0001193125-22-199246,SPRY,"ARS Pharmaceuticals, Inc.",OTHER,2022-07-22,-0.008131984967177255,1.3767396542235546,0.04545659495066974,220,-0.0904581960631205,0.04425359793737212,9,-0.043078375634323623,2,0.26621551267374155,9,-0.05797471543941264,3
0001193125-22-266351,SPRY,"ARS Pharmaceuticals, Inc.",REGULATORY,2022-10-21,-0.0011351292443829602,1.1624054220159488,0.03722783283679348,220,-0.05592686471428073,0.027647651536729843,9,-0.0515634499293264,2,0.05284457387353829,9,0.08099191955576099,3
0001193125-22-275336,SPRY,"ARS Pharmaceuticals, Inc.",OTHER,2022-11-02,-0.0013129082183570913,1.1037924231886682,0.03733115912032867,220,0.042021776543018,0.08288577472423125,9,0.027413128056735035,2,-0.056948362574916374,9,0.022302247804821367,3
0001193125-22-280241,SPRY,"ARS Pharmaceuticals, Inc.",OTHER,2022-11-09,-0.00044251771058422527,1.0829837315473316,0.037489631055331075,220,0.05512236520547181,-0.03164427088517653,9,-0.013850830127183439,2,0.06613253994032928,9,-0.00892452844051677,3
0001193125-22-299482,SPRY,"ARS Pharmaceuticals, Inc.",PRESENTATION,2022-12-07,0.0006547497870532516,1.0009650153012735,0.03795792264240733,220,0.040708005392890885,0.12346712065323227,9,0.059459842214302255,2,0.07876059034768054,9,0.05378945450839201,3
0001193125-23-068584,SPRY,"ARS Pharmaceuticals, Inc.",PRESENTATION,2023-03-13,0.003434055741373869,0.7276030492560737,0.03676713429068347,220,0.025592857478684568,0.06140429312559913,9,0.03735923889348955,2,-0.2520247875493383,9,-0.07932191014177223,3
0000950170-23-009485,SPRY,"ARS Pharmaceuticals, Inc.",EARNINGS,2023-03-24,0.003935007405826879,0.7466701255690052,0.03688461950291127,220,-0.04928973255024194,-0.1445676826596886,9,-0.17715051545762503,2,-0.18047299993180127,9,-0.19311664569483522,3
0001193125-23-139053,SPRY,"ARS Pharmaceuticals, Inc.",REGULATORY,2023-05-09,0.00495350923774534,0.748303014254053,0.03736877316267041,220,-0.14476680160936126,-0.07534419990987215,9,-0.27554671777394873,2,0.7893873381470815,9,-0.32824309263608825,3
0000950170-23-021996,SPRY,"ARS Pharmaceuticals, Inc.",EARNINGS,2023-05-15,0.004367338993497116,0.7610972949812934,0.03813237327295964,220,-0.03560014391412281,-0.37185784336495764,9,0.01121348702487572,2,-0.2030823289749304,9,0.7866044502198098,3
0001193125-23-146147,SPRY,"ARS Pharmaceuticals, Inc.",PRESENTATION,2023-05-17,0.0036736112800646917,0.7229438763415171,0.0381564389195954,220,0.0022384870696255856,0.3707243806117381,9,-0.07353815632929017,2,-0.13973337286312432,9,-0.02628576639415118,3
0000950170-23-041294,SPRY,"ARS Pharmaceuticals, Inc.",EARNINGS,2023-08-11,0.002694100980269257,0.5936896084295303,0.06689420940107028,220,-0.005267632919426684,0.022048198410177668,9,0.0019383022109563655,2,-0.008681951575311698,9,-0.006774495967996592,3
0001193125-23-237996,SPRY,"ARS Pharmaceuticals, Inc.",REGULATORY,2023-09-20,0.00287856930349098,0.6840026633474982,0.06691450992419658,220,-0.5545009188841296,0.031411133994816154,9,-0.2892247863647353,2,0.0805936925745282,9,-0.4029160870023422,3
0001193125-23-241345,SPRY,"ARS Pharmaceuticals, Inc.",PRESENTATION,2023-09-26,0.002550199817003094,0.7053655001933571,0.06679823229808919,220,0.04947914654825962,-0.3357303718383858,9,0.017314109533841472,2,0.06917898892250297,9,-0.07911142414849728,3
0000950170-23-061989,SPRY,"ARS Pharmaceuticals, Inc.",EARNINGS,2023-11-10,0.00036246111252310093,0.9176229236972855,0.07822652043328919,220,0.07278163451553925,-0.03746922699859862,9,0.14568001906131595,2,0.12960754574897568,9,0.11057447400118135,3
0000950170-24-034678,SPRY,"ARS Pharmaceuticals, Inc.",EARNINGS,2024-03-22,0.0008545825572338385,0.8684627783141943,0.07608783843054016,220,-0.038097018496119864,-0.04138537456681982,9,0.018939154112908287,2,0.0863635868332195,9,0.049697211441940795,3
0000950170-24-056934,SPRY,"ARS Pharmaceuticals, Inc.",EARNINGS,2024-05-10,0.005502263636617067,0.7897139055285148,0.07540334199093199,220,-0.013337587340504027,0.04775908875672628,9,-0.0017834731927930097,2,-0.050624826452800364,9,-0.04053360531402922,3
0001193125-24-172166,SPRY,"ARS Pharmaceuticals, Inc.",PRESENTATION,2024-06-28,0.0022722461554919304,1.114182281379579,0.05283681121026899,220,0.059254994285180725,-0.14283940746125925,9,0.08054171998115986,2,0.24358271840758466,9,0.07280016990888924,3
0000950170-24-091745,SPRY,"ARS Pharmaceuticals, Inc.",EARNINGS,2024-08-07,0.0017155166034416823,0.9211473941723314,0.052876032207752305,220,-0.017542237571231956,-0.04877336830808325,9,-0.006573902995147096,2,0.26994126409658425,9,0.03257435946307202,3
0001193125-24-198384,SPRY,"ARS Pharmaceuticals, Inc.",PRESENTATION,2024-08-12,0.0017105914044232536,0.893859700173118,0.053247201434543756,220,-0.0049376629751419045,-0.09198124607293745,9,0.1823385198714034,2,-0.024577571413360373,9,0.2767871561501172,3
0000950170-24-125921,SPRY,"ARS Pharmaceuticals, Inc.",EARNINGS,2024-11-13,0.004630534109009273,1.4452083057937026,0.036666563437566066,220,-0.1576504876043543,0.06367098654246431,9,-0.1508576715754726,2,-0.022995169881219978,9,-0.20131332065365934,3
0001193125-25-047351,SPRY,"ARS Pharmaceuticals, Inc.",REGULATORY,2025-03-06,0.0013100529100701077,1.571187267210147,0.03797167038206596,220,0.01922063686854116,-0.04604725128041699,9,0.014665173216350892,2,0.320448738590441,9,0.030721141353203012,3
0000950170-25-042317,SPRY,"ARS Pharmaceuticals, Inc.",EARNINGS,2025-03-20,0.001295822352438021,1.6481530324845786,0.03785588197223531,220,0.23179621663046912,0.11458702605991244,9,0.09368828871783175,2,0.1512507922500671,9,0.08485067483288589,3
0000950170-25-070899,SPRY,"ARS Pharmaceuticals, Inc.",EARNINGS,2025-05-14,0.0018257947299759288,1.5677800621622346,0.040784526970856994,220,-0.09746217242491945,-0.14162684367204864,9,-0.09909443528151576,2,0.2325291822248725,9,-0.10675909351309967,3
0001193125-25-190202,SPRY,"ARS Pharmaceuticals, Inc.",OTHER,2025-08-28,0.0013971713601382296,0.8882439957977769,0.0392776205869666,220,-0.04769757360378242,-0.13183082684024464,9,-0.1402204115256363,2,-0.1702843809451198,9,-0.17603903731673215,3
0001564590-19-014278,TNDM,TANDEM DIABETES CARE INC,EARNINGS,2019-05-01,0.010440938581913833,2.3552541367008524,0.0470499263141714,220,-0.021560465099177202,-0.0895008597788251,9,0.025397884953113757,2,0.04372816504410592,9,-0.016715888464632872,3
0000950123-19-005922,TNDM,TANDEM DIABETES CARE INC,CLINICAL,2019-06-10,0.006510600904193459,2.346943953526914,0.044030931250939195,220,-0.08394789704091216,0.018045487929970617,9,-0.07240588494909503,2,-0.16437577077222335,9,-0.08465969091172279,3
0001438133-19-000007,TNDM,TANDEM DIABETES CARE INC,EARNINGS,2019-08-02,0.003907245858394155,2.318516581688157,0.041663293963535346,220,0.09706362687381682,-0.030254241437865828,9,0.1046525143337758,2,-0.11596426614361471,9,0.07048555595018163,3
0001438133-19-000016,TNDM,TANDEM DIABETES CARE INC,EARNINGS,2019-11-05,0.002199570669117651,2.1684284401685283,0.03724725573872527,220,-0.06834123063613262,-0.07896716792805816,9,-0.08990294442598928,2,0.10523517436366911,9,-0.09696580029217668,3
0001438133-19-000030,TNDM,TANDEM DIABETES CARE INC,REGULATORY,2019-12-16,0.0017602764381632165,1.9645374766949717,0.0358096649880297,220,-0.016079384546177012,-0.20764960588396075,9,0.012860815504441098,2,-0.08652716474050472,9,0.06313905528196784,3
0001438133-20-000039,TNDM,TANDEM DIABETES CARE INC,EARNINGS,2020-05-01,-0.0002558928195924114,1.0216440790887376,0.03034788274326609,220,0.03281719189207451,-0.005791477993535632,9,0.05406505734149539,2,0.06795697147759691,9,0.13370032348720146,3
0001438133-20-000069,TNDM,TANDEM DIABETES CARE INC,OTHER,2020-05-29,0.0003166153796348421,0.9898573997414748,0.03252474901279045,220,-0.005568358898060022,-0.08936958021043992,9,0.008635140620424444,2,-0.04268974013714348,9,0.020831918828686985,3
0001438133-20-000095,TNDM,TANDEM DIABETES CARE INC,REGULATORY,2020-06-18,0.0016263332345285255,0.9835948794824686,0.03302129653569175,220,0.010450103515098482,-0.02206592203283536,9,0.045656083486023055,2,0.06723961643661434,9,0.11347982535915703,3
0001438133-20-000098,TNDM,TANDEM DIABETES CARE INC,OTHER,2020-06-25,0.0020052898786354126,0.9782215532841189,0.03308627396898324,220,-0.018925938725776612,0.10748183658052077,9,0.018785330769395838,2,0.10827233051576667,9,-0.00594436038304455,3
0001438133-20-000101,TNDM,TANDEM DIABETES CARE INC,OTHER,2020-07-01,0.0018400502093703641,0.9601381681240191,0.033476936926375996,220,-0.008969973368820315,0.084972775291528,9,-0.019131248371646148,2,-0.03878346210409965,9,0.09325276782333698,3
0001438133-20-000112,TNDM,TANDEM DIABETES CARE INC,EARNINGS,2020-07-31,0.0015020881556454286,0.9252403230494275,0.03336476584910852,220,-0.007087324911359936,0.01571426412073531,9,-0.005927561842236837,2,-0.12106515499201222,9,0.01204769562525215,3
0001438133-20-000154,TNDM,TANDEM DIABETES CARE INC,EARNINGS,2020-11-06,0.003023825909691909,0.8742170696234004,0.031428891123206876,220,-0.02505745778509549,-0.013490221377143525,9,-0.1430157448999762,2,-0.14276471648676678,9,-0.12508825719723896,3
0001438133-21-000032,TNDM,TANDEM DIABETES CARE INC,EARNINGS,2021-05-06,-0.0005973183307805478,0.6955546352402285,0.026881686027203935,220,-0.03489852198264459,-0.025345477962148477,9,-0.06303487986355828,2,0.023693844613256906,9,-0.09002536549344534,3
0001438133-21-000119,TNDM,TANDEM DIABETES CARE INC,EARNINGS,2021-08-05,-0.0009838368610793086,0.7119629249502892,0.024608350702064664,220,0.043808483755598676,0.04241852314903152,9,0.017881558695326864,2,0.05243775355637639,9,0.022462656546545536,3
0001438133-21-000194,TNDM,TANDEM DIABETES CARE INC,EARNINGS,2021-11-04,5.849598666152168e-05,0.38913301505237535,0.02553198659784355,220,-0.06482986349188427,0.08177937704088692,9,-0.08027521092596017,2,0.048400447360587406,9,-0.06748938541683398,3
0001438133-22-000014,TNDM,TANDEM DIABETES CARE INC,REGULATORY,2022-02-16,0.0014674229411191866,0.7748491661525294,0.024745818927867032,220,-0.007346364079919926,-0.02986610790940077,9,-0.06600726663870365,2,0.03175241326211502,9,-0.057035979955591794,3
0001438133-22-000059,TNDM,TANDEM DIABETES CARE INC,EARNINGS,2022-05-05,0.0012743094246190343,1.2077298224632482,0.023531091005818627,220,-0.10882995777803976,-0.12448309951032993,9,-0.15550074430666713,2,0.019775646611908726,9,-0.20908786340871333,3
0001438133-22-000180,TNDM,TANDEM DIABETES CARE INC,EARNINGS,2022-08-04,-0.0015452731976948622,1.4835276094240804,0.025917455701645296,220,-0.14780752061313815,0.07215438466195201,9,-0.12771401364472507,2,-0.17342331196564942,9,-0.1373677691285889,3
0001438133-22-000220,TNDM,TANDEM DIABETES CARE INC,EARNINGS,2022-11-03,-0.002589954641287775,1.5409664977680488,0.029466739711935967,220,-0.2653369850480179,0.032472162549396485,9,-0.3134823372308413,2,0.05699916554229184,9,-0.3554346035798667,3
0001438133-23-000005,TNDM,TANDEM DIABETES CARE INC,EARNINGS,2023-01-11,-0.0035479652571166645,1.6167845453716148,0.03510096613608444,220,-0.07138092039748577,0.08579070466672914,9,-0.11157639834827823,2,-0.023035622478586825,9,-0.13488079491355331,3
0001438133-23-000066,TNDM,TANDEM DIABETES CARE INC,EARNINGS,2023-05-04,-0.0022285141100869656,1.6407447753403395,0.03722298852455867,220,-0.04722635967887233,-0.027563020281346044,9,-0.14068827379563792,2,-0.16846775088057955,9,-0.0927598156059782,3
0001438133-23-000152,TNDM,TANDEM DIABETES CARE INC,EARNINGS,2023-08-04,-0.003198166249651008,1.4568839306059929,0.03690109047614949,220,0.054176257851544646,0.11239388762092006,9,-0.053815456993944674,2,0.04766791662776318,9,-0.06213446759334186,3
0001438133-23-000206,TNDM,TANDEM DIABETES CARE INC,EARNINGS,2023-11-02,-0.0038773220447146,1.2686296958566288,0.03885795643713565,220,-0.16409730065210854,-0.029327757880387474,9,-0.13560966571925273,2,0.16808683571112876,9,-0.11925028335815985,3
0001628280-23-036843,TNDM,TANDEM DIABETES CARE INC,REGULATORY,2023-11-06,-0.0027163687239784014,1.1948156821847409,0.034407922226830284,220,-0.027968774343648813,-0.2293661300643258,9,0.03339785375801713,2,0.12386914385903891,9,0.06139795236569555,3
0001438133-24-000026,TNDM,TANDEM DIABETES CARE INC,EARNINGS,2024-02-22,-0.0017453922334595266,1.1349137948371835,0.04042924883402646,220,0.08690513809484919,-0.014466712716464235,9,0.2530677944385292,2,0.04214428296055281,9,0.21091595086240256,3
0001438133-24-000042,TNDM,TANDEM DIABETES CARE INC,OTHER,2024-03-11,-0.002571914137940257,1.0008927649898076,0.04032107381697433,220,-0.034352588747503014,0.0514303013967382,9,-0.030022275087761688,2,0.028470667782087778,9,0.013272430752376677,3
0001438133-24-000047,TNDM,TANDEM DIABETES CARE INC,REGULATORY,2024-04-02,-0.002333571708072931,0.8138910568588632,0.040256861735419376,220,-0.0028312885314189327,0.22718250937402565,9,0.021294761414644772,2,0.010815225741794873,9,-0.019011283907684955,3
0001438133-24-000085,TNDM,TANDEM DIABETES CARE INC,EARNINGS,2024-05-03,-0.0011262070730197942,1.1930697841882045,0.04431409842552996,220,0.209532296238833,0.17252504632438276,9,0.17105717661873882,2,0.0691575831399834,9,0.17096905774285945,3
0001438133-24-000088,TNDM,TANDEM DIABETES CARE INC,OTHER,2024-05-17,0.0001943080720582409,1.318376467967063,0.0444559021851255,220,0.005794528412151183,0.22071804719778665,9,0.0026014705098822803,2,0.10471214082928822,9,-0.004168800590677492,3
0001438133-24-000176,TNDM,TANDEM DIABETES CARE INC,EARNINGS,2024-08-02,0.000841807335238972,1.5720439695962065,0.04553825841648269,220,0.21189767489660594,-0.13993846059943832,9,0.23572125551826845,2,-0.007235865206791238,9,0.2092772376897983,3
0001438133-24-000200,TNDM,TANDEM DIABETES CARE INC,EARNINGS,2024-11-07,0.0032302611172755247,1.9906671382924095,0.042983741951834326,220,-0.04549185951478177,0.006591921098922007,9,-0.13897795803821944,2,-0.001424961726374848,9,-0.15757821460580274,3
0001438133-25-000035,TNDM,TANDEM DIABETES CARE INC,EARNINGS,2025-02-27,0.0009674134996698126,1.65151189217799,0.04016932402751511,220,-0.32709181948217464,0.019550449377805843,9,-0.3359010550315295,2,-0.0769300895325726,9,-0.3302039925949831,3
0001438133-25-000068,TNDM,TANDEM DIABETES CARE INC,EARNINGS,2025-05-01,-0.0025601402092883026,1.5388264643142355,0.043123025020181206,220,0.17741112964884329,-0.07571932963731147,9,0.23220362600547512,2,0.015902874398187047,9,0.23892370414983796,3
0001438133-25-000072,TNDM,TANDEM DIABETES CARE INC,REGULATORY,2025-05-13,-0.0033474231272327066,1.3940757607973921,0.040551040518687874,220,-0.019505130491641497,0.29036896182826955,9,-0.030044595513310388,2,-0.042010985898248726,9,-0.052315171712118226,3
0001438133-25-000091,TNDM,TANDEM DIABETES CARE INC,REGULATORY,2025-05-20,-0.0035689612611248317,1.2361670073645792,0.04043573115569908,220,0.042481014988162286,0.04824574482682548,9,-0.01262635901759801,2,-0.06093175228679953,9,-0.02557420280345525,3
0001438133-25-000155,TNDM,TANDEM DIABETES CARE INC,EARNINGS,2025-08-07,-0.003473851762115324,1.2221067050525998,0.040021435807663194,220,-0.1949465129008373,-0.015286409582762795,9,-0.22617567454912962,2,0.029721750425873918,9,-0.2822278351970698,3
0001438133-25-000160,TNDM,TANDEM DIABETES CARE INC,REGULATORY,2025-08-08,-0.0029975484569113465,1.1958779738696037,0.03903497479145473,220,-0.031500947563996504,-0.03479131744709561,9,-0.12542615490994974,2,0.1835662750539544,9,-0.32087094125464344,3
0001438133-25-000186,TNDM,TANDEM DIABETES CARE INC,EARNINGS,2025-11-07,-0.004358258987136372,1.157978519188999,0.043415662274623984,220,0.22302323558316212,0.03407947971618169,9,0.2160771802050714,2,0.3499294310604991,9,0.14151682035933302,3
0001193125-19-003071,TVTX,"Travere Therapeutics, Inc.",EARNINGS,2019-01-07,0.0008318152516321746,1.3891300283847845,0.025101363326259188,220,0.010494606945814998,0.016980022687990717,9,-0.009675089069767074,2,-0.13022887079618295,9,-0.015072729740077897,3
0001438533-19-000002,TVTX,"Travere Therapeutics, Inc.",EARNINGS,2019-02-27,0.0005478935968074126,1.38829220458496,0.025415036488538566,220,0.05721803234304427,-0.05179132536877783,9,0.059255857155570954,2,0.003431260153254862,9,0.058297651781222024,3
0001438533-19-000009,TVTX,"Travere Therapeutics, Inc.",EARNINGS,2019-05-08,-0.00043362369747239836,1.480973450328316,0.025372452257771117,220,-0.046289648191096794,-0.0066387861322972745,9,-0.04026004424079767,2,0.03584488137158646,9,-0.04692207423440305,3
0001438533-19-000022,TVTX,"Travere Therapeutics, Inc.",EARNINGS,2019-08-07,-0.0013109771460686921,1.438240772920605,0.023521146315335213,220,-0.13103539118659618,0.0043516319604417,9,-0.06997176810834688,2,-0.023246771975243496,9,-0.06922126028937634,3
0001193125-19-226355,TVTX,"Travere Therapeutics, Inc.",CLINICAL,2019-08-22,-0.0014574444622106573,1.4373003216241562,0.023190060438840004,220,-0.2187896369236579,0.03139329829523328,9,-0.21654795766538326,2,-0.1523375929803706,9,-0.2086441795748151,3
0001438533-19-000035,TVTX,"Travere Therapeutics, Inc.",EARNINGS,2019-10-31,-0.003659073324178688,1.4056903616255203,0.02806710516462308,220,0.007403200832924622,0.023113791256403747,9,0.0030398016896559885,2,0.08854701909451775,9,0.04677364927811958,3
0001193125-20-005878,TVTX,"Travere Therapeutics, Inc.",EARNINGS,2020-01-13,-0.003104470921093112,1.3403334918761756,0.026403006374443986,220,0.012062237011687276,0.03275618105939795,9,0.046746025717105816,2,0.04059488058020222,9,0.05902338055772572,3
0001438533-20-000002,TVTX,"Travere Therapeutics, Inc.",EARNINGS,2020-02-25,-0.002221068348780839,1.2960964562265596,0.027198421819006568,220,-0.08893899300791354,0.07242765625579792,9,-0.020839868263847566,2,0.10874615314109509,9,-0.017300153768510115,3
0001438533-20-000009,TVTX,"Travere Therapeutics, Inc.",EARNINGS,2020-05-12,-0.00028008862377178813,0.9541837366688831,0.03197134348951677,220,0.014464872798057825,-0.06898682035505938,9,-0.023024239571542378,2,-0.027788990927888422,9,0.05875932483081889,3
0001438533-20-000015,TVTX,"Travere Therapeutics, Inc.",OTHER,2020-06-09,-0.00043253761163883624,0.9793468855071902,0.03369962784361761,220,-0.07987818813105216,-0.09137323765321399,9,-0.07033840638526906,2,0.08723592238797356,9,-0.06453393785503192,3
0001193125-20-164649,TVTX,"Travere Therapeutics, Inc.",OTHER,2020-06-10,-0.0002518739693179035,0.988451912719303,0.03390731622775889,220,0.00940992552611705,-0.031255146572368955,9,0.02408461978238071,2,0.15467507962897412,9,-0.05590634033562284,3
0001438533-20-000017,TVTX,"Travere Therapeutics, Inc.",EARNINGS,2020-07-31,-0.0005933323763600651,0.9908148911995562,0.03592356920090808,220,-0.04638562040160734,-0.020826960863481615,9,-0.03859622524361964,2,-0.11177687620306546,9,-0.010210312597257193,3
0001438533-20-000026,TVTX,"Travere Therapeutics, Inc.",OTHER,2020-10-23,0.0022918645656021725,0.9499069837564631,0.03351371889828506,220,-0.011683981185921302,-0.013265073621240506,9,0.005965098309684544,2,-0.02245397341927627,9,0.02126679401371888,3
0001438533-20-000029,TVTX,"Travere Therapeutics, Inc.",EARNINGS,2020-11-06,0.0018152955583145055,0.962231586681601,0.03372871906097016,220,0.03145051580677471,-0.005382290184600593,9,0.06807738312205723,2,0.07594855881520082,9,0.030546671354858897,3
0001438533-20-000033,TVTX,"Travere Therapeutics, Inc.",OTHER,2020-11-13,0.0019337810846618364,0.9561152749645438,0.033929744079371986,220,-0.008795597451162752,0.05554023758752969,9,-0.004505693366213242,2,-0.06316849741619282,9,-0.01674762730578615,3
0001193125-21-005751,TVTX,"Travere Therapeutics, Inc.",EARNINGS,2021-01-11,0.001948573877364234,0.9339075384932983,0.03370541536123626,220,0.0213902625145759,-0.053149193073294174,9,0.029991301769143934,2,-0.07886436924128377,9,-0.0015012584905947281,3
0001438533-21-000002,TVTX,"Travere Therapeutics, Inc.",CLINICAL,2021-02-03,0.0020408344445076916,0.9336256858393177,0.034064259661318916,220,0.05314723031755203,-0.06453352007515603,9,0.0786530258230626,2,-0.08348734182093594,9,0.17585246655631395,3
0001193125-21-041753,TVTX,"Travere Therapeutics, Inc.",OTHER,2021-02-16,0.0023926828236728636,0.9270568466147491,0.034177591789245766,220,0.06588539757859788,0.03442409315853562,9,0.09381985700448747,2,0.0007897804110707785,9,0.036110270846740775,3
0001438533-21-000006,TVTX,"Travere Therapeutics, Inc.",EARNINGS,2021-03-02,0.0024670125049313903,0.9150039233161565,0.03316765404378989,220,-0.040156903390601684,0.16685197081583403,9,-0.09182662418204779,2,-0.04463786318874524,9,-0.1249096043441312,3
0001438533-21-000014,TVTX,"Travere Therapeutics, Inc.",EARNINGS,2021-05-07,0.001088960656668014,0.9888884653657746,0.030293521226985424,220,-0.15679676718541707,-0.0553411826009248,9,-0.16008736450259212,2,-0.09067833601866408,9,-0.18990651887591056,3
0001438533-21-000021,TVTX,"Travere Therapeutics, Inc.",REGULATORY,2021-05-26,0.001040451982010911,0.9533738248947007,0.02965002935760625,220,-0.13589003046471404,-0.11892658940477091,9,-0.16342193577948771,2,-0.04328797278077808,9,-0.17403993572004064,3
0001438533-21-000032,TVTX,"Travere Therapeutics, Inc.",EARNINGS,2021-07-30,-0.0018224424703979214,0.8177263709475311,0.029946326022126126,220,-0.0007092377336778751,0.040061636975811374,9,0.039919676663173614,2,0.08405787442914625,9,0.02060750248769344,3
0001438533-21-000036,TVTX,"Travere Therapeutics, Inc.",CLINICAL,2021-08-17,-0.0012727511459458517,0.7530014897132878,0.030659272348591574,220,0.11339195588185248,0.08033614280065875,9,0.14368673953460287,2,0.07369455218902002,9,0.29658447953673817,3
0001438533-21-000039,TVTX,"Travere Therapeutics, Inc.",REGULATORY,2021-09-08,-0.0019481558649444386,0.8397977283618625,0.030866351429293958,220,-0.01249489002742805,0.009275680397391784,9,0.05229379340514654,2,0.03604174937584873,9,0.1282337215782901,3
0001438533-21-000050,TVTX,"Travere Therapeutics, Inc.",EARNINGS,2021-10-29,-0.000128488093615736,0.7852581656464119,0.033857688645166716,220,0.0820250000693086,0.03783423582723723,9,0.10822387007443637,2,-0.003272377276067672,9,0.11566113354949119,3
0001438533-21-000056,TVTX,"Travere Therapeutics, Inc.",CLINICAL,2021-12-16,0.0003060486819411049,0.8376094787562806,0.033641292520064425,220,-0.01624730678224278,-0.08284110847345641,9,0.03767235174756151,2,0.012962049297511179,9,0.130540450954869,3
0001193125-22-005040,TVTX,"Travere Therapeutics, Inc.",EARNINGS,2022-01-10,5.2851898200883055e-05,0.8797160894023293,0.03339608586465954,220,0.008587737365368267,-0.05413891778852519,9,-0.012673236687727298,2,0.027822501546963772,9,-0.0613599486852109,3
0001438533-22-000006,TVTX,"Travere Therapeutics, Inc.",EARNINGS,2022-02-25,-0.0006808649692187315,0.8030111573505858,0.031972672817295836,220,-0.028450592320241292,-0.009276214310862577,9,-0.010445173002008708,2,-0.07883690883634259,9,0.019162869567300508,3
0001193125-22-073387,TVTX,"Travere Therapeutics, Inc.",OTHER,2022-03-14,-0.0001901951593660125,0.6782109007261218,0.03214054744121644,220,-0.004849128613903499,-0.0240728841905523,9,-0.013683220730533085,2,-0.013499332143955628,9,-0.0603375827782109,3
0001438533-22-000010,TVTX,"Travere Therapeutics, Inc.",REGULATORY,2022-03-22,0.0006682504498285436,0.6263604667870925,0.032172303794011516,220,0.020423167850533663,-0.09327447570290961,9,0.0021601788394831935,2,0.1282992769993438,9,-0.018221550172844093,3
0001438533-22-000023,TVTX,"Travere Therapeutics, Inc.",EARNINGS,2022-05-06,0.001199695834476366,0.8570855934168141,0.03127024790739736,220,-0.09165111794305168,-0.0771043913116932,9,-0.12386233557517001,2,0.16110250054079198,9,-0.1455443219510203,3
0001438533-22-000029,TVTX,"Travere Therapeutics, Inc.",REGULATORY,2022-05-17,0.0019443438155918413,0.921450719701743,0.031778889535881955,220,0.07000998259576209,-0.12661002590498519,9,0.08067811117103554,2,-0.15680437633582262,9,0.1437892520536757,3
0001193125-22-211796,TVTX,"Travere Therapeutics, Inc.",EARNINGS,2022-08-04,0.0036862461376485993,0.9712875744248959,0.031992147348507825,220,0.07155345752156332,-0.08311273149833609,9,0.14860912135144425,2,-0.0972705573897886,9,0.1736451489291016,3
0001438533-22-000042,TVTX,"Travere Therapeutics, Inc.",REGULATORY,2022-08-23,0.001775781617971438,0.8964998230641122,0.030061815576015994,220,0.017247012013754982,-0.10934804176346548,9,0.04575047993757791,2,-0.004111825171417047,9,0.06942939531236839,3
0001438533-22-000044,TVTX,"Travere Therapeutics, Inc.",REGULATORY,2022-10-14,0.0013087471261041274,0.8951200613634859,0.03081440400244972,220,-0.08914634342943571,-0.09318403147733356,9,-0.06655183627114279,2,-0.005141336450613912,9,-0.051573335968202294,3
0001438533-22-000049,TVTX,"Travere Therapeutics, Inc.",EARNINGS,2022-10-28,0.0008383071621264177,0.9241467906265804,0.03071539643230486,220,-0.002361619723206747,-0.08086218569043778,9,-0.051450544449716334,2,-0.01119568269199567,9,-0.03656241039170533,3
0001193125-23-004120,TVTX,"Travere Therapeutics, Inc.",EARNINGS,2023-01-09,-0.00040250670801206517,1.0441403326611252,0.030576805078614964,220,-0.03201051599686661,0.030275628310127634,9,-0.0007235115728979405,2,0.04279015012141963,9,-0.03402166422272962,3
0001438533-23-000002,TVTX,"Travere Therapeutics, Inc.",REGULATORY,2023-02-21,-0.0004021388443870337,1.0429012955008656,0.030478109721506743,220,0.21660973709454062,-0.05081018295568373,9,0.1982614387115192,2,0.0588981778975992,9,0.07910166452164669,3
0001438533-23-000006,TVTX,"Travere Therapeutics, Inc.",EARNINGS,2023-02-24,-0.0004908398865528337,1.011066899678577,0.030487513175175732,220,0.030486894157427665,0.055582629645871885,9,0.0024223400371617652,2,-0.011168318698878943,9,0.04592966433097197,3
0001193125-23-056553,TVTX,"Travere Therapeutics, Inc.",OTHER,2023-03-02,-0.0004182348066889016,1.0175641611820538,0.03048389735398617,220,0.007683666193770885,0.15501348683720417,9,0.018062309736684316,2,-0.030966621231836088,9,0.0034307934875534,3
0001438533-23-000018,TVTX,"Travere Therapeutics, Inc.",CLINICAL,2023-05-02,-0.00017006290117005585,0.8711426188217748,0.03343836070197424,220,-0.2978674848593788,0.01576336224249049,9,-0.27510462017347126,2,0.03422159357328132,9,-0.22583965110201545,3
0001438533-23-000023,TVTX,"Travere Therapeutics, Inc.",EARNINGS,2023-05-05,-0.00034708910355936364,0.8560223654606993,0.033584166696364416,220,0.03647219982489636,-0.19556581849230772,9,0.03301986936676843,2,-0.024278430221926644,9,0.04320147550359173,3
0001438533-23-000030,TVTX,"Travere Therapeutics, Inc.",CLINICAL,2023-06-01,0.00012105500444399079,0.7988442652517194,0.03212639462544635,220,0.009617409313167933,-0.022573933887202597,9,0.04464730550706626,2,-0.1236547937373112,9,0.1391446936386661,3
0001438533-23-000036,TVTX,"Travere Therapeutics, Inc.",EARNINGS,2023-08-04,-0.0015127699601732891,1.1318442351744662,0.03713262038429679,220,-0.040051166042938194,0.08386831125317962,9,-0.05679398496770704,2,-0.07305047064384984,9,-0.07249486439556543,3
0001193125-23-239098,TVTX,"Travere Therapeutics, Inc.",CLINICAL,2023-09-21,-0.0023190572506554897,1.057324200313078,0.03677641924138943,220,-0.38703749693034173,-0.06699648060876943,9,-0.35485389620443714,2,0.04974947581141384,9,-0.3655762029764949,3
0001438533-23-000046,TVTX,"Travere Therapeutics, Inc.",EARNINGS,2023-11-08,-0.0034723237831204494,1.0951588812309363,0.04577977104269781,220,-0.11571401573988303,-0.09808689634232606,9,-0.2443011103707956,2,0.03281435461284904,9,-0.16262052076654132,3
0001438533-23-000050,TVTX,"Travere Therapeutics, Inc.",OTHER,2023-12-05,-0.0035905208937863486,0.8885481013318968,0.04735541240542492,220,0.1802362255174029,0.11240320473261894,9,0.24281283776363743,2,0.10908281745942164,9,0.2308185381723879,3
0001193125-24-003866,TVTX,"Travere Therapeutics, Inc.",EARNINGS,2024-01-08,-0.005321901468463874,1.2294695274295222,0.049121928336027146,220,0.12434408958309064,0.14327120959057354,9,0.12949464427986637,2,-0.02524007340911364,9,0.08362773404074463,3
0001438533-24-000003,TVTX,"Travere Therapeutics, Inc.",EARNINGS,2024-02-16,-0.0030529913478419667,1.366003904624224,0.05185459429582782,220,-0.05192932469338201,-0.0307542080921799,9,-0.03159978649435362,2,-0.019840307525816295,9,0.02142205749108927,3
0001438533-24-000007,TVTX,"Travere Therapeutics, Inc.",REGULATORY,2024-02-26,-0.004116908732391594,1.8074384325042452,0.049529164398327316,220,0.020812299921420033,-0.03933166372895033,9,0.05773103736698457,2,-0.008067800305540121,9,0.07077953898527384,3
0001438533-24-000016,TVTX,"Travere Therapeutics, Inc.",REGULATORY,2024-04-25,-0.005177997167541775,1.9773904829715043,0.05164040995769381,220,0.0016808606013432679,-0.06847907959685065,9,-0.03599352106234773,2,0.23385900027388778,9,-0.08039971677624669,3
0001438533-24-000019,TVTX,"Travere Therapeutics, Inc.",EARNINGS,2024-05-07,-0.004069824863005347,1.7547919992111596,0.04819901140644055,220,0.03266765424202856,0.07007706533640058,9,0.046938250431164855,2,-0.03153468158550002,9,0.07921278303390489,3
0001438533-24-000030,TVTX,"Travere Therapeutics, Inc.",EARNINGS,2024-08-02,-0.00426783446538045,1.967692203437285,0.04915162898436133,220,0.014929056911165521,0.01928958291117708,9,0.024280987423665537,2,-0.07704680478187396,9,0.02496649726610614,3
0001438533-24-000035,TVTX,"Travere Therapeutics, Inc.",REGULATORY,2024-09-06,-0.002148375371841648,1.9127308434343053,0.04973632996244113,220,0.14008013045017176,0.2004288284330089,9,0.29203328105607607,2,0.11266314069796327,9,0.28689369326406544,3
0001438533-24-000038,TVTX,"Travere Therapeutics, Inc.",OTHER,2024-09-27,-0.0009824064746343395,1.4691447258296628,0.04252949435078724,220,-0.06537077255066326,0.12516264963290188,9,-0.07170326409816795,2,0.17198398301647233,9,-0.042157827396391775,3
0001438533-24-000046,TVTX,"Travere Therapeutics, Inc.",EARNINGS,2024-10-31,0.0024641740951568524,1.4354244288639828,0.04322161666894328,220,0.011312624039563401,-0.0019128224063366499,9,0.006789938993255322,2,-0.018539783297614413,9,-0.024810210103998254,3
0001193125-24-254153,TVTX,"Travere Therapeutics, Inc.",OTHER,2024-11-11,0.0032726494545847963,1.4156364756717634,0.04123731766755978,220,-0.04593110180337632,-0.060462030799009546,9,-0.05951995383547683,2,-0.060322442449269674,9,0.055084210993520476,3
0001438533-25-000002,TVTX,"Travere Therapeutics, Inc.",EARNINGS,2025-01-13,0.002660813326269279,1.2277869848808631,0.03970470434405407,220,0.023074847048983087,0.10877160519193009,9,-0.0630396222471266,2,0.1486243877704632,9,-0.09484988569527653,3
0001438533-25-000004,TVTX,"Travere Therapeutics, Inc.",REGULATORY,2025-02-11,0.0027875204830476023,1.275629399572496,0.03818225784294671,220,0.12183457659610161,0.05302110623819208,9,0.09999861414756873,2,-0.09986880829954807,9,0.05866310019176259,3
0001438533-25-000008,TVTX,"Travere Therapeutics, Inc.",EARNINGS,2025-02-21,0.003667405394467772,1.0945637365854695,0.03772427651310534,220,-0.05279988983386386,0.05625927356907581,9,-0.08560840135981232,2,-0.14833386067291662,9,-0.07400633704553275,3
0001438533-25-000012,TVTX,"Travere Therapeutics, Inc.",REGULATORY,2025-03-18,0.004262828264442681,1.2394887562286612,0.03715746971130307,220,-0.040219268316722796,0.006216518775930274,9,-0.014634097307207085,2,-0.1941561832307068,9,0.029325055615562305,3
0001438533-25-000020,TVTX,"Travere Therapeutics, Inc.",REGULATORY,2025-04-30,0.0061399544620130515,1.2988193983592733,0.03802962066611233,220,0.02969933900932681,0.18870428144958495,9,0.011952022417325979,2,-0.10026576451340037,9,0.034820345541480856,3
0001438533-25-000032,TVTX,"Travere Therapeutics, Inc.",REGULATORY,2025-05-16,0.0046620604946864645,1.3653259751631466,0.038021221079022165,220,-0.21898387581070874,-0.0903951236267465,9,-0.21263929707145776,2,-0.12360128254701828,9,-0.2211252185798353,3
0001438533-25-000045,TVTX,"Travere Therapeutics, Inc.",EARNINGS,2025-08-07,0.0023922346696685815,1.1297955117637846,0.039350025478516855,220,-0.020587404032217493,0.025045620499318383,9,-0.030015031229186955,2,0.03382610129374722,9,-0.007488118063088873,3
0001438533-25-000049,TVTX,"Travere Therapeutics, Inc.",REGULATORY,2025-09-10,0.0006376918635107665,1.1710485878674801,0.036977390932042956,220,0.25799194446840323,0.1973321179840506,9,0.16303822608632737,2,-0.034111247871315815,9,0.18044785671691696,3
0001438533-25-000055,TVTX,"Travere Therapeutics, Inc.",EARNINGS,2025-10-31,0.0014693774211252482,1.109665554387957,0.03960003962675241,220,0.18072542217460377,0.030891541612542654,9,0.15925547227612946,2,0.010763617131519763,9,0.15898287083881885,3
0001193125-22-142331,TYRA,"Tyra Biosciences, Inc.",EARNINGS,2022-05-06,-0.003857614200692448,1.5569921941332219,0.06501421568095525,131,0.06238920873014965,0.19003635006251648,9,0.03118149013404725,2,0.22507701049464693,9,0.04451778742909937,3
0000950170-22-014777,TYRA,"Tyra Biosciences, Inc.",EARNINGS,2022-08-05,-0.00423408917013004,1.239543906735422,0.0636880560472576,193,0.15599631526817176,0.0169876625389747,9,0.22531466174192621,2,-0.03491401510943236,9,0.1971602578263767,3
0001193125-22-293899,TYRA,"Tyra Biosciences, Inc.",OTHER,2022-11-29,-0.0024493189694987545,1.4719361338779935,0.06194285968110531,220,0.05296559979286075,-0.162247532542659,9,0.044498318764787825,2,-0.001975902681394144,9,0.027471801298006276,3
0001193125-23-055156,TYRA,"Tyra Biosciences, Inc.",OTHER,2023-03-01,0.0009783025017272037,1.2920144099125637,0.06120319139416005,220,-0.02933027313865508,-0.06690157619744447,9,-0.08342673883122174,2,0.20896538512997972,9,0.026735165767835314,3
0000950170-23-009166,TYRA,"Tyra Biosciences, Inc.",EARNINGS,2023-03-23,0.0029496387296044355,1.3605007014365635,0.06307447878191738,220,0.011829723163095154,0.047928814217704355,9,0.03231495065732109,2,-0.09525952834210968,9,0.002463049770100187,3
0000950170-23-017846,TYRA,"Tyra Biosciences, Inc.",EARNINGS,2023-05-05,0.005055053634270301,1.5429836797012173,0.06517025074738882,220,-0.06178881199827375,-0.16914758660771695,9,0.019701637765462736,2,0.011335021106782542,9,0.02012814463269408,3
0000950170-23-041368,TYRA,"Tyra Biosciences, Inc.",EARNINGS,2023-08-11,0.0033255460863840687,1.6673284023310104,0.06022041536703864,220,0.01617747345093262,0.15066719151877023,9,0.010795808544747352,2,-0.08703773897323108,9,-0.0023088071432491187,3
0000950170-23-060235,TYRA,"Tyra Biosciences, Inc.",EARNINGS,2023-11-08,0.002944274221892474,1.6597346870932785,0.05379988173456305,220,-0.017317525746457417,-0.029359004328861016,9,-0.03731790361725669,2,-0.12215781365698357,9,-0.09498612572765067,3
0001193125-23-301829,TYRA,"Tyra Biosciences, Inc.",CLINICAL,2023-12-22,0.001508055956942775,1.9276456717639705,0.05225711724188484,220,-0.022194876355910713,0.0004683364740493412,9,0.051428756489950385,2,-0.2147711098328989,9,0.028727287628494302,3
0001193125-24-021953,TYRA,"Tyra Biosciences, Inc.",REGULATORY,2024-02-02,7.71305829763225e-06,1.704500596475368,0.04818203558123583,220,0.274899888479599,0.032825360414889086,9,0.3066633108636538,2,0.09607003384273813,9,0.25524280051673887,3
0001193125-24-023367,TYRA,"Tyra Biosciences, Inc.",OTHER,2024-02-05,0.0003170099784577049,1.7437903768200347,0.048507042390150475,220,0.03159718477182278,-0.030484410250392658,9,0.06969543509549389,2,0.03452972920906698,9,0.3438724063781571,3
0000950170-24-033455,TYRA,"Tyra Biosciences, Inc.",EARNINGS,2024-03-20,-0.0009814406528505383,2.433274999788604,0.046314311844658736,220,0.05735740830488072,-0.20009811094464774,9,0.013452025728402615,2,0.12679428847224175,9,-0.0070981168156850905,3
0000950170-24-056935,TYRA,"Tyra Biosciences, Inc.",EARNINGS,2024-05-10,-6.914420132367663e-05,2.001294921759511,0.04327997166446748,220,-0.02559395549790545,0.12923359465922446,9,0.040488556264991496,2,-0.09417948533660968,9,0.014051321511166545,3
0000950170-24-092756,TYRA,"Tyra Biosciences, Inc.",EARNINGS,2024-08-08,-0.00040124603361754697,1.7322357480002961,0.04021731896396358,220,0.0034338749393262175,0.03184706727869629,9,-0.01658662127515674,2,0.013496301598644185,9,-0.03926063938486768,3
0001193125-24-243475,TYRA,"Tyra Biosciences, Inc.",CLINICAL,2024-10-25,0.0011138252735092519,1.7830780528374042,0.04053183056965638,220,-0.2339829344569247,0.29160384484362767,9,-0.3336321249238955,2,-0.25686839144169354,9,-0.3255003832143557,3
0001193125-24-244590,TYRA,"Tyra Biosciences, Inc.",REGULATORY,2024-10-28,0.001163553648902492,1.79342440609529,0.04055764760820693,220,-0.0997309027547915,0.2653261975461435,9,-0.25362110401563204,2,-0.0991603282329477,9,-0.48765019428015743,3
0000950170-24-123286,TYRA,"Tyra Biosciences, Inc.",EARNINGS,2024-11-08,0.0017973963937375098,1.6725399428322654,0.0409140669193757,220,-0.06968387498586082,-0.5117299551250173,9,-0.06562593935095476,2,-0.02722660196380682,9,-0.07860360708163884,3
0000950170-25-046064,TYRA,"Tyra Biosciences, Inc.",EARNINGS,2025-03-28,-0.0014828336666492209,1.312810915061497,0.0392504770641148,220,0.03930815253787918,-0.07320802612287872,9,-0.01612827232862727,2,-0.07678323998541568,9,-0.06779957880463999,3
0000950170-25-066924,TYRA,"Tyra Biosciences, Inc.",EARNINGS,2025-05-09,-0.0024075797817629664,1.302475487310187,0.039118028489317794,220,0.0060532220270527355,-0.10561290106754512,9,-0.01773429289831494,2,-0.06623446926461815,9,0.07855518336154449,3
0001193125-25-152016,TYRA,"Tyra Biosciences, Inc.",CLINICAL,2025-06-30,-0.0017792264456731842,1.1896328922123713,0.03888449681704092,220,0.04773965228028739,-0.04906792444193147,9,0.06557790240529884,2,0.0554831411594575,9,-0.01281576662813088,3
0000950170-25-108876,TYRA,"Tyra Biosciences, Inc.",EARNINGS,2025-08-15,-0.0034296995278440684,1.1264394105944238,0.03861891192197385,220,0.008870630551841176,-0.001096565883634373,9,0.02000127572892435,2,0.2002620974454383,9,0.01867502057142932,3
0001193125-25-185553,TYRA,"Tyra Biosciences, Inc.",CLINICAL,2025-08-22,-0.0034572030580169895,1.1285888923810787,0.03871451684069257,220,-0.013019518117967067,-0.0240708115550046,9,0.02016967446048521,2,0.03532236615899586,9,0.17073280212326936,3
0001193125-25-266916,TYRA,"Tyra Biosciences, Inc.",EARNINGS,2025-11-06,-0.0014223881160265576,1.1332764475530717,0.03409603505988351,220,-0.022855624582805933,0.07305723754106233,9,-0.01974779890433073,2,0.4584010493955719,9,-0.03425277420732063,3
0001564590-19-020163,VIVS,"VivoSim Labs, INC.",EARNINGS,2019-05-23,-0.0028025037251939687,0.9869676883540698,0.03446202419638747,220,-0.3851377531022049,-0.04110342242256498,9,-0.5142042077048201,2,0.39365007961105825,9,-0.5610022826272539,3
0001193125-19-325309,VIVS,"VivoSim Labs, INC.",OTHER,2019-12-30,-0.002272899583152386,1.4118818145189909,0.09237918566145803,220,-0.08994323984049538,-0.1857897840021246,9,-0.09110014404755931,2,0.2322205137685735,9,-0.11286737955538659,3
0001193125-20-080822,VIVS,"VivoSim Labs, INC.",OTHER,2020-03-23,-0.002942162678450581,1.8125018958108348,0.09744132482350483,220,-0.07071616639976352,0.19581462348054185,9,-0.0956284095401044,2,0.1854431945355263,9,-0.014577515081678233,3
0001564590-20-013657,VIVS,"VivoSim Labs, INC.",OTHER,2020-03-30,-0.002434541909731345,1.8936750312943162,0.09744417533635569,220,-0.05906378635393871,0.2703959870995807,9,0.3853898443656075,2,-0.3372467595056314,9,0.4442282481890137,3
0001564590-20-014668,VIVS,"VivoSim Labs, INC.",OTHER,2020-04-01,-0.002598337113527034,1.9001157458346614,0.0974531854858387,220,-0.20457004803730444,0.244821025221144,9,-0.3492661543456253,2,0.05025526504272535,9,0.09544727282951204,3
0001564590-20-015914,VIVS,"VivoSim Labs, INC.",OTHER,2020-04-09,-0.002482053840710371,1.8689222321931291,0.09767447049792946,220,-0.05626172717232661,0.0888554565282351,9,-0.03671586311793687,2,0.1204978806661669,9,0.04096035392953036,3
0001564590-20-040374,VIVS,"VivoSim Labs, INC.",OTHER,2020-08-17,0.005949589355844713,0.9800508741347431,0.07885000144843929,220,-0.14990827625347575,0.00811712832703983,9,-0.23994233750280766,2,-0.24289584748272217,9,-0.24592075654940634,3
0001193125-21-276145,VIVS,"VivoSim Labs, INC.",OTHER,2021-09-20,0.0006042521709296242,1.643586908876576,0.07057186690756172,220,-0.04889566216120948,-0.07513161254734303,9,-0.06231537180103002,2,-0.01497811936945597,9,-0.018221131106126477,3
0001564590-22-007614,VIVS,"VivoSim Labs, INC.",OTHER,2022-03-01,-0.005895464506935906,1.7773452365931826,0.044989818762039994,220,0.09195370932114857,0.20049572929464982,9,0.18982123899146575,2,0.02610251671895401,9,0.34128983994835765,3
0001564590-22-031015,VIVS,"VivoSim Labs, INC.",OTHER,2022-09-06,-0.0026594831843638127,1.2993281043436147,0.04879437719550641,220,0.14176098076473131,-0.11883151218694063,9,0.02184150763330507,2,-0.010636154956146813,9,0.05135957045923571,3
0000950170-23-073581,VIVS,"VivoSim Labs, INC.",OTHER,2023-12-29,0.001343327455709583,0.9054266294896939,0.06196727084091017,220,-0.016421297705450467,-0.03863852628410899,9,-0.0036886892262438867,2,-0.0595565551056152,9,-0.02276535468858935,3
0000950170-24-011954,VIVS,"VivoSim Labs, INC.",PRESENTATION,2024-02-07,-0.0008710557924122818,0.949992540731617,0.061638591262618905,220,-0.06530454435135194,-0.00492283753817664,9,-0.03392528363786817,2,0.038779319699797754,9,-0.026008567144095315,3
0000950170-24-046879,VIVS,"VivoSim Labs, INC.",OTHER,2024-04-24,-0.002592366871076695,1.17766478111534,0.05223574258361137,220,0.0031512752888863613,0.11182427752018236,9,0.0002175532619158073,2,-0.01971245400709628,9,-0.04029126237867864,3
0000950170-24-050906,VIVS,"VivoSim Labs, INC.",PRESENTATION,2024-05-01,-0.0024423334570058556,1.0854369277164762,0.0523963469498293,220,-0.12487430111572986,-0.08769380223636207,9,-0.11107898723098908,2,0.06483687648189004,9,-0.06259579701599335,3
0000950170-24-058805,VIVS,"VivoSim Labs, INC.",OTHER,2024-05-14,-0.002595261241010845,1.0894686865852257,0.052233134236856854,220,0.03970197579197262,-0.10034605564502111,9,0.06921020861556026,2,-0.02506677899806154,9,0.10426767960644184,3
0000950170-25-063979,VIVS,"VivoSim Labs, INC.",OTHER,2025-05-06,0.0014800304672753783,-0.2405721486465801,0.17639318176146546,220,-0.028871557653986378,0.16964576952859378,9,-0.013714807783156273,2,0.045068624051012834,9,-0.03157436890426104,3
0000950170-25-108447,VIVS,"VivoSim Labs, INC.",OTHER,2025-08-14,0.0009238743351883921,0.018544472219848368,0.1777094472292883,220,-0.03318369681813087,-0.14068780156155866,9,-0.05073080608702339,2,0.062325129269879376,9,0.011138988639099057,3
0001564590-19-007569,VKTX,"Viking Therapeutics, Inc.",EARNINGS,2019-03-14,0.005280546877329801,1.7562403638245752,0.09977624646467322,220,-0.0683989250671036,-0.13896526997982786,9,-0.06422149153598543,2,0.05348161746149355,9,-0.047292543029907486,3
0001564590-19-015327,VKTX,"Viking Therapeutics, Inc.",EARNINGS,2019-05-03,0.005846337924337468,1.9159471241009933,0.09934412227268405,220,0.013437408323766453,-0.15710155393078823,9,0.06866738448781803,2,-0.062487586838517704,9,0.10649867284597,3
0001564590-19-027983,VKTX,"Viking Therapeutics, Inc.",EARNINGS,2019-08-02,0.00020163681037090226,2.416325432293327,0.069700079542166,220,-0.025600722999625392,-0.08124803707850689,9,0.023383241728211168,2,-0.07722642163850116,9,0.028618270226771526,3
0001564590-19-040059,VKTX,"Viking Therapeutics, Inc.",EARNINGS,2019-11-05,-0.003553958989600302,2.112299713588833,0.03445992611681332,220,0.19796470739238853,0.012049743451795505,9,0.14093488052723396,2,0.004355014164000484,9,0.11219230746110885,3
0001564590-20-011413,VKTX,"Viking Therapeutics, Inc.",OTHER,2020-03-18,-0.0018337927564131362,1.8043966500731876,0.03368130480426291,220,0.17420112780976327,-0.10625382545990006,9,0.2703918296642466,2,-0.01470097668435717,9,0.21248367607091231,3
0001564590-20-020180,VKTX,"Viking Therapeutics, Inc.",EARNINGS,2020-05-01,-0.0019620161121363246,1.2034303375786977,0.032060979834132926,220,-0.01999894875353058,0.07425993267851774,9,0.14194705484193645,2,0.12799461213098023,9,0.08414608496077641,3
0001564590-20-034308,VKTX,"Viking Therapeutics, Inc.",EARNINGS,2020-07-30,0.0003182105704812734,1.1538594185588327,0.03758710723635134,220,0.14449457554757156,-0.06713927736980702,9,0.06609291230739603,2,0.03366271922383171,9,0.05461855997786905,3
0001564590-20-048337,VKTX,"Viking Therapeutics, Inc.",EARNINGS,2020-10-29,0.00021268920036703553,1.1194816508337868,0.039846778122997674,220,0.041239634621601545,-0.01809086246626402,9,0.061657924287159604,2,-0.008198947858181153,9,0.05123397239900023,3
0001564590-21-006376,VKTX,"Viking Therapeutics, Inc.",EARNINGS,2021-02-18,-0.000633879741742342,1.0976077747526058,0.03764714927975938,220,-0.0841751005490568,0.09039214264613074,9,-0.06301034564699982,2,-0.10928963540396516,9,-0.08624096755615987,3
0001564590-21-021350,VKTX,"Viking Therapeutics, Inc.",EARNINGS,2021-04-29,-0.0005588817816263793,1.2382357514855211,0.035758801737551985,220,-0.023055532767234096,0.027218931689599223,9,0.006405775574105484,2,-0.04673283520000294,9,0.028187319456639364,3
0001564590-21-038623,VKTX,"Viking Therapeutics, Inc.",EARNINGS,2021-07-29,-0.0020584895108833753,1.2206378670532396,0.03209989096112559,220,0.031125528810330042,-0.020169119322174668,9,0.05396345628331635,2,-0.020240730507038306,9,0.08639962491782123,3
0001564590-21-053950,VKTX,"Viking Therapeutics, Inc.",EARNINGS,2021-11-04,-0.0005980905709070655,1.1757133788873246,0.03079335659160667,220,0.016334245073549913,0.07623391430357589,9,-0.015420769801798948,2,-0.12612328503557801,9,0.010966203569396801,3
0001564590-22-004406,VKTX,"Viking Therapeutics, Inc.",EARNINGS,2022-02-10,-0.0033339579629604434,1.199848273811029,0.028059142668455953,220,0.11068090427281509,0.0035682997137867906,9,0.09569898105833209,2,-0.0806614824515853,9,0.12046913077700555,3
0001564590-22-016110,VKTX,"Viking Therapeutics, Inc.",EARNINGS,2022-04-28,-0.0031185273657896176,1.0991492620537304,0.028980684211209515,220,0.07535459555048085,-0.06675083435192278,9,0.10256400737750948,2,0.04644153193177496,9,0.06329052304957478,3
0001564590-22-026689,VKTX,"Viking Therapeutics, Inc.",EARNINGS,2022-07-28,-0.0033603083587630087,1.3124787986409,0.030779096381583482,220,-0.00995624441351713,-0.10988049666486387,9,-0.08215665636217394,2,0.1987643366507331,9,-0.13741659292972846,3
0001564590-22-035271,VKTX,"Viking Therapeutics, Inc.",EARNINGS,2022-10-27,-0.001349189230825964,1.2062953806476917,0.03739610257155573,220,-0.021124644278418283,0.2461990451160523,9,-0.01621595201959887,2,-0.016358315212805258,9,0.008891403146746392,3
0001564590-23-001611,VKTX,"Viking Therapeutics, Inc.",EARNINGS,2023-02-09,0.006103515099187228,0.9952863948769383,0.06435313440604319,220,0.11967961776083695,0.06756418081225392,9,0.11031700786656304,2,0.006970219839218868,9,0.07493607247432323,3
0000950170-23-010108,VKTX,"Viking Therapeutics, Inc.",CLINICAL,2023-03-28,0.0077365903813179345,0.9190655242955933,0.06540716366800899,220,0.6873087091033396,-0.24430845611840263,9,0.6979494036444625,2,0.030681301451896854,9,0.7190027990829374,3
0000950170-23-011443,VKTX,"Viking Therapeutics, Inc.",OTHER,2023-04-03,0.007982462864507534,0.8960720994667359,0.06537274378283993,220,0.043858261683462074,0.4731701946624901,9,0.011251514318745916,2,0.09967272505300057,9,-0.048599235396125755,3
0000950170-23-011636,VKTX,"Viking Therapeutics, Inc.",OTHER,2023-04-04,0.007939734909230426,0.8985093374998452,0.06538217738608394,220,-0.03255049697048157,0.4471127186433128,9,-0.08095289559507299,2,0.18430903837067097,9,-0.03706119319824589,3
0000950170-23-014788,VKTX,"Viking Therapeutics, Inc.",EARNINGS,2023-04-27,0.009187272427464904,0.892402588941225,0.06503170545182735,220,-0.02388416663752797,0.04366204339816063,9,0.04600209066268124,2,0.0016615763734274865,9,0.02399509288059512,3
0000950170-23-034741,VKTX,"Viking Therapeutics, Inc.",EARNINGS,2023-07-27,0.011454736210067686,0.4521298432766422,0.08023360949121619,220,-0.04837307052559808,-0.17078682684095803,9,-0.011008536884715224,2,-0.05327344446656846,9,-0.03702555839410534,3
0000950170-23-055209,VKTX,"Viking Therapeutics, Inc.",EARNINGS,2023-10-26,0.008359162241477015,0.02969264617396494,0.0801050463529543,220,-0.10219293010733033,-0.09627521424635954,9,-0.15439062206096466,2,-0.04251986426065502,9,-0.16044565456879667,3
0000950170-24-012199,VKTX,"Viking Therapeutics, Inc.",EARNINGS,2024-02-08,0.004287341988660844,0.8363567182128584,0.06488821161674871,220,0.1754903057567282,0.0921050404176779,9,0.22486709436485156,2,0.16471569720261636,9,0.20832183402614116,3
0000950170-24-020616,VKTX,"Viking Therapeutics, Inc.",CLINICAL,2024-02-27,0.0038582700881064397,0.9796799341792838,0.06505682833988431,220,1.2045609221342573,0.1666308622778423,9,1.3131085689798574,2,-0.3391752102579147,9,1.3411655292423652,3
0000950170-24-023838,VKTX,"Viking Therapeutics, Inc.",OTHER,2024-03-04,0.003590602115960976,0.9580150436675855,0.06506510960902462,220,0.06925090074584675,1.29214790620073,9,0.03757333829850798,2,-0.3349774058402666,9,0.13102370746231415,3
0000950170-24-024878,VKTX,"Viking Therapeutics, Inc.",OTHER,2024-03-05,0.003820047841553106,0.9786392764349379,0.06505220998690878,220,-0.03170088815695434,1.2452258396180622,9,-0.0031648327460909696,2,-0.34624710898209765,9,0.06587874094388291,3
0000950170-24-036151,VKTX,"Viking Therapeutics, Inc.",CLINICAL,2024-03-26,0.005932233761775908,1.1928221628088218,0.06485007784672855,220,0.16450333580066018,0.02593576066711814,9,0.17959954396389127,2,-0.17927775729182216,9,0.171786666779775,3
0000950170-24-047567,VKTX,"Viking Therapeutics, Inc.",EARNINGS,2024-04-25,0.0073956896481877305,1.1891930279896505,0.0959751365793647,220,0.05536698856912593,-0.14378233890754463,9,0.11585098702596015,2,-0.015370267586176045,9,0.1111758357618931,3
0000950170-24-068297,VKTX,"Viking Therapeutics, Inc.",CLINICAL,2024-06-04,0.006643572100360711,1.5658846554830972,0.09616909063823671,220,-0.10539083539916169,-0.12367124951250029,9,-0.08351733530046326,2,-0.24560838402581714,9,-0.0912772011652363,3
0000950170-24-086039,VKTX,"Viking Therapeutics, Inc.",EARNINGS,2024-07-25,0.00799536990418908,1.7951757132853097,0.09556227761106215,220,0.28443660728834674,-0.1552944406330885,9,0.2764350694431871,2,-0.18293962843955505,9,0.2871983898892778,3
0000950170-24-116642,VKTX,"Viking Therapeutics, Inc.",EARNINGS,2024-10-24,0.008735128182958426,1.9728571049127448,0.09854056603813617,220,0.1994503965944063,-0.10688736515942382,9,0.25708888995572315,2,-0.2479264741472967,9,0.23994187883630896,3
0000950170-24-120267,VKTX,"Viking Therapeutics, Inc.",CLINICAL,2024-11-04,0.009603077099494902,1.9359435097938256,0.09839918936111841,220,-0.1390771633960043,0.0887691951660072,9,-0.14849120341715022,2,-0.3868673036406186,9,-0.16157829542609664,3
0000950170-25-014464,VKTX,"Viking Therapeutics, Inc.",EARNINGS,2025-02-06,0.004097681868506749,2.1322554742875526,0.09876651892801598,220,-0.07240438079047253,-0.06848878712719023,9,-0.022019325690365812,2,0.02340566996891813,9,0.00014704791041487975,3
0000950170-25-036820,VKTX,"Viking Therapeutics, Inc.",OTHER,2025-03-11,-0.003952978736610149,2.238291746126051,0.04908030380816378,220,-0.028942691921686775,0.12393530778979311,9,0.07738616428879404,2,-0.08793453546734024,9,0.10178212839144803,3
0000950170-25-057337,VKTX,"Viking Therapeutics, Inc.",EARNINGS,2025-04-24,-0.0036412759917088928,1.7923321531557408,0.05002214499662801,220,-0.039126122169068384,0.17928806371834852,9,-0.07454568518511724,2,0.10283213753466282,9,-0.08651121130273814,3
0000950170-25-097885,VKTX,"Viking Therapeutics, Inc.",EARNINGS,2025-07-24,-0.002253911972944684,1.5589315619733641,0.04854860138492481,220,0.004731673815014585,0.06425813844087619,9,0.027862763622407975,2,0.07491752156438058,9,0.05735279454220349,3
0001607678-25-000003,VKTX,"Viking Therapeutics, Inc.",CLINICAL,2025-08-19,-0.003172576937057295,1.6623102727950458,0.04418333118210925,220,-0.40904925046282886,0.17240744688775725,9,-0.34686224449297115,2,0.058638963163106635,9,-0.29186648134370174,3
0001193125-25-246775,VKTX,"Viking Therapeutics, Inc.",EARNINGS,2025-10-23,-0.003304127011170721,1.602442203516203,0.051176583663996716,220,0.07336864973819074,0.05893936254862224,9,0.07831729702983639,2,0.13393424033417198,9,0.04265115421427225,3
0001274737-20-000036,XGN,EXAGEN INC.,EARNINGS,2020-05-12,0.0037523806188608337,1.9807017596894934,0.08111328035178893,131,-0.027100622217958073,-0.049266127291544615,9,-0.030040394844933843,2,-0.2790726782131117,9,-0.06280697826491571,3
0001274737-20-000074,XGN,EXAGEN INC.,EARNINGS,2020-07-28,0.0008366283340476738,1.7171589673703673,0.07456189558434761,184,0.07641795248223246,0.024834571224851637,9,0.14141896213908411,2,0.0790949949885948,9,0.09551846344486113,3
0001274737-21-000004,XGN,EXAGEN INC.,EARNINGS,2021-01-11,-0.000626805687898999,1.6778908661148977,0.06938980779838823,220,0.03488196039619579,0.24428034469385526,9,0.018955134008454333,2,0.010889142289968587,9,-0.01483865312666232,3
0001274737-21-000014,XGN,EXAGEN INC.,EARNINGS,2021-03-17,-0.001081771789586743,1.1319783061116255,0.05387370432667053,220,0.08096592247704662,-0.03283375869407541,9,0.03306294403576042,2,-0.1551365048670345,9,0.0262993581382006,3
0001274737-21-000021,XGN,EXAGEN INC.,OTHER,2021-03-24,-0.00012397419580963565,1.6114128299650008,0.051473219085211026,220,0.0790648120564796,-0.08262347661566985,9,0.10565966170795232,2,-0.19343456640925286,9,-0.001826011928250569,3
0001274737-21-000042,XGN,EXAGEN INC.,EARNINGS,2021-05-12,0.000386026088533067,1.0484199004211057,0.04363601952681848,220,-0.12485823358588322,-0.07292596205191594,9,-0.17285810683731975,2,0.08387795251061506,9,-0.1711383545274337,3
0001274737-21-000085,XGN,EXAGEN INC.,OTHER,2021-07-30,0.0009773005873917372,0.9856711288178938,0.04264588136109534,220,-0.02550640334074676,-0.12214308746393192,9,-0.004281609761619887,2,0.01594381687174225,9,-0.026947022625905436,3
0001274737-21-000106,XGN,EXAGEN INC.,OTHER,2021-10-25,-0.0007685366835875657,0.9248245095093088,0.04220429197240732,220,-0.018012236235151746,-0.0463578838931115,9,-0.027968877959696777,2,0.03683671204486401,9,-0.034306682767011674,3
0001274737-21-000113,XGN,EXAGEN INC.,EARNINGS,2021-11-11,-0.00043649188309329397,0.8369793072153746,0.042697709270442585,220,0.0622869344043714,0.018873126445676625,9,-0.025618763080448997,2,-0.1321588480426149,9,0.06174753894740871,3
0001274737-22-000003,XGN,EXAGEN INC.,PRESENTATION,2022-01-10,-0.0013187658433267875,0.7904472046699649,0.04094561156445564,220,-0.025999486524519215,-0.0354423715587725,9,-0.08042398502159417,2,-0.0332439470396321,9,-0.058705755568902104,3
0001628280-22-006886,XGN,EXAGEN INC.,EARNINGS,2022-03-23,-0.0031680576715049386,0.8518487142637026,0.04302682603595307,220,0.05829123249903304,0.11363773109507369,9,0.030332465639136184,2,-0.1653448364704995,9,0.04673186579837743,3
0001274737-22-000027,XGN,EXAGEN INC.,EARNINGS,2022-05-12,-0.0016189539610971617,0.9557357651240103,0.04314317489812606,220,-0.03738364160477493,0.15584190601596004,9,-0.14384166468795326,2,0.07375108957990893,9,-0.28862475996444814,3
0001274737-22-000051,XGN,EXAGEN INC.,EARNINGS,2022-08-05,-0.0008648220072318243,1.2349416470081136,0.047423367989408584,220,-0.23319264215917315,-0.020577383520836313,9,-0.25691925230674534,2,-0.3490360476760939,9,-0.21250635125739478,3
0001274737-22-000067,XGN,EXAGEN INC.,OTHER,2022-10-21,-0.0027466302911506044,1.151700142677272,0.04988103474674224,220,-0.02937386277926654,-0.10991207572318692,9,-0.06146690908448383,2,0.020938516614671582,9,-0.03651049129447036,3
0001274737-23-000004,XGN,EXAGEN INC.,OTHER,2023-01-23,-0.003202872081634514,1.0373396008044604,0.062929545276272,220,-0.016236895054286993,0.1068399614707351,9,-0.011920707703360157,2,-0.0026928128592709002,9,0.03912172841093058,3
0001274737-23-000017,XGN,EXAGEN INC.,EARNINGS,2023-03-21,-0.002787125014179454,0.9467542264856196,0.062122577391688305,220,-0.030920733384451955,-0.05084558602793492,9,-0.040255727169357686,2,0.044236046535378604,9,-0.006749247174417765,3
0001274737-23-000046,XGN,EXAGEN INC.,EARNINGS,2023-05-16,-0.0013573223970438832,0.909164435224191,0.060516229270403836,220,0.20248799208779036,0.15684447652465983,9,0.1238435052889569,2,-0.06609406639774708,9,0.11592076124683026,3
0001274737-23-000074,XGN,EXAGEN INC.,OTHER,2023-07-25,-0.0033206938815429337,0.6469724661725067,0.05727124945949496,220,-0.06372171816070084,-0.09919033373876304,9,-0.06876497078383323,2,0.18781954701153664,9,-0.036860376345149916,3
0001274737-23-000085,XGN,EXAGEN INC.,EARNINGS,2023-08-07,-0.0021442044848690744,0.6599268702834592,0.054795118384113835,220,0.08403345234679607,0.007783102332702272,9,0.10369949895548938,2,-0.03903405099267388,9,0.12915361454111596,3
0001274737-23-000101,XGN,EXAGEN INC.,EARNINGS,2023-11-14,0.0015576779808571014,0.5968183418032825,0.05272579401409079,220,0.15124710630996746,-0.14513175414184018,9,0.05724943328597892,2,-0.035200202922889834,9,0.06315726160737864,3
0001274737-24-000006,XGN,EXAGEN INC.,EARNINGS,2024-01-08,-0.0019545685267491693,0.7026726604766429,0.03844858727107339,220,-0.002841131172428948,0.09393570810602356,9,0.04184617168588511,2,-0.022170098595650126,9,0.05342035941460206,3
0001274737-24-000019,XGN,EXAGEN INC.,EARNINGS,2024-03-18,-0.00024861661271041583,0.8389913422630707,0.044134226205899275,220,0.08785493842803604,-0.15812395916791644,9,-0.04650225802632546,2,-0.008222752622431682,9,-0.09863233646449207,3
0001274737-24-000030,XGN,EXAGEN INC.,OTHER,2024-04-26,-0.0012342047658434867,0.68454599987983,0.0466078184394677,220,-0.0038327312636108352,-0.04327212379322529,9,-0.0064392086841170235,2,0.11125307635062788,9,0.019134668829132062,3
0001274737-24-000045,XGN,EXAGEN INC.,EARNINGS,2024-05-13,-0.0024512972851500384,0.701963995969325,0.048716548496213374,220,0.046942877035947884,0.005363471814264534,9,0.11934422712367354,2,0.11752797290817246,9,0.23436668645517558,3
0001274737-24-000071,XGN,EXAGEN INC.,OTHER,2024-08-02,-0.001035146171649726,0.9927859036124353,0.04658971770159927,220,0.03444456184119047,0.024422838386525446,9,0.24086389848601017,2,0.2508780221773169,9,0.28672695890444455,3
0001274737-24-000078,XGN,EXAGEN INC.,EARNINGS,2024-08-05,-0.0010454758938510749,0.9972994461848221,0.04658651640566282,220,0.2065611171298181,0.04725368622672687,9,0.19841206502601252,2,0.26942415989548085,9,0.23295099140145678,3
0001274737-24-000091,XGN,EXAGEN INC.,EARNINGS,2024-11-12,0.0040249091331438025,0.5074695190856868,0.05161364087992048,220,-0.06305462061158242,0.045025700021289,9,-0.08166294663877549,2,0.3559719680660972,9,-0.044066002432621126,3
0001274737-25-000018,XGN,EXAGEN INC.,EARNINGS,2025-03-11,0.003919297496535223,1.3291832794776528,0.05849431424170605,220,0.18958605102718948,-0.08519370950643035,9,0.16674403318342082,2,0.07488600767383113,9,0.08058126213114802,3
0001193125-25-100447,XGN,EXAGEN INC.,OTHER,2025-04-29,0.005327709026606037,1.5238186287555644,0.06276945599441411,220,0.01965963345203453,0.3050194438549656,9,-0.08074935892661554,2,-0.2250252834337082,9,-0.015804758838074126,3
0001274737-25-000023,XGN,EXAGEN INC.,EARNINGS,2025-05-05,0.005501069713505352,1.5278881403770375,0.06277345577302118,220,0.04146648639191352,0.20037755997461246,9,0.07593601696314425,2,-0.14673778789371486,9,0.02821064206008502,3
0001193125-25-115946,XGN,EXAGEN INC.,OTHER,2025-05-09,0.00625920048281425,1.4797870569337022,0.0633422397717435,220,-0.07742570520675668,0.0724599029822384,9,-0.12208019318294451,2,0.098490350472864,9,-0.23674684330535273,3
0001193125-25-116881,XGN,EXAGEN INC.,OTHER,2025-05-12,0.006271058401810038,1.4830610082121205,0.0633409105761651,220,-0.04477454156896423,-0.08698624606578341,9,-0.08510309439316932,2,0.1334467332597849,9,-0.1625364861389136,3
0001274737-25-000055,XGN,EXAGEN INC.,OTHER,2025-07-18,0.007487597251018018,1.261268658980276,0.06590172993998346,220,-0.03163341730209786,-0.06881408959884938,9,-0.045798305171005964,2,0.1722809152164351,9,-0.03529014792694512,3
0001274737-25-000061,XGN,EXAGEN INC.,EARNINGS,2025-07-29,0.007095917858094166,1.2805651022882247,0.06576211914080517,220,0.13971885163259404,-0.057406623226902,9,0.15553745030701643,2,0.023220206742558615,9,0.16526921677762635,3
0001274737-25-000069,XGN,EXAGEN INC.,EARNINGS,2025-11-04,0.006780845824638178,1.442964458867137,0.0598293393365852,220,-0.0792791287417349,-0.08834170866906552,9,-0.13191480676354211,2,-0.2457250359495346,9,-0.12769323578576364,3
