accession,cik,name,filing_date,acceptance_et,after_hours,items,primary_label,labels,text_source,headline
0001093557-25-000264,0001093557,DEXCOM INC,2025-10-27,2025-10-27T16:15:56-04:00,True,"5.02,7.01,9.01",CORPORATE,CORPORATE,exhibit,"Dexcom Appoints Euan Ashley to Board of Directors SAN DIEGO - (BUSINESS WIRE- October 27, 2025) - DexCom, Inc. (NASDAQ:DXCM), the global leader in glucose biosensing, today announced the appointment of Euan Ashley to its Board of Directors, effective"
0001093557-25-000050,0001093557,DEXCOM INC,2025-03-10,2025-03-10T08:31:23-04:00,False,"5.02,7.01",CORPORATE,CORPORATE,exhibit,"Dexcom Appoints Renée Galá to Board of Directors SAN DIEGO - (BUSINESS WIRE-March 10, 2025) - DexCom, Inc. (NASDAQ:DXCM), the global leader in glucose biosensing, today announced the appointment of Renée Galá to its Board of Directors, effective Marc"
0001093557-25-000047,0001093557,DEXCOM INC,2025-03-07,2025-03-07T16:30:19-05:00,True,"7.01,8.01",OTHER,,primary_item,"REGULATION FD DISCLOSURE. DexCom, Inc. (the “Company”) does not expect a material impact from the warning letter described under Item 8.01 below to the Company’s manufacturing capacity or the fiscal year 2025 guidance for Revenue previously issued on"
0001093557-23-000157,0001093557,DEXCOM INC,2023-06-26,2023-06-23T18:04:12-04:00,True,"7.01,9.01",PRESENTATION,PRESENTATION,primary_item,"REGULATION FD DISCLOSURE. On June 23, 2023, DexCom, Inc. (“Dexcom”) issued a press release announcing an update to its long-range financial targets and certain other information in connection with its previously announced Investor Day. A copy of the "
0001193125-22-173521,0000943819,RESMED INC,2022-06-14,2022-06-14T09:07:06-04:00,False,"1.01,7.01,9.01",CORPORATE,CORPORATE,exhibit,"For media For media Jayme Rubenstein Laura Willig +1 858.836.6798 +49 51 21 / 28 29 1-808 news@resmed.com l.willig@medifoxdan.de For investors Amy Wakeham +1 858.836.5000 investorrelations@resmed.com ResMed to Acquire MEDIFOX DAN, a German Leader in "
0001110803-25-000032,0001110803,"ILLUMINA, INC.",2025-03-25,2025-03-25T16:15:56-04:00,True,"5.02,7.01,9.01",OTHER,,exhibit,"EX-99.1 2 ex991pressrelease32525.htm EX-99.1 Document Illumina Board of Directors Elects Dr. Scott Gottlieb Chair, Keith Meister to Join Board of Directors Stephen MacMillan to retire from the Board SAN DIEGO, March 25, 2025 /PRNewswire/ — Illumina, "
0001110803-25-000025,0001110803,"ILLUMINA, INC.",2025-03-10,2025-03-10T16:47:17-04:00,True,"7.01,9.01",OTHER,,exhibit,EX-99.1 2 ex991pressrelease3102025.htm EX-99.1 Document Investors: Salli Schwartz +1.858.291.6421 ir@illumina.com Media: Bonny Fowler +1.740.641.5579 pr@illumina.com Illumina addresses recent developments in China Announces Fiscal Year 2025 Non-GAAP 
0001110803-24-000013,0001110803,"ILLUMINA, INC.",2024-04-12,2024-04-12T09:01:14-04:00,False,7.01,OTHER,,primary_item,"Regulation FD Disclosure Illumina, Inc. (the ""Company"") was notified today that the European Commission (the ""EC"") has formally approved the Company's divestment plan with respect to GRAIL, LLC (the ""Divestment Plan""), which had been submitted to the"
0000950157-24-000591,0001110803,"ILLUMINA, INC.",2024-04-09,2024-04-09T16:15:49-04:00,True,"5.02,7.01,9.01",CORPORATE,CORPORATE,exhibit,"For release April 9, 2024 Illumina appoints Ankur Dhingra Chief Financial Officer, Jakob Wedel Chief Strategy and Corporate Development Officer Joydeep Goswami to serve as advisor through June 30 Illumina reaffirms Q1 2024 and full-year 2024 financia"
0001193125-22-284674,0001110803,"ILLUMINA, INC.",2022-11-14,2022-11-14T16:32:29-05:00,True,7.01,OTHER,,primary_item,"Regulation FD Disclosure. On November 14, 2022, Illumina, Inc. (the “Company”) commenced a headcount reduction of approximately 5% of its global workforce. The Company is proactively realigning Core Illumina operating expenses to reflect the current "
0001193125-22-258375,0001110803,"ILLUMINA, INC.",2022-10-06,2022-10-05T19:45:33-04:00,True,7.01,PRESENTATION,PRESENTATION,primary_item,"Regulation FD Disclosure. On October 3, 2022, Illumina, Inc. (the “Company”) hosted an Investor Day event, including a live webcast presentation and Q&A session. During the event, the current number of high throughput customers was inaccurately cited"
0001110803-20-000005,0001110803,"ILLUMINA, INC.",2020-01-02,2020-01-02T16:07:45-05:00,True,"1.01,1.02,7.01,9.01",CORPORATE,CORPORATE,exhibit,"Exhibit Illumina and Pacific Biosciences Announce Termination of Merger Agreement SAN DIEGO & MENLO PARK, Calif.- January 2, 2020 - Illumina, Inc. (NASDAQ: ILMN) and Pacific Biosciences of California, Inc. (NASDAQ:PACB) today announced that they have"
0000914475-25-000081,0000914475,NEUROCRINE BIOSCIENCES INC,2025-04-04,2025-04-04T08:02:40-04:00,False,"5.02,7.01,9.01",CORPORATE,CORPORATE,exhibit,"Neurocrine Biosciences Appoints Dr. Sanjay Keswani as Chief Medical Officer • Accomplished physician-scientist brings more than 20 years of industry leadership experience and broad R&D expertise in multiple therapeutic areas SAN DIEGO, April 4, 2025 "
0000914475-25-000006,0000914475,NEUROCRINE BIOSCIENCES INC,2025-01-27,2025-01-27T16:12:01-05:00,True,"1.01,7.01,9.01",OTHER,,exhibit,Neurocrine Biosciences Announces Amendment to Strategic Collaboration with Takeda to Develop and Commercialize Osavampator (formerly NBI-1065845/TAK-653) - Neurocrine Obtains Exclusive Worldwide Development and Commercialization Rights Excluding Japa
0000914475-24-000199,0000914475,NEUROCRINE BIOSCIENCES INC,2024-08-28,2024-08-28T07:00:59-04:00,False,"7.01,8.01,9.01",CLINICAL,CLINICAL,exhibit,"Neurocrine Biosciences Reports Positive Phase 2 Data for NBI-1117568 in Adults with Schizophrenia • The Once-Daily 20 mg Dose Met the Primary Endpoint, Demonstrating a Statistically Significant 7.5-Point Improvement (p=0.011, 0.61 Effect Size) in the"
0000914475-22-000050,0000914475,NEUROCRINE BIOSCIENCES INC,2022-08-30,2022-08-30T08:01:13-04:00,False,7.01,CORPORATE,CORPORATE,primary_item,"Regulation FD Disclosure. On August 30, 2022, Neurocrine Biosciences, Inc. (the “Company”) issued an announcement pursuant to Rule 2.7 of the U.K. City Code on Takeovers and Mergers disclosing that it had reached agreement with Diurnal Group plc (“Di"
0000914475-20-000029,0000914475,NEUROCRINE BIOSCIENCES INC,2020-09-10,2020-09-10T08:30:42-04:00,False,"7.01,9.01",CORPORATE,CORPORATE,exhibit,"Neurocrine Biosciences at Citi 15 th Annual Biopharma Virtual Conference September 09, 2020 @ 12:35PM ET Corporate Participant Kevin C. Gorman Neurocrine Biosciences, Inc. – CEO & Director Conference Call Participant Neena Bitritto-Garg Citi Investme"
0001193125-19-121779,0000914475,NEUROCRINE BIOSCIENCES INC,2019-04-26,2019-04-26T13:45:55-04:00,False,7.01,OTHER,,primary_item,"Regulation FD Disclosure On April 25, 2019, Express Scripts published its updated 2019 National Preferred Formulary exclusions list, announcing changes to its formulary list that will exclude INGREZZA ® (valbenazine) as a drug for its National Prefer"
0001159036-25-000039,0001159036,"HALOZYME THERAPEUTICS, INC.",2025-10-14,2025-10-14T06:45:15-04:00,False,"7.01,9.01",OTHER,,primary_item,"Regulation FD Disclosure. On October 14, 2025, Halozyme Therapeutics, Inc., a Delaware corporation (the “Company”), issued a statement (the “Statement”) on recently issued final IPAY 2028 guidance for Medicare price negotiations issued by the U.S. Ce"
0001193125-25-225853,0001159036,"HALOZYME THERAPEUTICS, INC.",2025-10-01,2025-10-01T07:06:21-04:00,False,"7.01,9.01",CORPORATE,CORPORATE,exhibit,"Halozyme to Acquire Elektrofi, Expanding Our Offerings in Innovative Drug Delivery and Strengthening Long-Term Growth into 2040s Royalty revenue contribution expected to begin as early as 2030 Initial partner targets include derisked MoAs that are ap"
0001159036-23-000020,0001159036,"HALOZYME THERAPEUTICS, INC.",2023-03-16,2023-03-15T18:28:28-04:00,True,"7.01,9.01",OTHER,,exhibit,HALOZYME PROVIDES UPDATE ON LICENSEE CO-FORMULATION PATENT HEARING IN EUROPE Company Anticipates No Impact on U.S. and European Royalty Revenues from DARZALEX FASPRO ® and SC through at least 2030 Reiterates 2023 Revenue Guidance of $815 million to $
0001159036-23-000004,0001159036,"HALOZYME THERAPEUTICS, INC.",2023-01-10,2023-01-10T17:16:42-05:00,True,"2.02,7.01,9.01",OTHER,,exhibit,EX-99.1 2 ex991-halo2023financialgui.htm EX-99.1 Document Halozyme Provides 2023 Financial Guidance and Outlook 2023 Total Revenue Guidance of $815 to $845 Million Representing >20% Growth Over Expected 2022 Revenue 2023 Recurring Revenues from Royal
0001193125-22-158531,0001159036,"HALOZYME THERAPEUTICS, INC.",2022-05-24,2022-05-24T16:16:56-04:00,True,"1.01,2.01,2.03,7.01,9.01",CORPORATE,CORPORATE,exhibit,"Halozyme Completes Antares Pharma Acquisition SAN DIEGO, May 24, 2022 — Halozyme Therapeutics, Inc. (NASDAQ: HALO) (“ Halozyme ”) today announced the successful completion of its acquisition of Antares Pharma, Inc. (“ Antares ”). The tender offer for"
0001193125-22-104452,0001159036,"HALOZYME THERAPEUTICS, INC.",2022-04-13,2022-04-13T17:18:14-04:00,True,"1.01,7.01,9.01",CORPORATE,CORPORATE,exhibit,Halozyme to Acquire Antares Pharma to Create a Specialty Product and Drug Delivery Leader Transaction Expected to be Immediately Accretive to Revenue and Non-GAAP Earnings in 2022 with Multiple Drivers to Accelerate Financial Growth Through 2027 and 
0001159036-22-000002,0001159036,"HALOZYME THERAPEUTICS, INC.",2022-01-10,2022-01-10T08:12:12-05:00,False,"2.02,7.01,9.01",OTHER,,exhibit,EX-99.1 2 ex991halozyme_2022xoutlook.htm EX-99.1 Document HALOZYME PROVIDES 2022 FINANCIAL GUIDANCE AND OUTLOOK – 2022 Revenue Guidance of $530 to $560 Million Representing 23-26% Growth over Expected 2021 Revenue – – 2022 Recurring Revenue from Roya
0001159036-21-000006,0001159036,"HALOZYME THERAPEUTICS, INC.",2021-01-13,2021-01-13T17:11:52-05:00,True,"2.02,7.01,9.01",PRESENTATION,PRESENTATION,exhibit,"EX-99.1 2 ex991halozyme2021_jpmxfi.htm EX-99.1 ex991halozyme2021_jpmxfi 39th Annual J.P. Morgan Healthcare Conference Dr. Helen Torley, President and CEO January 13, 2021 1 Forward-Looking Statements In addition to historical information, the stateme"
0001159036-20-000004,0001159036,"HALOZYME THERAPEUTICS, INC.",2020-01-16,2020-01-16T16:25:33-05:00,True,"7.01,9.01",CORPORATE,CORPORATE,primary_item,"Regulation FD Disclosure. On January 16, 2020, Halozyme Therapeutics, Inc., a Delaware corporation (“Halozyme”) presented at the annual JP Morgan Healthcare Conference to provide a corporate update on certain strategic programs and to provide financi"
0001159036-19-000046,0001159036,"HALOZYME THERAPEUTICS, INC.",2019-09-04,2019-09-04T11:20:23-04:00,False,"7.01,9.01",PRESENTATION,PRESENTATION,exhibit,"ex991presentation 2019 Wells Fargo Healthcare Conference Building a Premier Oncology Biotech Dr. Helen Torley, President and CEO September 4, 2019 Forward-Looking Statements All of the statements in this presentation that are not statements of histor"
0001159036-19-000002,0001159036,"HALOZYME THERAPEUTICS, INC.",2019-01-09,2019-01-09T17:04:14-05:00,True,"7.01,9.01",REGULATORY,REGULATORY,exhibit,"Exhibit EXHIBIT 99.1 FOR IMMEDIATE RELEASE HALOZYME PROVIDES 2019 PIPELINE UPDATE AND FINANCIAL GUIDANCE AT 37 TH ANNUAL JP MORGAN HEALTHCARE CONFERENCE – Anticipated ENHANZE ® Partner Progress in 2019 Includes One FDA Approval, New Regulatory Submis"
0001140361-25-041225,0000874015,IONIS PHARMACEUTICALS INC,2025-11-10,2025-11-10T06:04:26-05:00,False,"7.01,8.01,9.01",CLINICAL,CLINICAL,exhibit,"Exhibit 99.1 Groundbreaking pivotal study results of olezarsen for severe hypertriglyceridemia (sHTG) presented as a late breaker at AHA Scientific Sessions – Up to 72% placebo-adjusted mean reduction in fasting triglyceride levels at six months, wit"
0001140361-25-035634,0000874015,IONIS PHARMACEUTICALS INC,2025-09-22,2025-09-22T07:05:51-04:00,False,"7.01,8.01,9.01",CLINICAL,CLINICAL,exhibit,"Exhibit 99.1 Ionis announces positive topline results from pivotal study of zilganersen in Alexander disease – First and only investigational medicine to demonstrate a clinically meaningful and disease-modifying impact on this rare, often fatal neuro"
0001140361-25-033541,0000874015,IONIS PHARMACEUTICALS INC,2025-09-02,2025-09-02T07:05:42-04:00,False,"7.01,8.01,9.01",CLINICAL,CLINICAL,exhibit,Exhibit 99.1 Olezarsen significantly reduces triglycerides and acute pancreatitis events in landmark pivotal studies for people with severe hypertriglyceridemia (sHTG) – Up to 72% (p<0.0001) placebo-adjusted mean reduction in fasting triglycerides – 
0001140361-25-032176,0000874015,IONIS PHARMACEUTICALS INC,2025-08-21,2025-08-21T14:01:34-04:00,False,"7.01,8.01,9.01",REGULATORY,REGULATORY,exhibit,Exhibit 99.1 DAWNZERA ™ (donidalorsen) approved in the U.S. as first and only RNA-targeted prophylactic treatment for hereditary angioedema - DAWNZERA demonstrated significant and sustained HAE attack rate reduction and long-term disease control – - 
0001658247-25-000008,0001658247,"Crinetics Pharmaceuticals, Inc.",2025-09-26,2025-09-25T17:36:34-04:00,True,"7.01,8.01,9.01",REGULATORY,REGULATORY,exhibit,"Crinetics Announces FDA Approval of PALSONIFY TM (paltusotine) for the Treatment of Adults with Acromegaly Novel nonpeptide SST2 agonist PALSONIFY advances the treatment paradigm as the first once-daily, oral therapy approved by the FDA to treat acro"
0000950170-25-091613,0001658247,"Crinetics Pharmaceuticals, Inc.",2025-06-30,2025-06-30T16:26:17-04:00,True,"7.01,9.01",OTHER,,exhibit,"Crinetics to Showcase the Next Generation of Endocrinology Innovation at ENDO 2025 with Eight Presentations From its Deep Pipeline Long-term efficacy and safety data on PALSONIFY TM (paltusotine) in acromegaly to be presented, including evidence of b"
0000950170-25-090405,0001658247,"Crinetics Pharmaceuticals, Inc.",2025-06-26,2025-06-26T16:16:14-04:00,True,"7.01,8.01,9.01",PRESENTATION,PRESENTATION,exhibit,"This presentation contains forward-looking statements. Crinetics Pharmaceuticals, Inc. (“Crinetics,” the “company,” “we,” “us,” or “our”) cautions you that all statements other than statements of historical facts contained in this presentation are fo"
0000950170-25-025248,0001658247,"Crinetics Pharmaceuticals, Inc.",2025-02-24,2025-02-24T08:50:52-05:00,False,"5.02,7.01,9.01",CORPORATE,CORPORATE,exhibit,"Crinetics Pharmaceuticals Appoints Tobin Schilke as Chief Financial Officer SAN DIEGO –February 24, 2025 – Crinetics Pharmaceuticals, Inc. (Nasdaq: CRNX), today announced the appointment of Tobin “Toby” Schilke as chief financial officer, effective F"
0000950170-25-005435,0001658247,"Crinetics Pharmaceuticals, Inc.",2025-01-14,2025-01-14T17:02:31-05:00,True,"7.01,9.01",PRESENTATION,PRESENTATION,exhibit,"Safe Harbor Statement This presentation contains forward-looking statements. Crinetics Pharmaceuticals, Inc. (“Crinetics,” the “company,” “we,” “us,” or “our”) cautions you that statements contained in this presentation regarding matters that are not"
0000950170-25-003801,0001658247,"Crinetics Pharmaceuticals, Inc.",2025-01-10,2025-01-10T07:34:34-05:00,False,"7.01,8.01,9.01",CLINICAL,CLINICAL,exhibit,"Crinetics Announces Positive Topline Results From Phase 2 Trial of Atumelnant in Congenital Adrenal Hyperplasia (CAH) Substantial, Rapid and Sustained Statistically Significant Reductions of Key Biomarkers Achieved Across Doses, Including up to 80% M"
0000950170-24-136680,0001658247,"Crinetics Pharmaceuticals, Inc.",2024-12-16,2024-12-16T16:32:46-05:00,True,"5.02,7.01,9.01",CORPORATE,CORPORATE,exhibit,"Crinetics Pharmaceuticals Appoints Isabel Kalofonos as Chief Commercial Officer SAN DIEGO – December 16, 2024 – Crinetics Pharmaceuticals, Inc. (Nasdaq: CRNX), today announced the appointment of Isabel Kalofonos as Chief Commercial Officer. Ms. Kalof"
0001193125-24-153075,0001658247,"Crinetics Pharmaceuticals, Inc.",2024-06-03,2024-06-03T16:35:07-04:00,True,"7.01,8.01,9.01",OTHER,,exhibit,"Crinetics Announces Positive Initial Findings at ENDO 2024 for Atumelnant in Two Ongoing, Open-Label Studies for the Treatment of Congenital Adrenal Hyperplasia (CAH) and ACTH-Dependent Cushing’s Syndrome (ADCS) 100% of Participants (n=6) With CAH Ma"
0001193125-24-144484,0001658247,"Crinetics Pharmaceuticals, Inc.",2024-05-22,2024-05-22T08:23:34-04:00,False,"7.01,9.01",CORPORATE,CORPORATE,exhibit,"Crinetics Pharmaceuticals Announces Early Release of ENDO 2024 Late-Breaking Abstracts SAN DIEGO – May 22, 2024 – Crinetics Pharmaceuticals, Inc . (Nasdaq: CRNX) a clinical stage pharmaceutical company focused on the discovery, development and commer"
0000950170-24-055872,0001658247,"Crinetics Pharmaceuticals, Inc.",2024-05-08,2024-05-08T17:00:28-04:00,True,7.01,CORPORATE,CORPORATE,primary_item,"Regulation FD Disclosure. On May 8, 2024, Crinetics Pharmaceuticals, Inc. (the “Company” or “Crinetics”) issued a press release announcing five abstracts from its clinical development program to be presented at the Endocrine Society’s annual meeting,"
0001193125-24-070706,0001658247,"Crinetics Pharmaceuticals, Inc.",2024-03-19,2024-03-19T06:31:10-04:00,False,"7.01,8.01,9.01",CLINICAL,CLINICAL,exhibit,Crinetics’ Once-Daily Oral Paltusotine Achieved the Primary and All Secondary Endpoints in the Phase 3 PATHFNDR-2 Study in Acromegaly Patients 56% of Participants on Paltusotine Achieved IGF-1 ≤ 1.0 xULN vs. 5% on Placebo (p<0.0001) Paltusotine was G
0001193125-24-065913,0001658247,"Crinetics Pharmaceuticals, Inc.",2024-03-12,2024-03-12T16:25:02-04:00,True,"7.01,8.01,9.01",CLINICAL,CLINICAL,exhibit,Crinetics Announces Positive Topline Results from Phase 2 Trial of Paltusotine for the Treatment of Carcinoid Syndrome Paltusotine Treatment Demonstrated Rapid and Sustained Reductions in Frequency and Severity of Flushing Episodes and Bowel Movement
0001193125-24-003929,0001658247,"Crinetics Pharmaceuticals, Inc.",2024-01-08,2024-01-08T08:03:59-05:00,False,"7.01,9.01",PRESENTATION,PRESENTATION,exhibit,"nd 42 Annual J.P. MORGAN Healthcare Conference JA NUA RY 9 , 2 02 4 Safe Harbor Statement This presentation contains forward-looking statements. Crinetics Pharmaceuticals, Inc. (“Crinetics,” the “company,” “we,” or “our”) cautions you that statements"
0000950170-23-071084,0001658247,"Crinetics Pharmaceuticals, Inc.",2023-12-18,2023-12-18T16:12:21-05:00,True,"7.01,8.01,9.01",CLINICAL,CLINICAL,exhibit,Crinetics Announces Positive Initial Findings from Ongoing Open-Label Phase 2 Study of Paltusotine for the Treatment of Carcinoid Syndrome Significant Reductions in Frequency and Intensity of Both Bowel Movements and Flushing Episodes Were Observed P
0001193125-23-231899,0001658247,"Crinetics Pharmaceuticals, Inc.",2023-09-11,2023-09-11T06:05:58-04:00,False,"7.01,8.01,9.01",CLINICAL,CLINICAL,exhibit,Crinetics’ Once-Daily Oral Paltusotine Achieved the Primary and All Secondary Endpoints in the Phase 3 PATHFNDR-1 Study Evaluating Treatment of Patients with Acromegaly 83% of Participants on Paltusotine Maintained IGF-1 ≤ 1.0 xULN vs. 4% on placebo 
0000950170-23-000460,0001658247,"Crinetics Pharmaceuticals, Inc.",2023-01-09,2023-01-09T08:43:33-05:00,False,"7.01,9.01",PRESENTATION,PRESENTATION,exhibit,EX-99.1 2 crnx-ex99_1.htm EX-99.1 Developing GPCR-targeted oral small molecules for endocrine disorders and endocrine-related tumors Corporate presentation January 2023 Exhibit 99.1 SAFE HARBOR STATEMENT This presentation contains forward-looking sta
0000950170-22-010602,0001658247,"Crinetics Pharmaceuticals, Inc.",2022-05-25,2022-05-25T07:02:50-04:00,False,"7.01,8.01,9.01",PRESENTATION,PRESENTATION,exhibit,This presentation contains forward-looking statements. Crinetics cautions you that statements contained in this presentation regarding matters that are not historical facts are forward-looking statements. These statements are based on the company’s c
0000950170-22-005041,0001658247,"Crinetics Pharmaceuticals, Inc.",2022-03-30,2022-03-30T16:05:24-04:00,True,"2.02,7.01,9.01",CLINICAL,CLINICAL,exhibit,Crinetics Pharmaceuticals Reports Fourth Quarter and Full Year 2021 Financial Results – Pipeline Includes Three New Chemical Entities with Clinical Proof-Of-Concept (POC) Following CRN04894 and CRN04777 Phase 1 Readouts in 2021 – – Advancing Phase 3 
0001564590-21-048031,0001658247,"Crinetics Pharmaceuticals, Inc.",2021-09-15,2021-09-15T16:05:54-04:00,True,"7.01,8.01,9.01",PRESENTATION,PRESENTATION,exhibit,"EX-99.1 2 crnx-ex991_24.htm EX-99.1 CRN04777: First in Human single ascending dose (SAD) Preliminary Results September 15, 2021 Exhibit 99.1 This presentation contains forward-looking statements. Crinetics cautions you that statements contained in th"
0001564590-21-043067,0001658247,"Crinetics Pharmaceuticals, Inc.",2021-08-10,2021-08-10T16:05:52-04:00,True,"2.02,7.01,8.01,9.01",CLINICAL,CLINICAL,exhibit,FOR IMMEDIATE RELEASE Crinetics Pharmaceuticals Reports Second Quarter 2021 Financial Results and Provides Corporate Update – Commenced dosing in Phase 3 PATHFNDR-1 study – – Phase 1 single-ascending dose data demonstrate the dose-dependent and clini
0001564590-20-047499,0001658247,"Crinetics Pharmaceuticals, Inc.",2020-10-26,2020-10-26T06:55:33-04:00,False,"7.01,8.01,9.01",PRESENTATION,PRESENTATION,exhibit,"EX-99.1 2 crnx-ex991_6.htm EX-99.1 crnx-ex991_6.pptx.htm Topline Results from the Acrobat Phase 2 program in Acromegaly October 26, 2020 Exhibit 99.1 This presentation contains forward-looking statements. All statements other than statements of histo"
0001193125-20-099551,0001658247,"Crinetics Pharmaceuticals, Inc.",2020-04-06,2020-04-06T16:35:59-04:00,True,"7.01,8.01,9.01",PRESENTATION,PRESENTATION,exhibit,EX-99.1 2 d777789dex991.htm EX-99.1 EX-99.1 Interim Results from the Open Label ACROBAT Edge Phase 2 Study and Corporate Update Exhibit 99.1 SAFE HARBOR STATEMENT This presentation contains forward-looking statements. All statements other than statem
0001193125-25-164789,0001326110,"ImmunityBio, Inc.",2025-07-25,2025-07-25T06:23:30-04:00,False,"1.01,2.02,7.01,8.01,9.01",CORPORATE,CORPORATE,exhibit,"NEWS RELEASE ImmunityBio Reports 60% Increase in Revenue in Q2 2025, with Year-to-Date Sales of $43 Million and 246% Unit Growth Since J-Code with Regulatory Updates CULVER CITY, Calif., – July 25, 2025 – ImmunityBio, Inc. (NASDAQ: IBRX), a leading i"
0001193125-25-075102,0001326110,"ImmunityBio, Inc.",2025-04-08,2025-04-08T07:45:29-04:00,False,"1.01,7.01,9.01",CORPORATE,CORPORATE,exhibit,"ImmunityBio Announces Execution of $75 Million Equity Financing with an Institutional Investor CULVER CITY, Calif., April 8, 2025 — ImmunityBio, Inc. (NASDAQ: IBRX), a leading immunotherapy company, today announced that it has executed financing to p"
0001326110-24-000040,0001326110,"ImmunityBio, Inc.",2024-04-23,2024-04-23T06:17:01-04:00,False,"7.01,8.01,9.01",REGULATORY,REGULATORY,exhibit,"ImmunityBio Announces FDA Approval of ANKTIVA®, First-in-Class IL-15 Receptor Agonist for BCG-Unresponsive Non-Muscle Invasive Bladder Cancer • Designated an FDA Breakthrough Therapy, the novel immunotherapy ANKTIVA activates the body’s natural kille"
0001193125-22-302356,0001326110,"ImmunityBio, Inc.",2022-12-12,2022-12-12T09:07:06-05:00,False,"1.01,2.02,2.03,7.01,8.01,9.01",OTHER,,exhibit,"ImmunityBio Announces $157 Million Financing From Nant and Institutional Investor • Financing transactions include approximately $50 million of equity financing from a single institutional investor, $50 million of debt financing from Nant Capital, LL"
0001193125-22-285314,0001326110,"ImmunityBio, Inc.",2022-11-15,2022-11-15T08:42:15-05:00,False,"7.01,8.01,9.01",PRESENTATION,PRESENTATION,exhibit,NASDAQ: IBRX Overview Presentation November 2022 11/14/22 1 Forward-Looking Statements This presentation and the accompanying verbal remarks contain forward-looking statements within the meaning of the Private Securities Litigation Reform Act of 1995
0001193125-22-042967,0001326110,"ImmunityBio, Inc.",2022-02-15,2022-02-15T09:00:33-05:00,False,"1.01,2.01,7.01,9.01",CORPORATE,CORPORATE,exhibit,"ImmunityBio Completes Acquisition of Athenex’s Interest in Dunkirk, New York Advanced Biotech Manufacturing Facility 409,000 square foot, state-of-the-art facility expands capabilities for large-scale manufacture of vaccine and immunotherapy product "
0001193125-22-007333,0001326110,"ImmunityBio, Inc.",2022-01-12,2022-01-12T08:35:57-05:00,False,"1.01,7.01,9.01",OTHER,,exhibit,"NEWS RELEASE ImmunityBio Expands Manufacturing Capacity with State-of-the-Art Manufacturing Plant in New York for Global Pandemic Response and Preparedness • Over 400,000 square foot, state-of-the-art, finish-fill and lyophilization facility enables "
0001193125-21-361818,0001326110,"ImmunityBio, Inc.",2021-12-20,2021-12-20T09:07:02-05:00,False,"1.01,2.03,5.03,7.01,9.01",CLINICAL,CLINICAL,exhibit,"NEWS RELEASE IMMUNITYBIO ANNOUNCES COMPLETION OF $470 MILLION POST-MERGER FINANCING TO FUND LATE-STAGE CANCER CLINICAL TRIALS, PHASE 3 OF COVID T-CELL UNIVERSAL BOOST VACCINE TRIAL AND PROVIDES UPDATE ON BLADDER CANCER BLA FILING Year-End Review: • S"
0001193125-21-182190,0001326110,"ImmunityBio, Inc.",2021-06-04,2021-06-04T08:30:52-04:00,False,"7.01,9.01",CORPORATE,CORPORATE,exhibit,"EX-99.1 2 d155914dex991.htm EX-99.1 EX-99.1 A Leading Immunotherapy Biotech Company Broad Late-Stage Clinical Platform of Antibody Cytokine Fusion Proteins, Albumin-Linked Chemo-Immunomodulators, Vaccine Vectors and Natural Killer cells NASDAQ:IBRX J"
0001193125-21-084244,0001326110,"ImmunityBio, Inc.",2021-03-17,2021-03-17T17:24:15-04:00,True,"7.01,9.01",CORPORATE,CORPORATE,exhibit,"EX-99.1 2 d159616dex991.htm EX-99.1 EX-99.1 A Leading Immunotherapy Biotech Company Broadest Late-Stage Clinical Platform of Antibody Cytokine Fusion Proteins, Albumin-Linked Chemo-Immunomodulators, Vaccine Vectors and Natural Killer cells NASDAQ:IBR"
0001193125-21-075243,0001326110,"ImmunityBio, Inc.",2021-03-10,2021-03-09T21:58:48-05:00,True,"2.01,2.03,5.02,5.03,5.07,7.01,8.01,9.01",CORPORATE,CORPORATE,exhibit,"ImmunityBio and NantKwest Complete Merger Creates Leading Immunotherapy and Cell Therapy Company CULVER CITY & EL SEGUNDO, Calif., March 9, 2021 — ImmunityBio, Inc. and NantKwest, Inc. (NASDAQ: NK) today announced the completion of their previously a"
0001193125-21-007807,0001326110,"ImmunityBio, Inc.",2021-01-13,2021-01-13T09:17:38-05:00,False,"7.01,9.01",PRESENTATION,PRESENTATION,exhibit,"EX-99.1 2 d50631dex991.htm EX-99.1 EX-99.1 39th Annual JP Morgan Healthcare Conference January 13, 2021 Exhibit 99.1 This presentation contains forward-looking statements relating to the proposed transaction involving NantKwest, Inc. (“NantKwest”) an"
0000950170-25-004613,0001761918,"Erasca, Inc.",2025-01-13,2025-01-13T09:10:29-05:00,False,"7.01,9.01",PRESENTATION,PRESENTATION,exhibit,"EX-99.1 2 eras-ex99_1.htm EX-99.1 On a Journey to Erase Cancer Erasca Corporate Presentation January 2025 Eric N., naporafenib clinical trial participant and cancer survivor, and his wife Margaret Exhibit 99.1 We caution you that this presentation co"
0001193125-24-080630,0001761918,"Erasca, Inc.",2024-03-28,2024-03-28T16:14:07-04:00,True,"1.01,3.02,7.01,9.01",CORPORATE,CORPORATE,exhibit,"Erasca Announces $45 Million Oversubscribed Private Placement Financing Funding from new and existing investors extends anticipated cash runway into H2 2026 SAN DIEGO, March 27, 2024 (GLOBE NEWSWIRE) — Erasca, Inc. (Nasdaq: ERAS) (“Erasca”), a clinic"
0000950170-24-003199,0001761918,"Erasca, Inc.",2024-01-09,2024-01-09T09:00:57-05:00,False,"7.01,9.01",PRESENTATION,PRESENTATION,exhibit,"We caution you that this presentation contains forward-looking statements. All statements other than statements of historical facts contained in this presentation, including statements regarding our future results of operations and financial position"
0001193125-23-004264,0001761918,"Erasca, Inc.",2023-01-09,2023-01-09T09:16:33-05:00,False,"7.01,9.01",PRESENTATION,PRESENTATION,exhibit,EX-99.1 2 d445053dex991.htm EX-99.1 EX-99.1 On a Journey to Erase Cancer Erasca Corporate Presentation January 2023 Exhibit 99.1 We caution you that this presentation contains forward-looking statements. All statements other than statements of histor
0001193125-25-324830,0000886163,LIGAND PHARMACEUTICALS INC,2025-12-18,2025-12-18T16:11:52-05:00,True,7.01,CORPORATE,CORPORATE,primary_item,"Regulation FD Disclosure. On December 18, 2025, Ligand Pharmaceuticals Incorporated (“Ligand”) posted materials regarding its private placement investment in Athira Pharma, Inc. on its investor relations page and certain of its social media accounts."
0000886163-25-000042,0000886163,LIGAND PHARMACEUTICALS INC,2025-07-02,2025-07-02T07:10:18-04:00,False,"7.01,9.01",CORPORATE,CORPORATE,primary_item,"Regulation FD Disclosure. On July 2, 2025, Ligand Pharmaceuticals Incorporated (“Ligand”) announced the closing of its previously announced Agreement and Plan of Merger (the “Merger Agreement”) pursuant to which Ligand’s wholly owned subsidiary, LNHC"
0000886163-25-000020,0000886163,LIGAND PHARMACEUTICALS INC,2025-04-17,2025-04-17T06:08:08-04:00,False,"7.01,9.01",OTHER,,primary_item,"Regulation FD Disclosure. On April 17, 2025, Ligand Pharmaceuticals Incorporated (“Ligand”) announced that it and its wholly owned subsidiaries, Pelthos Therapeutics Inc. and LNHC, Inc. (collectively “Pelthos”) have entered into an Agreement and Plan"
0000886163-25-000003,0000886163,LIGAND PHARMACEUTICALS INC,2025-02-25,2025-02-25T16:02:36-05:00,True,"1.01,7.01,9.01",CLINICAL,CLINICAL,exhibit,EX-99.1 2 exhibit991_castlecreekdeal.htm EX-99.1 Document FOR IMMEDIATE RELEASE Ligand Leads $75 Million Royalty Financing in Castle Creek Biosciences Capital will fund Castle Creek’s D-Fi Phase 3 clinical trial for patients with dystrophic epidermol
0000886163-24-000053,0000886163,LIGAND PHARMACEUTICALS INC,2024-07-08,2024-07-08T07:38:30-04:00,False,"1.01,7.01,9.01",CORPORATE,CORPORATE,exhibit,"EX-99.1 2 exhibit991_apeironligandde.htm EX-99.1 Document FOR IMMEDIATE RELEASE Ligand to Acquire APEIRON Biologics AG for $100 Million Acquisition provides Ligand with the royalty rights to QARZIBA®, a highly differentiated, commercial oncology drug"
0000886163-22-000097,0000886163,LIGAND PHARMACEUTICALS INC,2022-06-29,2022-06-29T17:17:35-04:00,True,"5.02,7.01,9.01",CORPORATE,CORPORATE,exhibit,"Ligand Pharmaceuticals Appoints Jason Haas to its Board of Directors EMERYVILLE (June 29, 2022) – Ligand Pharmaceuticals Incorporated (NASDAQ: LGND) (“Ligand” or “the Company”) announces the appointment of Jason Haas to the Company's Board of Directo"
0001104659-22-072614,0000886163,LIGAND PHARMACEUTICALS INC,2022-06-21,2022-06-21T06:19:40-04:00,False,"7.01,9.01",OTHER,,exhibit,"Exhibit 99.1 Analyst Teach - In June 21, 2022 11 am EDT 2 LEGAL DISCLAIMERS About this Presentation This presentation is for informational purposes only to assist interested parties in making their own evaluation with respect to a proposed business c"
0000886163-21-000102,0000886163,LIGAND PHARMACEUTICALS INC,2021-07-14,2021-07-14T16:08:33-04:00,True,"5.02,7.01,8.01,9.01",CORPORATE,CORPORATE,exhibit,"EX-99.1 2 exhibit991_newdirectorjenn.htm EX-99.1 Document Ligand Pharmaceuticals Appoints Dr. Jennifer Cochran to its Board of Directors EMERYVILLE (July 14, 2021) – Ligand Pharmaceuticals Incorporated (NASDAQ: LGND) (“Ligand” or “the Company”) annou"
0000886163-20-000110,0000886163,LIGAND PHARMACEUTICALS INC,2020-10-20,2020-10-20T10:52:40-04:00,False,"2.02,7.01,9.01",PRESENTATION,PRESENTATION,primary_item,"Results of Operations and Financial Condition. As previously announced by Ligand Pharmaceuticals Incorporated (the “Company”), members of the Company’s management team will present at a virtual Investor Day event via webcast on October 20, 2020. In c"
0000886163-20-000108,0000886163,LIGAND PHARMACEUTICALS INC,2020-10-13,2020-10-13T08:44:02-04:00,False,"1.01,7.01,9.01",CORPORATE,CORPORATE,exhibit,"Ligand to Divest Vernalis Research Operations Consideration includes $25 million cash payment plus Ligand retains economics on completed partnerships and share of economics on current collaborations SAN DIEGO, Calif. (October 12, 2020) – Ligand Pharm"
0001193125-20-260585,0000886163,LIGAND PHARMACEUTICALS INC,2020-10-01,2020-10-01T08:42:02-04:00,False,"1.01,2.01,7.01,9.01",OTHER,,exhibit,"CONTINGENT VALUE RIGHTS AGREEMENT This CONTINGENT VALUE RIGHTS AGREEMENT (this “ Agreement ”), dated September 30, 2020, is by and between Ligand Pharmaceuticals Incorporated, a Delaware corporation (“ Parent ”) and American Stock Transfer & Trust Co"
0000886163-19-000186,0000886163,LIGAND PHARMACEUTICALS INC,2019-10-16,2019-10-16T08:57:32-04:00,False,"5.02,7.01,9.01",CORPORATE,CORPORATE,primary_item,"Departure of Directors or Certain Officers; Election of Directors; Appointment of Certain Officers; Compensatory Arrangements of Certain Officers. Effective as of October 15, 2019, the Board of Directors of Ligand Pharmaceuticals Incorporated (the “C"
0000886163-19-000049,0000886163,LIGAND PHARMACEUTICALS INC,2019-03-12,2019-03-12T10:02:16-04:00,False,"7.01,9.01",PRESENTATION,PRESENTATION,primary_item,"Regulation FD Disclosure. As previously announced, members of the management team of Ligand Pharmaceuticals Incorporated (“Ligand”) presented at Ligand’s Analyst Day event in New York, New York on March 12, 2019. The slide presentation is attached as"
0000886163-19-000043,0000886163,LIGAND PHARMACEUTICALS INC,2019-03-05,2019-03-05T17:16:42-05:00,True,"1.01,7.01,9.01",PRESENTATION,PRESENTATION,exhibit,"exhibit991investorslides Exhibit 99.1 Investor Conference Call March 5, 2019 Promacta Asset Sale Safe Harbor Statement The following presentation contains forward-looking statements by Ligand that involve risks and uncertainties and reflect Ligand's "
0001193125-21-105632,0001070494,ACADIA PHARMACEUTICALS INC,2021-04-05,2021-04-05T08:08:55-04:00,False,"7.01,8.01,9.01",REGULATORY,REGULATORY,exhibit,Acadia Pharmaceuticals Receives Complete Response Letter from U.S. FDA for Supplemental New Drug Application for Pimavanserin for the Treatment of Hallucinations and Delusions Associated with Dementia-Related Psychosis - Conference call and webcast t
0001607678-25-000003,0001607678,"Viking Therapeutics, Inc.",2025-08-19,2025-08-19T07:09:43-04:00,False,"7.01,9.01",CLINICAL,CLINICAL,exhibit,"Viking Therapeutics Announces Positive Top-Line Results from Phase 2 VENTURE-Oral Dosing Trial of VK2735 Tablet Formulation in Patients with Obesity Study Achieves Primary and Secondary Endpoints, Demonstrating Statistically Significant Reductions in"
0000950170-24-120267,0001607678,"Viking Therapeutics, Inc.",2024-11-04,2024-11-04T06:31:16-05:00,False,"7.01,9.01",AMBIGUOUS,AMBIGUOUS,exhibit,Viking Therapeutics Reports New Data from VK2735 Obesity Program at ObesityWeek ® 2024 Up to 6.8% Placebo-Adjusted Mean Weight Loss (8.2% from Baseline) After 28 Days of Dosing with Oral Tablet of VK2735 Encouraging Tolerability Through 100 mg Daily 
0000950170-24-068297,0001607678,"Viking Therapeutics, Inc.",2024-06-04,2024-06-04T07:10:11-04:00,False,"7.01,9.01",CLINICAL,CLINICAL,exhibit,Viking Therapeutics Announces Positive 52-Week Histologic Data from Phase 2b VOYAGE Study of VK2809 in Patients with Biopsy-Confirmed Non-Alcoholic Steatohepatitis (NASH) Up to 75% of Patients Treated with VK2809 Achieved NASH Resolution with No Wors
0000950170-24-036151,0001607678,"Viking Therapeutics, Inc.",2024-03-26,2024-03-26T07:08:14-04:00,False,"7.01,9.01",CLINICAL,CLINICAL,exhibit,Viking Therapeutics Announces Results from Phase 1 Clinical Trial of Oral Tablet Formulation of Dual GLP-1/GIP Receptor Agonist VK2735 Up to 3.3% Placebo-Adjusted Mean Weight Loss (5.3% from Baseline) Observed After 28 Days VK2735 Shown to be Safe an
0000950170-24-020616,0001607678,"Viking Therapeutics, Inc.",2024-02-27,2024-02-27T07:04:52-05:00,False,"7.01,9.01",CLINICAL,CLINICAL,exhibit,"Viking Therapeutics Announces Positive Top-Line Results from Phase 2 VENTURE Trial of Dual GLP-1/GIP Receptor Agonist VK2735 in Patients with Obesity Study Achieves Primary and all Secondary Endpoints, Demonstrating Statistically Significant Reductio"
0000950170-23-010112,0001607678,"Viking Therapeutics, Inc.",2023-03-28,2023-03-28T07:10:29-04:00,False,"7.01,9.01",CLINICAL,CLINICAL,exhibit,"Viking Therapeutics Announces Initiation of Phase 1 Study to Evaluate Oral Formulation of Dual GLP-1/GIP Receptor Agonist VK2735 Expands Potential Opportunities for VK2735 with Highly Differentiated Dosing Option Data Anticipated in 2H2023 SAN DIEGO,"
0000950170-23-010108,0001607678,"Viking Therapeutics, Inc.",2023-03-28,2023-03-28T06:42:19-04:00,False,"7.01,9.01",CLINICAL,CLINICAL,exhibit,Viking Therapeutics Announces Results from Phase 1 Clinical Trial of Dual GLP-1/GIP Receptor Agonist VK2735 Up to 6.0% Placebo-Adjusted Mean Weight Loss (7.8% From Baseline) Observed After 28 Days VK2735 Shown to be Safe and Well-Tolerated in 28-Day 
0001564590-20-011413,0001607678,"Viking Therapeutics, Inc.",2020-03-17,2020-03-17T16:20:30-04:00,True,7.01,OTHER,,primary_item,"Regulation FD Disclosure. On March 17, 2020, the Board of Directors of Viking Therapeutics, Inc. (the “Company”) authorized a stock repurchase program, whereby the Company may purchase up to $50 million in shares of its common stock (the “Common Stoc"
0001193125-25-146905,0001823239,"MARAVAI LIFESCIENCES HOLDINGS, INC.",2025-06-25,2025-06-25T16:13:09-04:00,True,"5.02,7.01,9.01",CORPORATE,CORPORATE,exhibit,"Maravai LifeSciences Appoints Rajesh Asarpota as Chief Financial Officer SAN DIEGO, Calif., June 25, 2025 — Maravai LifeSciences Holdings, Inc. (NASDAQ: MRVI), a global provider of life science reagents and services to researchers and biotech innovat"
0001193125-25-137478,0001823239,"MARAVAI LIFESCIENCES HOLDINGS, INC.",2025-06-09,2025-06-09T08:40:50-04:00,False,"5.02,7.01,9.01",CORPORATE,CORPORATE,exhibit,"Maravai LifeSciences Appoints Bernd Brust as Chief Executive Officer and Member of its Board of Directors SAN DIEGO, Calif., June 9, 2025 — Maravai LifeSciences Holdings, Inc. (NASDAQ: MRVI), a global provider of life science reagents and services to"
0001823239-25-000059,0001823239,"MARAVAI LIFESCIENCES HOLDINGS, INC.",2025-03-20,2025-03-20T16:34:12-04:00,True,7.01,CORPORATE,CORPORATE,primary_item,"Regulation FD Disclosure. On March 20, 2025, during its financial results conference call, Maravai LifeSciences Holdings, Inc. (“Maravai” or the “Company”) intends to present information regarding the Company’s financial guidance for the full year 20"
0001823239-25-000028,0001823239,"MARAVAI LIFESCIENCES HOLDINGS, INC.",2025-02-25,2025-02-24T20:43:29-05:00,True,"2.02,7.01,9.01",OTHER,,primary_item,"Results of Operations and Financial Condition. On February 25, 2025, Maravai LifeSciences Holdings, Inc. (the “Company”) issued a press release (the “February 2025 Press Release”) announcing, among other things, that it will be delaying its earnings "
0001823239-24-000124,0001823239,"MARAVAI LIFESCIENCES HOLDINGS, INC.",2024-12-05,2024-12-05T16:07:27-05:00,True,"5.02,7.01",CORPORATE,CORPORATE,exhibit,"Maravai LifeSciences Appoints R. Andrew Eckert as Chairman of the Board of Directors Carl Hull to Retire as Executive Chairman SAN DIEGO, Calif.; – December 5, 2024 - Maravai LifeSciences Holdings, Inc. (“Maravai” or the “Company”) (NASDAQ: MRVI), a "
0001823239-24-000091,0001823239,"MARAVAI LIFESCIENCES HOLDINGS, INC.",2024-07-29,2024-07-29T16:11:14-04:00,True,"5.02,7.01",CORPORATE,CORPORATE,exhibit,"Maravai LifeSciences Appoints Trey Martin to Board of Directors Maravai announces the appointment of CEO Trey Martin to its Board of Directors, highlighting his leadership, commitment to innovation, and industry experience SAN DIEGO, July 29, 2024 - "
0001823239-23-000077,0001823239,"MARAVAI LIFESCIENCES HOLDINGS, INC.",2023-07-27,2023-07-27T16:11:00-04:00,True,"5.02,7.01,9.01",OTHER,,exhibit,"Maravai LifeSciences Announces Completion of Planned CEO Leadership Transition William “Trey” Martin, III assumes the role of Maravai’s CEO Carl Hull to continue to serve as Executive Chairman SAN DIEGO, Calif.; – July 27, 2023 - Maravai LifeSciences"
0001823239-23-000072,0001823239,"MARAVAI LIFESCIENCES HOLDINGS, INC.",2023-07-20,2023-07-20T16:08:09-04:00,True,"5.02,7.01",CORPORATE,CORPORATE,exhibit,"Maravai LifeSciences Announces Appointment of New Director to the Board SAN DIEGO – July 20, 2023 - Maravai LifeSciences Holdings, Inc. (“Maravai” or the “Company”) (NASDAQ: MRVI), a global provider of life science reagents and services to researcher"
0001823239-23-000017,0001823239,"MARAVAI LIFESCIENCES HOLDINGS, INC.",2023-03-10,2023-03-10T16:07:41-05:00,True,7.01,OTHER,,primary_item,"Regulation FD Disclosure. Maravai LifeSciences Holdings, Inc. (the “Company”) informs its investors that it does not hold cash deposits or securities at Silicon Valley Bank, nor does the Company have a lending relationship or other business with Sili"
0001193125-22-296553,0001823239,"MARAVAI LIFESCIENCES HOLDINGS, INC.",2022-12-01,2022-12-01T16:26:04-05:00,True,"5.02,7.01,9.01",OTHER,,exhibit,"Maravai LifeSciences Announces Updated CEO Leadership Transition Plans Maravai announces plans for William “Trey” Martin, III to serve as President of its Biologics Safety Testing Segment and its expectation that he will then assume the role of Marav"
0001823239-22-000052,0001823239,"MARAVAI LIFESCIENCES HOLDINGS, INC.",2022-10-19,2022-10-19T16:05:25-04:00,True,"5.02,7.01,9.01",OTHER,,exhibit,"Maravai LifeSciences Temporarily Reinstates Carl Hull as CEO Amidst Pending Noncompetition Litigation Maravai LifeSciences and Recently-Appointed CEO Trey Martin Vigorously Defending Against Suit SAN DIEGO, Calif., — October 19, 2022 — Executive Chai"
0001823239-22-000048,0001823239,"MARAVAI LIFESCIENCES HOLDINGS, INC.",2022-10-03,2022-10-03T16:07:22-04:00,True,"5.02,7.01,9.01",CORPORATE,CORPORATE,primary_item,"Departure of Directors or Certain Officers; Election of Directors; Appointment of Certain Officers; Compensatory Arrangements of Certain Officers Appointment of William “Trey” Martin, III as Chief Executive Officer On September 30, 2022, William “Tre"
0001823239-22-000006,0001823239,"MARAVAI LIFESCIENCES HOLDINGS, INC.",2022-01-28,2022-01-28T08:03:55-05:00,False,"7.01,9.01",OTHER,,primary_item,"Regulation FD Disclosure On January 28, 2022, Maravai LifeSciences Holdings, Inc. announced that it has acquired MyChem LLC, a San Diego, California-based provider of ultra-pure nucleotides to customers in the diagnostics, pharma, genomics and resear"
0001370053-25-000103,0001370053,"ANAPTYSBIO, INC",2025-11-26,2025-11-26T16:00:38-05:00,True,"7.01,9.01",OTHER,,primary_item,"Regulation FD Disclosure. On November 20, 2025, as previously announced, AnaptysBio, Inc. (“ AnaptysBio ”) filed a Verified Complaint (the “ AnaptysBio Complaint ”) in Delaware Chancery Court, requesting a court declaration that TESARO, Inc. (“ Tesar"
0001370053-25-000091,0001370053,"ANAPTYSBIO, INC",2025-11-10,2025-11-10T09:10:20-05:00,False,"7.01,8.01,9.01",PRESENTATION,PRESENTATION,primary_item,"Regulation FD. On November 10, 2025, AnaptysBio, Inc. (“AnaptysBio”) updated its corporate investor presentation, a full copy of which is attached hereto as Exhibit 99.1. The information in this Item 7.01, including Exhibit 99.1, shall not be deemed "
0001370053-25-000083,0001370053,"ANAPTYSBIO, INC",2025-10-14,2025-10-14T16:33:51-04:00,True,"7.01,9.01",CORPORATE,CORPORATE,primary_item,"Regulation FD. On October 14, 2025, AnaptysBio, Inc. (“AnaptysBio”) will host a conference call to discuss ANB033 and use a slide presentation in conjunction with the call. A copy of the presentation is filed herewith as Exhibit 99.1. On October 14, "
0001370053-25-000081,0001370053,"ANAPTYSBIO, INC",2025-09-29,2025-09-29T16:29:55-04:00,True,"7.01,8.01,9.01",CORPORATE,CORPORATE,primary_item,"Regulation FD. On September 29, 2025, AnaptysBio, Inc. (“AnaptysBio”) will host a conference call to discuss the potential separation of its business referred to and described under Item 8.01 below, and use a slide presentation in conjunction with th"
0001370053-25-000052,0001370053,"ANAPTYSBIO, INC",2025-06-03,2025-06-03T17:20:42-04:00,True,"7.01,8.01",CLINICAL,CLINICAL,primary_item,"Regulation FD. On June 03, 2025, AnaptysBio, Inc. (“ AnaptysBio ” or the “ Company ”) issued a press release announcing positive rosnilimab data updated through six months in robust Phase 2b clinical trial in rheumatoid arthritis, a copy of which is "
0001370053-25-000014,0001370053,"ANAPTYSBIO, INC",2025-02-19,2025-02-19T17:10:30-05:00,True,7.01,PRESENTATION,PRESENTATION,primary_item,"Regulation FD. On February 19, 2025, AnaptysBio, Inc. updated its corporate investor presentation, a full copy of which is attached hereto as Exhibit 99.1. The information in this Item 7.01, including Exhibit 99.1, shall not be deemed “filed” for pur"
0001370053-25-000010,0001370053,"ANAPTYSBIO, INC",2025-02-12,2025-02-12T08:30:37-05:00,False,"7.01,8.01",CLINICAL,CLINICAL,primary_item,"Regulation FD. On February 12, 2025, AnaptysBio, Inc. (“ AnaptysBio ” or the “ Company ”) issued a press release announcing top-line data from rosnilimab’s Phase 2b clinical trial in rheumatoid arthritis (the “Top-Line Data”), a copy of which is atta"
0001370053-25-000002,0001370053,"ANAPTYSBIO, INC",2025-02-03,2025-02-03T08:55:32-05:00,False,"1.01,7.01",OTHER,,primary_item,"Entry into a Material Definitive Agreement. On January 31, 2025, AnaptysBio, Inc. ( “ Anaptys ” ) entered into an Exclusive License Agreement (the “ License Agreement ” ) with Vanda Pharmaceuticals Inc. ( “ Vanda ” ) pursuant to which Anaptys granted"
0001370053-24-000003,0001370053,"ANAPTYSBIO, INC",2024-01-05,2024-01-05T16:09:38-05:00,True,"2.02,7.01,9.01",OTHER,,primary_item,"Results of Operations and Financial Condition. On January 8, 2024, AnaptysBio, Inc. (“Anaptys”) expects to present certain preliminary, unaudited financial information in connection with presentations (the “Presentation”) at the J.P. Morgan Healthcar"
0001370053-23-000069,0001370053,"ANAPTYSBIO, INC",2023-11-27,2023-11-27T16:17:25-05:00,True,"1.01,7.01",OTHER,,primary_item,"Entry into a Material Definitive Agreement. On November 24, 2023, AnaptysBio, Inc. (“ Anaptys ”) entered into a License Agreement (the “ License Agreement ”) with Centessa Pharmaceuticals (UK) Limited (“ Centessa ”) pursuant to which Centessa granted"
0001370053-23-000058,0001370053,"ANAPTYSBIO, INC",2023-10-25,2023-10-25T16:43:03-04:00,True,"7.01,9.01",OTHER,,primary_item,"Regulation FD. On October 25, 2023, AnaptysBio presented its PD-1 Agonist (Rosnilimab) R&D slide presentation, a full copy of which is attached hereto as Exhibit 99.1. The information in this item 7.01, including Exhibit 99.1, shall not be deemed “fi"
0001370053-23-000054,0001370053,"ANAPTYSBIO, INC",2023-10-10,2023-10-10T09:01:13-04:00,False,"7.01,9.01",CLINICAL,CLINICAL,primary_item,"Regulation FD. On October 9, 2023, AnaptysBio, Inc. issued a press release announcing positive top-line phase 3 clinical trial results of Imsidolimab (IL-36R) in Generalized Pustular Psoriasis (GPP). A copy of the press release is attached as Exhibit"
0001370053-23-000005,0001370053,"ANAPTYSBIO, INC",2023-01-05,2023-01-05T16:12:16-05:00,True,"2.02,7.01,9.01",OTHER,,primary_item,"Results of Operations and Financial Condition. On January 5, 2023, AnaptysBio, Inc. (“AnaptysBio”) issued a press release (the “Press Release”) announcing certain preliminary, unaudited financial information, including that AnaptysBio expects to repo"
0001370053-22-000064,0001370053,"ANAPTYSBIO, INC",2022-11-08,2022-11-08T16:08:53-05:00,True,"2.02,7.01,9.01",CORPORATE,CORPORATE,primary_item,"Results of Operations and Financial Condition. On November 8, 2022, AnaptysBio, Inc. (“AnaptysBio”) issued a press release announcing its financial results for the three and nine months ended September 30, 2022. A copy of the press release is attache"
0001370053-22-000052,0001370053,"ANAPTYSBIO, INC",2022-09-12,2022-09-12T07:32:57-04:00,False,"1.01,7.01,9.01",OTHER,,primary_item,"Entry into a Material Definitive Agreement. On September 9, 2022, AnaptysBio, Inc. (“AnaptysBio”) entered into a Purchase and Sale Agreement (the “Purchase Agreement”) with a wholly-owned subsidiary of DRI Healthcare Trust (“DRI”) to monetize all of "
0001370053-22-000049,0001370053,"ANAPTYSBIO, INC",2022-08-31,2022-08-31T16:19:39-04:00,True,"7.01,9.01",CLINICAL,CLINICAL,primary_item,"Regulation FD. On August 31, 2022, AnaptysBio, Inc. issued a press release announcing imsidolimab HARP Phase 2 top-line data in moderate-to-severe hidradenitis suppurativa. A copy of the press release is attached as Exhibit 99.1 to this report and in"
0001370053-22-000019,0001370053,"ANAPTYSBIO, INC",2022-04-27,2022-04-27T16:18:20-04:00,True,"7.01,9.01",CLINICAL,CLINICAL,primary_item,"Regulation FD. On April 27, 2022, AnaptysBio, Inc. issued a press release announcing ANB032 (anti-BTLA agonist) top-line phase 1 data. A copy of the press release is attached as Exhibit 99.1 to this report and incorporated herein by reference. The in"
0001370053-22-000014,0001370053,"ANAPTYSBIO, INC",2022-03-14,2022-03-14T16:26:20-04:00,True,"7.01,9.01",CLINICAL,CLINICAL,primary_item,"Regulation FD. On March 14, 2022, AnaptysBio, Inc. issued a press release announcing imsidolimab ACORN Phase 2 clinical trial data in moderate-to-severe acne. A copy of the press release is attached as Exhibit 99.1 to this report and incorporated her"
0001370053-21-000072,0001370053,"ANAPTYSBIO, INC",2021-11-15,2021-11-15T09:05:10-05:00,False,"7.01,9.01",CLINICAL,CLINICAL,primary_item,"Regulation FD. On November 15, 2021, AnaptysBio issued a press release announcing rosnilimab healthy volunteer phase 1 top-line data. A copy of the press release is furnished as Exhibit 99.1 to this report and incorporated herein by reference. The in"
0001370053-21-000060,0001370053,"ANAPTYSBIO, INC",2021-10-04,2021-10-04T09:00:42-04:00,False,"7.01,9.01",OTHER,,primary_item,"Regulation FD. On October 2, 2021, AnaptysBio issued a press release announcing an imsidolimab clinical program update. A copy of the press release is furnished as Exhibit 99.1 to this report and incorporated herein by reference. The information with"
0001370053-21-000046,0001370053,"ANAPTYSBIO, INC",2021-06-03,2021-06-02T19:11:46-04:00,True,"7.01,9.01",CORPORATE,CORPORATE,primary_item,"Regulation FD. AnaptysBio, Inc. plans to present the presentation attached hereto as Exhibit 99.1 at the Jefferies Virtual Healthcare Conference on June 3, 2021. The information furnished with this report, including Exhibit 99.1, shall not be deemed "
0001370053-21-000022,0001370053,"ANAPTYSBIO, INC",2021-03-08,2021-03-08T08:05:17-05:00,False,"7.01,9.01",CLINICAL,CLINICAL,primary_item,"Regulation FD. On March 8, 2021, AnaptysBio issued a press release announcing that top-line data from its Phase 2 clinical trial of imsidolimab for the treatment of moderate-to-severe palmoplantar pustulosis (PPP), also known as the POPLAR trial, fai"
0001370053-21-000003,0001370053,"ANAPTYSBIO, INC",2021-01-11,2021-01-11T10:26:48-05:00,False,"2.02,7.01,9.01",OTHER,,primary_item,"Results of Operations and Financial Condition. On January 11, 2021, AnaptysBio, Inc., a Delaware corporation (“AnaptysBio”), presented certain preliminary, unaudited financial information in connection with a presentation (the “Presentation”) at the "
0001370053-20-000053,0001370053,"ANAPTYSBIO, INC",2020-10-13,2020-10-13T09:05:48-04:00,False,"7.01,9.01",CLINICAL,CLINICAL,primary_item,"Regulation FD. On October 13, 2020, AnaptysBio issued a press release announcing positive topline data from GALLOP Phase 2 Clinical Trial of Imsidolimab in Moderate-to-Severe Generalized Pustular Psoriasis (GPP). A copy of the press release is furnis"
0001370053-20-000050,0001370053,"ANAPTYSBIO, INC",2020-08-10,2020-08-10T08:06:30-04:00,False,"2.02,7.01,9.01",CORPORATE,CORPORATE,primary_item,"Results of Operations and Financial Condition. On August 10, 2020, AnaptysBio, Inc. (“AnaptysBio”) issued a press release announcing its financial results for the six months ended June 30, 2020. A copy of the press release is attached as Exhibit 99.1"
0001370053-20-000003,0001370053,"ANAPTYSBIO, INC",2020-01-15,2020-01-15T10:11:51-05:00,False,"7.01,9.01",OTHER,,exhibit,EX-99.1 2 a1152020exhibit991.htm ANAPTYSBIO PRESENTATION Exhibit
0001370053-19-000041,0001370053,"ANAPTYSBIO, INC",2019-11-08,2019-11-08T08:05:42-05:00,False,"2.02,7.01,9.01",CORPORATE,CORPORATE,primary_item,"Results of Operations and Financial Condition. On November 8, 2019 , AnaptysBio, Inc. (“ AnaptysBio ”) issued a press release announcing its financial results for the nine months ended September 30, 2019 . A copy of the press release is attached as E"
0001370053-19-000035,0001370053,"ANAPTYSBIO, INC",2019-09-30,2019-09-30T16:18:56-04:00,True,"7.01,9.01",CLINICAL,CLINICAL,primary_item,"Regulation FD. On September 30, 2019, AnaptysBio, Inc. (“AnaptysBio”) issued a press release announcing topline data from an interim analysis of AnaptysBio’s ongoing ANB019 Phase 2 trial in generalized pustular psoriasis (GPP). A copy of the press re"
0001438133-20-000098,0001438133,TANDEM DIABETES CARE INC,2020-06-25,2020-06-24T20:15:36-04:00,True,7.01,CORPORATE,CORPORATE,exhibit,"FOR IMMEDIATE RELEASE Tandem Diabetes Care Acquires Sugarmate, a Popular Mobile App for People with Diabetes San Diego, CA – June 24, 2020 – Tandem Diabetes Care, Inc. (NASDAQ: TNDM), a leading insulin delivery and diabetes technology company, today "
0001193125-24-243475,0001863127,"Tyra Biosciences, Inc.",2024-10-25,2024-10-25T08:01:32-04:00,False,"5.02,7.01,8.01,9.01",OTHER,,exhibit,"EX-99.1 2 d898462dex991.htm EX-99.1 EX-99.1 Interim clinical proof-of-concept with TYRA-300 in mUC (SURF301) October 25, 2024 Exhibit 99.1 Today’s participants and agenda AGENDA Introduction Todd Interim SURF301 TYRA-300 results Doug Q&A: Perspective"
0001193125-24-023367,0001863127,"Tyra Biosciences, Inc.",2024-02-05,2024-02-05T06:05:32-05:00,False,"1.01,3.02,7.01,9.01",CORPORATE,CORPORATE,exhibit,"Tyra Biosciences, Inc. Announces $200 Million Private Placement Financing CARLSBAD, Calif., February 2, 2024 – Tyra Biosciences, Inc. (Nasdaq: TYRA), a clinical-stage biotechnology company focused on developing next-generation precision medicines tha"
0001193125-21-318435,0001863127,"Tyra Biosciences, Inc.",2021-11-03,2021-11-03T16:16:37-04:00,True,"2.02,7.01,9.01",CORPORATE,CORPORATE,exhibit,"Tyra Biosciences Reports Third Quarter 2021 Financial Results and Highlights -Successful completion of upsized $198.7 million initial public offering; cash and cash equivalents of $312.8 million as of September 30, 2021- -Nominated 2nd product candid"
0002007919-25-000097,0002007919,"Inhibrx Biosciences, Inc.",2025-12-16,2025-12-16T17:00:04-05:00,True,"7.01,8.01,9.01",CORPORATE,CORPORATE,exhibit,"Inhibrx Biosciences Provides Progress Updates on the INBRX-106 Program and the Expansion Cohorts of the ozekibart (INBRX-109) Program SAN DIEGO, December 16, 2025 /PRNewswire/ – Inhibrx Biosciences, Inc. (Nasdaq: INBX) (“Inhibrx” or the “Company”), a"
0002007919-25-000089,0002007919,"Inhibrx Biosciences, Inc.",2025-10-23,2025-10-23T16:05:56-04:00,True,"7.01,8.01,9.01",CLINICAL,CLINICAL,exhibit,Inhibrx Biosciences Reports Positive Topline Results from its Registrational Trial of Ozekibart (INBRX-109) in Chondrosarcoma and Provides Updates on Colorectal Cancer and Ewing Sarcoma Expansion Cohorts – Ozekibart meets its primary endpoint in chon
0002007919-25-000007,0002007919,"Inhibrx Biosciences, Inc.",2025-01-21,2025-01-21T17:03:34-05:00,True,"7.01,8.01,9.01",CLINICAL,CLINICAL,exhibit,"EX-99.1 2 exhibit991-pressreleasecol.htm EX-99.1 Document Inhibrx Biosciences Announces Preliminary Data from the Phase 1 Trial of ozekibart (INBRX-109) for the Treatment of Colorectal Cancer SAN DIEGO, January 21, 2025 /PRNewswire/ – Inhibrx Bioscie"
0002007919-25-000003,0002007919,"Inhibrx Biosciences, Inc.",2025-01-13,2025-01-13T16:18:50-05:00,True,"1.01,2.03,3.02,7.01,9.01",CORPORATE,CORPORATE,exhibit,"EX-99.1 4 exhibit991-pressreleaseoxf.htm EX-99.1 Document Inhibrx Biosciences Announces Loan Agreement with Oxford Finance San Diego, CA, January 13, 2025 /PRNewswire/ -- Inhibrx Biosciences, Inc. (“Inhibrx” or the “Company”) (Nasdaq: INBX), a biopha"
0002007919-24-000031,0002007919,"Inhibrx Biosciences, Inc.",2024-08-13,2024-08-13T16:09:15-04:00,True,"2.02,7.01,9.01",CORPORATE,CORPORATE,exhibit,"Inhibrx Biosciences Reports Second Quarter 2024 Financial Results and Recent Corporate Highlights San Diego, CA, August 13, 2024 – Inhibrx Biosciences, Inc. (Nasdaq: INBX) (“Inhibrx Biosciences” or the “Company”), a biopharmaceutical company with two"
0002007919-24-000016,0002007919,"Inhibrx Biosciences, Inc.",2024-06-17,2024-06-17T16:03:05-04:00,True,"7.01,9.01",PRESENTATION,PRESENTATION,primary_item,"Regulation FD Disclosure. On June 17, 2024, Inhibrx Biosciences, Inc. (the “Company”) posted an updated copy of its corporate presentation to the “Investors” tab of its website at www.inhibrx.com. The presentation is attached to this Current Report o"
0001104659-24-065140,0002007919,"Inhibrx Biosciences, Inc.",2024-05-24,2024-05-24T16:21:16-04:00,True,"7.01,9.01",OTHER,,exhibit,"tm243190-14_1012ba_DIV_52-exh99x1 - block - 38.4781599s Exhibit 99.1 TABLE OF CONTENTS INHIBRX BIOSCIENCES, INC. 11025 N. TORREY PINES ROAD, SUITE 140 LA JOLLA, CALIFORNIA 92037 May 24, 2024 ​ Dear Inhibrx, Inc. Stockholder: I am pleased to report th"
0000950170-24-088609,0001350653,"Alphatec Holdings, Inc.",2024-07-31,2024-07-31T16:20:42-04:00,True,"2.02,5.02,7.01,9.01",CORPORATE,CORPORATE,exhibit,"ATEC Reports Second Quarter 2024 Financial Results And Raises Full-Year Guidance Surgical revenue grew 27% and drove total revenue growth of 25% to $146 million Full-year revenue and profitability guidance increased CARLSBAD, Calif., July 31, 2024 – "
0000950170-24-033642,0001350653,"Alphatec Holdings, Inc.",2024-03-19,2024-03-19T17:05:17-04:00,True,7.01,PRESENTATION,PRESENTATION,primary_item,"Regulation FD Disclosure. Alphatec Holdings, Inc. (the “Company”) gave its previously announced 2024 Investor Day presentation on Tuesday, March 19, 2024 from approximately 3:00 p.m. to 5:00 p.m., ET, in New York City, New York which was simultaneous"
0001193125-23-264201,0001350653,"Alphatec Holdings, Inc.",2023-10-27,2023-10-26T17:31:33-04:00,True,"1.01,7.01,9.01",CORPORATE,CORPORATE,exhibit,"ATEC Announces Pricing of Public Offering of Common Stock CARLSBAD, California, October 24, 2023 – Alphatec Holdings, Inc. (“ATEC”) (NASDAQ: ATEC), a provider of innovative solutions dedicated to revolutionizing the approach to spine surgery, today a"
0001193125-23-261657,0001350653,"Alphatec Holdings, Inc.",2023-10-24,2023-10-24T16:05:56-04:00,True,"2.02,7.01,9.01",CORPORATE,CORPORATE,exhibit,"ATEC Announces Proposed Public Offering of Common Stock CARLSBAD, California, October 24, 2023 – Alphatec Holdings, Inc. (“ATEC”) (NASDAQ: ATEC), a provider of innovative solutions dedicated to revolutionizing the approach to spine surgery, today ann"
0000950170-23-053803,0001350653,"Alphatec Holdings, Inc.",2023-10-17,2023-10-17T17:05:30-04:00,True,"5.02,7.01,9.01",OTHER,,exhibit,"EX-99.1 2 atec-ex99_1.htm EX-99.1 EX-99.1 ATEC Enhances Board with Renowned Spine Prowess Dave Demski appointed to Board of Directors Keith Valentine appointed Special Advisor to Board of Directors CARLSBAD, Calif., October 17, 2023 – Alphatec Holdin"
0000950170-23-007469,0001350653,"Alphatec Holdings, Inc.",2023-03-13,2023-03-13T09:05:53-04:00,False,7.01,OTHER,,primary_item,"Regulation FD Disclosure. On March 10, 2023, Alphatec Holdings, Inc. (the “Company”) became aware that the Federal Deposit Insurance Corporation (“FDIC”) issued a press release stating that Silicon Valley Bank, Santa Clara, California (“SVB”) was clo"
0001564590-22-021227,0001350653,"Alphatec Holdings, Inc.",2022-05-25,2022-05-25T10:58:52-04:00,False,"7.01,9.01",PRESENTATION,PRESENTATION,primary_item,"Regulation FD Disclosure On May 25, 2022, Alphatec Holdings, Inc. (the “Company”) issued a press release regarding its previously announced 2022 Investor Day presentation to be held on Wednesday, May 25, 2022 from approximately 8:15 a.m. to 12:00 p.m"
0001564590-21-037967,0001350653,"Alphatec Holdings, Inc.",2021-07-26,2021-07-26T16:45:44-04:00,True,"5.02,7.01,9.01",CORPORATE,CORPORATE,exhibit,"ATEC Appoints Beth Altman to Board of Directors CARLSBAD, Calif., July 26, 2021 – Alphatec Holdings, Inc. (Nasdaq: ATEC), a provider of innovative solutions dedicated to revolutionizing the approach to spine surgery, announced today that Beth Altman,"
0001564590-21-033642,0001350653,"Alphatec Holdings, Inc.",2021-06-21,2021-06-21T16:36:27-04:00,True,"5.02,5.07,7.01,9.01",CORPORATE,CORPORATE,exhibit,"ATEC Appoints Marie Meynadier, Ph.D., to Board of Directors CARLSBAD, Calif., June 21, 2021 – Alphatec Holdings, Inc. (Nasdaq: ATEC), a provider of innovative solutions dedicated to revolutionizing the approach to spine surgery, announced today that "
0001564590-21-028554,0001350653,"Alphatec Holdings, Inc.",2021-05-18,2021-05-18T09:14:20-04:00,False,"2.01,7.01,9.01",CORPORATE,CORPORATE,exhibit,"STRONG SUCCESS OF THE TENDER OFFER INITIATED BY ALPHATEC HOLDINGS FOR COMMON SHARES AND OCEANES OF EOS IMAGING ATEC secures ~89% of EOS common shares and voting rights as of May 13, 2021 Paris, May 12, 2021– Alphatec Holdings, Inc. (Nasdaq: ATEC) and"
0001564590-21-000928,0001350653,"Alphatec Holdings, Inc.",2021-01-12,2021-01-12T09:15:28-05:00,False,"2.02,7.01,9.01",OTHER,,primary_item,"Results of Operations and Financial Condition On January 12, 2021, Alphatec Holdings, Inc. (the “Company”) issued a press release announcing selected preliminary unaudited financial information for the quarter and full year ended December 31, 2020 (t"
0001193125-20-319487,0001350653,"Alphatec Holdings, Inc.",2020-12-17,2020-12-17T06:07:07-05:00,False,"1.01,2.03,3.02,7.01,9.01",CORPORATE,CORPORATE,exhibit,ATEC Continues to Advance Clinical Prowess with Renewed Agreement to Acquire EOS Imaging • Improves clinical performance in spine by adding unprecedented information to the AlphaInformatiX Platform • Accelerates revenue growth through immediate acces
0001564590-20-018698,0001350653,"Alphatec Holdings, Inc.",2020-04-27,2020-04-27T09:00:34-04:00,False,"1.01,1.02,2.03,7.01,9.01",CORPORATE,CORPORATE,exhibit,ATEC Terminates Agreement to Acquire EOS Imaging ●Ongoing Impacts of COVID-19 Pandemic Constitute “Material Adverse Effect” ●Company Intends to Explore Other Strategic Collaborations with EOS ●Terminates Debt Commitment of up to $160 Million to Finan
0001564590-20-015828,0001350653,"Alphatec Holdings, Inc.",2020-04-08,2020-04-08T09:00:21-04:00,False,"2.02,2.03,7.01,9.01",OTHER,,exhibit,EX-99.1 2 atec-ex991_6.htm EX-99.1 atec-ex991_6.htm ATEC Announces Preliminary First Quarter 2020 Revenue Results And Provides Business Update ● First quarter U.S. revenue growth exceeds 25% ● Continued new product adoption drives accelerated results
0001193125-20-054035,0001350653,"Alphatec Holdings, Inc.",2020-02-28,2020-02-28T06:25:11-05:00,False,"1.01,3.02,7.01,9.01",CORPORATE,CORPORATE,exhibit,"ATEC Announces Agreement to Acquire EOS imaging • Accelerates revenue by creating significant pull-through and cross-selling opportunities via an expanded sales network and combined customer base, including 350+ installed imaging systems • Advances A"
0000950170-24-132302,0001817713,"Janux Therapeutics, Inc.",2024-12-02,2024-12-02T17:10:46-05:00,True,"7.01,8.01,9.01",CLINICAL,CLINICAL,exhibit,Janux Announces Doses Selected for Phase 1b Expansion Trials Supported by Encouraging Efficacy and Safety Profile Observed in Phase 1a Dose Escalation for JANX007 in mCRPC • Emerging JANX007 data demonstrated substantial clinical activity in 5L mCRPC
0000950170-24-020183,0001817713,"Janux Therapeutics, Inc.",2024-02-26,2024-02-26T16:23:58-05:00,True,"7.01,9.01",PRESENTATION,PRESENTATION,primary_item,"Regulation FD Disclosure. On February 26, 2024, the Company issued a press release announcing interim clinical data and is also making available a corporate presentation reporting interim clinical data. Copies of the press release and the corporate p"
0001193125-23-187702,0001817713,"Janux Therapeutics, Inc.",2023-07-17,2023-07-17T08:06:01-04:00,False,"2.02,7.01,8.01,9.01",CLINICAL,CLINICAL,exhibit,Janux Therapeutics Announces Positive Interim Clinical Data from Phase 1a Dose Escalation for PSMA-TRACTr JANX007 and an Update on Pipeline Programs • Multiple patients treated with PSMA-TRACTr JANX007 have achieved meaningful PSA drops coupled with 
0001193125-23-067513,0001422143,"Kura Oncology, Inc.",2023-03-10,2023-03-10T15:25:33-05:00,False,7.01,OTHER,,primary_item,"Regulation FD Disclosure. Kura Oncology, Inc. (“Kura”) is aware of media reports indicating a possible liquidity concern at Silicon Valley Bank (“SVB”). Kura considers its exposure to any liquidity concern at SVB as immaterial. The information in thi"
0001193125-22-276373,0001422143,"Kura Oncology, Inc.",2022-11-03,2022-11-03T07:16:03-04:00,False,"1.01,2.03,3.02,7.01,9.01",CORPORATE,CORPORATE,exhibit,"Kura Oncology Announces Financing Transactions with Bristol Myers Squibb and Hercules Capital, Providing Access to up to $150 Million – $25 million equity investment from Bristol Myers Squibb at $18.25 per share – – Term loan facility from Hercules C"
0001564590-20-050279,0001422143,"Kura Oncology, Inc.",2020-11-04,2020-11-04T11:23:46-05:00,False,"7.01,9.01",CLINICAL,"CLINICAL,REGULATORY",exhibit,Abstract accepted for oral presentation at the 62nd American Society of Hematology Annual Meeting Preliminary data on a Phase 1/2A first in human study of the menin-KMT2A (MLL) inhibitor KO-539 in patients with relapsed or refractory acute myeloid le
0001564590-20-000890,0001422143,"Kura Oncology, Inc.",2020-01-13,2020-01-13T08:00:38-05:00,False,"7.01,9.01",PRESENTATION,PRESENTATION,exhibit,"EX-99.1 2 kura-ex991_10.htm EX-99.1 kura-ex991_10.pptx.htm Developing Precision Medicines for the Treatment of Cancer J.P. Morgan Healthcare Conference January 13-16, 2020 Exhibit 99.1 Forward-Looking Statements This presentation contains forward-loo"
0001564590-19-000287,0001422143,"Kura Oncology, Inc.",2019-01-07,2019-01-07T08:30:47-05:00,False,"7.01,9.01",PRESENTATION,PRESENTATION,exhibit,EX-99.1 2 kura-ex991_7.htm EX-99.1 kura-ex991_7.pptx.htm Corporate Presentation January 2019 Developing Precision Medicines for the Treatment of Cancer Exhibit 99.1 Forward-Looking Statements This presentation contains forward-looking statements. Suc
0001193125-25-273317,0001906324,QuidelOrtho Corp,2025-11-10,2025-11-10T08:02:30-05:00,False,"7.01,9.01",CORPORATE,CORPORATE,exhibit,"November 10, 2025 QuidelOrtho Third Quarter 2025 Financial Results Dear QuidelOrtho Shareholders, With the publication of our third quarter results last Wednesday, I wanted to share some updates with you on the progress we’ve made at QuidelOrtho, and"
0001906324-24-000025,0001906324,QuidelOrtho Corp,2024-05-07,2024-05-07T16:14:37-04:00,True,"5.02,7.01,9.01",CORPORATE,CORPORATE,exhibit,"QuidelOrtho Appoints Brian J. Blaser as President and Chief Executive Officer Brings More Than Two Decades of Leadership Experience in the In-Vitro Diagnostics Industry SAN DIEGO, CA May 2, 2024– QuidelOrtho Corporation (Nasdaq: QDEL) (the “Company” "
0001906324-24-000006,0001906324,QuidelOrtho Corp,2024-02-16,2024-02-16T07:00:20-05:00,False,7.01,CORPORATE,CORPORATE,primary_item,"Regulation FD Disclosure. On February 13, 2024, QuidelOrtho Corporation (“QuidelOrtho” or the “Company”) issued a press release announcing the financial results for its fourth quarter and full year ended December 31, 2023, which included QuidelOrtho’"
0001906324-22-000004,0001906324,QuidelOrtho Corp,2022-07-07,2022-07-07T17:02:26-04:00,True,"7.01,9.01",CORPORATE,CORPORATE,primary_item,"Regulation FD Disclosure. As previously disclosed, on May 27, 2022, pursuant to a Business Combination Agreement entered into as of December 22, 2021, by and among Quidel Corporation (“Quidel”), Ortho Clinical Diagnostics Holdings plc (“Ortho”), Quid"
0000950170-25-105008,0001807120,"Design Therapeutics, Inc.",2025-08-07,2025-08-07T16:08:29-04:00,True,"2.02,7.01",CORPORATE,CORPORATE,exhibit,Design Therapeutics Highlights Progress Across Lead GeneTAC ® Programs and Reports Second Quarter 2025 Financial Results Early Human Pharmacokinetics Data for DT-216P2 Demonstrates Favorable Translation from non-human primates (NHPs) to Humans and Im
0000950170-25-004612,0001807120,"Design Therapeutics, Inc.",2025-01-13,2025-01-13T09:09:12-05:00,False,"7.01,9.01",NO_TEXT,,exhibit,
0001140361-25-032295,0001124105,"GYRE THERAPEUTICS, INC.",2025-08-22,2025-08-22T07:05:42-04:00,False,"5.02,7.01,9.01",CORPORATE,CORPORATE,exhibit,"Exhibit 99.1 Gyre Therapeutics Announces the Appointment of Dan Weng, M.D., to Board of Directors SAN DIEGO, August 22, 2025 (GLOBE NEWSWIRE) – Gyre Therapeutics (“Gyre”) (Nasdaq: GYRE), an innovative, commercial-stage biopharmaceutical company dedic"
0000950170-25-106525,0001124105,"GYRE THERAPEUTICS, INC.",2025-08-11,2025-08-11T16:00:57-04:00,True,"2.02,5.02,7.01,9.01",CORPORATE,CORPORATE,exhibit,"Gyre Therapeutics Reports Second Quarter 2025 and Year-to-Date Financial Results and Provides Business and Leadership Update Net income of $1.6 million and $5.3 million for the three and six months ended June 30, 2025, respectively; reaffirms full-ye"
0001140361-25-020157,0001124105,"GYRE THERAPEUTICS, INC.",2025-05-22,2025-05-22T16:01:49-04:00,True,"7.01,8.01,9.01",CLINICAL,CLINICAL,exhibit,Exhibit 99.1 Gyre Therapeutics’ Hydronidone Met the Primary Endpoint and Demonstrated Statistically Significant Fibrosis Regression in Pivotal Phase 3 Trial for the Treatment of CHB-associated Liver Fibrosis in China • Achieved statistically signific
0001140361-25-015880,0001124105,"GYRE THERAPEUTICS, INC.",2025-04-28,2025-04-28T07:05:24-04:00,False,"7.01,9.01",PRESENTATION,PRESENTATION,exhibit,Exhibit 99.1 Corporate Presentation April 2025 Developing Anti-Fibrotic Therapeutics for Chronic Organ Diseases Forward Looking Statements This presentation contains “forward-looking statements” within the meaning of the federal securities laws regar
0001140361-25-004957,0001124105,"GYRE THERAPEUTICS, INC.",2025-02-18,2025-02-18T06:01:21-05:00,False,"2.02,7.01,9.01",CORPORATE,CORPORATE,exhibit,Exhibit 99.1 GNI Group Ltd. (2160) FY2024 Consolidated Financial Results The following information was originally prepared and published by GNI Group Ltd. in Japanese as it contains timely disclosure materials to be submitted to the Tokyo Stock Excha
0001140361-25-000292,0001124105,"GYRE THERAPEUTICS, INC.",2025-01-06,2025-01-06T07:05:30-05:00,False,"5.02,7.01,9.01",CORPORATE,CORPORATE,exhibit,"Exhibit 99.1 Gyre Therapeutics Announces the Appointment of Ping Zhang to Board of Directors SAN DIEGO, January 6, 2025 (GLOBE NEWSWIRE) – Gyre Therapeutics (“Gyre”) (Nasdaq: GYRE), a self-sustainable, commercial-stage biotechnology company with clin"
0001140361-24-036404,0001124105,"GYRE THERAPEUTICS, INC.",2024-08-08,2024-08-08T16:14:43-04:00,True,"5.02,7.01,8.01,9.01",CORPORATE,CORPORATE,exhibit,"Exhibit 99.1 Gyre Therapeutics Announces Appointment of David M. Epstein, Ph.D., to Board of Directors SAN DIEGO, Aug. 8, 2024 (GLOBE NEWSWIRE) – Gyre Therapeutics (“ Gyre”) (Nasdaq: GYRE), a self-sustainable, commercial-stage biotechnology company w"
0001140361-24-028106,0001124105,"GYRE THERAPEUTICS, INC.",2024-05-30,2024-05-30T16:05:20-04:00,True,"7.01,8.01,9.01",CORPORATE,CORPORATE,exhibit,"Exhibit 99.1 Gyre Pharmaceuticals Receives IND Approval from China’s NMPA to Evaluate F230 for the Treatment of Pulmonary Arterial Hypertension SAN DIEGO, May 30 , 2024 (GLOBE NEWSWIRE) – Gyre Therapeutics (“Gyre”) (Nasdaq: GYRE), a clinical-stage, s"
0001140361-24-024799,0001124105,"GYRE THERAPEUTICS, INC.",2024-05-08,2024-05-08T08:00:22-04:00,False,"7.01,8.01,9.01",OTHER,,exhibit,"Exhibit 99.1 Notification of Conclusion of License Agreement by Gyre Pharmaceuticals Co. GNI Group (“the Company”) is pleased to announce that Gyre Pharmaceuticals Co. Ltd., aka Beijing Continent Pharmaceuticals Co., Ltd. (“BC”), a consolidated subsi"
0001140361-24-014493,0001124105,"GYRE THERAPEUTICS, INC.",2024-03-21,2024-03-21T07:15:51-04:00,False,"5.02,7.01,9.01",CORPORATE,CORPORATE,exhibit,"Exhibit 99.1 Gyre Therapeutics Expands Board of Directors with Appointment of Rodney L. Nussbaum SAN DIEGO, Mar. 21, 2024 (GLOBE NEWSWIRE) – Gyre Therapeutics (“Gyre”) (Nasdaq: GYRE), a clinical-stage biotechnology company developing anti-fibrotic th"
0001140361-24-008051,0001124105,"GYRE THERAPEUTICS, INC.",2024-02-14,2024-02-14T17:16:03-05:00,True,"2.02,7.01,9.01",OTHER,,exhibit,Exhibit 99.1 The following information was originally prepared and published by GNI Group Ltd. in Japanese as it contains timely disclosure materials to be submitted to the Tokyo Stock Exchange. This English summary translation is for reference purpo
0001140361-23-056503,0001124105,"GYRE THERAPEUTICS, INC.",2023-12-06,2023-12-06T16:01:15-05:00,True,"7.01,9.01",OTHER,,exhibit,"Exhibit 99.1 Dec 6, 2023 Company Name: GNI Group Ltd. Representative: Director, Representative Executive Officer, President and CEO Ying Luo, PhD (Security Code: 2160, TSE Growth) Contact Person: Chief Financial Officer Toshiya Kitagawa (TEL. 03-6214"
0001140361-23-053086,0001124105,"GYRE THERAPEUTICS, INC.",2023-11-14,2023-11-14T07:01:22-05:00,False,"7.01,9.01",OTHER,,exhibit,"Exhibit 99.1 Quarterly Report (3Q of 23rd Fiscal Period) July 1, 2023 To September 30, 2023 GNI Group Ltd. 2-2, Nihonbashi-Honcho 2-chome, Chuo-ku, Tokyo - 1 - Contents [Cover] 3 1st Section [Corporate Information] 4 1st [Overview of the Company] 4 1"
0001140361-23-052715,0001124105,"GYRE THERAPEUTICS, INC.",2023-11-13,2023-11-13T07:01:19-05:00,False,"7.01,9.01",CORPORATE,CORPORATE,exhibit,"Exhibit 99.1 Gyre Therapeutics Presents Poster at the American Association for the Study of Liver Diseases (AASLD) Annual Liver Meeting SAN DIEGO, Calif., Nov. 13, 2023 – Gyre Therapeutics (“Gyre”) (NASDAQ: GYRE), a clinical-stage biotechnology compa"
0001140361-23-051485,0001124105,"GYRE THERAPEUTICS, INC.",2023-11-06,2023-11-06T06:06:32-05:00,False,"7.01,9.01",OTHER,,exhibit,"Exhibit 99.1 Nov 6, 2023 Company Name: GNI Group Ltd. Representative: Director, Representative Executive Officer, President and CEO Ying Luo, PhD (Security Code: 2160, TSE Growth) Contact Person: Chief Financial Officer Toshiya Kitagawa (TEL. 03-6214"
0001140361-23-050292,0001124105,"GYRE THERAPEUTICS, INC.",2023-10-30,2023-10-30T17:17:21-04:00,True,"1.01,2.01,3.02,3.03,5.01,5.02,5.03,5.05,7.01,9.01",CORPORATE,CORPORATE,exhibit,"Exhibit 99.1 CATALYST BIOSCIENCES ANNOUNCES COMPLETION OF BUSINESS COMBINATION WITH BEIJING CONTINENT PHARMACEUTICALS AND IMPLEMENTATION OF NAME CHANGE AND REVERSE STOCK SPLIT October 30, 2023 at 12:00 PM EDT The combined company will operate as “Gyr"
0001140361-23-050007,0001124105,"GYRE THERAPEUTICS, INC.",2023-10-27,2023-10-27T17:27:49-04:00,True,"7.01,9.01",OTHER,,exhibit,"Exhibit 99.1 October 26, 2023 Company Name: GNI Group Ltd. Representative: Director, Representative Executive Officer, President and CEO Ying Luo, PhD (Security Code: 2160, TSE Growth) Contact Person: Chief Financial Officer Toshiya Kitagawa (TEL. 03"
0001140361-23-012659,0001124105,"GYRE THERAPEUTICS, INC.",2023-03-21,2023-03-21T06:03:53-04:00,False,"7.01,9.01",PRESENTATION,PRESENTATION,exhibit,Exhibit 99.1 Catalyst Biosciences Corporate Presentation 20 March 2023 2 © Catalyst Biosciences Cautionary Note Regarding Forward-Looking Statements This presentation contains “forward-looking statements” within the meaning of the federal securities 
0001140361-22-046943,0001124105,"GYRE THERAPEUTICS, INC.",2022-12-27,2022-12-27T07:00:33-05:00,False,"1.01,2.01,3.02,5.02,5.03,7.01,8.01,9.01",CLINICAL,CLINICAL,exhibit,"Exhibit 99.1 Catalyst Biosciences Completes First Steps in Reverse Merger Plan Acquires F351, a Phase 3 Drug to Treat Fibrosis Will Acquire Controlling Interest in Continent, a China-Based Commercial Pharma Company, from the GNI Group in Subsequent T"
0001140361-22-025671,0001124105,"GYRE THERAPEUTICS, INC.",2022-07-11,2022-07-11T10:45:57-04:00,False,"7.01,9.01",OTHER,,exhibit,Exhibit 99.1
0001193125-22-007230,0001124105,"GYRE THERAPEUTICS, INC.",2022-01-12,2022-01-12T06:31:09-05:00,False,"7.01,9.01",PRESENTATION,PRESENTATION,exhibit,EX-99.1 2 d269001dex991.htm EX-99.1 EX-99.1 CATALYST BIOSCIENCES Corporate Overview 12 January 2022 Exhibit 99.1 © Catalyst Biosciences Forward looking statements Certain information contained in this presentation and statements made orally during th
0001193125-21-285231,0001124105,"GYRE THERAPEUTICS, INC.",2021-09-28,2021-09-28T13:22:00-04:00,False,"7.01,9.01",PRESENTATION,PRESENTATION,exhibit,EX-99.1 2 d217360dex991.htm EX-99.1 EX-99.1 CATALYST BIOSCIENCES Corporate Overview 28 September 2021 Exhibit 99.1 Forward looking statements Certain information contained in this presentation and statements made orally during this presentation inclu
0001193125-21-265927,0001124105,"GYRE THERAPEUTICS, INC.",2021-09-07,2021-09-07T06:07:20-04:00,False,"7.01,9.01",PRESENTATION,PRESENTATION,exhibit,Nasdaq: CBIO CATALYST BIOSCIENCES Corporate Overview 7 September 2021 CatalystBiosciences.comExhibit 99.1 Nasdaq: CBIO CATALYST BIOSCIENCES Corporate Overview 7 September 2021 CatalystBiosciences.com Forward looking statements Certain information con
0001193125-21-237049,0001124105,"GYRE THERAPEUTICS, INC.",2021-08-05,2021-08-05T08:07:16-04:00,False,"2.02,7.01,9.01",CORPORATE,CORPORATE,exhibit,"Catalyst Biosciences Reports Second Quarter 2021 Operating & Financial Results and Provides a Corporate Update SOUTH SAN FRANCISCO, Calif. – August 5, 2021 – Catalyst Biosciences, Inc. (NASDAQ: CBIO) today announced its operating and financial result"
0001193125-21-218332,0001124105,"GYRE THERAPEUTICS, INC.",2021-07-19,2021-07-19T12:24:00-04:00,False,"7.01,9.01",CORPORATE,CORPORATE,exhibit,Nasdaq: CBIO HARNESSING THE CATALYTIC POWER OF PROTEASES Complement R&D Day 19 July 2021 CatalystBiosciences.comExhibit 99.1 Nasdaq: CBIO HARNESSING THE CATALYTIC POWER OF PROTEASES Complement R&D Day 19 July 2021 CatalystBiosciences.com Forward-look
0001193125-21-152579,0001124105,"GYRE THERAPEUTICS, INC.",2021-05-06,2021-05-06T08:06:54-04:00,False,"2.02,7.01,9.01",CORPORATE,CORPORATE,exhibit,"Catalyst Biosciences Reports First Quarter 2021 Operating & Financial Results and Provides a Corporate Update SOUTH SAN FRANCISCO, Calif. – May 6, 2021 – Catalyst Biosciences, Inc. (NASDAQ: CBIO) today announced its operating and financial results fo"
0001193125-21-150867,0001124105,"GYRE THERAPEUTICS, INC.",2021-05-05,2021-05-05T08:06:01-04:00,False,"7.01,9.01",CLINICAL,CLINICAL,exhibit,"Catalyst Biosciences Announces First Patient Dosed in Pivotal Phase 3 Registration Study of SQ MarzAA in Individuals with Hemophilia A or B with Inhibitors SOUTH SAN FRANCISCO, Calif. – May 5, 2021 – Catalyst Biosciences, Inc. (NASDAQ: CBIO) today an"
0001193125-21-066564,0001124105,"GYRE THERAPEUTICS, INC.",2021-03-03,2021-03-03T07:01:19-05:00,False,"7.01,9.01",PRESENTATION,PRESENTATION,exhibit,EX-99.1 2 d134078dex991.htm EX-99.1 EX-99.1 CATALYST BIOSCIENCES © Catalyst Biosciences Corporate Overview 3 March 2021 Exhibit 99.1 © Catalyst Biosciences Forward looking statements Certain information contained in this presentation and statements m
0001193125-21-017716,0001124105,"GYRE THERAPEUTICS, INC.",2021-01-26,2021-01-26T16:16:14-05:00,True,"7.01,9.01",PRESENTATION,PRESENTATION,exhibit,EX-99.1 2 d52994dex991.htm EX-99.1 EX-99.1 CATALYST BIOSCIENCES © Catalyst Biosciences Corporate Overview 26 January 2021 Exhibit 99.1 © Catalyst Biosciences Forward looking statements Certain information contained in this presentation and statements
0001193125-20-316662,0001124105,"GYRE THERAPEUTICS, INC.",2020-12-14,2020-12-14T11:50:50-05:00,False,"7.01,9.01",OTHER,,exhibit,EX-99.1 2 d92742dex991.htm EX-99.1 EX-99.1 Catalyst Biosciences © Catalyst Biosciences Complement R&D Day 14 December 2020 Exhibit 99.1 © Catalyst Biosciences Overview & KOL introduction Catalyst’s complement program Virtual complement R&D day agenda
0001193125-20-295393,0001124105,"GYRE THERAPEUTICS, INC.",2020-11-17,2020-11-17T06:07:07-05:00,False,"7.01,9.01",PRESENTATION,PRESENTATION,exhibit,Nasdaq: CBIO CATALYST BIOSCIENCES Corporate Overview 17 November 2020 CatalystBiosciences.com © Catalyst BiosciencesExhibit 99.1 Nasdaq: CBIO CATALYST BIOSCIENCES Corporate Overview 17 November 2020 CatalystBiosciences.com © Catalyst Biosciences Forw
0001193125-20-248122,0001124105,"GYRE THERAPEUTICS, INC.",2020-09-17,2020-09-17T16:52:07-04:00,True,"7.01,9.01",PRESENTATION,PRESENTATION,exhibit,Nasdaq: CBIO CATALYST BIOSCIENCES Corporate Overview 17 September 2020 CatalystBiosciences.com © Catalyst Biosciences Forward looking statements This presentation includes forward-looking statements that involve substantial risks and uncertainties Al
0001193125-20-172413,0001124105,"GYRE THERAPEUTICS, INC.",2020-06-18,2020-06-18T16:02:13-04:00,True,"7.01,9.01",PRESENTATION,PRESENTATION,exhibit,CATALYST BIOSCIENCES Corporate Overview 18 June 2020 1Exhibit 99.1 CATALYST BIOSCIENCES Corporate Overview 18 June 2020 1 Nasdaq: CBIO Forward looking statements Various important factors could cause actual results or events to differ This presentati
0001193125-20-027470,0001124105,"GYRE THERAPEUTICS, INC.",2020-02-07,2020-02-07T08:39:40-05:00,False,"7.01,9.01",PRESENTATION,PRESENTATION,exhibit,CATALYST BIOSCIENCES Corporate Overview 7 February 2020 Forward looking statements Nasdaq: CBIO This presentation includes forward-looking statements Various important factors could cause actual results or that involve substantial risks and uncertain
0001193125-20-003521,0001124105,"GYRE THERAPEUTICS, INC.",2020-01-08,2020-01-08T08:30:43-05:00,False,"7.01,9.01",PRESENTATION,PRESENTATION,exhibit,EX-99.1 2 d864860dex991.htm EX-99.1 EX-99.1 CATALYST BIOSCIENCES Corporate Overview 8 January 2020 Exhibit 99.1 Forward looking statements This presentation includes forward-looking statements that involve substantial risks and uncertainties. All sta
0001437749-25-029349,0001855175,"Contineum Therapeutics, Inc.",2025-09-18,2025-09-18T08:16:26-04:00,False,"7.01,8.01,9.01",CLINICAL,CLINICAL,primary_item,"Regulation FD Disclosure. On September 18, 2025, the Company issued a press release titled “Contineum Therapeutics Reports Positive Topline Data from Phase 1b Positron Emission Tomography (PET) Trial of PIPE-791.” A copy of the press release is furni"
0001193125-25-273107,0001671858,"ARS Pharmaceuticals, Inc.",2025-11-10,2025-11-10T06:02:51-05:00,False,"2.02,7.01,9.01",CORPORATE,CORPORATE,exhibit,"ARS Pharmaceuticals Reports Third Quarter 2025 Financial Results and Highlights for neffy ® (epinephrine nasal spray) $32.5 million in revenue, including $31.3 million in neffy U.S. net product revenue in third quarter of 2025 Continued U.S. product "
0000950170-25-107617,0001671858,"ARS Pharmaceuticals, Inc.",2025-08-13,2025-08-13T07:02:11-04:00,False,"2.02,7.01,9.01",CORPORATE,CORPORATE,primary_item,"Results of Operations and Financial Condition. On August 13, 2025, ARS Pharmaceuticals, Inc. (the “Company”) announced its financial results for the quarter ended June 30, 2025 in the press release attached hereto as Exhibit 99.1 and incorporated her"
0001193125-25-005014,0001671858,"ARS Pharmaceuticals, Inc.",2025-01-13,2025-01-13T08:08:13-05:00,False,"2.02,7.01,9.01",CORPORATE,CORPORATE,exhibit,"ARS Pharmaceuticals Announces Preliminary Fourth Quarter 2024 Financial Results and 2025 Objectives for neffy ® (epinephrine nasal spray) Preliminary fourth quarter neffy ® net product revenue of approximately $6.5 million Preliminary cash, cash equi"
0001193125-24-198384,0001671858,"ARS Pharmaceuticals, Inc.",2024-08-12,2024-08-12T07:59:39-04:00,False,"7.01,8.01,9.01",PRESENTATION,PRESENTATION,exhibit,"ARS Update neffy® Approval August 12, 2024 Forward-looking statements Statements in this presentation that are not purely historical in nature are “forward-looking statements” within the meaning of the Private Securities Litigation Reform Act of 1995"
0001193125-24-172166,0001671858,"ARS Pharmaceuticals, Inc.",2024-06-28,2024-06-28T15:15:56-04:00,False,"7.01,9.01",PRESENTATION,PRESENTATION,exhibit,"EX-99.1 2 d835427dex991.htm EX-99.1 EX-99.1 ARS Corporate Presentation June 28, 2024 Exhibit 99.1 Forward-looking statements Statements in this presentation that are not purely historical in nature are “forward-looking statements” within the meaning "
0001193125-24-171204,0001671858,"ARS Pharmaceuticals, Inc.",2024-06-28,2024-06-28T06:46:32-04:00,False,"7.01,8.01,9.01",PRESENTATION,PRESENTATION,exhibit,"EX-99.1 2 d860381dex991.htm EX-99.1 EX-99.1 ARS Corporate Presentation June 28, 2024 Exhibit 99.1 Forward-looking statements Statements in this presentation that are not purely historical in nature are “forward-looking statements” within the meaning "
0001193125-24-135721,0001671858,"ARS Pharmaceuticals, Inc.",2024-05-10,2024-05-10T07:01:05-04:00,False,"7.01,9.01",PRESENTATION,PRESENTATION,exhibit,EX-99.1 2 d820291dex991.htm EX-99.1 EX-99.1 ARS Corporate Presentation Q2 2024 Exhibit 99.1 Forward Looking Statements Statements in this presentation that are not purely historical in nature are “forward-looking statements” within the meaning of the
0001193125-24-061842,0001671858,"ARS Pharmaceuticals, Inc.",2024-03-07,2024-03-07T12:56:52-05:00,False,"2.02,7.01,9.01",PRESENTATION,PRESENTATION,exhibit,"neffy Investor Day March 7, 2024 Forward Looking Statements Statements in this presentation that are not purely historical in nature are “forward-looking statements” within the meaning of the Private Securities Litigation Reform Act of 1995. Forward-"
0001193125-23-241345,0001671858,"ARS Pharmaceuticals, Inc.",2023-09-25,2023-09-25T16:17:04-04:00,True,"7.01,9.01",PRESENTATION,PRESENTATION,exhibit,"EX-99.1 2 d557739dex991.htm EX-99.1 EX-99.1 ARS Corporate Presentation Q4 2023 Exhibit 99.1 Forward looking statements This presentation contains forward-looking statements which include, but are not limited to, statements regarding: ARS’s ability to"
0001193125-23-146147,0001671858,"ARS Pharmaceuticals, Inc.",2023-05-16,2023-05-16T16:31:16-04:00,True,"7.01,9.01",PRESENTATION,PRESENTATION,exhibit,"EX-99.1 2 d434574dex991.htm EX-99.1 EX-99.1 THE FIRST NO-NEEDLE, NO-INJECTION SOLUTION for Type I Allergic Reactions Q2 2023 Exhibit 99.1 Forward-looking statements This presentation contains forward-looking statements which include, but are not limi"
0001193125-23-139053,0001671858,"ARS Pharmaceuticals, Inc.",2023-05-09,2023-05-09T09:12:20-04:00,False,"7.01,9.01",REGULATORY,REGULATORY,exhibit,FDA Briefing Document NDA/BLA# 214697 Drug name: ARS-1 (intranasal epinephrine) Applicant: ARS Pharmaceuticals Pulmonary-Allergy Drug Advisory Committee Meeting FDA has posted an Addendum to Briefing Document on its website that was circulated to mem
0001193125-23-068584,0001671858,"ARS Pharmaceuticals, Inc.",2023-03-13,2023-03-13T09:26:06-04:00,False,"7.01,9.01",PRESENTATION,PRESENTATION,exhibit,"THE FIRST NO-NEEDLE, NO-INJECTION SOLUTION for Type I Allergic Reactions Q1 2023 1 Forward looking statements This presentation contains forward-looking statements which include, but are not limited to, statements regarding the design and potential b"
0001193125-23-036914,0001671858,"ARS Pharmaceuticals, Inc.",2023-02-14,2023-02-14T06:12:16-05:00,False,"2.02,7.01,9.01",PRESENTATION,PRESENTATION,exhibit,"EX-99.1 2 d430763dex991.htm EX-99.1 EX-99.1 THE FIRST NO-NEEDLE, NO-INJECTION SOLUTION for Type I Allergic Reactions Q1 2023 Exhibit 99.1 Forward looking statements This presentation contains forward-looking statements which include, but are not limi"
0001193125-22-299482,0001671858,"ARS Pharmaceuticals, Inc.",2022-12-06,2022-12-06T17:07:27-05:00,True,"7.01,9.01",OTHER,,primary_item,"Regulation FD Disclosure On December 6, 2022, ARS Pharmaceuticals, Inc. (the “Company”) updated its corporate slide presentation for use in meetings with investors, analysts and others. The presentation is available through the Company’s website and "
0001193125-21-274662,0001671858,"ARS Pharmaceuticals, Inc.",2021-09-16,2021-09-16T07:37:13-04:00,False,"7.01,9.01",PRESENTATION,PRESENTATION,exhibit,"Exhibit 99.1 Forward-looking statements and disclaimers Any reproduction or distribution of this presentation, in whole or in part, or the disclosure of any of its contents is prohibited. This presentation includes certain forward-looking statements "
0001193125-21-270925,0001671858,"ARS Pharmaceuticals, Inc.",2021-09-13,2021-09-13T08:06:03-04:00,False,"7.01,9.01",CLINICAL,CLINICAL,exhibit,"Title: Results of an ongoing Phase 1/1b study of SBT6050 as monotherapy and combined with pembrolizumab in patients with advanced HER2-expressing or amplified solid tumors Samuel J. Klempner 1 , Muralidhar Beeram 2 , Dhanusha Sabanathan 3 , Arlene Ch"
0001104659-25-087286,0001855644,Zura Bio Ltd,2025-09-04,2025-09-04T06:32:35-04:00,False,"7.01,9.01",PRESENTATION,PRESENTATION,exhibit,Exhibit 99.1 Advancing Dual - Pathway Biologic Candidates in Autoimmune and Inflammatory Diseases September 2025 Nasdaq Ticker: ZURA ©2025 Zura Bio Ltd. 2 Forward Looking Statements Disclaimer This communication includes “forward - looking statements
0001104659-25-080521,0001855644,Zura Bio Ltd,2025-08-20,2025-08-20T07:03:35-04:00,False,"7.01,9.01",CORPORATE,CORPORATE,exhibit,"Exhibit 99.1 Zura Bio to Participate in the Cantor Fitzgerald Global Healthcare Conference HENDERSON, Nev. – (BUSINESS WIRE) – August 20, 2025 - Zura Bio Limited (Nasdaq: ZURA) (“Zura Bio” or the “Company”), a clinical-stage, multi-asset immunology c"
0001104659-25-064427,0001855644,Zura Bio Ltd,2025-07-01,2025-07-01T07:47:29-04:00,False,"5.02,7.01,9.01",CORPORATE,CORPORATE,exhibit,"Exhibit 99.1 Zura Bio Announces Chief Financial Officer Transition HENDERSON, NV - (BUSINESS WIRE) – July 1, 2025 - Zura Bio Limited (Nasdaq: ZURA) (“Zura Bio”), a clinical-stage, multi-asset immunology company developing novel dual-pathway antibodie"
0001104659-25-056205,0001855644,Zura Bio Ltd,2025-06-04,2025-06-04T06:30:40-04:00,False,"7.01,9.01",CORPORATE,CORPORATE,exhibit,"Exhibit 99.1 Advancing Dual-Pathway Biologic Candidates Addressing Unmet Needs in Autoimmune and Inflammatory Diseases Jefferies Global Healthcare Conference 2025 Wednesday, June 4, 2025 New York City #JefferiesHealthcare Nasdaq Ticker: ZURA ©2025 Zu"
0001104659-25-052682,0001855644,Zura Bio Ltd,2025-05-27,2025-05-27T06:45:30-04:00,False,"7.01,9.01",CORPORATE,CORPORATE,exhibit,"Exhibit 99.1 Zura Bio to Present at the Jefferies Global Healthcare Conference HENDERSON, Nev. – (BUSINESS WIRE) – May 27, 2025 - Zura Bio Limited (Nasdaq: ZURA) (“Zura Bio” or the “Company”), a clinical-stage, multi-asset immunology company developi"
0001104659-25-050715,0001855644,Zura Bio Ltd,2025-05-20,2025-05-20T06:35:21-04:00,False,"7.01,9.01",CLINICAL,CLINICAL,exhibit,Exhibit 99.1 Zura Bio Launches Global Phase 2 TibuSHIELD Study to Evaluate Tibulizumab in Adults with Hidradenitis Suppurativa · TibuSHIELD has launched with the activation of its first clinical site · This study is the first to evaluate dual inhibit
0001104659-25-027815,0001855644,Zura Bio Ltd,2025-03-25,2025-03-25T16:59:38-04:00,True,"7.01,9.01",PRESENTATION,PRESENTATION,exhibit,Exhibit 99.1 ©2025 Zura Bio Ltd. Nasdaq Ticker: ZURA Advancing Dual - Pathway Biologic Candidates: Addressing Unmet Needs in Autoimmune and Inflammatory Diseases March 2025 ©2025 Zura Bio Ltd. 2 Forward Looking Statements Disclaimer This communicatio
0001104659-25-016345,0001855644,Zura Bio Ltd,2025-02-24,2025-02-24T06:45:32-05:00,False,"7.01,9.01",CORPORATE,CORPORATE,exhibit,"Exhibit 99.1 Zura Bio to Present at the Leerink Partners Global Healthcare Conference HENDERSON, Nev. – (BUSINESS WIRE) – February 24, 2025 - Zura Bio Limited (Nasdaq: ZURA) (“Zura Bio”), a clinical stage, multi-asset immunology company developing no"
0001104659-25-002833,0001855644,Zura Bio Ltd,2025-01-13,2025-01-13T06:45:39-05:00,False,"7.01,9.01",PRESENTATION,PRESENTATION,exhibit,Exhibit 99.1 ©2025 Zura Bio Ltd. Nasdaq Ticker: ZURA Advancing Dual - Pathway Biologic Candidates: Addressing Unmet Needs in Autoimmune and Inflammatory Diseases January 2025 ©2024 Zura Bio Ltd. 2 Forward Looking Statements Disclaimer This communicat
0001104659-24-131037,0001855644,Zura Bio Ltd,2024-12-23,2024-12-23T06:45:28-05:00,False,"7.01,9.01",CLINICAL,CLINICAL,exhibit,Exhibit 99.1 Zura Bio Launches Global Phase 2 TibuSURE Study to Evaluate Tibulizumab in Adults with Systemic Sclerosis · TibuSURE is the first clinical trial designed to investigate anti-BAFF and IL-17 pathways in systemic sclerosis. · TibuSURE launc
0001104659-24-122350,0001855644,Zura Bio Ltd,2024-11-25,2024-11-25T06:45:19-05:00,False,"7.01,9.01",OTHER,,primary_item,"Regulation FD Disclosure. On November 25, 2024, Zura Bio Limited (“ ZURA ”, the “ Company ”) issued the press release attached hereto as Exhibit 99.1 to this Current Report on Form 8-K. By filing this Current Report on Form 8-K and furnishing the inf"
0001104659-24-119079,0001855644,Zura Bio Ltd,2024-11-14,2024-11-14T16:45:45-05:00,True,"7.01,9.01",CLINICAL,"CLINICAL,REGULATORY",exhibit,"Exhibit 99.1 Zura Bio Announces Submission of Protocol to U.S. Food and Drug Administration for the Phase 2 Study of Tibulizumab in Adults with Systemic Sclerosis HENDERSON, Nev. – (BUSINESS WIRE) – November 14, 2024 – Zura Bio Limited (Nasdaq: ZURA)"
0001104659-24-112402,0001855644,Zura Bio Ltd,2024-10-30,2024-10-30T06:50:20-04:00,False,"7.01,9.01",CORPORATE,CORPORATE,exhibit,"Exhibit 99.1 Zura Bio to Participate in Two Upcoming Investor Conferences in November HENDERSON, Nev. – (BUSINESS WIRE) – October 30, 2024 - Zura Bio Limited (Nasdaq: ZURA) (“Zura Bio”), a clinical stage, multi-asset immunology company developing nov"
0001104659-24-098158,0001855644,Zura Bio Ltd,2024-09-09,2024-09-09T16:22:58-04:00,True,"7.01,9.01",PRESENTATION,PRESENTATION,exhibit,"Exhibit 99.1 ©2024 Zura Bio Ltd. Nasdaq Ticker: ZURA Three Unique Dual-Pathway Biologics, Clinically Validated for Therapeutic Areas with Unmet Needs September 2024 ©2024 Zura Bio Ltd. 2 Forward Looking Statements Disclaimer This communication includ"
0001104659-24-095960,0001855644,Zura Bio Ltd,2024-09-03,2024-09-03T06:30:27-04:00,False,"7.01,9.01",CORPORATE,CORPORATE,exhibit,"Exhibit 99.1 Zura Bio to Present at Three Upcoming Investor Conferences in September Henderson, Nev. – September 3, 2024 - Zura Bio Limited (Nasdaq: ZURA) (“Zura Bio”), a clinical stage, multi-asset immunology company developing novel dual-pathway an"
0001104659-24-089167,0001855644,Zura Bio Ltd,2024-08-14,2024-08-14T06:10:47-04:00,False,"7.01,9.01",PRESENTATION,PRESENTATION,exhibit,"Exhibit 99.1 ©2024 Zura Bio Ltd. Nasdaq Ticker: ZURA Three unique dual - pathway biologics, clinically validated for therapeutic areas with unmet needs August 2024 ©2024 Zura Bio Ltd. 2 Forward Looking Statements Disclaimer This communication include"
0001104659-24-071445,0001855644,Zura Bio Ltd,2024-06-14,2024-06-14T06:04:41-04:00,False,"7.01,9.01",CLINICAL,CLINICAL,exhibit,Exhibit 99.1 Zura Bio Presents Data for the Tibulizumab (ZB-106) Program at EULAR 2024 Tibulizumab (ZB-106) was well tolerated and neutralized IL-17A and BAFF in a Phase 1 study in patients with Sjogren’s syndrome Preclinical data demonstrating the p
0001104659-24-068813,0001855644,Zura Bio Ltd,2024-06-06,2024-06-06T06:03:04-04:00,False,"7.01,9.01",CORPORATE,CORPORATE,exhibit,"Exhibit 99.1 Zura Bio Forms Scientific Advisory Board with Prominent Specialists in Rheumatology, Dermatology, and Immunology Henderson, Nev – June 6, 2024 - Zura Bio Limited (Nasdaq: ZURA) (“Zura Bio”), a clinical-stage immunology company developing"
0001104659-24-067368,0001855644,Zura Bio Ltd,2024-06-03,2024-06-03T06:02:36-04:00,False,"7.01,9.01",CLINICAL,CLINICAL,exhibit,"Exhibit 99.1 Zura Bio to Present Data Exploring the Expanded Potential of Tibulizumab (ZB-106) into Sjogren's Syndrome and Rheumatoid Arthritis at EULAR 2024 Novel, dual-pathway antibody targeting IL-17A and BAFF is expected to enter Phase 2 developm"
0001104659-24-065741,0001855644,Zura Bio Ltd,2024-05-29,2024-05-29T06:05:16-04:00,False,"7.01,9.01",CORPORATE,CORPORATE,exhibit,"Exhibit 99.1 Zura Bio Announces Participation in June Investor Conferences Henderson, Nev – May 29, 2024 - Zura Bio Limited (Nasdaq: ZURA) (“Zura Bio”), a clinical-stage immunology company developing novel dual-pathway antibodies for autoimmune and i"
0001104659-24-050169,0001855644,Zura Bio Ltd,2024-04-23,2024-04-22T20:21:55-04:00,True,"1.01,3.02,7.01,8.01,9.01",PRESENTATION,PRESENTATION,exhibit,Exhibit 99.1 ©2024 Zura Bio Ltd. Nasdaq Ticker: ZURA Advancing clinical outcomes through pioneering dual-pathway biology April 2024 ©2024 Zura Bio Ltd. 2 Forward Looking Statements Disclaimer This communication includes “forward-looking statements” w
0001104659-24-044442,0001855644,Zura Bio Ltd,2024-04-08,2024-04-08T06:04:51-04:00,False,"7.01,9.01",OTHER,,exhibit,"Exhibit 99.1 Zura Bio Announces Robert Lisicki as CEO and Director - Succeeds Founding CEO, Dr. Someit Sidhu, who will continue as a Board Director - Recognized as inspirational industry leader with exceptional R&D, commercial and global executive ex"
0001104659-24-032636,0001855644,Zura Bio Ltd,2024-03-11,2024-03-11T06:04:53-04:00,False,"7.01,9.01",PRESENTATION,PRESENTATION,exhibit,Exhibit 99.1 ©2024 Zura Bio Ltd. Nasdaq Ticker: ZURA Building the Next Immunology Leader March 2024 ©2024 Zura Bio Ltd. 2 Forward Looking Statements Disclaimer This communication includes “forward-looking statements” within the meaning of the “safe h
0001104659-24-030193,0001855644,Zura Bio Ltd,2024-03-04,2024-03-04T06:03:09-05:00,False,"7.01,9.01",CORPORATE,CORPORATE,exhibit,"Exhibit 99.1 Zura Bio Announces Participation at March Conferences Henderson, Nev – March 4, 2024 - Zura Bio Limited (Nasdaq: ZURA) (“Zura Bio”) a multi-asset clinical-stage biotechnology company focused on developing novel medicines for immune and i"
0001104659-24-009658,0001855644,Zura Bio Ltd,2024-02-02,2024-02-02T06:02:07-05:00,False,"7.01,9.01",CORPORATE,CORPORATE,exhibit,"Exhibit 99.1 Zura Bio Announces Participation at February Investor Conferences Henderson, Nev – February 2, 2024 - Zura Bio Limited (Nasdaq: ZURA) (“Zura Bio”), a multi-asset clinical-stage biotechnology company focused on developing novel medicines "
0001104659-24-003374,0001855644,Zura Bio Ltd,2024-01-11,2024-01-11T17:25:15-05:00,True,"7.01,9.01",PRESENTATION,PRESENTATION,exhibit,"Exhibit 99.1 ©2024 Zura Bio Ltd. Nasdaq Ticker: ZURA Building the Next Immunology Leader 42nd Annual J.P. Morgan Healthcare Conference January 11, 2024 San Francisco, California ©2024 Zura Bio Ltd. 2 Forward Looking Statements Disclaimer This communi"
0001104659-24-001984,0001855644,Zura Bio Ltd,2024-01-08,2024-01-08T06:03:32-05:00,False,"5.02,7.01,9.01",CORPORATE,CORPORATE,exhibit,Exhibit 99.1 Zura Bio Continues to Strengthen Leadership with Appointment of Robert Lisicki as President and Kiran Nistala as CMO • Accomplished biopharmaceutical executives bring invaluable expertise and experience to Zura Bio’s Clinical Development
0001104659-24-000494,0001855644,Zura Bio Ltd,2024-01-03,2024-01-03T06:04:01-05:00,False,"7.01,9.01",CORPORATE,CORPORATE,exhibit,"Exhibit 99.1 Zura Bio to Present at the 42nd Annual J.P. Morgan Healthcare Conference and Dermatology Summit Henderson, Nev – January 3, 2024 - Zura Bio Limited (Nasdaq: ZURA) (“Zura Bio”), a multi-asset clinical-stage biotechnology company focused o"
0001104659-23-122982,0001855644,Zura Bio Ltd,2023-12-04,2023-12-04T06:06:24-05:00,False,"7.01,9.01",CORPORATE,CORPORATE,exhibit,"Exhibit 99.1 Zura Bio Announces Two Immunology Abstracts Presented at the World Allergy Congress in Bangkok Henderson, Nev – December 4, 2023 - Zura Bio Limited (Nasdaq: ZURA) (“Zura Bio”), a multi-asset clinical-stage biotechnology company focused o"
0001104659-23-117491,0001855644,Zura Bio Ltd,2023-11-14,2023-11-14T06:02:27-05:00,False,"7.01,9.01",CORPORATE,CORPORATE,exhibit,"Exhibit 99.1 Zura Bio Appoints Arnout Ploos van Amstel to its Board of Directors Henderson, Nev – November 14, 2023 - Zura Bio Limited (Nasdaq: ZURA) (“Zura Bio”), a multi-asset clinical-stage biotechnology company focused on developing novel medicin"
0001104659-23-111447,0001855644,Zura Bio Ltd,2023-10-25,2023-10-25T16:30:24-04:00,True,"7.01,9.01",PRESENTATION,PRESENTATION,exhibit,Exhibit 99.1 ©2023 Zura Bio Ltd. Corporate Overview Last Updated: October 2023 Building the Next Immunology Leader ©2023 Zura Bio Ltd. 2 Forward Looking Statements Disclaimer This communication includes “forward - looking statements” within the meani
0001104659-23-100797,0001855644,Zura Bio Ltd,2023-09-14,2023-09-14T16:23:38-04:00,True,"7.01,9.01",CORPORATE,CORPORATE,exhibit,Exhibit 99.1 Zura Bio Enters into Sponsored Research Agreement with Benaroya Research Institute · Benaroya Research Institute to further characterize role of IL-7Rα in TSLP and IL-7 signaling pathways · Agreement underscores Zura Bio’s commitment to 
0001104659-23-084834,0001855644,Zura Bio Ltd,2023-07-27,2023-07-27T17:07:15-04:00,True,"7.01,9.01",PRESENTATION,PRESENTATION,exhibit,Exhibit 99.1 Building the Next Immunology Leader Corporate Presentation – July 2023 ©2023 Zura Bio Ltd. This communication includes “ forward - looking statements ” within the meaning of the “safe harbor” provisions of the Private Securities Litigati
0001104659-23-074042,0001855644,Zura Bio Ltd,2023-06-23,2023-06-23T08:30:34-04:00,False,"7.01,9.01",CORPORATE,CORPORATE,exhibit,"Exhibit 99.1 Zura Bio to Join the Russell 2000 ® and Russell 3000 ® Indexes SAN DIEGO, California - June 23, 2023 - Zura Bio Limited (Nasdaq: “ZURA”) (“Zura Bio” or the “Company”), a multi-asset clinical-stage biotechnology company focused on develop"
0001104659-23-071336,0001855644,Zura Bio Ltd,2023-06-15,2023-06-14T21:31:00-04:00,True,"7.01,9.01",PRESENTATION,PRESENTATION,exhibit,Exhibit 99.1 Building the Next Immunology Leader Last Updated: June 2023 zurabio Corporate Overview Disclaimer Forward Looking Statements Disclaimer This communication includes “ forward - looking statements ” within the meaning of the “safe harbor” 
0001104659-23-068333,0001855644,Zura Bio Ltd,2023-06-06,2023-06-06T08:00:21-04:00,False,"3.02,7.01,9.01",OTHER,,exhibit,"Exhibit 99.1 Zura Bio completes approximately $80 Million financing with the focus on advancing ZB-106, a potential first-in-class anti-IL-17 and anti-BAFF dual antagonist § Tibulizumab (ZB-106) was licensed from Eli Lilly and Company on April 26, 20"
0001104659-23-050799,0001855644,Zura Bio Ltd,2023-04-27,2023-04-27T08:53:39-04:00,False,"7.01,9.01",OTHER,,exhibit,"Exhibit 99.1 Zura Bio Announces $80 Million Financing and the Licensing of Tibulizumab (ZB-106), a Potential First-in-Class anti-IL-17 and anti-BAFF Dual Antagonist for Autoimmune Diseases § Licensing a potential first-in-class, anti-IL-17 and anti-B"
0001104659-23-045620,0001855644,Zura Bio Ltd,2023-04-14,2023-04-14T16:30:50-04:00,True,"7.01,9.01",CORPORATE,CORPORATE,exhibit,"Exhibit 99.1 Zura Bio Announces Appointment of Chief Scientific Officer April 14, 2023 9:00 AM EDT SAN DIEGO--(BUSINESS WIRE)--Apr. 14, 2023-- Zura Bio Limited (Nasdaq: “ZURA”) (“Zura Bio”), a multi-asset clinical-stage biotechnology company focused "
0001104659-23-037779,0001855644,Zura Bio Ltd,2023-03-28,2023-03-28T17:11:51-04:00,True,"7.01,8.01,9.01",OTHER,,primary_item,"Regulation FD Disclosure. On March 27, 2023, the Company issued the press release attached hereto as Exhibit 99.1 to this Current Report on Form 8-K, which is incorporated herein by reference. The information set forth in this Item 7.01 is intended t"
0001104659-23-034751,0001855644,Zura Bio Ltd,2023-03-21,2023-03-21T09:24:14-04:00,False,"7.01,9.01",CORPORATE,CORPORATE,exhibit,Exhibit 99.1 Zura Bio Limited Announces Closing of Business Combination with JATT Acquisition Corp · Zura Bio Limited to trade on Nasdaq as a clinical-stage biotechnology company focused on immunology · Business combination results in approximately $
0001104659-23-033380,0001855644,Zura Bio Ltd,2023-03-16,2023-03-16T17:24:05-04:00,True,"5.07,7.01,9.01",CORPORATE,CORPORATE,exhibit,"Exhibit 99.1 JATT Acquisition Corp Shareholders Approve Proposed Business Combination with Zura Bio Limited London, UK – March 16, 2023 – JATT Acquisition Corp (NYSE: JATT) (“JATT”), a publicly traded special purpose acquisition company, today announ"
0001104659-23-032379,0001855644,Zura Bio Ltd,2023-03-15,2023-03-14T17:32:29-04:00,True,"7.01,8.01,9.01",CORPORATE,CORPORATE,exhibit,"Exhibit 99.1 JATT Acquisition Corp Announces Planned Transfer of Listing to NASDAQ in Connection with its Proposed Business Combination with Zura Bio Limited LONDON, UK, March 13, 2023 – JATT Acquisition Corp (NYSE: JATT, JATT.WS and JATT.U) (the ""Co"
0001104659-23-027962,0001855644,Zura Bio Ltd,2023-03-02,2023-03-02T16:41:29-05:00,True,"7.01,9.01",CORPORATE,CORPORATE,exhibit,Exhibit 99.1 JATT Acquisition Corp’s Proposed Business Combination with Zura Bio Limited declared effective by US SEC · Record date of Feb 26 th 2023 established as well as; · Extraordinary general meeting of shareholders to approve the Business Comb
0001104659-22-072223,0001855644,Zura Bio Ltd,2022-06-17,2022-06-17T09:27:19-04:00,False,"1.01,3.02,7.01,9.01",CORPORATE,CORPORATE,exhibit,"Exhibit 99.1 JATT Acquisition Corp. and Zura Bio Limited Announce Definitive Business Combination Agreement to Create NYSE Listed Biotechnology Company Company advancing ZB-168, an anti-IL7R a monoclonal antibody, originally developed by Pfizer Inc.,"
0001104659-21-093483,0001855644,Zura Bio Ltd,2021-07-19,2021-07-19T16:32:23-04:00,True,"1.01,3.02,5.03,7.01,9.01",CORPORATE,CORPORATE,exhibit,"Exhibit 99.1 JATT Acquisition Corp Prices $120 Million Initial Public Offering New York, New York – July 14, 2021 – JATT Acquisition Corp (the “Company”), a newly organized blank check company formed as a Cayman Islands exempted company, today announ"
0001193125-25-275902,0001817241,"Artiva Biotherapeutics, Inc.",2025-11-12,2025-11-12T07:22:26-05:00,False,"7.01,8.01,9.01",AMBIGUOUS,AMBIGUOUS,exhibit,Artiva Biotherapeutics Announces Positive Initial Safety and Translational Data Supporting Deep B-Cell Depletion with AlloNK® in Autoimmune Disease 32 patients with autoimmune disease treated with AlloNK plus anti-CD20 monoclonal antibody (mAb) as of
0001193125-25-290003,0001285550,"ClearPoint Neuro, Inc.",2025-11-20,2025-11-20T17:08:53-05:00,True,"1.01,2.01,3.02,7.01,9.01",CORPORATE,CORPORATE,exhibit,"ClearPoint Neuro Completes Acquisition of IRRAS Acquisition Will Enhance ClearPoint Neuro’s Commercial Scale, Drive Operational Leverage, and Support Its Long-Term Strategy in CNS Drug Delivery Innovation SOLANA BEACH, CA, November 20, 2025 – ClearPo"
0001193125-25-270019,0001285550,"ClearPoint Neuro, Inc.",2025-11-06,2025-11-06T16:57:14-05:00,True,"2.02,7.01,9.01",OTHER,,exhibit,EX-99.1 2 clpt-ex99_1.htm EX-99.1 EX-99.1 ClearPoint Neuro Reports Third Quarter 2025 Results Site Readiness Continues for Specialized Treatment Centers Envisioned to Support a Growing Number of Cell and Gene Therapy Trial Patients and Later Commerci
0001193125-25-269992,0001285550,"ClearPoint Neuro, Inc.",2025-11-06,2025-11-06T16:52:00-05:00,True,"1.01,7.01,9.01",CORPORATE,CORPORATE,exhibit,ClearPoint Neuro Announces Agreement to Acquire IRRAS Acquisition Will Further Expand the Potential of ClearPoint Neuro’s Drug Delivery Portfolio While Immediately Adding New Indications and Commercial Scale Across a $0.5 Billion Market for the Treat
0001285550-25-000010,0001285550,"ClearPoint Neuro, Inc.",2025-08-12,2025-08-12T16:05:43-04:00,True,"2.02,7.01,9.01",OTHER,,exhibit,"EX-99.1 2 clpt-ex99_1.htm EX-99.1 EX-99.1 ClearPoint Neuro Reports Second Quarter 2025 Results Record Revenue and Substantial Cash Infusion Highlight the Company’s ‘Fast. Forward.’ Strategy SOLANA BEACH, CA, August 12, 2025 – ClearPoint Neuro, Inc. ("
0000950170-25-070346,0001285550,"ClearPoint Neuro, Inc.",2025-05-13,2025-05-13T16:10:39-04:00,True,"2.02,7.01,9.01",CORPORATE,CORPORATE,exhibit,"ClearPoint Neuro Reports First Quarter 2025 Results Record Revenue Highlighted by 70% Growth in Single-Use Navigation and Therapy Products SOLANA BEACH, CA, May 13, 2025 – ClearPoint Neuro, Inc. (Nasdaq: CLPT) (the “Company”), a global device, cell, "
0000950170-25-027716,0001285550,"ClearPoint Neuro, Inc.",2025-02-26,2025-02-26T16:05:29-05:00,True,"2.02,7.01,9.01",CORPORATE,CORPORATE,exhibit,"ClearPoint Neuro Reports Fourth Quarter and Full Year 2024 Results Achieved Record Revenue for 2024 and Growth of 31%; Reduced 2024 Operational Cash Burn by 35% SOLANA BEACH, CA, February 26, 2025 – ClearPoint Neuro, Inc. (Nasdaq: CLPT) (the “Company"
0001285550-24-000120,0001285550,"ClearPoint Neuro, Inc.",2024-11-07,2024-11-07T16:07:25-05:00,True,"2.02,7.01,9.01",OTHER,,primary_item,"Results of Operations and Financial Condition. On November 7, 2024, ClearPoint Neuro, Inc. (the “Company”) issued a press release announcing its financial performance for the third fiscal quarter ended September 30, 2024. A copy of the press release "
0001285550-24-000107,0001285550,"ClearPoint Neuro, Inc.",2024-08-26,2024-08-26T16:06:23-04:00,True,"7.01,9.01",OTHER,,primary_item,"Regulation FD Disclosure. On August 26, 2024, ClearPoint Neuro, Inc. (the “ Company ”) issued a press release announcing its prepayment of certain convertible notes issued by the Company. A copy of the press release is furnished herewith as Exhibit 9"
0001285550-24-000097,0001285550,"ClearPoint Neuro, Inc.",2024-08-07,2024-08-07T16:05:59-04:00,True,"2.02,7.01,9.01",OTHER,,primary_item,"Results of Operations and Financial Condition. On August 7, 2024, ClearPoint Neuro, Inc. (the “Company”) issued a press release announcing its financial performance for the second fiscal quarter ended June 30, 2024. A copy of the press release is fur"
0001285550-24-000049,0001285550,"ClearPoint Neuro, Inc.",2024-05-07,2024-05-07T16:05:59-04:00,True,"2.02,7.01,9.01",OTHER,,primary_item,"Results of Operations and Financial Condition. On May 7, 2024, ClearPoint Neuro, Inc. (the “Company”) issued a press release announcing its financial performance for the first fiscal quarter ended March 31, 2024. A copy of the press release is furnis"
0001285550-24-000030,0001285550,"ClearPoint Neuro, Inc.",2024-03-12,2024-03-12T16:05:31-04:00,True,"2.02,7.01,9.01",CORPORATE,CORPORATE,primary_item,"Results of Operations and Financial Condition. On March 12, 2024, ClearPoint Neuro, Inc. (the “Company”) issued a press release announcing its financial results for the fourth fiscal quarter and full year ended December 31, 2023. A copy of the press "
0001285550-24-000016,0001285550,"ClearPoint Neuro, Inc.",2024-01-08,2024-01-08T16:07:25-05:00,True,"2.02,7.01,9.01",CORPORATE,CORPORATE,primary_item,"Results of Operations and Financial Condition. On January 8, 2024, ClearPoint Neuro, Inc. (the “Company”) issued a press release announcing its preliminary, unaudited financial results for the fourth fiscal quarter ended December 31, 2023. A copy of "
0001285550-23-000114,0001285550,"ClearPoint Neuro, Inc.",2023-11-09,2023-11-09T16:05:50-05:00,True,"2.02,7.01,9.01",OTHER,,primary_item,"Results of Operations and Financial Condition. On November 9, 2023, ClearPoint Neuro, Inc. (the “Company”) issued a press release announcing its financial performance for the third fiscal quarter ended September 30, 2023. A copy of the press release "
0001285550-23-000096,0001285550,"ClearPoint Neuro, Inc.",2023-08-08,2023-08-08T16:06:36-04:00,True,"2.02,7.01,9.01",OTHER,,primary_item,"Results of Operations and Financial Condition. On August 8, 2023, ClearPoint Neuro, Inc. (the “Company”) issued a press release announcing its financial performance for the second fiscal quarter ended June 30, 2023. A copy of the press release is fur"
0001285550-23-000045,0001285550,"ClearPoint Neuro, Inc.",2023-05-11,2023-05-11T16:06:15-04:00,True,"2.02,7.01,9.01",OTHER,,primary_item,"Results of Operations and Financial Condition. On May 11, 2023, ClearPoint Neuro, Inc. (the “Company”) issued a press release announcing its financial performance for the first fiscal quarter ended March 31, 2023. A copy of the press release is furni"
0001285550-23-000010,0001285550,"ClearPoint Neuro, Inc.",2023-01-11,2023-01-11T08:01:24-05:00,False,"2.02,7.01,9.01",CORPORATE,CORPORATE,primary_item,"Results of Operations and Financial Condition. On January 11, 2023, ClearPoint Neuro, Inc. (the “Company”) issued a press release announcing its preliminary, unaudited financial results for the fourth fiscal quarter ended December 31, 2022. A copy of"
0001285550-22-000076,0001285550,"ClearPoint Neuro, Inc.",2022-11-08,2022-11-08T16:05:16-05:00,True,"2.02,7.01,9.01",OTHER,,primary_item,"Results of Operations and Financial Condition. On November 8, 2022, ClearPoint Neuro, Inc. (the “Company”) issued a press release announcing its financial performance for the third fiscal quarter ended September 30, 2022. A copy of the press release "
0001285550-22-000054,0001285550,"ClearPoint Neuro, Inc.",2022-09-20,2022-09-20T16:07:33-04:00,True,"5.02,7.01,9.01",CORPORATE,CORPORATE,primary_item,"Departure of Directors or Certain Officers; Election of Directors; Appointment of Certain Officers; Compensatory Arrangements of Certain Officers. (c) Appointment of Executive Officer. On September 20, 2022 , Mazin Sabra entered into an Employment Ag"
0001285550-22-000041,0001285550,"ClearPoint Neuro, Inc.",2022-08-09,2022-08-09T16:16:28-04:00,True,"2.02,7.01,9.01",OTHER,,primary_item,"Results of Operations and Financial Condition. On August 9, 2022, ClearPoint Neuro, Inc. (the “Company”) issued a press release announcing its financial performance for the second fiscal quarter ended June 30, 2022. A copy of the press release is fur"
0001171520-22-000305,0001285550,"ClearPoint Neuro, Inc.",2022-05-11,2022-05-11T16:05:35-04:00,True,"2.02,7.01,9.01",CORPORATE,CORPORATE,exhibit,"ClearPoint Neuro Reports First Quarter 2022 Results SOLANA BEACH, CA, May 11, 2022 – ClearPoint Neuro, Inc. (Nasdaq: CLPT) (the “Company”), a global therapy-enabling platform company providing navigation and delivery to the brain, today announced fin"
0001171520-22-000133,0001285550,"ClearPoint Neuro, Inc.",2022-02-15,2022-02-15T16:05:27-05:00,True,"2.02,7.01,9.01",OTHER,,exhibit,EX-99.1 2 ex99-1.htm CLEARPOINT NEURO REPORTS FOURTH QUARTER AND FULL YEAR 2021 PRELIMINARY REVENUE RESULTS AND GUIDANCE FOR FULL YEAR 2022 REVENUE Exhibit 99.1 ClearPoint Neuro Reports Fourth Quarter and Full Year 2021 Preliminary Revenue Results an
0001171520-22-000126,0001285550,"ClearPoint Neuro, Inc.",2022-02-14,2022-02-14T16:05:28-05:00,True,"2.02,7.01,9.01",CORPORATE,CORPORATE,primary_item,"Departure of Directors or Certain Officers; Election of Directors; Appointment of Certain Officers; Compensatory Arrangements of Certain Officers. (b) Departure of Executive Officer. On February 9, 2022, Peter G. Piferi voluntarily resigned from his "
0001171520-21-000516,0001285550,"ClearPoint Neuro, Inc.",2021-11-09,2021-11-09T16:07:36-05:00,True,"2.02,7.01,9.01",CORPORATE,CORPORATE,exhibit,"ClearPoint Neuro Reports Third Quarter 2021 Results Record Revenue Achieved; Company Reaffirms 2021 Revenue Forecast SOLANA BEACH, CA, November 9, 2021 – ClearPoint Neuro, Inc. (Nasdaq: CLPT) (the “Company”), a global therapy-enabling platform compan"
0001171520-21-000432,0001285550,"ClearPoint Neuro, Inc.",2021-11-02,2021-11-02T16:42:42-04:00,True,"5.02,7.01,9.01",CORPORATE,CORPORATE,exhibit,"For Immediate Release Internationally Renowned Neurosurgeon and Accomplished Researcher Dr. Linda M. Liau Joins ClearPoint Neuro Board of Directors SOLANA BEACH, CA, November 2, 2021 – ClearPoint Neuro, Inc. (Nasdaq: CLPT) (the “Company”), a global t"
0001171520-21-000344,0001285550,"ClearPoint Neuro, Inc.",2021-08-10,2021-08-10T16:06:02-04:00,True,"2.02,7.01,9.01",CORPORATE,CORPORATE,exhibit,"ClearPoint Neuro Reports Second Quarter 2021 Results Record Case Volume Supported Clinically During the Quarter SOLANA BEACH, CA, August 10, 2021 – ClearPoint Neuro, Inc. (Nasdaq: CLPT) (the “Company”), a global therapy-enabling platform company prov"
0001171520-21-000304,0001285550,"ClearPoint Neuro, Inc.",2021-07-15,2021-07-15T16:40:22-04:00,True,"5.02,7.01,9.01",CORPORATE,CORPORATE,exhibit,"For Immediate Release ClearPoint Neuro, Inc. Announces Appointment of Lynnette C. Fallon to Board of Directors SOLANA BEACH, CA, July 15, 2021 – ClearPoint Neuro, Inc. (Nasdaq: CLPT) (the “Company”), a global therapy-enabling platform company providi"
0001171520-21-000229,0001285550,"ClearPoint Neuro, Inc.",2021-06-04,2021-06-04T07:30:05-04:00,False,"5.07,7.01,9.01",CORPORATE,CORPORATE,primary_item,"Submission of Matters to a Vote of Security Holders. At the 2021 annual meeting of the stockholders (the “Annual Meeting”) of ClearPoint Neuro, Inc. (the “Company”) held on June 3, 2021, the Company’s stockholders considered and voted on the followin"
0001171520-21-000210,0001285550,"ClearPoint Neuro, Inc.",2021-05-25,2021-05-25T08:00:31-04:00,False,"7.01,9.01",NO_TEXT,,exhibit,
0001171520-21-000201,0001285550,"ClearPoint Neuro, Inc.",2021-05-12,2021-05-12T08:00:24-04:00,False,"7.01,9.01",NO_TEXT,,exhibit,
0001171520-21-000165,0001285550,"ClearPoint Neuro, Inc.",2021-04-13,2021-04-13T16:12:38-04:00,True,"5.02,7.01,9.01",CORPORATE,CORPORATE,exhibit,"For Immediate Release ClearPoint Neuro, Inc. Announces Retirement of Director John N. Spencer, Jr. SOLANA BEACH, CA, April 13, 2021 – ClearPoint Neuro, Inc. (Nasdaq: CLPT) (the “Company”), a global therapy-enabling platform company providing navigati"
0001171520-21-000094,0001285550,"ClearPoint Neuro, Inc.",2021-02-19,2021-02-19T17:00:53-05:00,True,"1.01,7.01,9.01",NO_TEXT,,exhibit,
0001171520-21-000039,0001285550,"ClearPoint Neuro, Inc.",2021-02-05,2021-02-05T08:08:26-05:00,False,"5.02,7.01,9.01",CORPORATE,CORPORATE,exhibit,"For Immediate Release ClearPoint Neuro, Inc. Announces Appointment of R. John Fletcher as Chairman of the Board of Directors IRVINE, CA, February 5, 2021 – ClearPoint Neuro, Inc. (Nasdaq: CLPT) (the “Company”) today announced that R. John Fletcher ha"
0001171520-20-000486,0001285550,"ClearPoint Neuro, Inc.",2020-12-29,2020-12-29T16:24:08-05:00,True,"1.01,2.03,3.02,7.01,9.01",OTHER,,exhibit,"For Immediate Release ClearPoint Neuro, Inc. Announces Funding of Additional $7.5M of Existing Convertible Note on Improved Terms Represents Draw of Additional Proceeds from Petrichor Announced in January 2020 IRVINE, CA, December 29, 2020 – ClearPoi"
0001171520-20-000451,0001285550,"ClearPoint Neuro, Inc.",2020-11-10,2020-11-10T16:10:24-05:00,True,"2.02,7.01,9.01",CORPORATE,CORPORATE,exhibit,"ClearPoint Neuro Reports Third Quarter 2020 Results Revenue Reaches a Record $3.5 million IRVINE, CA, November 10, 2020 – ClearPoint Neuro, Inc. (Nasdaq: CLPT), a medical device company with a portfolio of products focused on enabling therapies for n"
0001420506-20-001011,0001285550,"ClearPoint Neuro, Inc.",2020-09-14,2020-09-14T16:22:11-04:00,True,"5.02,7.01,9.01",CORPORATE,CORPORATE,exhibit,"ClearPoint Neuro Announces Transition Plan for New Chief Financial Officer Danilo D’Alessandro will Succeed Harold A. Hurwitz who Plans to Retire in 2021 IRVINE, CA, September 14, 2020 – ClearPoint Neuro, Inc. (Nasdaq: CLPT) is pleased to announce th"
0001171520-20-000364,0001285550,"ClearPoint Neuro, Inc.",2020-08-12,2020-08-12T16:08:44-04:00,True,"2.02,7.01,9.01",CORPORATE,CORPORATE,exhibit,"ClearPoint Neuro Reports Second Quarter 2020 Results Revenue Reaches $2.5 million Amid COVID-19 Pandemic IRVINE, CA, August 12, 2020 – ClearPoint Neuro, Inc. (Nasdaq: CLPT) today announced financial results for its second fiscal quarter and six month"
0001171520-20-000230,0001285550,"ClearPoint Neuro, Inc.",2020-05-20,2020-05-20T16:08:16-04:00,True,"7.01,9.01",NO_TEXT,,exhibit,
0001171520-20-000222,0001285550,"ClearPoint Neuro, Inc.",2020-05-13,2020-05-13T06:05:06-04:00,False,"2.02,7.01,9.01",CORPORATE,CORPORATE,exhibit,EX-99.1 2 ex99-1.htm CLEARPOINT NEURO PROVIDES A COVID-19 PANDEMIC UPDATE AND ANNOUNCES PRELIMINARY FIRST QUARTER 2020 FINANCIAL RESULTS Exhibit 99.1 ClearPoint Neuro Reports First Quarter 2020 Results Company Provides Update on Effects of COVID-19 P
0001171520-20-000182,0001285550,"ClearPoint Neuro, Inc.",2020-04-17,2020-04-17T08:17:51-04:00,False,"5.02,7.01,9.01",CORPORATE,CORPORATE,exhibit,"For Immediate Release BIOTECHNOLOGY LEADER AND SURGEON DR. MATTHEW KLEIN JOINS CLEARPOINT NEURO BOARD OF DIRECTORS IRVINE, CA, April 17, 2020 – ClearPoint Neuro, Inc. (Nasdaq: CLPT) is pleased to announce that Matthew B. Klein, MD, MS, FACS, has been"
0001171520-20-000178,0001285550,"ClearPoint Neuro, Inc.",2020-04-16,2020-04-16T08:05:05-04:00,False,"2.02,7.01,9.01",CORPORATE,CORPORATE,exhibit,EX-99.1 2 ex99-1.htm CLEARPOINT NEURO PROVIDES A COVID-19 PANDEMIC UPDATE AND ANNOUNCES PRELIMINARY FIRST QUARTER 2020 FINANCIAL RESULTS Exhibit 99.1 CLEARPOINT NEURO PROVIDES A COVID-19 PANDEMIC UPDATE AND ANNOUNCES PRELIMINARY FIRST QUARTER 2020 FI
0001171520-20-000124,0001285550,"ClearPoint Neuro, Inc.",2020-02-14,2020-02-14T09:01:39-05:00,False,"7.01,9.01",PRESENTATION,PRESENTATION,exhibit,"For Immediate Release ClearPoint Neuro, Inc. Announces 2020 Revenue Outlook Ahead of Nasdaq Investor Presentation Today New U.S. and European Partnership Agreement with PTC Therapeutics Highlights Growth of ClearPoint ® Gene Therapy Portfolio IRVINE,"
0001171520-20-000061,0001285550,"ClearPoint Neuro, Inc.",2020-02-12,2020-02-12T08:00:29-05:00,False,"5.03,7.01,9.01",CORPORATE,CORPORATE,exhibit,"For Immediate Release MRI Interventions, Inc. Changes Corporate Name to ClearPoint Neuro, Inc. Company To Commence Trading Under Ticker Symbol CLPT on February 12, 2020 IRVINE, CA, February 11, 2020 – MRI Interventions, Inc. (Nasdaq: MRIC) (the “Comp"
0001171520-20-000041,0001285550,"ClearPoint Neuro, Inc.",2020-01-29,2020-01-29T16:42:25-05:00,True,"1.01,2.03,3.02,7.01,9.01",CORPORATE,CORPORATE,exhibit,"For Immediate Release MRI Interventions, Inc. Closes $17.5 Million Strategic Investment from PTC Therapeutics, Inc. and Petrichor Healthcare Capital Management IRVINE, CA, January 29, 2020 – MRI Interventions, Inc. (Nasdaq: MRIC) (the “Company”), a l"
0001171520-20-000014,0001285550,"ClearPoint Neuro, Inc.",2020-01-13,2020-01-13T08:05:12-05:00,False,"1.01,2.02,2.03,3.02,7.01,9.01",CORPORATE,CORPORATE,exhibit,"For Immediate Release MRI Interventions, Inc. Obtains a $17.5 Million Strategic Investment from PTC Therapeutics, Inc. and Petrichor Healthcare Capital Management Transaction follows 43% growth in fourth quarter revenue IRVINE, CA, January 13 , 2020 "
0001171520-19-000351,0001285550,"ClearPoint Neuro, Inc.",2019-12-09,2019-12-09T16:27:09-05:00,True,"7.01,9.01",NO_TEXT,,exhibit,
0001171520-19-000341,0001285550,"ClearPoint Neuro, Inc.",2019-11-26,2019-11-26T08:00:09-05:00,False,"3.01,7.01,9.01",CORPORATE,CORPORATE,exhibit,"For Immediate Release MRI Interventions, Inc. Announces Move to Nasdaq Capital Market IRVINE, Calif., November 26, 2019 – MRI Interventions, Inc. (NYSE American: MRIC) (the “ Company ”) today announced that it will voluntarily move its stock exchange"
0001534424-19-000248,0001285550,"ClearPoint Neuro, Inc.",2019-08-28,2019-08-28T17:00:24-04:00,True,"7.01,9.01",NO_TEXT,,exhibit,
0001534424-19-000225,0001285550,"ClearPoint Neuro, Inc.",2019-08-06,2019-08-06T16:08:35-04:00,True,"5.02,7.01,9.01",OTHER,,exhibit,"For Immediate Release HEALTHCARE VETERAN KRISTINE JOHNSON TO JOIN MRI INTERVENTIONS’ BOARD OF DIRECTORS IRVINE, CA, August 6, 2019 – MRI Interventions, Inc. (NYSE American: MRIC) is pleased to announce that B. Kristine Johnson has been appointed to M"
0001534424-19-000188,0001285550,"ClearPoint Neuro, Inc.",2019-07-01,2019-07-01T08:11:29-04:00,False,"7.01,9.01",CORPORATE,CORPORATE,exhibit,"For Immediate Release MRI Interventions, Inc. Announces Uplisting to NYSE American Stock Will Trade Under Its Existing Symbol ‘MRIC’ Starting July 3, 2019 IRVINE, Calif., June 28, 2019 – MRI Interventions, Inc. (OTCQB: MRIC) (the “ Company ”) today a"
0001534424-19-000147,0001285550,"ClearPoint Neuro, Inc.",2019-05-17,2019-05-17T16:10:20-04:00,True,"1.01,3.02,5.02,7.01,8.01,9.01",CORPORATE,CORPORATE,exhibit,"MRI Interventions Announces Closing of $7.522 Million Private Placement IRVINE, CA, May 17, 2019 – MRI Interventions, Inc. (OTCQB: MRIC) today announced the closing on May 17, 2019 of its previously disclosed private placement of shares of common sto"
0001534424-19-000135,0001285550,"ClearPoint Neuro, Inc.",2019-05-09,2019-05-09T16:09:46-04:00,True,"1.01,3.02,5.02,7.01,9.01",CORPORATE,CORPORATE,exhibit,"EX-99.1 3 ex99-1.htm PRESS RELEASE PTC Therapeutics and MRI Interventions Announce Strategic Investment - $4 million equity investment to advance delivery device R&D for CNS gene therapy portfolio and other company operations - SOUTH PLAINFIELD, NJ a"
0001534424-19-000086,0001285550,"ClearPoint Neuro, Inc.",2019-03-11,2019-03-11T16:05:21-04:00,True,"2.02,7.01,9.01",OTHER,,exhibit,"MRI Interventions Reports 36% Increase in Fourth Quarter Revenue and Record Quarterly ClearPoint ® Cases Fourth Quarter Cash Burn from Operations Reduced to $600,000 IRVINE, CA, March 11, 2019 – MRI Interventions, Inc. (OTCQB: MRIC) (the “Company”) t"
0001104659-25-118934,0001133869,"CAPRICOR THERAPEUTICS, INC.",2025-12-05,2025-12-05T17:07:48-05:00,True,"7.01,8.01,9.01",CORPORATE,CORPORATE,exhibit,"Capricor Therapeutics Announces Pricing of $150 Million Public Offering of Common Stock SAN DIEGO, Dec. 5, 2025 (GLOBE NEWSWIRE) -- Capricor Therapeutics, Inc. (NASDAQ: CAPR), a biotechnology company developing transformative cell and exosome-based t"
0001104659-25-117981,0001133869,"CAPRICOR THERAPEUTICS, INC.",2025-12-03,2025-12-03T09:29:14-05:00,False,"7.01,9.01",PRESENTATION,PRESENTATION,exhibit,"1 Capricor Therapeutics, Inc. Nasdaq: CAPR December 3, 2025 HOPE-3 Phase 3 Study Topline Data Call Capricor Therapeutics, Inc. Developing Transformative Therapies from Bench to Bedside Forward Looking Statements Statements in this presentation regard"
0001104659-25-117947,0001133869,"CAPRICOR THERAPEUTICS, INC.",2025-12-03,2025-12-03T07:21:12-05:00,False,"7.01,8.01,9.01",CLINICAL,CLINICAL,exhibit,"​ Capricor Therapeutics Announces Positive Topline Results from Pivotal Phase 3 HOPE-3 Study of Deramiocel in Duchenne Muscular Dystrophy ​ ● Pivotal Phase 3 randomized, double-blind, placebo-controlled study (n=106) met the primary endpoint (PUL v2."
0001558370-25-009186,0001133869,"CAPRICOR THERAPEUTICS, INC.",2025-07-11,2025-07-11T06:35:49-04:00,False,"7.01,9.01",REGULATORY,REGULATORY,primary_item,"Regulation FD Disclosure. On July 11, 2025, Capricor Therapeutics, Inc. (the “Company” or “Capricor”) issued a press release announcing that it has received a Complete Response Letter (CRL) from the U.S. Food and Drug Administration (FDA) regarding i"
0001558370-25-002097,0001133869,"CAPRICOR THERAPEUTICS, INC.",2025-03-04,2025-03-04T07:05:10-05:00,False,"7.01,9.01",REGULATORY,REGULATORY,exhibit,"​ Capricor Therapeutics Announces FDA Acceptance and Priority Review of its Biologics License Application for Deramiocel to Treat Duchenne Muscular Dystrophy ​ --FDA assigns PDUFA target action date of August 31, 2025-- ​ --If approved, deramiocel wo"
0001558370-24-013357,0001133869,"CAPRICOR THERAPEUTICS, INC.",2024-10-17,2024-10-17T06:01:22-04:00,False,"1.01,7.01,9.01",CORPORATE,CORPORATE,exhibit,"​ Capricor Therapeutics Announces Pricing of Approximately $75 Million Public Offering of Common Stock SAN DIEGO, Oct. 17, 2024 (GLOBE NEWSWIRE) -- Capricor Therapeutics (NASDAQ: CAPR), a biotechnology company developing transformative cell and exoso"
0001558370-24-013207,0001133869,"CAPRICOR THERAPEUTICS, INC.",2024-10-09,2024-10-09T09:16:15-04:00,False,"7.01,8.01,9.01",REGULATORY,REGULATORY,exhibit,​ Capricor Therapeutics Announces Initiation of Rolling Submission of Biologics License Application (BLA) with U.S. FDA for Deramiocel for the Treatment of Duchenne Muscular Dystrophy ​ -Company Plans to Complete Rolling BLA Submission by End of 2024
0001558370-24-012983,0001133869,"CAPRICOR THERAPEUTICS, INC.",2024-09-24,2024-09-24T16:01:21-04:00,True,"7.01,9.01",OTHER,,exhibit,​ Capricor Therapeutics Announces Intent to File Biologics License Application for Full Approval of Deramiocel for the Treatment of Duchenne Muscular Dystrophy Cardiomyopathy ​ -BLA to be Supported by Existing and Natural History Cardiac Data as Disc
0001558370-24-012836,0001133869,"CAPRICOR THERAPEUTICS, INC.",2024-09-17,2024-09-17T09:15:10-04:00,False,"1.01,3.02,7.01,9.01",OTHER,,exhibit,"​ Capricor Therapeutics Signs Binding Term Sheet with Nippon Shinyaku for European Expansion and Commercialization of Deramiocel for the Treatment of Duchenne Muscular Dystrophy ​ -Capricor to Receive $15 Million Equity Investment at a 20% Premium, a"
0001558370-24-006020,0001133869,"CAPRICOR THERAPEUTICS, INC.",2024-04-29,2024-04-29T09:25:17-04:00,False,"7.01,9.01",OTHER,,exhibit,Ɖƌŝů​Ϯϵ͕​ϮϬϮϰ EĂƐĚĂƋ͗​ WZ WͲϭϬϬϮ​D​WƌŽŐƌĂŵ​ ϭϬϬϮ D WƌŽŐ hƉĚĂƚĞ​Ăůů​ ĂƉƌŝĐŽƌ​dŚĞƌĂƉĞƵƚŝĐƐ͕​/ŶĐ͘ ĞǀĞůŽƉŝŶŐ​dƌĂŶƐĨŽƌŵĂƚŝǀĞ​dŚĞƌĂƉŝĞƐ​ ĨƌŽŵ​ĞŶĐŚ​ƚŽ​ĞĚƐŝĚĞ &ŽƌǁĂƌĚ​>ŽŽŬŝŶŐ​ƚĂƚĞŵĞŶƚƐ​​ ƚĂƚĞŵĞŶƚƐ​ŝŶ ƚŚŝƐ​ƉƌĞƐĞŶƚĂƚŝŽŶ​ƌĞŐĂƌĚŝŶŐ​ƚŚĞ​ĞĨĨŝĐĂĐǇ͕​ƐĂ
0001558370-23-016171,0001133869,"CAPRICOR THERAPEUTICS, INC.",2023-09-29,2023-09-29T17:00:37-04:00,True,"1.01,7.01,9.01",CORPORATE,CORPORATE,exhibit,"​ Capricor Therapeutics Announces $23 Million Registered Direct Offering SAN DIEGO, Calif., September 29, 2023 (GLOBE NEWSWIRE) -- Capricor Therapeutics (NASDAQ: CAPR), a biotechnology company focused on the development of transformative cell and exo"
0001558370-23-016149,0001133869,"CAPRICOR THERAPEUTICS, INC.",2023-09-29,2023-09-29T07:30:29-04:00,False,"7.01,8.01,9.01",REGULATORY,REGULATORY,exhibit,​ Capricor Therapeutics Announces Positive Type-B Meeting with the FDA to Discuss Pathway to BLA for CAP-1002 in Duchenne Muscular Dystrophy ​ -FDA Feedback on the Proposed Key Clinical and Regulatory Requirements Confirms CAP-1002’s Path Towards a B
0001558370-22-010449,0001133869,"CAPRICOR THERAPEUTICS, INC.",2022-06-29,2022-06-29T17:00:26-04:00,True,"7.01,9.01",PRESENTATION,PRESENTATION,exhibit,"HOPE - 2 Open Label Extension (1 - Year Data Results) Trial conducted by Capricor National PI: Craig McDonald, M.D. (UC Davis) NASDAQ:CAPR Developing Transformative Therapiesfrom Bench to BedsideCapricorTherapeutics, Inc. Forward Looking Statements S"
0001104659-21-119139,0001133869,"CAPRICOR THERAPEUTICS, INC.",2021-09-24,2021-09-24T11:31:00-04:00,False,"7.01,8.01,9.01",CLINICAL,CLINICAL,exhibit,Exhibit 99.1 Capricor Therapeutics Announces Positive Final Data From its Phase 2 HOPE-2 Trial in Patients with Duchenne Muscular Dystrophy Treated with CAP-1002 –Trial Met its Primary Efficacy Endpoint of Mid-level Performance of Upper Limb (PUL) v1
0001104659-21-034985,0001133869,"CAPRICOR THERAPEUTICS, INC.",2021-03-11,2021-03-11T16:01:13-05:00,True,"2.02,7.01,9.01",REGULATORY,REGULATORY,exhibit,Exhibit 99.1 Capricor Therapeutics Reports Fourth Quarter and Full Year 2020 Financial Results and Provides Corporate Update Exosomes Platform Technology -Pre-IND Meeting with FDA this Quarter to Discuss Multivalent Exosome-mRNA Vaccine- -Pipeline Ex
0001104659-20-066994,0001133869,"CAPRICOR THERAPEUTICS, INC.",2020-05-28,2020-05-28T15:00:37-04:00,False,"7.01,9.01",OTHER,,exhibit,Exhibit 99.1
0001104659-20-062419,0001133869,"CAPRICOR THERAPEUTICS, INC.",2020-05-15,2020-05-15T14:00:39-04:00,False,"7.01,9.01",CORPORATE,CORPORATE,exhibit,"Exhibit 99.1 Capricor Q1 Earnings Call and Corporate Update 1 May 14, 2020 Earnings Call NASDAQ: CAPR Capricor Therapeutics, Inc. Developing Transformative Therapies from Bench to Bedside Forward - Looking Statements 2 Statements in this presentation"
0001104659-20-060930,0001133869,"CAPRICOR THERAPEUTICS, INC.",2020-05-13,2020-05-13T17:03:12-04:00,True,"7.01,9.01",CLINICAL,CLINICAL,exhibit,"Exhibit 99.1 A Study of CAP - 1002 in Ambulatory and Non - Ambulatory Patients with Duchenne Muscular Dystrophy [HOPE - 2] 12 - month Top - Line Final Study Results 1 May 13, 2020 Conference Call NASDAQ: CAPR Capricor Therapeutics, Inc. Developing Tr"
0001104659-20-031538,0001133869,"CAPRICOR THERAPEUTICS, INC.",2020-03-11,2020-03-10T20:38:49-04:00,True,"7.01,9.01",PRESENTATION,PRESENTATION,exhibit,"Exhibit 99.1 Capricor Therapeutics, Inc. Developing Transformative Therapies from Bench to Bedside NASDAQ : CAPR Corporate & Investor Presentation March 2020 Capricor Therapeutics, Inc. Developing Transformative Therapies from Bench to Bedside Forwar"
0001104659-19-073161,0001133869,"CAPRICOR THERAPEUTICS, INC.",2019-12-17,2019-12-16T20:07:34-05:00,True,"7.01,9.01",PRESENTATION,PRESENTATION,exhibit,"Exhibit 99.1 NASDAQ : CAPR Corporate & Investor Presentation December 2019 Forward - Looking Statements 2 Statements in this press release regarding the efficacy, safety, and intended utilization of Capricor's product candidates ; the initiation, con"
0001104659-19-064252,0001133869,"CAPRICOR THERAPEUTICS, INC.",2019-11-14,2019-11-14T16:30:51-05:00,True,"7.01,9.01",PRESENTATION,PRESENTATION,exhibit,"Exhibit 99.1 NASDAQ : CAPR Corporate & Investor Presentation November 2019 Forward - Looking Statements 2 Statements in this press release regarding the efficacy, safety, and intended utilization of Capricor's product candidates ; the initiation, con"
0001144204-19-047446,0001133869,"CAPRICOR THERAPEUTICS, INC.",2019-10-07,2019-10-07T10:25:34-04:00,False,"7.01,9.01",CLINICAL,CLINICAL,exhibit,Exhibit 99.1 A Study of CAP - 1002 in Ambulatory and Non - Ambulatory Patients with Duchenne Muscular Dystrophy [HOPE - 2] Updated Results from the Interim Analysis Presented at the 24 th International Annual Congress of the World Muscle Society 1 Oc
0001144204-19-034770,0001133869,"CAPRICOR THERAPEUTICS, INC.",2019-07-16,2019-07-16T06:02:09-04:00,False,"7.01,9.01",CORPORATE,CORPORATE,exhibit,"Exhibit 99.1 NASDAQ : CAPR HOPE - 2 Data Update Conference Call July 15, 2019 Forward - Looking Statements 2 Statements in this presentation regarding the efficacy, safety, and intended utilization of Capricor's product candidates ; the initiation, c"
0001725160-25-000159,0001725160,"Zentalis Pharmaceuticals, Inc.",2025-11-10,2025-11-10T16:11:02-05:00,True,"2.02,7.01,9.01",CORPORATE,CORPORATE,primary_item,"Results of Operations and Financial Condition. On November 10, 2025, Zentalis Pharmaceuticals, Inc. (the “Company”) announced its financial results for the quarter ended September 30, 2025, and commented on certain business updates. The full text of "
0001725160-25-000154,0001725160,"Zentalis Pharmaceuticals, Inc.",2025-08-26,2025-08-26T16:08:57-04:00,True,"5.02,7.01,9.01",CORPORATE,CORPORATE,exhibit,"Zentalis Pharmaceuticals Appoints James B. Bucher, JD, as Chief Legal Officer and Corporate Secretary Seasoned life sciences legal executive brings extensive public company experience, including broad strategic and financial transaction expertise SAN"
0001725160-25-000147,0001725160,"Zentalis Pharmaceuticals, Inc.",2025-08-06,2025-08-06T16:08:42-04:00,True,"2.02,7.01",CORPORATE,CORPORATE,primary_item,"Results of Operations and Financial Condition. On August 6, 2025, Zentalis Pharmaceuticals, Inc. (the “Company”) announced its financial results for the quarter ended June 30, 2025, and commented on certain business updates. The full text of the pres"
0001725160-25-000119,0001725160,"Zentalis Pharmaceuticals, Inc.",2025-06-02,2025-06-02T06:02:38-04:00,False,"7.01,9.01",CORPORATE,CORPORATE,primary_item,"Regulation FD Disclosure. The poster furnished as Exhibit 99.1 to this Current Report on Form 8-K, and incorporated herein by reference, was presented at the 2025 American Society of Clinical Oncology (""ASCO"") Annual Meeting on May 31, 2025. The info"
0001725160-25-000108,0001725160,"Zentalis Pharmaceuticals, Inc.",2025-05-20,2025-05-20T06:01:40-04:00,False,"7.01,9.01",CORPORATE,CORPORATE,primary_item,"Regulation FD Disclosure. Zentalis Pharmaceuticals, Inc. plans to participate and present in the following investor events: • H.C. Wainwright 3rd Annual BioConnect Investor Conference – May 20, 2025, at 11:30 a.m. ET in New York, NY • TD Cowen’s 6th "
0001725160-25-000082,0001725160,"Zentalis Pharmaceuticals, Inc.",2025-04-28,2025-04-28T06:02:15-04:00,False,"7.01,9.01",CORPORATE,CORPORATE,primary_item,"Regulation FD Disclosure. The posters furnished as Exhibits 99.1-99.4 to this Current Report on Form 8-K, and incorporated herein by reference, are being presented at the 2025 American Association for Cancer Research (""AACR"") Annual Meeting, taking p"
0001628280-25-012899,0001725160,"Zentalis Pharmaceuticals, Inc.",2025-03-17,2025-03-17T06:13:38-04:00,False,"7.01,9.01",OTHER,,primary_item,"Regulation FD Disclosure. On March 15, 2025, Zentalis Pharmaceuticals, Inc. (“Zentalis” or the “Company”) issued the press release furnished as Exhibit 99.1 to this Current Report on Form 8-K (this “Current Report”) and incorporated herein by referen"
0001725160-25-000013,0001725160,"Zentalis Pharmaceuticals, Inc.",2025-01-29,2025-01-29T09:18:14-05:00,False,"7.01,8.01,9.01",OTHER,,primary_item,"Regulation FD Disclosure. On January 29, 2025, Zentalis Pharmaceuticals, Inc. (“Zentalis” or the “Company”) issued the press release furnished as Exhibit 99.1 to this Current Report on Form 8-K (this “Current Report”) and incorporated herein by refer"
0001725160-25-000006,0001725160,"Zentalis Pharmaceuticals, Inc.",2025-01-28,2025-01-28T16:07:25-05:00,True,"2.05,7.01,8.01,9.01",CORPORATE,CORPORATE,primary_item,"Costs Associated with Exit or Disposal Activities. On January 22, 2025, the Board of Directors (the “Board”) of Zentalis Pharmaceuticals, Inc. (the “Company”) approved a strategic restructuring of the Company to support execution of late-stage develo"
0001725160-24-000177,0001725160,"Zentalis Pharmaceuticals, Inc.",2024-11-13,2024-11-13T08:06:01-05:00,False,"5.02,7.01,9.01",CORPORATE,CORPORATE,primary_item,"Departure of Directors or Certain Officers; Election of Directors; Appointment of Certain Officers; Compensatory Arrangements of Certain Officers. Chief Executive Officer Transition On November 12, 2024, the Board of Directors (the “Board”) of Zental"
0001725160-24-000161,0001725160,"Zentalis Pharmaceuticals, Inc.",2024-09-16,2024-09-16T07:02:19-04:00,False,"7.01,8.01,9.01",OTHER,,primary_item,"Regulation FD Disclosure. On September 16, 2024, Zentalis Pharmaceuticals, Inc. (the “Company”) issued the press release furnished as Exhibit 99.1 to this Current Report on Form 8-K (this “Current Report”) and incorporated herein by reference. The in"
0001725160-24-000131,0001725160,"Zentalis Pharmaceuticals, Inc.",2024-06-03,2024-06-03T07:00:53-04:00,False,"7.01,9.01",PRESENTATION,PRESENTATION,primary_item,"Regulation FD Disclosure. Beginning on June 3, 2024, spokespersons of Zentalis Pharmaceuticals, Inc. (the “Company”) plan to present the information in the Corporate Presentation furnished as Exhibit 99.1 to this Current Report on Form 8-K (this “Cur"
0001725160-24-000082,0001725160,"Zentalis Pharmaceuticals, Inc.",2024-04-09,2024-04-09T16:30:50-04:00,True,"7.01,9.01",PRESENTATION,PRESENTATION,primary_item,"Regulation FD Disclosure. Beginning on April 9, 2024, spokespersons of Zentalis Pharmaceuticals, Inc. (the “Company”) plan to present the information in the Corporate Presentation furnished as Exhibit 99.1 to this Current Report on Form 8-K (this ""Cu"
0001725160-24-000012,0001725160,"Zentalis Pharmaceuticals, Inc.",2024-01-25,2024-01-25T07:03:19-05:00,False,"3.01,5.02,7.01,9.01",CORPORATE,CORPORATE,primary_item,Notice of Delisting or Failure to Satisfy a Continued Listing Rule or Standard; Transfer of Listing. The disclosure under “Notification from Nasdaq” in Item 5.02 of this Current Report on Form 8-K (this “Current Report”) is incorporated by reference 
0001725160-24-000007,0001725160,"Zentalis Pharmaceuticals, Inc.",2024-01-08,2024-01-08T07:03:29-05:00,False,"7.01,8.01,9.01",OTHER,,primary_item,"Regulation FD Disclosure. On January 8, 2024, Zentalis Pharmaceuticals, Inc. (“Zentalis”) issued the press release furnished as Exhibit 99.1 to this Current Report on Form 8-K (this “Current Report”) and incorporated herein by reference. The informat"
0001725160-23-000195,0001725160,"Zentalis Pharmaceuticals, Inc.",2023-11-06,2023-11-06T09:04:15-05:00,False,"2.02,7.01,9.01",CORPORATE,CORPORATE,primary_item,"Results of Operations and Financial Condition. On November 6, 2023, Zentalis Pharmaceuticals, Inc. (the “Company”) announced its financial results for the quarter ended September 30, 2023 and commented on certain business updates. The full text of th"
0001725160-23-000161,0001725160,"Zentalis Pharmaceuticals, Inc.",2023-09-13,2023-09-13T07:00:34-04:00,False,"7.01,9.01",PRESENTATION,PRESENTATION,primary_item,"Regulation FD Disclosure. Beginning on September 13, 2023, spokespersons of Zentalis Pharmaceuticals, Inc. (the “Company”) plan to present the information in the Corporate Presentation furnished as Exhibit 99.1 to this Current Report on Form 8-K (thi"
0001725160-23-000157,0001725160,"Zentalis Pharmaceuticals, Inc.",2023-08-09,2023-08-09T16:15:16-04:00,True,"7.01,9.01",PRESENTATION,PRESENTATION,primary_item,"Regulation FD Disclosure. Beginning on August 9, 2023, spokespersons of Zentalis Pharmaceuticals, Inc. (the “Company”) plan to present the information in the Corporate Presentation furnished as Exhibit 99.1 to this Current Report on Form 8-K (this ""C"
0001725160-23-000131,0001725160,"Zentalis Pharmaceuticals, Inc.",2023-06-06,2023-06-06T09:10:13-04:00,False,"7.01,8.01,9.01",OTHER,,exhibit,Zentalis Announces Intermittent Azenosertib Monotherapy Dosing Nearly Doubles Efficacy Over Continuous Dosing ORR of 36.8% in heavily pretreated platinum-resistant ovarian cancer and USC patients treated with intermittent dosing Establishes monothera
0001725160-23-000129,0001725160,"Zentalis Pharmaceuticals, Inc.",2023-06-05,2023-06-05T14:24:49-04:00,False,"7.01,8.01,9.01",CLINICAL,CLINICAL,exhibit,"EX-99.1 2 ex991-smith_asco2023xznx.htm EX-99.1 ex991-smith_asco2023xznx A Phase 1/2 Dose Escalation Study of the BCL-2 Inhibitor ZN-d5 and the WEE1 Inhibitor Azenosertib (ZN-c3) in Patients (Pts) With Acute Myeloid Leukemia (AML) Catherine Smith1, Pa"
0001725160-23-000119,0001725160,"Zentalis Pharmaceuticals, Inc.",2023-05-26,2023-05-26T12:38:56-04:00,False,"7.01,8.01,9.01",OTHER,,primary_item,"Regulation FD Disclosure. On May 25, 2023, Zentalis Pharmaceuticals, Inc. (the “Company”) issued the press release furnished as Exhibit 99.1 to this Current Report on Form 8-K (this “Current Report”) and incorporated herein by reference. The informat"
0001725160-23-000073,0001725160,"Zentalis Pharmaceuticals, Inc.",2023-04-26,2023-04-26T17:00:46-04:00,True,"7.01,8.01,9.01",OTHER,,primary_item,"Regulation FD Disclosure. On April 26, 2023, Zentalis Pharmaceuticals, Inc. (the “Company”) issued the press release furnished as Exhibit 99.1 to this Current Report on Form 8-K (this ""Current Report"") and incorporated herein by reference. The inform"
0001725160-23-000063,0001725160,"Zentalis Pharmaceuticals, Inc.",2023-04-17,2023-04-17T09:07:43-04:00,False,"7.01,8.01,9.01",OTHER,,primary_item,"Regulation FD Disclosure. On April 17, 2023, Zentalis Pharmaceuticals, Inc. (the “Company”) issued the press release furnished as Exhibit 99.1 to this Current Report on Form 8-K (this ""Current Report"") and incorporated herein by reference. In additio"
0001725160-23-000057,0001725160,"Zentalis Pharmaceuticals, Inc.",2023-03-10,2023-03-10T16:33:09-05:00,True,7.01,OTHER,,primary_item,"Regulation FD Disclosure. Zentalis Pharmaceuticals, Inc. (the “Company”) is aware of media reports indicating that Silicon Valley Bank (“SVB”) has been closed by the California Department of Financial Protection and Innovation, which appointed the Fe"
0001725160-23-000047,0001725160,"Zentalis Pharmaceuticals, Inc.",2023-03-01,2023-03-01T07:05:58-05:00,False,"2.02,7.01",CORPORATE,CORPORATE,primary_item,"Results of Operations and Financial Condition. On March 1, 2023, Zentalis Pharmaceuticals, Inc. (the “Company”) announced its financial results for the year ended December 31, 2022. The full text of the press release issued in connection with the ann"
0001725160-23-000006,0001725160,"Zentalis Pharmaceuticals, Inc.",2023-01-09,2023-01-09T07:00:50-05:00,False,"7.01,9.01",PRESENTATION,PRESENTATION,primary_item,"Regulation FD Disclosure. Beginning on January 9, 2023, spokespersons of Zentalis Pharmaceuticals, Inc. (the “Company”) plan to present the information in the Corporate Presentation attached hereto as Exhibit 99.1 at conferences and in meetings with "
0001725160-22-000199,0001725160,"Zentalis Pharmaceuticals, Inc.",2022-11-09,2022-11-09T07:04:30-05:00,False,"2.02,7.01",CORPORATE,CORPORATE,primary_item,"Results of Operations and Financial Condition. On November 9, 2022, Zentalis Pharmaceuticals, Inc. (the “Company”) announced its financial results for the quarter ended September 30, 2022 and commented on certain business updates. The full text of th"
0001725160-22-000154,0001725160,"Zentalis Pharmaceuticals, Inc.",2022-08-09,2022-08-09T16:07:57-04:00,True,"2.02,7.01",CORPORATE,CORPORATE,primary_item,"Results of Operations and Financial Condition. On August 9, 2022, Zentalis Pharmaceuticals, Inc. (the “Company”) announced its financial results for the quarter ended June 30, 2022 and commented on certain business updates. The full text of the press"
0001725160-22-000076,0001725160,"Zentalis Pharmaceuticals, Inc.",2022-04-11,2022-04-11T16:43:35-04:00,True,"7.01,8.01,9.01",CLINICAL,CLINICAL,primary_item,"Regulation FD Disclosure. On April 11, 2022, Zentalis Pharmaceuticals, Inc. (the “Company”) issued a press release announcing interim data from the ongoing Phase 1/2 clinical trial evaluating ZN-c3 as a monotherapy for the treatment of advanced solid"
0001725160-22-000072,0001725160,"Zentalis Pharmaceuticals, Inc.",2022-04-08,2022-04-08T17:05:51-04:00,True,"7.01,8.01",CLINICAL,CLINICAL,primary_item,"Regulation FD Disclosure. On April 8, 2022, Zentalis Pharmaceuticals, Inc. (the “Company”) issued a press release announcing initial efficacy and safety data from the ongoing Phase 1b trial of ZN-c3 in combination with chemotherapy in patients with p"
0001493152-24-004066,0001357459,"PALISADE BIO, INC.",2024-01-29,2024-01-29T08:30:40-05:00,False,"7.01,9.01",CLINICAL,CLINICAL,exhibit,Palisade Bio Announces Positive Preclinical Data of Lead Program PALI-2108 at the 2024 Crohn’s & Colitis Congress – Preclinical data demonstrated PALI-2108 to be safe and well tolerated – PALI-2108 is orally delivered and colon activated allowing for
0001493152-23-039651,0001357459,"PALISADE BIO, INC.",2023-11-07,2023-11-07T09:00:20-05:00,False,"7.01,9.01",NO_TEXT,,exhibit,
0001493152-22-025929,0001357459,"PALISADE BIO, INC.",2022-09-15,2022-09-15T08:35:37-04:00,False,"2.05,7.01,9.01",CORPORATE,CORPORATE,exhibit,"Palisade Bio Streamlines Operations and Identifies Capital Efficiencies to Focus All Resources on Advancement of Lead Clinical Program, LB1148 Carlsbad, CA – September 15, 2022 /GlobeNewswire/ — Palisade Bio, Inc. (Nasdaq: PALI), a clinical stage bio"
0000950170-22-006965,0001357459,"PALISADE BIO, INC.",2022-05-03,2022-05-03T09:15:59-04:00,False,"7.01,9.01",PRESENTATION,PRESENTATION,exhibit,EX-99.1 2 pali-ex99_1.htm EX-99.1 Restoring Intestinal Barrier Health Corporate Presentation | May 2022 PALI (NASDAQ) | palisadebio.com Forward Looking Statements Statements in this presentation that are not statements of historical fact are forward-
0000950170-22-003857,0001357459,"PALISADE BIO, INC.",2022-03-16,2022-03-16T11:09:42-04:00,False,"7.01,9.01",PRESENTATION,PRESENTATION,exhibit,"EX-99.1 2 pali-ex99_1.htm EX-99.1 Restoring Intestinal Barrier Health SAGES 2022 Presentation | March 16, 2022 PALI (NASDAQ) | palisadebio.com Forward Looking Statements Statements in this presentation that are not statements of historical fact are f"
0000950170-22-001894,0001357459,"PALISADE BIO, INC.",2022-02-24,2022-02-24T11:49:36-05:00,False,"7.01,9.01",PRESENTATION,PRESENTATION,exhibit,EX-99.1 2 pali-ex99_1.htm EX-99.1 Restoring Intestinal Barrier Health Corporate Presentation | February 2022 PALI (NASDAQ) | palisadebio.com Forward Looking Statements Statements in this presentation that are not statements of historical fact are for
0000950170-22-000225,0001357459,"PALISADE BIO, INC.",2022-01-11,2022-01-10T20:28:04-05:00,True,"7.01,9.01",PRESENTATION,PRESENTATION,exhibit,EX-99.1 2 pali-ex99_1.htm EX-99.1 Restoring Intestinal Barrier Health Corporate Presentation | January 2022 PALI (NASDAQ) | palisadebio.com Forward Looking Statements Statements in this presentation that are not statements of historical fact are forw
0001193125-21-310493,0001357459,"PALISADE BIO, INC.",2021-10-28,2021-10-28T09:02:13-04:00,False,"7.01,9.01",PRESENTATION,PRESENTATION,exhibit,Restoring Intestinal Barrier Health Corporate Presentation | October 2021 PALI (NASDAQ) | palisadebio.com Forward Looking Statements Statements in this presentation that are not statements of historical fact are forward-looking statements. Such forwa
0001171843-21-006440,0001357459,"PALISADE BIO, INC.",2021-09-13,2021-09-13T08:00:56-04:00,False,"7.01,9.01",PRESENTATION,PRESENTATION,primary_item,"Regulation FD Disclosure. On September 13, 2021 Palisade Bio, Inc. (the “Company”) released a revised corporate presentation which it made available on its website. A copy of the corporate presentation is attached hereto as Exhibit 99.1 to this Curre"
0001171843-21-003941,0001357459,"PALISADE BIO, INC.",2021-06-01,2021-06-01T17:24:59-04:00,True,"7.01,9.01",PRESENTATION,PRESENTATION,primary_item,"Regulation FD Disclosure. On June 1, 2021 Palisade Bio, Inc. (the “ Company ”) released a revised corporate presentation which it made available on its website. A copy of the corporate presentation is attached hereto as Exhibit 99.1 to this Current R"
0001171843-21-002837,0001357459,"PALISADE BIO, INC.",2021-04-28,2021-04-28T08:00:44-04:00,False,"7.01,9.01",PRESENTATION,PRESENTATION,primary_item,"Regulation FD Disclosure. On April 28, 2021 at 11:00 a.m. ET, Palisade Bio, Inc. (the “ Company ”) intends to hold a conference call and webcast. A copy of the corporate presentation to be presented during the conference call and webcast is attached "
0001171843-20-006367,0001357459,"PALISADE BIO, INC.",2020-09-09,2020-09-09T17:01:05-04:00,True,"5.07,7.01",CORPORATE,CORPORATE,primary_item,"Submission of Matters to a Vote of Security Holders On September 4, 2020, Seneca Biopharma, Inc. (“Company”) resumed its 2020 Annual Meeting (“Annual Meeting”) at 2:00 p.m. EDT, which has been previously adjourned on August 7, 2020. The Annual Meetin"
0001171843-20-005791,0001357459,"PALISADE BIO, INC.",2020-08-10,2020-08-10T17:13:27-04:00,True,"5.07,7.01,8.01,9.01",CORPORATE,CORPORATE,primary_item,"Submission of Matters to a Vote of Security Holders On August 7, 2020, Seneca Biopharma, Inc. (“Company”) held its 2020 Annual Meeting (“Annual Meeting”) at 2:00 p.m. EDT. The Annual Meeting was held virtually. Only stockholders of record as of the c"
0001171843-20-003925,0001357459,"PALISADE BIO, INC.",2020-05-21,2020-05-21T15:10:55-04:00,False,7.01,OTHER,,primary_item,"Regulation FD Disclosure. As of May 21, 2020, Seneca Biopharma, Inc. has 12,299,307 shares of its common stock, par value $0.01, issued and outstanding. The information contained in this Item 7.01 to this Current Report on Form 8-K shall not be deeme"
0001171843-20-001209,0001357459,"PALISADE BIO, INC.",2020-02-24,2020-02-24T14:17:20-05:00,False,"7.01,9.01",OTHER,,primary_item,"Regulation FD Disclosure. On February 20, 2020, Seneca Biopharma, Inc. (“Company”) commenced an outreach process focused on out licensing its stem cell asset, NSI-566. Filed herewith as Exhibit 99.01 through 99.02 are the materials being used in such"
0001171843-20-000433,0001357459,"PALISADE BIO, INC.",2020-01-23,2020-01-23T10:34:45-05:00,False,7.01,OTHER,,primary_item,"Regulation FD Disclosure. As of January 23, 2020, Seneca Biopharma, Inc. has 8,330,720 shares of its common stock, par value $0.01, issued and outstanding. The information contained in this Item 7.01 to this Current Report on Form 8-K shall not be de"
0001171843-20-000299,0001357459,"PALISADE BIO, INC.",2020-01-16,2020-01-16T17:14:50-05:00,True,"7.01,9.01",OTHER,,primary_item,"Regulation FD Disclosure. During the week of January 12, 2020, representatives of Seneca Biopharma, Inc. (“Company”) presented at both the Sachs Associates 3 rd Annual Neuroscience Innovation Forum and the Biotech Showcase, both of which were held in"
0001171843-19-007138,0001357459,"PALISADE BIO, INC.",2019-11-04,2019-11-04T15:56:08-05:00,False,"7.01,9.01",OTHER,,primary_item,"Regulation FD Disclosure. Between October 31 and November 1, 2019, Kenneth Carter, PhD, Executive Chairman of Seneca Biopharma, Inc. (the “Company”) presented during one-on-one meetings and publicly at the 7 th China Renaissance Healthcare and Life S"
0001171843-19-006101,0001357459,"PALISADE BIO, INC.",2019-09-24,2019-09-24T16:52:08-04:00,True,7.01,OTHER,,primary_item,"Regulation FD Disclosure As of September 24, 2019, Neuralstem, Inc. has 2,638,291 shares of its common stock, par value $0.01, issued and outstanding. The information contained in this Item 7.01 to this Current Report on Form 8-K shall not be deemed "
0001193805-25-001499,0001768224,Arcturus Therapeutics Holdings Inc.,2025-10-22,2025-10-22T07:50:46-04:00,False,"7.01,8.01,9.01",CLINICAL,CLINICAL,exhibit,EX-99.1 2 e664913_ex99-1.htm EX-99.2 3 e664913_ex99-2.htm Arcturus Therapeutics Provides Interim Phase 2 Data for Cystic Fibrosis (CF) Program ARCT-032 generally safe and well tolerated Meaningful trends of clinical activity observed via high resolut
0001193805-25-001368,0001768224,Arcturus Therapeutics Holdings Inc.,2025-09-26,2025-09-26T06:01:41-04:00,False,"7.01,9.01",CORPORATE,CORPORATE,exhibit,"EX-99.1 2 e664858_ex99-1.htm September 26, 2025 Meiji Seika Pharma Launches Two-Dose Vial of KOSTAIVE ® , a Self-Amplifying mRNA COVID-19 Vaccine, in Japan Meiji Seika Pharma Co., Ltd. (Headquarter: Tokyo, Japan; President and Representative Director"
0001193805-25-001247,0001768224,Arcturus Therapeutics Holdings Inc.,2025-08-29,2025-08-29T06:00:56-04:00,False,"7.01,9.01",OTHER,,exhibit,"EX-99.1 2 e664805_ex99-1.htm August 29, 2025 Meiji Seika Pharma Receives Approval in Japan for Two-Dose Vial of KOSTAIVE ® , a Self-Amplifying mRNA COVID-19 Vaccine Meiji Seika Pharma Co., Ltd. (Headquarters: Tokyo, Japan; President and Representativ"
0001193805-25-000946,0001768224,Arcturus Therapeutics Holdings Inc.,2025-06-30,2025-06-30T16:05:54-04:00,True,"7.01,9.01",CLINICAL,CLINICAL,exhibit,EX-99.1 2 e664658_ex99-1.htm Arcturus Therapeutics Announces Positive Interim Phase 2 Multiple Dose Data for Ornithine Transcarbamylase (OTC) Deficiency Program ARCT-810 significantly and consistently reduces biomarker glutamine to levels within norm
0001193805-24-001023,0001768224,Arcturus Therapeutics Holdings Inc.,2024-08-13,2024-08-13T07:54:14-04:00,False,"7.01,9.01",OTHER,,exhibit,EX-99.1 2 e663829_ex99-1.htm
0001193805-24-000842,0001768224,Arcturus Therapeutics Holdings Inc.,2024-06-24,2024-06-24T16:07:32-04:00,True,"5.02,7.01,9.01",CORPORATE,CORPORATE,exhibit,"EX-99.1 2 e663734_ex99-1.htm Arcturus Therapeutics Appoints Moncef Slaoui, Ph.D., to Board of Directors Previously Chief Scientific Advisor for Operation Warp Speed, advised U.S. President's Council of Advisors on Science and Technology, member of Ad"
0001193805-24-000392,0001768224,Arcturus Therapeutics Holdings Inc.,2024-03-19,2024-03-19T06:00:29-04:00,False,"7.01,9.01",CLINICAL,CLINICAL,exhibit,"EX-99.1 2 e619378_ex99-1.htm March 19, 2024 Positive Results of Phase III Study of Bivalent Version of Kostaive ® , Self-Amplifying mRNA Vaccine Against COVID-19 (Ancestral Strain and Omicron BA.4/5), for Booster Vaccination Conducted in Japan Meiji "
0001193805-23-000984,0001768224,Arcturus Therapeutics Holdings Inc.,2023-07-14,2023-07-14T07:53:41-04:00,False,7.01,CLINICAL,CLINICAL,primary_item,"Regulation FD Disclosure On July 13, 2023, an article titled “Booster dose of self-amplifying SARS-CoV-2 RNA vaccine vs. mRNA vaccine: a phase 3 comparison of ARCT-154 with Comirnaty” posted on medRxiv.org at https://www.medrxiv.org/content/10.1101/2"
0001193805-23-000929,0001768224,Arcturus Therapeutics Holdings Inc.,2023-06-30,2023-06-30T08:28:35-04:00,False,"7.01,9.01",OTHER,,exhibit,"EX-99.1 2 e618740_ex99-1.htm June 30 , 2023 Name of Company: Meiji Holdings Co., Ltd. Name of Representative: Kazuo Kawamura, CEO, President and Representative Director Code Number: 2269, Prime Market, Tokyo Stock Exchange Additional Application for "
0001193805-23-000619,0001768224,Arcturus Therapeutics Holdings Inc.,2023-04-28,2023-04-28T06:00:59-04:00,False,"7.01,9.01",OTHER,,exhibit,"EX-99.1 2 e618558_ex99-1.htm PRESS RELEASE DATED APRIL 28, 2023 April 28, 2023 Name of Company: Meiji Holdings Co., Ltd. Name of Representative: Kazuo Kawamura, CEO, President and Representative Director Code Number: 2269, Prime Market, Tokyo Stock E"
0001193805-23-000532,0001768224,Arcturus Therapeutics Holdings Inc.,2023-04-11,2023-04-11T09:00:25-04:00,False,"7.01,9.01",OTHER,,primary_item,"Regulation FD Disclosure. On April 11, 2023, Meiji Seika Pharma Co., Ltd., a subsidiary of Meiji Holdings Co., Ltd. (“ Meiji ”) announced that it entered into a distribution agreement with Seqirus, Inc. (“ CSL Seqirus ”), a part of CSL Limited, and o"
0001193805-22-001719,0001768224,Arcturus Therapeutics Holdings Inc.,2022-12-13,2022-12-13T16:14:42-05:00,True,"5.02,7.01,9.01",CORPORATE,CORPORATE,exhibit,"EX-99.1 2 e618121_ex99-1.htm Arcturus Appoints John Markels, Ph.D. to its Board of Directors Dr. Markels, accomplished and experienced industry executive, most recently President of Global Vaccines at Merck, to provide strategic oversight to the Comp"
0001193805-22-001712,0001768224,Arcturus Therapeutics Holdings Inc.,2022-12-13,2022-12-13T08:33:21-05:00,False,"7.01,9.01",CLINICAL,CLINICAL,primary_item,"Regulation FD Disclosure. On December 12, 2022 (December 13, 2022 (JST)), Meiji Seika Pharma Co., Ltd. (“ Meiji ”) announced it has started a Phase III clinical trial in Japan of ARCT-154, Arcturus Therapeutics Holdings Inc.’s (the “ Company ” or “ A"
0001193805-22-000036,0001768224,Arcturus Therapeutics Holdings Inc.,2022-01-11,2022-01-11T07:00:23-05:00,False,7.01,OTHER,,primary_item,Regulation FD Disclosure. Arcturus Therapeutics Holdings Inc. commenced the submission of regulatory documents to the Ministry of Health in Vietnam in December 2021 with respect to an Emergency Use Authorization application for ARCT-154 (its next gen
0001193805-21-001738,0001768224,Arcturus Therapeutics Holdings Inc.,2021-12-13,2021-12-13T17:17:45-05:00,True,"5.02,5.05,7.01,9.01",CORPORATE,CORPORATE,exhibit,"EX-99.1 3 e621155_ex99-1.htm Arcturus Therapeutics Appoints Jing Marantz, M.D., Ph.D., M.B.A. to its Board of Directors SAN DIEGO--(BUSINESS WIRE)--Dec. 13, 2021-- Arcturus Therapeutics Holdings Inc. (the “Company”, “Arcturus”, Nasdaq: ARCT), a leadi"
0001193805-21-001134,0001768224,Arcturus Therapeutics Holdings Inc.,2021-08-09,2021-08-09T16:02:19-04:00,True,"2.02,7.01,9.01",CORPORATE,CORPORATE,exhibit,"EX-99.1 2 e620853_ex99-1.htm Arcturus Therapeutics Announces Second Quarter 2021 Financial Results and mRNA Vaccine and Therapeutics Pipeline Progress ARCT-021, Arcturus’ single shot STARR™ mRNA COVID vaccine, to begin multinational placebo-controlle"
0001193805-21-000630,0001768224,Arcturus Therapeutics Holdings Inc.,2021-05-10,2021-05-10T16:21:09-04:00,True,"2.02,7.01,9.01",PRESENTATION,PRESENTATION,exhibit,EX-99.1 2 e620580_ex99-1.htm Arcturus Therapeutics Announces First Quarter 2021 Company Overview and Financial Results and Provides New Clinical Data ARCT-021 Phase 2 interim data showed favorable safety profile and greater than 90% seroconversion af
0001193805-21-000289,0001768224,Arcturus Therapeutics Holdings Inc.,2021-03-01,2021-03-01T16:20:47-05:00,True,"2.02,7.01,9.01",CLINICAL,CLINICAL,exhibit,EX-99.1 2 e620337_ex99-1.htm Arcturus Therapeutics Announces Fourth Quarter and Full Year 2020 Financial Results and Positive Clinical Updates ARCT-021 single-shot COVID-19 STARR™ mRNA vaccine to be advanced to Phase 3 clinical development – on track
0001193805-20-001508,0001768224,Arcturus Therapeutics Holdings Inc.,2020-12-08,2020-12-08T09:01:14-05:00,False,"1.01,7.01,9.01",CORPORATE,CORPORATE,exhibit,"EX-99.1 4 e620125_ex99-1.htm Arcturus Therapeutics Announces Pricing of $150 Million Public Offering of Common Stock SAN DIEGO, December 7, 2020 (GLOBE NEWSWIRE) -- Arcturus Therapeutics Holdings Inc. (the “Company”, NASDAQ: ARCT), a leading clinical"
0001193805-20-001052,0001768224,Arcturus Therapeutics Holdings Inc.,2020-08-18,2020-08-18T16:01:19-04:00,True,"1.01,7.01,9.01",CORPORATE,CORPORATE,exhibit,"EX-99.1 2 e619881_ex99-1.htm Arcturus Therapeutics Executes Definitive Supply Agreement with the Israeli Ministry of Health SAN DIEGO, Aug. 18, 2020 (GLOBE NEWSWIRE) -- Arcturus Therapeutics Holdings Inc. (the “Company”, “Arcturus”, Nasdaq: ARCT), a "
0001193805-20-000704,0001768224,Arcturus Therapeutics Holdings Inc.,2020-06-18,2020-06-18T13:15:19-04:00,False,"7.01,9.01",OTHER,,exhibit,EX-99.1 2 e619707_ex99-1.htm
0001193805-20-000622,0001768224,Arcturus Therapeutics Holdings Inc.,2020-05-21,2020-05-21T16:34:45-04:00,True,"3.02,7.01,9.01",CORPORATE,CORPORATE,exhibit,"Ultragenyx Announces Exercise of Option to Purchase Additional Stock of Arcturus Therapeutics NOVATO, Calif. and SAN DIEGO, May 21, 2020 (GLOBE NEWSWIRE) -- Ultragenyx Pharmaceutical, Inc. (Nasdaq: RARE), a biopharmaceutical company focused on the de"
0001193805-20-000030,0001768224,Arcturus Therapeutics Holdings Inc.,2020-01-10,2020-01-10T16:30:53-05:00,True,"7.01,9.01",OTHER,,exhibit,EX-99.1 2 e619284_ex99-1.htm
0001193125-19-287260,0001768224,Arcturus Therapeutics Holdings Inc.,2019-11-07,2019-11-07T16:01:05-05:00,True,"7.01,9.01",PRESENTATION,PRESENTATION,exhibit,EX-99.1 2 d829538dex991.htm EX-99.1 EX-99.1 Building the Next Generation of RNA Medicines ARCTURUS THERAPEUTICS November 2019 Exhibit 99.1 FORWARD LOOKING STATEMENTS ARCTURUS THERAPEUTICS This presentation contains forward-looking statements. These s
0001193125-19-257389,0001768224,Arcturus Therapeutics Holdings Inc.,2019-09-27,2019-09-27T16:25:33-04:00,True,"1.01,7.01,9.01",CORPORATE,CORPORATE,exhibit,"Arcturus Therapeutics Announces $9.8 Million Registered Direct Offering of Common Stock San Diego, Calif, September 26, 2019 – Arcturus Therapeutics (“Arcturus” or the “Company”), a leading RNA medicines company focused on the discovery, development "
0001193125-19-221871,0001768224,Arcturus Therapeutics Holdings Inc.,2019-08-15,2019-08-15T08:09:03-04:00,False,"7.01,9.01",CORPORATE,CORPORATE,exhibit,"Arcturus Therapeutics Announces Second Quarter Financial Results and Provides a Corporate Update • Ultragenyx Pharmaceutical, Inc. expands collaboration, becoming Arcturus’ largest shareholder • Cystic Fibrosis Foundation increases commitment to $15 "
0001193125-19-212594,0001768224,Arcturus Therapeutics Holdings Inc.,2019-08-05,2019-08-05T09:14:03-04:00,False,"1.01,7.01,9.01",CORPORATE,CORPORATE,exhibit,"Arcturus Therapeutics Announces $2.3 Million Additional Registered Direct Offering of Common Stock San Diego, Calif, August 2, 2019 – Arcturus Therapeutics (“Arcturus” or the “Company”), a leading RNA medicines company focused on the discovery, devel"
0001193125-19-212082,0001768224,Arcturus Therapeutics Holdings Inc.,2019-08-02,2019-08-02T16:29:33-04:00,True,"1.01,7.01,9.01",CORPORATE,CORPORATE,exhibit,"Arcturus Therapeutics Announces $10.9 Million Registered Direct Offering of Common Stock San Diego, Calif, August 1, 2019 – Arcturus Therapeutics (“Arcturus” or the “Company”), a leading RNA medicines company focused on the discovery, development and"
0001193125-19-176908,0001768224,Arcturus Therapeutics Holdings Inc.,2019-06-20,2019-06-20T06:06:04-04:00,False,"1.01,3.02,5.02,7.01,9.01",OTHER,,exhibit,Ultragenyx and Arcturus Therapeutics Expand Existing Research Collaboration and License Agreement to Develop Additional Nucleic Acid Therapies for Rare Diseases • Scope of the collaboration expands to include up to 12 rare disease targets and include
0001193125-19-176112,0001768224,Arcturus Therapeutics Holdings Inc.,2019-06-19,2019-06-19T09:31:46-04:00,False,"7.01,9.01",PRESENTATION,PRESENTATION,exhibit,EX-99.1 2 d754519dex991.htm EX-99.1 EX-99.1 Building the Next Generation of RNA Medicines ARCTURUS THERAPEUTICS June 2019 Exhibit 99.1 FORWARD LOOKING STATEMENTS ARCTURUS THERAPEUTICS This presentation contains forward-looking statements. These state
0001193125-25-250674,0001434316,FATE THERAPEUTICS INC,2025-10-27,2025-10-27T07:00:13-04:00,False,"7.01,8.01,9.01",CLINICAL,"CLINICAL,REGULATORY",exhibit,"Fate Therapeutics Presents New Clinical Data at ACR Convergence 2025 Demonstrating Immune Remodeling and Durable Responses in Patients with Systemic Lupus Erythematosus Treated with FT819 Off-the-Shelf CAR T-Cell Therapy As of a September 25, 2025 da"
0001193125-25-238989,0001434316,FATE THERAPEUTICS INC,2025-10-14,2025-10-14T16:02:55-04:00,True,"5.02,7.01,9.01",CORPORATE,CORPORATE,exhibit,"Fate Therapeutics Expands Leadership Team with Appointment of Kamal Adawi as Chief Financial Officer San Diego, CA – October 14, 2025 – Fate Therapeutics, Inc. (NASDAQ: FATE) (the Company), a clinical-stage biopharmaceutical company dedicated to brin"
0001193125-25-132301,0001434316,FATE THERAPEUTICS INC,2025-05-30,2025-05-30T17:15:02-04:00,True,"5.02,5.03,5.07,7.01,9.01",CORPORATE,CORPORATE,exhibit,"Fate Therapeutics Appoints Matthew Abernethy, M.B.A., to its Board of Directors San Diego, CA – May 30, 2025 – Fate Therapeutics, Inc. (NASDAQ: FATE), a clinical-stage biopharmaceutical company dedicated to bringing a pipeline of induced pluripotent "
0001193125-24-268003,0001434316,FATE THERAPEUTICS INC,2024-11-29,2024-11-29T14:33:53-05:00,False,"5.02,7.01,9.01",OTHER,,exhibit,"Fate Therapeutics Announces Leadership Transition Bob Valamehr, Ph.D. MBA, To Become President and CEO January 1, 2025 Scott Wolchko To Retire as President and CEO after 10 years of Leadership in Pioneering iPSC-derived Cellular Immunotherapies San D"
0001193125-24-189911,0001434316,FATE THERAPEUTICS INC,2024-07-31,2024-07-31T16:03:29-04:00,True,"5.02,7.01,9.01",CORPORATE,CORPORATE,exhibit,"Fate Therapeutics Appoints Neely Mozaffarian, MD, PhD, FACR, to its Board of Directors San Diego, CA – July 31, 2024 – Fate Therapeutics, Inc. (NASDAQ: FATE), a clinical-stage biopharmaceutical company dedicated to bringing a first-in-class pipeline "
0001193125-24-134840,0001434316,FATE THERAPEUTICS INC,2024-05-09,2024-05-09T09:01:04-04:00,False,"7.01,8.01,9.01",CLINICAL,CLINICAL,exhibit,Fate Therapeutics Announces First Lupus Patient Treated in Phase 1 Autoimmunity Study of Off-the-shelf FT819 CAR T-cell Program Pre-treatment Sample of Patient’s Blood Showed Rapid and Potent Depletion of CD19+ B Cells in Ex Vivo Cytotoxicity Assay w
0000950170-22-022488,0001434316,FATE THERAPEUTICS INC,2022-11-07,2022-11-07T13:21:26-05:00,False,"1.01,7.01,9.01",OTHER,,exhibit,"EX-99.1 3 fate-ex99_1.htm EX-99.1 EX-99.1 Fate Therapeutics Announces Exercise by ONO Pharmaceutical of Option to HER2-targeted CAR T-Cell Product Candidate for Solid Tumors Multiplexed-engineered, iPSC-derived CAR T-cell Product Candidate Demonstrat"
0000950170-22-012381,0001434316,FATE THERAPEUTICS INC,2022-06-30,2022-06-30T16:06:42-04:00,True,"1.01,7.01,9.01",OTHER,,exhibit,"EX-99.1 2 fate-ex99_1.htm EX-99.1 EX-99.1 Fate Therapeutics Announces Expansion of Solid Tumor Collaboration with ONO Pharmaceutical for Off-the-Shelf, iPSC-derived CAR NK and CAR T-Cell Cancer Immunotherapies ONO to Contribute Novel Binding Domains "
0001193125-21-235830,0001434316,FATE THERAPEUTICS INC,2021-08-04,2021-08-04T09:20:33-04:00,False,"5.02,7.01,9.01",CORPORATE,CORPORATE,exhibit,"Fate Therapeutics Appoints Yuan Xu to its Board of Directors San Diego, CA – August 4, 2021 – Fate Therapeutics, Inc. (NASDAQ: FATE), a clinical-stage biopharmaceutical company dedicated to the development of programmed cellular immunotherapies for c"
0001564590-20-040672,0001434316,FATE THERAPEUTICS INC,2020-08-19,2020-08-19T16:01:20-04:00,True,"5.02,5.03,7.01,9.01",CORPORATE,CORPORATE,exhibit,"Fate Therapeutics Appoints Edward Dulac as Chief Financial Officer San Diego, CA – August 19, 2020 – Fate Therapeutics, Inc. (NASDAQ: FATE), a clinical-stage biopharmaceutical company dedicated to the development of programmed cellular immunotherapie"
0001564590-20-021242,0001434316,FATE THERAPEUTICS INC,2020-05-05,2020-05-05T16:03:18-04:00,True,"5.02,5.07,7.01,9.01",CORPORATE,CORPORATE,exhibit,"Fate Therapeutics Announces Changes to its Board of Directors San Diego CA – May 5, 2020 – Fate Therapeutics, Inc. (NASDAQ: FATE), a clinical-stage biopharmaceutical company dedicated to the development of programmed cellular immunotherapies for canc"
0001564590-20-015011,0001434316,FATE THERAPEUTICS INC,2020-04-02,2020-04-02T16:55:58-04:00,True,"1.01,3.02,7.01,8.01,9.01",OTHER,,exhibit,Fate Therapeutics Announces Worldwide Collaboration with Janssen for Novel iPSC-derived Cell-based Cancer Immunotherapies ꟷ Collaboration leverages Company’s iPSC product platform and Janssen’s proprietary tumor-targeting antigen binders to create no
0001564590-19-025146,0001434316,FATE THERAPEUTICS INC,2019-07-17,2019-07-17T16:03:21-04:00,True,"5.02,7.01,9.01",CORPORATE,CORPORATE,exhibit,"Fate Therapeutics Announces the Appointment of Dr. Shefali Agarwal to its Board of Directors San Diego, CA – July 17, 2019 – Fate Therapeutics, Inc. (NASDAQ: FATE), a clinical-stage biopharmaceutical company dedicated to the development of programmed"
0001564590-19-008253,0001434316,FATE THERAPEUTICS INC,2019-03-18,2019-03-18T16:01:24-04:00,True,"5.02,7.01,9.01",CORPORATE,CORPORATE,exhibit,"Fate Therapeutics Announces the Appointment of Karin Jooss, Ph.D. to its Board of Directors San Diego, CA – March 18, 2019 – Fate Therapeutics, Inc. (NASDAQ: FATE), a clinical-stage biopharmaceutical company dedicated to the development of programmed"
0000950170-25-111319,0000876343,"Lineage Cell Therapeutics, Inc.",2025-08-26,2025-08-26T09:14:05-04:00,False,"7.01,8.01,9.01",REGULATORY,REGULATORY,primary_item,"Regulation FD Disclosure. On August 26, 2025, Lineage Cell Therapeutics, Inc. (“we,” “us,” “our,” the “Company,” or “Lineage”) issued a press release announcing that it entered into a multi-year research collaboration agreement with William Demant In"
0000950170-25-088738,0000876343,"Lineage Cell Therapeutics, Inc.",2025-06-23,2025-06-23T09:26:11-04:00,False,"7.01,8.01,9.01",CLINICAL,CLINICAL,exhibit,EX-99.1 2 lctx-ex99_1.htm EX-99.1 EX-99.1 OPREGEN ® (RG6501) 36-MONTH VISUAL ACUITY RESULTS FEATURED AT CLINICAL TRIALS AT THE SUMMIT 2025 • Mean vision gains of +9 letters among patients with extensive coverage of OpRegen cell therapy to the Geograp
0000950170-25-009227,0000876343,"Lineage Cell Therapeutics, Inc.",2025-01-27,2025-01-27T16:30:09-05:00,True,"5.07,7.01,8.01,9.01",CORPORATE,CORPORATE,exhibit,EX-99.1 3 lctx-ex99_1.htm EX-99.1 EX-99.1 Lineage Cell Therapeutics Announces CLOSING OF SECOND TRANCHE OF PREVIOUSLY ANNOUNCED Registered Direct Offering Lineage Has Now Received $30 Million in Gross Proceeds and May Receive an Additional $36 Millio
0000950170-24-129402,0000876343,"Lineage Cell Therapeutics, Inc.",2024-11-20,2024-11-20T17:08:36-05:00,True,"1.01,7.01,8.01,9.01",CORPORATE,CORPORATE,exhibit,Lineage Cell Therapeutics Announces Pricing of up to $66 Million Registered Direct Offering $30 Million Upfront With Up to an Additional $36 Million of Aggregate Gross Proceeds Upon the Exercise in Full of Clinical Milestone-linked Common Warrants CA
0001493152-23-002127,0000876343,"Lineage Cell Therapeutics, Inc.",2023-01-23,2023-01-23T08:00:45-05:00,False,"7.01,9.01",NO_TEXT,,exhibit,
0001493152-22-012893,0000876343,"Lineage Cell Therapeutics, Inc.",2022-05-12,2022-05-11T19:54:49-04:00,True,"7.01,8.01,9.01",CLINICAL,CLINICAL,exhibit,"RG6501 (OPREGEN ® ) PHASE 1/2A CLINICAL RESULTS SUPPORT THE POTENTIAL FOR OPREGEN TO SLOW, STOP OR REVERSE DISEASE PROGRESSION IN GEOGRAPHIC ATROPHY SECONDARY TO AGE-RELATED MACULAR DEGENERATION ● 12-Month Primary Endpoint Data Suggest OpRegen is Wel"
0001493152-21-031964,0000876343,"Lineage Cell Therapeutics, Inc.",2021-12-20,2021-12-20T06:06:13-05:00,False,"1.01,7.01,9.01",OTHER,,exhibit,LINEAGE ESTABLISHES EXCLUSIVE WORLDWIDE COLLABORATION WITH GENENTECH FOR THE DEVELOPMENT AND COMMERCIALIZATION OF OPREGEN ® RPE CELL THERAPY FOR THE TREATMENT OF OCULAR DISORDERS ● Genentech Will Pay Lineage $50 Million Upfront ● Eligible to Receive 
0001493152-21-031281,0000876343,"Lineage Cell Therapeutics, Inc.",2021-12-13,2021-12-13T16:10:29-05:00,True,"7.01,8.01,9.01",REGULATORY,REGULATORY,exhibit,Lineage Reports Fourth Case of Retinal Tissue Restoration With OpRegen ® ● Four Patients With Dry Age-Related Macular Degeneration Observed to Have Areas of Geographic Atrophy Which Diminished or Remained Unchanged Relative to Baseline for a Period o
0001493152-21-024236,0000876343,"Lineage Cell Therapeutics, Inc.",2021-09-30,2021-09-30T17:29:25-04:00,True,"7.01,8.01,9.01",CLINICAL,"CLINICAL,REGULATORY",exhibit,"PROMISING NEW OpREGEN ® CLINICAL DATA FEATURED AT 54 TH ANNUAL RETINA SOCIETY MEETING IN PODIUM PRESENTATION BY CHRISTOPHER D. RIEMANN, M.D. Statistically Significant Evidence of a Treatment Effect with OpRegen Observed in Cohort 4 Patients CARLSBAD,"
0001493152-21-013294,0000876343,"Lineage Cell Therapeutics, Inc.",2021-06-01,2021-06-01T07:00:14-04:00,False,"7.01,8.01,9.01",CLINICAL,CLINICAL,exhibit,LINEAGE CELL THERAPEUTICS REPORTS ADDITIONAL CASES OF RETINAL TISSUE RESTORATION IN DRY AMD PATIENTS TREATED WITH OPREGEN ® RPE CELLS ● Restoration Was Observed in Two Additional Patients in a Phase 1/2a Clinical Study of OpRegen ● An Earlier and Fir
0001493152-21-010348,0000876343,"Lineage Cell Therapeutics, Inc.",2021-05-03,2021-05-03T17:00:18-04:00,True,"7.01,8.01,9.01",CLINICAL,CLINICAL,exhibit,OpREGEN ® CLINICAL DATA CONTINUES TO DEMONSTRATE IMPROVEMENTS IN PATIENTS WITH DRY AMD WITH GEOGRAPHIC ATROPHY ● Eighty-Three Percent of All Cohort 4 Patients Exhibited Stable or Improved BCVA ● Visual Acuity Declined in the Majority of Untreated Eye
0001493152-21-000268,0000876343,"Lineage Cell Therapeutics, Inc.",2021-01-06,2021-01-06T09:00:29-05:00,False,"7.01,9.01",NO_TEXT,,exhibit,
0001493152-20-000483,0000876343,"Lineage Cell Therapeutics, Inc.",2020-01-13,2020-01-13T06:07:14-05:00,False,"7.01,9.01",OTHER,,exhibit,EX-99.1 2 ex99-1.htm
0001193125-25-100447,0001274737,EXAGEN INC.,2025-04-28,2025-04-28T16:05:13-04:00,True,"1.01,2.03,3.02,7.01,9.01",OTHER,,exhibit,"Exagen Inc. Announces Senior Secured Credit Facility with Perceptive Advisors $25 Million Funded at Close to Refinance Existing Debt and Extend Maturity Additional Borrowing Capacity Provides Minimally Dilutive Growth Capital April 28, 2025 Carlsbad,"
0001274737-23-000004,0001274737,EXAGEN INC.,2023-01-23,2023-01-23T09:00:18-05:00,False,"5.03,7.01,9.01",OTHER,,primary_item,"Amendments to Articles of Incorporation or Bylaws; Change in Fiscal Year. On January 19, 2023, the board of directors (the “Board”) of Exagen Inc. (the “Company”) adopted an amendment (the “Bylaws Amendment”) to the amended and restated bylaws of the"
0001274737-23-000002,0001274737,EXAGEN INC.,2023-01-09,2023-01-09T09:00:29-05:00,False,"2.02,7.01,8.01,9.01",OTHER,,primary_item,"Results of Operations and Financial Conditions. The Company is providing certain preliminary financial information and results of operations for the three months and year ended December 31, 2022, based on currently available information. The Company’"
0001274737-22-000067,0001274737,EXAGEN INC.,2022-10-20,2022-10-20T16:05:41-04:00,True,"5.02,7.01,9.01",CORPORATE,CORPORATE,primary_item,"Departure of Directors or Certain Officers; Election of Directors; Appointment of Certain Officers; Compensatory Arrangements of Certain Officers. On October 17, 2022, Exagen Inc. (the “Company”) announced that John Aballi has been appointed as Presi"
0001274737-22-000003,0001274737,EXAGEN INC.,2022-01-10,2022-01-10T08:25:26-05:00,False,"7.01,9.01",OTHER,,primary_item,"Regulation FD Disclosure. Exagen Inc. is furnishing with this Current Report on Form 8-K a copy of its current presentation slides regarding its AVISE ® RADR testing solution. The information in these slides shall not be deemed ""filed"" for purposes o"
0001815776-25-000062,0001815776,"LENZ Therapeutics, Inc.",2025-09-30,2025-09-30T08:06:43-04:00,False,"7.01,8.01,9.01",OTHER,,exhibit,LENZ Therapeutics Announces Commercial Product Availability of VIZZ TM in the United States VIZZ sample distribution initiated nationwide to Eye Care Professionals Commercial product shipments to be initiated in October to consumers with broad produc
0001815776-25-000025,0001815776,"LENZ Therapeutics, Inc.",2025-04-15,2025-04-15T08:37:38-04:00,False,"2.02,7.01,8.01",OTHER,,primary_item,"Results of Operations and Financial Condition. LENZ Therapeutics, Inc. (the “Company”) is filing this Current Report on Form 8-K in connection with the previously announced Commercial Day to be held on April 15, 2025, to announce that the Company’s c"
0001815776-24-000049,0001815776,"LENZ Therapeutics, Inc.",2024-07-15,2024-07-15T08:22:04-04:00,False,"1.01,3.02,7.01,9.01",CORPORATE,CORPORATE,exhibit,"LENZ Therapeutics Announces $30 Million Investment from Ridgeback Capital SAN DIEGO, CA – July 15, 2024 – LENZ Therapeutics, Inc. (Nasdaq: LENZ or “LENZ” or the “Company”), a late clinical-stage biopharmaceutical company focused on developing the fir"
0001628280-24-012633,0001815776,"LENZ Therapeutics, Inc.",2024-03-22,2024-03-21T20:22:01-04:00,True,"2.01,3.02,3.03,4.01,5.01,5.02,5.03,5.05,5.06,7.01,9.01",OTHER,,exhibit,"EX-99.1 16 exhibit991-super8xk.htm EX-99.1 Document Report of Independent Registered Public Accounting Firm To the Shareholders and the Board of Directors of Lenz Therapeutics, Inc. Opinion on the Financial Statements We have audited the accompanying"
0001193125-24-071353,0001815776,"LENZ Therapeutics, Inc.",2024-03-19,2024-03-19T16:31:05-04:00,True,"7.01,9.01",CORPORATE,CORPORATE,primary_item,"Regulation FD Disclosure In connection with the Merger, Graphite held a special meeting of its stockholders on March 14, 2024 (the “ Special Meeting ”), at which Graphite’s stockholders approved (i) effecting a reverse stock split of Graphite’s issue"
0001193125-24-063785,0001815776,"LENZ Therapeutics, Inc.",2024-03-08,2024-03-08T17:13:02-05:00,True,"7.01,9.01",CORPORATE,CORPORATE,exhibit,"Graphite Bio Declares Special Dividend In Connection with Proposed Merger with Lenz Therapeutics Special dividend estimated to be $1.03 per share Payment of special dividend conditioned upon closing of merger SOUTH SAN FRANCISCO, CA – March 8, 2024 –"
0001193125-23-277555,0001815776,"LENZ Therapeutics, Inc.",2023-11-15,2023-11-15T08:06:35-05:00,False,"1.01,3.02,5.01,5.02,7.01,9.01",CORPORATE,CORPORATE,exhibit,"LENZ Therapeutics and Graphite Bio Announce Merger Agreement - Merger to create NASDAQ-listed, late clinical-stage biopharmaceutical company focused on advancing LENZ Therapeutics’ lead assets for the treatment of presbyopia - Combined company expect"
0000950170-23-029499,0001815776,"LENZ Therapeutics, Inc.",2023-06-23,2023-06-23T07:05:14-04:00,False,"5.02,7.01,9.01",CORPORATE,CORPORATE,exhibit,"Graphite Bio Announces Departure of Chief Financial Officer SOUTH SAN FRANCISCO, Calif., June 23, 2023 – Graphite Bio, Inc. (Nasdaq: GRPH) today announced that Alethia Young, the Company’s Chief Financial Officer, will step down from her position to "
0001564590-21-057384,0001815776,"LENZ Therapeutics, Inc.",2021-11-17,2021-11-17T09:23:33-05:00,False,"7.01,8.01,9.01",CLINICAL,CLINICAL,exhibit,EX-99 2 grph-ex99_9.htm EX-99.1 grph-ex99_9.htm Graphite Bio Enrolls First Patient in Phase 1/2 Clinical Trial of GPH101 for Sickle Cell Disease GPH101 designed to directly correct the genetic mutation responsible for sickle cell disease First patien
0001193125-25-177510,0001746466,"Equillium, Inc.",2025-08-11,2025-08-11T08:35:17-04:00,False,"1.01,3.02,7.01,9.01",OTHER,,primary_item,"Entry into a Material Definitive Agreement. Securities Purchase Agreement On August 10, 2025, Equillium, Inc., a Delaware corporation (the “Company”), entered into a Securities Purchase Agreement (the “Purchase Agreement”) with certain institutional "
0001193125-25-172207,0001746466,"Equillium, Inc.",2025-08-04,2025-08-04T08:35:59-04:00,False,"1.01,2.02,7.01,8.01,9.01",CORPORATE,CORPORATE,exhibit,"4 AUGUST 2025 Equillium Announces Strategic Expansion of Cryptocurrency Treasury Reserve Strategy Equillium, Inc. (Nasdaq: EQ), a biotechnology innovator developing novel therapies to treat severe autoimmune and inflammatory disorders, today announce"
0001193125-23-256538,0001746466,"Equillium, Inc.",2023-10-16,2023-10-16T08:05:52-04:00,False,"7.01,8.01,9.01",PRESENTATION,PRESENTATION,exhibit,"Analyst & Investor Day With Dr. Arash Mostaghimi October 16, 2023 Forward-Looking Statements This presentation contains forward-looking statements about Equillium, Inc. (the Actual results or events could differ materially from the plans, intentions "
0000950170-22-002895,0001746466,"Equillium, Inc.",2022-03-04,2022-03-04T14:00:20-05:00,False,"7.01,9.01",CLINICAL,CLINICAL,exhibit,"Equillium Announces Initiation of the Phase 3 EQUATOR Study of Itolizumab in First-line Acute Graft-Versus-Host Disease Pivotal study to enroll up to 200 patients Global study with sites expected in North America, Europe, Asia and Australia Primary e"
0001193125-22-043939,0001746466,"Equillium, Inc.",2022-02-16,2022-02-16T07:01:11-05:00,False,"1.01,2.01,2.03,3.02,7.01,8.01,9.01",OTHER,,exhibit,Equillium Acquires Bioniz Therapeutics Significantly Expanding Pipeline of Novel Immunomodulatory Drug Candidates Acquisition includes two first-in-class clinical-stage assets and proprietary product discovery platform Creates a robust immunology pip
0000950170-21-000445,0001746466,"Equillium, Inc.",2021-07-12,2021-07-12T16:00:54-04:00,True,"7.01,9.01",CLINICAL,"CLINICAL,REGULATORY",exhibit,Equillium Announces Plans to Initiate Phase 3 Pivotal Study of Itolizumab in First-line Treatment of Acute Graft-Versus-Host Disease Following End-of-Phase 1 Meeting with the FDA Single pivotal Phase 3 study in acute graft-versus-host disease to supp
0000950170-21-000344,0001746466,"Equillium, Inc.",2021-06-11,2021-06-11T07:00:33-04:00,False,"7.01,9.01",CLINICAL,CLINICAL,exhibit,Equillium Announces Positive Topline Results from the EQUATE Study in First-line Treatment of Acute Graft-Versus-Host Disease Itolizumab continues to demonstrate favorable safety and efficacy profile Rapid and durable responses resulted in clinically
0000950170-21-000338,0001746466,"Equillium, Inc.",2021-06-10,2021-06-10T11:13:29-04:00,False,"7.01,9.01",AMBIGUOUS,AMBIGUOUS,exhibit,Equillium Presents Data on Target Engagement and Modulation of CD6 on T Cells with Itolizumab at the International Society for Advancement of Cytometry Whole blood and proteomic stabilized blood assay used to elicit clinical pharmacodynamic CD6 bioma
0000950170-21-000318,0001746466,"Equillium, Inc.",2021-06-07,2021-06-07T15:13:20-04:00,False,"7.01,9.01",CORPORATE,CORPORATE,exhibit,"Equillium to Collaborate with Oxford University and Kennedy Institute of Rheumatology to Investigate Role of the CD6-ALCAM Pathway and Itolizumab in Rheumatic Diseases LA JOLLA, California, June 7, 2021 – Equillium, Inc. (Nasdaq: EQ) a clinical-stage"
0001564590-21-016669,0001746466,"Equillium, Inc.",2021-03-30,2021-03-30T16:52:34-04:00,True,"7.01,9.01",CLINICAL,"CLINICAL,REGULATORY",exhibit,Equillium Announces Favorable Data From Phase 1b EQUALISE Study in Systemic Lupus Erythematosus Patients Itolizumab administered subcutaneously was safe and well tolerated in patients with systemic lupus erythematosus Dose-dependent changes in pharma
0001564590-21-013009,0001746466,"Equillium, Inc.",2021-03-15,2021-03-15T08:02:22-04:00,False,"7.01,9.01",AMBIGUOUS,AMBIGUOUS,exhibit,Equillium Announces Positive Data for Itolizumab in Acute Graft-Versus-Host Disease in Two Presentations at the 47th Annual Meeting of the European Society for Blood and Marrow Transplantation EQUATE acute graft-versus host disease (aGVHD) study obse
0001564590-21-011597,0001746466,"Equillium, Inc.",2021-03-09,2021-03-09T07:00:15-05:00,False,"7.01,9.01",PRESENTATION,PRESENTATION,exhibit,"EX-99.1 2 eq-ex991_6.htm EX-99.1 Harnessing Novel Immunobiology March 2021 www.equilliumbio.com Exhibit 99.1 Safe Harbor Statement This presentation contains forward-looking statements about Equillium, Inc. (the “Company”). In some cases, you can ide"
0001564590-21-005752,0001746466,"Equillium, Inc.",2021-02-12,2021-02-12T15:05:28-05:00,False,"7.01,9.01",OTHER,,exhibit,"John Koreth, Alison W. Loren, Ryotaro Nakamura, Marco Mielcarek, Trent Wang, George L. Chen, Sarah Anand, Joseph A. Pidala, Edmund K. Waller, Gabrielle Meyers, Daanish Hoda, Mark Schroeder, Jeremy Pantin, Nosha Farhadfar, Cherie Ng, Lisette M. Aceved"
0001193125-20-322379,0001746466,"Equillium, Inc.",2020-12-21,2020-12-21T08:06:28-05:00,False,"1.01,5.02,7.01,9.01",CORPORATE,CORPORATE,exhibit,"Equillium Appoints Industry Veteran, Dolca Thomas, M.D. as Executive Vice President of Research & Development and Chief Medical Officer Equillium Further Strengthens Management Team with Additional Executive Hires LA JOLLA, Calif., Dec. 21, 2020 – Eq"
0001193125-20-311281,0001746466,"Equillium, Inc.",2020-12-07,2020-12-07T09:24:28-05:00,False,"7.01,9.01",REGULATORY,REGULATORY,exhibit,Equillium Presents Translational Data Demonstrating Impact of Itolizumab on Effector T Cell Function at the 2020 American Society of Hematology Annual Meeting and Exposition Studies further support itolizumab’s potential as treatment for aGVHD patien
0001193125-20-310114,0001746466,"Equillium, Inc.",2020-12-04,2020-12-04T09:07:49-05:00,False,"7.01,9.01",PRESENTATION,PRESENTATION,exhibit,"EX-99.1 2 d65522dex991.htm EX-99.1 EX-99.1 Virtual Investor / Analyst Day December 4, 2020 www.equilliumbio.com Exhibit 99.1 Safe Harbor Statement This presentation contains forward-looking statements about Equillium, Inc. (the “Company”). In some ca"
0001193125-20-304969,0001746466,"Equillium, Inc.",2020-11-30,2020-11-30T08:01:52-05:00,False,"7.01,9.01",PRESENTATION,PRESENTATION,exhibit,"Equillium to Host Virtual Investor and Analyst Day on December 4, 2020 Review positive interim data from the study of itolizumab for the treatment of acute GVHD and pipeline programs in lupus / lupus nephritis and uncontrolled asthma Featured guest s"
0001193125-20-303087,0001746466,"Equillium, Inc.",2020-11-25,2020-11-25T08:01:28-05:00,False,"7.01,9.01",PRESENTATION,PRESENTATION,exhibit,"Equillium Provides Itolizumab COVID-19 Program Update Analyst Day scheduled for December 4, 2020 LA JOLLA, Calif., Nov 25, 2020 -- Equillium, Inc. (Nasdaq: EQ), a clinical-stage biotechnology company developing itolizumab to treat severe autoimmune a"
0001193125-20-215058,0001746466,"Equillium, Inc.",2020-08-10,2020-08-10T17:21:51-04:00,True,"7.01,8.01,9.01",CLINICAL,CLINICAL,exhibit,EX-99.1 2 d949179dex991.htm EX-99.1 EX-99.1 Equillium Announces Positive Interim Data with Itolizumab in Acute GVHD Study Complete response observed in five of seven patients in first two dose cohorts COVID-19 Pre-IND meeting request and briefing pac
0001564590-19-036089,0001746466,"Equillium, Inc.",2019-10-01,2019-10-01T16:10:27-04:00,True,"1.01,2.03,3.02,7.01,8.01,9.01",PRESENTATION,PRESENTATION,exhibit,"Company Logo harnessing novel immunobiology October 2019 www. Equilliumbio.com Safe Harbor Statement This presentation contains forward-looking statements about Equillium, Inc. (the “Company”). In some cases, you can identify forward-looking statemen"
0001193125-19-130143,0001746466,"Equillium, Inc.",2019-05-01,2019-04-30T18:40:14-04:00,True,"7.01,9.01",PRESENTATION,PRESENTATION,exhibit,"EX-99.1 2 d729539dex991.htm EX-99.1 EX-99.1 Harnessing Novel Immunobiology May 2019 www.equilliumbio.com Exhibit 99.1 Safe Harbor Statement This presentation contains forward-looking statements about Equillium, Inc. (the “Company”). In some cases, yo"
0001193125-19-051928,0001746466,"Equillium, Inc.",2019-02-26,2019-02-26T16:05:13-05:00,True,"2.02,7.01,8.01,9.01",PRESENTATION,PRESENTATION,exhibit,"EX-99.1 2 d676172dex991.htm EX-99.1 EX-99.1 Harnessing Novel Immunobiology February 2019 Exhibit 99.1 Safe Harbor Statement This presentation contains forward-looking statements about Equillium, Inc. (the “Company”). In some cases, you can identify f"
0001193125-25-264748,0001774857,"Aardvark Therapeutics, Inc.",2025-11-04,2025-11-04T16:19:58-05:00,True,"7.01,8.01,9.01",OTHER,,exhibit,"EX-99.1 2 ck0001774857-ex99_1.htm EX-99.1 TAS2R Agonist ARD-101 Attenuates Weight Gain in Mice and Reduces Hunger in Adults with Obesity Zhenhuan Zheng1, Jeremy H. Pettus2, Alexa Warner1, Bryan Jones1, Megan Pugsley1, Justin Stege1, Brad Hirakawa1, M"
0001728117-25-000040,0001728117,"Gossamer Bio, Inc.",2025-06-16,2025-06-16T07:31:12-04:00,False,"7.01,8.01,9.01",CLINICAL,CLINICAL,primary_item,"Regulation FD Disclosure. On June 16, 2025, Gossamer Bio, Inc. (the “Company”) issued a press release reporting the completion of enrollment for the ongoing, global registrational Phase 3 PROSERA Study evaluating seralutinib in Functional Class II an"
0001728117-23-000094,0001728117,"Gossamer Bio, Inc.",2023-07-20,2023-07-20T16:01:04-04:00,True,"1.01,3.02,7.01,9.01",OTHER,,primary_item,"Entry into a Material Definitive Agreement On July 19, 2023, Gossamer Bio, Inc. (the “Company”) entered into a securities purchase agreement (the “Purchase Agreement”) with the purchasers named therein, including certain directors and executive offic"
0001728117-22-000057,0001728117,"Gossamer Bio, Inc.",2022-07-13,2022-07-13T08:45:41-04:00,False,"1.01,3.02,7.01,9.01",OTHER,,primary_item,"Entry into a Material Definitive Agreement On July 12, 2022, Gossamer Bio, Inc. (the “Company”) entered into a stock purchase agreement (the “Purchase Agreement”) with the purchasers named therein, including certain directors and executive officers o"
0001728117-21-000094,0001728117,"Gossamer Bio, Inc.",2021-10-12,2021-10-12T09:19:20-04:00,False,"7.01,8.01,9.01",OTHER,,primary_item,"Regulation FD Disclosure. On October 11, 2021, Gossamer Bio, Inc. (the “Company”) issued a press release reporting the addition of two CNS-penetrant Bruton's tyrosine kinase, or BTK, inhibitors to its product candidate pipeline discussed in Item 8.01"
0001564590-20-046250,0001728117,"Gossamer Bio, Inc.",2020-10-13,2020-10-13T07:40:25-04:00,False,"7.01,8.01,9.01",CLINICAL,CLINICAL,exhibit,"Gossamer Bio Announces Topline Results for Phase 2 Trials of Oral GB001 in Asthma and Chronic Rhinosinusitis - Primary endpoint of asthma worsening not met in LEDA Study, however consistent numeric reductions ranging from 32-35% observed across all t"
0001564590-20-000961,0001728117,"Gossamer Bio, Inc.",2020-01-13,2020-01-13T16:08:26-05:00,True,7.01,PRESENTATION,PRESENTATION,primary_item,"Regulation FD Disclosure. On January 13, 2019, Gossamer Bio, Inc. (the “Company”) provided an update to its corporate presentation by posting the presentation to the Company’s website, www.gossamerbio.com. The Company plans to use its website to diss"
0001564590-19-018969,0001728117,"Gossamer Bio, Inc.",2019-05-14,2019-05-14T07:31:19-04:00,False,"2.02,7.01,9.01",CLINICAL,CLINICAL,exhibit,"Gossamer Bio Announces First Quarter 2019 Financial Results – Multiple trial initiations and data readouts expected in the next 12 months – – Company to host conference call today at 8:30 a.m. ET – SAN DIEGO, Calif., May 14, 2019 – Gossamer Bio, Inc."
0000950170-25-099631,0001213037,"Cardiff Oncology, Inc.",2025-07-29,2025-07-29T16:10:34-04:00,True,"2.02,7.01,8.01",CLINICAL,CLINICAL,exhibit,EX-99.1 2 crdf-ex99_1.htm EX-99.1 EX-99.1 Cardiff Oncology Reports Second Quarter 2025 Results and Provides Business Update - Appointed Dr. Roger Sidhu as Chief Medical Officer – - Completed enrollment in randomized Phase 2 CRDF-004 trial evaluating 
0000950170-24-134749,0001213037,"Cardiff Oncology, Inc.",2024-12-10,2024-12-10T06:02:28-05:00,False,"7.01,8.01,9.01",PRESENTATION,PRESENTATION,exhibit,"EX-99.1 2 crdf-ex99_1.htm EX-99.1 DECEMBER 10, 2024 CRDF-004 Trial 1st Line RAS-mutated mCRC Initial Data Release Forward-looking statements Certain statements in this presentation are forward-looking within the meaning of the Private Securities Liti"
0001628280-24-015247,0001213037,"Cardiff Oncology, Inc.",2024-04-08,2024-04-08T16:07:11-04:00,True,"7.01,9.01",OTHER,,primary_item,"Regulation FD Disclosure On April 8, 2024, Cardiff Oncology, Inc. issued a press release announcing the presentation of five abstracts at the American Association for Cancer Research (AACR), taking place from April 5-10, 2024, in San Diego, Californi"
0001628280-24-007972,0001213037,"Cardiff Oncology, Inc.",2024-02-29,2024-02-29T16:08:01-05:00,True,"2.02,7.01,9.01",CORPORATE,CORPORATE,primary_item,"Results of Operations and Financial Conditions. On February 29, 2024, Cardiff Oncology, Inc. (the “Company”) issued a press release announcing company highlights and financial results for the fourth quarter and full year ended December 31, 2023. A co"
0001628280-24-000780,0001213037,"Cardiff Oncology, Inc.",2024-01-08,2024-01-08T09:12:29-05:00,False,"7.01,9.01",OTHER,,primary_item,"Regulation FD Disclosure Cardiff Oncology , Inc. (the “Company”) intends to conduct meetings with third parties in which its corporate slide presentation will be presented. A copy of the presentation materials is attached as Exhibit 99.1 to this Curr"
0001628280-23-036386,0001213037,"Cardiff Oncology, Inc.",2023-11-02,2023-11-02T16:06:30-04:00,True,"2.02,7.01,9.01",CORPORATE,CORPORATE,primary_item,"Results of Operations and Financial Conditions. On November 2, 2023, Cardiff Oncology, Inc. issued a press release announcing company highlights and financial results for the third quarter ended September 30, 2023. A copy of the press release is furn"
0001628280-23-033014,0001213037,"Cardiff Oncology, Inc.",2023-09-26,2023-09-26T16:07:11-04:00,True,"7.01,8.01,9.01",OTHER,,primary_item,"Regulation FD Disclosure Cardiff Oncology , Inc. (the “Company”) intends to conduct meetings with third parties in which its corporate slide presentation will be presented. A copy of the presentation materials is attached as Exhibit 99.1 to this Curr"
0001104659-23-088391,0001213037,"Cardiff Oncology, Inc.",2023-08-07,2023-08-07T16:42:29-04:00,True,"7.01,8.01,9.01",CLINICAL,"CLINICAL,REGULATORY",exhibit,"Exhibit 99.1 AU GU ST 7 , 2 0 2 3 mCRC Program Update and Clinical Development Plan PFIZER We expect clinical data from our 1st line RAS-mutated mCRC trial in mid-2024 mCRC clinical development program agreed with FDA • • • • • • 5 3 Annual eligible "
0001628280-23-007567,0001213037,"Cardiff Oncology, Inc.",2023-03-10,2023-03-10T16:51:28-05:00,True,7.01,OTHER,,primary_item,"Regulation FD Disclosure. Cardiff Oncology, Inc. confirms that it does not hold cash deposits or securities at Silicon Valley Bank. The information in this Item 7.01 is being furnished and shall not be deemed “filed” for the purposes of Section 18 of"
0001628280-22-025855,0001213037,"Cardiff Oncology, Inc.",2022-10-03,2022-10-03T16:12:14-04:00,True,"7.01,9.01",PRESENTATION,PRESENTATION,primary_item,"Regulation FD Cardiff Oncology, Inc. (the “Company”) is providing the most recent version of its corporate presentation (the “Corporate Presentation”), attached to this Current Report on Form 8-K as Exhibit 99.1 and incorporated into this Item 7.01 b"
0001628280-22-024744,0001213037,"Cardiff Oncology, Inc.",2022-09-12,2022-09-12T16:09:53-04:00,True,"7.01,8.01,9.01",CLINICAL,CLINICAL,primary_item,"Regulation FD Disclosure On September 12, 2022, Cardiff Oncology, Inc. (the “Company”) issued a press release announcing plans to conduct a randomized Phase 2 trial of onvansertib in combination with standard-of-care (SoC) FOLFIRI/bevacizumab in seco"
0001628280-22-008987,0001213037,"Cardiff Oncology, Inc.",2022-04-12,2022-04-12T16:11:52-04:00,True,"5.02,7.01,9.01",CORPORATE,CORPORATE,primary_item,"Departure of Directors or Certain Officers; Election of Directors; Appointment of Certain Officers; Compensatory Arrangements of Certain Officers. On April 12, 2022, Cardiff Oncology, Inc. (the “Company”) announced that Katherine Ruffner, M.D., the C"
0001628280-22-008804,0001213037,"Cardiff Oncology, Inc.",2022-04-08,2022-04-08T15:34:34-04:00,False,"7.01,9.01",CLINICAL,CLINICAL,primary_item,"Regulation FD Disclosure. On April 8, 2022, Cardiff Oncology, Inc. (the “Company”) issued a press release announcing updated clinical data and new biomarker analyses from its ongoing Phase 2 trial of onvansertib in combination with abiraterone/predni"
0001628280-22-001039,0001213037,"Cardiff Oncology, Inc.",2022-01-18,2022-01-18T17:00:48-05:00,True,"7.01,9.01",AMBIGUOUS,AMBIGUOUS,primary_item,"Regulation FD Disclosure On January 11, 2022, Cardiff Oncology, Inc. (the “Company”) issued a press release announcing announced new data from its lead clinical program evaluating onvansertib in combination with standard-of-care (SOC) FOLFIRI/bevaciz"
0001628280-21-018216,0001213037,"Cardiff Oncology, Inc.",2021-09-08,2021-09-08T16:00:55-04:00,True,"7.01,9.01",AMBIGUOUS,AMBIGUOUS,primary_item,"Regulation FD Disclosure. On September 8, 2021, Cardiff Oncology, Inc. (the “Company”) issued a press release announcing new data from its lead clinical program evaluating onvansertib in combination with standard-of-care (SOC) FOLFIRI/bevacizumab for"
0001628280-21-011401,0001213037,"Cardiff Oncology, Inc.",2021-06-01,2021-06-01T10:52:26-04:00,False,"7.01,9.01",OTHER,,primary_item,"Regulation FD Disclosure Cardiff Oncology, Inc. (the “Company”) intends to conduct meetings with third parties in which its corporate slide presentation (“Company Presentation”) will be presented. The Company Presentation is attached to this Current "
0001628280-21-006756,0001213037,"Cardiff Oncology, Inc.",2021-04-12,2021-04-12T08:33:51-04:00,False,"7.01,8.01,9.01",OTHER,,primary_item,"Regulation FD Disclosure Cardiff Oncology, Inc. (the “Company”) intends to conduct meetings with third parties in which its corporate slide presentation (“Company Presentation”) will be presented. The Company Presentation is attached to this Current "
0001628280-20-017686,0001213037,"Cardiff Oncology, Inc.",2020-12-21,2020-12-21T16:18:24-05:00,True,"5.02,7.01,9.01",CORPORATE,CORPORATE,primary_item,"Departure of Directors or Certain Officers; Election of Directors; Appointment of Certain Officers; Compensatory Arrangements of Certain Officers. On December 21, 2020, Cardiff Oncology, Inc. (the “Company”) announced that Thomas H. Adams, Ph.D., Exe"
0001628280-20-013800,0001213037,"Cardiff Oncology, Inc.",2020-09-22,2020-09-21T19:19:32-04:00,True,"7.01,9.01",OTHER,,primary_item,"Regulation FD Disclosure Cardiff Oncology, Inc. (the “Company”) intends to conduct meetings with third parties in which its corporate slide presentation (“Company Presentation”) will be presented. The Company Presentation is attached to this Current "
0001628280-20-000311,0001213037,"Cardiff Oncology, Inc.",2020-01-13,2020-01-13T10:22:59-05:00,False,"7.01,9.01",OTHER,,primary_item,"Regulation FD Disclosure Trovagene, Inc. (the “Company”) intends to conduct meetings with third parties in which its corporate slide presentation (“Company Presentation”) will be presented. The Company Presentation is attached to this Current Report "
0001104659-19-040280,0001213037,"Cardiff Oncology, Inc.",2019-07-15,2019-07-15T12:03:13-04:00,False,"7.01,9.01",OTHER,,exhibit,"Trovagene Commences Non-Deal Investor Roadshow Management team to meet with investment institutions, analysts and shareholders in NYC to provide an overview of the Company and its advancing clinical development of onvansertib SAN DIEGO, CA — July 15,"
0001104659-19-034533,0001213037,"Cardiff Oncology, Inc.",2019-06-07,2019-06-07T16:06:53-04:00,True,"7.01,9.01",CORPORATE,CORPORATE,exhibit,"Trovagene Company Update Conference Call Script Friday, June 7, 2019 - 11:00 a.m. EDT (8:00 a.m. PDT) Speaker dial-in: (877) 330-2645; Conference ID: 8596214 Debrief with LHA immediately after the call: 877-852-2556; Passcode: 3106917104 Operator Wel"
0001193125-25-051990,0001226616,MEDICINOVA INC,2025-03-11,2025-03-11T16:45:50-04:00,True,"7.01,9.01",PRESENTATION,PRESENTATION,exhibit,MediciNova Corporate Presentation March 2025 Forward-Looking Statements Statements in this presentation that are not historical in nature constitute forward-looking statements within the meaning of the safe harbor provisions of the Private Securities
0001193125-19-275403,0001226616,MEDICINOVA INC,2019-10-28,2019-10-28T06:10:09-04:00,False,7.01,OTHER,,primary_item,"Regulation FD Disclosure. On October 28, 2019 (Japanese Standard Time), MediciNova, Inc. (the “Company”) filed with the Tokyo Stock Exchange, an amended version of a Japanese report referred to as “Kessan Tanshin,” which contained the Company’s finan"
0001564590-19-037824,0001226616,MEDICINOVA INC,2019-10-25,2019-10-25T06:03:30-04:00,False,7.01,CORPORATE,CORPORATE,primary_item,"Regulation FD Disclosure. On October 25, 2019 (Japanese Standard Time), MediciNova, Inc. (the “Company”) filed with the Tokyo Stock Exchange, a Japanese report referred to as “Kessan Tanshin,” which contained the Company’s financial results for the q"
0001564590-19-026232,0001226616,MEDICINOVA INC,2019-07-26,2019-07-26T06:00:41-04:00,False,7.01,CORPORATE,CORPORATE,primary_item,"Regulation FD Disclosure. On July 26, 2019 (Japanese Standard Time), MediciNova, Inc. (the “Company”) filed with the Tokyo Stock Exchange, a Japanese report referred to as “Kessan Tanshin,” which contained the Company’s financial results for the quar"
0001564590-19-013191,0001226616,MEDICINOVA INC,2019-04-26,2019-04-26T06:05:57-04:00,False,7.01,CORPORATE,CORPORATE,primary_item,"Regulation FD Disclosure. On April 26, 2019 (Japanese Standard Time), MediciNova, Inc. (the “Company”) filed with the Tokyo Stock Exchange, a Japanese report referred to as “Kessan Tanshin,” which contained the Company’s financial results for the qua"
0001564590-19-002909,0001226616,MEDICINOVA INC,2019-02-14,2019-02-14T06:00:46-05:00,False,7.01,CORPORATE,CORPORATE,primary_item,"Regulation FD Disclosure. On February 14, 2019 (Japanese Standard Time), MediciNova, Inc. (the “Company”) filed with the Tokyo Stock Exchange a Japanese report referred to as “Kessan Tanshin,” which contained the Company’s financial results for the y"
0000950170-24-135768,0001782303,"Boundless Bio, Inc.",2024-12-12,2024-12-12T16:05:09-05:00,True,"5.02,7.01,8.01,9.01",CLINICAL,CLINICAL,exhibit,"Boundless Bio Announces Pipeline and Leadership Updates Company elects not to advance BBI-825 into Part 2 portion of STARMAP clinical trial Third ecDTx program advancing, with plans for development candidate nomination by mid-2025 Operating runway ex"
0000950170-24-058186,0001782303,"Boundless Bio, Inc.",2024-05-13,2024-05-13T07:05:12-04:00,False,"2.02,7.01,9.01",CLINICAL,CLINICAL,exhibit,Boundless Bio Reports First Quarter 2024 Financial Results and Corporate Highlights BBI-355 Phase 1/2 POTENTIATE clinical trial ongoing; initiated targeted therapy combinations in patients with tumors with EGFR or FGFR oncogene amplifications First p
0001193125-25-286984,0001835579,"ImageneBio, Inc.",2025-11-19,2025-11-19T07:50:18-05:00,False,"7.01,9.01",PRESENTATION,PRESENTATION,exhibit,"ImageneBio Corporate Overview Fourth Quarter 2025 Disclaimer and forward-looking statements This investor presentation and any accompanying oral commentary have been prepared by ImageneBio, Inc. (the Company) for informational purposes only and not f"
0001193125-25-167089,0001835579,"ImageneBio, Inc.",2025-07-29,2025-07-29T06:04:46-04:00,False,"1.01,2.01,3.02,3.03,5.01,5.02,5.03,5.06,7.01,9.01",PRESENTATION,PRESENTATION,exhibit,"Corporate Overview July 2025 Disclaimer This presentation contains “forward-looking statements” under the meaning of the “safe harbor” provisions of the Private Securities Litigation Reform Act of 1995. ImageneBio, Inc.’s (“Imagene’s”) actual results"
0001193125-25-165170,0001835579,"ImageneBio, Inc.",2025-07-25,2025-07-25T12:23:39-04:00,False,"7.01,9.01",CORPORATE,CORPORATE,exhibit,"Inmagene Biopharmaceuticals Announces Completion of Merger with Ikena Oncology and Concurrent Private Placement of $75 Million The combined company will operate under the name “ImageneBio, Inc.” and will begin trading on Nasdaq under the ticker symbo"
0001193125-25-154016,0001835579,"ImageneBio, Inc.",2025-07-01,2025-07-01T16:15:28-04:00,True,"7.01,8.01,9.01",CLINICAL,CLINICAL,exhibit,"Inmagene Doses First Patient in the ADAPTIVE Phase 2b Trial of IMG-007, a Nondepleting Anti-OX40 mAb with an Extended Half-life, in Patients with Moderate-to-Severe Atopic Dermatitis • The ADAPTIVE Phase 2b trial evaluates multiple dose regimens of I"
0001193125-24-283722,0001835579,"ImageneBio, Inc.",2024-12-23,2024-12-23T08:37:31-05:00,False,"1.01,3.02,5.01,5.02,7.01,9.01",CORPORATE,CORPORATE,exhibit,"Ikena Oncology and Inmagene Biopharmaceuticals Announce Agreement for Merger and Private Placement Inmagene Biopharmaceuticals is a clinical stage company focused on developing IMG-007, a non-depleting anti-OX40 monoclonal antibody with an extended h"
0001193125-24-148112,0001835579,"ImageneBio, Inc.",2024-05-28,2024-05-28T16:24:07-04:00,True,"2.05,7.01,8.01,9.01",OTHER,,exhibit,Ikena Oncology Announces Strategic Update Ikena to discontinue development of IK-930 IK-595 dose escalation continues in RAS and RAF mutant cancers; Encouraging PK and PD profile shown to date Ended first quarter with $157.3 million; Exploring strate
0001193125-24-041504,0001835579,"ImageneBio, Inc.",2024-02-21,2024-02-21T16:29:08-05:00,True,"5.02,7.01,9.01",CORPORATE,CORPORATE,exhibit,"Ikena Oncology Appoints Caroline Germa, M.D. as Chief Medical Officer Caroline Germa, M.D., an accomplished senior executive and medical oncologist, brings over 25 years of pharmaceutical and drug development expertise Dr. Germa will drive clinical d"
0001193125-24-010227,0001835579,"ImageneBio, Inc.",2024-01-18,2024-01-18T16:26:52-05:00,True,"2.02,2.05,7.01,8.01,9.01",OTHER,,exhibit,Ikena Oncology Outlines Key Priorities and Provides Corporate Updates IK-930 optimized formulation now in the clinic; on track to deliver additional monotherapy data in 2H 2024 IK-595 first cohort treated and cleared safety evaluation window Focused 
0001193125-23-204493,0001835579,"ImageneBio, Inc.",2023-08-07,2023-08-07T08:02:59-04:00,False,"1.01,2.01,3.02,5.03,7.01,9.01",OTHER,,exhibit,"Ikena Oncology Acquires Pionyr Immunotherapeutics in All-Stock Transaction Ikena receives approximately $43 million in net cash at closing New capital will further accelerate and expand development of Ikena’s targeted oncology pipeline BOSTON, MA and"
0001193125-23-144274,0001835579,"ImageneBio, Inc.",2023-05-15,2023-05-15T09:09:10-04:00,False,"1.01,7.01,8.01,9.01",CORPORATE,CORPORATE,exhibit,"Ikena Oncology Reports First Quarter 2023 Financial Results and Highlights Advancements Across Targeted Oncology Pipeline Lead targeted oncology program in Hippo pathway, IK-930, continues to advance through dose escalation with no dose-limiting toxi"
0001193125-23-103005,0001835579,"ImageneBio, Inc.",2023-04-17,2023-04-17T09:14:00-04:00,False,"7.01,8.01,9.01",CORPORATE,CORPORATE,exhibit,"Ikena Oncology Shares Differentiation Profile of IK-930, a Novel Hippo-Pathway Inhibitor, Including Projected Therapeutic Index Advantages and Breadth of Patient Populations at AACR 2023 Annual Meeting IK-930 is a potent Hippo-pathway inhibitor that "
0001193125-22-292953,0001835579,"ImageneBio, Inc.",2022-11-28,2022-11-28T08:18:15-05:00,False,"7.01,8.01,9.01",OTHER,,exhibit,Ikena Oncology Announces New Program in Next-Generation MEK-RAF Inhibition and Provides Corporate Update Novel best-in-class MEK-RAF complex inhibitor IK-595 targets RAS pathway; IND in 2023 Novel paralog-selective TEAD inhibitor IK-930 advancing as 
0001193125-22-282059,0001835579,"ImageneBio, Inc.",2022-11-10,2022-11-10T09:11:32-05:00,False,"7.01,8.01,9.01",CLINICAL,CLINICAL,exhibit,Ikena Oncology Announces Initial Clinical Data from IK-175 Program in Urothelial Carcinoma IK-175 combined with nivolumab showed durable antitumor activity with a 20% ORR and 40% DCR in heavily pretreated urothelial carcinoma IK-175 monotherapy activ
0001193125-21-326102,0001835579,"ImageneBio, Inc.",2021-11-10,2021-11-10T16:39:40-05:00,True,"7.01,9.01",PRESENTATION,PRESENTATION,exhibit,"November 2021 Disclaimer This Presentation contains forward-looking statements and information. All statements other than statements of historical facts contained in this Presentation, including statements regarding our strategy, future financial con"
0001193125-25-256300,0000818033,"HERON THERAPEUTICS, INC. /DE/",2025-10-29,2025-10-29T16:05:33-04:00,True,"5.02,7.01,9.01",CORPORATE,CORPORATE,exhibit,"Heron Therapeutics Announces Appointment of Thomas Cusack to Board of Directors CARY, N.C., Oct. 29, 2025 (GLOBE NEWSWIRE) -- Heron Therapeutics, Inc. (Nasdaq: HRTX) (“Heron” or the Company”), a commercial-stage biotechnology company, today announced"
0000950170-24-139569,0000818033,"HERON THERAPEUTICS, INC. /DE/",2024-12-23,2024-12-23T16:05:08-05:00,True,"7.01,9.01",OTHER,,primary_item,"Regulation FD Disclosure. On December 23, 2024, Heron Therapeutics, Inc. issued a press release announcing the relocation of its corporate headquarters from San Diego, California to Cary, North Carolina. Such press release is attached hereto and furn"
0000950170-24-120902,0000818033,"HERON THERAPEUTICS, INC. /DE/",2024-11-04,2024-11-04T17:09:40-05:00,True,"5.02,7.01",CORPORATE,CORPORATE,primary_item,"Departure of Directors or Certain Officers; Election of Directors; Appointment of Certain Officers; Compensatory Arrangements of Certain Officers. On November 4, 2024, the Board of Directors (the “Board”) of Heron Therapeutics, Inc. (the “Company”) a"
0000950170-24-080026,0000818033,"HERON THERAPEUTICS, INC. /DE/",2024-07-02,2024-07-02T08:44:34-04:00,False,"7.01,9.01",REGULATORY,REGULATORY,exhibit,Heron Therapeutics Announces Acceptance of the Prior Approval Supplement Application for ZYNRELEF ® Vial Access Needle (“VAN”) -The U.S. Food and Drug Administration (“FDA”) assigned a Prescription Drug User Fee Act (“PDUFA”) goal date of September 2
0000950170-24-065636,0000818033,"HERON THERAPEUTICS, INC. /DE/",2024-05-29,2024-05-29T08:05:11-04:00,False,"7.01,9.01",REGULATORY,REGULATORY,primary_item,"Regulation FD Disclosure. On May 29, 2024, Heron Therapeutics, Inc. issued a press release announcing that it had submitted to the U.S. Food and Drug Administration the Prior Approval Supplement for ZYNRELEF ® (bupivacaine and meloxicam) extended-rel"
0001193125-23-191942,0000818033,"HERON THERAPEUTICS, INC. /DE/",2023-07-24,2023-07-24T09:12:58-04:00,False,"1.01,3.02,5.02,7.01,9.01",CORPORATE,CORPORATE,primary_item,"Entry into a Material Definitive Agreement. On July 21, 2023, Heron Therapeutics, Inc. (the “ Company ”) entered into a Securities Purchase Agreement (the “ Securities Purchase Agreement ”) for a private placement (the “ Private Placement ”) with Rub"
0001193125-23-044236,0000818033,"HERON THERAPEUTICS, INC. /DE/",2023-02-22,2023-02-22T09:05:34-05:00,False,"1.01,5.02,7.01,9.01",OTHER,,primary_item,"Entry into a Material Definitive Agreement. On February 21, 2023, Heron Therapeutics, Inc. (the “Company”) entered into a Cooperation Agreement (the “Cooperation Agreement”) with Rubric Capital Management LP and the persons and entities listed on Sch"
0000950170-23-000458,0000818033,"HERON THERAPEUTICS, INC. /DE/",2023-01-09,2023-01-09T08:40:48-05:00,False,"2.02,7.01,9.01",CORPORATE,CORPORATE,primary_item,"Results of Operations and Financial Condition. On January 9, 2023, Heron Therapeutics, Inc. (the “Company”) issued a press release announcing, among other things, certain of its preliminary financial results for the three and twelve months ended Dece"
0001564590-22-023137,0000818033,"HERON THERAPEUTICS, INC. /DE/",2022-06-14,2022-06-14T08:40:15-04:00,False,"7.01,9.01",OTHER,,exhibit,"Heron Therapeutics Announces Publication Showing ZYNRELEF ® as the Foundation of a Perioperative Non-Opioid Multimodal Analgesic Regimen Reduced Severe Pain and Opioid Use in Patients Undergoing Total Knee Arthroplasty SAN DIEGO, June 14, 2022 /PRNew"
0001564590-22-011751,0000818033,"HERON THERAPEUTICS, INC. /DE/",2022-03-25,2022-03-25T08:40:27-04:00,False,"7.01,9.01",OTHER,,exhibit,"Heron Therapeutics Secures Pass-through Payment Status for ZYNRELEF® from Centers for Medicare & Medicaid Services, Expanding Separate Reimbursement into the Hospital Outpatient Setting of Care - ZYNRELEF is the only local anesthetic with separate re"
0001564590-21-001687,0000818033,"HERON THERAPEUTICS, INC. /DE/",2021-01-21,2021-01-21T08:40:24-05:00,False,"7.01,9.01",OTHER,,primary_item,"Regulation FD Disclosure. On January 21, 2021, Heron Therapeutics, Inc. issued a press release announcing that the results from an EPOCH 1 follow-on study (NCT03718039) of the investigational agent HTX-011 in bunionectomy, have been published online,"
0001564590-21-000771,0000818033,"HERON THERAPEUTICS, INC. /DE/",2021-01-11,2021-01-11T08:40:22-05:00,False,"2.02,7.01,9.01",CORPORATE,CORPORATE,primary_item,"Results of Operations and Financial Condition. On January 11, 2021, Heron Therapeutics, Inc. (the “Company”) issued a press release announcing, among other things, certain of its financial results for the three and twelve months ended December 31, 20"
0001564590-20-043657,0000818033,"HERON THERAPEUTICS, INC. /DE/",2020-09-16,2020-09-16T08:40:26-04:00,False,"7.01,9.01",OTHER,,primary_item,"Regulation FD Disclosure. On September 16, 2020, Heron Therapeutics, Inc. issued a press release announcing that the results from EPOCH 2 follow-on study (NCT03695367) of the investigational agent HTX-011 in open inguinal hernia repair surgery with m"
0001564590-20-028307,0000818033,"HERON THERAPEUTICS, INC. /DE/",2020-06-04,2020-06-04T09:14:21-04:00,False,"7.01,9.01",CLINICAL,CLINICAL,primary_item,"Regulation FD Disclosure. On June 4, 2020, Heron Therapeutics, Inc. issued a press release announcing that the results from Study 209, a Phase 2b study of the investigational agent HTX-011 in primary unilateral total knee arthroplasty (TKA), have bee"
0001564590-20-000917,0000818033,"HERON THERAPEUTICS, INC. /DE/",2020-01-13,2020-01-13T08:41:21-05:00,False,"2.02,7.01,9.01",CORPORATE,CORPORATE,primary_item,"Results of Operations and Financial Condition. On January 13, 2020, Heron Therapeutics, Inc. (the “Company”) issued a press release announcing, among other things, certain of its financial results for the three and twelve months ended December 31, 20"
0001564590-19-046060,0000818033,"HERON THERAPEUTICS, INC. /DE/",2019-12-16,2019-12-16T16:15:50-05:00,True,"7.01,9.01",OTHER,,exhibit,"Heron Therapeutics Announces Publication of the Mechanism of Action Data for HTX-011, a D ual-Acting Local Anesthetic Being Developed for Management of Postoperative Pain SAN DIEGO, Calif. -- (PR NEWSWIRE) – December 16, 2019 -- Heron Therapeutics, I"
0001564590-19-036139,0000818033,"HERON THERAPEUTICS, INC. /DE/",2019-10-02,2019-10-02T07:57:49-04:00,False,"7.01,8.01,9.01",CLINICAL,"CLINICAL,REGULATORY",exhibit,"Heron Announces Positive Topline Results from Phase 3b Clinical Study of HTX-011 in Total Knee Arthroplasty - Mean Pain Scores Remain in Mild Range for 72 Hours following Surgery - - 75% of Patients Were Discharged without Opioids - SAN DIEGO, Calif."
0001564590-19-032608,0000818033,"HERON THERAPEUTICS, INC. /DE/",2019-08-20,2019-08-20T08:35:56-04:00,False,"7.01,9.01",CLINICAL,CLINICAL,exhibit,"Heron Therapeutics Announces Publication of Results from EPOCH 2, a Phase 3 Study of HTX-011 in Patients Undergoing Hernia Repair Surgery SAN DIEGO, Calif. – (PR NEWSWIRE) – August 20, 2019 -- Heron Therapeutics, Inc. (Nasdaq: HRTX), a commercial-sta"
0001193125-19-152334,0000818033,"HERON THERAPEUTICS, INC. /DE/",2019-05-21,2019-05-21T09:15:32-04:00,False,"7.01,9.01",CLINICAL,CLINICAL,primary_item,"Regulation FD Disclosure. On May 21, 2019, Heron Therapeutics, Inc. issued a press release announcing that the results from the pivotal Phase 3 EPOCH 1 bunionectomy study of the investigational agent HTX-011 have been published online by the Regional"
0001193125-19-146046,0000818033,"HERON THERAPEUTICS, INC. /DE/",2019-05-14,2019-05-14T08:35:32-04:00,False,"7.01,9.01",CLINICAL,CLINICAL,primary_item,"Regulation FD Disclosure. On May 14, 2019, Heron Therapeutics, Inc. issued a press release announcing topline results from a multi-center postoperative pain management study that provides real-world evidence of opioid-free recovery in patients underg"
0001193125-19-003247,0000818033,"HERON THERAPEUTICS, INC. /DE/",2019-01-07,2019-01-07T08:36:33-05:00,False,"2.02,7.01,9.01",REGULATORY,REGULATORY,exhibit,"Heron Therapeutics Highlights Progress in Pain Management and CINV Franchises - Acceptance of HTX-011 NDA for Postoperative Pain Management with Priority Review Designation; PDUFA Date of April 30, 2019 - - 90% of Patients Treated with HTX-011 Opioid"
0000950170-23-049802,0001339970,aTYR PHARMA INC,2023-09-26,2023-09-26T09:01:19-04:00,False,"7.01,8.01,9.01",PRESENTATION,PRESENTATION,exhibit,Forward Looking Statements The following slides and any accompanying oral presentation contain forward-looking statements within the meaning of the Private Securities Litigation Reform Act of 1995 and other federal securities laws. The use of words s
0000950170-23-007341,0001339970,aTYR PHARMA INC,2023-03-10,2023-03-10T17:01:10-05:00,True,7.01,CORPORATE,CORPORATE,primary_item,"Regulation FD Disclosure. aTyr Pharma, Inc. (the “Company”) is aware of reports indicating the closure of Silicon Valley Bank (“SVB”) and the appointment of the Federal Deposit Insurance Corporation (the ""FDIC"") as receiver. As of March 10, 2023, the"
0001564590-21-002003,0001339970,aTYR PHARMA INC,2021-01-25,2021-01-25T08:05:15-05:00,False,"7.01,9.01",OTHER,,exhibit,"IMMEDIATE RELEASE Contact: Ashlee Dunston Director, Investor Relations and Corporate Communications adunston@atyrpharma.com aTyr Pharma Presents Findings Further Validating NRP2 as a Potential Regulator of Solid Tumor Progression Poster highlights NR"
0001564590-21-001861,0001339970,aTYR PHARMA INC,2021-01-22,2021-01-22T08:05:27-05:00,False,"7.01,9.01",OTHER,,exhibit,"IMMEDIATE RELEASE Contact: Ashlee Dunston Director, Investor Relations and Corporate Communications adunston@atyrpharma.com aTyr Pharma to Present Poster Highlighting Research Approach for Identifying Receptor Targets for Extracellular tRNA Synthetas"
0001564590-21-000713,0001339970,aTYR PHARMA INC,2021-01-11,2021-01-08T21:01:27-05:00,True,"7.01,9.01",PRESENTATION,PRESENTATION,exhibit,Forward Looking Statements The following slides and any accompanying oral presentation contain forward-looking statements within the meaning of the Private Securities Litigation Reform Act of 1995 and other federal securities laws. The use of words s
0001564590-20-030026,0001339970,aTYR PHARMA INC,2020-06-22,2020-06-22T09:00:35-04:00,False,"7.01,9.01",REGULATORY,REGULATORY,exhibit,"EX-99.1 2 life-ex991_6.htm EX-99.1 life-ex991_6.pptx.htm Domain-specific Antibodies to Neuropilin-2 Implicate VEGF-C and Not Semaphorin 3F in Breast Cancer Stem Cell Function Leslie A. Nangle1,*, Luke Burman1, Hira Lal Goel2, Zhiwen Xu1, Kristina Ham"
0001564590-20-025993,0001339970,aTYR PHARMA INC,2020-05-18,2020-05-18T16:00:41-04:00,True,"7.01,9.01",PRESENTATION,PRESENTATION,exhibit,Forward Looking Statements The following slides and any accompanying oral presentation contain forward-looking statements within the meaning of the Private Securities Litigation Reform Act of 1995 and other federal securities laws. The use of words s
0001564590-19-019764,0001339970,aTYR PHARMA INC,2019-05-20,2019-05-20T09:00:25-04:00,False,"7.01,9.01",OTHER,,exhibit,EX-99.1 2 life-ex991_29.htm EX-99.1 life-ex991_29.pptx.htm iMod Domain Encoded by a splice variant that is enriched in human lung Inhibits human T cell activation Exogenous administration reduces fibrosis in mouse bleomycin-induced lung fibrosis mode
0001564590-19-007103,0001339970,aTYR PHARMA INC,2019-03-11,2019-03-11T09:00:28-04:00,False,"7.01,9.01",PRESENTATION,PRESENTATION,exhibit,EX-99.1 2 life-ex991_6.htm EX-99.1 life-ex991_6.pptx.htm Translating New Immune Pathways into Meaningful Medicines NASDAQ: LIFE Exhibit 99.1 Corporate Presentation March 2019 Forward-Looking Statements The following slides and any accompanying oral p
0001564590-19-004889,0001339970,aTYR PHARMA INC,2019-02-27,2019-02-27T16:05:33-05:00,True,"7.01,9.01",CLINICAL,CLINICAL,exhibit,"IMMEDIATE RELEASE Contact: Joyce Allaire Managing Director, LifeSci Advisors, LLC jallaire@lifesciadvisors.com aTyr Pharma Presents Compelling Preclinical Data Highlighting Potential of ATYR1923 to Regulate Myeloid Cell Biology During Lung Inflammati"
0001262104-25-000009,0001262104,"Lite Strategy, Inc.",2025-09-10,2025-09-10T09:00:27-04:00,False,"5.03,7.01,9.01",CORPORATE,CORPORATE,exhibit,"MEI Pharma, Inc. Rebrands as Lite Strategy, Inc., Adopts New NASDAQ Ticker ‘LITS’ Lite Strategy Rebrand Aligns with Company’s LTC Digital Asset Treasury Strategy Advised by GSR Ventures [San Diego, CA – September 10, 2025] MEI Pharma, Inc. (NASDAQ: M"
0000950170-25-102419,0001262104,"Lite Strategy, Inc.",2025-08-05,2025-08-05T08:05:27-04:00,False,"7.01,8.01,9.01",CORPORATE,CORPORATE,exhibit,"EX-99.1 2 meip-ex99_1.htm EX-99.1 EX-99.1 MEI Pharma Acquires Litecoin, Launches $100M Institutional Treasury Strategy with Charlie Lee and GSR Advising SAN DIEGO, 5 August 2025 – MEI Pharma, Inc. (NASDAQ: MEIP) (“MEI” or “the Company”) today announc"
0000950170-24-087841,0001262104,"Lite Strategy, Inc.",2024-07-30,2024-07-30T16:05:21-04:00,True,"7.01,9.01",PRESENTATION,PRESENTATION,exhibit,"EX-99.1 2 meip-ex99_1.htm EX-99.1 Voruciclib: An Oral CDK9 Inhibitor for AML and Other Malignancies July 2024 Forward Looking Statements Certain information contained in this communication that are not historical in nature are ""forward-looking statem"
0000950170-24-085347,0001262104,"Lite Strategy, Inc.",2024-07-22,2024-07-22T17:25:09-04:00,True,"2.05,5.02,7.01,9.01",CORPORATE,CORPORATE,exhibit,"MEI Pharma to Consider Strategic Alternatives Company Commences a Cash Preservation Plan Including a Reduction in Force SAN DIEGO--(BUSINESS WIRE)—July 22, 2024 – MEI Pharma, Inc. (Nasdaq: MEIP) (the “Company”) today announced that its Board of Direc"
0000950170-24-062739,0001262104,"Lite Strategy, Inc.",2024-05-21,2024-05-21T13:00:22-04:00,False,"7.01,9.01",PRESENTATION,PRESENTATION,exhibit,"EX-99.1 2 meip-ex99_1.htm EX-99.1 NASDAQ: MEIP Corporate Overview Novel drug candidates to address known resistance mechanisms to standard-of-care cancer therapies May 21, 2024 Forward Looking Statements Certain information contained in this communic"
0001193125-23-268167,0001262104,"Lite Strategy, Inc.",2023-11-01,2023-11-01T16:01:55-04:00,True,"1.01,5.02,7.01,9.01",OTHER,,exhibit,"MEI Pharma Enters into Agreement with Anson Funds and Cable Car Capital Commits to Capital Return of Up to $3.15 per Share Adds Three New Directors and Forms Capital Allocation Committee of the Board SAN DIEGO, TORONTO and SAN FRANCISCO – November 1,"
0001193125-23-249423,0001262104,"Lite Strategy, Inc.",2023-10-03,2023-10-03T06:04:00-04:00,False,"1.01,3.03,5.03,7.01,9.01",CORPORATE,CORPORATE,exhibit,"MEI Pharma Adopts Limited-Duration Stockholder Rights Plan - Responds to Substantial Stock Accumulation by Anson Advisors and Cable Car Capital - - Protects Long-Term Value of All Stockholders’ Investments in MEI Pharma - San Diego – October 2, 2023 "
0001193125-23-169500,0001262104,"Lite Strategy, Inc.",2023-06-20,2023-06-20T06:08:07-04:00,False,"7.01,9.01",CORPORATE,CORPORATE,exhibit,"MEI Pharma and Infinity Pharmaceuticals Host Video Webcast Providing Overview and Update on Pending Merger to Advance Three Promising Clinical Oncology Candidates Event Available at 8:00 a.m. Eastern Time on June 19, 2023 SAN DIEGO, CA. and CAMBRIDGE"
0001193125-23-068392,0001262104,"Lite Strategy, Inc.",2023-03-13,2023-03-13T06:05:30-04:00,False,7.01,OTHER,,primary_item,"Regulation FD Disclosure. MEI Pharma, Inc. (the “Company”) is aware of certain well-publicized recent developments involving Silicon Valley Bank (“SVB”). The Company confirms that it does not hold any deposits or securities or maintain any accounts a"
0001193125-23-046815,0001262104,"Lite Strategy, Inc.",2023-02-23,2023-02-23T17:25:46-05:00,True,"1.01,5.02,5.03,7.01,9.01",CLINICAL,CLINICAL,exhibit,MEI Pharma and Infinity Pharmaceuticals Announce Definitive Merger Agreement to Advance Three Promising Clinical Oncology Candidates Combination will create a company with a diverse product development pipeline led by a planned new global Phase 2 cli
0001193125-25-044830,0001534133,"CalciMedica, Inc.",2025-03-04,2025-03-04T07:05:24-05:00,False,"7.01,8.01,9.01",CLINICAL,CLINICAL,exhibit,"CalciMedica Presents AKI Data from a Post-Hoc Analysis of the Phase 2 CARDEA trial of Auxora ™ in Severe COVID-19 Pneumonia at the 30 th International AKI & CRRT Conference 62.7% relative reduction in mortality at day 30, which persisted through day "
0001193125-24-247004,0001534133,"CalciMedica, Inc.",2024-10-30,2024-10-30T07:24:04-04:00,False,"7.01,8.01,9.01",CLINICAL,CLINICAL,exhibit,"CalciMedica to Present Late-Breaking Positive Data, Including a Win Ratio Analysis, from Phase 2b CARPO Trial of Auxora ™ in Acute Pancreatitis (AP) at the American College of Gastroenterology (ACG) 2024 Annual Scientific Meeting Statistically signif"
0001193125-24-169805,0001534133,"CalciMedica, Inc.",2024-06-27,2024-06-27T08:45:55-04:00,False,"7.01,8.01,9.01",CLINICAL,CLINICAL,exhibit,CalciMedica Announces Positive Topline Data from Phase 2b CARPO Trial of Auxora ™ in Acute Pancreatitis (AP) Primary objective of the trial met with statistically significant dose response with up to 43.6% relative reduction (2.1 day improvement) in 
0001193125-24-033981,0001534133,"CalciMedica, Inc.",2024-02-13,2024-02-13T17:30:00-05:00,True,"7.01,8.01,9.01",PRESENTATION,PRESENTATION,exhibit,"Developing Novel Therapies for Acute Inflammatory and Immunologic Diseases February 2024 1 Forward-Looking Statements This presentation contains forward-looking statements which include, but are not limited to, statements regarding CalciMedica’s busi"
0001193125-24-011738,0001534133,"CalciMedica, Inc.",2024-01-22,2024-01-22T08:42:01-05:00,False,"1.01,2.02,3.02,7.01,8.01,9.01",OTHER,,primary_item,"Entry into a Material Definitive Agreement. Securities Purchase Agreement On January 19, 2024, CalciMedica, Inc. (the “Company”) and certain accredited investors (each an “Investor” and collectively, the “Investors”) entered into a securities purchas"
0001193125-23-167330,0001534133,"CalciMedica, Inc.",2023-06-15,2023-06-15T06:15:33-04:00,False,"7.01,9.01",PRESENTATION,PRESENTATION,exhibit,"CalciMedica Developing First-in-Class Therapies for Acute Inflammatory Diseases with High Unmet Need June 2023 Forward-Looking Statements This presentation contains forward-looking statements which include, but are not limited to, statements regardin"
0001193125-23-165409,0001534133,"CalciMedica, Inc.",2023-06-12,2023-06-12T17:02:53-04:00,True,"7.01,9.01",CORPORATE,CORPORATE,exhibit,"CalciMedica Announces Relisting on Nasdaq June 12, 2023 11:30 AM EDT LA JOLLA, Calif., June 12, 2023 (GLOBE NEWSWIRE) – CalciMedica Inc. (“CalciMedica”) (OTCQB: CALC), a clinical-stage biopharmaceutical company focused on developing therapies for lif"
0001564590-22-014650,0001534133,"CalciMedica, Inc.",2022-04-18,2022-04-18T16:48:17-04:00,True,"5.02,7.01,9.01",CORPORATE,CORPORATE,exhibit,"Graybug Vision, Inc. 6411 Beckley Street Suite North 200 (N200) Baltimore, MD 21224 www.graybug.vision Graybug Vision Appoints Dirk Sauer to Board of Directors April 13, 2022 BALTIMORE, April 13, 2022 (GLOBE NEWSWIRE) - Graybug Vision, Inc. (Nasdaq: "
0001213900-25-126825,0001074871,"Modular Medical, Inc.",2025-12-31,2025-12-31T08:47:40-05:00,False,"3.01,7.01,9.01",CORPORATE,CORPORATE,exhibit,"Modular Medical Receives 180-Day Extension to Regain Compliance with Nasdaq Minimum Bid Price Rule SAN DIEGO, Calif., December 31, 2025 – Modular Medical, Inc. (NASDAQ: MODD) (“Modular Medical” or the “Company”), an insulin delivery technology compan"
0001213900-23-098330,0001074871,"Modular Medical, Inc.",2023-12-26,2023-12-22T19:36:21-05:00,True,"7.01,9.01",PRESENTATION,PRESENTATION,exhibit,"Investor Presentation . NASDAQ:MODD 2 | Forward Looking Statements, Other Disclaimers . This presentation includes forward - looking statements within the meaning of Section 27A of the Securities Act of 1933, as amended; Section 21E of the Securities"
0001019056-22-000448,0001074871,"Modular Medical, Inc.",2022-06-13,2022-06-13T08:32:33-04:00,False,"7.01,9.01",PRESENTATION,PRESENTATION,exhibit,"Exhibit 99.1 Investor Presentation . NASDAQ:MODD 2 | Forward Looking Statements, Other Disclaimers . This presentation includes forward - looking statements within the meaning of Section 27A of the Securities Act of 1933, as amende d; Section 21E of "
0001019056-22-000231,0001074871,"Modular Medical, Inc.",2022-02-25,2022-02-24T19:52:42-05:00,True,"7.01,9.01",PRESENTATION,PRESENTATION,exhibit,"Exhibit 99.1 MODULAR MEDICAL Investor Presentation. NASDAQ:MODD Forward Looking Statements, Other Disclaimers. THIS SUMMARY IS PROVIDED ON A CONFIDENTIAL AND LIMITED BASIS, SOLELY FOR YOUR USE AS A PART OF YOUR DETERMINATION OF WHETHER TO INVEST IN T"
0001019056-21-000508,0001074871,"Modular Medical, Inc.",2021-09-30,2021-09-30T13:31:13-04:00,False,"7.01,9.01",PRESENTATION,PRESENTATION,exhibit,"Exhibit 99.1 Investor Presentation. OTCQB:MODD Forward Looking Statements, Other Disclaimers. THIS SUMMARY IS PROVIDED ON A CONFIDENTIAL AND LIMITED BASIS, SOLELY FOR YOUR USE AS A PART OF YOUR DETERMINATION OF WHETHER TO INVEST IN THE OPPORTUNITY. T"
0001493152-25-025491,0001401914,"Dare Bioscience, Inc.",2025-12-01,2025-12-01T08:01:48-05:00,False,"1.02,7.01,9.01",CLINICAL,CLINICAL,exhibit,"Daré Bioscience Announces Return of Rights to Ovaprene®; Phase 3 Program Ongoing; Positive Interim Data and Grant Funding Position Asset for Value-Maximization SAN DIEGO, December 1, 2025 — Daré Bioscience, Inc. (NASDAQ: DARE), a purpose-driven heal"
0001493152-25-012516,0001401914,"Dare Bioscience, Inc.",2025-09-02,2025-09-02T08:00:48-04:00,False,"7.01,9.01",NO_TEXT,,exhibit,
0001641172-25-018894,0001401914,"Dare Bioscience, Inc.",2025-07-14,2025-07-14T08:01:40-04:00,False,"7.01,8.01,9.01",CLINICAL,CLINICAL,exhibit,"Positive Interim Phase 3 Results Highlight Potential of Ovaprene ® , Novel Hormone-Free Contraceptive Interim Phase 3 Results Support Ovaprene’s Differentiation as a First-in-Category, Hormone-Free, Intravaginal Monthly Contraceptive SAN DIEGO, July "
0001641172-25-014238,0001401914,"Dare Bioscience, Inc.",2025-06-09,2025-06-09T08:00:40-04:00,False,"7.01,9.01",NO_TEXT,,exhibit,
0001493152-25-005533,0001401914,"Dare Bioscience, Inc.",2025-02-10,2025-02-10T08:01:08-05:00,False,"7.01,9.01",NO_TEXT,,exhibit,
0001493152-25-001871,0001401914,"Dare Bioscience, Inc.",2025-01-13,2025-01-13T08:01:35-05:00,False,"7.01,9.01",NO_TEXT,,exhibit,
0001493152-24-050117,0001401914,"Dare Bioscience, Inc.",2024-12-16,2024-12-16T08:05:12-05:00,False,"7.01,8.01,9.01",CLINICAL,CLINICAL,primary_item,"Regulation FD Disclosure. On December 16, 2024, Daré Bioscience, Inc. (“Daré,” “we,” “us,” “our” or the “Company”) issued a press release announcing Phase 3 clinical development plans for Sildenafil Cream, 3.6% (“Sildenafil Cream”) following discussi"
0001493152-24-042455,0001401914,"Dare Bioscience, Inc.",2024-10-25,2024-10-25T08:01:13-04:00,False,"7.01,9.01",NO_TEXT,,exhibit,
0001493152-24-042193,0001401914,"Dare Bioscience, Inc.",2024-10-23,2024-10-23T12:31:39-04:00,False,"1.01,7.01,9.01",OTHER,,exhibit,Daré Bioscience Selected to Receive $10 Million Award from ARPA-H’s Sprint for Women’s Health DARE-HPV is a potential first-in-category treatment for human papillomavirus (HPV)-related cervical disease which could change the treatment paradigm for cl
0001493152-24-041796,0001401914,"Dare Bioscience, Inc.",2024-10-21,2024-10-21T17:00:35-04:00,True,"1.01,3.02,7.01,9.01",OTHER,,exhibit,"Daré Bioscience Announces Common Stock Purchase Agreement for up to $15 Million with Lincoln Park Capital Fund, LLC Provides Daré access to capital at Daré’s discretion with any proceeds available to help fund portfolio advancement, such as the Phase"
0001493152-24-028443,0001401914,"Dare Bioscience, Inc.",2024-07-19,2024-07-19T08:05:26-04:00,False,"7.01,8.01,9.01",CORPORATE,CORPORATE,exhibit,"Daré Bioscience Regains Compliance with Nasdaq Minimum Bid Price Rule SAN DIEGO, July 19, 2024 (GLOBE NEWSWIRE) — Daré Bioscience, Inc. (NASDAQ: DARE), a leader in innovation for the health and wellbeing of women, announced that it was notified by t"
0001493152-24-025435,0001401914,"Dare Bioscience, Inc.",2024-06-27,2024-06-27T16:15:21-04:00,True,"3.03,5.03,7.01,8.01,9.01",OTHER,,primary_item,"Material Modification to Rights of Security Holders. To the extent required by Item 3.03 of Form 8-K, the information in Item 5.03 of this report is incorporated herein by reference. Item 5.03 Amendments to Articles of Incorporation or Bylaws; Change"
0001493152-24-017147,0001401914,"Dare Bioscience, Inc.",2024-04-30,2024-04-30T07:45:36-04:00,False,"1.01,2.01,2.03,7.01,9.01",CLINICAL,CLINICAL,exhibit,Daré Bioscience Secures $22 Million in Non-Dilutive Strategic Royalty Financing to Advance Phase 3 First-in-Category Women’s Health Product Candidates through Key Catalysts $22 million of non-dilutive capital at close provides significant capital to 
0001493152-24-003984,0001401914,"Dare Bioscience, Inc.",2024-01-26,2024-01-26T17:15:12-05:00,True,"5.02,7.01,9.01",CORPORATE,CORPORATE,exhibit,"Daré Bioscience Announces Executive Team and Board of Directors Changes SAN DIEGO, JAN. 26, 2024 — Daré Bioscience, Inc. (NASDAQ: DARE), a leader in women’s health innovation, today announced changes in company management which includes the retirem"
0001493152-24-001663,0001401914,"Dare Bioscience, Inc.",2024-01-08,2024-01-08T08:00:38-05:00,False,"7.01,9.01",NO_TEXT,,exhibit,
0001493152-23-046056,0001401914,"Dare Bioscience, Inc.",2023-12-26,2023-12-26T08:05:34-05:00,False,"1.01,2.03,3.02,7.01,9.01",CORPORATE,CORPORATE,exhibit,"Daré Bioscience Secures $12 million in Royalty-backed Investment Structure $5 million at closing and up to $7 million of additional committed funding SAN DIEGO, December, 26, 2023 – Daré Bioscience, Inc. (NASDAQ: DARE), a leader in women’s health inn"
0001493152-23-045515,0001401914,"Dare Bioscience, Inc.",2023-12-20,2023-12-20T08:05:38-05:00,False,"7.01,8.01,9.01",CLINICAL,CLINICAL,exhibit,Daré Bioscience Announces Positive Topline Pharmacokinetic and Exploratory Efficacy Results from the DARE-PDM1 Phase 1 Clinical Study Data Support Continued Clinical Development of DARE-PDM1 and its Potential as a First-in-Category Treatment for Pri
0001493152-23-038952,0001401914,"Dare Bioscience, Inc.",2023-11-01,2023-11-01T08:05:35-04:00,False,"7.01,8.01,9.01",CLINICAL,CLINICAL,exhibit,"Daré Bioscience Announces Additional Positive Data from Phase 2b RESPOND Study of Sildenafil Cream, 3.6% in Women and Proposed Endpoints and Patient Population for Phase 3 Program Additional Analyses of Phase 2b Data Conducted in Population of Study "
0001493152-23-037290,0001401914,"Dare Bioscience, Inc.",2023-10-16,2023-10-16T08:15:35-04:00,False,"7.01,8.01,9.01",REGULATORY,REGULATORY,exhibit,"Daré Bioscience Announces Achievement of First Commercial Milestone Under License Agreement for XACIATO™ (Clindamycin Phosphate) Vaginal Gel, 2%, FDA-Approved Treatment for Bacterial Vaginosis in Females 12 Years or Older Daré to receive $1.8 million"
0001493152-23-032197,0001401914,"Dare Bioscience, Inc.",2023-09-11,2023-09-11T08:15:50-04:00,False,"7.01,9.01",NO_TEXT,,exhibit,
0001493152-23-023364,0001401914,"Dare Bioscience, Inc.",2023-07-05,2023-07-05T08:05:17-04:00,False,"1.01,7.01,8.01,9.01",REGULATORY,REGULATORY,exhibit,"Daré Bioscience Provides Update on Activities to Support Commercial Launch of XACIATO™ (clindamycin phosphate) vaginal gel, 2%, FDA-Approved Treatment for Females 12 and Older with Bacterial Vaginosis Daré to receive $1 million in July 2023 and $181."
0001493152-23-020081,0001401914,"Dare Bioscience, Inc.",2023-06-05,2023-06-05T08:05:32-04:00,False,"7.01,8.01,9.01",CLINICAL,"CLINICAL,REGULATORY",exhibit,"Daré Bioscience Announces Positive Topline Data from the Exploratory Phase 2b RESPOND Study of Sildenafil Cream, 3.6% in Women with Female Sexual Arousal Disorder Sildenafil Cream-treated patients showed meaningful improvement in the co-primary endpo"
0001493152-23-000904,0001401914,"Dare Bioscience, Inc.",2023-01-09,2023-01-09T08:05:44-05:00,False,"7.01,8.01,9.01",CLINICAL,CLINICAL,exhibit,Daré Bioscience Announces Positive Pharmacokinetic (PK) Results from the DARE-HRT1 Phase 1 / 2 Study that Support the Potential of DARE-HRT1 as an Effective Hormone Therapy for both Vasomotor and Vaginal Symptoms of Menopause Daré Plans to Advance DA
0001493152-22-035118,0001401914,"Dare Bioscience, Inc.",2022-12-12,2022-12-12T08:05:18-05:00,False,"7.01,8.01,9.01",OTHER,,exhibit,"Daré Bioscience Announces New Development Program, DARE-PDM1, as a Potential First-in-Category Treatment for Primary Dysmenorrhea DARE-PDM1 Utilizes Proprietary Hydrogel Technology for Vaginal Delivery of Diclofenac, a Nonsteroidal Anti-Inflammatory;"
0001493152-22-031629,0001401914,"Dare Bioscience, Inc.",2022-11-14,2022-11-14T08:05:35-05:00,False,"7.01,8.01,9.01",CLINICAL,CLINICAL,exhibit,"Daré Bioscience Announces Positive Topline Results from DARE-VVA1 Phase 1/2 Clinical Study DARE-VVA1 Demonstrated Improvement in Vaginal Cytology Parameters and Bothersome Symptoms of Vulvar and Vaginal Atrophy (VVA), Supporting Ongoing Development I"
0001493152-22-030305,0001401914,"Dare Bioscience, Inc.",2022-11-03,2022-11-03T09:15:44-04:00,False,"7.01,9.01",OTHER,,exhibit,EX-99.1 2 ex99-1.htm
0001493152-22-028519,0001401914,"Dare Bioscience, Inc.",2022-10-17,2022-10-17T08:05:49-04:00,False,"7.01,8.01,9.01",CLINICAL,"CLINICAL,REGULATORY",exhibit,Daré Bioscience Announces Positive Efficacy Results from the DARE-HRT1 Phase 1 / 2 Study Statistically Significant Results for Improvement in both the Vasomotor and the Vaginal Symptoms of Menopause DARE-HRT1 has the potential to be the first FDA-app
0001493152-22-028049,0001401914,"Dare Bioscience, Inc.",2022-10-11,2022-10-11T09:00:17-04:00,False,"7.01,8.01,9.01",CLINICAL,"CLINICAL,REGULATORY",exhibit,"Daré Bioscience Announces IDE Approval for a Single Arm, Open-Label Pivotal Contraceptive Efficacy Study of Ovaprene ® , an Investigational Hormone-Free Monthly Intravaginal Contraceptive Ovaprene has the Potential to be the First FDA-Approved Monthl"
0001493152-22-024228,0001401914,"Dare Bioscience, Inc.",2022-08-29,2022-08-29T08:05:32-04:00,False,"7.01,8.01,9.01",CLINICAL,"CLINICAL,REGULATORY",exhibit,"Daré Bioscience Announces Interim Analysis of Phase 2b RESPOND Study of Sildenafil Cream, 3.6% in Women with Female Sexual Arousal Disorder Study Enrollment Expected to Complete in 4Q-2022 with Approximately 150 Subjects Topline Data of Phase 2b RESP"
0001493152-22-018170,0001401914,"Dare Bioscience, Inc.",2022-06-30,2022-06-30T08:05:27-04:00,False,"2.01,7.01,9.01",REGULATORY,REGULATORY,exhibit,"Daré Bioscience Announces Closing of Global License Agreement with Organon to Commercialize XACIATO™ (clindamycin phosphate vaginal gel, 2%), FDA-Approved Treatment for Females 12 and Older with Bacterial Vaginosis Daré will receive a $10 million upf"
0001493152-22-017652,0001401914,"Dare Bioscience, Inc.",2022-06-24,2022-06-24T08:05:38-04:00,False,"5.02,5.07,7.01,9.01",CORPORATE,CORPORATE,exhibit,"Daré Bioscience Announces Partial Adjournment of Annual Meeting of Stockholders to July 14, 2022 Meeting to be reconvened solely with respect to Proposal 5 SAN DIEGO, June 24, 2022 (GLOBE NEWSWIRE) – Daré Bioscience, Inc. (NASDAQ: DARE), a leader in "
0001401914-22-000022,0001401914,"Dare Bioscience, Inc.",2022-03-31,2022-03-31T07:28:54-04:00,False,"1.01,7.01,9.01",OTHER,,exhibit,News Release _________________________________________________________________________________ Organon Media Contacts: Karissa Peer Organon Investor Contacts: Jennifer Halchak (614) 314-8094 Kate Vossen (732) 675-8448 (201) 275-2711 Edward Barger (26
0001401914-21-000114,0001401914,"Dare Bioscience, Inc.",2021-08-09,2021-08-09T08:07:49-04:00,False,"7.01,8.01,9.01",REGULATORY,REGULATORY,exhibit,"Daré Bioscience Announces FDA Acceptance and Priority Review of New Drug Application for DARE-BV1 for the Treatment of Bacterial Vaginosis • Six-month priority review granted for DARE-BV1 with PDUFA target action date set for December 7, 2021. • NDA "
0001401914-21-000112,0001401914,"Dare Bioscience, Inc.",2021-07-12,2021-07-09T17:34:03-04:00,True,"1.01,7.01,9.01",OTHER,,primary_item,"Entry into a Material Definitive Agreement. On July 8, 2021, Daré Bioscience, Inc. (""Daré,"" “we,” “us,” or “our”) and the U.S. Department of Health and Human Services, as represented by the Eunice Kennedy Shriver National Institute of Child Health an"
0001401914-21-000064,0001401914,"Dare Bioscience, Inc.",2021-04-19,2021-04-19T08:54:50-04:00,False,"5.02,7.01,9.01",CORPORATE,CORPORATE,primary_item,"Departure of Directors or Certain Officers; Election of Directors; Appointment of Certain Officers; Compensatory Arrangements of Certain Officers. On and effective as of April 16, 2021, the Board of Directors (the “Board”) of Daré Bioscience, Inc. (“"
0001401914-20-000124,0001401914,"Dare Bioscience, Inc.",2020-12-07,2020-12-07T08:09:06-05:00,False,"7.01,8.01,9.01",CLINICAL,CLINICAL,exhibit,"Daré Bioscience Announces Positive Topline Results From DARE-BVFREE, a Phase 3 Trial of DARE-BV1 in Patients Diagnosed with Bacterial Vaginosis DARE-BV1 met the primary endpoint of the study and all pre-specified secondary efficacy endpoints; demonst"
0001401914-20-000007,0001401914,"Dare Bioscience, Inc.",2020-01-13,2020-01-13T07:17:59-05:00,False,"1.01,7.01,9.01",OTHER,,exhibit,"exhibit991 Exhibit 99.1 News Release Bayer and Daré Bioscience Announce Exclusive Licensing Agreement for U.S. Commercial Rights to Ovaprene®, an Investigational Hormone-Free, Monthly Contraceptive • Daré may be entitled to up to $310 million in comm"
0001401914-19-000097,0001401914,"Dare Bioscience, Inc.",2019-11-21,2019-11-21T09:08:56-05:00,False,"2.01,3.02,5.02,7.01,9.01",CORPORATE,CORPORATE,exhibit,"exhibit991pr Exhibit 99.1 Daré Bioscience Closes Previously Announced Acquisition of Microchips Biotech with a First-in-Class Wireless, User-Controlled Drug Delivery Platform Contraceptive Program Supported by up to $20.5 Million in Grant Funding fro"
0001401914-19-000088,0001401914,"Dare Bioscience, Inc.",2019-11-12,2019-11-12T07:34:31-05:00,False,"1.01,3.02,7.01,9.01",CORPORATE,CORPORATE,primary_item,"Entry into a Material Definitive Agreement. On November 10, 2019, Daré Bioscience, Inc., a Delaware corporation (“Daré”), MC Merger Sub, Inc., a Delaware corporation and a wholly owned subsidiary of Daré (“Merger Sub”), Microchips Biotech, Inc., a De"
0001411690-25-000008,0001411690,"Bionano Genomics, Inc.",2025-01-27,2025-01-27T16:05:39-05:00,True,"3.03,5.03,7.01,9.01",OTHER,,primary_item,"Material Modification to Rights of Security Holders. (a) On January 24, 2025, Bionano Genomics, Inc. (the “ Company ”) filed a Certificate of Amendment to its Amended and Restated Certificate of Incorporation, as amended (the “ Restated Certificate ”"
0001140361-25-000296,0001411690,"Bionano Genomics, Inc.",2025-01-06,2025-01-06T07:10:36-05:00,False,"1.01,7.01,8.01,9.01",CORPORATE,CORPORATE,exhibit,"Exhibit 99.1 Bionano Announces $10 Million Registered Direct Offering Priced At-the-Market under Nasdaq Rules SAN DIEGO, January 3, 2025 – Bionano Genomics, Inc. (Nasdaq: BNGO) today announced that it has entered into a definitive agreement with cert"
0001140361-25-000132,0001411690,"Bionano Genomics, Inc.",2025-01-03,2025-01-03T08:30:17-05:00,False,"1.01,3.02,7.01,9.01",CORPORATE,CORPORATE,exhibit,"Exhibit 99.1 Bionano Announces Amendment to Senior Secured Convertible Debentures in Debt Restructuring that Improves Cash Runway Provides financial flexibility by reducing near-term debt maturities, deferring principal redemption payment, and reduci"
0001140361-24-044715,0001411690,"Bionano Genomics, Inc.",2024-10-31,2024-10-31T08:50:00-04:00,False,"1.01,7.01,8.01,9.01",CORPORATE,CORPORATE,exhibit,"Exhibit 99.1 Bionano Announces $3 Million Registered Direct Offering Priced At- the-Market under Nasdaq Rules SAN DIEGO, Oct. 31, 2024 – Bionano Genomics, Inc. (Nasdaq: BNGO) today announced that it has entered into a definitive agreement with certai"
0001140361-24-040508,0001411690,"Bionano Genomics, Inc.",2024-09-09,2024-09-09T08:00:18-04:00,False,"2.05,5.02,7.01,9.01",OTHER,,primary_item,"Costs Associated with Exit or Disposal Activities. On September 4, 2024, Bionano Genomics, Inc. (the “Company”) committed to a reorganization plan (the “Plan”), including a reduction in force (the “Reduction”) intended to decrease expenses and mainta"
0001140361-24-032559,0001411690,"Bionano Genomics, Inc.",2024-07-08,2024-07-08T06:16:32-04:00,False,"1.01,3.02,7.01,8.01,9.01",CORPORATE,CORPORATE,exhibit,-1 Exhibit 99.1 Bionano Announces up to $30 Million Registered Direct Offering Priced At-The-Market Under Nasdaq Rules $10 million upfront with up to an additional $20 million upon the exercise in full of clinical milestone-linked Series Warrants SAN
0001140361-24-027553,0001411690,"Bionano Genomics, Inc.",2024-05-28,2024-05-28T08:15:32-04:00,False,"1.01,1.02,2.03,3.02,7.01,8.01,9.01",CORPORATE,CORPORATE,exhibit,"Exhibit 99.1 Bionano Announces Private Placement of Senior Secured Notes in Debt Restructuring that Improves Balance Sheet Provides significant financial flexibility by` retiring near-term debt maturities, deferring principal redemption payments, and"
0001140361-24-018181,0001411690,"Bionano Genomics, Inc.",2024-04-05,2024-04-05T09:29:33-04:00,False,"1.01,7.01,9.01",CORPORATE,CORPORATE,exhibit,"Exhibit 99.1 Bionano Announces $10 Million Registered Direct Offering Priced At-The-Market Under Nasdaq Rules SAN DIEGO, April 4, 2024 – Bionano Genomics, Inc. (Nasdaq: BNGO) today announced that it has entered into definitive agreements for the purc"
0001140361-24-009930,0001411690,"Bionano Genomics, Inc.",2024-02-28,2024-02-28T08:16:10-05:00,False,"1.01,7.01,9.01",CORPORATE,CORPORATE,exhibit,"Exhibit 99.1 Bionano Announces Amendment to Debt Financing Arrangement to Extend Cash Runway - Amendment Reduces Bionano’s Outstanding Debt - SAN DIEGO, February 28, 2024 -- Bionano Genomics, Inc. (“Bionano”) (Nasdaq: BNGO) today announced that is ha"
0001411690-23-000080,0001411690,"Bionano Genomics, Inc.",2023-11-08,2023-11-08T16:02:28-05:00,True,"2.02,7.01,9.01",CORPORATE,CORPORATE,primary_item,"Results of Operations and Financial Condition. On November 8, 2023 , Bionano Genomics, Inc. (the “Company”) issued a press release reporting its financial results for the third quarter ended September 30, 2023. The full text of the press release is a"
0001140361-23-047688,0001411690,"Bionano Genomics, Inc.",2023-10-11,2023-10-11T08:17:53-04:00,False,"1.01,2.02,2.03,2.05,3.02,7.01,9.01",OTHER,,exhibit,"Exhibit 99.1 Bionano Prices $80.0 Million Financing in Convertible Notes and Warrants, Announces Preliminary Q3 2023 Results, and Implements Streamlined Operational Plan • Bionano announced today that it has priced a financing to raise an aggregate o"
0001140361-23-039417,0001411690,"Bionano Genomics, Inc.",2023-08-14,2023-08-14T08:10:43-04:00,False,"5.02,7.01,9.01",CORPORATE,CORPORATE,exhibit,"Exhibit 99.1 Bionano Announces CFO Transition and Appointment of Gülsen Kama as Chief Financial Officer SAN DIEGO, August 14, 2023 (GLOBE NEWSWIRE) -- Bionano Genomics, Inc. (Nasdaq: BNGO) today announced that Gülsen Kama will serve as its next Chief"
0001140361-22-043313,0001411690,"Bionano Genomics, Inc.",2022-11-28,2022-11-28T17:02:16-05:00,True,"1.01,7.01,8.01,9.01",CORPORATE,CORPORATE,exhibit,Exhibit 99.1 Bionano Genomics to Acquire Purigen Biosystems to Enable Further Simplified and Accelerated DNA Isolation for Optical Genome Mapping (OGM) and Address Difficult Sample Types in New Applications with Isotachophoresis (ITP) on the Ionic Pu
0001140361-21-034291,0001411690,"Bionano Genomics, Inc.",2021-10-12,2021-10-12T08:05:44-04:00,False,"1.01,3.02,7.01,8.01,9.01",CORPORATE,CORPORATE,exhibit,"Exhibit 99.1 Bionano Genomics to Acquire BioDiscovery, Furthering Bionano’s Vision of Creating the Most Comprehensive Variant Analysis Platform in Genomics • Designed to accelerate the adoption of optical genome mapping (OGM) with the integration of "
0001372514-25-000068,0001372514,KIORA PHARMACEUTICALS INC,2025-08-13,2025-08-12T18:00:51-04:00,True,7.01,PRESENTATION,PRESENTATION,primary_item,"Regulation FD Disclosure. Kiora Pharmaceuticals, Inc. (the “Company”) hereby furnishes the updated investor presentation attached as Exhibit 99.1 to this Current Report on Form 8-K, which the Company may use in presentations to investors from time to"
0001372514-25-000050,0001372514,KIORA PHARMACEUTICALS INC,2025-06-03,2025-06-03T07:00:35-04:00,False,"1.01,7.01,9.01",OTHER,,exhibit,Kiora Pharmaceuticals and Senju Pharmaceutical Partner on KIO-301 for the Treatment of Retinal Diseases in Asia – Total potential deal value of $110 million plus royalties – Kiora to receive an immediate $1.25 million exclusive option fee – If the op
0001372514-24-000117,0001372514,KIORA PHARMACEUTICALS INC,2024-10-29,2024-10-29T07:00:23-04:00,False,"7.01,9.01",CLINICAL,CLINICAL,exhibit,"EX-99.1 2 ex991-approvaltoinitiateab.htm EX-99.1 Document Kiora Pharmaceuticals Receives Investigational New Drug Approval to Initiate ABACUS-2, a Phase 2 Clinical Trial of KIO-301 for the Treatment of Retinitis Pigmentosa Encinitas, California – Oct"
0001372514-24-000068,0001372514,KIORA PHARMACEUTICALS INC,2024-07-01,2024-07-01T07:00:32-04:00,False,"5.02,7.01,8.01,9.01",OTHER,,exhibit,"EX-99.1 2 exhibit991.htm EX-99.1 Document Biotech Executive Lisa Walters-Hoffert Joins Kiora Pharmaceuticals' Board of Directors • Ken Gayron to Step Down as a Member of the Company’s Board July 1, 2024 -- Encinitas, California -- Kiora Pharmaceutica"
0001372514-24-000013,0001372514,KIORA PHARMACEUTICALS INC,2024-02-12,2024-02-12T17:23:39-05:00,True,"7.01,9.01",PRESENTATION,PRESENTATION,primary_item,"Regulation FD Disclosure. Kiora Pharmaceuticals, Inc. (the “Company”) hereby furnishes the updated investor presentation attached as Exhibit 99.1 to this Current Report on Form 8-K, which the Company may use in presentations to investors from time to"
0001372514-24-000010,0001372514,KIORA PHARMACEUTICALS INC,2024-02-01,2024-02-01T07:01:30-05:00,False,"1.01,3.02,7.01,9.01",CORPORATE,CORPORATE,exhibit,Kiora Pharmaceuticals Announces Private Placement of up to Approximately $45 Million $15 million in upfront financing with the potential to receive up to an additional approximately $30 million in potential warrant exercise proceeds for an aggregate 
0001372514-24-000007,0001372514,KIORA PHARMACEUTICALS INC,2024-01-31,2024-01-31T17:14:40-05:00,True,"1.01,7.01,9.01",OTHER,,exhibit,"Kiora Pharmaceuticals and Théa Open Innovation Enter Strategic Agreement to Develop and Commercialize KIO-301 for the Treatment of Inherited Retinal Diseases; Total Deal Value of up to $301 Million includes $16 Million Upfront, up to $285 Million in "
0001372514-23-000160,0001372514,KIORA PHARMACEUTICALS INC,2023-11-09,2023-11-09T07:02:00-05:00,False,"7.01,9.01",PRESENTATION,PRESENTATION,primary_item,"Regulation FD Disclosure. Kiora Pharmaceuticals, Inc. (the “Company”) hereby furnishes the updated investor presentation attached as Exhibit 99.1 to this Current Report on Form 8-K, which the Company may use in presentations to investors from time to"
0001372514-23-000112,0001372514,KIORA PHARMACEUTICALS INC,2023-08-01,2023-08-01T07:00:19-04:00,False,"5.02,7.01,9.01",CORPORATE,CORPORATE,exhibit,"Biotech Leader Carmine Stengone Joins Kiora Pharmaceuticals' Board of Directors August 1, 2023 -- Encinitas, California -- Kiora Pharmaceuticals, Inc. (NASDAQ: KPRX) has appointed Carmine Stengone as an independent member to the Company’s board of di"
0001104659-23-002295,0001372514,KIORA PHARMACEUTICALS INC,2023-01-09,2023-01-09T16:31:34-05:00,True,"7.01,9.01",PRESENTATION,PRESENTATION,exhibit,"Exhibit 99.1 Kiora Pharmaceuticals, Inc. NASDAQ: KPRX January 2023 | Corporate Outlook 2 Forward Looking Statements Some of the statements in this presentation are “forward - looking” and are made pursuant to the safe harbor provision of the Private "
0001104659-22-066571,0001372514,KIORA PHARMACEUTICALS INC,2022-05-31,2022-05-31T16:30:25-04:00,True,"3.01,7.01,9.01",CORPORATE,CORPORATE,exhibit,"Exhibit 99.1 Kiora Pharmaceuticals Receives Nasdaq Notification of Non-Compliance with Listing Rule 5250(c)(1) Salt Lake City, Utah -- May 31, 2022 -- Kiora Pharmaceuticals, Inc. (NASDAQ: KPRX), (""Kiora"" or the ""Company"") today announced that on May "
0001104659-22-010000,0001372514,KIORA PHARMACEUTICALS INC,2022-02-01,2022-02-01T06:45:27-05:00,False,"5.02,7.01,9.01",CORPORATE,CORPORATE,exhibit,"Exhibit 99.1 Kiora Pharmaceuticals Appoints Erin Parsons to its Board of Directors; Stephen From to Retire from Board SALT LAKE CITY, UT, Feb 1, 2022 – Kiora Pharmaceuticals, Inc. (NASDAQ: KPRX), (“Kiora” or the “Company”) announced today the appoint"
0001104659-22-002825,0001372514,KIORA PHARMACEUTICALS INC,2022-01-11,2022-01-10T17:58:16-05:00,True,"7.01,9.01",PRESENTATION,PRESENTATION,exhibit,Exhibit 99.1 CORPORATE OVERVIEW January 2022 2 Forward Looking Statements Some of the statements in this press release are “forward - looking” and are made pursuant to the safe harbor provision of the Private Securities Litigation Reform Act of 1995 
0001104659-21-149776,0001372514,KIORA PHARMACEUTICALS INC,2021-12-15,2021-12-15T07:00:47-05:00,False,"5.02,7.01,9.01",CORPORATE,CORPORATE,exhibit,"Exhibit 99.1 Kiora Pharmaceuticals Appoints David Hollander, MD, MBA, to its Board of Directors SALT LAKE CITY, UT, Dec 15, 2021 – Kiora Pharmaceuticals, Inc. (NASDAQ: KPRX), (“Kiora” or the “Company”) announced the appointment of David Hollander, MD"
0001104659-21-129738,0001372514,KIORA PHARMACEUTICALS INC,2021-10-26,2021-10-26T07:00:59-04:00,False,"1.01,2.01,3.02,5.02,7.01,9.01",CORPORATE,CORPORATE,exhibit,"Exhibit 99.1 EyeGate Pharmaceuticals Appoints Eric J. Daniels, MD, MBA, as Chief Development Officer and Closes Acquisition of Bayon Therapeutics, Inc. EyeGate adds Bayon Therapeutics’ portfolio of vision-restoring small molecules to its development "
0001104659-21-115504,0001372514,KIORA PHARMACEUTICALS INC,2021-09-14,2021-09-14T16:20:01-04:00,True,"7.01,9.01",PRESENTATION,PRESENTATION,exhibit,Exhibit 99.1 EyeGate Pharmaceuticals (NASDAQ: EYEG) Sept 2021 2 Forward Looking Statements Some of the statements are “forward - looking” and are made pursuant to the safe harbor provision of the Private Securities Litigation Reform Act of 1995 . The
0001104659-21-095852,0001372514,KIORA PHARMACEUTICALS INC,2021-07-26,2021-07-26T16:18:13-04:00,True,"5.02,7.01,9.01",CORPORATE,CORPORATE,exhibit,"Exhibit 99.1 EyeGate Pharmaceuticals Announces Appointment of Brian M. Strem, Ph.D., as President and Chief Executive Officer -EyeGate signs non-binding letter of intent to acquire Bayon Therapeutics, a private ophthalmic pharmaceutical company devel"
0001104659-21-072696,0001372514,KIORA PHARMACEUTICALS INC,2021-05-27,2021-05-27T07:01:14-04:00,False,"7.01,9.01",PRESENTATION,PRESENTATION,exhibit,Exhibit 99.1 Treating inflammatory and immune diseases May 2021 2 Forward Looking Statements Some of the statements are “forward - looking” and are made pursuant to the safe harbor provision of the Private Securities Litigation Reform Act of 1995 . T
0001104659-21-045169,0001372514,KIORA PHARMACEUTICALS INC,2021-04-01,2021-04-01T06:55:38-04:00,False,"5.02,7.01,9.01",CORPORATE,CORPORATE,exhibit,"Exhibit 99.1 EyeGate Pharma Announces the Appointment of Kenneth Gayron and Aron Shapiro to its Board of Directors WALTHAM, MA, April 01, 2021 – EyeGate Pharmaceuticals, Inc. (NASDAQ: EYEG), (“EyeGate” or the “Company”), a clinical-stage company deve"
0001104659-20-104579,0001372514,KIORA PHARMACEUTICALS INC,2020-09-14,2020-09-14T06:50:21-04:00,False,"7.01,9.01",PRESENTATION,PRESENTATION,exhibit,"Exhibit 99.1 NASDAQ: EYEG Corporate Presentation September 2020 TB D 2 Some of the matters discussed in this presentation contain forward - looking statements that involve significant risks and uncertainties, including statements relating to the pros"
0001104659-20-067975,0001372514,KIORA PHARMACEUTICALS INC,2020-06-01,2020-06-01T06:55:24-04:00,False,"7.01,9.01",PRESENTATION,PRESENTATION,exhibit,"Exhibit 99.1 NASDAQ: EYEG Corporate Presentation 2 Some of the matters discussed in this presentation contain forward - looking statements that involve significant risks and uncertainties, including statements relating to the prospects for the Compan"
0001144204-19-043861,0001372514,KIORA PHARMACEUTICALS INC,2019-09-09,2019-09-09T06:50:45-04:00,False,"7.01,9.01",PRESENTATION,PRESENTATION,exhibit,"Exhibit 99.1 NASDAQ: EYEG Corporate Presentation Some of the matters discussed in this presentation contain forward - looking statements that involve significant risks and uncertainties, including statements relating to the prospects for the Company’"
0001628280-25-044223,0001516551,"Skye Bioscience, Inc.",2025-10-06,2025-10-06T08:18:06-04:00,False,"7.01,9.01",CLINICAL,CLINICAL,primary_item,"Regulation FD Disclosure. On October 6, 2025, Skye Bioscience, Inc. (the “Company”) issued a press release titled “Skye Bioscience Reports Topline CBeyond Phase 2a Data from Nimacimab Monotherapy and Combination Clinical Trial”. A copy of the press r"
0001516551-24-000085,0001516551,"Skye Bioscience, Inc.",2024-09-04,2024-09-04T17:59:16-04:00,True,"5.02,7.01,9.01",CORPORATE,CORPORATE,primary_item,"Departure of Directors or Certain Officers; Election of Directors; Appointment of Certain Officers; Compensatory Arrangements of Certain Officers. Appointment of Chief Medical Officer On September 3, 2024, Skye Bioscience, Inc. (the “Company”) announ"
0001516551-24-000064,0001516551,"Skye Bioscience, Inc.",2024-07-03,2024-07-03T07:05:55-04:00,False,"5.02,7.01,9.01",CORPORATE,CORPORATE,primary_item,"Departure of Directors or Certain Officers; Election of Directors; Appointment of Certain Officers; Compensatory Arrangements of Certain Officers. Director Appointment On July 2, 2024, upon the recommendation of the Nominating and Corporate Governanc"
0001516551-24-000052,0001516551,"Skye Bioscience, Inc.",2024-04-03,2024-04-03T17:07:54-04:00,True,"7.01,9.01",OTHER,,primary_item,"Regulation FD Disclosure. The following unaudited pro forma balance sheet has been prepared to illustrate the impact of events that followed the close of the Company’s year ended December 31, 2023, including (i) the Company’s receipt of proceeds from"
0001516551-24-000002,0001516551,"Skye Bioscience, Inc.",2024-01-29,2024-01-29T08:02:44-05:00,False,"1.01,3.02,7.01,8.01,9.01",OTHER,,primary_item,"Entry into a Material Definitive Agreement. Securities Purchase Agreement On January 29, 2024, Skye Bioscience, Inc. (the “Company”) entered into a Securities Purchase Agreement (the “Purchase Agreement”) with certain institutional investors (collect"
0001516551-23-000073,0001516551,"Skye Bioscience, Inc.",2023-09-07,2023-09-07T13:15:02-04:00,False,"3.03,5.03,7.01,9.01",OTHER,,primary_item,"Material Modifications to Rights of Security Holders. To the extent required by Item 3.03 of Form 8-K, the information contained in Item 5.03 of this Current Report on Form 8-K is incorporated herein by reference. Item 5.03 Amendments to Articles of "
0001516551-23-000046,0001516551,"Skye Bioscience, Inc.",2023-08-21,2023-08-21T08:36:49-04:00,False,"1.01,2.01,2.03,3.02,5.02,7.01,9.01",CLINICAL,CLINICAL,exhibit,EX-99.1 10 ex991-pressrelease.htm EX-99.1 Document Skye Completes $17M Financing and Acquires Novel Phase 2-Ready CB1-Inhibiting Monoclonal Antibody Acquisition of Bird Rock Bio builds Skye’s position as a leading endocannabinoid system-focused pharm
0001516551-23-000016,0001516551,"Skye Bioscience, Inc.",2023-01-27,2023-01-26T21:22:29-05:00,True,"1.01,7.01,9.01",OTHER,,primary_item,"Entry into a Material Definitive Agreement. As previously disclosed, on November 10, 2022, Emerald Health Therapeutics, Inc. (""EHT""), a wholly owned subsidiary of the Skye Bioscience, Inc. (the ""Company""), C3 Souvenir Holding, Inc., a corporation gov"
0001516551-22-000033,0001516551,"Skye Bioscience, Inc.",2022-10-03,2022-10-03T17:14:53-04:00,True,"4.01,5.07,7.01,9.01",OTHER,,primary_item,"Changes in Registrant's Certifying Accountant Based on information provided by Skye Bioscience, Inc.'s (the Company"" or ""Skye"") independent registered public accounting firm, Friedman LLP, effective September 1, 2022, Friedman LLP (""Friedman"") combin"
0001516551-21-000009,0001516551,"Skye Bioscience, Inc.",2021-09-30,2021-09-29T19:29:45-04:00,True,"7.01,9.01",CORPORATE,CORPORATE,primary_item,"Regulation FD Disclosure. On September 29, 2021, Skye Bioscience, Inc. (the “Company”) issued a press release regarding the closing of a registered direct offering previously reported by the Company in a Current Report on Form 8-K filed on September "
0001640334-19-001000,0001516551,"Skye Bioscience, Inc.",2019-05-29,2019-05-29T16:53:17-04:00,True,"1.01,7.01,9.01",OTHER,,exhibit,Emerald Bioscience Secures “All Fields” Licenses for Cannabinoid Derivatives Developed by University of Mississippi Licenses permit Emerald to develop THC-prodrug and CBD-analog for any therapeutic indication by any route of administration for human 
0001640334-19-000347,0001516551,"Skye Bioscience, Inc.",2019-03-04,2019-03-04T16:53:05-05:00,True,"1.01,7.01,9.01",CLINICAL,CLINICAL,exhibit,"Nemus Bioscience Signs Agreement with Noramco to Manufacture Proprietary Cannabidiol Analog Enhanced bioavailability could prove pivotal in providing neuroprotection in diseases of the retina Long Beach, Calif., March 4, 2019 (GLOBE NEWSWIRE) -- Nemu"
0001493152-23-043009,0001716947,"Ensysce Biosciences, Inc.",2023-11-29,2023-11-29T09:24:43-05:00,False,"1.01,2.03,3.02,7.01,9.01",CORPORATE,CORPORATE,exhibit,"Ensysce Biosciences Announces Completion of $1.7 Million Convertible Note Financing ~ Additional Funding from Investors Validates Company’s Mission ~ SAN DIEGO, CA, November 28, 2023 — Ensysce Biosciences, Inc. (“Ensysce” or the “Company”) (NASDAQ: E"
0001493152-23-038049,0001716947,"Ensysce Biosciences, Inc.",2023-10-24,2023-10-24T07:59:13-04:00,False,"1.01,2.03,3.02,7.01,9.01",CORPORATE,CORPORATE,exhibit,"Ensysce Biosciences Secures $1.7 Million Convertible Note Financing ~ Additional Funding from Investor Cohort Validates Company’s Mission ~ SAN DIEGO, CA, October 24, 2023 — Ensysce Biosciences, Inc. (“Ensysce” or the “Company”) (NASDAQ: ENSC), a cli"
0001493152-23-003270,0001716947,"Ensysce Biosciences, Inc.",2023-02-01,2023-02-01T13:17:34-05:00,False,"3.03,5.03,7.01,9.01",CORPORATE,CORPORATE,exhibit,"Ensysce Biosciences Announces the Distribution of Series A Preferred Stock to Holders of its Common Stock SAN DIEGO, CA / ACCESSWIRE / February 1, 2023 / Ensysce Biosciences, Inc. (“Ensysce” or the “Company”) (NASDAQ:ENSC)(OTC PINK:ENSCW), a clinical"
0001493152-22-025380,0001716947,"Ensysce Biosciences, Inc.",2022-09-08,2022-09-08T16:39:30-04:00,True,"5.07,7.01,9.01",CORPORATE,CORPORATE,exhibit,"Ensysce Biosciences Announces Results of Special Meeting of Stockholders SAN DIEGO, CA, September 8, 2022 — Ensysce Biosciences, Inc . (“Ensysce” or the “Company”) (NASDAQ: ENSC, OTC: ENSCW), a clinical-stage biotech company applying transformative c"
0001493152-22-021792,0001716947,"Ensysce Biosciences, Inc.",2022-08-09,2022-08-09T17:14:28-04:00,True,"1.01,2.03,3.02,7.01,9.01",CORPORATE,CORPORATE,exhibit,"Ensysce Biosciences Announces Completion of $8 Million Convertible Note Financing SAN DIEGO, August 9, 2022 — Ensysce Biosciences, Inc. (“Ensysce” or the “Company”) (NASDAQ: ENSC, OTC: ENSCW), a clinical-stage biotech company applying transformative "
0001493152-22-018686,0001716947,"Ensysce Biosciences, Inc.",2022-07-06,2022-07-06T16:15:38-04:00,True,"1.01,2.03,3.02,7.01,9.01",CORPORATE,CORPORATE,exhibit,"Ensysce Biosciences Secures $8 Million Convertible Note Financing ~ Additional Funding from Investor Cohort Validates Company’s Mission ~ SAN DIEGO, CA, July 1, 2022 — Ensysce Biosciences, Inc. (“Ensysce” or the “Company”) (NASDAQ: ENSC, OTC: ENSCW),"
0001493152-22-017194,0001716947,"Ensysce Biosciences, Inc.",2022-06-17,2022-06-17T17:22:12-04:00,True,"3.01,7.01",OTHER,,primary_item,"Notice of Delisting or Failure to Satisfy Continued Listing Rule or Standard; Transfer of Listing June 16 th Event . On June 16, 2022, Ensysce Biosciences Inc. (the “Company”) received a notice in the form of a letter (the “Notice”) from the listing "
0001493152-22-012251,0001716947,"Ensysce Biosciences, Inc.",2022-05-05,2022-05-05T16:29:27-04:00,True,"7.01,8.01,9.01",CLINICAL,CLINICAL,exhibit,Ensysce Biosciences Announces New Clinical Results from Trials PF614-102 and PF614-MPAR-101 ~ Results confirmed the safety and longer-lasting profile of PF614 versus OxyContin and provides first human data showing the potential for overdose protectio
0001493152-22-003481,0001716947,"Ensysce Biosciences, Inc.",2022-02-08,2022-02-08T16:28:37-05:00,True,"5.02,7.01,9.01",CORPORATE,CORPORATE,exhibit,"Ensysce Biosciences Appoints Industry Veteran Lee Rauch to Board of Directors SAN DIEGO, February 8, 2022 — Ensysce Biosciences, Inc. (“Ensysce” or the “Company”) (NASDAQ: ENSC, OTC: ENSCW), a clinical-stage biotech company applying transformative ch"
0001493152-22-002364,0001716947,"Ensysce Biosciences, Inc.",2022-01-27,2022-01-27T08:24:44-05:00,False,"5.07,7.01,9.01",CORPORATE,CORPORATE,exhibit,"Ensysce Biosciences Announces Results of Special Meeting of Stockholders SAN DIEGO, January 27, 2022 — Ensysce Biosciences, Inc. (“Ensysce” or the “Company”) (NASDAQ: ENSC, OTC: ENSCW), a clinical-stage biotech company with two novel technology platf"
0001493152-21-027784,0001716947,"Ensysce Biosciences, Inc.",2021-11-10,2021-11-10T10:40:04-05:00,False,"1.01,2.03,3.02,7.01,9.01",CORPORATE,CORPORATE,exhibit,"Ensysce Biosciences Announces Completion of $15 Million Convertible Note Financing SAN DIEGO, Nov. 8, 2021 – Ensysce Biosciences, Inc. (“Ensysce” or the “Company”) (NASDAQ: ENSC, OTC: ENSCW), a clinical-stage biotech company with proprietary technolo"
0001493152-21-023828,0001716947,"Ensysce Biosciences, Inc.",2021-09-27,2021-09-27T13:47:19-04:00,False,"1.01,2.03,3.02,7.01,9.01",CORPORATE,CORPORATE,exhibit,"Ensysce Biosciences Announces $15 Million Convertible Note Financing SAN DIEGO, SEPTEMBER 27, 2021 – Ensysce Biosciences, Inc. (“Ensysce” or the “Company”) (NASDAQ: ENSC, OTC: ENSCW), a clinical-stage biotech company with proprietary technology platf"
0001493152-21-017401,0001716947,"Ensysce Biosciences, Inc.",2021-07-21,2021-07-21T08:50:48-04:00,False,"7.01,9.01",PRESENTATION,PRESENTATION,exhibit,"EX-99.1 2 ex99-1.htm EX-99.2 3 ex99-2.htm Exhibit 99.2 Ensysce Biosciences to Host Virtual Investor Day on July 27, 2021 SAN DIEGO, July 21, 2021 — Ensysce Biosciences, Inc. (“Ensysce” or the “Company”) (NASDAQ: ENSC, OTC: ENSCW), a clinical stage bi"
0001493152-21-016422,0001716947,"Ensysce Biosciences, Inc.",2021-07-08,2021-07-08T08:30:32-04:00,False,"7.01,9.01",OTHER,,exhibit,Ensysce Biosciences Receives Notice of Award for Year Three of Multi-Year NIDA Grant for the Clinical Development of its Next Generation Opioid Products with Overdose Protection Company’s Proprietary TAAP Prodrug Delivery and Overdose Technology Aims
0001493152-21-015864,0001716947,"Ensysce Biosciences, Inc.",2021-07-01,2021-07-01T17:12:11-04:00,True,"7.01,9.01",CORPORATE,CORPORATE,primary_item,"Regulation FD Disclosure. On July 1, 2021, Ensysce Biosciences, Inc. (formerly known as Leisure Acquisition Corp. (“Leisure”)), a Delaware corporation (the “Company”) issued a press release announcing the trading of the Common Stock on the Nasdaq Sto"
0001493152-21-015806,0001716947,"Ensysce Biosciences, Inc.",2021-07-01,2021-07-01T08:30:41-04:00,False,"7.01,8.01,9.01",CORPORATE,CORPORATE,exhibit,"Ensysce Biosciences Announces Closing of Merger ● Ensysce Common Stock to commence trading under ticker symbol “ENSC” on The Nasdaq Capital Market July 1, 2021. Ensysce Warrants will trade on the OTC Markets under the symbol ENSCW. ● Ensysce is commi"
0001493152-21-013365,0001716947,"Ensysce Biosciences, Inc.",2021-06-01,2021-06-01T17:15:47-04:00,True,"3.01,7.01,9.01",CORPORATE,CORPORATE,exhibit,"Leisure Acquisition Corp. Announces Receipt of and Plan to Appeal Nasdaq Listing Determination NEW YORK, June 1, 2021 (GLOBE NEWSWIRE) — Leisure Acquisition Corp. (“LACQ” or the “Company”) (Nasdaq: LACQ, LACQU, LACQW), a special purpose acquisition c"
0001493152-21-010710,0001716947,"Ensysce Biosciences, Inc.",2021-05-07,2021-05-07T08:38:04-04:00,False,"7.01,9.01",CLINICAL,CLINICAL,exhibit,"ENSYSCE BIOSCIENCES’ COVISTAT SUBSIDIARY “AT Home Coronavirus Pill” Commencing to Phase 2 clinical development Covistat to present pre-clinical data at American Thoracic Society annual meeting, May 14-19, 2021 New York, NY and San Diego, CA, May 7, 2"
0001493152-21-009990,0001716947,"Ensysce Biosciences, Inc.",2021-04-29,2021-04-29T09:00:41-04:00,False,"7.01,9.01",OTHER,,exhibit,"Ensysce Biosciences Receives Investigational New Drug Allowance for its Unique PF614-MPAR ™ Opioid with Overdose Protection New York, NY and San Diego, CA, April 28, 2021 — Ensysce Biosciences, Inc. (“Ensysce”) and Leisure Acquisition Corp. (“LACQ”) "
0001213900-21-010229,0001716947,"Ensysce Biosciences, Inc.",2021-02-18,2021-02-18T09:27:01-05:00,False,"7.01,9.01",CORPORATE,CORPORATE,exhibit,"ENSYSCE BIOSCIENCES, INC. AND LEISURE ACQUISITION CORP. ANNOUNCE APPOINTMENT OF DAVE HUMPHREY AS CHIEF FINANCIAL OFFICER New York, NY and San Diego, CA, February [18], 2021 - Ensysce Biosciences Inc. (“Ensysce”), a clinical stage pharmaceutical compa"
0001213900-21-006660,0001716947,"Ensysce Biosciences, Inc.",2021-02-04,2021-02-04T08:00:18-05:00,False,"7.01,9.01",CORPORATE,CORPORATE,exhibit,"Leisure Acquisition Corp. [LACQ] Conference Call Regarding Potential Business Combination Between Leisure Acquisition Corp. and Ensysce Biosciences, Inc. Wednesday, February 3, 2021, 11:00 AM ET Conference Call Participants: George Peng; Leisure Acqu"
0001213900-21-006308,0001716947,"Ensysce Biosciences, Inc.",2021-02-03,2021-02-03T07:01:03-05:00,False,"7.01,9.01",CORPORATE,CORPORATE,primary_item,"Regulation FD Disclosure. As previously disclosed, Leisure Acquisition Corp. (“ Leisure ” or the “ Company ”) together with Ensysce Biosciences, Inc. (“ Ensysce ”) will jointly host an investor conference call on February 3, 2021 to discuss their pre"
0001213900-21-006194,0001716947,"Ensysce Biosciences, Inc.",2021-02-02,2021-02-02T16:43:51-05:00,True,"7.01,9.01",NO_TEXT,,missing_file,
0001213900-21-005594,0001716947,"Ensysce Biosciences, Inc.",2021-02-01,2021-02-01T08:17:37-05:00,False,"7.01,8.01,9.01",CORPORATE,CORPORATE,exhibit,"LEISURE ACQUISITION CORP. ENTERS INTO MERGER AGREEMENT FOR BUSINESS COMBINATION WITH ENSYSCE BIOSCIENCES, INC. ● Ensysce Biosciences, a clinical stage biopharmaceutical company with a mission to solve prescription drug abuse, is focused on launching "
0001193125-20-041309,0001716947,"Ensysce Biosciences, Inc.",2020-02-19,2020-02-19T07:02:21-05:00,False,"7.01,9.01",PRESENTATION,PRESENTATION,exhibit,EX-99.1 2 d883970dex991.htm EX-99.1 EX-99.1 Investor Presentation February 2020 Exhibit 99.1 Disclaimer GENERAL This presentation does not constitute an offer or invitation for the sale or purchase of securities and has been prepared solely for infor
0001193125-20-031371,0001716947,"Ensysce Biosciences, Inc.",2020-02-11,2020-02-11T16:30:51-05:00,True,"7.01,9.01",PRESENTATION,PRESENTATION,exhibit,46 0 86 49 249 209 190 211 0 211 35 34 34 0 121 59 153 113 0 Investor Presentation 59 196 February 2020 92 214 173 0 125 245 174 196 211 0 205 151 0 126 153 192 146 146 146 196 0 214 40 0 86 255 255 199 76 0 0 233 117 0 47 76 138 0 221 Exhibit 99.1 4
0001213900-20-001823,0001716947,"Ensysce Biosciences, Inc.",2020-01-27,2020-01-27T07:01:05-05:00,False,"7.01,9.01",PRESENTATION,PRESENTATION,exhibit,Investor Presentation January 2020 Disclaimer GENERAL This presentation does not constitute an offer or invitation for the sale or purchase of securities and has been prepared solely for informational purposes. The information contained in this prese
0001213900-20-000519,0001716947,"Ensysce Biosciences, Inc.",2020-01-08,2020-01-08T16:18:49-05:00,True,"7.01,9.01",CORPORATE,CORPORATE,exhibit,"GAGNIER COMMUNICATIONS Moderator: Lindsay Barber 01-07-20/4:15 p.m. ET Confirmation # 7934997 Page 1 GAGNIER COMMUNICATIONS Moderator: Lindsay Barber January 07, 2020 4:15 p.m. ET OPERATOR: This is Conference # 7934997 Operator: Good morning and welc"
0001213900-20-000367,0001716947,"Ensysce Biosciences, Inc.",2020-01-07,2020-01-07T16:02:18-05:00,True,"7.01,9.01",OTHER,,primary_item,"Regulation FD Disclosure. As previously disclosed, Leisure Acquisition Corp., a Delaware corporation (“ LACQ ”) together with GTWY Holdings Limited (“ GTWY ”), the holding company for Gateway Casinos & Entertainment Limited (together with affiliates,"
0001213900-20-000220,0001716947,"Ensysce Biosciences, Inc.",2020-01-06,2020-01-06T08:43:56-05:00,False,"7.01,8.01,9.01",CORPORATE,CORPORATE,exhibit,"GATEWAY CASINOS & ENTERTAINMENT LIMITED AND LEISURE ACQUISITION CORP. TO HOST INVESTOR CALL REGARDING BUSINESS COMBINATION ON JANUARY 7, 2020 Leading Diversified Canadian Gaming and Entertainment Company, with 25 Properties Across British Columbia an"
0001213900-19-027124,0001716947,"Ensysce Biosciences, Inc.",2019-12-30,2019-12-27T19:20:08-05:00,True,"7.01,9.01",OTHER,,exhibit,"GATEWAY CASINOS & ENTERTAINMENT LIMITED AND LEISURE ACQUISITION CORP. TO COMBINE IN TRANSACTION VALUED AT US$1.1 BILLION (C$1.5 BILLION) Leading Diversified Canadian Gaming and Entertainment Company, with 25 Properties Across British Columbia and Ont"
0001493152-25-023419,0001853816,"Dermata Therapeutics, Inc.",2025-11-14,2025-11-14T16:05:37-05:00,True,"2.02,7.01,9.01",CORPORATE,CORPORATE,exhibit,Dermata Therapeutics Provides Corporate Update and Reports Third Quarter 2025 Financial Results - Dermata announced a strategic pivot to develop and commercialize over-the-counter (OTC) skin care treatments - - Dermata plans to launch its first OTC p
0001641172-25-023570,0001853816,"Dermata Therapeutics, Inc.",2025-08-13,2025-08-13T17:01:14-04:00,True,"2.02,7.01,9.01",CLINICAL,CLINICAL,exhibit,Dermata Therapeutics Provides Corporate Update and Reports Second Quarter 2025 Financial Results - Dermata announced additional positive data from its XYNGARI™ Phase 3 Spongilla Treatment of Acne Research (STAR-1) clinical trial – - Raised $8.8 milli
0001641172-25-011873,0001853816,"Dermata Therapeutics, Inc.",2025-05-21,2025-05-21T09:00:09-04:00,False,"7.01,8.01",CLINICAL,CLINICAL,primary_item,"Regulation FD Disclosure. On May 20, 2025, Dermata Therapeutics, Inc. (the “Company”) announced that it has initiated the manufacturing of the drug product for the XYNGARI ™ Phase 3 STAR-2 trial (“STAR-2”) and expects the STAR-2 trial to commence in "
0001641172-25-010112,0001853816,"Dermata Therapeutics, Inc.",2025-05-14,2025-05-14T09:01:36-04:00,False,"2.02,7.01,9.01",CLINICAL,CLINICAL,exhibit,"Dermata Therapeutics Provides Corporate Update and Reports First Quarter 2025 Financial Results - Dermata announced positive topline results from its XYNGARI™ Phase 3 Spongilla Treatment of Acne Research (STAR-1) clinical trial, achieving all co-prim"
0001654954-25-004265,0001853816,"Dermata Therapeutics, Inc.",2025-04-15,2025-04-15T08:30:36-04:00,False,"7.01,8.01,9.01",CLINICAL,CLINICAL,exhibit,Dermata’s XYNGARI™ Phase 3 Trial Hits Statistically Significant Difference at 4 Weeks - Dermata previously announced XYNGARI™ produced highly statistically significant topline data for all primary endpoints at week 12 in Phase 3 trial - - Additional 
0001654954-25-003372,0001853816,"Dermata Therapeutics, Inc.",2025-03-27,2025-03-27T08:00:59-04:00,False,"7.01,8.01,9.01",CLINICAL,CLINICAL,exhibit,"BREAKING: Dermata’s XYNGARI™ Phase 3 Trial Topline Data Meets All Primary Endpoints - XYNGARI TM achieved its primary endpoints, demonstrating highly statistically significant and clinically meaningful improvement in acne - - XYNGARI TM is the first "
0001654954-25-002886,0001853816,"Dermata Therapeutics, Inc.",2025-03-17,2025-03-17T16:17:45-04:00,True,"2.02,7.01,9.01",CLINICAL,CLINICAL,exhibit,Dermata Therapeutics Provides Corporate Update and Reports Year End 2024 Financial Results - Dermata expects to announce topline results from its XYNGARI™ Phase 3 Spongilla Treatment of Acne Research (STAR-1) clinical trial by end of March 2025 – - T
0001654954-25-000570,0001853816,"Dermata Therapeutics, Inc.",2025-01-21,2025-01-21T08:05:55-05:00,False,"1.01,7.01,9.01",CLINICAL,CLINICAL,exhibit,PRESS RELEASE DERMATA AND REVANCE ENTER CLINICAL TRIAL COLLABORATION AGREEMENT FOR THE TOPICAL APPLICATION OF XYNGARI™ WITH DAXXIFY - The Companies intend to first initiate a Phase 2a clinical trial evaluating Xyngari™ with Daxxify® to treat primary 
0001654954-24-014289,0001853816,"Dermata Therapeutics, Inc.",2024-11-14,2024-11-13T18:03:44-05:00,True,"2.02,7.01,9.01",CLINICAL,CLINICAL,exhibit,Dermata Therapeutics Provides Corporate Update and Reports Third Quarter 2024 Financial Results - Dermata nears completion of enrollment in its DMT310 Phase 3 Spongilla Treatment of Acne Research (STAR-1) clinical trial - - Dermata continues discussi
0001654954-24-010104,0001853816,"Dermata Therapeutics, Inc.",2024-08-07,2024-08-07T16:06:20-04:00,True,"2.02,7.01,9.01",CLINICAL,CLINICAL,exhibit,Dermata Therapeutics Provides Corporate Update and Reports Second Quarter 2024 Financial Results - DMT310 Phase 3 Spongilla Treatment of Acne Research (STAR-1) clinical trial has enrolled over 50% of patients - - Dermata continues discussions with po
0001654954-24-006396,0001853816,"Dermata Therapeutics, Inc.",2024-05-15,2024-05-15T16:06:40-04:00,True,"2.02,7.01,9.01",CLINICAL,"CLINICAL,REGULATORY",exhibit,Dermata Therapeutics Provides Corporate Update and Reports First Quarter 2024 Financial Results - DMT310 Phase 3 Spongilla Treatment of Acne Research (STAR-1) clinical trial enrollment remains on track - - Dermata continues discussions with potential
0001654954-24-003500,0001853816,"Dermata Therapeutics, Inc.",2024-03-21,2024-03-21T16:05:28-04:00,True,"2.02,7.01,9.01",CLINICAL,CLINICAL,exhibit,Dermata Therapeutics Provides Corporate Update and Reports Full Year 2023 Financial Results - Initiated enrollment of DMT310 Phase 3 Spongilla Treatment of Acne Research (STAR-1) clinical trial in Q4 2023 - - Raised $9.1 million in gross proceeds fro
0001654954-23-014015,0001853816,"Dermata Therapeutics, Inc.",2023-11-09,2023-11-09T16:08:14-05:00,True,"2.02,4.01,7.01,9.01",REGULATORY,REGULATORY,exhibit,Dermata Therapeutics Provides Corporate Update and Reports Third Quarter 2023 Financial Results - Raised an aggregate of $6.8 million in gross proceeds from two financings completed in 1H 2023 - - Received positive feedback from FDA on its End of Pha
0001654954-23-010489,0001853816,"Dermata Therapeutics, Inc.",2023-08-10,2023-08-10T16:18:20-04:00,True,"2.02,7.01,9.01",CLINICAL,CLINICAL,exhibit,Dermata Therapeutics Provides Corporate Update and Reports Second Quarter 2023 Financial Results - Raised an aggregate of $6.8 million in gross proceeds from two financings completed in 1H 2023 - - Received positive feedback on its End of Phase 2 mee
0001654954-23-007177,0001853816,"Dermata Therapeutics, Inc.",2023-05-24,2023-05-24T17:13:36-04:00,True,"1.01,3.02,7.01,9.01",CORPORATE,CORPORATE,exhibit,"Dermata Therapeutics Announces $1.8 Million Offering Priced At-The-Market Under Nasdaq Rules San Diego, CA/ ACCESSWIRE/ May 24, 2023/ Dermata Therapeutics, Inc. (“Dermata,” or the “Company”) (Nasdaq: DRMA; DRMAW), a clinical-stage biotechnology compa"
0001654954-23-006209,0001853816,"Dermata Therapeutics, Inc.",2023-05-11,2023-05-11T16:07:03-04:00,True,"2.02,7.01,9.01",CLINICAL,"CLINICAL,REGULATORY",exhibit,Dermata Therapeutics Provides Corporate Update and Reports First Quarter 2023 Financial Results - Dermata raised $5 million gross proceeds from a public offering in March 2023 – - Dermata submitted an End of Phase 2 meeting package to FDA in April 20
0001654954-23-003181,0001853816,"Dermata Therapeutics, Inc.",2023-03-20,2023-03-20T16:36:29-04:00,True,"1.01,7.01,9.01",CORPORATE,CORPORATE,exhibit,"Dermata Therapeutics Announces Pricing of $5.0 Million Public Offering San Diego, CA/ ACCESSWIRE/ March 16, 2023/ Dermata Therapeutics, Inc. (“Dermata,” or the “Company”) (Nasdaq: DRMA; DRMAW), a clinical-stage biotechnology company focusing on the t"
0001654954-23-001927,0001853816,"Dermata Therapeutics, Inc.",2023-02-21,2023-02-21T16:10:09-05:00,True,"2.02,7.01,9.01",CLINICAL,"CLINICAL,REGULATORY",exhibit,Dermata Therapeutics Provides Corporate Update and Reports Full Year 2022 Financial Results - End of Phase 2 meeting with FDA for DMT310 for moderate-to-severe acne expected in 2Q 2023 – - Initiation of DMT310 Phase 3 clinical trial program in modera
0001654954-22-016099,0001853816,"Dermata Therapeutics, Inc.",2022-12-05,2022-12-05T09:01:47-05:00,False,"7.01,8.01,9.01",CLINICAL,CLINICAL,exhibit,"Dermata Announces Topline Results from DMT310 Phase 2 Clinical Trial for the Treatment of Moderate-to-Severe Rosacea - Data supportive of DMT310 as a treatment for inflammatory skin diseases, but rosacea study did not meet primary endpoints – - DMT31"
0001654954-22-015036,0001853816,"Dermata Therapeutics, Inc.",2022-11-10,2022-11-10T17:22:39-05:00,True,"2.02,7.01,9.01",CLINICAL,CLINICAL,exhibit,Dermata Therapeutics Provides Corporate Update and Reports Third Quarter 2022 Financial Results - DMT310 Phase 2 topline results in moderate-to-severe rosacea anticipated in December 2022 – - Initiation of DMT310 Phase 3 for moderate-to-severe acne e
0001654954-22-011373,0001853816,"Dermata Therapeutics, Inc.",2022-08-15,2022-08-15T16:20:13-04:00,True,"2.02,7.01,9.01",CLINICAL,CLINICAL,exhibit,Dermata Therapeutics Provides Corporate Update and Reports Second Quarter 2022 Financial Results - Dermata completes a $5.0 million private placement financing in April 2022 - - DMT310 Phase 2 rosacea trial topline results expected in the second half
0001654954-22-006969,0001853816,"Dermata Therapeutics, Inc.",2022-05-16,2022-05-16T16:09:15-04:00,True,"2.02,7.01,9.01",CLINICAL,CLINICAL,exhibit,"Dermata Therapeutics Provides Corporate Update and Reports First Quarter 2022 Financial Results Dermata completes a $5.0 million private placement financing DMT310 Phase 2 rosacea trial topline results expected in H2 2022 SAN DIEGO, CA, May 16, 2022 "
0001654954-22-003871,0001853816,"Dermata Therapeutics, Inc.",2022-03-28,2022-03-28T08:34:49-04:00,False,"2.02,7.01,9.01",CLINICAL,CLINICAL,exhibit,"Dermata Therapeutics Provides Corporate Update and Reports Full Year 2021 Financial Results DMT310 Phase 2 rosacea trial is over two-thirds enrolled with topline results expected in H2 2022 DMT310 Phase 2 psoriasis trial to start H1 2022, with toplin"
0001654954-22-000428,0001853816,"Dermata Therapeutics, Inc.",2022-01-13,2022-01-13T08:30:48-05:00,False,"5.02,7.01,9.01",CORPORATE,CORPORATE,exhibit,"Dermata Appoints Life Science Executive Brittany Bradrick to Board of Directors SAN DIEGO, CA, January 13, 2022 – Dermata Therapeutics, Inc. (Nasdaq: DRMA) (“Dermata,” or the “Company”), a clinical-stage biotechnology company focused on the treatment"
0001654954-21-012446,0001853816,"Dermata Therapeutics, Inc.",2021-11-19,2021-11-19T09:06:21-05:00,False,"7.01,8.01",CLINICAL,CLINICAL,exhibit,"Dermata Announces Positive Results from DMT410 Phase 1b Proof of Concept Study for Aesthetic Skin Conditions - Observed improvements in pore size, luminosity, brightness, and overall aesthetic appearance - - Duration of effect lasted approximately 3 "
0001654954-21-012224,0001853816,"Dermata Therapeutics, Inc.",2021-11-15,2021-11-15T16:20:39-05:00,True,"2.02,7.01,9.01",CLINICAL,CLINICAL,exhibit,"Dermata Therapeutics, Inc. Reports Third Quarter 2021 Financial Results and Provides Corporate Update - Announced positive topline results from DMT310 proof of concept (POC) study in mild-to-moderate psoriasis - - Closed upsized $18.0 million initial"
0001654954-21-010436,0001853816,"Dermata Therapeutics, Inc.",2021-09-27,2021-09-27T16:06:11-04:00,True,"2.02,7.01,9.01",CLINICAL,CLINICAL,exhibit,"Dermata Therapeutics, Inc. Reports Second Quarter 2021 Financial Results and Provides Corporate Update - Completed oversubscribed $18 million Initial Public Offering (IPO) - - Set to announce topline results from its DMT310 Phase 1b proof of concept "
0001193125-21-263316,0001853816,"Dermata Therapeutics, Inc.",2021-09-01,2021-09-01T16:50:35-04:00,True,"5.02,7.01,9.01",CORPORATE,CORPORATE,exhibit,"Dermata Therapeutics, Inc. Announces Appointment of Kyri Van Hoose as Senior Vice President, Chief Financial Officer SAN DIEGO, September 1, 2021 — Dermata Therapeutics, Inc. (“Dermata,” or the “Company”) (Nasdaq: DRMA; DMRAW), a clinical-stage bioph"
0001193125-25-337646,0001826892,"BioAtla, Inc.",2025-12-31,2025-12-31T07:15:24-05:00,False,"1.01,3.02,7.01,9.01",OTHER,,exhibit,BioAtla and GATC Health Announce a $40 Million Special Purpose Vehicle (SPV) Transaction to Advance Ozuriftamab Vedotin (Oz-V) into a Registrational Trial for 2L+ Oropharyngeal Squamous Cell Carcinoma (OPSCC) • BioAtla will receive an initial $5 mill
0001193125-24-283212,0001826892,"BioAtla, Inc.",2024-12-20,2024-12-20T16:51:59-05:00,True,"1.01,7.01,9.01",CORPORATE,CORPORATE,exhibit,"BIOATLA, INC. ANNOUNCES REGISTERED DIRECT OFFERING TO ADVANCE TWO MID-STAGE CLINICAL PROGRAMS TO KEY INFLECTION POINTS SAN DIEGO, Calif., December 20, 2024 – BioAtla, Inc. (Nasdaq: BCAB) , a global clinical-stage biotechnology company (“BioAtla” or t"
0001193125-24-282547,0001826892,"BioAtla, Inc.",2024-12-20,2024-12-20T08:50:36-05:00,False,"7.01,9.01",PRESENTATION,PRESENTATION,exhibit,"Conditionally Active Biologics: Transforming Cancer Therapy Investor Presentation Non-Confidential December 2024 Important Notices & Disclaimers This presentation (the “Presentation”) by BioAtla, Inc. (“we”, “us”, “our”, “BioAtla”, or the “Company”) "
0001193125-24-004912,0001826892,"BioAtla, Inc.",2024-01-09,2024-01-09T09:01:12-05:00,False,"7.01,9.01",PRESENTATION,PRESENTATION,exhibit,"Conditionally Active Biologics: Transforming Cancer Therapy Corporate Presentation January 2024 Important Notices & Disclaimers This presentation (the “Presentation”) by BioAtla, Inc. (“we”, “us”, “our”, “BioAtla”, or the “Company”) contains “forward"
0001193125-23-293959,0001826892,"BioAtla, Inc.",2023-12-13,2023-12-13T08:31:30-05:00,False,"7.01,8.01,9.01",CLINICAL,CLINICAL,exhibit,BioAtla Hosting Virtual R&D Day to Highlight BA3071 CAB-CTLA-4 Phase 1 Data in Multiple Solid Tumor Types Multiple confirmed responses and durable disease control observed Emerging differentiated safety profile enables further exploration at higher d
0000950170-23-007213,0001826892,"BioAtla, Inc.",2023-03-10,2023-03-10T14:32:03-05:00,False,7.01,OTHER,,primary_item,"Regulation FD Disclosure. BioAtla, Inc. informs its investors that it does not hold cash deposits or securities at Silicon Valley Bank. The information contained in this Item 7.01 of this Current Report on Form 8-K shall not be deemed “filed” for pur"
0001193125-22-101666,0001826892,"BioAtla, Inc.",2022-04-11,2022-04-11T16:13:47-04:00,True,"7.01,9.01",CORPORATE,CORPORATE,exhibit,"TRANSFORMING CANCER THERAPY April 2022 Needham & Co Annual Healthcare Conference 1 ` Important Notices & Disclaimers This presentation (the “Presentation”) by BioAtla, Inc. (“we”, “us”, “our”, “BioAtla”, or the “Company”) contains “forward-looking st"
0001193125-25-280116,0001510964,"CV Sciences, Inc.",2025-11-13,2025-11-13T16:04:08-05:00,True,"2.02,7.01,9.01",CORPORATE,CORPORATE,exhibit,"CV Sciences, Inc. Reports Third Quarter 2025 Financial Results San Diego, CA - November 13, 2025 (ACCESS Newswire) - CV Sciences, Inc. (OTCQB:CVSI) (the “Company”, “CV Sciences”, “our”, “us” or “we”), a preeminent consumer wellness company specializi"
0000950170-25-107984,0001510964,"CV Sciences, Inc.",2025-08-13,2025-08-13T16:01:09-04:00,True,"2.02,7.01,9.01",CORPORATE,CORPORATE,exhibit,"CV Sciences, Inc. Reports Second Quarter 2025 Financial Results San Diego, CA - August 13, 2025 (ACCESS Newswire) - CV Sciences, Inc. (OTCQB:CVSI) (the “Company”, “CV Sciences”, “our”, “us” or “we”), a preeminent consumer wellness company specializin"
0000950170-25-071347,0001510964,"CV Sciences, Inc.",2025-05-14,2025-05-14T16:01:33-04:00,True,"2.02,7.01,9.01",CORPORATE,CORPORATE,exhibit,"CV Sciences, Inc. Reports First Quarter 2025 Financial Results San Diego, CA - May 14, 2025 (ACCESS Newswire) - CV Sciences, Inc. (OTCQB:CVSI) (the “Company”, “CV Sciences”, “our”, “us” or “we”), a preeminent consumer wellness company specializing in"
0000950170-25-045761,0001510964,"CV Sciences, Inc.",2025-03-27,2025-03-27T09:25:48-04:00,False,"2.02,7.01,9.01",CORPORATE,CORPORATE,exhibit,"CV Sciences, Inc. Reports Fiscal Year-End 2024 Financial Results San Diego, CA - March 27, 2025 (ACCESS Newswire) - CV Sciences, Inc. (OTCQB:CVSI) (the “Company”, “CV Sciences”, “our”, “us” or “we”), a preeminent consumer wellness company specializin"
0000950170-24-129750,0001510964,"CV Sciences, Inc.",2024-11-21,2024-11-21T16:38:16-05:00,True,"1.01,3.02,7.01,9.01",CORPORATE,CORPORATE,exhibit,"CV Sciences, Inc. Enters Into Definitive Agreement to Acquire Extract Labs San Diego, CA - November 21, 2024 (GLOBE NEWSWIRE) - CV Sciences, Inc. (OTCQB:CVSI) (the “Company”, “CV Sciences”, “our”, “us” or “we”), a preeminent consumer wellness company"
0000950170-24-126787,0001510964,"CV Sciences, Inc.",2024-11-14,2024-11-14T09:17:00-05:00,False,"2.02,7.01,9.01",CORPORATE,CORPORATE,exhibit,"CV Sciences, Inc. Reports Third Quarter 2024 Financial Results San Diego, CA - November 14, 2024 (GLOBE NEWSWIRE) - CV Sciences, Inc. (OTCQB:CVSI) (the “Company”, “CV Sciences”, “our”, “us” or “we”), a preeminent consumer wellness company specializin"
0000950170-24-095801,0001510964,"CV Sciences, Inc.",2024-08-13,2024-08-13T09:28:43-04:00,False,"2.02,7.01,9.01",CORPORATE,CORPORATE,exhibit,"CV Sciences, Inc. Reports Second Quarter 2024 Financial Results San Diego, CA - August 13, 2024 (GLOBE NEWSWIRE) - CV Sciences, Inc. (OTCQB:CVSI) (the “Company”, “CV Sciences”, “our”, “us” or “we”), a preeminent consumer wellness company specializing"
0000950170-24-059152,0001510964,"CV Sciences, Inc.",2024-05-14,2024-05-14T09:10:34-04:00,False,"2.02,7.01,9.01",CORPORATE,CORPORATE,exhibit,"CV Sciences, Inc. Reports First Quarter 2024 Financial Results San Diego, CA - May 14, 2024 (GLOBE NEWSWIRE) - CV Sciences, Inc. (OTCQB:CVSI) (the “Company”, “CV Sciences”, “our”, “us” or “we”), a preeminent consumer wellness company specializing in "
0000950170-24-058981,0001510964,"CV Sciences, Inc.",2024-05-14,2024-05-13T19:38:58-04:00,True,"1.01,3.02,7.01",OTHER,,exhibit,"CV SCIENCES, INC. ACQUIRES ELEVATED SOFTGELS A FLEXIBLE, LOW-MOQ, NUTRACEUTICAL MANUFACTURER San Diego, CA - May 13, 2024 (GLOBE NEWSWIRE) -- CV Sciences, Inc. (OTCQB:CVSI) (the ""Company"", ""CV Sciences"", ""our"", ""us"" or ""we""), a preeminent consumer we"
0000950170-24-037652,0001510964,"CV Sciences, Inc.",2024-03-28,2024-03-28T09:20:52-04:00,False,"2.02,7.01,9.01",CORPORATE,CORPORATE,exhibit,"CV Sciences, Inc. Reports Fiscal Year-End 2023 Financial Results San Diego, CA - March 28, 2024 (GLOBE NEWSWIRE) - CV Sciences, Inc. (OTCQB:CVSI) (the “Company”, “CV Sciences”, “our”, “us” or “we”), a preeminent consumer wellness company specializing"
0001510964-23-000042,0001510964,"CV Sciences, Inc.",2023-12-12,2023-12-12T09:36:49-05:00,False,"1.01,3.02,7.01,9.01",OTHER,,primary_item,"Entry into a Material Definitive Agreement. On December 7, 2023, CV Sciences, Inc. (the “Company”), entered into a Membership Interest Purchase Agreement (the “Purchase Agreement”) by and among the Company, Cultured Foods Sp. z.o.o., a limited liabil"
0001510964-23-000036,0001510964,"CV Sciences, Inc.",2023-11-14,2023-11-14T09:18:33-05:00,False,"2.02,7.01,9.01",OTHER,,primary_item,"Results of Operations and Financial Conditions The information provided below in ""Item 7.01 - Regulation FD Disclosure"" of this Current Report on Form 8-K is incorporated by reference into this Item 2.02. Item 7.01 Regulation FD Disclosure On Novembe"
0001510964-23-000030,0001510964,"CV Sciences, Inc.",2023-08-14,2023-08-14T09:32:15-04:00,False,"2.02,7.01,9.01",OTHER,,primary_item,"Results of Operations and Financial Conditions The information provided below in ""Item 7.01 - Regulation FD Disclosure"" of this Current Report on Form 8-K is incorporated by reference into this Item 2.02. Item 7.01 Regulation FD Disclosure On August "
0001510964-23-000022,0001510964,"CV Sciences, Inc.",2023-05-15,2023-05-15T09:10:50-04:00,False,"2.02,7.01,9.01",OTHER,,primary_item,"Results of Operations and Financial Conditions The information provided below in ""Item 7.01 - Regulation FD Disclosure"" of this Current Report on Form 8-K is incorporated by reference into this Item 2.02. Item 7.01 Regulation FD Disclosure On May 15,"
0001510964-23-000012,0001510964,"CV Sciences, Inc.",2023-03-29,2023-03-29T09:08:15-04:00,False,"2.02,7.01,9.01",OTHER,,primary_item,"Results of Operations and Financial Conditions The information provided below in ""Item 7.01 - Regulation FD Disclosure"" of this Current Report on Form 8-K is incorporated by reference into this Item 2.02. Item 7.01 Regulation FD Disclosure On March 2"
0001510964-23-000003,0001510964,"CV Sciences, Inc.",2023-03-02,2023-03-02T16:34:16-05:00,True,"7.01,8.01,9.01",OTHER,,primary_item,"Regulation FD Disclosure On March 2, 2023, CV Sciences, Inc. (the “Company”) issued a press release announcing the proposed settlement of certain stockholder derivative actions previously filed against the Company and certain other named defendants, "
0001510964-22-000085,0001510964,"CV Sciences, Inc.",2022-11-14,2022-11-14T09:12:56-05:00,False,"2.02,7.01,9.01",OTHER,,primary_item,"Results of Operations and Financial Conditions The information provided below in ""Item 7.01 - Regulation FD Disclosure"" of this Current Report on Form 8-K is incorporated by reference into this Item 2.02. Item 7.01 Regulation FD Disclosure On Novembe"
0001510964-22-000076,0001510964,"CV Sciences, Inc.",2022-09-27,2022-09-27T16:08:08-04:00,True,"7.01,8.01,9.01",OTHER,,exhibit,"EX-99.1 2 ex991-stipulationofsettl.htm EX-99.1 ex991-stipulationofsettl 1 2 3 4 5 6 7 8 9 10 11 12 13 14 15 16 17 18 19 20 21 22 23 24 25 26 27 28 ALDRICH LAW FIRM, LTD. JOHN P. ALDRICH 1601 S. Rainbow Blvd., Suite 160 Las Vegas, Nevada 89146 Telepho"
0001510964-22-000072,0001510964,"CV Sciences, Inc.",2022-08-25,2022-08-24T19:04:33-04:00,True,"1.01,1.02,7.01,9.01",OTHER,,primary_item,"Entry into a Material Definitive Agreement On August 19, 2022, CV Sciences, Inc., a Delaware corporation (the “Company”) entered into a Note Purchase Agreement (“Note Agreement”) with Streeterville Capital, LLC, a Utah limited liability company (“Str"
0001510964-22-000065,0001510964,"CV Sciences, Inc.",2022-08-15,2022-08-15T09:06:52-04:00,False,"2.02,7.01,9.01",OTHER,,primary_item,"Results of Operations and Financial Conditions The information provided below in ""Item 7.01 - Regulation FD Disclosure"" of this Current Report on Form 8-K is incorporated by reference into this Item 2.02. Item 7.01 Regulation FD Disclosure On August "
0001510964-22-000040,0001510964,"CV Sciences, Inc.",2022-05-16,2022-05-16T09:15:10-04:00,False,"2.02,7.01,9.01",OTHER,,primary_item,"Results of Operations and Financial Conditions The information provided below in ""Item 7.01 - Regulation FD Disclosure"" of this Current Report on Form 8-K is incorporated by reference into this Item 2.02. Item 7.01 Regulation FD Disclosure On May 16,"
0001510964-22-000016,0001510964,"CV Sciences, Inc.",2022-03-31,2022-03-31T16:10:08-04:00,True,"2.02,7.01,9.01",OTHER,,primary_item,"Results of Operations and Financial Conditions The information provided below in ""Item 7.01 - Regulation FD Disclosure"" of this Current Report on Form 8-K is incorporated by reference into this Item 2.02. Item 7.01 Regulation FD Disclosure On March 3"
0001510964-21-000082,0001510964,"CV Sciences, Inc.",2021-11-30,2021-11-30T17:13:18-05:00,True,"4.01,7.01,9.01",OTHER,,primary_item,"Change in Registrant's Certifying Accountant. (a) Dismissal of Independent Registered Public Accounting Firm On November 30, 2021, CV Sciences, Inc. (the “Company”) notified Deloitte & Touche LLP (“Deloitte”) of its dismissal as the Company’s indepen"
0001510964-21-000065,0001510964,"CV Sciences, Inc.",2021-11-15,2021-11-15T08:08:51-05:00,False,"2.02,7.01,9.01",OTHER,,primary_item,"Results of Operations and Financial Conditions The information provided below in ""Item 7.01 - Regulation FD Disclosure"" of this Current Report on Form 8-K is incorporated by reference into this Item 2.02. Item 7.01 Regulation FD Disclosure On Novembe"
0001510964-21-000056,0001510964,"CV Sciences, Inc.",2021-08-12,2021-08-12T16:07:47-04:00,True,"2.02,7.01,9.01",OTHER,,primary_item,"Results of Operations and Financial Conditions The information provided below in ""Item 7.01 - Regulation FD Disclosure"" of this Current Report on Form 8-K is incorporated by reference into this Item 2.02. Item 7.01 Regulation FD Disclosure On August "
0001510964-21-000026,0001510964,"CV Sciences, Inc.",2021-05-13,2021-05-13T16:09:46-04:00,True,"2.02,7.01,9.01",OTHER,,primary_item,"Results of Operations and Financial Conditions The information provided below in ""Item 7.01 - Regulation FD Disclosure"" of this Current Report on Form 8-K is incorporated by reference into this Item 2.02. Item 7.01 Regulation FD Disclosure On May 13,"
0001510964-21-000010,0001510964,"CV Sciences, Inc.",2021-03-18,2021-03-18T16:08:25-04:00,True,"2.02,7.01,9.01",OTHER,,primary_item,"Results of Operations and Financial Conditions The information provided below in ""Item 7.01 - Regulation FD Disclosure"" of this Current Report on Form 8-K is incorporated by reference into this Item 2.02. Item 7.01 Regulation FD Disclosure On March 1"
0001510964-20-000072,0001510964,"CV Sciences, Inc.",2020-11-05,2020-11-05T16:13:53-05:00,True,"2.02,7.01,9.01",OTHER,,primary_item,"Results of Operations and Financial Conditions The information provided below in ""Item 7.01 - Regulation FD Disclosure"" of this Current Report on Form 8-K is incorporated by reference into this Item 2.02. Item 7.01 Regulation FD Disclosure On Novembe"
0001510964-20-000064,0001510964,"CV Sciences, Inc.",2020-08-06,2020-08-06T16:07:38-04:00,True,"2.02,7.01,9.01",OTHER,,primary_item,"Results of Operations and Financial Conditions The information provided below in ""Item 7.01 - Regulation FD Disclosure"" of this Current Report on Form 8-K is incorporated by reference into this Item 2.02. Item 7.01 Regulation FD Disclosure On August "
0001510964-20-000039,0001510964,"CV Sciences, Inc.",2020-05-08,2020-05-08T08:08:47-04:00,False,"2.02,7.01,9.01",OTHER,,primary_item,"Results of Operations and Financial Conditions The information provided below in ""Item 7.01 - Regulation FD Disclosure"" of this Current Report on Form 8-K is incorporated by reference into this Item 2.02. Item 7.01 Regulation FD Disclosure On May 8, "
0001510964-20-000010,0001510964,"CV Sciences, Inc.",2020-03-16,2020-03-16T16:07:49-04:00,True,"2.02,7.01,9.01",OTHER,,primary_item,"Results of Operations and Financial Conditions The information provided below in ""Item 7.01 - Regulation FD Disclosure"" of this Current Report on Form 8-K is incorporated by reference into this Item 2.02. Item 7.01 Regulation FD Disclosure On March 1"
0001510964-19-000064,0001510964,"CV Sciences, Inc.",2019-11-05,2019-11-05T16:03:46-05:00,True,"2.02,7.01,9.01",OTHER,,primary_item,"Results of Operations and Financial Conditions The information provided below in ""Item 7.01 - Regulation FD Disclosure"" of this Current Report on Form 8-K is incorporated by reference into this Item 2.02. Item 7.01 Regulation FD Disclosure On Novembe"
0001510964-19-000057,0001510964,"CV Sciences, Inc.",2019-10-30,2019-10-30T16:01:35-04:00,True,"5.02,7.01,9.01",CORPORATE,CORPORATE,primary_item,"Departure of Directors or Certain Officers; Election of Directors; Appointment of Certain Officers; Compensatory Arrangements of Certain Officers. On October 24, 2019, the Board of Directors of CV Sciences, Inc. (the ""Company"") appointed Beth Altman "
0001510964-19-000054,0001510964,"CV Sciences, Inc.",2019-10-22,2019-10-22T16:20:21-04:00,True,"5.02,7.01,9.01",CORPORATE,CORPORATE,primary_item,"Departure of Directors or Certain Officers; Election of Directors; Appointment of Certain Officers; Compensatory Arrangements of Certain Officers. On October 21, 2019, the Board of Directors of CV Sciences, Inc. (the ""Company"") appointed Dr. Paul Bla"
0001510964-19-000049,0001510964,"CV Sciences, Inc.",2019-08-27,2019-08-27T16:07:28-04:00,True,"5.02,7.01,9.01",CORPORATE,CORPORATE,primary_item,"Departure of Directors or Certain Officers; Election of Directors; Appointment of Certain Officers; Compensatory Arrangements of Certain Officers. On August 22, 2019, the Board of Directors of CV Sciences, Inc. (the ""Company"") appointed Terri Funk Gr"
0001510964-19-000040,0001510964,"CV Sciences, Inc.",2019-08-06,2019-08-06T16:04:53-04:00,True,"2.02,7.01,9.01",OTHER,,primary_item,"Results of Operations and Financial Conditions The information provided below in ""Item 7.01 - Regulation FD Disclosure"" of this Current Report on Form 8-K is incorporated by reference into this Item 2.02. Item 7.01 Regulation FD Disclosure On August "
0001510964-19-000025,0001510964,"CV Sciences, Inc.",2019-05-08,2019-05-08T16:08:20-04:00,True,"2.02,7.01,9.01",OTHER,,primary_item,"Results of Operations and Financial Conditions The information provided below in ""Item 7.01 - Regulation FD Disclosure"" of this Current Report on Form 8-K is incorporated by reference into this Item 2.02. Item 7.01 Regulation FD Disclosure On May 8, "
0001510964-19-000009,0001510964,"CV Sciences, Inc.",2019-03-21,2019-03-21T16:58:06-04:00,True,"5.02,7.01,9.01",CORPORATE,CORPORATE,primary_item,"Departure of Directors or Certain Officers; Election of Directors; Appointment of Certain Officers; Compensatory Arrangements of Certain Officers. On March 15, 2019, the Board of Directors of the Company appointed Joerg Grasser as the Chief Financial"
0001510964-19-000006,0001510964,"CV Sciences, Inc.",2019-03-12,2019-03-12T16:09:01-04:00,True,"2.02,7.01",OTHER,,primary_item,"Results of Operations and Financial Conditions The information provided below in ""Item 7.01 - Regulation FD Disclosure"" of this Current Report on Form 8-K is incorporated by reference into this Item 2.02. Item 7.01 Regulation FD Disclosure On March 1"
0001683168-19-000034,0001510964,"CV Sciences, Inc.",2019-01-08,2019-01-08T08:45:13-05:00,False,"5.02,7.01,9.01",CORPORATE,CORPORATE,exhibit,"CV SCIENCES, INC. APPOINTS NEW CHIEF ACCOUNTING OFFICER January 8, 2019 LAS VEGAS, January 8, 2019 (GLOBE NEWSWIRE) -- CV Sciences, Inc. (OTCQB: CVSI) (the “Company”, “we” or “our”), a preeminent supplier and manufacturer of hemp CBD products through"
0001193125-25-256367,0001810560,"REVELATION BIOSCIENCES, INC.",2025-10-29,2025-10-29T16:20:21-04:00,True,"7.01,9.01",CORPORATE,CORPORATE,exhibit,"EX-99.1 2 revb-ex99_1.htm EX-99.1 EX-99.1 Revelation Biosciences Inc. Announces Cancellation of Adjournment of October 29, 2025 Special Meeting of Stockholders and New Record Date San Diego, CA, October 29, 2025 – Revelation Biosciences, Inc. (NASDAQ"
0001193125-25-240400,0001810560,"REVELATION BIOSCIENCES, INC.",2025-10-15,2025-10-15T17:06:30-04:00,True,"7.01,9.01",CORPORATE,CORPORATE,exhibit,"EX-99.1 2 revb-ex99_1.htm EX-99.1 EX-99.1 Revelation Biosciences Inc. Announces Adjournment of October 15, 2025 Special Meeting of Stockholders to October 29, 2025 San Diego, CA, October 15, 2025 – Revelation Biosciences, Inc. (NASDAQ: REVB) (the “Co"
0000950170-24-029611,0001810560,"REVELATION BIOSCIENCES, INC.",2024-03-12,2024-03-11T21:53:19-04:00,True,"7.01,8.01,9.01",OTHER,,exhibit,"EX-99.1 2 revb-ex99_1.htm EX-99.1 Gemini is a proprietary formulation of phosphorylated hexaacyl disaccharide (PHAD), a synthetic, detoxified version of lipopolysaccharide (LPS). PHAD stimulates TLR4 to precondition immune cells, including early, rob"
0000950170-24-008972,0001810560,"REVELATION BIOSCIENCES, INC.",2024-01-30,2024-01-30T17:21:32-05:00,True,"7.01,9.01",PRESENTATION,PRESENTATION,exhibit,EX-99.1 2 revb-ex99_1.htm EX-99.1 Developing innovative therapeutics to address unmet needs Corporate Presentation / January 2024 www.revbiosciences.com Forward-Looking Statements This presentation contains forward-looking statements as defined in th
0000950170-23-053115,0001810560,"REVELATION BIOSCIENCES, INC.",2023-10-12,2023-10-12T16:26:53-04:00,True,"7.01,8.01,9.01",PRESENTATION,PRESENTATION,exhibit,EX-99.1 2 revb-ex99_1.htm EX-99.1 Developing innovative therapeutics to address unmet needs Corporate Presentation / October 2023 www.revbiosciences.com Forward-Looking Statements This presentation contains forward-looking statements as defined in th
0000950170-23-051141,0001810560,"REVELATION BIOSCIENCES, INC.",2023-10-02,2023-10-02T16:24:12-04:00,True,"5.02,7.01,9.01",CORPORATE,CORPORATE,exhibit,"Revelation Biosciences Inc. Announces Appointment of Lakhmir Chawla, M.D. to Board of Directors San Diego, CA –October 2, 2023 – Revelation Biosciences Inc. (NASDAQ: REVB) (the “Company” or “Revelation”), a life sciences company that is focused on th"
0000950170-23-030766,0001810560,"REVELATION BIOSCIENCES, INC.",2023-06-29,2023-06-29T16:23:53-04:00,True,"7.01,9.01",CORPORATE,CORPORATE,exhibit,"EX-99.1 2 revb-ex99_1.htm EX-99.1 EX-99.1 REMINDER: Revelation Biosciences, Inc. Urges All Stockholders to Vote at the 2023 Annual Meeting of Stockholders San Diego, CA – June 29, 2023 – Revelation Biosciences Inc. (NASDAQ: REVB) (the “Company” or “R"
0000950170-23-027498,0001810560,"REVELATION BIOSCIENCES, INC.",2023-06-12,2023-06-12T16:20:49-04:00,True,"7.01,9.01",CORPORATE,CORPORATE,exhibit,"EX-99.1 2 revb-ex99_1.htm EX-99.1 EX-99.1 Revelation Biosciences Inc. Announces Adjournment of 2023 Annual Meeting of Stockholders to July 7, 2023 and Additional Proposal San Diego, CA – June 12, 2023 – Revelation Biosciences Inc. (NASDAQ: REVB) (the"
0000950170-23-024262,0001810560,"REVELATION BIOSCIENCES, INC.",2023-05-25,2023-05-25T16:32:30-04:00,True,"7.01,9.01",PRESENTATION,PRESENTATION,primary_item,"Regulation FD Disclosure. On May 25, 2023, Revelation Biosciences, Inc. made an updated corporate presentation available to the public. A copy of the presentation is attached to this Current Report on Form 8-K as Exhibit 99.1 and is incorporated here"
0000950170-23-023380,0001810560,"REVELATION BIOSCIENCES, INC.",2023-05-22,2023-05-22T13:22:28-04:00,False,"2.02,7.01,9.01",CORPORATE,CORPORATE,exhibit,"Revelation Biosciences Inc. Announces Financial Results for the Three Months Ended March 31, 2023 and Recent Corporate Progress San Diego, CA – May 22, 2023 – Revelation Biosciences Inc. (NASDAQ: REVB) (the “Company” or “Revelation”), a life sciences"
0000950170-23-011612,0001810560,"REVELATION BIOSCIENCES, INC.",2023-04-03,2023-04-03T16:33:40-04:00,True,"2.02,7.01,9.01",CORPORATE,CORPORATE,exhibit,"Revelation Biosciences Inc. Announces Financial Results for the Three and Twelve Months Ended December 31, 2022 and Recent Corporate Progress San Diego, CA – March 30, 2023 – Revelation Biosciences Inc. (NASDAQ: REVB) (the “Company” or “Revelation”),"
0000950170-23-002652,0001810560,"REVELATION BIOSCIENCES, INC.",2023-02-13,2023-02-13T17:30:20-05:00,True,"1.01,3.03,7.01,9.01",CORPORATE,CORPORATE,exhibit,"Revelation Biosciences Inc. Announces Pricing of $15.6 Million Public Offering San Diego, CA – February 9, 2023 – Revelation Biosciences Inc. (NASDAQ: REVB) (the “Company” or “Revelation”), a clinical-stage life sciences company that is focused on th"
0000950170-23-001502,0001810560,"REVELATION BIOSCIENCES, INC.",2023-01-31,2023-01-31T17:09:13-05:00,True,"3.03,5.03,5.07,7.01,9.01",CORPORATE,CORPORATE,exhibit,"Revelation Biosciences Inc. Announces 1-for-35 Reverse Stock Split effective February 1, 2023 and Results of Special Meeting of Stockholders San Diego, CA – January 31, 2023 – Revelation Biosciences Inc. (NASDAQ: REVB) (the “Company” or “Revelation”)"
0000950170-23-000613,0001810560,"REVELATION BIOSCIENCES, INC.",2023-01-10,2023-01-10T16:07:17-05:00,True,"7.01,9.01",PRESENTATION,PRESENTATION,exhibit,EX-99.1 2 revb-ex99_1.htm EX-99.1 Developing innovative therapeutics to address unmet needs Corporate Presentation / January 2023 www.revbiosciences.com Forward-Looking Statements This presentation contains forward-looking statements as defined in th
0000950170-22-024560,0001810560,"REVELATION BIOSCIENCES, INC.",2022-11-10,2022-11-10T17:00:58-05:00,True,"2.02,7.01,9.01",CORPORATE,CORPORATE,exhibit,"Revelation Biosciences Inc. Announces Financial Results for the Three and Nine Months Ended September 30, 2022 and Recent Corporate Progress San Diego, CA – November 10, 2022 – Revelation Biosciences Inc. (NASDAQ: REVB) (the “Company” or “Revelation”"
0000950170-22-020014,0001810560,"REVELATION BIOSCIENCES, INC.",2022-10-25,2022-10-25T16:01:56-04:00,True,"7.01,9.01",OTHER,,exhibit,EX-99.1 2 revb-ex99_1.htm EX-99.1 EX-99.1 Revelation Biosciences Inc. Announces Positive Results in Preclinical Model of Acute and Chronic Kidney Disease - Treatment with REVTx-300 significantly reduced renal cortical fibrosis in a dose dependent man
0000950170-22-019354,0001810560,"REVELATION BIOSCIENCES, INC.",2022-10-06,2022-10-06T16:02:13-04:00,True,"7.01,9.01",PRESENTATION,PRESENTATION,exhibit,EX-99.1 2 revb-ex99_1.htm EX-99.1 Developing innovative therapeutics to address unmet needs Corporate Presentation / October 2022 www.revbiosciences.com Forward-Looking Statements This presentation contains forward-looking statements as defined in th
0000950170-22-017552,0001810560,"REVELATION BIOSCIENCES, INC.",2022-08-17,2022-08-17T16:32:31-04:00,True,"2.02,7.01,9.01",CORPORATE,CORPORATE,exhibit,"Revelation Biosciences Inc. Announces Financial Results for the Three and Six Months Ended June 30, 2022 and Recent Corporate Progress San Diego, CA – August 15, 2022 – Revelation Biosciences Inc. (NASDAQ: REVB) (the “Company” or “Revelation”), a cli"
0001213900-22-012515,0001810560,"REVELATION BIOSCIENCES, INC.",2022-03-15,2022-03-15T15:09:52-04:00,False,"7.01,9.01",PRESENTATION,PRESENTATION,exhibit,Developing innovative therapeutics and diagnostics to address unmet needs Corporate Presentation / March 2022 www.revbiosciences.com Forward - Looking Statements This presentation contains forward - looking statements as defined in the Private Securi
0001213900-22-006506,0001810560,"REVELATION BIOSCIENCES, INC.",2022-02-11,2022-02-10T17:45:44-05:00,True,"7.01,9.01",PRESENTATION,PRESENTATION,exhibit,Developing innovative therapeutics and diagnostics to address unmet needs Corporate Presentation / February 2022 www.revbiosciences.com Forward - Looking Statements This presentation contains forward - looking statements as defined in the Private Sec
0001213900-22-003972,0001810560,"REVELATION BIOSCIENCES, INC.",2022-01-27,2022-01-27T16:05:17-05:00,True,"1.01,3.02,7.01,9.01",CORPORATE,CORPORATE,exhibit,"Revelation Biosciences Raises $7.76 Million in Equity Financing San Diego, CA – January 24, 2022 – Revelation Biosciences Inc. (NASDAQ: REVB) (the “Company” or “Revelation”), a clinical-stage life sciences company that is focused on the development o"
0001213900-22-001924,0001810560,"REVELATION BIOSCIENCES, INC.",2022-01-13,2022-01-13T15:53:16-05:00,False,"7.01,9.01",PRESENTATION,PRESENTATION,exhibit,Developing innovative therapeutics and diagnostics to address unmet needs Corporate Presentation / January 2022 Forward - Looking Statements This presentation contains forward - looking statements as defined in the Private Securities Litigation Refor
0001213900-21-067371,0001810560,"REVELATION BIOSCIENCES, INC.",2021-12-23,2021-12-23T17:27:56-05:00,True,"1.01,2.03,7.01,8.01,9.01",CORPORATE,CORPORATE,exhibit,"Petra Acquisition, Inc. Announces Share Redemption Backstop and Forward Purchase Agreements in Connection with Revelation Biosciences, Inc. Business Combination -Agreements Provide Revelation with Capital to Fund Continued Development of REVTx-99 for"
0001213900-21-052510,0001810560,"REVELATION BIOSCIENCES, INC.",2021-10-13,2021-10-12T20:39:20-04:00,True,"5.03,5.07,7.01,9.01",CORPORATE,CORPORATE,primary_item,Amendments to Articles of Incorporation or Bylaws; Change in Fiscal Year. Subsequent to the approval by its stockholders of the Amendment (the “ Charter Amendment ”) to the Second Amended and Restated Certificate of Incorporation of Petra Acquisition
0001213900-21-045753,0001810560,"REVELATION BIOSCIENCES, INC.",2021-08-31,2021-08-31T06:06:31-04:00,False,"7.01,9.01",CORPORATE,CORPORATE,exhibit,"Revelation Biosciences, Inc., a Life Sciences Company Developing Therapeutics and Diagnostics for Respiratory Viral Infections, Including COVID-19, to Become Publicly Traded through a Merger with Petra Acquisition, Inc. ● Revelation’s lead product ca"
0001824293-25-000126,0001824293,"GRI Bio, Inc.",2025-08-20,2025-08-20T09:28:49-04:00,False,"7.01,9.01",OTHER,,primary_item,"Regulation FD Disclosure The information in this Item 7.01, including Exhibit 99.1, is being furnished and shall not be deemed “filed” for purposes of Section 18 of the Securities Exchange Act of 1934, as amended (the “Exchange Act”), or otherwise su"
0001824293-25-000082,0001824293,"GRI Bio, Inc.",2025-06-26,2025-06-26T08:01:08-04:00,False,"7.01,9.01",CLINICAL,CLINICAL,exhibit,GRI Bio’s GRI-0621 Demonstrates Encouraging Safety Results at Planned Interim 6-Week Analysis in Ongoing Phase 2a Study in Idiopathic Pulmonary Fibrosis (“IPF”) The Independent Data Monitoring Committee (“IDMC”) has recommended to continue the study 
0001824293-24-000107,0001824293,"GRI Bio, Inc.",2024-08-14,2024-08-14T08:07:50-04:00,False,"2.02,7.01,9.01",CLINICAL,CLINICAL,exhibit,GRI Bio Reports Second Quarter 2024 Financial Results and Provides Corporate Update Company focused on execution of lead program GRI-0621 for the treatment of Idiopathic Pulmonary Fibrosis (IPF) GRI-0621 interim data readout of Phase 2a biomarker stu
0001824293-24-000049,0001824293,"GRI Bio, Inc.",2024-05-13,2024-05-13T08:02:59-04:00,False,"2.02,7.01,9.01",CLINICAL,CLINICAL,exhibit,GRI Bio Reports First Quarter 2024 Financial Results and Provides Corporate Update Interim data readout of Phase 2a biomarker study evaluating lead program GRI-0621 for the treatment of Idiopathic Pulmonary Fibrosis (IPF) expected Q3 2024 and topline
0001824293-24-000014,0001824293,"GRI Bio, Inc.",2024-01-16,2024-01-16T08:45:50-05:00,False,"7.01,9.01",OTHER,,primary_item,"Regulation FD Disclosure On January 16, 2024, GRI Bio, Inc. (the “Company”), posted a Virtual Investor CEO Corner event video with the Company’s Chief Executive Officer, Dr. W. Marc Hertz. A link to the video may be found at https://www.virtualinvest"
0001824293-23-000166,0001824293,"GRI Bio, Inc.",2023-11-01,2023-11-01T08:45:57-04:00,False,7.01,OTHER,,primary_item,"Regulation FD Disclosure On November 1, 2023, GRI Bio, Inc. (the “Company”), posted a Virtual Investor event video with the Company’s Chief Medical Officer, Dr. Albert Agro, discussing the Company’s recently issued press release announcing its partne"
0001824293-23-000161,0001824293,"GRI Bio, Inc.",2023-08-25,2023-08-25T16:42:52-04:00,True,"7.01,9.01",OTHER,,primary_item,"Regulation FD Disclosure The information in this Item 7.01, including Exhibit 99.1, is being furnished and shall not be deemed “filed” for purposes of Section 18 of the Securities Exchange Act of 1934, as amended (the “Exchange Act”), or otherwise su"
0001824293-23-000114,0001824293,"GRI Bio, Inc.",2023-04-27,2023-04-27T08:40:36-04:00,False,"7.01,9.01",OTHER,,primary_item,"Regulation FD Disclosure The information in this Item 7.01, including Exhibit 99.1, is being furnished and shall not be deemed “filed” for purposes of Section 18 of the Securities Exchange Act of 1934, as amended (the “Exchange Act”), or otherwise su"
0001104659-21-029269,0001824293,"GRI Bio, Inc.",2021-02-26,2021-02-26T16:37:36-05:00,True,"7.01,9.01",PRESENTATION,PRESENTATION,exhibit,"Exhibit 99.1 Working to Reduce ADHD Medication Abuse NASDAQ: VLON vallon - pharma.com Investor Presentation February 2021 Forward Looking Statements This presentation contains projections of, and assumptions regarding, future events reflecting our be"
0000950170-25-108447,0001497253,"VivoSim Labs, INC.",2025-08-14,2025-08-14T08:06:27-04:00,False,"5.02,7.01,9.01",CORPORATE,CORPORATE,exhibit,"VivoSim Labs Appoints Tony Lialin as Chief Commercial Officer Veteran commercial leader to scale AI-enabled NAMkind™ liver and intestine toxicology services in a rapidly growing market San Diego, CA — August 14, 2025 — VivoSim Labs, Inc. (Nasdaq: VIV"
0000950170-25-057685,0001497253,"VivoSim Labs, INC.",2025-04-24,2025-04-24T08:30:13-04:00,False,"5.03,7.01,8.01,9.01",REGULATORY,REGULATORY,exhibit,"VivoSim Announces Emergence from Stealth Mode To Provide Technologies for FDA Turn Away from Animal Models, $10B+ Market San Diego, CA – April 24, 2025 – VivoSim Labs, Inc. (Nasdaq: VIVS) (the “Company”) announced that it has emerged from stealth mod"
0000950170-25-056974,0001497253,"VivoSim Labs, INC.",2025-04-23,2025-04-23T08:06:08-04:00,False,"7.01,9.01",CORPORATE,CORPORATE,exhibit,"VivoSim to Carry Forward Organovo 3D Bioprinting San Diego, CA – April 23, 2025 – Organovo Holdings, Inc. (Nasdaq: ONVO) (the “Company”) announced that it will carry forward its 3D bioprinting and legacy technology as VivoSim Labs, Inc. A name change"
0000950170-25-048888,0001497253,"VivoSim Labs, INC.",2025-04-02,2025-04-02T08:06:07-04:00,False,"2.02,7.01,8.01,9.01",CORPORATE,CORPORATE,exhibit,"1 Organovo Provides Update on Cash and Nasdaq Continued Listing Requirements San Diego, CA – April 2, 2025 – Organovo Holdings, Inc. (Nasdaq: ONVO) (“Organovo” or the “Company”), a clinical stage biotechnology company focused on developing novel trea"
0000950170-25-045740,0001497253,"VivoSim Labs, INC.",2025-03-27,2025-03-27T08:05:09-04:00,False,"7.01,9.01",CORPORATE,CORPORATE,exhibit,"Organovo Provides Business Update San Diego, CA – March 27, 2025 – Organovo Holdings, Inc. (Nasdaq:ONVO) (“Organovo” or the “Company”), a clinical stage biotechnology company focused on developing novel treatment approaches in inflammatory bowel dise"
0000950170-25-041749,0001497253,"VivoSim Labs, INC.",2025-03-19,2025-03-19T08:06:08-04:00,False,"7.01,9.01",OTHER,,primary_item,"Regulation FD Disclosure. On March 19, 2025, Organovo Holdings, Inc. issued a press release with respect to a pending reverse split of its common stock. A copy of the press release is furnished herewith as Exhibit 99.1 to this Current Report on Form "
0000950170-24-050906,0001497253,"VivoSim Labs, INC.",2024-05-01,2024-05-01T08:05:17-04:00,False,"7.01,9.01",OTHER,,exhibit,"Certain statements contained in this presentation or in other documents of Organovo Holdings, Inc. (the “Company” or “Organovo”) and of any of its affiliates, along with certain statements that may be made by management of the Company orally in prese"
0000950170-24-011954,0001497253,"VivoSim Labs, INC.",2024-02-07,2024-02-07T08:05:17-05:00,False,"7.01,9.01",OTHER,,exhibit,"EX-99.1 2 onvo-ex99_1.htm EX-99.1 © Copyright 2024, Organovo Holdings, Inc. This report is solely for the use of intended audience. No part of it may be circulated, quoted, or reproduced for distribution outside the organization without prior written"
0001564590-22-007614,0001497253,"VivoSim Labs, INC.",2022-02-28,2022-02-28T16:07:30-05:00,True,"1.01,7.01,9.01",CORPORATE,CORPORATE,exhibit,"Organovo and BICO (CELLINK) Reach Licensing Agreement on Bioprinting Patents February 23, 2022 San Diego, CA, February 23, 2022—Organovo Holdings, Inc. (Nasdaq: ONVO), and BICO today announced they have reached agreement on a broad license for BICO a"
0001493152-25-022349,0001855485,"Calidi Biotherapeutics, Inc.",2025-11-13,2025-11-13T16:30:50-05:00,True,"2.02,7.01,9.01",AMBIGUOUS,AMBIGUOUS,exhibit,Calidi Biotherapeutics Reports Third Quarter 2025 Financial Results and Recent Operational Highlights ● Presented new data at the Society of Immunotherapy for Cancer (SITC) annual meeting on CLD-401 protection from immune clearance after systemic adm
0001493152-25-021418,0001855485,"Calidi Biotherapeutics, Inc.",2025-11-10,2025-11-10T08:30:53-05:00,False,"7.01,8.01,9.01",PRESENTATION,PRESENTATION,exhibit,"EX-99.2 3 ex99-2.htm EX-99.2 Exhibit 99.2 EX-99.3 4 ex99-3.htm CALIDI BIOTHERAPEUTICS PRESENTS NEW DATA ON ITS THERAPEUTIC LEAD, CLD-401, AT THE 2025 SITC ANNUAL MEETING AND HOLDS ITS FIRST INVESTOR DAY AT SITC Exhibit 99.3 Calidi Biotherapeutics Pre"
0001493152-25-019353,0001855485,"Calidi Biotherapeutics, Inc.",2025-10-24,2025-10-24T17:16:07-04:00,True,"7.01,8.01,9.01",CORPORATE,CORPORATE,exhibit,"EX-99.2 3 ex99-2.htm EX-99.2 Exhibit 99.2 Calidi Biotherapeutics Announces Establishment of Scientific Advisory Board to Support Development of CLD-401 and Advance its RedTail Platform for the Systemic Delivery of Targeted Genetic Medicine SAN DIEGO,"
0001641172-25-026066,0001855485,"Calidi Biotherapeutics, Inc.",2025-08-29,2025-08-29T17:20:03-04:00,True,"7.01,9.01",NO_TEXT,,exhibit,
0001641172-25-022791,0001855485,"Calidi Biotherapeutics, Inc.",2025-08-08,2025-08-08T16:35:14-04:00,True,"2.02,7.01,9.01",CLINICAL,CLINICAL,exhibit,Calidi Biotherapeutics Reports Second Quarter 2025 Financial Results and Recent Operational Highlights ● Presented preclinical data at the American Society of Clinical Oncology (ASCO) on CLD-401 demonstrating biological efficacy IL-15 superagonist de
0001641172-25-021039,0001855485,"Calidi Biotherapeutics, Inc.",2025-07-25,2025-07-25T17:00:32-04:00,True,"5.02,7.01,8.01,9.01",OTHER,,exhibit,"Calidi announces Reverse Stock Split, expected to begin trading on a 1-for-12 split adjusted basis on August 5, 2025 SAN DIEGO, July 25, 2025 (GLOBE NEWSWIRE) — Calidi Biotherapeutics, Inc. (“Calidi” or the “Company”) (NYSE American: CLDI), a clinica"
0001641172-25-018553,0001855485,"Calidi Biotherapeutics, Inc.",2025-07-10,2025-07-10T13:02:07-04:00,False,"1.01,3.02,7.01,9.01",OTHER,,exhibit,"Calidi Biotherapeutics Announces Exercise of Warrants for $4.6 Million of Gross Proceeds SAN DIEGO, July 09, 2025 (GLOBE NEWSWIRE) -- Calidi Biotherapeutics, Inc. (“Calidi” or the “Company”) (NYSE American: CLDI), a clinical-stage biotechnology compa"
0001641172-25-010348,0001855485,"Calidi Biotherapeutics, Inc.",2025-05-14,2025-05-14T17:00:33-04:00,True,"2.02,7.01,9.01",CORPORATE,CORPORATE,exhibit,Calidi Biotherapeutics Reports First Quarter 2025 Financial Results and Recent Operational Highlights - Bolstered management team with hires of Chief Executive Officer and Chief Medical Officer with deep biopharmaceutical experience - Announced selec
0001641172-25-005777,0001855485,"Calidi Biotherapeutics, Inc.",2025-04-23,2025-04-23T08:10:13-04:00,False,"1.01,5.02,7.01,8.01,9.01",CORPORATE,CORPORATE,exhibit,"Calidi Biotherapeutics Announces Chief Executive Officer Transition and Appointment of Eric Poma, Ph.D. as CEO and Director SAN DIEGO, Apr. 23, 2025 (GLOBE NEWSWIRE) – Calidi Biotherapeutics Inc. (NYSE American: CLDI) (“Calidi”), a clinical-stage bio"
0001641172-25-003501,0001855485,"Calidi Biotherapeutics, Inc.",2025-04-10,2025-04-09T21:57:43-04:00,True,"7.01,9.01",CORPORATE,CORPORATE,exhibit,"Calidi Biotherapeutics Announces Appointment of Guy Travis Clifton, MD as Chief Medical Officer, Consultant and Advisor SAN DIEGO, Apr. 10, 2025 (GLOBE NEWSWIRE) – Calidi Biotherapeutics Inc. (NYSE American: CLDI) (“Calidi”), a clinical-stage biotech"
0001641172-25-001822,0001855485,"Calidi Biotherapeutics, Inc.",2025-03-31,2025-03-31T16:59:31-04:00,True,"2.02,7.01,9.01",CORPORATE,CORPORATE,exhibit,Calidi Biotherapeutics Reports Fourth Quarter and Full-Year 2024 Financial Results and Recent Operational Highlights - Announced demonstrated ability to deliver transient gene therapy (payload) to tumors using systemic antitumor virotherapy platform 
0001493152-25-009731,0001855485,"Calidi Biotherapeutics, Inc.",2025-03-10,2025-03-10T17:21:53-04:00,True,"7.01,9.01",OTHER,,exhibit,"Calidi Biotherapeutics Announces Demonstrated Ability To Deliver Transient Gene Therapy (Payload) To Tumors Using Systemic Platform SAN DIEGO, Mar. 10, 2025 (GLOBE NEWSWIRE) – Calidi Biotherapeutics Inc. (NYSE American: CLDI) (“Calidi”), a clinical-s"
0001493152-25-003916,0001855485,"Calidi Biotherapeutics, Inc.",2025-01-28,2025-01-28T08:30:32-05:00,False,"1.02,2.02,7.01,9.01",OTHER,,primary_item,"Termination of a Material Definitive Agreement. Termination of Standby Equity Purchase Agreement On January 23, 2025, Calidi Biotherapeutics, Inc. (the “Company”) delivered to YA II PN, LTD. (“Yorkville”), a Notice of Termination of the Standby Equit"
0001493152-25-001567,0001855485,"Calidi Biotherapeutics, Inc.",2025-01-10,2025-01-10T08:30:38-05:00,False,"1.01,3.02,7.01,8.01,9.01",OTHER,,primary_item,"Entry into a Material Definitive Agreement. On January 9, 2025, Calidi Biotherapeutics, Inc. (the “Company”) entered into a Placement Agency Agreement (the “Agreement”) with Ladenburg Thalmann & Co. Inc. (the “Placement Agent”), pursuant to which the"
0001493152-24-046434,0001855485,"Calidi Biotherapeutics, Inc.",2024-11-18,2024-11-18T08:10:35-05:00,False,"7.01,9.01",AMBIGUOUS,AMBIGUOUS,exhibit,"Calidi Biotherapeutics Presents Data Supporting RTNova Systemic Technology to Target Metastatic Lung Cancer SAN DIEGO, November 18, 2024 (GLOBE NEWSWIRE) - Calidi Biotherapeutics Inc. (NYSE American: CLDI) (“Calidi”), a clinical-stage biotechnology c"
0001493152-24-044932,0001855485,"Calidi Biotherapeutics, Inc.",2024-11-13,2024-11-12T20:25:44-05:00,True,"2.02,7.01,9.01",CORPORATE,CORPORATE,primary_item,"Results of Operations and Financial Condition. On November 12, 2024, Calidi Biotherapeutics, Inc. (the “Company”) issued a press release announcing certain financial results for the third quarter ended September 30, 2024, and certain recent corporate"
0001493152-24-041633,0001855485,"Calidi Biotherapeutics, Inc.",2024-10-18,2024-10-18T17:29:57-04:00,True,"7.01,9.01",NO_TEXT,,exhibit,
0001493152-24-041623,0001855485,"Calidi Biotherapeutics, Inc.",2024-10-18,2024-10-18T17:25:48-04:00,True,"3.01,7.01,9.01",OTHER,,primary_item,"Notice of Delisting or Failure to Satisfy a Continued Listing Rule or Standard; Transfer of Listing. On October 17, 2024, Calidi Biotherapeutics, Inc. (the “Company”) received notice (the “Notice”) from the New York Stock Exchange (the “NYSE”) that t"
0001493152-24-038718,0001855485,"Calidi Biotherapeutics, Inc.",2024-09-30,2024-09-30T09:10:10-04:00,False,"7.01,9.01",CLINICAL,"CLINICAL,REGULATORY",exhibit,Calidi Biotherapeutics Announces FDA Clearance of the Northwestern University IND Application for CLD-101 Clinical Trial in High-Grade Glioma Trial will evaluate multiple doses of CLD-101 for the treatment of newly diagnosed high-grade glioma CLD-101
0001493152-24-035939,0001855485,"Calidi Biotherapeutics, Inc.",2024-09-12,2024-09-12T06:12:24-04:00,False,"7.01,9.01",OTHER,,primary_item,"Regulation FD Disclosure. On September 11, 2024, Calidi Biotherapeutics, Inc. (the “Company”) and its wholly owned subsidiary Redtail Biopharma, Inc., referenced a scientific presentation titled “Systemic and Localized Antitumor Virotherapies” during"
0001493152-24-033579,0001855485,"Calidi Biotherapeutics, Inc.",2024-08-22,2024-08-22T17:16:09-04:00,True,"7.01,9.01",OTHER,,primary_item,"Regulation FD Disclosure. On August 22, 2024, Calidi Biotherapeutics, Inc. (the “Company”) made available on its website a presentation in relation to the Company’s new wholly owned subsidiary Redtail Biopharma, Inc. Furnished as Exhibit 99.1 hereto "
0001493152-24-031718,0001855485,"Calidi Biotherapeutics, Inc.",2024-08-14,2024-08-13T17:48:18-04:00,True,"2.02,7.01,9.01",CORPORATE,CORPORATE,exhibit,Calidi Biotherapeutics Reports Second Quarter 2024 Operating and Financial Results - Launched Nova Cell subsidiary with $2 million investment from Dr. Ronald Rigor to advance Calidi’s Adult Adipose Allogeneic (AAA) stem cell innovative programs - Str
0001493152-24-029384,0001855485,"Calidi Biotherapeutics, Inc.",2024-07-29,2024-07-29T09:15:16-04:00,False,"1.01,3.02,7.01,9.01",CORPORATE,CORPORATE,exhibit,"Calidi Biotherapeutics Announces Launch of Nova Cell Subsidiary and $3 Million Aggregate Investment from Dr. Ronald Rigor San Diego, Calif., July 29, 2024 —( GLOBE NEWSWIRE )— Calidi Biotherapeutics, Inc. (NYSE American: CLDI or “Calidi”), a clinical"
0001493152-24-026374,0001855485,"Calidi Biotherapeutics, Inc.",2024-07-05,2024-07-05T16:30:20-04:00,True,"7.01,9.01",OTHER,,primary_item,"Regulation FD Disclosure. On July 5, 2024, the Company issued a press release announcing a proposed reverse stock split of its common stock at a ratio of 1-for-10. A copy of the press release is attached hereto as Exhibit 99.1 and is incorporated her"
0001493152-24-022229,0001855485,"Calidi Biotherapeutics, Inc.",2024-05-31,2024-05-31T17:00:37-04:00,True,"1.01,3.02,7.01,9.01",OTHER,,exhibit,"Calidi Biotherapeutics Announces Exercise of Warrants for $2.1 Million Gross Proceeds SAN DIEGO, May 31, 2024 — Calidi Biotherapeutics, Inc. (“Calidi” or the “Company”) (NYSE American: CLDI), a clinical-stage biotechnology company developing a new ge"
0001493152-24-019358,0001855485,"Calidi Biotherapeutics, Inc.",2024-05-15,2024-05-14T21:01:22-04:00,True,"2.02,7.01,9.01",OTHER,,primary_item,"Results of Operations and Financial Condition. On May 14, 2024, Calidi Biotherapeutics, Inc. (the “Company”) issued a press release setting forth certain financial and operational information for its first fiscal quarter ended March 31, 2024 and rece"
0001493152-24-015397,0001855485,"Calidi Biotherapeutics, Inc.",2024-04-19,2024-04-19T17:25:52-04:00,True,"7.01,9.01",NO_TEXT,,exhibit,
0001493152-24-015390,0001855485,"Calidi Biotherapeutics, Inc.",2024-04-19,2024-04-19T17:20:14-04:00,True,"1.01,7.01,8.01,9.01",CORPORATE,CORPORATE,primary_item,"Entry into a Material Definitive Agreement. On April 16, 2024, Calidi Biotherapeutics, Inc. (“we,” “our,” or the “Company”) agreed to sell in a public offering an aggregate of 13,232,500 Common Stock Units and 1,965,000 Pre-Funded Warrant Units (“PFW"
0001493152-24-010208,0001855485,"Calidi Biotherapeutics, Inc.",2024-03-18,2024-03-18T08:41:04-04:00,False,"2.02,7.01,9.01",OTHER,,primary_item,"Results of Operations and Financial Condition. On March 15, 2024, Calidi Biotherapeutics, Inc. (the “Company”) issued a press release setting forth certain financial and operational information for its fourth fiscal quarter and full fiscal year ended"
0001493152-24-008203,0001855485,"Calidi Biotherapeutics, Inc.",2024-02-28,2024-02-28T16:42:45-05:00,True,"7.01,9.01",OTHER,,primary_item,"Regulation FD Disclosure. Calidi Biotherapeutics, Inc. (the “Company”) is providing presentation slides (the “Presentation Slides”) on the development of the Company’s systemic enveloped oncolytic virotherapy platform to be presented at the Biocom Gl"
0001493152-24-005220,0001855485,"Calidi Biotherapeutics, Inc.",2024-02-07,2024-02-07T13:06:39-05:00,False,"2.02,7.01",OTHER,,primary_item,"Results of Operations and Financial Condition. In connection with the filing of Amendment No. 1 to Registration Statement on Form S-1 (Registration No. 333-276741) with the Securities and Exchange Commission on February 7, 2024 (the “Registration Sta"
0001493152-24-001661,0001855485,"Calidi Biotherapeutics, Inc.",2024-01-08,2024-01-08T08:00:30-05:00,False,"7.01,9.01",CORPORATE,CORPORATE,primary_item,"Regulation FD Disclosure. Calidi Biotherapeutics, Inc. (the “Company”) intends to issue a letter to its stockholders from the Company’s Chairman and Chief Executive Officer Allan J. Camaisa, regarding the Company’s recent milestones, clinical progres"
0001493152-24-001163,0001855485,"Calidi Biotherapeutics, Inc.",2024-01-05,2024-01-05T08:00:32-05:00,False,"7.01,9.01",OTHER,,primary_item,"Regulation FD Disclosure. Calidi Biotherapeutics, Inc. (the “Company”) posted to its website a presentation entitled “Arming the Immune System to Kill Cancer with a New Generation of Targeted Immunotherapies.” A copy of the presentation is attached a"
0001493152-23-045437,0001855485,"Calidi Biotherapeutics, Inc.",2023-12-19,2023-12-19T17:00:51-05:00,True,7.01,OTHER,,primary_item,"Regulation FD Disclosure. On December 13, 2023, Calidi Biotherapeutics, Inc. (the “Company”) provided a presentation about its NeuroNova and SuperNova allogeneic stem cell-based virotherapy platforms at the 8th Oncolytic Virotherapy Summit held in Bo"
0001493152-23-041223,0001855485,"Calidi Biotherapeutics, Inc.",2023-11-14,2023-11-14T16:51:02-05:00,True,"2.02,7.01,9.01",CLINICAL,CLINICAL,exhibit,Calidi Biotherapeutics Reports Third Quarter 2023 Operating and Financial Results Announced first patient dosed by collaborator City of Hope in a Phase 1 clinical trial evaluating CLD-101 in recurrent high-grade glioma patients Presented new preclini
0001493152-23-038596,0001855485,"Calidi Biotherapeutics, Inc.",2023-10-30,2023-10-30T06:30:35-04:00,False,"1.01,5.02,7.01,9.01",OTHER,,primary_item,"Entry into a Material Definitive Agreement On October 25, 2023, the Company entered into an employment agreement with Andrew Jackson (“Employment Agreement”) to serve as Chief Financial Officer effective October 30, 2023 (“Effective Date”). Employmen"
0001193125-23-213869,0001855485,"Calidi Biotherapeutics, Inc.",2023-08-16,2023-08-16T07:51:15-04:00,False,"7.01,9.01",PRESENTATION,PRESENTATION,exhibit,"The following is a presentation for use by Calidi Biotherapeutics, Inc. and First Light Acquisition Group (FLAG) at an analyst day on August 16, 2023 in connection with their proposed business combination. ANALYST TEACH -IN DAY | AUGUST 2023 Arming t"
0001193125-23-173151,0001855485,"Calidi Biotherapeutics, Inc.",2023-06-23,2023-06-23T07:41:03-04:00,False,"1.01,7.01,9.01",OTHER,,exhibit,Calidi Biotherapeutics Announces Commitment of $25 Million in Series B Funding to Advance Stem Cell-Based Platforms for the Delivery and Potentiation of Oncolytic Viruses to Treat Cancer Financing led by Jackson Investment Group (JIG) with participat
0001193125-23-032729,0001855485,"Calidi Biotherapeutics, Inc.",2023-02-10,2023-02-10T16:41:14-05:00,True,"1.01,7.01,9.01",CORPORATE,CORPORATE,primary_item,"Entry into a Material Definitive Agreement. As previously announced, on January 9, 2023, First Light Acquisition Group, Inc., a Delaware corporation (“ FLAG ”), entered into an Agreement and Plan of Merger (the “ Merger Agreement ”), by and among FLA"
0001193125-23-004705,0001855485,"Calidi Biotherapeutics, Inc.",2023-01-09,2023-01-09T15:37:28-05:00,False,"1.01,7.01,9.01",CORPORATE,CORPORATE,primary_item,"Entry into a Material Definitive Agreement. On January 9, 2023, First Light Acquisition Group, Inc., a Delaware corporation (“ FLAG ”), entered into an Agreement and Plan of Merger (the “ Merger Agreement ”), by and among FLAG, FLAG Merger Sub, Inc.,"
0001193125-22-283885,0001855485,"Calidi Biotherapeutics, Inc.",2022-11-14,2022-11-14T09:16:03-05:00,False,"3.01,7.01,9.01",OTHER,,primary_item,"Notice of Delisting or Failure to Satisfy a Continued Listing Rule or Standard; Transfer of Listing. On November 14, 2022, First Light Acquisition Group, Inc. (“ FLAG ”), issued a press release announcing that it will transfer its listing to the NYSE"
0001193125-22-246494,0001855485,"Calidi Biotherapeutics, Inc.",2022-09-16,2022-09-16T17:18:05-04:00,True,"1.01,2.03,5.02,5.03,5.07,7.01,9.01",NO_TEXT,,missing_file,
0001640334-25-001766,0001621221,"ARTELO BIOSCIENCES, INC.",2025-10-01,2025-10-01T17:28:39-04:00,True,"1.01,7.01,9.01",OTHER,,primary_item,"Entry into a Material Definitive Agreement. On September 30, 2025, Artelo Biosciences, Inc. (the “Company”) entered into an Underwriting Agreement (the “Underwriting Agreement”) with R.F. Lafferty & Co., Inc., the sole book-running manager and underw"
0001640334-25-001642,0001621221,"ARTELO BIOSCIENCES, INC.",2025-09-05,2025-09-05T17:15:32-04:00,True,"1.01,7.01,9.01",CORPORATE,CORPORATE,exhibit,"Artelo Biosciences Announces Proposed Underwritten Public Offering SOLANA BEACH, CA – September 3, 2025 (GLOBE NEWSWIRE) -- Artelo Biosciences, Inc. (Nasdaq: ARTL) , a clinical-stage pharmaceutical company focused on modulating lipid-signaling pathwa"
0001640334-25-001334,0001621221,"ARTELO BIOSCIENCES, INC.",2025-08-04,2025-08-04T07:39:05-04:00,False,"1.01,3.02,7.01,8.01,9.01",CLINICAL,CLINICAL,exhibit,"Artelo Biosciences Receives Favorable UK MHRA Guidance for a Phase 1 Trial of ART12.11, the Company’s Proprietary CBD:TMP Cocrystal Being Developed for the Treatment of Anxiety and Depression MHRA indicated ART12.11 may be a candidate for accelerated"
0001640334-25-001062,0001621221,"ARTELO BIOSCIENCES, INC.",2025-06-26,2025-06-26T08:00:25-04:00,False,"1.01,3.02,7.01,9.01",OTHER,,primary_item,"Entry Into a Material Definitive Agreement. On June 24, 2025, Artelo Biosciences, Inc. (the “ Company ”) entered into a securities purchase agreement (the “ Purchase Agreement ”) with the purchasers named therein (the “ Purchasers ”), for the private"
0001640334-23-000334,0001621221,"ARTELO BIOSCIENCES, INC.",2023-03-13,2023-03-13T06:17:41-04:00,False,7.01,OTHER,,primary_item,"Regulation FD Disclosure. Artelo Biosciences, Inc. (the “Company”) informs its investors that it does not hold any deposits or securities or maintain any accounts at Silicon Valley Bank. The information in this Item 7.01 is being furnished and shall "
0001640334-19-002370,0001621221,"ARTELO BIOSCIENCES, INC.",2019-11-15,2019-11-15T16:56:19-05:00,True,"7.01,9.01",OTHER,,primary_item,"Regulation FD Disclosure. On November 14, 2019, Artelo Biosciences, Inc. (“Artelo”) issued a press release announcing that Gregory D. Gorgas, President and Chief Executive Officer of Artelo, is scheduled to present at the Annual Investival Showcase a"
0001683168-25-008953,0000882291,AETHLON MEDICAL INC,2025-12-08,2025-12-05T18:03:31-05:00,True,"1.01,3.03,7.01,9.01",OTHER,,primary_item,"Entry into a Material Definitive Agreement. PIPE Offering On December 5, 2025, Aethlon Medical, Inc. (the “Company”) and an institutional investor (the “Purchaser”) entered into a securities purchase agreement (the “Securities Purchase Agreement”), p"
0001683168-25-008257,0000882291,AETHLON MEDICAL INC,2025-11-12,2025-11-12T16:16:00-05:00,True,"2.02,7.01,9.01",OTHER,,primary_item,Results of Operations and Financial Condition. The information provided below in “Item 7.01 - Regulation FD Disclosure” of this Current Report on Form 8-K (this “Current Report”) is incorporated by reference into this Item 2.02. Item 7.01 Regulation 
0001683168-25-006360,0000882291,AETHLON MEDICAL INC,2025-08-21,2025-08-21T14:34:05-04:00,False,"7.01,9.01",PRESENTATION,PRESENTATION,primary_item,"Regulation FD Disclosures. On August 20, 2025, Aethlon Medical, Inc. (the “Company”) made available an updated corporate presentation (the “Presentation”) that may be used by the Company in connection with presentations at conferences and investor me"
0001683168-25-006042,0000882291,AETHLON MEDICAL INC,2025-08-13,2025-08-13T16:15:34-04:00,True,"2.02,7.01,9.01",OTHER,,primary_item,Results of Operations and Financial Condition. The information provided below in “Item 7.01 - Regulation FD Disclosure” of this Current Report on Form 8-K (this “Current Report”) is incorporated by reference into this Item 2.02. Item 7.01 Regulation 
0001683168-25-004784,0000882291,AETHLON MEDICAL INC,2025-06-27,2025-06-27T13:04:24-04:00,False,"2.02,7.01,9.01",REGULATORY,REGULATORY,exhibit,"Earnings Script Aethlon Medical Announces Financial Results for the Fiscal Fourth Quarter Ended March 31, 2025, and Provides Corporate Update Three Patients Treated in Hemopurifier® Cancer Trial; Indian Regulatory Approval Achieved; Operating Expense"
0001683168-25-000957,0000882291,AETHLON MEDICAL INC,2025-02-12,2025-02-12T16:15:12-05:00,True,"2.02,7.01,9.01",CORPORATE,CORPORATE,exhibit,"Aethlon Medical Announces Financial Results for the Fiscal Third Quarter Ended December 31, 2024 and Provides Corporate Update Key Milestone Achieved: First Patient treated in Hemopurifier® Safety, Feasibility, and Dose Finding Study for Solid Tumors"
0001683168-24-007972,0000882291,AETHLON MEDICAL INC,2024-11-13,2024-11-13T16:15:30-05:00,True,"2.02,7.01,9.01",OTHER,,primary_item,Results of Operations and Financial Condition. The information provided below in “Item 7.01 - Regulation FD Disclosure” of this Current Report on Form 8-K (this “Current Report”) is incorporated by reference into this Item 2.02. Item 7.01 Regulation 
0001683168-24-005697,0000882291,AETHLON MEDICAL INC,2024-08-14,2024-08-14T16:15:21-04:00,True,"2.02,7.01,9.01",CORPORATE,CORPORATE,exhibit,"Aethlon Medical Announces Financial Results for the Fiscal First Quarter Ended June 30, 2024 and Provides Corporate Update Received Two Australian Ethics Committee Approvals for a Safety, Feasibility, and Dose Finding Study of Aethlon’s Hemopurifier®"
0001683168-21-000070,0000882291,AETHLON MEDICAL INC,2021-01-11,2021-01-11T09:00:08-05:00,False,"7.01,9.01",PRESENTATION,PRESENTATION,exhibit,"1 NASDAQ: AEMD Investor Presentation January 2021 2 This investor presentation contains forward - looking statements as that term is defined in the Private Securities Litigation Reform Act of 1995, including, without limitation: the ability to enroll"
0001493152-25-018687,0001618835,"Evofem Biosciences, Inc.",2025-10-20,2025-10-20T17:22:48-04:00,True,"1.02,5.07,7.01,9.01",CORPORATE,CORPORATE,exhibit,"Evofem Announces Voting Results from Special Meeting of Stockholders — Evofem Shareholders Did Not Approve the Merger with Aditxt — — Evofem Pivots to Target National Listing for Stock, Growth Capital to Catalyze Net Sales — SAN DIEGO, CA, October 20"
0001641172-25-011962,0001618835,"Evofem Biosciences, Inc.",2025-05-22,2025-05-22T06:05:34-04:00,False,"1.01,7.01,9.01",OTHER,,exhibit,"Evofem Signs SOLOSEC License Agreement for Middle East with Pharma 1 — Pharma 1 Targets Mid-2025 Regulatory Submission in UAE for SOLOSEC to Treat Bacterial Vaginosis and Trichomoniasis — SAN DIEGO, CA, May 21, 2025 — Women’s health innovator Evofem "
0001641172-25-000209,0001618835,"Evofem Biosciences, Inc.",2025-03-24,2025-03-24T08:30:34-04:00,False,"2.02,7.01,9.01",OTHER,,exhibit,"Evofem Reports Fourth Consecutive Year of Net Sales Growth — 2024 Net Sales Increased 6% to $19.4 Million — — Total Operating Expense Reduced 27% from 2023 Levels, Excluding Non-cash Amortization Expense — — Sales and Marketing Expense as a Percentag"
0001493152-24-028818,0001618835,"Evofem Biosciences, Inc.",2024-07-23,2024-07-23T16:30:11-04:00,True,"1.01,3.02,7.01,9.01",OTHER,,exhibit,Evofem Signs Phexxi ® License Agreement for Middle East with Pharma 1 — Pharma 1 anticipates filing UAE regulatory submission for Phexxi as a hormone-free contraceptive in Q3 2024 — — UAE contraceptive drug market is projected to reach $185.1 million
0001493152-24-028280,0001618835,"Evofem Biosciences, Inc.",2024-07-18,2024-07-18T08:15:48-04:00,False,"7.01,9.01",NO_TEXT,,exhibit,
0001493152-24-011787,0001618835,"Evofem Biosciences, Inc.",2024-03-28,2024-03-28T17:11:11-04:00,True,"7.01,9.01",NO_TEXT,,exhibit,
0001493152-23-044597,0001618835,"Evofem Biosciences, Inc.",2023-12-12,2023-12-12T17:17:03-05:00,True,"1.01,1.02,5.03,7.01,9.01",REGULATORY,REGULATORY,exhibit,"Aditxt, Inc. Enters into Definitive Agreement to Acquire Evofem Biosciences, Inc., Creator of Phexxi ® , the First and Only FDA-Approved Hormone-Free Contraceptive Gel, to Address Diverse Reproductive Health Needs of Women Globally Evofem posted $13."
0001493152-23-030365,0001618835,"Evofem Biosciences, Inc.",2023-08-28,2023-08-28T16:30:17-04:00,True,"7.01,9.01",NO_TEXT,,exhibit,
0001493152-23-017984,0001618835,"Evofem Biosciences, Inc.",2023-05-17,2023-05-17T17:13:44-04:00,True,"5.03,7.01,9.01",OTHER,,exhibit,"Evofem Biosciences Announces 1-for-125 Reverse Stock Split — CUSIP number for Evofem will change to 30048L302 on May 18, 2023 – — Ticker symbol will change to “EVFMD” for 20 business days, then revert to “EVFM” – SAN DIEGO, May 17, 2023 – Evofem Bios"
0001493152-23-012220,0001618835,"Evofem Biosciences, Inc.",2023-04-14,2023-04-14T09:05:24-04:00,False,"5.02,7.01,9.01",CORPORATE,CORPORATE,exhibit,"Evofem Appoints Ivy Zhang as Chief Financial Officer and Secretary SAN DIEGO, April 14, 2023 – Evofem Biosciences, Inc. , (OTCQB: EVFM), the maker of Phexxi ® (lactic acid, citric acid and potassium bitartrate), today announced the appointment of Ivy"
0001618835-23-000015,0001618835,"Evofem Biosciences, Inc.",2023-03-10,2023-03-10T17:27:45-05:00,True,"2.04,7.01",OTHER,,primary_item,"Triggering Events That Accelerate or Increase a Direct Financial Obligation or an Obligation under an Off-Balance Sheet Arrangement On March 7, 2023, Baker Bros. Advisors, LP (the “Designated Agent”) provided a Notice of Event of Default and Reservat"
0001618835-23-000014,0001618835,"Evofem Biosciences, Inc.",2023-03-09,2023-03-09T16:01:52-05:00,True,"1.01,5.02,7.01",OTHER,,primary_item,"Entry into a Material Definitive Agreement. The information set forth in Item 5.02 of this Current Report on Form 8-K (this “Current Report”) regarding the Engagement Agreement (as defined in Item 5.02, below) is incorporated by reference into this I"
0001618835-22-000189,0001618835,"Evofem Biosciences, Inc.",2022-10-05,2022-10-05T16:05:16-04:00,True,"7.01,9.01",CORPORATE,CORPORATE,primary_item,"Regulation FD Disclosure. Evofem Biosciences, Inc. (the “Company”) from time to time presents and/or distributes to the investment community at various industry and other conferences slide presentations to provide updates and summaries of its busines"
0001618835-22-000153,0001618835,"Evofem Biosciences, Inc.",2022-08-04,2022-08-04T17:01:52-04:00,True,"7.01,9.01",CORPORATE,CORPORATE,primary_item,"Regulation FD Disclosure. Evofem Biosciences, Inc. (the “Company”) from time to time presents and/or distributes to the investment community at various industry and other conferences slide presentations to provide updates and summaries of its busines"
0001618835-22-000128,0001618835,"Evofem Biosciences, Inc.",2022-05-26,2022-05-26T14:16:53-04:00,False,"7.01,9.01",CORPORATE,CORPORATE,primary_item,"Regulation FD Disclosure. Evofem Biosciences, Inc. (the “Company”) from time to time presents and/or distributes to the investment community at various industry and other conferences slide presentations to provide updates and summaries of its busines"
0001618835-22-000112,0001618835,"Evofem Biosciences, Inc.",2022-05-12,2022-05-12T08:01:41-04:00,False,"7.01,9.01",CORPORATE,CORPORATE,primary_item,"Regulation FD Disclosure. Evofem Biosciences, Inc. (the “Company”) from time to time presents and/or distributes to the investment community at various industry and other conferences slide presentations to provide updates and summaries of its busines"
0001618835-22-000016,0001618835,"Evofem Biosciences, Inc.",2022-02-15,2022-02-15T16:10:39-05:00,True,"7.01,9.01",CORPORATE,CORPORATE,primary_item,"Regulation FD Disclosure. Evofem Biosciences, Inc. (the “Company”) from time to time presents and/or distributes to the investment community at various industry and other conferences slide presentations to provide updates and summaries of its busines"
0001618835-21-000258,0001618835,"Evofem Biosciences, Inc.",2021-12-09,2021-12-09T08:00:32-05:00,False,"7.01,9.01",CORPORATE,CORPORATE,exhibit,"Evofem Biosciences Expects Record High Phexxi Prescriptions and Strong Net Revenue Growth in Fourth Quarter 2021 SAN DIEGO, CA, December 9, 2021 —Evofem Biosciences, Inc. (NASDAQ: EVFM) today announced bullish expectations for prescription and net re"
0001618835-21-000241,0001618835,"Evofem Biosciences, Inc.",2021-11-15,2021-11-15T16:25:50-05:00,True,"7.01,9.01",CORPORATE,CORPORATE,primary_item,"Regulation FD Disclosure. On November 15, 2021, Evofem Biosciences, Inc. (the “Company”) utilized a slide presentation in conjunction with a conference call discussing its financial results for the fiscal third quarter ended September 30, 2021. The C"
0001618835-21-000209,0001618835,"Evofem Biosciences, Inc.",2021-10-06,2021-10-06T08:02:57-04:00,False,"7.01,9.01",CORPORATE,CORPORATE,primary_item,"Regulation FD Disclosure. Evofem Biosciences, Inc. (the “Company”) from time to time presents and/or distributes to the investment community at various industry and other conferences slide presentations to provide updates and summaries of its busines"
0001618835-21-000190,0001618835,"Evofem Biosciences, Inc.",2021-09-10,2021-09-10T08:38:53-04:00,False,"7.01,9.01",CORPORATE,CORPORATE,primary_item,"Regulation FD Disclosure. Evofem Biosciences, Inc. (the “Company”) from time to time presents and/or distributes to the investment community at various industry and other conferences slide presentations to provide updates and summaries of its busines"
0001618835-21-000142,0001618835,"Evofem Biosciences, Inc.",2021-06-04,2021-06-04T10:30:24-04:00,False,"7.01,9.01",CORPORATE,CORPORATE,primary_item,"Regulation FD Disclosure. Evofem Biosciences, Inc. (the “Company”) from time to time presents and/or distributes to the investment community at various industry and other conferences slide presentations to provide updates and summaries of its busines"
0001618835-21-000091,0001618835,"Evofem Biosciences, Inc.",2021-04-07,2021-04-07T16:52:50-04:00,True,"7.01,9.01",CORPORATE,CORPORATE,primary_item,"Regulation FD Disclosure. Evofem Biosciences, Inc. (the “Company”) from time to time presents and/or distributes to the investment community at various industry and other conferences slide presentations to provide updates and summaries of its busines"
0001618835-21-000049,0001618835,"Evofem Biosciences, Inc.",2021-03-08,2021-03-08T08:57:51-05:00,False,"7.01,9.01",CORPORATE,CORPORATE,primary_item,"Regulation FD Disclosure. On March 4, 2021, Evofem Biosciences, Inc. (the ""Company"") held a telephonic conference call to report its financial results for the three- and twelve-month periods ended December 31, 2020. The transcript of the conference c"
0001618835-21-000046,0001618835,"Evofem Biosciences, Inc.",2021-03-04,2021-03-04T16:29:41-05:00,True,"7.01,9.01",CORPORATE,CORPORATE,primary_item,"Regulation FD Disclosure. Evofem Biosciences, Inc. (the “Company”) from time to time presents and/or distributes to the investment community at various industry and other conferences slide presentations to provide updates and summaries of its busines"
0001618835-21-000022,0001618835,"Evofem Biosciences, Inc.",2021-02-22,2021-02-22T06:12:00-05:00,False,"7.01,9.01",CORPORATE,CORPORATE,primary_item,"Regulation FD Disclosure. Evofem Biosciences, Inc. (the “Company”) from time to time presents and/or distributes to the investment community at various industry and other conferences slide presentations to provide updates and summaries of its busines"
0001618835-21-000018,0001618835,"Evofem Biosciences, Inc.",2021-02-05,2021-02-05T08:02:21-05:00,False,"7.01,9.01",CORPORATE,CORPORATE,primary_item,"Regulation FD Disclosure. Evofem Biosciences, Inc. (the “Company”) from time to time presents and/or distributes to the investment community at various industry and other conferences slide presentations to provide updates and summaries of its busines"
0001618835-20-000250,0001618835,"Evofem Biosciences, Inc.",2020-12-01,2020-12-01T16:05:33-05:00,True,"7.01,9.01",CORPORATE,CORPORATE,primary_item,"Regulation FD Disclosure. Evofem Biosciences, Inc. (the “Company”) from time to time presents and/or distributes to the investment community at various industry and other conferences slide presentations to provide updates and summaries of its busines"
0001618835-20-000244,0001618835,"Evofem Biosciences, Inc.",2020-11-18,2020-11-18T17:04:39-05:00,True,"7.01,9.01",CORPORATE,CORPORATE,primary_item,"Regulation FD Disclosure. Evofem Biosciences, Inc. (the “Company”) from time to time presents and/or distributes to the investment community at various industry and other conferences slide presentations to provide updates and summaries of its busines"
0001618835-20-000222,0001618835,"Evofem Biosciences, Inc.",2020-09-14,2020-09-14T15:21:07-04:00,False,"7.01,9.01",CORPORATE,CORPORATE,primary_item,"Regulation FD Disclosure. Evofem Biosciences, Inc. (the “Company”) from time to time presents and/or distributes to the investment community at various industry and other conferences slide presentations to provide updates and summaries of its busines"
0001618835-20-000007,0001618835,"Evofem Biosciences, Inc.",2020-01-10,2020-01-10T16:06:55-05:00,True,"7.01,9.01",CORPORATE,CORPORATE,primary_item,"Regulation FD Disclosure. Evofem Biosciences, Inc. (the “Company”) from time to time presents and/or distributes to the investment community at various industry and other conferences slide presentations to provide updates and summaries of its busines"
0001618835-19-000160,0001618835,"Evofem Biosciences, Inc.",2019-09-04,2019-09-04T09:07:52-04:00,False,"7.01,9.01",CORPORATE,CORPORATE,primary_item,"Regulation FD Disclosure. Evofem Biosciences, Inc. (the “Company”) from time to time presents and/or distributes to the investment community at various industry and other conferences slide presentations to provide updates and summaries of its busines"
0001618835-19-000005,0001618835,"Evofem Biosciences, Inc.",2019-01-07,2019-01-07T06:11:02-05:00,False,"7.01,9.01",PRESENTATION,PRESENTATION,exhibit,exhibit991jpm2019deck Exhibit 99.1 Investor Presentation January 2019 Revolutionizing Women’s Sexual and Reproductive Health Disclaimer This presentation contains forward looking statements within the meaning of The Private Securities Litigation Refo
0001096906-22-002280,0001514946,"AXIM BIOTECHNOLOGIES, INC.",2022-09-19,2022-09-19T12:14:42-04:00,False,"1.01,7.01,9.01",OTHER,,exhibit,"EX-99.1 3 axim_ex99z1.htm PRESS RELEASE Ex. 99.1 AXIM ® Biotechnologies Signs Commercialization Agreement W ith Leading Healthcare Solutions Company for Global Distribution , Sales of Ophthalmic Diagnostics Solutions Company to Sell, Distribute AXIM’"
0001096906-22-000524,0001514946,"AXIM BIOTECHNOLOGIES, INC.",2022-03-09,2022-03-09T11:37:53-05:00,False,"1.02,7.01,9.01",CORPORATE,CORPORATE,exhibit,"EX-99.1 2 axim_ex99z1.htm PRESS RELEASE AXIM Biotech Launches For Research Use Only Sales for it s COVID-19 Neutralizing Antibody Test SAN DIEGO, CA – March 7 , 2022 – AXIM Biotechnologies, Inc (OTCQB: AXIM) (“AXIM Biotech,” “AXIM” or “the Company”),"
0001096906-21-001784,0001514946,"AXIM BIOTECHNOLOGIES, INC.",2021-08-04,2021-08-03T14:02:08-04:00,False,"1.01,7.01,9.01",REGULATORY,REGULATORY,exhibit,"AXIM® Biotechnologies to Acquire Technology Including Two FDA-Cleared 510(k)’s for Diagnostic Testing of Dry Eye Disease SAN DIEGO - August 3, 2021 (GLOBE NEWSWIRE) — AXIM ® Biotechnologies, Inc. (OTCQB: AXIM) (“AXIM® Biotech,” “AXIM” or “the Company"
0001078782-20-000320,0001514946,"AXIM BIOTECHNOLOGIES, INC.",2020-05-13,2020-05-12T17:29:40-04:00,True,"7.01,8.01,9.01",CORPORATE,CORPORATE,exhibit,"PRESS RELEASE Exhibit 99.1 Press Release Exhibit 99.1 AXIM® Biotechnologies Issues Update Letter to Shareholders SAN DIEGO, May 13, 2020 — AXIM ® Biotechnologies, Inc . (OTCQB: AXIM) (“AXIM® Biotech,” “AXIM” or “the Company”), an international health"
0001078782-20-000186,0001514946,"AXIM BIOTECHNOLOGIES, INC.",2020-03-19,2020-03-18T17:24:50-04:00,True,"1.01,2.01,3.02,7.01,9.01",CORPORATE,CORPORATE,exhibit,"MARCH 18, 2020, PRESS RELEASE ANNOUNCING THE SHARE EXCHANGE Exhibit 99.1 March 18, 2020, Press Release announcing the Share Exchange Exhibit 99.1 AXIM® Biotechnologies Completes Acquisition of Oncology Research and Development Company Sapphire Biotec"
0001078782-20-000007,0001514946,"AXIM BIOTECHNOLOGIES, INC.",2020-01-08,2020-01-08T09:26:21-05:00,False,"1.01,7.01,9.01",CORPORATE,CORPORATE,exhibit,"PRESS RELEASE Exhibit 99.1 Press Release Exhibit 99.1 AXIM® Biotechnologies to Acquire Leading Oncology Research and Development Company Sapphire Biotech, Inc. SAN DIEGO, January 8, 2020 — AXIM ® Biotechnologies, Inc. (OTCQB: AXIM) (“AXIM® Biotech,” "
0001078782-19-000576,0001514946,"AXIM BIOTECHNOLOGIES, INC.",2019-07-09,2019-07-09T11:39:25-04:00,False,"1.01,7.01,9.01",OTHER,,exhibit,"PRESS RELEASE Exhibit 99.1 Press Release Exhibit 99.1 AXIM ® BIOTECHNOLOGIES SIGNS LICENSING AGREEMENT WITH LEADING GUM DISTRIBUTOR TO EXPAND NUTRACEUTICAL DIVISION NEW YORK – July 9, 2019 – AXIM® Biotechnologies, Inc. (OTC: AXIM) (“AXIM® Biotech,” “"
0001078782-19-000493,0001514946,"AXIM BIOTECHNOLOGIES, INC.",2019-06-04,2019-06-03T15:02:52-04:00,False,"1.01,7.01,9.01",CLINICAL,CLINICAL,exhibit,"PRESS RELEASE Exhibit 99.1 Press Release Exhibit 99.1 AXIM® Biotechnologies, Inc. Signs Cannabinoid Product Supply Agreement with Healthcare Company for Clinical Trials on Treatment of Periodontitis NEW YORK – June 3, 2019 -- AXIM® Biotechnologies, I"
0001078782-19-000366,0001514946,"AXIM BIOTECHNOLOGIES, INC.",2019-04-23,2019-04-23T12:58:40-04:00,False,"1.01,7.01,9.01",OTHER,,exhibit,"PRESS RELEASE, DATED APRIL 23, 2019 Exhibit 99.1 Press Release, dated April 23, 2019 Ex. 99.1 AXIM ® Biotechnologies, Inc. Nutraceutical Division Receives Purchase Order for 50,000 Boxes of the Company’s Proprietary CBD-Based Chewing Gum NEW YORK, Ap"
0001078782-19-000294,0001514946,"AXIM BIOTECHNOLOGIES, INC.",2019-04-04,2019-04-04T08:07:06-04:00,False,"5.02,7.01",CORPORATE,CORPORATE,exhibit,"PRESS RELEASE Exhibit 99.1 Press Release AXIM ® Biotechnologies, Inc. Appoints Mauricio Javier Gatto-Bellora to Company’s Board of Directors NEW YORK, April 4, 2019 -- AXIM® Biotechnologies, Inc. (“AXIM”) (“the Company”) (“AXIM ® Biotech”) (OTC:AXIM)"
0001078782-19-000057,0001514946,"AXIM BIOTECHNOLOGIES, INC.",2019-01-15,2019-01-15T06:25:31-05:00,False,"7.01,9.01",OTHER,,primary_item,"Regulation FD Disclosure On January 15, 2019, Axim Biotechnologies, Inc. (“Axim”) posted an updated corporate slide presentation to its investor relations website, a copy of which is attached as Exhibit 99.1 to this Current Report on Form 8-K and is "
0001078782-19-000021,0001514946,"AXIM BIOTECHNOLOGIES, INC.",2019-01-08,2019-01-08T05:16:37-05:00,False,"5.02,7.01,9.01",CORPORATE,CORPORATE,exhibit,"PRESS RELEASE Exhibit 99.1 Press Release AXIM® BIOTECHNOLOGIES APPOINTS NEW CHIEF EXECUTIVE OFFICER NEW YORK – January 8, 2019 – AXIM ® Biotechnologies, Inc. (“AXIM ® Biotech” or “AXIM”) (OTCQB: AXIM), a world leader in cannabinoid research and devel"
