accession,cik,name,filing_date,acceptance_et,after_hours,items,label
0001093557-25-000264,0001093557,DEXCOM INC,2025-10-27,2025-10-27T16:15:56-04:00,True,"5.02,7.01,9.01",OTHER
0001093557-25-000050,0001093557,DEXCOM INC,2025-03-10,2025-03-10T08:31:23-04:00,False,"5.02,7.01",OTHER
0001093557-25-000047,0001093557,DEXCOM INC,2025-03-07,2025-03-07T16:30:19-05:00,True,"7.01,8.01",REGULATORY
0001093557-23-000157,0001093557,DEXCOM INC,2023-06-26,2023-06-23T18:04:12-04:00,True,"7.01,9.01",PRESENTATION
0001193125-22-173521,0000943819,RESMED INC,2022-06-14,2022-06-14T09:07:06-04:00,False,"1.01,7.01,9.01",OTHER
0001110803-25-000032,0001110803,"ILLUMINA, INC.",2025-03-25,2025-03-25T16:15:56-04:00,True,"5.02,7.01,9.01",OTHER
0001110803-25-000025,0001110803,"ILLUMINA, INC.",2025-03-10,2025-03-10T16:47:17-04:00,True,"7.01,9.01",OTHER
0001110803-24-000013,0001110803,"ILLUMINA, INC.",2024-04-12,2024-04-12T09:01:14-04:00,False,7.01,REGULATORY
0000950157-24-000591,0001110803,"ILLUMINA, INC.",2024-04-09,2024-04-09T16:15:49-04:00,True,"5.02,7.01,9.01",OTHER
0001193125-22-284674,0001110803,"ILLUMINA, INC.",2022-11-14,2022-11-14T16:32:29-05:00,True,7.01,OTHER
0001193125-22-258375,0001110803,"ILLUMINA, INC.",2022-10-06,2022-10-05T19:45:33-04:00,True,7.01,OTHER
0001110803-20-000005,0001110803,"ILLUMINA, INC.",2020-01-02,2020-01-02T16:07:45-05:00,True,"1.01,1.02,7.01,9.01",OTHER
0000914475-25-000081,0000914475,NEUROCRINE BIOSCIENCES INC,2025-04-04,2025-04-04T08:02:40-04:00,False,"5.02,7.01,9.01",OTHER
0000914475-25-000006,0000914475,NEUROCRINE BIOSCIENCES INC,2025-01-27,2025-01-27T16:12:01-05:00,True,"1.01,7.01,9.01",OTHER
0000914475-24-000199,0000914475,NEUROCRINE BIOSCIENCES INC,2024-08-28,2024-08-28T07:00:59-04:00,False,"7.01,8.01,9.01",CLINICAL
0000914475-22-000050,0000914475,NEUROCRINE BIOSCIENCES INC,2022-08-30,2022-08-30T08:01:13-04:00,False,7.01,OTHER
0000914475-20-000029,0000914475,NEUROCRINE BIOSCIENCES INC,2020-09-10,2020-09-10T08:30:42-04:00,False,"7.01,9.01",PRESENTATION
0001193125-19-121779,0000914475,NEUROCRINE BIOSCIENCES INC,2019-04-26,2019-04-26T13:45:55-04:00,False,7.01,OTHER
0001159036-25-000039,0001159036,"HALOZYME THERAPEUTICS, INC.",2025-10-14,2025-10-14T06:45:15-04:00,False,"7.01,9.01",OTHER
0001193125-25-225853,0001159036,"HALOZYME THERAPEUTICS, INC.",2025-10-01,2025-10-01T07:06:21-04:00,False,"7.01,9.01",OTHER
0001159036-23-000020,0001159036,"HALOZYME THERAPEUTICS, INC.",2023-03-16,2023-03-15T18:28:28-04:00,True,"7.01,9.01",OTHER
0001193125-22-158531,0001159036,"HALOZYME THERAPEUTICS, INC.",2022-05-24,2022-05-24T16:16:56-04:00,True,"1.01,2.01,2.03,7.01,9.01",OTHER
0001193125-22-104452,0001159036,"HALOZYME THERAPEUTICS, INC.",2022-04-13,2022-04-13T17:18:14-04:00,True,"1.01,7.01,9.01",OTHER
0001159036-20-000004,0001159036,"HALOZYME THERAPEUTICS, INC.",2020-01-16,2020-01-16T16:25:33-05:00,True,"7.01,9.01",PRESENTATION
0001159036-19-000046,0001159036,"HALOZYME THERAPEUTICS, INC.",2019-09-04,2019-09-04T11:20:23-04:00,False,"7.01,9.01",PRESENTATION
0001159036-19-000002,0001159036,"HALOZYME THERAPEUTICS, INC.",2019-01-09,2019-01-09T17:04:14-05:00,True,"7.01,9.01",PRESENTATION
0001140361-25-041225,0000874015,IONIS PHARMACEUTICALS INC,2025-11-10,2025-11-10T06:04:26-05:00,False,"7.01,8.01,9.01",CLINICAL
0001140361-25-035634,0000874015,IONIS PHARMACEUTICALS INC,2025-09-22,2025-09-22T07:05:51-04:00,False,"7.01,8.01,9.01",CLINICAL
0001140361-25-033541,0000874015,IONIS PHARMACEUTICALS INC,2025-09-02,2025-09-02T07:05:42-04:00,False,"7.01,8.01,9.01",CLINICAL
0001140361-25-032176,0000874015,IONIS PHARMACEUTICALS INC,2025-08-21,2025-08-21T14:01:34-04:00,False,"7.01,8.01,9.01",REGULATORY
0001658247-25-000008,0001658247,"Crinetics Pharmaceuticals, Inc.",2025-09-26,2025-09-25T17:36:34-04:00,True,"7.01,8.01,9.01",REGULATORY
0000950170-25-091613,0001658247,"Crinetics Pharmaceuticals, Inc.",2025-06-30,2025-06-30T16:26:17-04:00,True,"7.01,9.01",PRESENTATION
0000950170-25-090405,0001658247,"Crinetics Pharmaceuticals, Inc.",2025-06-26,2025-06-26T16:16:14-04:00,True,"7.01,8.01,9.01",PRESENTATION
0000950170-25-025248,0001658247,"Crinetics Pharmaceuticals, Inc.",2025-02-24,2025-02-24T08:50:52-05:00,False,"5.02,7.01,9.01",OTHER
0000950170-25-005435,0001658247,"Crinetics Pharmaceuticals, Inc.",2025-01-14,2025-01-14T17:02:31-05:00,True,"7.01,9.01",PRESENTATION
0000950170-25-003801,0001658247,"Crinetics Pharmaceuticals, Inc.",2025-01-10,2025-01-10T07:34:34-05:00,False,"7.01,8.01,9.01",CLINICAL
0000950170-24-136680,0001658247,"Crinetics Pharmaceuticals, Inc.",2024-12-16,2024-12-16T16:32:46-05:00,True,"5.02,7.01,9.01",OTHER
0001193125-24-153075,0001658247,"Crinetics Pharmaceuticals, Inc.",2024-06-03,2024-06-03T16:35:07-04:00,True,"7.01,8.01,9.01",CLINICAL
0001193125-24-144484,0001658247,"Crinetics Pharmaceuticals, Inc.",2024-05-22,2024-05-22T08:23:34-04:00,False,"7.01,9.01",CLINICAL
0000950170-24-055872,0001658247,"Crinetics Pharmaceuticals, Inc.",2024-05-08,2024-05-08T17:00:28-04:00,True,7.01,PRESENTATION
0001193125-24-070706,0001658247,"Crinetics Pharmaceuticals, Inc.",2024-03-19,2024-03-19T06:31:10-04:00,False,"7.01,8.01,9.01",CLINICAL
0001193125-24-065913,0001658247,"Crinetics Pharmaceuticals, Inc.",2024-03-12,2024-03-12T16:25:02-04:00,True,"7.01,8.01,9.01",CLINICAL
0001193125-24-003929,0001658247,"Crinetics Pharmaceuticals, Inc.",2024-01-08,2024-01-08T08:03:59-05:00,False,"7.01,9.01",PRESENTATION
0000950170-23-071084,0001658247,"Crinetics Pharmaceuticals, Inc.",2023-12-18,2023-12-18T16:12:21-05:00,True,"7.01,8.01,9.01",CLINICAL
0001193125-23-231899,0001658247,"Crinetics Pharmaceuticals, Inc.",2023-09-11,2023-09-11T06:05:58-04:00,False,"7.01,8.01,9.01",CLINICAL
0000950170-23-000460,0001658247,"Crinetics Pharmaceuticals, Inc.",2023-01-09,2023-01-09T08:43:33-05:00,False,"7.01,9.01",PRESENTATION
0000950170-22-010602,0001658247,"Crinetics Pharmaceuticals, Inc.",2022-05-25,2022-05-25T07:02:50-04:00,False,"7.01,8.01,9.01",PRESENTATION
0001564590-21-048031,0001658247,"Crinetics Pharmaceuticals, Inc.",2021-09-15,2021-09-15T16:05:54-04:00,True,"7.01,8.01,9.01",CLINICAL
0001564590-20-047499,0001658247,"Crinetics Pharmaceuticals, Inc.",2020-10-26,2020-10-26T06:55:33-04:00,False,"7.01,8.01,9.01",CLINICAL
0001193125-20-099551,0001658247,"Crinetics Pharmaceuticals, Inc.",2020-04-06,2020-04-06T16:35:59-04:00,True,"7.01,8.01,9.01",CLINICAL
0001193125-25-075102,0001326110,"ImmunityBio, Inc.",2025-04-08,2025-04-08T07:45:29-04:00,False,"1.01,7.01,9.01",OTHER
0001326110-24-000040,0001326110,"ImmunityBio, Inc.",2024-04-23,2024-04-23T06:17:01-04:00,False,"7.01,8.01,9.01",REGULATORY
0001193125-22-285314,0001326110,"ImmunityBio, Inc.",2022-11-15,2022-11-15T08:42:15-05:00,False,"7.01,8.01,9.01",PRESENTATION
0001193125-22-042967,0001326110,"ImmunityBio, Inc.",2022-02-15,2022-02-15T09:00:33-05:00,False,"1.01,2.01,7.01,9.01",OTHER
0001193125-22-007333,0001326110,"ImmunityBio, Inc.",2022-01-12,2022-01-12T08:35:57-05:00,False,"1.01,7.01,9.01",OTHER
0001193125-21-361818,0001326110,"ImmunityBio, Inc.",2021-12-20,2021-12-20T09:07:02-05:00,False,"1.01,2.03,5.03,7.01,9.01",OTHER
0001193125-21-182190,0001326110,"ImmunityBio, Inc.",2021-06-04,2021-06-04T08:30:52-04:00,False,"7.01,9.01",PRESENTATION
0001193125-21-084244,0001326110,"ImmunityBio, Inc.",2021-03-17,2021-03-17T17:24:15-04:00,True,"7.01,9.01",PRESENTATION
0001193125-21-075243,0001326110,"ImmunityBio, Inc.",2021-03-10,2021-03-09T21:58:48-05:00,True,"2.01,2.03,5.02,5.03,5.07,7.01,8.01,9.01",OTHER
0001193125-21-007807,0001326110,"ImmunityBio, Inc.",2021-01-13,2021-01-13T09:17:38-05:00,False,"7.01,9.01",PRESENTATION
0000950170-25-004613,0001761918,"Erasca, Inc.",2025-01-13,2025-01-13T09:10:29-05:00,False,"7.01,9.01",PRESENTATION
0001193125-24-080630,0001761918,"Erasca, Inc.",2024-03-28,2024-03-28T16:14:07-04:00,True,"1.01,3.02,7.01,9.01",OTHER
0000950170-24-003199,0001761918,"Erasca, Inc.",2024-01-09,2024-01-09T09:00:57-05:00,False,"7.01,9.01",PRESENTATION
0001193125-23-004264,0001761918,"Erasca, Inc.",2023-01-09,2023-01-09T09:16:33-05:00,False,"7.01,9.01",PRESENTATION
0001193125-25-324830,0000886163,LIGAND PHARMACEUTICALS INC,2025-12-18,2025-12-18T16:11:52-05:00,True,7.01,OTHER
0000886163-25-000042,0000886163,LIGAND PHARMACEUTICALS INC,2025-07-02,2025-07-02T07:10:18-04:00,False,"7.01,9.01",OTHER
0000886163-25-000020,0000886163,LIGAND PHARMACEUTICALS INC,2025-04-17,2025-04-17T06:08:08-04:00,False,"7.01,9.01",OTHER
0000886163-25-000003,0000886163,LIGAND PHARMACEUTICALS INC,2025-02-25,2025-02-25T16:02:36-05:00,True,"1.01,7.01,9.01",OTHER
0000886163-24-000053,0000886163,LIGAND PHARMACEUTICALS INC,2024-07-08,2024-07-08T07:38:30-04:00,False,"1.01,7.01,9.01",OTHER
0000886163-22-000097,0000886163,LIGAND PHARMACEUTICALS INC,2022-06-29,2022-06-29T17:17:35-04:00,True,"5.02,7.01,9.01",OTHER
0001104659-22-072614,0000886163,LIGAND PHARMACEUTICALS INC,2022-06-21,2022-06-21T06:19:40-04:00,False,"7.01,9.01",PRESENTATION
0000886163-21-000102,0000886163,LIGAND PHARMACEUTICALS INC,2021-07-14,2021-07-14T16:08:33-04:00,True,"5.02,7.01,8.01,9.01",OTHER
0000886163-20-000108,0000886163,LIGAND PHARMACEUTICALS INC,2020-10-13,2020-10-13T08:44:02-04:00,False,"1.01,7.01,9.01",OTHER
0001193125-20-260585,0000886163,LIGAND PHARMACEUTICALS INC,2020-10-01,2020-10-01T08:42:02-04:00,False,"1.01,2.01,7.01,9.01",OTHER
0000886163-19-000186,0000886163,LIGAND PHARMACEUTICALS INC,2019-10-16,2019-10-16T08:57:32-04:00,False,"5.02,7.01,9.01",OTHER
0000886163-19-000049,0000886163,LIGAND PHARMACEUTICALS INC,2019-03-12,2019-03-12T10:02:16-04:00,False,"7.01,9.01",PRESENTATION
0000886163-19-000043,0000886163,LIGAND PHARMACEUTICALS INC,2019-03-05,2019-03-05T17:16:42-05:00,True,"1.01,7.01,9.01",PRESENTATION
0001193125-21-105632,0001070494,ACADIA PHARMACEUTICALS INC,2021-04-05,2021-04-05T08:08:55-04:00,False,"7.01,8.01,9.01",REGULATORY
0001607678-25-000003,0001607678,"Viking Therapeutics, Inc.",2025-08-19,2025-08-19T07:09:43-04:00,False,"7.01,9.01",CLINICAL
0000950170-24-120267,0001607678,"Viking Therapeutics, Inc.",2024-11-04,2024-11-04T06:31:16-05:00,False,"7.01,9.01",CLINICAL
0000950170-24-068297,0001607678,"Viking Therapeutics, Inc.",2024-06-04,2024-06-04T07:10:11-04:00,False,"7.01,9.01",CLINICAL
0000950170-24-036151,0001607678,"Viking Therapeutics, Inc.",2024-03-26,2024-03-26T07:08:14-04:00,False,"7.01,9.01",CLINICAL
0000950170-24-020616,0001607678,"Viking Therapeutics, Inc.",2024-02-27,2024-02-27T07:04:52-05:00,False,"7.01,9.01",CLINICAL
0000950170-23-010112,0001607678,"Viking Therapeutics, Inc.",2023-03-28,2023-03-28T07:10:29-04:00,False,"7.01,9.01",OTHER
0000950170-23-010108,0001607678,"Viking Therapeutics, Inc.",2023-03-28,2023-03-28T06:42:19-04:00,False,"7.01,9.01",CLINICAL
0001564590-20-011413,0001607678,"Viking Therapeutics, Inc.",2020-03-17,2020-03-17T16:20:30-04:00,True,7.01,OTHER
0001193125-25-146905,0001823239,"MARAVAI LIFESCIENCES HOLDINGS, INC.",2025-06-25,2025-06-25T16:13:09-04:00,True,"5.02,7.01,9.01",OTHER
0001193125-25-137478,0001823239,"MARAVAI LIFESCIENCES HOLDINGS, INC.",2025-06-09,2025-06-09T08:40:50-04:00,False,"5.02,7.01,9.01",OTHER
0001823239-25-000059,0001823239,"MARAVAI LIFESCIENCES HOLDINGS, INC.",2025-03-20,2025-03-20T16:34:12-04:00,True,7.01,OTHER
0001823239-24-000124,0001823239,"MARAVAI LIFESCIENCES HOLDINGS, INC.",2024-12-05,2024-12-05T16:07:27-05:00,True,"5.02,7.01",OTHER
0001823239-24-000091,0001823239,"MARAVAI LIFESCIENCES HOLDINGS, INC.",2024-07-29,2024-07-29T16:11:14-04:00,True,"5.02,7.01",OTHER
0001823239-23-000077,0001823239,"MARAVAI LIFESCIENCES HOLDINGS, INC.",2023-07-27,2023-07-27T16:11:00-04:00,True,"5.02,7.01,9.01",OTHER
0001823239-23-000072,0001823239,"MARAVAI LIFESCIENCES HOLDINGS, INC.",2023-07-20,2023-07-20T16:08:09-04:00,True,"5.02,7.01",OTHER
0001823239-23-000017,0001823239,"MARAVAI LIFESCIENCES HOLDINGS, INC.",2023-03-10,2023-03-10T16:07:41-05:00,True,7.01,OTHER
0001193125-22-296553,0001823239,"MARAVAI LIFESCIENCES HOLDINGS, INC.",2022-12-01,2022-12-01T16:26:04-05:00,True,"5.02,7.01,9.01",OTHER
0001823239-22-000052,0001823239,"MARAVAI LIFESCIENCES HOLDINGS, INC.",2022-10-19,2022-10-19T16:05:25-04:00,True,"5.02,7.01,9.01",OTHER
0001823239-22-000048,0001823239,"MARAVAI LIFESCIENCES HOLDINGS, INC.",2022-10-03,2022-10-03T16:07:22-04:00,True,"5.02,7.01,9.01",OTHER
0001823239-22-000006,0001823239,"MARAVAI LIFESCIENCES HOLDINGS, INC.",2022-01-28,2022-01-28T08:03:55-05:00,False,"7.01,9.01",OTHER
0001370053-25-000103,0001370053,"ANAPTYSBIO, INC",2025-11-26,2025-11-26T16:00:38-05:00,True,"7.01,9.01",OTHER
0001370053-25-000091,0001370053,"ANAPTYSBIO, INC",2025-11-10,2025-11-10T09:10:20-05:00,False,"7.01,8.01,9.01",CLINICAL
0001370053-25-000083,0001370053,"ANAPTYSBIO, INC",2025-10-14,2025-10-14T16:33:51-04:00,True,"7.01,9.01",PRESENTATION
0001370053-25-000081,0001370053,"ANAPTYSBIO, INC",2025-09-29,2025-09-29T16:29:55-04:00,True,"7.01,8.01,9.01",OTHER
0001370053-25-000052,0001370053,"ANAPTYSBIO, INC",2025-06-03,2025-06-03T17:20:42-04:00,True,"7.01,8.01",CLINICAL
0001370053-25-000014,0001370053,"ANAPTYSBIO, INC",2025-02-19,2025-02-19T17:10:30-05:00,True,7.01,PRESENTATION
0001370053-25-000010,0001370053,"ANAPTYSBIO, INC",2025-02-12,2025-02-12T08:30:37-05:00,False,"7.01,8.01",CLINICAL
0001370053-25-000002,0001370053,"ANAPTYSBIO, INC",2025-02-03,2025-02-03T08:55:32-05:00,False,"1.01,7.01",OTHER
0001370053-23-000069,0001370053,"ANAPTYSBIO, INC",2023-11-27,2023-11-27T16:17:25-05:00,True,"1.01,7.01",OTHER
0001370053-23-000058,0001370053,"ANAPTYSBIO, INC",2023-10-25,2023-10-25T16:43:03-04:00,True,"7.01,9.01",PRESENTATION
0001370053-23-000054,0001370053,"ANAPTYSBIO, INC",2023-10-10,2023-10-10T09:01:13-04:00,False,"7.01,9.01",CLINICAL
0001370053-22-000052,0001370053,"ANAPTYSBIO, INC",2022-09-12,2022-09-12T07:32:57-04:00,False,"1.01,7.01,9.01",OTHER
0001370053-22-000049,0001370053,"ANAPTYSBIO, INC",2022-08-31,2022-08-31T16:19:39-04:00,True,"7.01,9.01",CLINICAL
0001370053-22-000019,0001370053,"ANAPTYSBIO, INC",2022-04-27,2022-04-27T16:18:20-04:00,True,"7.01,9.01",CLINICAL
0001370053-22-000014,0001370053,"ANAPTYSBIO, INC",2022-03-14,2022-03-14T16:26:20-04:00,True,"7.01,9.01",CLINICAL
0001370053-21-000072,0001370053,"ANAPTYSBIO, INC",2021-11-15,2021-11-15T09:05:10-05:00,False,"7.01,9.01",CLINICAL
0001370053-21-000060,0001370053,"ANAPTYSBIO, INC",2021-10-04,2021-10-04T09:00:42-04:00,False,"7.01,9.01",CLINICAL
0001370053-21-000046,0001370053,"ANAPTYSBIO, INC",2021-06-03,2021-06-02T19:11:46-04:00,True,"7.01,9.01",PRESENTATION
0001370053-21-000022,0001370053,"ANAPTYSBIO, INC",2021-03-08,2021-03-08T08:05:17-05:00,False,"7.01,9.01",CLINICAL
0001370053-20-000053,0001370053,"ANAPTYSBIO, INC",2020-10-13,2020-10-13T09:05:48-04:00,False,"7.01,9.01",CLINICAL
0001370053-20-000003,0001370053,"ANAPTYSBIO, INC",2020-01-15,2020-01-15T10:11:51-05:00,False,"7.01,9.01",PRESENTATION
0001370053-19-000035,0001370053,"ANAPTYSBIO, INC",2019-09-30,2019-09-30T16:18:56-04:00,True,"7.01,9.01",CLINICAL
0001438133-20-000098,0001438133,TANDEM DIABETES CARE INC,2020-06-25,2020-06-24T20:15:36-04:00,True,7.01,OTHER
0001193125-24-243475,0001863127,"Tyra Biosciences, Inc.",2024-10-25,2024-10-25T08:01:32-04:00,False,"5.02,7.01,8.01,9.01",CLINICAL
0001193125-24-023367,0001863127,"Tyra Biosciences, Inc.",2024-02-05,2024-02-05T06:05:32-05:00,False,"1.01,3.02,7.01,9.01",OTHER
0002007919-25-000097,0002007919,"Inhibrx Biosciences, Inc.",2025-12-16,2025-12-16T17:00:04-05:00,True,"7.01,8.01,9.01",CLINICAL
0002007919-25-000089,0002007919,"Inhibrx Biosciences, Inc.",2025-10-23,2025-10-23T16:05:56-04:00,True,"7.01,8.01,9.01",CLINICAL
0002007919-25-000007,0002007919,"Inhibrx Biosciences, Inc.",2025-01-21,2025-01-21T17:03:34-05:00,True,"7.01,8.01,9.01",CLINICAL
0002007919-25-000003,0002007919,"Inhibrx Biosciences, Inc.",2025-01-13,2025-01-13T16:18:50-05:00,True,"1.01,2.03,3.02,7.01,9.01",OTHER
0002007919-24-000016,0002007919,"Inhibrx Biosciences, Inc.",2024-06-17,2024-06-17T16:03:05-04:00,True,"7.01,9.01",PRESENTATION
0001104659-24-065140,0002007919,"Inhibrx Biosciences, Inc.",2024-05-24,2024-05-24T16:21:16-04:00,True,"7.01,9.01",OTHER
0000950170-24-033642,0001350653,"Alphatec Holdings, Inc.",2024-03-19,2024-03-19T17:05:17-04:00,True,7.01,PRESENTATION
0001193125-23-264201,0001350653,"Alphatec Holdings, Inc.",2023-10-27,2023-10-26T17:31:33-04:00,True,"1.01,7.01,9.01",OTHER
0000950170-23-053803,0001350653,"Alphatec Holdings, Inc.",2023-10-17,2023-10-17T17:05:30-04:00,True,"5.02,7.01,9.01",OTHER
0000950170-23-007469,0001350653,"Alphatec Holdings, Inc.",2023-03-13,2023-03-13T09:05:53-04:00,False,7.01,OTHER
0001564590-22-021227,0001350653,"Alphatec Holdings, Inc.",2022-05-25,2022-05-25T10:58:52-04:00,False,"7.01,9.01",PRESENTATION
0001564590-21-037967,0001350653,"Alphatec Holdings, Inc.",2021-07-26,2021-07-26T16:45:44-04:00,True,"5.02,7.01,9.01",OTHER
0001564590-21-033642,0001350653,"Alphatec Holdings, Inc.",2021-06-21,2021-06-21T16:36:27-04:00,True,"5.02,5.07,7.01,9.01",OTHER
0001564590-21-028554,0001350653,"Alphatec Holdings, Inc.",2021-05-18,2021-05-18T09:14:20-04:00,False,"2.01,7.01,9.01",OTHER
0001193125-20-319487,0001350653,"Alphatec Holdings, Inc.",2020-12-17,2020-12-17T06:07:07-05:00,False,"1.01,2.03,3.02,7.01,9.01",OTHER
0001564590-20-018698,0001350653,"Alphatec Holdings, Inc.",2020-04-27,2020-04-27T09:00:34-04:00,False,"1.01,1.02,2.03,7.01,9.01",OTHER
0001193125-20-054035,0001350653,"Alphatec Holdings, Inc.",2020-02-28,2020-02-28T06:25:11-05:00,False,"1.01,3.02,7.01,9.01",OTHER
0000950170-24-132302,0001817713,"Janux Therapeutics, Inc.",2024-12-02,2024-12-02T17:10:46-05:00,True,"7.01,8.01,9.01",CLINICAL
0000950170-24-020183,0001817713,"Janux Therapeutics, Inc.",2024-02-26,2024-02-26T16:23:58-05:00,True,"7.01,9.01",CLINICAL
0001193125-23-067513,0001422143,"Kura Oncology, Inc.",2023-03-10,2023-03-10T15:25:33-05:00,False,7.01,OTHER
0001193125-22-276373,0001422143,"Kura Oncology, Inc.",2022-11-03,2022-11-03T07:16:03-04:00,False,"1.01,2.03,3.02,7.01,9.01",OTHER
0001564590-20-050279,0001422143,"Kura Oncology, Inc.",2020-11-04,2020-11-04T11:23:46-05:00,False,"7.01,9.01",CLINICAL
0001564590-20-000890,0001422143,"Kura Oncology, Inc.",2020-01-13,2020-01-13T08:00:38-05:00,False,"7.01,9.01",PRESENTATION
0001564590-19-000287,0001422143,"Kura Oncology, Inc.",2019-01-07,2019-01-07T08:30:47-05:00,False,"7.01,9.01",PRESENTATION
0001193125-25-273317,0001906324,QuidelOrtho Corp,2025-11-10,2025-11-10T08:02:30-05:00,False,"7.01,9.01",OTHER
0001906324-24-000025,0001906324,QuidelOrtho Corp,2024-05-07,2024-05-07T16:14:37-04:00,True,"5.02,7.01,9.01",OTHER
0001906324-24-000006,0001906324,QuidelOrtho Corp,2024-02-16,2024-02-16T07:00:20-05:00,False,7.01,OTHER
0001906324-22-000004,0001906324,QuidelOrtho Corp,2022-07-07,2022-07-07T17:02:26-04:00,True,"7.01,9.01",OTHER
0000950170-25-004612,0001807120,"Design Therapeutics, Inc.",2025-01-13,2025-01-13T09:09:12-05:00,False,"7.01,9.01",NO_TEXT
0001437749-25-029349,0001855175,"Contineum Therapeutics, Inc.",2025-09-18,2025-09-18T08:16:26-04:00,False,"7.01,8.01,9.01",CLINICAL
0001193125-24-198384,0001671858,"ARS Pharmaceuticals, Inc.",2024-08-12,2024-08-12T07:59:39-04:00,False,"7.01,8.01,9.01",PRESENTATION
0001193125-24-172166,0001671858,"ARS Pharmaceuticals, Inc.",2024-06-28,2024-06-28T15:15:56-04:00,False,"7.01,9.01",PRESENTATION
0001193125-24-171204,0001671858,"ARS Pharmaceuticals, Inc.",2024-06-28,2024-06-28T06:46:32-04:00,False,"7.01,8.01,9.01",PRESENTATION
0001193125-24-135721,0001671858,"ARS Pharmaceuticals, Inc.",2024-05-10,2024-05-10T07:01:05-04:00,False,"7.01,9.01",PRESENTATION
0001193125-23-241345,0001671858,"ARS Pharmaceuticals, Inc.",2023-09-25,2023-09-25T16:17:04-04:00,True,"7.01,9.01",PRESENTATION
0001193125-23-146147,0001671858,"ARS Pharmaceuticals, Inc.",2023-05-16,2023-05-16T16:31:16-04:00,True,"7.01,9.01",PRESENTATION
0001193125-23-139053,0001671858,"ARS Pharmaceuticals, Inc.",2023-05-09,2023-05-09T09:12:20-04:00,False,"7.01,9.01",REGULATORY
0001193125-23-068584,0001671858,"ARS Pharmaceuticals, Inc.",2023-03-13,2023-03-13T09:26:06-04:00,False,"7.01,9.01",PRESENTATION
0001193125-22-299482,0001671858,"ARS Pharmaceuticals, Inc.",2022-12-06,2022-12-06T17:07:27-05:00,True,"7.01,9.01",PRESENTATION
0001193125-21-274662,0001671858,"ARS Pharmaceuticals, Inc.",2021-09-16,2021-09-16T07:37:13-04:00,False,"7.01,9.01",PRESENTATION
0001193125-21-270925,0001671858,"ARS Pharmaceuticals, Inc.",2021-09-13,2021-09-13T08:06:03-04:00,False,"7.01,9.01",CLINICAL
0001193125-25-275902,0001817241,"Artiva Biotherapeutics, Inc.",2025-11-12,2025-11-12T07:22:26-05:00,False,"7.01,8.01,9.01",CLINICAL
0001193125-25-290003,0001285550,"ClearPoint Neuro, Inc.",2025-11-20,2025-11-20T17:08:53-05:00,True,"1.01,2.01,3.02,7.01,9.01",OTHER
0001193125-25-269992,0001285550,"ClearPoint Neuro, Inc.",2025-11-06,2025-11-06T16:52:00-05:00,True,"1.01,7.01,9.01",OTHER
0001285550-24-000107,0001285550,"ClearPoint Neuro, Inc.",2024-08-26,2024-08-26T16:06:23-04:00,True,"7.01,9.01",OTHER
0001285550-22-000054,0001285550,"ClearPoint Neuro, Inc.",2022-09-20,2022-09-20T16:07:33-04:00,True,"5.02,7.01,9.01",OTHER
0001171520-21-000432,0001285550,"ClearPoint Neuro, Inc.",2021-11-02,2021-11-02T16:42:42-04:00,True,"5.02,7.01,9.01",OTHER
0001171520-21-000304,0001285550,"ClearPoint Neuro, Inc.",2021-07-15,2021-07-15T16:40:22-04:00,True,"5.02,7.01,9.01",OTHER
0001171520-21-000229,0001285550,"ClearPoint Neuro, Inc.",2021-06-04,2021-06-04T07:30:05-04:00,False,"5.07,7.01,9.01",OTHER
0001171520-21-000210,0001285550,"ClearPoint Neuro, Inc.",2021-05-25,2021-05-25T08:00:31-04:00,False,"7.01,9.01",NO_TEXT
0001171520-21-000201,0001285550,"ClearPoint Neuro, Inc.",2021-05-12,2021-05-12T08:00:24-04:00,False,"7.01,9.01",NO_TEXT
0001171520-21-000165,0001285550,"ClearPoint Neuro, Inc.",2021-04-13,2021-04-13T16:12:38-04:00,True,"5.02,7.01,9.01",OTHER
0001171520-21-000094,0001285550,"ClearPoint Neuro, Inc.",2021-02-19,2021-02-19T17:00:53-05:00,True,"1.01,7.01,9.01",NO_TEXT
0001171520-21-000039,0001285550,"ClearPoint Neuro, Inc.",2021-02-05,2021-02-05T08:08:26-05:00,False,"5.02,7.01,9.01",OTHER
0001171520-20-000486,0001285550,"ClearPoint Neuro, Inc.",2020-12-29,2020-12-29T16:24:08-05:00,True,"1.01,2.03,3.02,7.01,9.01",OTHER
0001420506-20-001011,0001285550,"ClearPoint Neuro, Inc.",2020-09-14,2020-09-14T16:22:11-04:00,True,"5.02,7.01,9.01",OTHER
0001171520-20-000230,0001285550,"ClearPoint Neuro, Inc.",2020-05-20,2020-05-20T16:08:16-04:00,True,"7.01,9.01",NO_TEXT
0001171520-20-000182,0001285550,"ClearPoint Neuro, Inc.",2020-04-17,2020-04-17T08:17:51-04:00,False,"5.02,7.01,9.01",OTHER
0001171520-20-000124,0001285550,"ClearPoint Neuro, Inc.",2020-02-14,2020-02-14T09:01:39-05:00,False,"7.01,9.01",OTHER
0001171520-20-000061,0001285550,"ClearPoint Neuro, Inc.",2020-02-12,2020-02-12T08:00:29-05:00,False,"5.03,7.01,9.01",OTHER
0001171520-20-000041,0001285550,"ClearPoint Neuro, Inc.",2020-01-29,2020-01-29T16:42:25-05:00,True,"1.01,2.03,3.02,7.01,9.01",OTHER
0001171520-19-000351,0001285550,"ClearPoint Neuro, Inc.",2019-12-09,2019-12-09T16:27:09-05:00,True,"7.01,9.01",NO_TEXT
0001171520-19-000341,0001285550,"ClearPoint Neuro, Inc.",2019-11-26,2019-11-26T08:00:09-05:00,False,"3.01,7.01,9.01",OTHER
0001534424-19-000248,0001285550,"ClearPoint Neuro, Inc.",2019-08-28,2019-08-28T17:00:24-04:00,True,"7.01,9.01",NO_TEXT
0001534424-19-000225,0001285550,"ClearPoint Neuro, Inc.",2019-08-06,2019-08-06T16:08:35-04:00,True,"5.02,7.01,9.01",OTHER
0001534424-19-000188,0001285550,"ClearPoint Neuro, Inc.",2019-07-01,2019-07-01T08:11:29-04:00,False,"7.01,9.01",OTHER
0001534424-19-000147,0001285550,"ClearPoint Neuro, Inc.",2019-05-17,2019-05-17T16:10:20-04:00,True,"1.01,3.02,5.02,7.01,8.01,9.01",OTHER
0001534424-19-000135,0001285550,"ClearPoint Neuro, Inc.",2019-05-09,2019-05-09T16:09:46-04:00,True,"1.01,3.02,5.02,7.01,9.01",OTHER
0001493152-24-004066,0001357459,"PALISADE BIO, INC.",2024-01-29,2024-01-29T08:30:40-05:00,False,"7.01,9.01",OTHER
0001493152-23-039651,0001357459,"PALISADE BIO, INC.",2023-11-07,2023-11-07T09:00:20-05:00,False,"7.01,9.01",NO_TEXT
0001493152-22-025929,0001357459,"PALISADE BIO, INC.",2022-09-15,2022-09-15T08:35:37-04:00,False,"2.05,7.01,9.01",OTHER
0000950170-22-006965,0001357459,"PALISADE BIO, INC.",2022-05-03,2022-05-03T09:15:59-04:00,False,"7.01,9.01",PRESENTATION
0000950170-22-003857,0001357459,"PALISADE BIO, INC.",2022-03-16,2022-03-16T11:09:42-04:00,False,"7.01,9.01",PRESENTATION
0000950170-22-001894,0001357459,"PALISADE BIO, INC.",2022-02-24,2022-02-24T11:49:36-05:00,False,"7.01,9.01",PRESENTATION
0000950170-22-000225,0001357459,"PALISADE BIO, INC.",2022-01-11,2022-01-10T20:28:04-05:00,True,"7.01,9.01",PRESENTATION
0001193125-21-310493,0001357459,"PALISADE BIO, INC.",2021-10-28,2021-10-28T09:02:13-04:00,False,"7.01,9.01",PRESENTATION
0001171843-21-006440,0001357459,"PALISADE BIO, INC.",2021-09-13,2021-09-13T08:00:56-04:00,False,"7.01,9.01",PRESENTATION
0001171843-21-003941,0001357459,"PALISADE BIO, INC.",2021-06-01,2021-06-01T17:24:59-04:00,True,"7.01,9.01",PRESENTATION
0001171843-21-002837,0001357459,"PALISADE BIO, INC.",2021-04-28,2021-04-28T08:00:44-04:00,False,"7.01,9.01",PRESENTATION
0001171843-20-006367,0001357459,"PALISADE BIO, INC.",2020-09-09,2020-09-09T17:01:05-04:00,True,"5.07,7.01",OTHER
0001171843-20-005791,0001357459,"PALISADE BIO, INC.",2020-08-10,2020-08-10T17:13:27-04:00,True,"5.07,7.01,8.01,9.01",OTHER
0001171843-20-003925,0001357459,"PALISADE BIO, INC.",2020-05-21,2020-05-21T15:10:55-04:00,False,7.01,OTHER
0001171843-20-001209,0001357459,"PALISADE BIO, INC.",2020-02-24,2020-02-24T14:17:20-05:00,False,"7.01,9.01",PRESENTATION
0001171843-20-000433,0001357459,"PALISADE BIO, INC.",2020-01-23,2020-01-23T10:34:45-05:00,False,7.01,OTHER
0001171843-20-000299,0001357459,"PALISADE BIO, INC.",2020-01-16,2020-01-16T17:14:50-05:00,True,"7.01,9.01",PRESENTATION
0001171843-19-007138,0001357459,"PALISADE BIO, INC.",2019-11-04,2019-11-04T15:56:08-05:00,False,"7.01,9.01",PRESENTATION
0001171843-19-006101,0001357459,"PALISADE BIO, INC.",2019-09-24,2019-09-24T16:52:08-04:00,True,7.01,OTHER
0001193805-25-001499,0001768224,Arcturus Therapeutics Holdings Inc.,2025-10-22,2025-10-22T07:50:46-04:00,False,"7.01,8.01,9.01",CLINICAL
0001193805-25-001368,0001768224,Arcturus Therapeutics Holdings Inc.,2025-09-26,2025-09-26T06:01:41-04:00,False,"7.01,9.01",OTHER
0001193805-25-001247,0001768224,Arcturus Therapeutics Holdings Inc.,2025-08-29,2025-08-29T06:00:56-04:00,False,"7.01,9.01",REGULATORY
0001193805-25-000946,0001768224,Arcturus Therapeutics Holdings Inc.,2025-06-30,2025-06-30T16:05:54-04:00,True,"7.01,9.01",CLINICAL
0001193805-24-001023,0001768224,Arcturus Therapeutics Holdings Inc.,2024-08-13,2024-08-13T07:54:14-04:00,False,"7.01,9.01",INVALID:I don't have access to the actual conten
0001193805-24-000842,0001768224,Arcturus Therapeutics Holdings Inc.,2024-06-24,2024-06-24T16:07:32-04:00,True,"5.02,7.01,9.01",OTHER
0001193805-24-000392,0001768224,Arcturus Therapeutics Holdings Inc.,2024-03-19,2024-03-19T06:00:29-04:00,False,"7.01,9.01",CLINICAL
0001193805-23-000984,0001768224,Arcturus Therapeutics Holdings Inc.,2023-07-14,2023-07-14T07:53:41-04:00,False,7.01,CLINICAL
0001193805-23-000929,0001768224,Arcturus Therapeutics Holdings Inc.,2023-06-30,2023-06-30T08:28:35-04:00,False,"7.01,9.01",REGULATORY
0001193805-23-000619,0001768224,Arcturus Therapeutics Holdings Inc.,2023-04-28,2023-04-28T06:00:59-04:00,False,"7.01,9.01",REGULATORY
0001193805-23-000532,0001768224,Arcturus Therapeutics Holdings Inc.,2023-04-11,2023-04-11T09:00:25-04:00,False,"7.01,9.01",OTHER
0001193805-22-001719,0001768224,Arcturus Therapeutics Holdings Inc.,2022-12-13,2022-12-13T16:14:42-05:00,True,"5.02,7.01,9.01",OTHER
0001193805-22-001712,0001768224,Arcturus Therapeutics Holdings Inc.,2022-12-13,2022-12-13T08:33:21-05:00,False,"7.01,9.01",CLINICAL
0001193805-22-000036,0001768224,Arcturus Therapeutics Holdings Inc.,2022-01-11,2022-01-11T07:00:23-05:00,False,7.01,REGULATORY
0001193805-21-001738,0001768224,Arcturus Therapeutics Holdings Inc.,2021-12-13,2021-12-13T17:17:45-05:00,True,"5.02,5.05,7.01,9.01",OTHER
0001193805-20-001508,0001768224,Arcturus Therapeutics Holdings Inc.,2020-12-08,2020-12-08T09:01:14-05:00,False,"1.01,7.01,9.01",OTHER
0001193805-20-001052,0001768224,Arcturus Therapeutics Holdings Inc.,2020-08-18,2020-08-18T16:01:19-04:00,True,"1.01,7.01,9.01",OTHER
0001193805-20-000704,0001768224,Arcturus Therapeutics Holdings Inc.,2020-06-18,2020-06-18T13:15:19-04:00,False,"7.01,9.01",INVALID:I don't have access to the actual conten
0001193805-20-000622,0001768224,Arcturus Therapeutics Holdings Inc.,2020-05-21,2020-05-21T16:34:45-04:00,True,"3.02,7.01,9.01",OTHER
0001193805-20-000030,0001768224,Arcturus Therapeutics Holdings Inc.,2020-01-10,2020-01-10T16:30:53-05:00,True,"7.01,9.01",INVALID:I don't have access to the actual conten
0001193125-19-287260,0001768224,Arcturus Therapeutics Holdings Inc.,2019-11-07,2019-11-07T16:01:05-05:00,True,"7.01,9.01",PRESENTATION
0001193125-19-257389,0001768224,Arcturus Therapeutics Holdings Inc.,2019-09-27,2019-09-27T16:25:33-04:00,True,"1.01,7.01,9.01",OTHER
0001193125-19-221871,0001768224,Arcturus Therapeutics Holdings Inc.,2019-08-15,2019-08-15T08:09:03-04:00,False,"7.01,9.01",OTHER
0001193125-19-212594,0001768224,Arcturus Therapeutics Holdings Inc.,2019-08-05,2019-08-05T09:14:03-04:00,False,"1.01,7.01,9.01",OTHER
0001193125-19-212082,0001768224,Arcturus Therapeutics Holdings Inc.,2019-08-02,2019-08-02T16:29:33-04:00,True,"1.01,7.01,9.01",OTHER
0001193125-19-176908,0001768224,Arcturus Therapeutics Holdings Inc.,2019-06-20,2019-06-20T06:06:04-04:00,False,"1.01,3.02,5.02,7.01,9.01",OTHER
0001193125-19-176112,0001768224,Arcturus Therapeutics Holdings Inc.,2019-06-19,2019-06-19T09:31:46-04:00,False,"7.01,9.01",PRESENTATION
0001193125-25-250674,0001434316,FATE THERAPEUTICS INC,2025-10-27,2025-10-27T07:00:13-04:00,False,"7.01,8.01,9.01",CLINICAL
0001193125-25-238989,0001434316,FATE THERAPEUTICS INC,2025-10-14,2025-10-14T16:02:55-04:00,True,"5.02,7.01,9.01",OTHER
0001193125-25-132301,0001434316,FATE THERAPEUTICS INC,2025-05-30,2025-05-30T17:15:02-04:00,True,"5.02,5.03,5.07,7.01,9.01",OTHER
0001193125-24-268003,0001434316,FATE THERAPEUTICS INC,2024-11-29,2024-11-29T14:33:53-05:00,False,"5.02,7.01,9.01",OTHER
0001193125-24-189911,0001434316,FATE THERAPEUTICS INC,2024-07-31,2024-07-31T16:03:29-04:00,True,"5.02,7.01,9.01",OTHER
0001193125-24-134840,0001434316,FATE THERAPEUTICS INC,2024-05-09,2024-05-09T09:01:04-04:00,False,"7.01,8.01,9.01",CLINICAL
0000950170-22-022488,0001434316,FATE THERAPEUTICS INC,2022-11-07,2022-11-07T13:21:26-05:00,False,"1.01,7.01,9.01",OTHER
0000950170-22-012381,0001434316,FATE THERAPEUTICS INC,2022-06-30,2022-06-30T16:06:42-04:00,True,"1.01,7.01,9.01",OTHER
0001193125-21-235830,0001434316,FATE THERAPEUTICS INC,2021-08-04,2021-08-04T09:20:33-04:00,False,"5.02,7.01,9.01",OTHER
0001564590-20-040672,0001434316,FATE THERAPEUTICS INC,2020-08-19,2020-08-19T16:01:20-04:00,True,"5.02,5.03,7.01,9.01",OTHER
0001564590-20-021242,0001434316,FATE THERAPEUTICS INC,2020-05-05,2020-05-05T16:03:18-04:00,True,"5.02,5.07,7.01,9.01",OTHER
0001564590-20-015011,0001434316,FATE THERAPEUTICS INC,2020-04-02,2020-04-02T16:55:58-04:00,True,"1.01,3.02,7.01,8.01,9.01",OTHER
0001564590-19-025146,0001434316,FATE THERAPEUTICS INC,2019-07-17,2019-07-17T16:03:21-04:00,True,"5.02,7.01,9.01",OTHER
0001564590-19-008253,0001434316,FATE THERAPEUTICS INC,2019-03-18,2019-03-18T16:01:24-04:00,True,"5.02,7.01,9.01",OTHER
0000950170-25-111319,0000876343,"Lineage Cell Therapeutics, Inc.",2025-08-26,2025-08-26T09:14:05-04:00,False,"7.01,8.01,9.01",OTHER
0000950170-25-088738,0000876343,"Lineage Cell Therapeutics, Inc.",2025-06-23,2025-06-23T09:26:11-04:00,False,"7.01,8.01,9.01",CLINICAL
0000950170-25-009227,0000876343,"Lineage Cell Therapeutics, Inc.",2025-01-27,2025-01-27T16:30:09-05:00,True,"5.07,7.01,8.01,9.01",OTHER
0000950170-24-129402,0000876343,"Lineage Cell Therapeutics, Inc.",2024-11-20,2024-11-20T17:08:36-05:00,True,"1.01,7.01,8.01,9.01",OTHER
0001493152-23-002127,0000876343,"Lineage Cell Therapeutics, Inc.",2023-01-23,2023-01-23T08:00:45-05:00,False,"7.01,9.01",NO_TEXT
0001493152-22-012893,0000876343,"Lineage Cell Therapeutics, Inc.",2022-05-12,2022-05-11T19:54:49-04:00,True,"7.01,8.01,9.01",CLINICAL
0001493152-21-031964,0000876343,"Lineage Cell Therapeutics, Inc.",2021-12-20,2021-12-20T06:06:13-05:00,False,"1.01,7.01,9.01",OTHER
0001493152-21-031281,0000876343,"Lineage Cell Therapeutics, Inc.",2021-12-13,2021-12-13T16:10:29-05:00,True,"7.01,8.01,9.01",CLINICAL
0001493152-21-024236,0000876343,"Lineage Cell Therapeutics, Inc.",2021-09-30,2021-09-30T17:29:25-04:00,True,"7.01,8.01,9.01",CLINICAL
0001493152-21-013294,0000876343,"Lineage Cell Therapeutics, Inc.",2021-06-01,2021-06-01T07:00:14-04:00,False,"7.01,8.01,9.01",CLINICAL
0001493152-21-010348,0000876343,"Lineage Cell Therapeutics, Inc.",2021-05-03,2021-05-03T17:00:18-04:00,True,"7.01,8.01,9.01",CLINICAL
0001493152-21-000268,0000876343,"Lineage Cell Therapeutics, Inc.",2021-01-06,2021-01-06T09:00:29-05:00,False,"7.01,9.01",NO_TEXT
0001493152-20-000483,0000876343,"Lineage Cell Therapeutics, Inc.",2020-01-13,2020-01-13T06:07:14-05:00,False,"7.01,9.01",INVALID:I don't have access to the actual conten
0001193125-25-100447,0001274737,EXAGEN INC.,2025-04-28,2025-04-28T16:05:13-04:00,True,"1.01,2.03,3.02,7.01,9.01",OTHER
0001274737-23-000004,0001274737,EXAGEN INC.,2023-01-23,2023-01-23T09:00:18-05:00,False,"5.03,7.01,9.01",OTHER
0001274737-22-000067,0001274737,EXAGEN INC.,2022-10-20,2022-10-20T16:05:41-04:00,True,"5.02,7.01,9.01",OTHER
0001274737-22-000003,0001274737,EXAGEN INC.,2022-01-10,2022-01-10T08:25:26-05:00,False,"7.01,9.01",PRESENTATION
0001193125-25-177510,0001746466,"Equillium, Inc.",2025-08-11,2025-08-11T08:35:17-04:00,False,"1.01,3.02,7.01,9.01",OTHER
0001193125-23-256538,0001746466,"Equillium, Inc.",2023-10-16,2023-10-16T08:05:52-04:00,False,"7.01,8.01,9.01",PRESENTATION
0000950170-22-002895,0001746466,"Equillium, Inc.",2022-03-04,2022-03-04T14:00:20-05:00,False,"7.01,9.01",REGULATORY
0001193125-22-043939,0001746466,"Equillium, Inc.",2022-02-16,2022-02-16T07:01:11-05:00,False,"1.01,2.01,2.03,3.02,7.01,8.01,9.01",OTHER
0000950170-21-000445,0001746466,"Equillium, Inc.",2021-07-12,2021-07-12T16:00:54-04:00,True,"7.01,9.01",REGULATORY
0000950170-21-000344,0001746466,"Equillium, Inc.",2021-06-11,2021-06-11T07:00:33-04:00,False,"7.01,9.01",CLINICAL
0000950170-21-000338,0001746466,"Equillium, Inc.",2021-06-10,2021-06-10T11:13:29-04:00,False,"7.01,9.01",CLINICAL
0000950170-21-000318,0001746466,"Equillium, Inc.",2021-06-07,2021-06-07T15:13:20-04:00,False,"7.01,9.01",OTHER
0001564590-21-016669,0001746466,"Equillium, Inc.",2021-03-30,2021-03-30T16:52:34-04:00,True,"7.01,9.01",CLINICAL
0001564590-21-013009,0001746466,"Equillium, Inc.",2021-03-15,2021-03-15T08:02:22-04:00,False,"7.01,9.01",CLINICAL
0001564590-21-011597,0001746466,"Equillium, Inc.",2021-03-09,2021-03-09T07:00:15-05:00,False,"7.01,9.01",PRESENTATION
0001564590-21-005752,0001746466,"Equillium, Inc.",2021-02-12,2021-02-12T15:05:28-05:00,False,"7.01,9.01",CLINICAL
0001193125-20-322379,0001746466,"Equillium, Inc.",2020-12-21,2020-12-21T08:06:28-05:00,False,"1.01,5.02,7.01,9.01",OTHER
0001193125-20-311281,0001746466,"Equillium, Inc.",2020-12-07,2020-12-07T09:24:28-05:00,False,"7.01,9.01",CLINICAL
0001193125-20-310114,0001746466,"Equillium, Inc.",2020-12-04,2020-12-04T09:07:49-05:00,False,"7.01,9.01",PRESENTATION
0001193125-20-304969,0001746466,"Equillium, Inc.",2020-11-30,2020-11-30T08:01:52-05:00,False,"7.01,9.01",PRESENTATION
0001193125-20-303087,0001746466,"Equillium, Inc.",2020-11-25,2020-11-25T08:01:28-05:00,False,"7.01,9.01",OTHER
0001193125-20-215058,0001746466,"Equillium, Inc.",2020-08-10,2020-08-10T17:21:51-04:00,True,"7.01,8.01,9.01",CLINICAL
0001564590-19-036089,0001746466,"Equillium, Inc.",2019-10-01,2019-10-01T16:10:27-04:00,True,"1.01,2.03,3.02,7.01,8.01,9.01",PRESENTATION
0001193125-19-130143,0001746466,"Equillium, Inc.",2019-05-01,2019-04-30T18:40:14-04:00,True,"7.01,9.01",PRESENTATION
0001193125-25-264748,0001774857,"Aardvark Therapeutics, Inc.",2025-11-04,2025-11-04T16:19:58-05:00,True,"7.01,8.01,9.01",CLINICAL
0001728117-25-000040,0001728117,"Gossamer Bio, Inc.",2025-06-16,2025-06-16T07:31:12-04:00,False,"7.01,8.01,9.01",OTHER
0001728117-23-000094,0001728117,"Gossamer Bio, Inc.",2023-07-20,2023-07-20T16:01:04-04:00,True,"1.01,3.02,7.01,9.01",OTHER
0001728117-22-000057,0001728117,"Gossamer Bio, Inc.",2022-07-13,2022-07-13T08:45:41-04:00,False,"1.01,3.02,7.01,9.01",OTHER
0001728117-21-000094,0001728117,"Gossamer Bio, Inc.",2021-10-12,2021-10-12T09:19:20-04:00,False,"7.01,8.01,9.01",OTHER
0001564590-20-046250,0001728117,"Gossamer Bio, Inc.",2020-10-13,2020-10-13T07:40:25-04:00,False,"7.01,8.01,9.01",CLINICAL
0001564590-20-000961,0001728117,"Gossamer Bio, Inc.",2020-01-13,2020-01-13T16:08:26-05:00,True,7.01,PRESENTATION
0000950170-24-134749,0001213037,"Cardiff Oncology, Inc.",2024-12-10,2024-12-10T06:02:28-05:00,False,"7.01,8.01,9.01",CLINICAL
0001628280-24-015247,0001213037,"Cardiff Oncology, Inc.",2024-04-08,2024-04-08T16:07:11-04:00,True,"7.01,9.01",PRESENTATION
0001628280-24-000780,0001213037,"Cardiff Oncology, Inc.",2024-01-08,2024-01-08T09:12:29-05:00,False,"7.01,9.01",PRESENTATION
0001628280-23-033014,0001213037,"Cardiff Oncology, Inc.",2023-09-26,2023-09-26T16:07:11-04:00,True,"7.01,8.01,9.01",CLINICAL
0001104659-23-088391,0001213037,"Cardiff Oncology, Inc.",2023-08-07,2023-08-07T16:42:29-04:00,True,"7.01,8.01,9.01",CLINICAL
0001628280-23-007567,0001213037,"Cardiff Oncology, Inc.",2023-03-10,2023-03-10T16:51:28-05:00,True,7.01,OTHER
0001628280-22-025855,0001213037,"Cardiff Oncology, Inc.",2022-10-03,2022-10-03T16:12:14-04:00,True,"7.01,9.01",PRESENTATION
0001628280-22-024744,0001213037,"Cardiff Oncology, Inc.",2022-09-12,2022-09-12T16:09:53-04:00,True,"7.01,8.01,9.01",CLINICAL
0001628280-22-008987,0001213037,"Cardiff Oncology, Inc.",2022-04-12,2022-04-12T16:11:52-04:00,True,"5.02,7.01,9.01",OTHER
0001628280-22-008804,0001213037,"Cardiff Oncology, Inc.",2022-04-08,2022-04-08T15:34:34-04:00,False,"7.01,9.01",CLINICAL
0001628280-22-001039,0001213037,"Cardiff Oncology, Inc.",2022-01-18,2022-01-18T17:00:48-05:00,True,"7.01,9.01",CLINICAL
0001628280-21-018216,0001213037,"Cardiff Oncology, Inc.",2021-09-08,2021-09-08T16:00:55-04:00,True,"7.01,9.01",CLINICAL
0001628280-21-011401,0001213037,"Cardiff Oncology, Inc.",2021-06-01,2021-06-01T10:52:26-04:00,False,"7.01,9.01",PRESENTATION
0001628280-21-006756,0001213037,"Cardiff Oncology, Inc.",2021-04-12,2021-04-12T08:33:51-04:00,False,"7.01,8.01,9.01",CLINICAL
0001628280-20-017686,0001213037,"Cardiff Oncology, Inc.",2020-12-21,2020-12-21T16:18:24-05:00,True,"5.02,7.01,9.01",OTHER
0001628280-20-013800,0001213037,"Cardiff Oncology, Inc.",2020-09-22,2020-09-21T19:19:32-04:00,True,"7.01,9.01",PRESENTATION
0001628280-20-000311,0001213037,"Cardiff Oncology, Inc.",2020-01-13,2020-01-13T10:22:59-05:00,False,"7.01,9.01",PRESENTATION
0001104659-19-040280,0001213037,"Cardiff Oncology, Inc.",2019-07-15,2019-07-15T12:03:13-04:00,False,"7.01,9.01",PRESENTATION
0001104659-19-034533,0001213037,"Cardiff Oncology, Inc.",2019-06-07,2019-06-07T16:06:53-04:00,True,"7.01,9.01",PRESENTATION
0001193125-25-051990,0001226616,MEDICINOVA INC,2025-03-11,2025-03-11T16:45:50-04:00,True,"7.01,9.01",PRESENTATION
0001193125-19-275403,0001226616,MEDICINOVA INC,2019-10-28,2019-10-28T06:10:09-04:00,False,7.01,OTHER
0001564590-19-037824,0001226616,MEDICINOVA INC,2019-10-25,2019-10-25T06:03:30-04:00,False,7.01,OTHER
0001564590-19-026232,0001226616,MEDICINOVA INC,2019-07-26,2019-07-26T06:00:41-04:00,False,7.01,OTHER
0001564590-19-013191,0001226616,MEDICINOVA INC,2019-04-26,2019-04-26T06:05:57-04:00,False,7.01,OTHER
0001564590-19-002909,0001226616,MEDICINOVA INC,2019-02-14,2019-02-14T06:00:46-05:00,False,7.01,OTHER
0000950170-24-135768,0001782303,"Boundless Bio, Inc.",2024-12-12,2024-12-12T16:05:09-05:00,True,"5.02,7.01,8.01,9.01",CLINICAL
0001193125-25-256300,0000818033,"HERON THERAPEUTICS, INC. /DE/",2025-10-29,2025-10-29T16:05:33-04:00,True,"5.02,7.01,9.01",OTHER
0000950170-24-139569,0000818033,"HERON THERAPEUTICS, INC. /DE/",2024-12-23,2024-12-23T16:05:08-05:00,True,"7.01,9.01",OTHER
0000950170-24-120902,0000818033,"HERON THERAPEUTICS, INC. /DE/",2024-11-04,2024-11-04T17:09:40-05:00,True,"5.02,7.01",OTHER
0000950170-24-080026,0000818033,"HERON THERAPEUTICS, INC. /DE/",2024-07-02,2024-07-02T08:44:34-04:00,False,"7.01,9.01",REGULATORY
0000950170-24-065636,0000818033,"HERON THERAPEUTICS, INC. /DE/",2024-05-29,2024-05-29T08:05:11-04:00,False,"7.01,9.01",REGULATORY
0001193125-23-191942,0000818033,"HERON THERAPEUTICS, INC. /DE/",2023-07-24,2023-07-24T09:12:58-04:00,False,"1.01,3.02,5.02,7.01,9.01",OTHER
0001193125-23-044236,0000818033,"HERON THERAPEUTICS, INC. /DE/",2023-02-22,2023-02-22T09:05:34-05:00,False,"1.01,5.02,7.01,9.01",OTHER
0001564590-22-023137,0000818033,"HERON THERAPEUTICS, INC. /DE/",2022-06-14,2022-06-14T08:40:15-04:00,False,"7.01,9.01",CLINICAL
0001564590-22-011751,0000818033,"HERON THERAPEUTICS, INC. /DE/",2022-03-25,2022-03-25T08:40:27-04:00,False,"7.01,9.01",REGULATORY
0001564590-21-001687,0000818033,"HERON THERAPEUTICS, INC. /DE/",2021-01-21,2021-01-21T08:40:24-05:00,False,"7.01,9.01",CLINICAL
0001564590-20-043657,0000818033,"HERON THERAPEUTICS, INC. /DE/",2020-09-16,2020-09-16T08:40:26-04:00,False,"7.01,9.01",CLINICAL
0001564590-20-028307,0000818033,"HERON THERAPEUTICS, INC. /DE/",2020-06-04,2020-06-04T09:14:21-04:00,False,"7.01,9.01",CLINICAL
0001564590-19-046060,0000818033,"HERON THERAPEUTICS, INC. /DE/",2019-12-16,2019-12-16T16:15:50-05:00,True,"7.01,9.01",PRESENTATION
0001564590-19-036139,0000818033,"HERON THERAPEUTICS, INC. /DE/",2019-10-02,2019-10-02T07:57:49-04:00,False,"7.01,8.01,9.01",CLINICAL
0001564590-19-032608,0000818033,"HERON THERAPEUTICS, INC. /DE/",2019-08-20,2019-08-20T08:35:56-04:00,False,"7.01,9.01",CLINICAL
0001193125-19-152334,0000818033,"HERON THERAPEUTICS, INC. /DE/",2019-05-21,2019-05-21T09:15:32-04:00,False,"7.01,9.01",CLINICAL
0001193125-19-146046,0000818033,"HERON THERAPEUTICS, INC. /DE/",2019-05-14,2019-05-14T08:35:32-04:00,False,"7.01,9.01",CLINICAL
0000950170-23-049802,0001339970,aTYR PHARMA INC,2023-09-26,2023-09-26T09:01:19-04:00,False,"7.01,8.01,9.01",PRESENTATION
0000950170-23-007341,0001339970,aTYR PHARMA INC,2023-03-10,2023-03-10T17:01:10-05:00,True,7.01,OTHER
0001564590-21-002003,0001339970,aTYR PHARMA INC,2021-01-25,2021-01-25T08:05:15-05:00,False,"7.01,9.01",OTHER
0001564590-21-001861,0001339970,aTYR PHARMA INC,2021-01-22,2021-01-22T08:05:27-05:00,False,"7.01,9.01",PRESENTATION
0001564590-21-000713,0001339970,aTYR PHARMA INC,2021-01-11,2021-01-08T21:01:27-05:00,True,"7.01,9.01",PRESENTATION
0001564590-20-030026,0001339970,aTYR PHARMA INC,2020-06-22,2020-06-22T09:00:35-04:00,False,"7.01,9.01",PRESENTATION
0001564590-20-025993,0001339970,aTYR PHARMA INC,2020-05-18,2020-05-18T16:00:41-04:00,True,"7.01,9.01",PRESENTATION
0001564590-19-019764,0001339970,aTYR PHARMA INC,2019-05-20,2019-05-20T09:00:25-04:00,False,"7.01,9.01",OTHER
0001564590-19-007103,0001339970,aTYR PHARMA INC,2019-03-11,2019-03-11T09:00:28-04:00,False,"7.01,9.01",PRESENTATION
0001564590-19-004889,0001339970,aTYR PHARMA INC,2019-02-27,2019-02-27T16:05:33-05:00,True,"7.01,9.01",OTHER
0001262104-25-000009,0001262104,"Lite Strategy, Inc.",2025-09-10,2025-09-10T09:00:27-04:00,False,"5.03,7.01,9.01",OTHER
0000950170-25-102419,0001262104,"Lite Strategy, Inc.",2025-08-05,2025-08-05T08:05:27-04:00,False,"7.01,8.01,9.01",OTHER
0000950170-24-087841,0001262104,"Lite Strategy, Inc.",2024-07-30,2024-07-30T16:05:21-04:00,True,"7.01,9.01",PRESENTATION
0000950170-24-085347,0001262104,"Lite Strategy, Inc.",2024-07-22,2024-07-22T17:25:09-04:00,True,"2.05,5.02,7.01,9.01",OTHER
0000950170-24-062739,0001262104,"Lite Strategy, Inc.",2024-05-21,2024-05-21T13:00:22-04:00,False,"7.01,9.01",PRESENTATION
0001193125-23-268167,0001262104,"Lite Strategy, Inc.",2023-11-01,2023-11-01T16:01:55-04:00,True,"1.01,5.02,7.01,9.01",OTHER
0001193125-23-249423,0001262104,"Lite Strategy, Inc.",2023-10-03,2023-10-03T06:04:00-04:00,False,"1.01,3.03,5.03,7.01,9.01",OTHER
0001193125-23-169500,0001262104,"Lite Strategy, Inc.",2023-06-20,2023-06-20T06:08:07-04:00,False,"7.01,9.01",PRESENTATION
0001193125-23-068392,0001262104,"Lite Strategy, Inc.",2023-03-13,2023-03-13T06:05:30-04:00,False,7.01,OTHER
0001193125-23-046815,0001262104,"Lite Strategy, Inc.",2023-02-23,2023-02-23T17:25:46-05:00,True,"1.01,5.02,5.03,7.01,9.01",OTHER
0001193125-25-044830,0001534133,"CalciMedica, Inc.",2025-03-04,2025-03-04T07:05:24-05:00,False,"7.01,8.01,9.01",CLINICAL
0001193125-24-247004,0001534133,"CalciMedica, Inc.",2024-10-30,2024-10-30T07:24:04-04:00,False,"7.01,8.01,9.01",CLINICAL
0001193125-24-169805,0001534133,"CalciMedica, Inc.",2024-06-27,2024-06-27T08:45:55-04:00,False,"7.01,8.01,9.01",CLINICAL
0001193125-24-033981,0001534133,"CalciMedica, Inc.",2024-02-13,2024-02-13T17:30:00-05:00,True,"7.01,8.01,9.01",PRESENTATION
0001193125-23-167330,0001534133,"CalciMedica, Inc.",2023-06-15,2023-06-15T06:15:33-04:00,False,"7.01,9.01",PRESENTATION
0001193125-23-165409,0001534133,"CalciMedica, Inc.",2023-06-12,2023-06-12T17:02:53-04:00,True,"7.01,9.01",OTHER
0001564590-22-014650,0001534133,"CalciMedica, Inc.",2022-04-18,2022-04-18T16:48:17-04:00,True,"5.02,7.01,9.01",OTHER
0001213900-25-126825,0001074871,"Modular Medical, Inc.",2025-12-31,2025-12-31T08:47:40-05:00,False,"3.01,7.01,9.01",OTHER
0001213900-23-098330,0001074871,"Modular Medical, Inc.",2023-12-26,2023-12-22T19:36:21-05:00,True,"7.01,9.01",PRESENTATION
0001019056-22-000448,0001074871,"Modular Medical, Inc.",2022-06-13,2022-06-13T08:32:33-04:00,False,"7.01,9.01",PRESENTATION
0001019056-22-000231,0001074871,"Modular Medical, Inc.",2022-02-25,2022-02-24T19:52:42-05:00,True,"7.01,9.01",PRESENTATION
0001019056-21-000508,0001074871,"Modular Medical, Inc.",2021-09-30,2021-09-30T13:31:13-04:00,False,"7.01,9.01",PRESENTATION
0001493152-25-025491,0001401914,"Dare Bioscience, Inc.",2025-12-01,2025-12-01T08:01:48-05:00,False,"1.02,7.01,9.01",CLINICAL
0001493152-25-012516,0001401914,"Dare Bioscience, Inc.",2025-09-02,2025-09-02T08:00:48-04:00,False,"7.01,9.01",NO_TEXT
0001641172-25-018894,0001401914,"Dare Bioscience, Inc.",2025-07-14,2025-07-14T08:01:40-04:00,False,"7.01,8.01,9.01",CLINICAL
0001641172-25-014238,0001401914,"Dare Bioscience, Inc.",2025-06-09,2025-06-09T08:00:40-04:00,False,"7.01,9.01",NO_TEXT
0001493152-25-005533,0001401914,"Dare Bioscience, Inc.",2025-02-10,2025-02-10T08:01:08-05:00,False,"7.01,9.01",NO_TEXT
0001493152-25-001871,0001401914,"Dare Bioscience, Inc.",2025-01-13,2025-01-13T08:01:35-05:00,False,"7.01,9.01",NO_TEXT
0001493152-24-050117,0001401914,"Dare Bioscience, Inc.",2024-12-16,2024-12-16T08:05:12-05:00,False,"7.01,8.01,9.01",REGULATORY
0001493152-24-042455,0001401914,"Dare Bioscience, Inc.",2024-10-25,2024-10-25T08:01:13-04:00,False,"7.01,9.01",NO_TEXT
0001493152-24-042193,0001401914,"Dare Bioscience, Inc.",2024-10-23,2024-10-23T12:31:39-04:00,False,"1.01,7.01,9.01",OTHER
0001493152-24-041796,0001401914,"Dare Bioscience, Inc.",2024-10-21,2024-10-21T17:00:35-04:00,True,"1.01,3.02,7.01,9.01",OTHER
0001493152-24-028443,0001401914,"Dare Bioscience, Inc.",2024-07-19,2024-07-19T08:05:26-04:00,False,"7.01,8.01,9.01",INVALID:COMPLIANCE
0001493152-24-025435,0001401914,"Dare Bioscience, Inc.",2024-06-27,2024-06-27T16:15:21-04:00,True,"3.03,5.03,7.01,8.01,9.01",OTHER
0001493152-24-017147,0001401914,"Dare Bioscience, Inc.",2024-04-30,2024-04-30T07:45:36-04:00,False,"1.01,2.01,2.03,7.01,9.01",OTHER
0001493152-24-003984,0001401914,"Dare Bioscience, Inc.",2024-01-26,2024-01-26T17:15:12-05:00,True,"5.02,7.01,9.01",OTHER
0001493152-24-001663,0001401914,"Dare Bioscience, Inc.",2024-01-08,2024-01-08T08:00:38-05:00,False,"7.01,9.01",NO_TEXT
0001493152-23-046056,0001401914,"Dare Bioscience, Inc.",2023-12-26,2023-12-26T08:05:34-05:00,False,"1.01,2.03,3.02,7.01,9.01",OTHER
0001493152-23-045515,0001401914,"Dare Bioscience, Inc.",2023-12-20,2023-12-20T08:05:38-05:00,False,"7.01,8.01,9.01",CLINICAL
0001493152-23-038952,0001401914,"Dare Bioscience, Inc.",2023-11-01,2023-11-01T08:05:35-04:00,False,"7.01,8.01,9.01",CLINICAL
0001493152-23-037290,0001401914,"Dare Bioscience, Inc.",2023-10-16,2023-10-16T08:15:35-04:00,False,"7.01,8.01,9.01",OTHER
0001493152-23-032197,0001401914,"Dare Bioscience, Inc.",2023-09-11,2023-09-11T08:15:50-04:00,False,"7.01,9.01",NO_TEXT
0001493152-23-023364,0001401914,"Dare Bioscience, Inc.",2023-07-05,2023-07-05T08:05:17-04:00,False,"1.01,7.01,8.01,9.01",OTHER
0001493152-23-020081,0001401914,"Dare Bioscience, Inc.",2023-06-05,2023-06-05T08:05:32-04:00,False,"7.01,8.01,9.01",CLINICAL
0001493152-23-000904,0001401914,"Dare Bioscience, Inc.",2023-01-09,2023-01-09T08:05:44-05:00,False,"7.01,8.01,9.01",CLINICAL
0001493152-22-035118,0001401914,"Dare Bioscience, Inc.",2022-12-12,2022-12-12T08:05:18-05:00,False,"7.01,8.01,9.01",OTHER
0001493152-22-031629,0001401914,"Dare Bioscience, Inc.",2022-11-14,2022-11-14T08:05:35-05:00,False,"7.01,8.01,9.01",CLINICAL
0001493152-22-030305,0001401914,"Dare Bioscience, Inc.",2022-11-03,2022-11-03T09:15:44-04:00,False,"7.01,9.01",INVALID:I appreciate you providing the reference
0001493152-22-028519,0001401914,"Dare Bioscience, Inc.",2022-10-17,2022-10-17T08:05:49-04:00,False,"7.01,8.01,9.01",CLINICAL
0001493152-22-028049,0001401914,"Dare Bioscience, Inc.",2022-10-11,2022-10-11T09:00:17-04:00,False,"7.01,8.01,9.01",REGULATORY
0001493152-22-024228,0001401914,"Dare Bioscience, Inc.",2022-08-29,2022-08-29T08:05:32-04:00,False,"7.01,8.01,9.01",CLINICAL
0001493152-22-018170,0001401914,"Dare Bioscience, Inc.",2022-06-30,2022-06-30T08:05:27-04:00,False,"2.01,7.01,9.01",OTHER
0001493152-22-017652,0001401914,"Dare Bioscience, Inc.",2022-06-24,2022-06-24T08:05:38-04:00,False,"5.02,5.07,7.01,9.01",OTHER
0001401914-22-000022,0001401914,"Dare Bioscience, Inc.",2022-03-31,2022-03-31T07:28:54-04:00,False,"1.01,7.01,9.01",OTHER
0001401914-21-000114,0001401914,"Dare Bioscience, Inc.",2021-08-09,2021-08-09T08:07:49-04:00,False,"7.01,8.01,9.01",REGULATORY
0001401914-21-000112,0001401914,"Dare Bioscience, Inc.",2021-07-12,2021-07-09T17:34:03-04:00,True,"1.01,7.01,9.01",OTHER
0001401914-21-000064,0001401914,"Dare Bioscience, Inc.",2021-04-19,2021-04-19T08:54:50-04:00,False,"5.02,7.01,9.01",OTHER
0001401914-20-000124,0001401914,"Dare Bioscience, Inc.",2020-12-07,2020-12-07T08:09:06-05:00,False,"7.01,8.01,9.01",CLINICAL
0001401914-20-000007,0001401914,"Dare Bioscience, Inc.",2020-01-13,2020-01-13T07:17:59-05:00,False,"1.01,7.01,9.01",OTHER
0001401914-19-000097,0001401914,"Dare Bioscience, Inc.",2019-11-21,2019-11-21T09:08:56-05:00,False,"2.01,3.02,5.02,7.01,9.01",OTHER
0001401914-19-000088,0001401914,"Dare Bioscience, Inc.",2019-11-12,2019-11-12T07:34:31-05:00,False,"1.01,3.02,7.01,9.01",OTHER
0001411690-25-000008,0001411690,"Bionano Genomics, Inc.",2025-01-27,2025-01-27T16:05:39-05:00,True,"3.03,5.03,7.01,9.01",OTHER
0001140361-25-000296,0001411690,"Bionano Genomics, Inc.",2025-01-06,2025-01-06T07:10:36-05:00,False,"1.01,7.01,8.01,9.01",OTHER
0001140361-25-000132,0001411690,"Bionano Genomics, Inc.",2025-01-03,2025-01-03T08:30:17-05:00,False,"1.01,3.02,7.01,9.01",OTHER
0001140361-24-044715,0001411690,"Bionano Genomics, Inc.",2024-10-31,2024-10-31T08:50:00-04:00,False,"1.01,7.01,8.01,9.01",OTHER
0001140361-24-040508,0001411690,"Bionano Genomics, Inc.",2024-09-09,2024-09-09T08:00:18-04:00,False,"2.05,5.02,7.01,9.01",OTHER
0001140361-24-032559,0001411690,"Bionano Genomics, Inc.",2024-07-08,2024-07-08T06:16:32-04:00,False,"1.01,3.02,7.01,8.01,9.01",OTHER
0001140361-24-027553,0001411690,"Bionano Genomics, Inc.",2024-05-28,2024-05-28T08:15:32-04:00,False,"1.01,1.02,2.03,3.02,7.01,8.01,9.01",OTHER
0001140361-24-018181,0001411690,"Bionano Genomics, Inc.",2024-04-05,2024-04-05T09:29:33-04:00,False,"1.01,7.01,9.01",OTHER
0001140361-24-009930,0001411690,"Bionano Genomics, Inc.",2024-02-28,2024-02-28T08:16:10-05:00,False,"1.01,7.01,9.01",OTHER
0001140361-23-039417,0001411690,"Bionano Genomics, Inc.",2023-08-14,2023-08-14T08:10:43-04:00,False,"5.02,7.01,9.01",OTHER
0001140361-22-043313,0001411690,"Bionano Genomics, Inc.",2022-11-28,2022-11-28T17:02:16-05:00,True,"1.01,7.01,8.01,9.01",OTHER
0001140361-21-034291,0001411690,"Bionano Genomics, Inc.",2021-10-12,2021-10-12T08:05:44-04:00,False,"1.01,3.02,7.01,8.01,9.01",OTHER
0001628280-25-044223,0001516551,"Skye Bioscience, Inc.",2025-10-06,2025-10-06T08:18:06-04:00,False,"7.01,9.01",CLINICAL
0001516551-24-000085,0001516551,"Skye Bioscience, Inc.",2024-09-04,2024-09-04T17:59:16-04:00,True,"5.02,7.01,9.01",OTHER
0001516551-24-000064,0001516551,"Skye Bioscience, Inc.",2024-07-03,2024-07-03T07:05:55-04:00,False,"5.02,7.01,9.01",OTHER
0001516551-24-000052,0001516551,"Skye Bioscience, Inc.",2024-04-03,2024-04-03T17:07:54-04:00,True,"7.01,9.01",OTHER
0001516551-24-000002,0001516551,"Skye Bioscience, Inc.",2024-01-29,2024-01-29T08:02:44-05:00,False,"1.01,3.02,7.01,8.01,9.01",OTHER
0001516551-23-000073,0001516551,"Skye Bioscience, Inc.",2023-09-07,2023-09-07T13:15:02-04:00,False,"3.03,5.03,7.01,9.01",OTHER
0001516551-23-000046,0001516551,"Skye Bioscience, Inc.",2023-08-21,2023-08-21T08:36:49-04:00,False,"1.01,2.01,2.03,3.02,5.02,7.01,9.01",OTHER
0001516551-23-000016,0001516551,"Skye Bioscience, Inc.",2023-01-27,2023-01-26T21:22:29-05:00,True,"1.01,7.01,9.01",OTHER
0001516551-22-000033,0001516551,"Skye Bioscience, Inc.",2022-10-03,2022-10-03T17:14:53-04:00,True,"4.01,5.07,7.01,9.01",OTHER
0001516551-21-000009,0001516551,"Skye Bioscience, Inc.",2021-09-30,2021-09-29T19:29:45-04:00,True,"7.01,9.01",OTHER
0001640334-19-001000,0001516551,"Skye Bioscience, Inc.",2019-05-29,2019-05-29T16:53:17-04:00,True,"1.01,7.01,9.01",OTHER
0001640334-19-000347,0001516551,"Skye Bioscience, Inc.",2019-03-04,2019-03-04T16:53:05-05:00,True,"1.01,7.01,9.01",OTHER
0001493152-23-043009,0001716947,"Ensysce Biosciences, Inc.",2023-11-29,2023-11-29T09:24:43-05:00,False,"1.01,2.03,3.02,7.01,9.01",OTHER
0001493152-23-038049,0001716947,"Ensysce Biosciences, Inc.",2023-10-24,2023-10-24T07:59:13-04:00,False,"1.01,2.03,3.02,7.01,9.01",OTHER
0001493152-23-003270,0001716947,"Ensysce Biosciences, Inc.",2023-02-01,2023-02-01T13:17:34-05:00,False,"3.03,5.03,7.01,9.01",OTHER
0001493152-22-025380,0001716947,"Ensysce Biosciences, Inc.",2022-09-08,2022-09-08T16:39:30-04:00,True,"5.07,7.01,9.01",OTHER
0001493152-22-021792,0001716947,"Ensysce Biosciences, Inc.",2022-08-09,2022-08-09T17:14:28-04:00,True,"1.01,2.03,3.02,7.01,9.01",OTHER
0001493152-22-018686,0001716947,"Ensysce Biosciences, Inc.",2022-07-06,2022-07-06T16:15:38-04:00,True,"1.01,2.03,3.02,7.01,9.01",OTHER
0001493152-22-017194,0001716947,"Ensysce Biosciences, Inc.",2022-06-17,2022-06-17T17:22:12-04:00,True,"3.01,7.01",OTHER
0001493152-22-012251,0001716947,"Ensysce Biosciences, Inc.",2022-05-05,2022-05-05T16:29:27-04:00,True,"7.01,8.01,9.01",CLINICAL
0001493152-22-003481,0001716947,"Ensysce Biosciences, Inc.",2022-02-08,2022-02-08T16:28:37-05:00,True,"5.02,7.01,9.01",OTHER
0001493152-22-002364,0001716947,"Ensysce Biosciences, Inc.",2022-01-27,2022-01-27T08:24:44-05:00,False,"5.07,7.01,9.01",OTHER
0001493152-21-027784,0001716947,"Ensysce Biosciences, Inc.",2021-11-10,2021-11-10T10:40:04-05:00,False,"1.01,2.03,3.02,7.01,9.01",OTHER
0001493152-21-023828,0001716947,"Ensysce Biosciences, Inc.",2021-09-27,2021-09-27T13:47:19-04:00,False,"1.01,2.03,3.02,7.01,9.01",OTHER
0001493152-21-017401,0001716947,"Ensysce Biosciences, Inc.",2021-07-21,2021-07-21T08:50:48-04:00,False,"7.01,9.01",PRESENTATION
0001493152-21-016422,0001716947,"Ensysce Biosciences, Inc.",2021-07-08,2021-07-08T08:30:32-04:00,False,"7.01,9.01",OTHER
0001493152-21-015864,0001716947,"Ensysce Biosciences, Inc.",2021-07-01,2021-07-01T17:12:11-04:00,True,"7.01,9.01",OTHER
0001493152-21-015806,0001716947,"Ensysce Biosciences, Inc.",2021-07-01,2021-07-01T08:30:41-04:00,False,"7.01,8.01,9.01",OTHER
0001493152-21-013365,0001716947,"Ensysce Biosciences, Inc.",2021-06-01,2021-06-01T17:15:47-04:00,True,"3.01,7.01,9.01",OTHER
0001493152-21-010710,0001716947,"Ensysce Biosciences, Inc.",2021-05-07,2021-05-07T08:38:04-04:00,False,"7.01,9.01",OTHER
0001493152-21-009990,0001716947,"Ensysce Biosciences, Inc.",2021-04-29,2021-04-29T09:00:41-04:00,False,"7.01,9.01",REGULATORY
0001213900-21-010229,0001716947,"Ensysce Biosciences, Inc.",2021-02-18,2021-02-18T09:27:01-05:00,False,"7.01,9.01",OTHER
0001213900-21-006660,0001716947,"Ensysce Biosciences, Inc.",2021-02-04,2021-02-04T08:00:18-05:00,False,"7.01,9.01",PRESENTATION
0001213900-21-006308,0001716947,"Ensysce Biosciences, Inc.",2021-02-03,2021-02-03T07:01:03-05:00,False,"7.01,9.01",PRESENTATION
0001213900-21-006194,0001716947,"Ensysce Biosciences, Inc.",2021-02-02,2021-02-02T16:43:51-05:00,True,"7.01,9.01",NO_TEXT
0001213900-21-005594,0001716947,"Ensysce Biosciences, Inc.",2021-02-01,2021-02-01T08:17:37-05:00,False,"7.01,8.01,9.01",OTHER
0001193125-20-041309,0001716947,"Ensysce Biosciences, Inc.",2020-02-19,2020-02-19T07:02:21-05:00,False,"7.01,9.01",PRESENTATION
0001193125-20-031371,0001716947,"Ensysce Biosciences, Inc.",2020-02-11,2020-02-11T16:30:51-05:00,True,"7.01,9.01",PRESENTATION
0001213900-20-001823,0001716947,"Ensysce Biosciences, Inc.",2020-01-27,2020-01-27T07:01:05-05:00,False,"7.01,9.01",OTHER
0001213900-20-000519,0001716947,"Ensysce Biosciences, Inc.",2020-01-08,2020-01-08T16:18:49-05:00,True,"7.01,9.01",OTHER
0001213900-20-000367,0001716947,"Ensysce Biosciences, Inc.",2020-01-07,2020-01-07T16:02:18-05:00,True,"7.01,9.01",PRESENTATION
0001213900-20-000220,0001716947,"Ensysce Biosciences, Inc.",2020-01-06,2020-01-06T08:43:56-05:00,False,"7.01,8.01,9.01",OTHER
0001213900-19-027124,0001716947,"Ensysce Biosciences, Inc.",2019-12-30,2019-12-27T19:20:08-05:00,True,"7.01,9.01",OTHER
0001641172-25-011873,0001853816,"Dermata Therapeutics, Inc.",2025-05-21,2025-05-21T09:00:09-04:00,False,"7.01,8.01",OTHER
0001654954-25-004265,0001853816,"Dermata Therapeutics, Inc.",2025-04-15,2025-04-15T08:30:36-04:00,False,"7.01,8.01,9.01",CLINICAL
0001654954-25-003372,0001853816,"Dermata Therapeutics, Inc.",2025-03-27,2025-03-27T08:00:59-04:00,False,"7.01,8.01,9.01",CLINICAL
0001654954-25-000570,0001853816,"Dermata Therapeutics, Inc.",2025-01-21,2025-01-21T08:05:55-05:00,False,"1.01,7.01,9.01",OTHER
0001654954-23-007177,0001853816,"Dermata Therapeutics, Inc.",2023-05-24,2023-05-24T17:13:36-04:00,True,"1.01,3.02,7.01,9.01",OTHER
0001654954-23-003181,0001853816,"Dermata Therapeutics, Inc.",2023-03-20,2023-03-20T16:36:29-04:00,True,"1.01,7.01,9.01",OTHER
0001654954-22-016099,0001853816,"Dermata Therapeutics, Inc.",2022-12-05,2022-12-05T09:01:47-05:00,False,"7.01,8.01,9.01",CLINICAL
0001654954-22-000428,0001853816,"Dermata Therapeutics, Inc.",2022-01-13,2022-01-13T08:30:48-05:00,False,"5.02,7.01,9.01",OTHER
0001654954-21-012446,0001853816,"Dermata Therapeutics, Inc.",2021-11-19,2021-11-19T09:06:21-05:00,False,"7.01,8.01",CLINICAL
0001193125-21-263316,0001853816,"Dermata Therapeutics, Inc.",2021-09-01,2021-09-01T16:50:35-04:00,True,"5.02,7.01,9.01",OTHER
0001193125-25-337646,0001826892,"BioAtla, Inc.",2025-12-31,2025-12-31T07:15:24-05:00,False,"1.01,3.02,7.01,9.01",OTHER
0001193125-24-283212,0001826892,"BioAtla, Inc.",2024-12-20,2024-12-20T16:51:59-05:00,True,"1.01,7.01,9.01",OTHER
0001193125-24-282547,0001826892,"BioAtla, Inc.",2024-12-20,2024-12-20T08:50:36-05:00,False,"7.01,9.01",PRESENTATION
0001193125-24-004912,0001826892,"BioAtla, Inc.",2024-01-09,2024-01-09T09:01:12-05:00,False,"7.01,9.01",PRESENTATION
0001193125-23-293959,0001826892,"BioAtla, Inc.",2023-12-13,2023-12-13T08:31:30-05:00,False,"7.01,8.01,9.01",CLINICAL
0000950170-23-007213,0001826892,"BioAtla, Inc.",2023-03-10,2023-03-10T14:32:03-05:00,False,7.01,OTHER
0001193125-22-101666,0001826892,"BioAtla, Inc.",2022-04-11,2022-04-11T16:13:47-04:00,True,"7.01,9.01",PRESENTATION
0000950170-24-129750,0001510964,"CV Sciences, Inc.",2024-11-21,2024-11-21T16:38:16-05:00,True,"1.01,3.02,7.01,9.01",OTHER
0000950170-24-058981,0001510964,"CV Sciences, Inc.",2024-05-14,2024-05-13T19:38:58-04:00,True,"1.01,3.02,7.01",OTHER
0001510964-23-000042,0001510964,"CV Sciences, Inc.",2023-12-12,2023-12-12T09:36:49-05:00,False,"1.01,3.02,7.01,9.01",OTHER
0001510964-23-000003,0001510964,"CV Sciences, Inc.",2023-03-02,2023-03-02T16:34:16-05:00,True,"7.01,8.01,9.01",OTHER
0001510964-22-000076,0001510964,"CV Sciences, Inc.",2022-09-27,2022-09-27T16:08:08-04:00,True,"7.01,8.01,9.01",OTHER
0001510964-22-000072,0001510964,"CV Sciences, Inc.",2022-08-25,2022-08-24T19:04:33-04:00,True,"1.01,1.02,7.01,9.01",OTHER
0001510964-21-000082,0001510964,"CV Sciences, Inc.",2021-11-30,2021-11-30T17:13:18-05:00,True,"4.01,7.01,9.01",OTHER
0001510964-19-000057,0001510964,"CV Sciences, Inc.",2019-10-30,2019-10-30T16:01:35-04:00,True,"5.02,7.01,9.01",OTHER
0001510964-19-000054,0001510964,"CV Sciences, Inc.",2019-10-22,2019-10-22T16:20:21-04:00,True,"5.02,7.01,9.01",OTHER
0001510964-19-000049,0001510964,"CV Sciences, Inc.",2019-08-27,2019-08-27T16:07:28-04:00,True,"5.02,7.01,9.01",OTHER
0001510964-19-000009,0001510964,"CV Sciences, Inc.",2019-03-21,2019-03-21T16:58:06-04:00,True,"5.02,7.01,9.01",OTHER
0001683168-19-000034,0001510964,"CV Sciences, Inc.",2019-01-08,2019-01-08T08:45:13-05:00,False,"5.02,7.01,9.01",OTHER
0001193125-25-256367,0001810560,"REVELATION BIOSCIENCES, INC.",2025-10-29,2025-10-29T16:20:21-04:00,True,"7.01,9.01",OTHER
0001193125-25-240400,0001810560,"REVELATION BIOSCIENCES, INC.",2025-10-15,2025-10-15T17:06:30-04:00,True,"7.01,9.01",OTHER
0000950170-24-029611,0001810560,"REVELATION BIOSCIENCES, INC.",2024-03-12,2024-03-11T21:53:19-04:00,True,"7.01,8.01,9.01",CLINICAL
0000950170-24-008972,0001810560,"REVELATION BIOSCIENCES, INC.",2024-01-30,2024-01-30T17:21:32-05:00,True,"7.01,9.01",PRESENTATION
0000950170-23-053115,0001810560,"REVELATION BIOSCIENCES, INC.",2023-10-12,2023-10-12T16:26:53-04:00,True,"7.01,8.01,9.01",PRESENTATION
0000950170-23-051141,0001810560,"REVELATION BIOSCIENCES, INC.",2023-10-02,2023-10-02T16:24:12-04:00,True,"5.02,7.01,9.01",OTHER
0000950170-23-030766,0001810560,"REVELATION BIOSCIENCES, INC.",2023-06-29,2023-06-29T16:23:53-04:00,True,"7.01,9.01",OTHER
0000950170-23-027498,0001810560,"REVELATION BIOSCIENCES, INC.",2023-06-12,2023-06-12T16:20:49-04:00,True,"7.01,9.01",OTHER
0000950170-23-024262,0001810560,"REVELATION BIOSCIENCES, INC.",2023-05-25,2023-05-25T16:32:30-04:00,True,"7.01,9.01",PRESENTATION
0000950170-23-002652,0001810560,"REVELATION BIOSCIENCES, INC.",2023-02-13,2023-02-13T17:30:20-05:00,True,"1.01,3.03,7.01,9.01",OTHER
0000950170-23-001502,0001810560,"REVELATION BIOSCIENCES, INC.",2023-01-31,2023-01-31T17:09:13-05:00,True,"3.03,5.03,5.07,7.01,9.01",OTHER
0000950170-23-000613,0001810560,"REVELATION BIOSCIENCES, INC.",2023-01-10,2023-01-10T16:07:17-05:00,True,"7.01,9.01",PRESENTATION
0000950170-22-020014,0001810560,"REVELATION BIOSCIENCES, INC.",2022-10-25,2022-10-25T16:01:56-04:00,True,"7.01,9.01",OTHER
0000950170-22-019354,0001810560,"REVELATION BIOSCIENCES, INC.",2022-10-06,2022-10-06T16:02:13-04:00,True,"7.01,9.01",PRESENTATION
0001213900-22-012515,0001810560,"REVELATION BIOSCIENCES, INC.",2022-03-15,2022-03-15T15:09:52-04:00,False,"7.01,9.01",PRESENTATION
0001213900-22-006506,0001810560,"REVELATION BIOSCIENCES, INC.",2022-02-11,2022-02-10T17:45:44-05:00,True,"7.01,9.01",PRESENTATION
0001213900-22-003972,0001810560,"REVELATION BIOSCIENCES, INC.",2022-01-27,2022-01-27T16:05:17-05:00,True,"1.01,3.02,7.01,9.01",OTHER
0001213900-22-001924,0001810560,"REVELATION BIOSCIENCES, INC.",2022-01-13,2022-01-13T15:53:16-05:00,False,"7.01,9.01",PRESENTATION
0001213900-21-067371,0001810560,"REVELATION BIOSCIENCES, INC.",2021-12-23,2021-12-23T17:27:56-05:00,True,"1.01,2.03,7.01,8.01,9.01",OTHER
0001213900-21-052510,0001810560,"REVELATION BIOSCIENCES, INC.",2021-10-13,2021-10-12T20:39:20-04:00,True,"5.03,5.07,7.01,9.01",OTHER
0001213900-21-045753,0001810560,"REVELATION BIOSCIENCES, INC.",2021-08-31,2021-08-31T06:06:31-04:00,False,"7.01,9.01",OTHER
0001824293-25-000126,0001824293,"GRI Bio, Inc.",2025-08-20,2025-08-20T09:28:49-04:00,False,"7.01,9.01",PRESENTATION
0001824293-25-000082,0001824293,"GRI Bio, Inc.",2025-06-26,2025-06-26T08:01:08-04:00,False,"7.01,9.01",CLINICAL
0001824293-24-000014,0001824293,"GRI Bio, Inc.",2024-01-16,2024-01-16T08:45:50-05:00,False,"7.01,9.01",PRESENTATION
0001824293-23-000166,0001824293,"GRI Bio, Inc.",2023-11-01,2023-11-01T08:45:57-04:00,False,7.01,PRESENTATION
0001824293-23-000161,0001824293,"GRI Bio, Inc.",2023-08-25,2023-08-25T16:42:52-04:00,True,"7.01,9.01",PRESENTATION
0001824293-23-000114,0001824293,"GRI Bio, Inc.",2023-04-27,2023-04-27T08:40:36-04:00,False,"7.01,9.01",PRESENTATION
0001104659-21-029269,0001824293,"GRI Bio, Inc.",2021-02-26,2021-02-26T16:37:36-05:00,True,"7.01,9.01",PRESENTATION
0000950170-25-108447,0001497253,"VivoSim Labs, INC.",2025-08-14,2025-08-14T08:06:27-04:00,False,"5.02,7.01,9.01",OTHER
0000950170-25-057685,0001497253,"VivoSim Labs, INC.",2025-04-24,2025-04-24T08:30:13-04:00,False,"5.03,7.01,8.01,9.01",OTHER
0000950170-25-056974,0001497253,"VivoSim Labs, INC.",2025-04-23,2025-04-23T08:06:08-04:00,False,"7.01,9.01",OTHER
0000950170-25-045740,0001497253,"VivoSim Labs, INC.",2025-03-27,2025-03-27T08:05:09-04:00,False,"7.01,9.01",OTHER
0000950170-25-041749,0001497253,"VivoSim Labs, INC.",2025-03-19,2025-03-19T08:06:08-04:00,False,"7.01,9.01",OTHER
0000950170-24-050906,0001497253,"VivoSim Labs, INC.",2024-05-01,2024-05-01T08:05:17-04:00,False,"7.01,9.01",PRESENTATION
0000950170-24-011954,0001497253,"VivoSim Labs, INC.",2024-02-07,2024-02-07T08:05:17-05:00,False,"7.01,9.01",PRESENTATION
0001564590-22-007614,0001497253,"VivoSim Labs, INC.",2022-02-28,2022-02-28T16:07:30-05:00,True,"1.01,7.01,9.01",OTHER
0001493152-25-021418,0001855485,"Calidi Biotherapeutics, Inc.",2025-11-10,2025-11-10T08:30:53-05:00,False,"7.01,8.01,9.01",CLINICAL
0001493152-25-019353,0001855485,"Calidi Biotherapeutics, Inc.",2025-10-24,2025-10-24T17:16:07-04:00,True,"7.01,8.01,9.01",OTHER
0001641172-25-026066,0001855485,"Calidi Biotherapeutics, Inc.",2025-08-29,2025-08-29T17:20:03-04:00,True,"7.01,9.01",NO_TEXT
0001641172-25-021039,0001855485,"Calidi Biotherapeutics, Inc.",2025-07-25,2025-07-25T17:00:32-04:00,True,"5.02,7.01,8.01,9.01",OTHER
0001641172-25-018553,0001855485,"Calidi Biotherapeutics, Inc.",2025-07-10,2025-07-10T13:02:07-04:00,False,"1.01,3.02,7.01,9.01",OTHER
0001641172-25-005777,0001855485,"Calidi Biotherapeutics, Inc.",2025-04-23,2025-04-23T08:10:13-04:00,False,"1.01,5.02,7.01,8.01,9.01",OTHER
0001641172-25-003501,0001855485,"Calidi Biotherapeutics, Inc.",2025-04-10,2025-04-09T21:57:43-04:00,True,"7.01,9.01",OTHER
0001493152-25-009731,0001855485,"Calidi Biotherapeutics, Inc.",2025-03-10,2025-03-10T17:21:53-04:00,True,"7.01,9.01",OTHER
0001493152-25-001567,0001855485,"Calidi Biotherapeutics, Inc.",2025-01-10,2025-01-10T08:30:38-05:00,False,"1.01,3.02,7.01,8.01,9.01",OTHER
0001493152-24-046434,0001855485,"Calidi Biotherapeutics, Inc.",2024-11-18,2024-11-18T08:10:35-05:00,False,"7.01,9.01",PRESENTATION
0001493152-24-041633,0001855485,"Calidi Biotherapeutics, Inc.",2024-10-18,2024-10-18T17:29:57-04:00,True,"7.01,9.01",NO_TEXT
0001493152-24-041623,0001855485,"Calidi Biotherapeutics, Inc.",2024-10-18,2024-10-18T17:25:48-04:00,True,"3.01,7.01,9.01",OTHER
0001493152-24-038718,0001855485,"Calidi Biotherapeutics, Inc.",2024-09-30,2024-09-30T09:10:10-04:00,False,"7.01,9.01",REGULATORY
0001493152-24-035939,0001855485,"Calidi Biotherapeutics, Inc.",2024-09-12,2024-09-12T06:12:24-04:00,False,"7.01,9.01",PRESENTATION
0001493152-24-033579,0001855485,"Calidi Biotherapeutics, Inc.",2024-08-22,2024-08-22T17:16:09-04:00,True,"7.01,9.01",PRESENTATION
0001493152-24-029384,0001855485,"Calidi Biotherapeutics, Inc.",2024-07-29,2024-07-29T09:15:16-04:00,False,"1.01,3.02,7.01,9.01",OTHER
0001493152-24-026374,0001855485,"Calidi Biotherapeutics, Inc.",2024-07-05,2024-07-05T16:30:20-04:00,True,"7.01,9.01",OTHER
0001493152-24-022229,0001855485,"Calidi Biotherapeutics, Inc.",2024-05-31,2024-05-31T17:00:37-04:00,True,"1.01,3.02,7.01,9.01",OTHER
0001493152-24-015397,0001855485,"Calidi Biotherapeutics, Inc.",2024-04-19,2024-04-19T17:25:52-04:00,True,"7.01,9.01",NO_TEXT
0001493152-24-015390,0001855485,"Calidi Biotherapeutics, Inc.",2024-04-19,2024-04-19T17:20:14-04:00,True,"1.01,7.01,8.01,9.01",OTHER
0001493152-24-008203,0001855485,"Calidi Biotherapeutics, Inc.",2024-02-28,2024-02-28T16:42:45-05:00,True,"7.01,9.01",PRESENTATION
0001493152-24-001661,0001855485,"Calidi Biotherapeutics, Inc.",2024-01-08,2024-01-08T08:00:30-05:00,False,"7.01,9.01",PRESENTATION
0001493152-24-001163,0001855485,"Calidi Biotherapeutics, Inc.",2024-01-05,2024-01-05T08:00:32-05:00,False,"7.01,9.01",PRESENTATION
0001493152-23-045437,0001855485,"Calidi Biotherapeutics, Inc.",2023-12-19,2023-12-19T17:00:51-05:00,True,7.01,PRESENTATION
0001493152-23-038596,0001855485,"Calidi Biotherapeutics, Inc.",2023-10-30,2023-10-30T06:30:35-04:00,False,"1.01,5.02,7.01,9.01",OTHER
0001193125-23-213869,0001855485,"Calidi Biotherapeutics, Inc.",2023-08-16,2023-08-16T07:51:15-04:00,False,"7.01,9.01",PRESENTATION
0001193125-23-173151,0001855485,"Calidi Biotherapeutics, Inc.",2023-06-23,2023-06-23T07:41:03-04:00,False,"1.01,7.01,9.01",OTHER
0001193125-23-032729,0001855485,"Calidi Biotherapeutics, Inc.",2023-02-10,2023-02-10T16:41:14-05:00,True,"1.01,7.01,9.01",OTHER
0001193125-23-004705,0001855485,"Calidi Biotherapeutics, Inc.",2023-01-09,2023-01-09T15:37:28-05:00,False,"1.01,7.01,9.01",OTHER
0001193125-22-283885,0001855485,"Calidi Biotherapeutics, Inc.",2022-11-14,2022-11-14T09:16:03-05:00,False,"3.01,7.01,9.01",OTHER
0001193125-22-246494,0001855485,"Calidi Biotherapeutics, Inc.",2022-09-16,2022-09-16T17:18:05-04:00,True,"1.01,2.03,5.02,5.03,5.07,7.01,9.01",NO_TEXT
0001640334-25-001766,0001621221,"ARTELO BIOSCIENCES, INC.",2025-10-01,2025-10-01T17:28:39-04:00,True,"1.01,7.01,9.01",OTHER
0001640334-25-001642,0001621221,"ARTELO BIOSCIENCES, INC.",2025-09-05,2025-09-05T17:15:32-04:00,True,"1.01,7.01,9.01",OTHER
0001640334-25-001334,0001621221,"ARTELO BIOSCIENCES, INC.",2025-08-04,2025-08-04T07:39:05-04:00,False,"1.01,3.02,7.01,8.01,9.01",REGULATORY
0001640334-25-001062,0001621221,"ARTELO BIOSCIENCES, INC.",2025-06-26,2025-06-26T08:00:25-04:00,False,"1.01,3.02,7.01,9.01",OTHER
0001640334-23-000334,0001621221,"ARTELO BIOSCIENCES, INC.",2023-03-13,2023-03-13T06:17:41-04:00,False,7.01,OTHER
0001640334-19-002370,0001621221,"ARTELO BIOSCIENCES, INC.",2019-11-15,2019-11-15T16:56:19-05:00,True,"7.01,9.01",PRESENTATION
0001683168-25-008953,0000882291,AETHLON MEDICAL INC,2025-12-08,2025-12-05T18:03:31-05:00,True,"1.01,3.03,7.01,9.01",OTHER
0001683168-25-006360,0000882291,AETHLON MEDICAL INC,2025-08-21,2025-08-21T14:34:05-04:00,False,"7.01,9.01",PRESENTATION
0001683168-21-000070,0000882291,AETHLON MEDICAL INC,2021-01-11,2021-01-11T09:00:08-05:00,False,"7.01,9.01",PRESENTATION
0001493152-25-018687,0001618835,"Evofem Biosciences, Inc.",2025-10-20,2025-10-20T17:22:48-04:00,True,"1.02,5.07,7.01,9.01",OTHER
0001641172-25-011962,0001618835,"Evofem Biosciences, Inc.",2025-05-22,2025-05-22T06:05:34-04:00,False,"1.01,7.01,9.01",OTHER
0001493152-24-028818,0001618835,"Evofem Biosciences, Inc.",2024-07-23,2024-07-23T16:30:11-04:00,True,"1.01,3.02,7.01,9.01",OTHER
0001493152-24-028280,0001618835,"Evofem Biosciences, Inc.",2024-07-18,2024-07-18T08:15:48-04:00,False,"7.01,9.01",NO_TEXT
0001493152-24-011787,0001618835,"Evofem Biosciences, Inc.",2024-03-28,2024-03-28T17:11:11-04:00,True,"7.01,9.01",NO_TEXT
0001493152-23-044597,0001618835,"Evofem Biosciences, Inc.",2023-12-12,2023-12-12T17:17:03-05:00,True,"1.01,1.02,5.03,7.01,9.01",OTHER
0001493152-23-030365,0001618835,"Evofem Biosciences, Inc.",2023-08-28,2023-08-28T16:30:17-04:00,True,"7.01,9.01",NO_TEXT
0001493152-23-017984,0001618835,"Evofem Biosciences, Inc.",2023-05-17,2023-05-17T17:13:44-04:00,True,"5.03,7.01,9.01",OTHER
0001493152-23-012220,0001618835,"Evofem Biosciences, Inc.",2023-04-14,2023-04-14T09:05:24-04:00,False,"5.02,7.01,9.01",OTHER
0001618835-23-000015,0001618835,"Evofem Biosciences, Inc.",2023-03-10,2023-03-10T17:27:45-05:00,True,"2.04,7.01",OTHER
0001618835-23-000014,0001618835,"Evofem Biosciences, Inc.",2023-03-09,2023-03-09T16:01:52-05:00,True,"1.01,5.02,7.01",OTHER
0001618835-22-000189,0001618835,"Evofem Biosciences, Inc.",2022-10-05,2022-10-05T16:05:16-04:00,True,"7.01,9.01",PRESENTATION
0001618835-22-000153,0001618835,"Evofem Biosciences, Inc.",2022-08-04,2022-08-04T17:01:52-04:00,True,"7.01,9.01",PRESENTATION
0001618835-22-000128,0001618835,"Evofem Biosciences, Inc.",2022-05-26,2022-05-26T14:16:53-04:00,False,"7.01,9.01",PRESENTATION
0001618835-22-000112,0001618835,"Evofem Biosciences, Inc.",2022-05-12,2022-05-12T08:01:41-04:00,False,"7.01,9.01",PRESENTATION
0001618835-22-000016,0001618835,"Evofem Biosciences, Inc.",2022-02-15,2022-02-15T16:10:39-05:00,True,"7.01,9.01",PRESENTATION
0001618835-21-000258,0001618835,"Evofem Biosciences, Inc.",2021-12-09,2021-12-09T08:00:32-05:00,False,"7.01,9.01",OTHER
0001618835-21-000241,0001618835,"Evofem Biosciences, Inc.",2021-11-15,2021-11-15T16:25:50-05:00,True,"7.01,9.01",OTHER
0001618835-21-000209,0001618835,"Evofem Biosciences, Inc.",2021-10-06,2021-10-06T08:02:57-04:00,False,"7.01,9.01",PRESENTATION
0001618835-21-000190,0001618835,"Evofem Biosciences, Inc.",2021-09-10,2021-09-10T08:38:53-04:00,False,"7.01,9.01",PRESENTATION
0001618835-21-000142,0001618835,"Evofem Biosciences, Inc.",2021-06-04,2021-06-04T10:30:24-04:00,False,"7.01,9.01",PRESENTATION
0001618835-21-000091,0001618835,"Evofem Biosciences, Inc.",2021-04-07,2021-04-07T16:52:50-04:00,True,"7.01,9.01",PRESENTATION
0001618835-21-000049,0001618835,"Evofem Biosciences, Inc.",2021-03-08,2021-03-08T08:57:51-05:00,False,"7.01,9.01",OTHER
0001618835-21-000046,0001618835,"Evofem Biosciences, Inc.",2021-03-04,2021-03-04T16:29:41-05:00,True,"7.01,9.01",PRESENTATION
0001618835-21-000022,0001618835,"Evofem Biosciences, Inc.",2021-02-22,2021-02-22T06:12:00-05:00,False,"7.01,9.01",PRESENTATION
0001618835-21-000018,0001618835,"Evofem Biosciences, Inc.",2021-02-05,2021-02-05T08:02:21-05:00,False,"7.01,9.01",PRESENTATION
0001618835-20-000250,0001618835,"Evofem Biosciences, Inc.",2020-12-01,2020-12-01T16:05:33-05:00,True,"7.01,9.01",PRESENTATION
0001618835-20-000244,0001618835,"Evofem Biosciences, Inc.",2020-11-18,2020-11-18T17:04:39-05:00,True,"7.01,9.01",PRESENTATION
0001618835-20-000222,0001618835,"Evofem Biosciences, Inc.",2020-09-14,2020-09-14T15:21:07-04:00,False,"7.01,9.01",PRESENTATION
0001618835-20-000007,0001618835,"Evofem Biosciences, Inc.",2020-01-10,2020-01-10T16:06:55-05:00,True,"7.01,9.01",PRESENTATION
0001618835-19-000160,0001618835,"Evofem Biosciences, Inc.",2019-09-04,2019-09-04T09:07:52-04:00,False,"7.01,9.01",PRESENTATION
0001618835-19-000005,0001618835,"Evofem Biosciences, Inc.",2019-01-07,2019-01-07T06:11:02-05:00,False,"7.01,9.01",PRESENTATION
0001096906-22-002280,0001514946,"AXIM BIOTECHNOLOGIES, INC.",2022-09-19,2022-09-19T12:14:42-04:00,False,"1.01,7.01,9.01",OTHER
0001096906-22-000524,0001514946,"AXIM BIOTECHNOLOGIES, INC.",2022-03-09,2022-03-09T11:37:53-05:00,False,"1.02,7.01,9.01",OTHER
0001096906-21-001784,0001514946,"AXIM BIOTECHNOLOGIES, INC.",2021-08-04,2021-08-03T14:02:08-04:00,False,"1.01,7.01,9.01",OTHER
0001078782-20-000320,0001514946,"AXIM BIOTECHNOLOGIES, INC.",2020-05-13,2020-05-12T17:29:40-04:00,True,"7.01,8.01,9.01",OTHER
0001078782-20-000186,0001514946,"AXIM BIOTECHNOLOGIES, INC.",2020-03-19,2020-03-18T17:24:50-04:00,True,"1.01,2.01,3.02,7.01,9.01",OTHER
0001078782-20-000007,0001514946,"AXIM BIOTECHNOLOGIES, INC.",2020-01-08,2020-01-08T09:26:21-05:00,False,"1.01,7.01,9.01",OTHER
0001078782-19-000576,0001514946,"AXIM BIOTECHNOLOGIES, INC.",2019-07-09,2019-07-09T11:39:25-04:00,False,"1.01,7.01,9.01",OTHER
0001078782-19-000493,0001514946,"AXIM BIOTECHNOLOGIES, INC.",2019-06-04,2019-06-03T15:02:52-04:00,False,"1.01,7.01,9.01",OTHER
0001078782-19-000366,0001514946,"AXIM BIOTECHNOLOGIES, INC.",2019-04-23,2019-04-23T12:58:40-04:00,False,"1.01,7.01,9.01",OTHER
0001078782-19-000294,0001514946,"AXIM BIOTECHNOLOGIES, INC.",2019-04-04,2019-04-04T08:07:06-04:00,False,"5.02,7.01",OTHER
0001078782-19-000057,0001514946,"AXIM BIOTECHNOLOGIES, INC.",2019-01-15,2019-01-15T06:25:31-05:00,False,"7.01,9.01",PRESENTATION
0001078782-19-000021,0001514946,"AXIM BIOTECHNOLOGIES, INC.",2019-01-08,2019-01-08T05:16:37-05:00,False,"5.02,7.01,9.01",OTHER
0001093557-23-000222,0001093557,DEXCOM INC,2023-11-02,2023-11-02T16:19:16-04:00,True,8.01,OTHER
0001093557-23-000218,0001093557,DEXCOM INC,2023-10-26,2023-10-26T16:04:04-04:00,True,8.01,OTHER
0001093557-23-000191,0001093557,DEXCOM INC,2023-08-28,2023-08-28T08:41:53-04:00,False,"5.02,8.01,9.01",OTHER
0001193125-23-137248,0001093557,DEXCOM INC,2023-05-05,2023-05-05T17:16:52-04:00,True,"1.01,2.03,3.02,8.01,9.01",OTHER
0001193125-23-133137,0001093557,DEXCOM INC,2023-05-03,2023-05-03T07:19:12-04:00,False,"8.01,9.01",OTHER
0001193125-23-131265,0001093557,DEXCOM INC,2023-05-02,2023-05-02T07:16:00-04:00,False,"8.01,9.01",OTHER
0001093557-22-000151,0001093557,DEXCOM INC,2022-08-05,2022-08-05T16:52:04-04:00,True,8.01,OTHER
0001093557-22-000145,0001093557,DEXCOM INC,2022-07-28,2022-07-28T16:23:27-04:00,True,8.01,OTHER
0001193125-21-336940,0001093557,DEXCOM INC,2021-11-22,2021-11-22T17:03:02-05:00,True,"8.01,9.01",OTHER
0001193125-21-205018,0001093557,DEXCOM INC,2021-07-01,2021-06-30T18:58:00-04:00,True,8.01,OTHER
0001093557-20-000278,0001093557,DEXCOM INC,2020-10-13,2020-10-13T10:50:00-04:00,False,"5.02,8.01,9.01",OTHER
0001193125-20-217131,0001093557,DEXCOM INC,2020-08-12,2020-08-12T09:13:55-04:00,False,"5.02,8.01,9.01",OTHER
0001193125-20-182596,0001093557,DEXCOM INC,2020-06-29,2020-06-29T18:28:19-04:00,True,"8.01,9.01",OTHER
0001193125-20-143408,0001093557,DEXCOM INC,2020-05-15,2020-05-15T08:07:11-04:00,False,"1.01,2.03,3.02,8.01,9.01",OTHER
0001193125-20-139830,0001093557,DEXCOM INC,2020-05-12,2020-05-12T07:50:10-04:00,False,"8.01,9.01",OTHER
0001193125-20-138228,0001093557,DEXCOM INC,2020-05-11,2020-05-11T07:13:39-04:00,False,"8.01,9.01",OTHER
0001093557-19-000209,0001093557,DEXCOM INC,2019-09-18,2019-09-17T18:29:13-04:00,True,"5.02,8.01",OTHER
0001193125-25-297576,0001110803,"ILLUMINA, INC.",2025-11-25,2025-11-25T17:06:36-05:00,True,"8.01,9.01",OTHER
0001193125-25-277870,0001110803,"ILLUMINA, INC.",2025-11-12,2025-11-12T16:59:57-05:00,True,"8.01,9.01",OTHER
0001193125-25-144290,0001110803,"ILLUMINA, INC.",2025-06-23,2025-06-23T09:24:49-04:00,False,"1.01,8.01,9.01",OTHER
0001193125-24-215883,0001110803,"ILLUMINA, INC.",2024-09-09,2024-09-09T16:02:31-04:00,True,"1.02,8.01,9.01",OTHER
0001193125-24-214335,0001110803,"ILLUMINA, INC.",2024-09-05,2024-09-05T17:27:02-04:00,True,8.01,OTHER
0001193125-24-167025,0001110803,"ILLUMINA, INC.",2024-06-24,2024-06-24T17:00:58-04:00,True,"1.01,2.01,8.01,9.01",OTHER
0001193125-24-153239,0001110803,"ILLUMINA, INC.",2024-06-03,2024-06-03T17:25:32-04:00,True,"2.05,8.01",OTHER
0000950157-23-000577,0001110803,"ILLUMINA, INC.",2023-05-25,2023-05-25T16:58:28-04:00,True,"8.01,9.01",OTHER
0001193125-22-303832,0001110803,"ILLUMINA, INC.",2022-12-13,2022-12-13T16:31:01-05:00,True,"8.01,9.01",OTHER
0001193125-22-296685,0001110803,"ILLUMINA, INC.",2022-12-01,2022-12-01T17:22:57-05:00,True,8.01,OTHER
0000950157-22-000997,0001110803,"ILLUMINA, INC.",2022-09-06,2022-09-06T17:13:40-04:00,True,"8.01,9.01",OTHER
0001110803-22-000035,0001110803,"ILLUMINA, INC.",2022-07-14,2022-07-14T16:02:53-04:00,True,"8.01,9.01",OTHER
0001110803-22-000026,0001110803,"ILLUMINA, INC.",2022-05-06,2022-05-06T17:12:11-04:00,True,"8.01,9.01",OTHER
0000950157-21-001099,0001110803,"ILLUMINA, INC.",2021-10-15,2021-10-14T21:08:51-04:00,True,"8.01,9.01",OTHER
0000950157-21-000850,0001110803,"ILLUMINA, INC.",2021-08-18,2021-08-18T17:05:26-04:00,True,"1.01,2.01,2.03,8.01,9.01",OTHER
0001193125-21-089600,0001110803,"ILLUMINA, INC.",2021-03-22,2021-03-22T16:31:09-04:00,True,"8.01,9.01",OTHER
0000950157-21-000344,0001110803,"ILLUMINA, INC.",2021-03-16,2021-03-16T16:21:27-04:00,True,8.01,OTHER
0001193125-21-079640,0001110803,"ILLUMINA, INC.",2021-03-12,2021-03-12T16:07:59-05:00,True,"8.01,9.01",OTHER
0000950157-21-000303,0001110803,"ILLUMINA, INC.",2021-03-04,2021-03-04T17:28:02-05:00,True,8.01,OTHER
0001110803-20-000066,0001110803,"ILLUMINA, INC.",2020-11-10,2020-11-09T18:50:24-05:00,True,8.01,OTHER
0000950157-20-001121,0001110803,"ILLUMINA, INC.",2020-09-21,2020-09-21T09:27:21-04:00,False,"1.01,8.01,9.01",OTHER
0001110803-19-000060,0001110803,"ILLUMINA, INC.",2019-12-18,2019-12-18T16:19:00-05:00,True,8.01,OTHER
0001110803-19-000031,0001110803,"ILLUMINA, INC.",2019-06-18,2019-06-18T06:14:36-04:00,False,8.01,OTHER
0000914475-24-000229,0000914475,NEUROCRINE BIOSCIENCES INC,2024-12-20,2024-12-20T08:06:42-05:00,False,8.01,REGULATORY
0000914475-24-000214,0000914475,NEUROCRINE BIOSCIENCES INC,2024-11-01,2024-11-01T08:31:33-04:00,False,8.01,OTHER
0000914475-23-000078,0000914475,NEUROCRINE BIOSCIENCES INC,2023-11-13,2023-11-13T07:01:14-05:00,False,8.01,OTHER
0000914475-23-000075,0000914475,NEUROCRINE BIOSCIENCES INC,2023-11-09,2023-11-09T17:03:30-05:00,True,8.01,OTHER
0000914475-23-000067,0000914475,NEUROCRINE BIOSCIENCES INC,2023-10-06,2023-10-06T09:00:44-04:00,False,8.01,OTHER
0000914475-23-000065,0000914475,NEUROCRINE BIOSCIENCES INC,2023-10-05,2023-10-05T07:02:38-04:00,False,"8.01,9.01",CLINICAL
0000914475-23-000062,0000914475,NEUROCRINE BIOSCIENCES INC,2023-09-12,2023-09-12T07:31:30-04:00,False,"8.01,9.01",CLINICAL
0000914475-23-000023,0000914475,NEUROCRINE BIOSCIENCES INC,2023-03-29,2023-03-28T20:44:59-04:00,True,8.01,OTHER
0000914475-23-000016,0000914475,NEUROCRINE BIOSCIENCES INC,2023-02-24,2023-02-23T19:14:07-05:00,True,8.01,OTHER
0000914475-22-000035,0000914475,NEUROCRINE BIOSCIENCES INC,2022-06-01,2022-05-31T21:04:02-04:00,True,8.01,OTHER
0000914475-22-000032,0000914475,NEUROCRINE BIOSCIENCES INC,2022-05-25,2022-05-24T21:44:44-04:00,True,"8.01,9.01",OTHER
0000914475-21-000064,0000914475,NEUROCRINE BIOSCIENCES INC,2021-12-23,2021-12-23T08:00:49-05:00,False,8.01,OTHER
0000914475-21-000009,0000914475,NEUROCRINE BIOSCIENCES INC,2021-02-02,2021-02-02T16:04:20-05:00,True,8.01,OTHER
0000914475-20-000043,0000914475,NEUROCRINE BIOSCIENCES INC,2020-11-24,2020-11-24T08:02:21-05:00,False,8.01,OTHER
0000914475-20-000040,0000914475,NEUROCRINE BIOSCIENCES INC,2020-11-19,2020-11-19T08:07:53-05:00,False,"8.01,9.01",OTHER
0000914475-20-000005,0000914475,NEUROCRINE BIOSCIENCES INC,2020-07-28,2020-07-28T16:10:31-04:00,True,8.01,OTHER
0001193125-20-191864,0000914475,NEUROCRINE BIOSCIENCES INC,2020-07-13,2020-07-13T16:05:56-04:00,True,8.01,REGULATORY
0001159036-25-000049,0001159036,"HALOZYME THERAPEUTICS, INC.",2025-11-07,2025-11-07T08:02:52-05:00,False,"8.01,9.01",OTHER
0001159036-25-000047,0001159036,"HALOZYME THERAPEUTICS, INC.",2025-11-05,2025-11-05T16:59:47-05:00,True,"1.01,2.03,8.01,9.01",OTHER
0001159036-23-000051,0001159036,"HALOZYME THERAPEUTICS, INC.",2023-09-07,2023-09-07T07:14:46-04:00,False,8.01,OTHER
0001159036-23-000017,0001159036,"HALOZYME THERAPEUTICS, INC.",2023-03-13,2023-03-13T08:47:04-04:00,False,8.01,OTHER
0001193125-22-221861,0001159036,"HALOZYME THERAPEUTICS, INC.",2022-08-16,2022-08-16T08:42:32-04:00,False,"8.01,9.01",OTHER
0001193125-22-220557,0001159036,"HALOZYME THERAPEUTICS, INC.",2022-08-15,2022-08-15T07:18:34-04:00,False,"8.01,9.01",OTHER
0001193125-21-055596,0001159036,"HALOZYME THERAPEUTICS, INC.",2021-02-25,2021-02-25T06:06:02-05:00,False,"8.01,9.01",OTHER
0001193125-21-052372,0001159036,"HALOZYME THERAPEUTICS, INC.",2021-02-23,2021-02-23T16:16:29-05:00,True,"8.01,9.01",OTHER
0001193125-19-294791,0001159036,"HALOZYME THERAPEUTICS, INC.",2019-11-18,2019-11-18T17:02:04-05:00,True,"1.01,1.02,2.03,3.02,8.01,9.01",OTHER
0001193125-19-291625,0001159036,"HALOZYME THERAPEUTICS, INC.",2019-11-14,2019-11-14T06:06:11-05:00,False,"8.01,9.01",OTHER
0001193125-19-289955,0001159036,"HALOZYME THERAPEUTICS, INC.",2019-11-12,2019-11-12T16:15:10-05:00,True,"8.01,9.01",OTHER
0001193125-19-171015,0001159036,"HALOZYME THERAPEUTICS, INC.",2019-06-12,2019-06-12T13:40:30-04:00,False,8.01,OTHER
0001193125-25-284609,0000874015,IONIS PHARMACEUTICALS INC,2025-11-17,2025-11-17T16:06:20-05:00,True,"1.01,2.03,3.02,8.01,9.01",OTHER
0001140361-25-019620,0000874015,IONIS PHARMACEUTICALS INC,2025-05-19,2025-05-19T07:18:21-04:00,False,"8.01,9.01",CLINICAL
0001140361-24-050057,0000874015,IONIS PHARMACEUTICALS INC,2024-12-20,2024-12-20T14:28:21-05:00,False,"8.01,9.01",REGULATORY
0001193125-24-217333,0000874015,IONIS PHARMACEUTICALS INC,2024-09-12,2024-09-11T18:02:54-04:00,True,"8.01,9.01",OTHER
0001193125-24-215939,0000874015,IONIS PHARMACEUTICALS INC,2024-09-09,2024-09-09T16:33:00-04:00,True,8.01,OTHER
0001140361-24-028247,0000874015,IONIS PHARMACEUTICALS INC,2024-05-31,2024-05-31T07:15:31-04:00,False,"8.01,9.01",CLINICAL
0001140361-24-018449,0000874015,IONIS PHARMACEUTICALS INC,2024-04-08,2024-04-08T06:04:00-04:00,False,"8.01,9.01",CLINICAL
0001140361-24-002995,0000874015,IONIS PHARMACEUTICALS INC,2024-01-22,2024-01-22T07:10:32-05:00,False,"8.01,9.01",CLINICAL
0001140361-23-058974,0000874015,IONIS PHARMACEUTICALS INC,2023-12-22,2023-12-21T20:27:19-05:00,True,"8.01,9.01",REGULATORY
0001140361-23-045170,0000874015,IONIS PHARMACEUTICALS INC,2023-09-26,2023-09-26T07:05:21-04:00,False,"8.01,9.01",CLINICAL
0001140361-23-041038,0000874015,IONIS PHARMACEUTICALS INC,2023-08-23,2023-08-23T17:14:52-04:00,True,8.01,OTHER
0001140361-23-040746,0000874015,IONIS PHARMACEUTICALS INC,2023-08-22,2023-08-21T19:05:32-04:00,True,8.01,OTHER
0001140361-23-033840,0000874015,IONIS PHARMACEUTICALS INC,2023-07-10,2023-07-10T07:00:20-04:00,False,"8.01,9.01",CLINICAL
0001193125-23-165273,0000874015,IONIS PHARMACEUTICALS INC,2023-06-12,2023-06-12T16:03:53-04:00,True,"1.01,2.03,3.02,8.01,9.01",OTHER
0001193125-23-161613,0000874015,IONIS PHARMACEUTICALS INC,2023-06-06,2023-06-06T16:12:01-04:00,True,"8.01,9.01",OTHER
0001140361-23-020335,0000874015,IONIS PHARMACEUTICALS INC,2023-04-26,2023-04-25T20:40:57-04:00,True,"8.01,9.01",REGULATORY
0001140361-23-019757,0000874015,IONIS PHARMACEUTICALS INC,2023-04-24,2023-04-24T07:00:28-04:00,False,"8.01,9.01",CLINICAL
0001140361-23-013852,0000874015,IONIS PHARMACEUTICALS INC,2023-03-27,2023-03-27T06:01:29-04:00,False,"8.01,9.01",CLINICAL
0001140361-22-026294,0000874015,IONIS PHARMACEUTICALS INC,2022-07-19,2022-07-19T06:02:08-04:00,False,"8.01,9.01",OTHER
0001140361-22-023541,0000874015,IONIS PHARMACEUTICALS INC,2022-06-21,2022-06-21T06:03:49-04:00,False,"8.01,9.01",CLINICAL
0001140361-21-039298,0000874015,IONIS PHARMACEUTICALS INC,2021-11-24,2021-11-24T09:29:14-05:00,False,"8.01,9.01",CLINICAL
0001140361-21-034722,0000874015,IONIS PHARMACEUTICALS INC,2021-10-18,2021-10-18T14:31:14-04:00,False,"8.01,9.01",CLINICAL
0001193125-21-113586,0000874015,IONIS PHARMACEUTICALS INC,2021-04-13,2021-04-12T21:13:33-04:00,True,"1.01,2.03,3.02,8.01,9.01",OTHER
0001140361-21-009508,0000874015,IONIS PHARMACEUTICALS INC,2021-03-23,2021-03-22T19:40:05-04:00,True,"8.01,9.01",CLINICAL
0001140361-20-027746,0000874015,IONIS PHARMACEUTICALS INC,2020-12-09,2020-12-09T06:13:37-05:00,False,"8.01,9.01",PRESENTATION
0001193125-20-268017,0000874015,IONIS PHARMACEUTICALS INC,2020-10-13,2020-10-13T08:43:31-04:00,False,"2.01,8.01,9.01",OTHER
0001193125-20-235408,0000874015,IONIS PHARMACEUTICALS INC,2020-08-31,2020-08-31T07:05:04-04:00,False,"1.01,8.01,9.01",OTHER
0000950170-24-134342,0001658247,"Crinetics Pharmaceuticals, Inc.",2024-12-09,2024-12-09T08:07:20-05:00,False,"8.01,9.01",REGULATORY
0001193125-24-235275,0001658247,"Crinetics Pharmaceuticals, Inc.",2024-10-09,2024-10-09T17:13:00-04:00,True,"8.01,9.01",OTHER
0000950170-24-109644,0001658247,"Crinetics Pharmaceuticals, Inc.",2024-09-26,2024-09-26T16:23:06-04:00,True,"8.01,9.01",REGULATORY
0001193125-24-165903,0001658247,"Crinetics Pharmaceuticals, Inc.",2024-06-21,2024-06-21T17:24:56-04:00,True,"8.01,9.01",OTHER
0001193125-24-055935,0001658247,"Crinetics Pharmaceuticals, Inc.",2024-03-01,2024-03-01T16:07:02-05:00,True,"1.01,3.02,8.01,9.01",OTHER
0001193125-23-234504,0001658247,"Crinetics Pharmaceuticals, Inc.",2023-09-13,2023-09-13T17:23:02-04:00,True,"8.01,9.01",OTHER
0000950170-23-007454,0001658247,"Crinetics Pharmaceuticals, Inc.",2023-03-13,2023-03-13T08:30:58-04:00,False,8.01,OTHER
0000950170-22-025709,0001658247,"Crinetics Pharmaceuticals, Inc.",2022-11-28,2022-11-28T08:32:49-05:00,False,"8.01,9.01",REGULATORY
0000950170-22-019537,0001658247,"Crinetics Pharmaceuticals, Inc.",2022-10-13,2022-10-13T08:32:01-04:00,False,"8.01,9.01",OTHER
0001193125-22-104334,0001658247,"Crinetics Pharmaceuticals, Inc.",2022-04-13,2022-04-13T16:26:35-04:00,True,"8.01,9.01",OTHER
0000950170-22-004123,0001658247,"Crinetics Pharmaceuticals, Inc.",2022-03-18,2022-03-17T18:22:20-04:00,True,8.01,OTHER
0001564590-22-001071,0001658247,"Crinetics Pharmaceuticals, Inc.",2022-01-12,2022-01-12T07:35:16-05:00,False,8.01,PRESENTATION
0001564590-21-055080,0001658247,"Crinetics Pharmaceuticals, Inc.",2021-11-08,2021-11-08T08:53:24-05:00,False,8.01,CLINICAL
0001193125-21-304041,0001658247,"Crinetics Pharmaceuticals, Inc.",2021-10-21,2021-10-21T16:24:05-04:00,True,"8.01,9.01",OTHER
0001564590-21-051031,0001658247,"Crinetics Pharmaceuticals, Inc.",2021-10-18,2021-10-18T16:08:26-04:00,True,8.01,OTHER
0001564590-21-048956,0001658247,"Crinetics Pharmaceuticals, Inc.",2021-09-27,2021-09-27T07:54:38-04:00,False,8.01,OTHER
0001564590-21-034687,0001658247,"Crinetics Pharmaceuticals, Inc.",2021-06-28,2021-06-28T07:30:29-04:00,False,8.01,OTHER
0001193125-21-110225,0001658247,"Crinetics Pharmaceuticals, Inc.",2021-04-08,2021-04-08T16:09:56-04:00,True,"8.01,9.01",OTHER
0001564590-21-004179,0001658247,"Crinetics Pharmaceuticals, Inc.",2021-02-04,2021-02-04T07:00:23-05:00,False,8.01,CLINICAL
0001564590-21-003931,0001658247,"Crinetics Pharmaceuticals, Inc.",2021-02-03,2021-02-03T07:00:22-05:00,False,8.01,CLINICAL
0001564590-21-000325,0001658247,"Crinetics Pharmaceuticals, Inc.",2021-01-06,2021-01-06T07:00:28-05:00,False,8.01,PRESENTATION
0001564590-20-044046,0001658247,"Crinetics Pharmaceuticals, Inc.",2020-09-21,2020-09-21T07:30:13-04:00,False,8.01,REGULATORY
0001193125-20-108092,0001658247,"Crinetics Pharmaceuticals, Inc.",2020-04-15,2020-04-15T16:06:13-04:00,True,"8.01,9.01",OTHER
0001193125-25-331244,0001326110,"ImmunityBio, Inc.",2025-12-29,2025-12-23T19:25:40-05:00,True,"1.01,8.01,9.01",OTHER
0001326110-25-000143,0001326110,"ImmunityBio, Inc.",2025-12-12,2025-12-12T07:01:54-05:00,False,"8.01,9.01",REGULATORY
0001193125-25-177024,0001326110,"ImmunityBio, Inc.",2025-08-08,2025-08-08T16:30:53-04:00,True,"8.01,9.01",OTHER
0001193125-25-112057,0001326110,"ImmunityBio, Inc.",2025-05-05,2025-05-05T07:15:22-04:00,False,"8.01,9.01",REGULATORY
0001193125-24-274871,0001326110,"ImmunityBio, Inc.",2024-12-11,2024-12-11T07:46:30-05:00,False,"1.01,8.01,9.01",OTHER
0001193125-24-274438,0001326110,"ImmunityBio, Inc.",2024-12-10,2024-12-10T17:28:29-05:00,True,"8.01,9.01",OTHER
0001326110-24-000115,0001326110,"ImmunityBio, Inc.",2024-11-19,2024-11-19T08:01:45-05:00,False,"8.01,9.01",CLINICAL
0001326110-24-000003,0001326110,"ImmunityBio, Inc.",2024-01-02,2024-01-02T06:08:31-05:00,False,"1.01,2.03,3.02,8.01,9.01",OTHER
0001326110-23-000121,0001326110,"ImmunityBio, Inc.",2023-09-11,2023-09-11T06:25:05-04:00,False,"1.01,2.03,3.02,8.01,9.01",OTHER
0001326110-23-000112,0001326110,"ImmunityBio, Inc.",2023-09-01,2023-09-01T08:30:58-04:00,False,"8.01,9.01",OTHER
0001326110-23-000102,0001326110,"ImmunityBio, Inc.",2023-08-15,2023-08-15T16:15:56-04:00,True,"8.01,9.01",OTHER
0001193125-23-190491,0001326110,"ImmunityBio, Inc.",2023-07-20,2023-07-20T16:07:29-04:00,True,"8.01,9.01",OTHER
0001326110-23-000063,0001326110,"ImmunityBio, Inc.",2023-05-11,2023-05-11T06:45:11-04:00,False,"8.01,9.01",REGULATORY
0001326110-23-000023,0001326110,"ImmunityBio, Inc.",2023-03-20,2023-03-20T08:31:31-04:00,False,"8.01,9.01",REGULATORY
0001326110-23-000014,0001326110,"ImmunityBio, Inc.",2023-02-13,2023-02-13T08:02:31-05:00,False,"8.01,9.01",OTHER
0001326110-22-000076,0001326110,"ImmunityBio, Inc.",2022-12-05,2022-12-05T10:51:43-05:00,False,"8.01,9.01",OTHER
0001193125-21-190551,0001326110,"ImmunityBio, Inc.",2021-06-15,2021-06-15T07:11:00-04:00,False,"5.07,8.01,9.01",REGULATORY
0001193125-21-057184,0001326110,"ImmunityBio, Inc.",2021-02-25,2021-02-25T17:15:13-05:00,True,8.01,OTHER
0001193125-21-054808,0001326110,"ImmunityBio, Inc.",2021-02-24,2021-02-24T16:59:07-05:00,True,"8.01,9.01",OTHER
0001193125-20-322298,0001326110,"ImmunityBio, Inc.",2020-12-21,2020-12-21T07:23:00-05:00,False,"8.01,9.01",CLINICAL
0001193125-20-179095,0001326110,"ImmunityBio, Inc.",2020-06-25,2020-06-25T16:28:03-04:00,True,"8.01,9.01",OTHER
0001193125-20-177788,0001326110,"ImmunityBio, Inc.",2020-06-24,2020-06-24T17:26:38-04:00,True,"8.01,9.01",OTHER
0001193125-19-169172,0001326110,"ImmunityBio, Inc.",2019-06-10,2019-06-10T16:04:01-04:00,True,"8.01,9.01",OTHER
0001438533-25-000049,0001438533,"Travere Therapeutics, Inc.",2025-09-10,2025-09-10T07:05:26-04:00,False,8.01,REGULATORY
0001438533-25-000032,0001438533,"Travere Therapeutics, Inc.",2025-05-15,2025-05-15T16:29:26-04:00,True,8.01,REGULATORY
0001438533-25-000020,0001438533,"Travere Therapeutics, Inc.",2025-04-30,2025-04-29T17:54:56-04:00,True,8.01,REGULATORY
0001438533-25-000012,0001438533,"Travere Therapeutics, Inc.",2025-03-17,2025-03-17T16:57:21-04:00,True,8.01,REGULATORY
0001438533-25-000004,0001438533,"Travere Therapeutics, Inc.",2025-02-11,2025-02-11T07:05:09-05:00,False,8.01,REGULATORY
0001193125-24-254153,0001438533,"Travere Therapeutics, Inc.",2024-11-08,2024-11-08T16:13:55-05:00,True,"8.01,9.01",OTHER
0001438533-24-000038,0001438533,"Travere Therapeutics, Inc.",2024-09-26,2024-09-26T16:02:49-04:00,True,8.01,OTHER
0001438533-24-000035,0001438533,"Travere Therapeutics, Inc.",2024-09-06,2024-09-05T17:47:22-04:00,True,"8.01,9.01",REGULATORY
0001438533-24-000016,0001438533,"Travere Therapeutics, Inc.",2024-04-24,2024-04-24T16:05:22-04:00,True,"8.01,9.01",REGULATORY
0001438533-24-000007,0001438533,"Travere Therapeutics, Inc.",2024-02-23,2024-02-23T16:05:34-05:00,True,"8.01,9.01",REGULATORY
0001438533-23-000050,0001438533,"Travere Therapeutics, Inc.",2023-12-04,2023-12-04T16:10:22-05:00,True,"2.05,8.01,9.01",OTHER
0001193125-23-239098,0001438533,"Travere Therapeutics, Inc.",2023-09-21,2023-09-21T07:35:54-04:00,False,8.01,CLINICAL
0001438533-23-000030,0001438533,"Travere Therapeutics, Inc.",2023-05-31,2023-05-31T16:57:16-04:00,True,"8.01,9.01",CLINICAL
0001438533-23-000018,0001438533,"Travere Therapeutics, Inc.",2023-05-01,2023-05-01T16:07:06-04:00,True,"8.01,9.01",CLINICAL
0001193125-23-056553,0001438533,"Travere Therapeutics, Inc.",2023-03-01,2023-03-01T17:17:40-05:00,True,"8.01,9.01",OTHER
0001438533-23-000002,0001438533,"Travere Therapeutics, Inc.",2023-02-17,2023-02-17T16:06:10-05:00,True,"8.01,9.01",REGULATORY
0001438533-22-000044,0001438533,"Travere Therapeutics, Inc.",2022-10-13,2022-10-13T17:05:25-04:00,True,8.01,REGULATORY
0001438533-22-000042,0001438533,"Travere Therapeutics, Inc.",2022-08-22,2022-08-22T16:43:36-04:00,True,"8.01,9.01",REGULATORY
0001438533-22-000029,0001438533,"Travere Therapeutics, Inc.",2022-05-16,2022-05-16T16:47:54-04:00,True,"8.01,9.01",REGULATORY
0001438533-22-000010,0001438533,"Travere Therapeutics, Inc.",2022-03-21,2022-03-21T16:09:47-04:00,True,"8.01,9.01",REGULATORY
0001193125-22-073387,0001438533,"Travere Therapeutics, Inc.",2022-03-11,2022-03-11T16:06:43-05:00,True,"1.01,2.03,8.01,9.01",OTHER
0001438533-21-000056,0001438533,"Travere Therapeutics, Inc.",2021-12-15,2021-12-15T17:27:25-05:00,True,"8.01,9.01",CLINICAL
0001438533-21-000039,0001438533,"Travere Therapeutics, Inc.",2021-09-07,2021-09-07T17:28:53-04:00,True,"8.01,9.01",REGULATORY
0001438533-21-000036,0001438533,"Travere Therapeutics, Inc.",2021-08-16,2021-08-16T16:18:21-04:00,True,"8.01,9.01",CLINICAL
0001438533-21-000021,0001438533,"Travere Therapeutics, Inc.",2021-05-25,2021-05-25T16:44:35-04:00,True,"8.01,9.01",REGULATORY
0001193125-21-041753,0001438533,"Travere Therapeutics, Inc.",2021-02-12,2021-02-12T16:46:59-05:00,True,"8.01,9.01",OTHER
0001438533-21-000002,0001438533,"Travere Therapeutics, Inc.",2021-02-02,2021-02-02T16:10:20-05:00,True,"8.01,9.01",CLINICAL
0001438533-20-000033,0001438533,"Travere Therapeutics, Inc.",2020-11-12,2020-11-12T16:08:10-05:00,True,"8.01,9.01",OTHER
0001438533-20-000026,0001438533,"Travere Therapeutics, Inc.",2020-10-22,2020-10-22T16:05:20-04:00,True,"1.01,8.01,9.01",OTHER
0001193125-20-164649,0001438533,"Travere Therapeutics, Inc.",2020-06-09,2020-06-09T16:08:04-04:00,True,"8.01,9.01",OTHER
0001438533-20-000015,0001438533,"Travere Therapeutics, Inc.",2020-06-08,2020-06-08T16:00:38-04:00,True,"8.01,9.01",OTHER
0001193125-19-226355,0001438533,"Travere Therapeutics, Inc.",2019-08-22,2019-08-22T06:30:11-04:00,False,8.01,CLINICAL
0000950170-24-116856,0001761918,"Erasca, Inc.",2024-10-24,2024-10-24T08:10:07-04:00,False,8.01,CLINICAL
0000950170-24-076474,0001761918,"Erasca, Inc.",2024-06-24,2024-06-24T09:15:10-04:00,False,8.01,OTHER
0001193125-24-141066,0001761918,"Erasca, Inc.",2024-05-17,2024-05-17T06:05:03-04:00,False,"8.01,9.01",OTHER
0001193125-24-140591,0001761918,"Erasca, Inc.",2024-05-16,2024-05-16T16:21:14-04:00,True,"1.01,2.05,8.01,9.01",PRESENTATION
0000950170-23-069212,0001761918,"Erasca, Inc.",2023-12-11,2023-12-11T09:19:11-05:00,False,8.01,REGULATORY
0000950170-23-066250,0001761918,"Erasca, Inc.",2023-11-28,2023-11-28T09:21:52-05:00,False,"8.01,9.01",INVALID:I cannot provide a classification withou
0000950170-23-045056,0001761918,"Erasca, Inc.",2023-08-29,2023-08-29T16:05:27-04:00,True,8.01,OTHER
0000950170-23-026427,0001761918,"Erasca, Inc.",2023-06-05,2023-06-05T17:06:08-04:00,True,"8.01,9.01",PRESENTATION
0000950170-23-024292,0001761918,"Erasca, Inc.",2023-05-25,2023-05-25T17:10:38-04:00,True,8.01,CLINICAL
0000950170-23-013370,0001761918,"Erasca, Inc.",2023-04-19,2023-04-19T09:01:19-04:00,False,8.01,CLINICAL
0001193125-23-028869,0001761918,"Erasca, Inc.",2023-02-09,2023-02-08T21:39:37-05:00,True,"8.01,9.01",PRESENTATION
0001193125-22-301902,0001761918,"Erasca, Inc.",2022-12-09,2022-12-09T17:27:05-05:00,True,"3.02,8.01,9.01",OTHER
0001193125-22-301402,0001761918,"Erasca, Inc.",2022-12-09,2022-12-09T07:19:00-05:00,False,"1.01,3.02,8.01,9.01",PRESENTATION
0001193125-22-240127,0001761918,"Erasca, Inc.",2022-09-07,2022-09-07T17:16:41-04:00,True,"8.01,9.01",PRESENTATION
0001193125-21-219642,0001761918,"Erasca, Inc.",2021-07-20,2021-07-20T16:11:31-04:00,True,"5.03,8.01,9.01",OTHER
0001193125-25-180841,0000886163,LIGAND PHARMACEUTICALS INC,2025-08-14,2025-08-14T16:41:13-04:00,True,"1.01,2.03,3.02,8.01,9.01",OTHER
0001193125-25-177452,0000886163,LIGAND PHARMACEUTICALS INC,2025-08-11,2025-08-11T07:25:43-04:00,False,"1.01,8.01,9.01",OTHER
0000886163-24-000051,0000886163,LIGAND PHARMACEUTICALS INC,2024-06-27,2024-06-27T09:10:50-04:00,False,8.01,OTHER
0000886163-24-000047,0000886163,LIGAND PHARMACEUTICALS INC,2024-06-18,2024-06-18T17:14:37-04:00,True,8.01,REGULATORY
0000886163-24-000039,0000886163,LIGAND PHARMACEUTICALS INC,2024-05-30,2024-05-30T16:03:43-04:00,True,8.01,OTHER
0000886163-24-000002,0000886163,LIGAND PHARMACEUTICALS INC,2024-01-08,2024-01-05T17:50:28-05:00,True,8.01,REGULATORY
0000886163-23-000078,0000886163,LIGAND PHARMACEUTICALS INC,2023-10-18,2023-10-18T09:03:16-04:00,False,8.01,OTHER
0000886163-23-000053,0000886163,LIGAND PHARMACEUTICALS INC,2023-09-18,2023-09-18T17:26:00-04:00,True,8.01,OTHER
0000886163-23-000009,0000886163,LIGAND PHARMACEUTICALS INC,2023-03-13,2023-03-13T08:02:20-04:00,False,8.01,OTHER
0001193125-22-256260,0000886163,LIGAND PHARMACEUTICALS INC,2022-10-03,2022-10-03T09:18:01-04:00,False,"8.01,9.01",OTHER
0001193125-22-082890,0000886163,LIGAND PHARMACEUTICALS INC,2022-03-23,2022-03-23T17:25:21-04:00,True,"8.01,9.01",OTHER
0000886163-21-000123,0000886163,LIGAND PHARMACEUTICALS INC,2021-08-16,2021-08-16T16:15:57-04:00,True,8.01,CLINICAL
0000886163-21-000112,0000886163,LIGAND PHARMACEUTICALS INC,2021-07-21,2021-07-21T09:05:26-04:00,False,8.01,OTHER
0000886163-20-000141,0000886163,LIGAND PHARMACEUTICALS INC,2020-12-21,2020-12-21T08:39:58-05:00,False,"8.01,9.01",OTHER
0000886163-20-000129,0000886163,LIGAND PHARMACEUTICALS INC,2020-12-03,2020-12-02T20:05:47-05:00,True,8.01,OTHER
0000886163-20-000126,0000886163,LIGAND PHARMACEUTICALS INC,2020-11-23,2020-11-23T08:32:56-05:00,False,8.01,OTHER
0000886163-20-000034,0000886163,LIGAND PHARMACEUTICALS INC,2020-04-02,2020-04-02T16:18:25-04:00,True,"8.01,9.01",OTHER
0000886163-20-000009,0000886163,LIGAND PHARMACEUTICALS INC,2020-02-11,2020-02-11T16:28:06-05:00,True,"1.01,8.01,9.01",OTHER
0000886163-20-000002,0000886163,LIGAND PHARMACEUTICALS INC,2020-01-10,2020-01-10T13:55:00-05:00,False,8.01,OTHER
0000886163-19-000169,0000886163,LIGAND PHARMACEUTICALS INC,2019-09-12,2019-09-11T20:08:45-04:00,True,8.01,OTHER
0000886163-19-000167,0000886163,LIGAND PHARMACEUTICALS INC,2019-09-12,2019-09-11T17:49:22-04:00,True,8.01,OTHER
0000886163-19-000126,0000886163,LIGAND PHARMACEUTICALS INC,2019-07-24,2019-07-23T18:25:04-04:00,True,8.01,OTHER
0000886163-19-000117,0000886163,LIGAND PHARMACEUTICALS INC,2019-07-03,2019-07-02T19:14:25-04:00,True,8.01,OTHER
0001193125-19-170732,0000886163,LIGAND PHARMACEUTICALS INC,2019-06-12,2019-06-12T07:16:53-04:00,False,8.01,OTHER
0000886163-19-000095,0000886163,LIGAND PHARMACEUTICALS INC,2019-06-03,2019-06-03T16:13:59-04:00,True,8.01,OTHER
0000886163-19-000088,0000886163,LIGAND PHARMACEUTICALS INC,2019-05-24,2019-05-24T16:28:06-04:00,True,"1.01,8.01",OTHER
0000886163-19-000059,0000886163,LIGAND PHARMACEUTICALS INC,2019-04-22,2019-04-22T07:55:27-04:00,False,8.01,OTHER
0000886163-19-000024,0000886163,LIGAND PHARMACEUTICALS INC,2019-02-07,2019-02-06T20:19:11-05:00,True,8.01,OTHER
0000886163-19-000022,0000886163,LIGAND PHARMACEUTICALS INC,2019-01-28,2019-01-28T09:00:55-05:00,False,8.01,OTHER
0001193125-25-138452,0001070494,ACADIA PHARMACEUTICALS INC,2025-06-10,2025-06-10T16:06:24-04:00,True,8.01,OTHER
0001193125-25-123175,0001070494,ACADIA PHARMACEUTICALS INC,2025-05-20,2025-05-20T16:31:51-04:00,True,"1.01,8.01",OTHER
0001193125-24-064791,0001070494,ACADIA PHARMACEUTICALS INC,2024-03-11,2024-03-11T16:05:55-04:00,True,8.01,CLINICAL
0001193125-23-281574,0001070494,ACADIA PHARMACEUTICALS INC,2023-11-21,2023-11-21T17:11:54-05:00,True,8.01,OTHER
0001193125-23-068406,0001070494,ACADIA PHARMACEUTICALS INC,2023-03-13,2023-03-13T06:11:04-04:00,False,8.01,OTHER
0001193125-21-362806,0001070494,ACADIA PHARMACEUTICALS INC,2021-12-21,2021-12-20T21:26:04-05:00,True,"8.01,9.01",REGULATORY
0001193125-21-349137,0001070494,ACADIA PHARMACEUTICALS INC,2021-12-06,2021-12-06T17:16:05-05:00,True,"8.01,9.01",CLINICAL
0001193125-21-073270,0001070494,ACADIA PHARMACEUTICALS INC,2021-03-08,2021-03-08T16:30:04-05:00,True,"8.01,9.01",REGULATORY
0001193125-20-229278,0001070494,ACADIA PHARMACEUTICALS INC,2020-08-25,2020-08-25T09:02:02-04:00,False,"3.02,8.01,9.01",OTHER
0001193125-20-195481,0001070494,ACADIA PHARMACEUTICALS INC,2020-07-20,2020-07-20T16:15:35-04:00,True,"8.01,9.01",REGULATORY
0001193125-19-248388,0001070494,ACADIA PHARMACEUTICALS INC,2019-09-18,2019-09-18T17:07:10-04:00,True,"8.01,9.01",OTHER
0001193125-19-240440,0001070494,ACADIA PHARMACEUTICALS INC,2019-09-09,2019-09-09T06:46:10-04:00,False,"8.01,9.01",CLINICAL
0001193125-19-064601,0001070494,ACADIA PHARMACEUTICALS INC,2019-03-06,2019-03-06T06:06:03-05:00,False,8.01,OTHER
0000950170-25-057323,0001607678,"Viking Therapeutics, Inc.",2025-04-23,2025-04-23T16:01:15-04:00,True,"4.01,8.01,9.01",OTHER
0000950170-25-036820,0001607678,"Viking Therapeutics, Inc.",2025-03-11,2025-03-11T07:05:08-04:00,False,"1.01,2.03,8.01,9.01",OTHER
0000950170-24-024878,0001607678,"Viking Therapeutics, Inc.",2024-03-04,2024-03-04T16:52:52-05:00,True,"8.01,9.01",OTHER
0000950170-24-023838,0001607678,"Viking Therapeutics, Inc.",2024-03-01,2024-03-01T16:05:20-05:00,True,"1.01,8.01,9.01",OTHER
0000950170-23-011636,0001607678,"Viking Therapeutics, Inc.",2023-04-03,2023-04-03T17:17:25-04:00,True,"8.01,9.01",OTHER
0000950170-23-011443,0001607678,"Viking Therapeutics, Inc.",2023-03-31,2023-03-31T17:27:06-04:00,True,"1.01,8.01,9.01",OTHER
0001823239-24-000133,0001823239,"MARAVAI LIFESCIENCES HOLDINGS, INC.",2024-12-18,2024-12-18T16:35:18-05:00,True,8.01,OTHER
0001823239-22-000002,0001823239,"MARAVAI LIFESCIENCES HOLDINGS, INC.",2022-01-03,2022-01-03T16:08:47-05:00,True,"8.01,9.01",OTHER
0001193125-20-303088,0001823239,"MARAVAI LIFESCIENCES HOLDINGS, INC.",2020-11-25,2020-11-25T08:03:31-05:00,False,"1.01,3.02,3.03,5.02,5.03,8.01,9.01",OTHER
0001370053-25-000097,0001370053,"ANAPTYSBIO, INC",2025-11-21,2025-11-21T09:01:46-05:00,False,"8.01,9.01",OTHER
0001370053-25-000096,0001370053,"ANAPTYSBIO, INC",2025-11-21,2025-11-21T09:00:49-05:00,False,8.01,OTHER
0001370053-25-000028,0001370053,"ANAPTYSBIO, INC",2025-03-24,2025-03-24T09:20:02-04:00,False,"8.01,9.01",OTHER
0001370053-24-000067,0001370053,"ANAPTYSBIO, INC",2024-12-11,2024-12-11T16:06:02-05:00,True,8.01,CLINICAL
0001370053-23-000010,0001370053,"ANAPTYSBIO, INC",2023-01-13,2023-01-13T09:03:19-05:00,False,"8.01,9.01",OTHER
0001438133-25-000160,0001438133,TANDEM DIABETES CARE INC,2025-08-07,2025-08-07T16:09:32-04:00,True,8.01,REGULATORY
0001438133-25-000091,0001438133,TANDEM DIABETES CARE INC,2025-05-20,2025-05-19T18:28:17-04:00,True,8.01,REGULATORY
0001438133-25-000072,0001438133,TANDEM DIABETES CARE INC,2025-05-12,2025-05-12T17:16:49-04:00,True,8.01,REGULATORY
0001438133-24-000088,0001438133,TANDEM DIABETES CARE INC,2024-05-16,2024-05-16T16:35:54-04:00,True,"1.01,8.01,9.01",OTHER
0001438133-24-000047,0001438133,TANDEM DIABETES CARE INC,2024-04-01,2024-04-01T16:33:36-04:00,True,"8.01,9.01",REGULATORY
0001438133-24-000042,0001438133,TANDEM DIABETES CARE INC,2024-03-11,2024-03-08T18:19:50-05:00,True,"1.01,2.03,3.02,8.01,9.01",OTHER
0001628280-23-036843,0001438133,TANDEM DIABETES CARE INC,2023-11-06,2023-11-03T19:42:28-04:00,True,8.01,REGULATORY
0001438133-22-000014,0001438133,TANDEM DIABETES CARE INC,2022-02-16,2022-02-16T08:33:44-05:00,False,8.01,REGULATORY
0001438133-20-000101,0001438133,TANDEM DIABETES CARE INC,2020-07-01,2020-07-01T09:04:25-04:00,False,8.01,OTHER
0001438133-20-000095,0001438133,TANDEM DIABETES CARE INC,2020-06-18,2020-06-17T19:26:12-04:00,True,8.01,REGULATORY
0001438133-20-000069,0001438133,TANDEM DIABETES CARE INC,2020-05-28,2020-05-28T17:04:57-04:00,True,8.01,OTHER
0001438133-19-000030,0001438133,TANDEM DIABETES CARE INC,2019-12-13,2019-12-13T17:13:07-05:00,True,8.01,REGULATORY
0000950123-19-005922,0001438133,TANDEM DIABETES CARE INC,2019-06-10,2019-06-10T09:00:05-04:00,False,"8.01,9.01",CLINICAL
0001193125-25-185553,0001863127,"Tyra Biosciences, Inc.",2025-08-22,2025-08-21T21:43:39-04:00,True,8.01,CLINICAL
0001193125-25-152016,0001863127,"Tyra Biosciences, Inc.",2025-06-30,2025-06-30T08:07:00-04:00,False,8.01,CLINICAL
0001193125-24-244590,0001863127,"Tyra Biosciences, Inc.",2024-10-28,2024-10-28T07:00:28-04:00,False,8.01,REGULATORY
0001193125-24-021953,0001863127,"Tyra Biosciences, Inc.",2024-02-01,2024-02-01T17:24:53-05:00,True,8.01,REGULATORY
0001193125-23-301829,0001863127,"Tyra Biosciences, Inc.",2023-12-22,2023-12-22T09:00:28-05:00,False,8.01,CLINICAL
0001193125-23-055156,0001863127,"Tyra Biosciences, Inc.",2023-03-01,2023-03-01T07:30:58-05:00,False,"5.02,8.01",OTHER
0001193125-22-293899,0001863127,"Tyra Biosciences, Inc.",2022-11-29,2022-11-29T08:06:02-05:00,False,8.01,OTHER
0001193125-21-276124,0001863127,"Tyra Biosciences, Inc.",2021-09-17,2021-09-17T16:01:59-04:00,True,"5.03,8.01,9.01",OTHER
0002007919-24-000054,0002007919,"Inhibrx Biosciences, Inc.",2024-11-04,2024-11-04T16:36:08-05:00,True,8.01,OTHER
0001104659-24-066645,0002007919,"Inhibrx Biosciences, Inc.",2024-05-30,2024-05-30T16:11:21-04:00,True,"1.01,3.02,3.03,5.01,5.02,5.03,8.01,9.01",OTHER
0001193125-25-271197,0001350653,"Alphatec Holdings, Inc.",2025-11-07,2025-11-07T09:10:27-05:00,False,"8.01,9.01",OTHER
0001193125-25-054786,0001350653,"Alphatec Holdings, Inc.",2025-03-14,2025-03-14T16:03:09-04:00,True,8.01,OTHER
0001193125-25-047166,0001350653,"Alphatec Holdings, Inc.",2025-03-05,2025-03-05T16:05:17-05:00,True,"8.01,9.01",OTHER
0001193125-25-044094,0001350653,"Alphatec Holdings, Inc.",2025-03-03,2025-03-03T16:02:59-05:00,True,"1.01,8.01,9.01",OTHER
0001193125-23-108488,0001350653,"Alphatec Holdings, Inc.",2023-04-20,2023-04-20T17:21:55-04:00,True,"1.01,8.01,9.01",OTHER
0001564590-21-049126,0001350653,"Alphatec Holdings, Inc.",2021-09-28,2021-09-28T09:17:18-04:00,False,"8.01,9.01",OTHER
0001564590-21-041862,0001350653,"Alphatec Holdings, Inc.",2021-08-06,2021-08-05T21:11:06-04:00,True,"8.01,9.01",OTHER
0001564590-21-040813,0001350653,"Alphatec Holdings, Inc.",2021-08-04,2021-08-04T16:10:45-04:00,True,"8.01,9.01",OTHER
0001193125-20-271231,0001350653,"Alphatec Holdings, Inc.",2020-10-16,2020-10-16T17:19:31-04:00,True,"1.01,8.01,9.01",OTHER
0001193125-19-212044,0001350653,"Alphatec Holdings, Inc.",2019-08-02,2019-08-02T16:17:03-04:00,True,"8.01,9.01",OTHER
0001193125-19-207213,0001350653,"Alphatec Holdings, Inc.",2019-07-30,2019-07-30T17:24:32-04:00,True,"8.01,9.01",OTHER
0001193125-24-271578,0001817713,"Janux Therapeutics, Inc.",2024-12-05,2024-12-05T16:32:31-05:00,True,"8.01,9.01",OTHER
0000950170-24-023257,0001817713,"Janux Therapeutics, Inc.",2024-02-29,2024-02-29T17:11:11-05:00,True,"8.01,9.01",OTHER
0000950170-24-022266,0001817713,"Janux Therapeutics, Inc.",2024-02-28,2024-02-28T17:15:06-05:00,True,8.01,OTHER
0000950170-24-021425,0001817713,"Janux Therapeutics, Inc.",2024-02-27,2024-02-27T17:23:20-05:00,True,8.01,CLINICAL
0001193125-23-188867,0001817713,"Janux Therapeutics, Inc.",2023-07-18,2023-07-18T16:16:53-04:00,True,"1.01,8.01,9.01",OTHER
0000950170-22-006779,0001817713,"Janux Therapeutics, Inc.",2022-05-02,2022-05-02T08:02:29-04:00,False,"8.01,9.01",PRESENTATION
0001193125-21-191155,0001817713,"Janux Therapeutics, Inc.",2021-06-15,2021-06-15T16:10:58-04:00,True,"5.03,8.01,9.01",OTHER
0001193125-25-304559,0001422143,"Kura Oncology, Inc.",2025-12-02,2025-12-02T08:10:16-05:00,False,8.01,OTHER
0001193125-25-280255,0001422143,"Kura Oncology, Inc.",2025-11-13,2025-11-13T16:27:09-05:00,True,8.01,REGULATORY
0001193125-25-249348,0001422143,"Kura Oncology, Inc.",2025-10-24,2025-10-24T07:24:52-04:00,False,8.01,OTHER
0001193125-25-241416,0001422143,"Kura Oncology, Inc.",2025-10-16,2025-10-16T16:11:18-04:00,True,"8.01,9.01",OTHER
0001193125-25-142816,0001422143,"Kura Oncology, Inc.",2025-06-18,2025-06-18T17:20:51-04:00,True,"8.01,9.01",PRESENTATION
0001193125-25-133717,0001422143,"Kura Oncology, Inc.",2025-06-03,2025-06-03T06:04:07-04:00,False,"8.01,9.01",PRESENTATION
0001193125-25-020831,0001422143,"Kura Oncology, Inc.",2025-02-05,2025-02-05T16:13:00-05:00,True,"8.01,9.01",PRESENTATION
0001193125-25-002189,0001422143,"Kura Oncology, Inc.",2025-01-06,2025-01-06T16:35:52-05:00,True,"5.02,8.01",OTHER
0001193125-24-283109,0001422143,"Kura Oncology, Inc.",2024-12-20,2024-12-20T16:07:00-05:00,True,"8.01,9.01",OTHER
0001193125-24-147030,0001422143,"Kura Oncology, Inc.",2024-05-24,2024-05-24T16:06:05-04:00,True,8.01,OTHER
0001193125-24-016715,0001422143,"Kura Oncology, Inc.",2024-01-26,2024-01-26T16:08:54-05:00,True,"1.01,3.02,8.01,9.01",OTHER
0001193125-23-301830,0001422143,"Kura Oncology, Inc.",2023-12-22,2023-12-22T09:01:59-05:00,False,"8.01,9.01",OTHER
0001193125-23-166858,0001422143,"Kura Oncology, Inc.",2023-06-14,2023-06-14T16:07:31-04:00,True,"8.01,9.01",OTHER
0001193125-23-164835,0001422143,"Kura Oncology, Inc.",2023-06-12,2023-06-12T06:06:54-04:00,False,"8.01,9.01",PRESENTATION
0001193125-23-105746,0001422143,"Kura Oncology, Inc.",2023-04-19,2023-04-19T08:31:00-04:00,False,"8.01,9.01",CLINICAL
0001193125-22-302283,0001422143,"Kura Oncology, Inc.",2022-12-12,2022-12-12T07:51:09-05:00,False,8.01,CLINICAL
0001193125-22-276906,0001422143,"Kura Oncology, Inc.",2022-11-03,2022-11-03T16:16:07-04:00,True,"8.01,9.01",CLINICAL
0001193125-22-013806,0001422143,"Kura Oncology, Inc.",2022-01-20,2022-01-20T16:25:04-05:00,True,8.01,REGULATORY
0001193125-21-339334,0001422143,"Kura Oncology, Inc.",2021-11-24,2021-11-24T06:50:58-05:00,False,8.01,REGULATORY
0001193125-20-313807,0001422143,"Kura Oncology, Inc.",2020-12-09,2020-12-09T16:04:32-05:00,True,"8.01,9.01",OTHER
0001193125-20-311098,0001422143,"Kura Oncology, Inc.",2020-12-07,2020-12-07T06:08:25-05:00,False,"8.01,9.01",PRESENTATION
0001564590-20-027461,0001422143,"Kura Oncology, Inc.",2020-05-29,2020-05-29T08:16:02-04:00,False,"8.01,9.01",CLINICAL
0001193125-20-134958,0001422143,"Kura Oncology, Inc.",2020-05-06,2020-05-06T16:34:16-04:00,True,"8.01,9.01",OTHER
0001564590-20-008679,0001422143,"Kura Oncology, Inc.",2020-03-04,2020-03-04T16:05:35-05:00,True,"8.01,9.01",REGULATORY
0001193125-19-314539,0001422143,"Kura Oncology, Inc.",2019-12-16,2019-12-16T07:36:35-05:00,False,"8.01,9.01",REGULATORY
0000950123-19-011815,0001422143,"Kura Oncology, Inc.",2019-12-09,2019-12-09T07:01:02-05:00,False,"8.01,9.01",CLINICAL
0001564590-19-038526,0001422143,"Kura Oncology, Inc.",2019-10-30,2019-10-30T09:01:32-04:00,False,"8.01,9.01",CLINICAL
0001193125-19-235863,0001422143,"Kura Oncology, Inc.",2019-09-03,2019-09-03T08:02:32-04:00,False,"8.01,9.01",CLINICAL
0001193125-19-219012,0001422143,"Kura Oncology, Inc.",2019-08-12,2019-08-12T16:12:02-04:00,True,"5.02,8.01,9.01",OTHER
0001193125-19-176463,0001422143,"Kura Oncology, Inc.",2019-06-19,2019-06-19T16:03:56-04:00,True,"8.01,9.01",OTHER
0001193125-19-173019,0001422143,"Kura Oncology, Inc.",2019-06-14,2019-06-14T07:12:58-04:00,False,"8.01,9.01",CLINICAL
0001193125-25-185355,0001906324,QuidelOrtho Corp,2025-08-21,2025-08-21T16:35:40-04:00,True,"1.01,2.03,8.01,9.01",OTHER
0001193125-24-263447,0001906324,QuidelOrtho Corp,2024-11-21,2024-11-21T16:36:01-05:00,True,"5.02,8.01,9.01",OTHER
0001906324-22-000035,0001906324,QuidelOrtho Corp,2022-12-05,2022-12-05T07:48:42-05:00,False,8.01,OTHER
0001906324-22-000019,0001906324,QuidelOrtho Corp,2022-08-17,2022-08-17T16:55:49-04:00,True,"8.01,9.01",OTHER
0001193125-21-100253,0001807120,"Design Therapeutics, Inc.",2021-03-30,2021-03-30T16:44:52-04:00,True,"5.03,8.01,9.01",OTHER
0001437749-25-037842,0001855175,"Contineum Therapeutics, Inc.",2025-12-15,2025-12-15T16:05:24-05:00,True,"1.01,8.01,9.01",OTHER
0001437749-25-037547,0001855175,"Contineum Therapeutics, Inc.",2025-12-11,2025-12-11T16:01:15-05:00,True,"8.01,9.01",CLINICAL
0001437749-25-035860,0001855175,"Contineum Therapeutics, Inc.",2025-11-20,2025-11-20T16:07:30-05:00,True,"8.01,9.01",CLINICAL
0001437749-25-013334,0001855175,"Contineum Therapeutics, Inc.",2025-04-28,2025-04-28T16:10:35-04:00,True,"8.01,9.01",OTHER
0001193125-25-190202,0001671858,"ARS Pharmaceuticals, Inc.",2025-08-28,2025-08-27T21:45:30-04:00,True,8.01,OTHER
0001193125-25-047351,0001671858,"ARS Pharmaceuticals, Inc.",2025-03-05,2025-03-05T17:18:49-05:00,True,8.01,REGULATORY
0001193125-23-237996,0001671858,"ARS Pharmaceuticals, Inc.",2023-09-20,2023-09-20T06:05:01-04:00,False,8.01,REGULATORY
0001193125-22-280241,0001671858,"ARS Pharmaceuticals, Inc.",2022-11-08,2022-11-08T16:51:45-05:00,True,"1.01,2.01,3.02,5.01,5.02,5.03,5.07,8.01,9.01",OTHER
0001193125-22-275336,0001671858,"ARS Pharmaceuticals, Inc.",2022-11-02,2022-11-02T06:07:03-04:00,False,8.01,OTHER
0001193125-22-266351,0001671858,"ARS Pharmaceuticals, Inc.",2022-10-21,2022-10-21T07:36:02-04:00,False,"8.01,9.01",REGULATORY
0001193125-22-199246,0001671858,"ARS Pharmaceuticals, Inc.",2022-07-21,2022-07-21T17:01:57-04:00,True,"1.01,2.05,5.02,8.01,9.01",OTHER
0001193125-20-312895,0001671858,"ARS Pharmaceuticals, Inc.",2020-12-08,2020-12-08T17:25:54-05:00,True,"5.03,8.01,9.01",OTHER
0000950170-25-074397,0001285550,"ClearPoint Neuro, Inc.",2025-05-19,2025-05-19T16:30:08-04:00,True,"8.01,9.01",OTHER
0000950170-25-069175,0001285550,"ClearPoint Neuro, Inc.",2025-05-12,2025-05-12T16:06:27-04:00,True,"1.01,8.01,9.01",OTHER
0001285550-23-000048,0001285550,"ClearPoint Neuro, Inc.",2023-05-22,2023-05-22T17:04:56-04:00,True,"8.01,9.01",OTHER
0001171520-22-000364,0001285550,"ClearPoint Neuro, Inc.",2022-06-06,2022-06-06T16:05:14-04:00,True,"8.01,9.01",OTHER
0001171520-22-000319,0001285550,"ClearPoint Neuro, Inc.",2022-05-23,2022-05-23T07:33:47-04:00,False,"8.01,9.01",OTHER
0001171520-21-000261,0001285550,"ClearPoint Neuro, Inc.",2021-06-28,2021-06-28T08:30:59-04:00,False,"8.01,9.01",OTHER
0000950170-25-098327,0001794546,"CARLSMED, INC.",2025-07-24,2025-07-24T16:05:31-04:00,True,"5.03,8.01,9.01",OTHER
0001493152-25-018324,0001357459,"PALISADE BIO, INC.",2025-10-16,2025-10-16T16:30:58-04:00,True,8.01,OTHER
0001493152-25-017630,0001357459,"PALISADE BIO, INC.",2025-10-09,2025-10-09T17:08:01-04:00,True,"8.01,9.01",OTHER
0001493152-25-015775,0001357459,"PALISADE BIO, INC.",2025-09-26,2025-09-26T17:10:37-04:00,True,8.01,OTHER
0001493152-25-014071,0001357459,"PALISADE BIO, INC.",2025-09-18,2025-09-18T16:27:12-04:00,True,8.01,OTHER
0001641172-25-020896,0001357459,"PALISADE BIO, INC.",2025-07-25,2025-07-24T19:00:46-04:00,True,"1.01,3.02,8.01,9.01",OTHER
0001641172-25-018313,0001357459,"PALISADE BIO, INC.",2025-07-09,2025-07-09T08:45:26-04:00,False,"5.02,8.01,9.01",OTHER
0001493152-24-050203,0001357459,"PALISADE BIO, INC.",2024-12-16,2024-12-16T16:00:16-05:00,True,"1.01,3.02,8.01,9.01",OTHER
0001493152-24-018687,0001357459,"PALISADE BIO, INC.",2024-05-10,2024-05-10T16:52:30-04:00,True,"5.02,8.01,9.01",OTHER
0001493152-24-017739,0001357459,"PALISADE BIO, INC.",2024-05-03,2024-05-03T16:56:44-04:00,True,"1.01,3.02,8.01,9.01",OTHER
0001493152-24-014253,0001357459,"PALISADE BIO, INC.",2024-04-10,2024-04-10T17:29:22-04:00,True,"8.01,9.01",PRESENTATION
0001493152-24-013336,0001357459,"PALISADE BIO, INC.",2024-04-05,2024-04-05T16:30:30-04:00,True,"5.03,8.01,9.01",OTHER
0001493152-24-006132,0001357459,"PALISADE BIO, INC.",2024-02-13,2024-02-13T16:38:18-05:00,True,"5.02,8.01,9.01",OTHER
0001493152-24-004539,0001357459,"PALISADE BIO, INC.",2024-02-01,2024-02-01T06:02:11-05:00,False,"1.01,3.02,8.01,9.01",OTHER
0001493152-23-032278,0001357459,"PALISADE BIO, INC.",2023-09-11,2023-09-11T17:12:24-04:00,True,"1.01,3.02,5.02,8.01,9.01",OTHER
0001493152-23-032245,0001357459,"PALISADE BIO, INC.",2023-09-11,2023-09-11T15:30:13-04:00,False,"1.01,3.02,8.01,9.01",OTHER
0001493152-23-032118,0001357459,"PALISADE BIO, INC.",2023-09-08,2023-09-08T16:54:24-04:00,True,"1.01,2.01,8.01,9.01",OTHER
0001493152-23-011066,0001357459,"PALISADE BIO, INC.",2023-04-05,2023-04-05T17:18:00-04:00,True,"1.01,3.02,8.01,9.01",OTHER
0001493152-23-007342,0001357459,"PALISADE BIO, INC.",2023-03-13,2023-03-13T07:00:35-04:00,False,8.01,OTHER
0001493152-23-003966,0001357459,"PALISADE BIO, INC.",2023-02-08,2023-02-08T17:08:16-05:00,True,"3.02,5.02,8.01,9.01",OTHER
0001493152-23-000368,0001357459,"PALISADE BIO, INC.",2023-01-04,2023-01-04T17:18:40-05:00,True,"1.01,3.02,8.01,9.01",OTHER
0001493152-22-035770,0001357459,"PALISADE BIO, INC.",2022-12-16,2022-12-16T16:51:50-05:00,True,"8.01,9.01",PRESENTATION
0001493152-22-032591,0001357459,"PALISADE BIO, INC.",2022-11-16,2022-11-16T11:00:15-05:00,False,"5.03,8.01,9.01",OTHER
0000950170-22-017505,0001357459,"PALISADE BIO, INC.",2022-08-16,2022-08-16T16:05:47-04:00,True,"1.01,5.03,8.01,9.01",OTHER
0001193125-22-143077,0001357459,"PALISADE BIO, INC.",2022-05-06,2022-05-06T08:42:32-04:00,False,"1.01,3.02,8.01,9.01",OTHER
0000950170-22-005828,0001357459,"PALISADE BIO, INC.",2022-04-20,2022-04-20T08:04:59-04:00,False,8.01,OTHER
0001193125-21-304862,0001357459,"PALISADE BIO, INC.",2021-10-22,2021-10-22T09:51:02-04:00,False,"8.01,9.01",OTHER
0001171843-21-004377,0001357459,"PALISADE BIO, INC.",2021-06-16,2021-06-16T16:35:07-04:00,True,8.01,OTHER
0001171843-21-003780,0001357459,"PALISADE BIO, INC.",2021-05-26,2021-05-26T09:00:19-04:00,False,"3.02,8.01",OTHER
0001171843-21-003201,0001357459,"PALISADE BIO, INC.",2021-05-06,2021-05-06T07:00:28-04:00,False,8.01,OTHER
0001171843-21-002819,0001357459,"PALISADE BIO, INC.",2021-04-27,2021-04-27T17:24:48-04:00,True,"1.01,2.01,3.03,5.01,5.02,5.03,8.01,9.01",OTHER
0001171843-21-002410,0001357459,"PALISADE BIO, INC.",2021-04-09,2021-04-09T17:00:11-04:00,True,"5.07,8.01",OTHER
0001171843-21-002038,0001357459,"PALISADE BIO, INC.",2021-03-24,2021-03-24T16:45:33-04:00,True,"8.01,9.01",OTHER
0001171843-21-001886,0001357459,"PALISADE BIO, INC.",2021-03-18,2021-03-18T09:02:29-04:00,False,"5.02,8.01,9.01",OTHER
0001171843-20-004007,0001357459,"PALISADE BIO, INC.",2020-05-27,2020-05-27T10:52:21-04:00,False,"1.01,3.02,8.01,9.01",OTHER
0001171843-20-002720,0001357459,"PALISADE BIO, INC.",2020-04-20,2020-04-20T17:15:38-04:00,True,8.01,REGULATORY
0001171843-20-002458,0001357459,"PALISADE BIO, INC.",2020-04-07,2020-04-07T17:00:11-04:00,True,8.01,OTHER
0001171843-20-000155,0001357459,"PALISADE BIO, INC.",2020-01-10,2020-01-10T17:00:15-05:00,True,8.01,OTHER
0001171843-19-008270,0001357459,"PALISADE BIO, INC.",2019-12-20,2019-12-20T16:49:37-05:00,True,8.01,OTHER
0001171843-19-005227,0001357459,"PALISADE BIO, INC.",2019-08-07,2019-08-07T09:00:14-04:00,False,"8.01,9.01",OTHER
0001171843-19-004639,0001357459,"PALISADE BIO, INC.",2019-07-18,2019-07-18T09:00:25-04:00,False,"5.02,5.03,8.01,9.01",OTHER
0001193805-23-001328,0001768224,Arcturus Therapeutics Holdings Inc.,2023-09-26,2023-09-26T16:06:46-04:00,True,"1.01,8.01,9.01",OTHER
0001193805-23-001174,0001768224,Arcturus Therapeutics Holdings Inc.,2023-08-14,2023-08-14T16:06:25-04:00,True,"1.01,8.01,9.01",OTHER
0001193805-22-000672,0001768224,Arcturus Therapeutics Holdings Inc.,2022-04-20,2022-04-20T17:24:50-04:00,True,"1.01,1.02,8.01,9.01",CLINICAL
0001193805-22-000358,0001768224,Arcturus Therapeutics Holdings Inc.,2022-02-17,2022-02-17T07:57:54-05:00,False,"8.01,9.01",INVALID:I'd be happy to help classify this SEC 
0001193805-21-001584,0001768224,Arcturus Therapeutics Holdings Inc.,2021-11-16,2021-11-16T16:15:43-05:00,True,"8.01,9.01",INVALID:I don't have access to the actual conten
0001193805-21-000256,0001768224,Arcturus Therapeutics Holdings Inc.,2021-02-22,2021-02-22T17:00:32-05:00,True,"3.02,8.01,9.01",OTHER
0001193805-20-001274,0001768224,Arcturus Therapeutics Holdings Inc.,2020-10-15,2020-10-15T06:27:00-04:00,False,"8.01,9.01",OTHER
0001193805-20-001229,0001768224,Arcturus Therapeutics Holdings Inc.,2020-10-02,2020-10-02T16:15:22-04:00,True,"8.01,9.01",OTHER
0001193805-20-000886,0001768224,Arcturus Therapeutics Holdings Inc.,2020-07-24,2020-07-24T06:02:20-04:00,False,"8.01,9.01",OTHER
0001564590-20-017549,0001768224,Arcturus Therapeutics Holdings Inc.,2020-04-21,2020-04-21T06:03:05-04:00,False,8.01,OTHER
0001564590-20-017147,0001768224,Arcturus Therapeutics Holdings Inc.,2020-04-17,2020-04-17T06:06:05-04:00,False,"1.01,1.02,8.01,9.01",OTHER
0001193125-19-252227,0001768224,Arcturus Therapeutics Holdings Inc.,2019-09-23,2019-09-23T16:34:56-04:00,True,"5.02,8.01,9.01",OTHER
0001193125-19-245891,0001768224,Arcturus Therapeutics Holdings Inc.,2019-09-16,2019-09-16T17:04:02-04:00,True,8.01,OTHER
0001193805-19-000694,0001768224,Arcturus Therapeutics Holdings Inc.,2019-08-01,2019-08-01T12:35:40-04:00,False,"1.01,8.01,9.01",OTHER
0001193125-24-072871,0001434316,FATE THERAPEUTICS INC,2024-03-21,2024-03-20T17:32:00-04:00,True,"1.01,3.02,8.01,9.01",OTHER
0001193125-23-227749,0001434316,FATE THERAPEUTICS INC,2023-09-01,2023-09-01T17:29:29-04:00,True,8.01,OTHER
0000950170-23-026747,0001434316,FATE THERAPEUTICS INC,2023-06-07,2023-06-07T08:52:01-04:00,False,8.01,PRESENTATION
0001193125-23-002504,0001434316,FATE THERAPEUTICS INC,2023-01-05,2023-01-05T17:04:32-05:00,True,"1.02,2.05,5.02,8.01,9.01",OTHER
0001193125-21-356947,0001434316,FATE THERAPEUTICS INC,2021-12-14,2021-12-14T17:28:34-05:00,True,"8.01,9.01",CLINICAL
0001193125-21-005180,0001434316,FATE THERAPEUTICS INC,2021-01-08,2021-01-08T16:02:00-05:00,True,"1.01,8.01,9.01",OTHER
0001564590-20-056247,0001434316,FATE THERAPEUTICS INC,2020-12-07,2020-12-07T09:00:34-05:00,False,8.01,OTHER
0001193125-20-164916,0001434316,FATE THERAPEUTICS INC,2020-06-10,2020-06-09T21:21:17-04:00,True,"1.01,3.02,8.01,9.01",OTHER
0001564590-20-019242,0001434316,FATE THERAPEUTICS INC,2020-04-28,2020-04-28T16:23:31-04:00,True,8.01,REGULATORY
0001193125-19-244198,0001434316,FATE THERAPEUTICS INC,2019-09-13,2019-09-12T21:30:03-04:00,True,"1.01,8.01,9.01",OTHER
0001564590-19-000184,0001434316,FATE THERAPEUTICS INC,2019-01-04,2019-01-04T16:04:43-05:00,True,8.01,REGULATORY
0001193125-25-302552,0000876343,"Lineage Cell Therapeutics, Inc.",2025-11-28,2025-11-28T16:05:24-05:00,True,8.01,OTHER
0001193125-25-291979,0000876343,"Lineage Cell Therapeutics, Inc.",2025-11-24,2025-11-24T06:49:07-05:00,False,8.01,OTHER
0001193125-25-276249,0000876343,"Lineage Cell Therapeutics, Inc.",2025-11-12,2025-11-12T09:25:41-05:00,False,8.01,OTHER
0000950170-25-061466,0000876343,"Lineage Cell Therapeutics, Inc.",2025-05-01,2025-05-01T09:09:09-04:00,False,8.01,OTHER
0000950170-24-059689,0000876343,"Lineage Cell Therapeutics, Inc.",2024-05-14,2024-05-14T16:39:15-04:00,True,"8.01,9.01",OTHER
0000950170-24-035365,0000876343,"Lineage Cell Therapeutics, Inc.",2024-03-22,2024-03-22T16:15:16-04:00,True,"1.01,8.01,9.01",OTHER
0001493152-24-006901,0000876343,"Lineage Cell Therapeutics, Inc.",2024-02-15,2024-02-15T17:27:49-05:00,True,8.01,OTHER
0001493152-24-005046,0000876343,"Lineage Cell Therapeutics, Inc.",2024-02-06,2024-02-06T09:20:38-05:00,False,"1.01,8.01,9.01",OTHER
0001493152-23-022030,0000876343,"Lineage Cell Therapeutics, Inc.",2023-06-21,2023-06-21T17:00:17-04:00,True,8.01,OTHER
0001493152-23-018160,0000876343,"Lineage Cell Therapeutics, Inc.",2023-05-18,2023-05-18T17:26:13-04:00,True,"8.01,9.01",OTHER
0001493152-22-004309,0000876343,"Lineage Cell Therapeutics, Inc.",2022-02-14,2022-02-14T09:00:13-05:00,False,8.01,OTHER
0001493152-21-032109,0000876343,"Lineage Cell Therapeutics, Inc.",2021-12-21,2021-12-21T06:10:10-05:00,False,"8.01,9.01",OTHER
0001493152-21-006641,0000876343,"Lineage Cell Therapeutics, Inc.",2021-03-23,2021-03-23T17:15:19-04:00,True,8.01,CLINICAL
0001493152-20-021436,0000876343,"Lineage Cell Therapeutics, Inc.",2020-11-16,2020-11-16T08:30:21-05:00,False,"8.01,9.01",CLINICAL
0001493152-20-020982,0000876343,"Lineage Cell Therapeutics, Inc.",2020-11-12,2020-11-12T06:12:41-05:00,False,8.01,CLINICAL
0001493152-20-009635,0000876343,"Lineage Cell Therapeutics, Inc.",2020-05-21,2020-05-21T16:45:38-04:00,True,8.01,OTHER
0001493152-19-015684,0000876343,"Lineage Cell Therapeutics, Inc.",2019-10-18,2019-10-18T17:00:19-04:00,True,8.01,OTHER
0001493152-19-015458,0000876343,"Lineage Cell Therapeutics, Inc.",2019-10-15,2019-10-15T07:02:47-04:00,False,"8.01,9.01",CLINICAL
0001493152-19-014295,0000876343,"Lineage Cell Therapeutics, Inc.",2019-09-19,2019-09-19T07:05:12-04:00,False,"8.01,9.01",REGULATORY
0001493152-19-012036,0000876343,"Lineage Cell Therapeutics, Inc.",2019-08-12,2019-08-12T09:00:40-04:00,False,"5.03,8.01,9.01",OTHER
0001493152-19-006740,0000876343,"Lineage Cell Therapeutics, Inc.",2019-05-10,2019-05-10T07:55:33-04:00,False,"5.08,8.01",OTHER
0001493152-19-006272,0000876343,"Lineage Cell Therapeutics, Inc.",2019-05-02,2019-05-02T09:00:41-04:00,False,"8.01,9.01",CLINICAL
0001493152-19-006051,0000876343,"Lineage Cell Therapeutics, Inc.",2019-04-29,2019-04-29T09:00:29-04:00,False,"8.01,9.01",CLINICAL
0001493152-19-005752,0000876343,"Lineage Cell Therapeutics, Inc.",2019-04-23,2019-04-23T09:00:20-04:00,False,"8.01,9.01",INVALID:I don't have access to the actual conten
0001493152-19-003570,0000876343,"Lineage Cell Therapeutics, Inc.",2019-03-19,2019-03-19T09:00:28-04:00,False,8.01,OTHER
0001493152-19-002770,0000876343,"Lineage Cell Therapeutics, Inc.",2019-03-01,2019-03-01T16:32:10-05:00,True,8.01,OTHER
0001493152-19-001907,0000876343,"Lineage Cell Therapeutics, Inc.",2019-02-14,2019-02-14T08:05:36-05:00,False,"8.01,9.01",OTHER
0001274737-25-000055,0001274737,EXAGEN INC.,2025-07-17,2025-07-17T16:33:47-04:00,True,"5.02,8.01,9.01",OTHER
0001193125-25-116881,0001274737,EXAGEN INC.,2025-05-09,2025-05-09T16:05:59-04:00,True,"8.01,9.01",OTHER
0001193125-25-115946,0001274737,EXAGEN INC.,2025-05-08,2025-05-08T16:06:09-04:00,True,"1.01,8.01,9.01",OTHER
0001274737-24-000071,0001274737,EXAGEN INC.,2024-08-02,2024-08-02T08:15:50-04:00,False,"5.02,8.01,9.01",OTHER
0001274737-24-000030,0001274737,EXAGEN INC.,2024-04-26,2024-04-26T08:32:10-04:00,False,"5.02,8.01,9.01",OTHER
0001274737-23-000074,0001274737,EXAGEN INC.,2023-07-24,2023-07-24T16:05:57-04:00,True,"5.02,8.01,9.01",OTHER
0001274737-21-000106,0001274737,EXAGEN INC.,2021-10-25,2021-10-25T08:26:04-04:00,False,"1.01,2.03,8.01,9.01",OTHER
0001274737-21-000085,0001274737,EXAGEN INC.,2021-07-30,2021-07-30T08:25:19-04:00,False,"5.02,8.01,9.01",OTHER
0001274737-21-000021,0001274737,EXAGEN INC.,2021-03-23,2021-03-23T16:16:42-04:00,True,"8.01,9.01",OTHER
0001628280-19-014376,0001274737,EXAGEN INC.,2019-11-21,2019-11-21T08:26:01-05:00,False,"1.01,2.03,8.01,9.01",OTHER
0001193125-19-252366,0001274737,EXAGEN INC.,2019-09-23,2019-09-23T17:30:02-04:00,True,"5.03,8.01,9.01",OTHER
0001193125-25-231860,0001746466,"Equillium, Inc.",2025-10-06,2025-10-06T16:05:10-04:00,True,"4.01,5.02,8.01,9.01",OTHER
0001193125-25-209068,0001746466,"Equillium, Inc.",2025-09-19,2025-09-19T16:06:43-04:00,True,"8.01,9.01",OTHER
0000950170-25-113023,0001746466,"Equillium, Inc.",2025-09-04,2025-09-04T16:01:28-04:00,True,8.01,OTHER
0001193125-25-021348,0001746466,"Equillium, Inc.",2025-02-06,2025-02-06T08:01:27-05:00,False,8.01,CLINICAL
0001193125-24-248138,0001746466,"Equillium, Inc.",2024-10-31,2024-10-31T07:05:36-04:00,False,"8.01,9.01",PRESENTATION
0001193125-24-247760,0001746466,"Equillium, Inc.",2024-10-31,2024-10-30T18:49:59-04:00,True,8.01,OTHER
0001193125-24-153667,0001746466,"Equillium, Inc.",2024-06-04,2024-06-04T08:00:55-04:00,False,"8.01,9.01",CLINICAL
0001193125-24-082709,0001746466,"Equillium, Inc.",2024-04-01,2024-04-01T08:05:53-04:00,False,8.01,CLINICAL
0001193125-24-063618,0001746466,"Equillium, Inc.",2024-03-08,2024-03-08T16:01:02-05:00,True,"5.02,8.01,9.01",OTHER
0001193125-24-041994,0001746466,"Equillium, Inc.",2024-02-22,2024-02-22T06:08:05-05:00,False,8.01,OTHER
0001193125-23-300417,0001746466,"Equillium, Inc.",2023-12-21,2023-12-21T08:05:52-05:00,False,8.01,PRESENTATION
0001193125-22-311788,0001746466,"Equillium, Inc.",2022-12-23,2022-12-23T16:11:02-05:00,True,"1.02,5.07,8.01,9.01",OTHER
0001193125-22-305076,0001746466,"Equillium, Inc.",2022-12-15,2022-12-14T21:49:51-05:00,True,8.01,OTHER
0001193125-22-298869,0001746466,"Equillium, Inc.",2022-12-06,2022-12-06T07:00:37-05:00,False,"1.01,8.01,9.01",OTHER
0001193125-22-251807,0001746466,"Equillium, Inc.",2022-09-27,2022-09-27T09:28:12-04:00,False,"8.01,9.01",CLINICAL
0001193125-22-251386,0001746466,"Equillium, Inc.",2022-09-26,2022-09-26T17:27:07-04:00,True,"8.01,9.01",OTHER
0001193125-22-238883,0001746466,"Equillium, Inc.",2022-09-06,2022-09-06T16:29:43-04:00,True,"1.01,8.01,9.01",OTHER
0001193125-22-144343,0001746466,"Equillium, Inc.",2022-05-09,2022-05-09T08:06:04-04:00,False,8.01,CLINICAL
0001193125-22-116380,0001746466,"Equillium, Inc.",2022-04-25,2022-04-25T08:05:57-04:00,False,8.01,CLINICAL
0000950170-22-002622,0001746466,"Equillium, Inc.",2022-03-02,2022-03-02T09:00:56-05:00,False,"5.02,8.01,9.01",OTHER
0000950170-21-000348,0001746466,"Equillium, Inc.",2021-06-14,2021-06-14T15:57:38-04:00,False,8.01,OTHER
0001564590-21-004194,0001746466,"Equillium, Inc.",2021-02-04,2021-02-04T08:10:20-05:00,False,"1.01,5.02,8.01,9.01",OTHER
0001193125-20-281174,0001746466,"Equillium, Inc.",2020-10-29,2020-10-29T17:12:53-04:00,True,"8.01,9.01",REGULATORY
0001193125-20-220538,0001746466,"Equillium, Inc.",2020-08-14,2020-08-14T16:50:53-04:00,True,"1.01,8.01,9.01",OTHER
0001193125-20-191424,0001746466,"Equillium, Inc.",2020-07-13,2020-07-13T06:05:12-04:00,False,"8.01,9.01",CLINICAL
0001193125-19-312050,0001746466,"Equillium, Inc.",2019-12-12,2019-12-12T07:05:33-05:00,False,"1.01,5.02,8.01,9.01",OTHER
0001193125-19-302509,0001746466,"Equillium, Inc.",2019-11-27,2019-11-27T16:08:02-05:00,True,8.01,OTHER
0001193125-19-045346,0001746466,"Equillium, Inc.",2019-02-20,2019-02-20T16:08:32-05:00,True,"3.03,5.02,8.01",OTHER
0001193125-25-314364,0001774857,"Aardvark Therapeutics, Inc.",2025-12-10,2025-12-10T16:54:58-05:00,True,"8.01,9.01",OTHER
0001193125-25-267402,0001774857,"Aardvark Therapeutics, Inc.",2025-11-06,2025-11-05T18:11:48-05:00,True,"8.01,9.01",PRESENTATION
0001193125-25-234722,0001774857,"Aardvark Therapeutics, Inc.",2025-10-09,2025-10-08T17:45:26-04:00,True,"8.01,9.01",REGULATORY
0000950170-25-112645,0001774857,"Aardvark Therapeutics, Inc.",2025-09-03,2025-09-02T20:56:36-04:00,True,"8.01,9.01",PRESENTATION
0000950170-25-107320,0001774857,"Aardvark Therapeutics, Inc.",2025-08-12,2025-08-12T16:11:02-04:00,True,"8.01,9.01",OTHER
0001193125-25-027245,0001774857,"Aardvark Therapeutics, Inc.",2025-02-14,2025-02-14T16:01:22-05:00,True,"5.03,8.01,9.01",OTHER
0001728117-25-000004,0001728117,"Gossamer Bio, Inc.",2025-02-19,2025-02-19T16:01:12-05:00,True,8.01,OTHER
0001728117-24-000080,0001728117,"Gossamer Bio, Inc.",2024-07-18,2024-07-18T16:01:22-04:00,True,8.01,OTHER
0001728117-24-000052,0001728117,"Gossamer Bio, Inc.",2024-05-06,2024-05-06T07:31:01-04:00,False,"1.01,1.02,3.02,8.01,9.01",OTHER
0001728117-24-000013,0001728117,"Gossamer Bio, Inc.",2024-03-04,2024-03-04T16:02:26-05:00,True,8.01,OTHER
0001728117-23-000091,0001728117,"Gossamer Bio, Inc.",2023-07-20,2023-07-20T07:50:19-04:00,False,"8.01,9.01",CLINICAL
0001728117-23-000030,0001728117,"Gossamer Bio, Inc.",2023-04-03,2023-04-03T16:01:17-04:00,True,8.01,REGULATORY
0001728117-22-000102,0001728117,"Gossamer Bio, Inc.",2022-12-06,2022-12-06T07:36:04-05:00,False,"8.01,9.01",CLINICAL
0001564590-20-026546,0001728117,"Gossamer Bio, Inc.",2020-05-21,2020-05-21T16:06:09-04:00,True,"1.01,2.03,8.01,9.01",OTHER
0000950170-25-087369,0001213037,"Cardiff Oncology, Inc.",2025-06-17,2025-06-17T16:15:28-04:00,True,"5.02,8.01,9.01",PRESENTATION
0000950170-24-134970,0001213037,"Cardiff Oncology, Inc.",2024-12-10,2024-12-10T16:10:05-05:00,True,"1.01,8.01,9.01",OTHER
0001628280-24-026295,0001213037,"Cardiff Oncology, Inc.",2024-06-03,2024-06-03T16:03:35-04:00,True,"5.03,8.01,9.01",OTHER
0001628280-23-025483,0001213037,"Cardiff Oncology, Inc.",2023-07-24,2023-07-24T17:13:04-04:00,True,"8.01,9.01",OTHER
0001628280-23-022757,0001213037,"Cardiff Oncology, Inc.",2023-06-20,2023-06-20T17:24:45-04:00,True,"8.01,9.01",OTHER
0001628280-23-002037,0001213037,"Cardiff Oncology, Inc.",2023-02-02,2023-02-02T16:02:04-05:00,True,"5.02,8.01,9.01",OTHER
0001628280-22-024362,0001213037,"Cardiff Oncology, Inc.",2022-09-06,2022-09-06T16:07:38-04:00,True,"8.01,9.01",PRESENTATION
0001628280-22-001522,0001213037,"Cardiff Oncology, Inc.",2022-01-31,2022-01-31T17:29:22-05:00,True,"8.01,9.01",OTHER
0001628280-22-000669,0001213037,"Cardiff Oncology, Inc.",2022-01-11,2022-01-11T10:09:15-05:00,False,"8.01,9.01",OTHER
0001628280-21-024814,0001213037,"Cardiff Oncology, Inc.",2021-12-10,2021-12-10T11:14:22-05:00,False,"8.01,9.01",PRESENTATION
0001628280-21-024493,0001213037,"Cardiff Oncology, Inc.",2021-12-03,2021-12-03T11:05:50-05:00,False,"8.01,9.01",OTHER
0001628280-21-022729,0001213037,"Cardiff Oncology, Inc.",2021-11-10,2021-11-10T12:54:37-05:00,False,"8.01,9.01",PRESENTATION
0001628280-21-018136,0001213037,"Cardiff Oncology, Inc.",2021-09-07,2021-09-07T11:15:44-04:00,False,"8.01,9.01",PRESENTATION
0001628280-21-017578,0001213037,"Cardiff Oncology, Inc.",2021-08-25,2021-08-25T13:23:03-04:00,False,"8.01,9.01",PRESENTATION
0001628280-21-013733,0001213037,"Cardiff Oncology, Inc.",2021-07-12,2021-07-12T11:13:07-04:00,False,"5.02,8.01,9.01",OTHER
0001628280-21-013508,0001213037,"Cardiff Oncology, Inc.",2021-07-06,2021-07-06T12:35:47-04:00,False,"8.01,9.01",PRESENTATION
0001628280-21-013021,0001213037,"Cardiff Oncology, Inc.",2021-06-28,2021-06-28T13:33:49-04:00,False,"8.01,9.01",OTHER
0001628280-21-012005,0001213037,"Cardiff Oncology, Inc.",2021-06-10,2021-06-10T16:07:21-04:00,True,"5.07,8.01,9.01",OTHER
0001628280-21-011784,0001213037,"Cardiff Oncology, Inc.",2021-06-08,2021-06-08T08:41:33-04:00,False,"8.01,9.01",OTHER
0001628280-21-010750,0001213037,"Cardiff Oncology, Inc.",2021-05-20,2021-05-20T10:36:09-04:00,False,"8.01,9.01",PRESENTATION
0001628280-21-006707,0001213037,"Cardiff Oncology, Inc.",2021-04-08,2021-04-08T15:03:11-04:00,False,"8.01,9.01",PRESENTATION
0001628280-21-004508,0001213037,"Cardiff Oncology, Inc.",2021-03-11,2021-03-11T13:43:09-05:00,False,"8.01,9.01",PRESENTATION
0001628280-21-003831,0001213037,"Cardiff Oncology, Inc.",2021-03-03,2021-03-03T12:57:19-05:00,False,"8.01,9.01",PRESENTATION
0001628280-21-002984,0001213037,"Cardiff Oncology, Inc.",2021-02-24,2021-02-24T11:21:42-05:00,False,"8.01,9.01",PRESENTATION
0001628280-21-002232,0001213037,"Cardiff Oncology, Inc.",2021-02-16,2021-02-16T13:43:30-05:00,False,"8.01,9.01",PRESENTATION
0001628280-21-001908,0001213037,"Cardiff Oncology, Inc.",2021-02-11,2021-02-11T10:39:30-05:00,False,"8.01,9.01",CLINICAL
0001628280-21-000813,0001213037,"Cardiff Oncology, Inc.",2021-01-26,2021-01-26T11:19:29-05:00,False,"8.01,9.01",REGULATORY
0001628280-21-000474,0001213037,"Cardiff Oncology, Inc.",2021-01-15,2021-01-15T11:34:08-05:00,False,"8.01,9.01",CLINICAL
0001628280-20-017151,0001213037,"Cardiff Oncology, Inc.",2020-12-07,2020-12-07T13:22:45-05:00,False,"8.01,9.01",CLINICAL
0001628280-20-016701,0001213037,"Cardiff Oncology, Inc.",2020-11-23,2020-11-23T11:54:08-05:00,False,"8.01,9.01",PRESENTATION
0001628280-20-014591,0001213037,"Cardiff Oncology, Inc.",2020-10-20,2020-10-20T11:59:37-04:00,False,"8.01,9.01",CLINICAL
0001628280-20-014034,0001213037,"Cardiff Oncology, Inc.",2020-09-30,2020-09-30T16:09:21-04:00,True,"1.01,8.01,9.01",OTHER
0001628280-20-013690,0001213037,"Cardiff Oncology, Inc.",2020-09-17,2020-09-17T11:18:17-04:00,False,"8.01,9.01",CLINICAL
0001628280-20-013580,0001213037,"Cardiff Oncology, Inc.",2020-09-15,2020-09-15T10:36:52-04:00,False,"8.01,9.01",PRESENTATION
0001628280-20-013539,0001213037,"Cardiff Oncology, Inc.",2020-09-14,2020-09-14T11:55:10-04:00,False,"8.01,9.01",PRESENTATION
0001628280-20-011606,0001213037,"Cardiff Oncology, Inc.",2020-08-04,2020-08-04T14:33:14-04:00,False,"8.01,9.01",PRESENTATION
0001628280-20-010960,0001213037,"Cardiff Oncology, Inc.",2020-07-30,2020-07-30T13:22:31-04:00,False,"8.01,9.01",PRESENTATION
0001628280-20-009534,0001213037,"Cardiff Oncology, Inc.",2020-06-16,2020-06-16T16:26:32-04:00,True,"1.01,3.02,5.03,8.01,9.01",OTHER
0001628280-20-009417,0001213037,"Cardiff Oncology, Inc.",2020-06-15,2020-06-15T11:50:22-04:00,False,"8.01,9.01",CLINICAL
0001628280-20-009155,0001213037,"Cardiff Oncology, Inc.",2020-06-09,2020-06-09T11:26:56-04:00,False,"8.01,9.01",OTHER
0001628280-20-008589,0001213037,"Cardiff Oncology, Inc.",2020-05-29,2020-05-29T12:00:24-04:00,False,"8.01,9.01",CLINICAL
0001628280-20-008504,0001213037,"Cardiff Oncology, Inc.",2020-05-28,2020-05-28T11:50:21-04:00,False,"8.01,9.01",REGULATORY
0001628280-20-008455,0001213037,"Cardiff Oncology, Inc.",2020-05-27,2020-05-27T11:07:54-04:00,False,"1.01,3.02,8.01,9.01",OTHER
0001628280-20-007644,0001213037,"Cardiff Oncology, Inc.",2020-05-13,2020-05-13T10:59:15-04:00,False,"1.01,3.02,5.03,8.01,9.01",OTHER
0001628280-20-006555,0001213037,"Cardiff Oncology, Inc.",2020-05-06,2020-05-06T10:29:01-04:00,False,"5.02,5.03,8.01,9.01",OTHER
0001628280-20-005682,0001213037,"Cardiff Oncology, Inc.",2020-04-28,2020-04-28T12:22:34-04:00,False,"8.01,9.01",CLINICAL
0001628280-20-005226,0001213037,"Cardiff Oncology, Inc.",2020-04-22,2020-04-22T10:54:16-04:00,False,"8.01,9.01",OTHER
0001628280-20-004781,0001213037,"Cardiff Oncology, Inc.",2020-04-08,2020-04-08T11:17:49-04:00,False,"8.01,9.01",PRESENTATION
0001628280-20-004445,0001213037,"Cardiff Oncology, Inc.",2020-04-01,2020-04-01T13:54:51-04:00,False,"8.01,9.01",PRESENTATION
0001628280-20-003017,0001213037,"Cardiff Oncology, Inc.",2020-03-05,2020-03-05T10:38:39-05:00,False,"8.01,9.01",OTHER
0001628280-20-001467,0001213037,"Cardiff Oncology, Inc.",2020-02-13,2020-02-13T10:00:15-05:00,False,"8.01,9.01",CLINICAL
0001628280-20-001027,0001213037,"Cardiff Oncology, Inc.",2020-02-05,2020-02-05T10:24:28-05:00,False,"8.01,9.01",PRESENTATION
0001628280-20-000651,0001213037,"Cardiff Oncology, Inc.",2020-01-29,2020-01-29T10:51:44-05:00,False,"8.01,9.01",OTHER
0001628280-20-000533,0001213037,"Cardiff Oncology, Inc.",2020-01-27,2020-01-27T10:59:12-05:00,False,"8.01,9.01",CLINICAL
0001628280-20-000403,0001213037,"Cardiff Oncology, Inc.",2020-01-21,2020-01-21T10:09:04-05:00,False,"8.01,9.01",CLINICAL
0001628280-19-014850,0001213037,"Cardiff Oncology, Inc.",2019-12-09,2019-12-09T14:49:39-05:00,False,"8.01,9.01",CLINICAL
0001628280-19-014717,0001213037,"Cardiff Oncology, Inc.",2019-12-04,2019-12-04T12:15:12-05:00,False,"8.01,9.01",OTHER
0001628280-19-014171,0001213037,"Cardiff Oncology, Inc.",2019-11-14,2019-11-14T09:07:54-05:00,False,"8.01,9.01",CLINICAL
0001628280-19-013431,0001213037,"Cardiff Oncology, Inc.",2019-11-06,2019-11-06T12:41:55-05:00,False,"8.01,9.01",PRESENTATION
0001193125-19-276277,0001213037,"Cardiff Oncology, Inc.",2019-10-28,2019-10-28T16:52:03-04:00,True,"1.01,3.02,8.01,9.01",OTHER
0001628280-19-012452,0001213037,"Cardiff Oncology, Inc.",2019-10-22,2019-10-22T10:30:34-04:00,False,"8.01,9.01",CLINICAL
0001628280-19-012088,0001213037,"Cardiff Oncology, Inc.",2019-10-02,2019-10-02T10:33:33-04:00,False,"8.01,9.01",OTHER
0001628280-19-012043,0001213037,"Cardiff Oncology, Inc.",2019-10-01,2019-10-01T10:50:35-04:00,False,"8.01,9.01",CLINICAL
0001628280-19-011995,0001213037,"Cardiff Oncology, Inc.",2019-09-30,2019-09-30T12:46:22-04:00,False,"8.01,9.01",CLINICAL
0001104659-19-050671,0001213037,"Cardiff Oncology, Inc.",2019-09-19,2019-09-19T10:06:31-04:00,False,"8.01,9.01",CLINICAL
0001628280-19-011354,0001213037,"Cardiff Oncology, Inc.",2019-09-03,2019-09-03T12:33:04-04:00,False,"8.01,9.01",PRESENTATION
0001628280-19-011171,0001213037,"Cardiff Oncology, Inc.",2019-08-26,2019-08-26T13:50:14-04:00,False,"8.01,9.01",CLINICAL
0001104659-19-046145,0001213037,"Cardiff Oncology, Inc.",2019-08-15,2019-08-15T16:10:56-04:00,True,"8.01,9.01",PRESENTATION
0001104659-19-041217,0001213037,"Cardiff Oncology, Inc.",2019-07-22,2019-07-22T11:55:16-04:00,False,"8.01,9.01",PRESENTATION
0001104659-19-039671,0001213037,"Cardiff Oncology, Inc.",2019-07-09,2019-07-09T11:20:49-04:00,False,"8.01,9.01",OTHER
0001104659-19-032992,0001213037,"Cardiff Oncology, Inc.",2019-05-31,2019-05-31T09:09:47-04:00,False,"8.01,9.01",PRESENTATION
0001104659-19-031363,0001213037,"Cardiff Oncology, Inc.",2019-05-23,2019-05-23T09:25:43-04:00,False,"8.01,9.01",OTHER
0001104659-19-023054,0001213037,"Cardiff Oncology, Inc.",2019-04-23,2019-04-23T14:39:44-04:00,False,"8.01,9.01",OTHER
0001104659-19-020072,0001213037,"Cardiff Oncology, Inc.",2019-04-05,2019-04-05T10:03:54-04:00,False,"1.01,3.02,8.01,9.01",OTHER
0001193125-19-095338,0001213037,"Cardiff Oncology, Inc.",2019-04-02,2019-04-02T10:48:02-04:00,False,"8.01,9.01",CLINICAL
0001193125-19-094145,0001213037,"Cardiff Oncology, Inc.",2019-04-01,2019-04-01T13:10:33-04:00,False,"8.01,9.01",CLINICAL
0001193125-19-073028,0001213037,"Cardiff Oncology, Inc.",2019-03-13,2019-03-13T12:10:02-04:00,False,"8.01,9.01",OTHER
0001193125-19-071578,0001213037,"Cardiff Oncology, Inc.",2019-03-12,2019-03-12T11:19:02-04:00,False,"8.01,9.01",OTHER
0001193125-19-056253,0001213037,"Cardiff Oncology, Inc.",2019-02-28,2019-02-28T10:38:32-05:00,False,"8.01,9.01",PRESENTATION
0001193125-19-044909,0001213037,"Cardiff Oncology, Inc.",2019-02-20,2019-02-20T10:04:32-05:00,False,"5.03,8.01,9.01",OTHER
0001193125-19-039699,0001213037,"Cardiff Oncology, Inc.",2019-02-14,2019-02-14T10:43:02-05:00,False,"8.01,9.01",CLINICAL
0001193125-19-024055,0001213037,"Cardiff Oncology, Inc.",2019-01-31,2019-01-31T16:56:47-05:00,True,"5.03,8.01,9.01",OTHER
0001193125-19-021144,0001213037,"Cardiff Oncology, Inc.",2019-01-29,2019-01-29T17:23:33-05:00,True,"1.01,3.02,5.03,8.01,9.01",REGULATORY
0001193125-19-014479,0001213037,"Cardiff Oncology, Inc.",2019-01-23,2019-01-23T08:44:37-05:00,False,"8.01,9.01",OTHER
0001193125-19-009824,0001213037,"Cardiff Oncology, Inc.",2019-01-15,2019-01-15T16:57:07-05:00,True,"8.01,9.01",OTHER
0001193125-22-095275,0001226616,MEDICINOVA INC,2022-04-05,2022-04-04T18:01:01-04:00,True,8.01,OTHER
0001193125-21-165299,0001226616,MEDICINOVA INC,2021-05-18,2021-05-18T16:01:56-04:00,True,8.01,OTHER
0001193125-21-150688,0001226616,MEDICINOVA INC,2021-05-05,2021-05-05T06:06:01-04:00,False,8.01,OTHER
0001193125-21-023589,0001226616,MEDICINOVA INC,2021-02-01,2021-02-01T06:32:01-05:00,False,"3.02,8.01,9.01",OTHER
0001193125-21-006833,0001226616,MEDICINOVA INC,2021-01-12,2021-01-12T08:45:54-05:00,False,"1.01,3.02,8.01,9.01",OTHER
0000950170-25-076911,0001782303,"Boundless Bio, Inc.",2025-05-23,2025-05-23T16:06:08-04:00,True,"2.05,8.01",OTHER
0001193125-24-084736,0001782303,"Boundless Bio, Inc.",2024-04-02,2024-04-02T16:01:34-04:00,True,"5.03,8.01,9.01",OTHER
0000950170-25-109234,0000818033,"HERON THERAPEUTICS, INC. /DE/",2025-08-15,2025-08-15T07:45:32-04:00,False,"1.01,3.03,5.03,8.01,9.01",OTHER
0000950170-25-107416,0000818033,"HERON THERAPEUTICS, INC. /DE/",2025-08-12,2025-08-12T16:45:30-04:00,True,"1.01,5.03,8.01,9.01",OTHER
0000950170-25-063967,0000818033,"HERON THERAPEUTICS, INC. /DE/",2025-05-06,2025-05-06T07:30:08-04:00,False,"8.01,9.01",OTHER
0000950170-24-132874,0000818033,"HERON THERAPEUTICS, INC. /DE/",2024-12-03,2024-12-03T17:15:07-05:00,True,8.01,OTHER
0001193125-24-013587,0000818033,"HERON THERAPEUTICS, INC. /DE/",2024-01-24,2024-01-24T08:01:00-05:00,False,"8.01,9.01",REGULATORY
0001193125-23-302150,0000818033,"HERON THERAPEUTICS, INC. /DE/",2023-12-22,2023-12-22T16:30:04-05:00,True,8.01,REGULATORY
0000950170-23-007473,0000818033,"HERON THERAPEUTICS, INC. /DE/",2023-03-13,2023-03-13T09:11:45-04:00,False,"8.01,9.01",REGULATORY
0000950170-23-006139,0000818033,"HERON THERAPEUTICS, INC. /DE/",2023-03-06,2023-03-06T09:11:09-05:00,False,"8.01,9.01",OTHER
0000950170-22-027082,0000818033,"HERON THERAPEUTICS, INC. /DE/",2022-12-29,2022-12-29T09:10:31-05:00,False,"8.01,9.01",REGULATORY
0001564590-22-031836,0000818033,"HERON THERAPEUTICS, INC. /DE/",2022-09-19,2022-09-19T08:00:54-04:00,False,"8.01,9.01",REGULATORY
0001564590-22-010729,0000818033,"HERON THERAPEUTICS, INC. /DE/",2022-03-17,2022-03-17T08:45:16-04:00,False,"8.01,9.01",REGULATORY
0001564590-21-059819,0000818033,"HERON THERAPEUTICS, INC. /DE/",2021-12-09,2021-12-09T08:05:15-05:00,False,"8.01,9.01",REGULATORY
0001564590-21-057541,0000818033,"HERON THERAPEUTICS, INC. /DE/",2021-11-18,2021-11-18T07:40:15-05:00,False,"8.01,9.01",REGULATORY
0001564590-21-049889,0000818033,"HERON THERAPEUTICS, INC. /DE/",2021-10-04,2021-10-04T08:40:21-04:00,False,"8.01,9.01",REGULATORY
0001564590-21-027241,0000818033,"HERON THERAPEUTICS, INC. /DE/",2021-05-13,2021-05-13T08:25:43-04:00,False,"8.01,9.01",REGULATORY
0001564590-20-053742,0000818033,"HERON THERAPEUTICS, INC. /DE/",2020-11-13,2020-11-13T08:40:21-05:00,False,"8.01,9.01",REGULATORY
0001564590-20-044749,0000818033,"HERON THERAPEUTICS, INC. /DE/",2020-09-28,2020-09-28T08:41:33-04:00,False,"8.01,9.01",REGULATORY
0001564590-20-042727,0000818033,"HERON THERAPEUTICS, INC. /DE/",2020-09-08,2020-09-08T08:41:30-04:00,False,"8.01,9.01",REGULATORY
0001564590-20-033338,0000818033,"HERON THERAPEUTICS, INC. /DE/",2020-07-24,2020-07-24T08:40:28-04:00,False,"8.01,9.01",REGULATORY
0001564590-20-032445,0000818033,"HERON THERAPEUTICS, INC. /DE/",2020-07-16,2020-07-16T08:40:15-04:00,False,"8.01,9.01",OTHER
0001564590-20-031058,0000818033,"HERON THERAPEUTICS, INC. /DE/",2020-06-29,2020-06-29T16:06:13-04:00,True,"8.01,9.01",REGULATORY
0001564590-20-025913,0000818033,"HERON THERAPEUTICS, INC. /DE/",2020-05-18,2020-05-18T09:11:53-04:00,False,"8.01,9.01",REGULATORY
0001564590-20-005303,0000818033,"HERON THERAPEUTICS, INC. /DE/",2020-02-19,2020-02-19T16:37:23-05:00,True,"8.01,9.01",REGULATORY
0001564590-19-045076,0000818033,"HERON THERAPEUTICS, INC. /DE/",2019-12-03,2019-12-03T07:41:12-05:00,False,"8.01,9.01",REGULATORY
0001564590-19-038027,0000818033,"HERON THERAPEUTICS, INC. /DE/",2019-10-28,2019-10-28T08:41:10-04:00,False,"8.01,9.01",REGULATORY
0001564590-19-037287,0000818033,"HERON THERAPEUTICS, INC. /DE/",2019-10-22,2019-10-22T08:42:08-04:00,False,"8.01,9.01",REGULATORY
0001564590-19-036000,0000818033,"HERON THERAPEUTICS, INC. /DE/",2019-10-01,2019-10-01T08:42:22-04:00,False,"8.01,9.01",REGULATORY
0001193125-19-195218,0000818033,"HERON THERAPEUTICS, INC. /DE/",2019-07-17,2019-07-17T08:30:33-04:00,False,"3.01,8.01",OTHER
0001193125-19-130962,0000818033,"HERON THERAPEUTICS, INC. /DE/",2019-05-01,2019-05-01T08:06:55-04:00,False,"8.01,9.01",REGULATORY
0001193125-19-093695,0000818033,"HERON THERAPEUTICS, INC. /DE/",2019-04-01,2019-04-01T08:35:33-04:00,False,"8.01,9.01",REGULATORY
0001193125-19-070125,0000818033,"HERON THERAPEUTICS, INC. /DE/",2019-03-11,2019-03-11T08:39:02-04:00,False,"8.01,9.01",CLINICAL
0001193125-19-051944,0000818033,"HERON THERAPEUTICS, INC. /DE/",2019-02-26,2019-02-26T16:10:32-05:00,True,"8.01,9.01",REGULATORY
0001193125-19-001151,0000818033,"HERON THERAPEUTICS, INC. /DE/",2019-01-03,2019-01-03T08:35:35-05:00,False,"8.01,9.01",CLINICAL
0001193125-25-202865,0001339970,aTYR PHARMA INC,2025-09-15,2025-09-15T08:30:27-04:00,False,"8.01,9.01",CLINICAL
0000950170-24-085058,0001339970,aTYR PHARMA INC,2024-07-22,2024-07-22T08:30:15-04:00,False,8.01,OTHER
0000950170-24-065899,0001339970,aTYR PHARMA INC,2024-05-29,2024-05-29T16:03:07-04:00,True,"5.02,5.05,5.07,8.01,9.01",OTHER
0000950170-23-047360,0001339970,aTYR PHARMA INC,2023-09-11,2023-09-11T08:04:08-04:00,False,8.01,CLINICAL
0000950170-23-002384,0001339970,aTYR PHARMA INC,2023-02-09,2023-02-09T16:48:04-05:00,True,"8.01,9.01",OTHER
0000950170-23-001836,0001339970,aTYR PHARMA INC,2023-02-06,2023-02-06T08:03:30-05:00,False,8.01,OTHER
0000950170-22-016670,0001339970,aTYR PHARMA INC,2022-08-11,2022-08-11T08:27:00-04:00,False,8.01,REGULATORY
0001564590-22-020476,0001339970,aTYR PHARMA INC,2022-05-17,2022-05-17T08:04:32-04:00,False,"8.01,9.01",PRESENTATION
0001564590-21-048145,0001339970,aTYR PHARMA INC,2021-09-16,2021-09-16T17:13:17-04:00,True,"8.01,9.01",OTHER
0001564590-21-047679,0001339970,aTYR PHARMA INC,2021-09-13,2021-09-13T08:30:49-04:00,False,"8.01,9.01",CLINICAL
0001564590-21-023319,0001339970,aTYR PHARMA INC,2021-05-04,2021-05-04T16:03:45-04:00,True,"8.01,9.01",OTHER
0001564590-21-013011,0001339970,aTYR PHARMA INC,2021-03-15,2021-03-15T08:09:17-04:00,False,"8.01,9.01",CLINICAL
0001564590-21-005005,0001339970,aTYR PHARMA INC,2021-02-09,2021-02-09T16:21:44-05:00,True,"8.01,9.01",OTHER
0001564590-21-001138,0001339970,aTYR PHARMA INC,2021-01-14,2021-01-14T08:05:18-05:00,False,"8.01,9.01",OTHER
0001564590-21-000167,0001339970,aTYR PHARMA INC,2021-01-04,2021-01-04T16:20:55-05:00,True,"8.01,9.01",CLINICAL
0001564590-20-026385,0001339970,aTYR PHARMA INC,2020-05-20,2020-05-20T16:19:16-04:00,True,"8.01,9.01",OTHER
0001564590-20-017579,0001339970,aTYR PHARMA INC,2020-04-21,2020-04-21T08:35:18-04:00,False,"8.01,9.01",REGULATORY
0001564590-19-045783,0001339970,aTYR PHARMA INC,2019-12-12,2019-12-12T08:10:16-05:00,False,"8.01,9.01",CLINICAL
0001564590-19-024170,0001339970,aTYR PHARMA INC,2019-07-01,2019-07-01T09:00:42-04:00,False,"5.02,8.01,9.01",OTHER
0001564590-19-024064,0001339970,aTYR PHARMA INC,2019-06-28,2019-06-28T16:15:36-04:00,True,"3.03,5.03,8.01,9.01",OTHER
0001564590-19-011319,0001339970,aTYR PHARMA INC,2019-04-11,2019-04-11T08:30:46-04:00,False,"1.01,8.01,9.01",OTHER
0001193125-25-258474,0001262104,"Lite Strategy, Inc.",2025-10-30,2025-10-30T16:00:27-04:00,True,"5.02,8.01,9.01",OTHER
0001140361-25-026773,0001262104,"Lite Strategy, Inc.",2025-07-22,2025-07-22T17:22:30-04:00,True,"1.01,1.02,3.02,5.02,8.01,9.01",OTHER
0000929638-24-002259,0001262104,"Lite Strategy, Inc.",2024-06-25,2024-06-25T16:05:16-04:00,True,8.01,OTHER
0000950170-24-017875,0001262104,"Lite Strategy, Inc.",2024-02-21,2024-02-21T16:00:17-05:00,True,"8.01,9.01",OTHER
0000950170-23-069381,0001262104,"Lite Strategy, Inc.",2023-12-11,2023-12-11T16:00:09-05:00,True,"8.01,9.01",CLINICAL
0001193125-23-191945,0001262104,"Lite Strategy, Inc.",2023-07-24,2023-07-24T09:16:29-04:00,False,"1.02,5.07,8.01,9.01",OTHER
0001193125-23-189610,0001262104,"Lite Strategy, Inc.",2023-07-19,2023-07-19T16:02:09-04:00,True,"1.02,8.01,9.01",OTHER
0001193125-23-188930,0001262104,"Lite Strategy, Inc.",2023-07-18,2023-07-18T17:20:27-04:00,True,"8.01,9.01",OTHER
0001193125-23-188090,0001262104,"Lite Strategy, Inc.",2023-07-17,2023-07-17T16:02:00-04:00,True,"8.01,9.01",OTHER
0001193125-23-186570,0001262104,"Lite Strategy, Inc.",2023-07-13,2023-07-13T16:15:59-04:00,True,"8.01,9.01",OTHER
0001193125-23-183853,0001262104,"Lite Strategy, Inc.",2023-07-07,2023-07-07T16:51:30-04:00,True,"8.01,9.01",OTHER
0001193125-23-182031,0001262104,"Lite Strategy, Inc.",2023-07-05,2023-07-05T17:07:06-04:00,True,"8.01,9.01",OTHER
0001193125-23-178569,0001262104,"Lite Strategy, Inc.",2023-06-29,2023-06-29T16:02:04-04:00,True,"8.01,9.01",OTHER
0001193125-23-176628,0001262104,"Lite Strategy, Inc.",2023-06-28,2023-06-28T06:07:29-04:00,False,"8.01,9.01",OTHER
0001193125-23-158451,0001262104,"Lite Strategy, Inc.",2023-06-01,2023-06-01T08:16:51-04:00,False,"8.01,9.01",OTHER
0001193125-23-156923,0001262104,"Lite Strategy, Inc.",2023-05-31,2023-05-30T21:00:58-04:00,True,"8.01,9.01",OTHER
0001193125-23-102213,0001262104,"Lite Strategy, Inc.",2023-04-14,2023-04-14T16:49:02-04:00,True,"3.03,5.03,8.01,9.01",OTHER
0001193125-22-301019,0001262104,"Lite Strategy, Inc.",2022-12-08,2022-12-08T16:04:13-05:00,True,"5.07,8.01,9.01",REGULATORY
0001193125-22-084277,0001262104,"Lite Strategy, Inc.",2022-03-25,2022-03-24T21:56:05-04:00,True,"8.01,9.01",REGULATORY
0001193125-21-349142,0001262104,"Lite Strategy, Inc.",2021-12-06,2021-12-06T17:22:02-05:00,True,"8.01,9.01",OTHER
0001193125-21-342891,0001262104,"Lite Strategy, Inc.",2021-11-30,2021-11-30T07:13:55-05:00,False,"8.01,9.01",CLINICAL
0001193125-21-189193,0001262104,"Lite Strategy, Inc.",2021-06-14,2021-06-11T19:28:07-04:00,True,"8.01,9.01",PRESENTATION
0001193125-21-144939,0001262104,"Lite Strategy, Inc.",2021-04-30,2021-04-30T16:01:56-04:00,True,"5.02,8.01,9.01",OTHER
0001193125-20-290299,0001262104,"Lite Strategy, Inc.",2020-11-10,2020-11-10T17:11:29-05:00,True,"8.01,9.01",OTHER
0001193125-20-185881,0001262104,"Lite Strategy, Inc.",2020-07-02,2020-07-02T07:31:59-04:00,False,"8.01,9.01",CLINICAL
0001193125-20-106585,0001262104,"Lite Strategy, Inc.",2020-04-14,2020-04-14T13:26:58-04:00,False,"5.02,8.01,9.01",OTHER
0001193125-20-105808,0001262104,"Lite Strategy, Inc.",2020-04-14,2020-04-14T07:31:04-04:00,False,"1.01,1.02,8.01,9.01",OTHER
0001193125-19-316554,0001262104,"Lite Strategy, Inc.",2019-12-18,2019-12-17T21:32:33-05:00,True,"8.01,9.01",OTHER
0001193125-19-189160,0001262104,"Lite Strategy, Inc.",2019-07-03,2019-07-03T15:00:32-04:00,False,"5.02,8.01,9.01",OTHER
0001193125-19-164088,0001262104,"Lite Strategy, Inc.",2019-06-03,2019-06-03T16:06:03-04:00,True,"8.01,9.01",CLINICAL
0001193125-25-269526,0001534133,"CalciMedica, Inc.",2025-11-06,2025-11-06T16:11:13-05:00,True,"8.01,9.01",OTHER
0001193125-25-046225,0001534133,"CalciMedica, Inc.",2025-03-05,2025-03-05T07:08:25-05:00,False,"1.01,2.03,3.02,8.01,9.01",OTHER
0001193125-24-283105,0001534133,"CalciMedica, Inc.",2024-12-20,2024-12-20T16:06:00-05:00,True,"8.01,9.01",OTHER
0001193125-24-248761,0001534133,"CalciMedica, Inc.",2024-10-31,2024-10-31T16:48:00-04:00,True,"1.01,8.01,9.01",OTHER
0001193125-24-081584,0001534133,"CalciMedica, Inc.",2024-03-29,2024-03-29T08:35:33-04:00,False,"8.01,9.01",OTHER
0001193125-23-210794,0001534133,"CalciMedica, Inc.",2023-08-11,2023-08-11T16:28:30-04:00,True,"8.01,9.01",OTHER
0001193125-23-137097,0001534133,"CalciMedica, Inc.",2023-05-05,2023-05-05T16:09:11-04:00,True,"3.01,8.01",OTHER
0001193125-23-076714,0001534133,"CalciMedica, Inc.",2023-03-22,2023-03-22T16:18:04-04:00,True,"2.01,3.01,3.02,3.03,5.01,5.02,5.03,8.01,9.01",OTHER
0001193125-23-071452,0001534133,"CalciMedica, Inc.",2023-03-15,2023-03-15T17:03:53-04:00,True,"5.07,8.01",OTHER
0001193125-23-059999,0001534133,"CalciMedica, Inc.",2023-03-03,2023-03-03T16:04:13-05:00,True,"5.02,8.01",OTHER
0001193125-22-290485,0001534133,"CalciMedica, Inc.",2022-11-22,2022-11-22T07:51:03-05:00,False,"8.01,9.01",OTHER
0001193125-22-290244,0001534133,"CalciMedica, Inc.",2022-11-22,2022-11-21T21:49:03-05:00,True,"1.01,8.01,9.01",OTHER
0001213900-25-120759,0001074871,"Modular Medical, Inc.",2025-12-11,2025-12-11T17:00:24-05:00,True,"1.01,8.01,9.01",OTHER
0001213900-25-048276,0001074871,"Modular Medical, Inc.",2025-05-28,2025-05-28T16:05:30-04:00,True,"5.02,8.01,9.01",OTHER
0001213900-24-102121,0001074871,"Modular Medical, Inc.",2024-11-25,2024-11-25T15:39:55-05:00,False,"1.01,8.01,9.01",OTHER
0001213900-24-075772,0001074871,"Modular Medical, Inc.",2024-09-05,2024-09-05T06:06:43-04:00,False,"8.01,9.01",REGULATORY
0001213900-24-014985,0001074871,"Modular Medical, Inc.",2024-02-16,2024-02-16T17:27:54-05:00,True,"1.01,8.01,9.01",OTHER
0001213900-24-014542,0001074871,"Modular Medical, Inc.",2024-02-15,2024-02-15T16:01:39-05:00,True,"3.03,5.03,5.07,8.01,9.01",OTHER
0001213900-24-004669,0001074871,"Modular Medical, Inc.",2024-01-19,2024-01-19T08:30:34-05:00,False,"8.01,9.01",REGULATORY
0001213900-23-040917,0001074871,"Modular Medical, Inc.",2023-05-17,2023-05-17T17:21:40-04:00,True,"1.01,8.01,9.01",OTHER
0001019056-22-000518,0001074871,"Modular Medical, Inc.",2022-07-26,2022-07-26T09:00:55-04:00,False,"3.02,5.02,8.01,9.01",OTHER
0001019056-22-000516,0001074871,"Modular Medical, Inc.",2022-07-25,2022-07-22T17:44:16-04:00,True,8.01,OTHER
0001019056-22-000371,0001074871,"Modular Medical, Inc.",2022-05-05,2022-05-05T17:00:32-04:00,True,"1.01,3.02,8.01,9.01",OTHER
0001019056-22-000321,0001074871,"Modular Medical, Inc.",2022-04-08,2022-04-08T07:21:40-04:00,False,"8.01,9.01",OTHER
0001019056-22-000236,0001074871,"Modular Medical, Inc.",2022-02-25,2022-02-25T15:59:27-05:00,False,"5.02,8.01,9.01",OTHER
0001019056-22-000180,0001074871,"Modular Medical, Inc.",2022-02-14,2022-02-14T11:29:18-05:00,False,"1.01,8.01,9.01",OTHER
0001019056-22-000025,0001074871,"Modular Medical, Inc.",2022-01-04,2022-01-04T15:12:26-05:00,False,"5.02,8.01,9.01",OTHER
0001019056-21-000626,0001074871,"Modular Medical, Inc.",2021-12-03,2021-12-03T17:11:37-05:00,True,"5.02,8.01,9.01",OTHER
0001019056-21-000620,0001074871,"Modular Medical, Inc.",2021-12-01,2021-12-01T09:26:00-05:00,False,"5.03,8.01,9.01",OTHER
0001019056-21-000475,0001074871,"Modular Medical, Inc.",2021-08-16,2021-08-16T14:44:42-04:00,False,"5.02,8.01,9.01",OTHER
0001019056-21-000212,0001074871,"Modular Medical, Inc.",2021-03-25,2021-03-25T14:04:06-04:00,False,"8.01,9.01",PRESENTATION
0001493152-25-011402,0001401914,"Dare Bioscience, Inc.",2025-07-25,2025-07-25T08:00:27-04:00,False,8.01,OTHER
0001641172-25-020295,0001401914,"Dare Bioscience, Inc.",2025-07-21,2025-07-18T17:48:56-04:00,True,8.01,OTHER
0001641172-25-016374,0001401914,"Dare Bioscience, Inc.",2025-06-25,2025-06-25T08:00:42-04:00,False,8.01,OTHER
0001641172-25-003887,0001401914,"Dare Bioscience, Inc.",2025-04-11,2025-04-11T17:15:09-04:00,True,8.01,OTHER
0001493152-23-030659,0001401914,"Dare Bioscience, Inc.",2023-08-30,2023-08-30T16:05:19-04:00,True,"1.01,8.01,9.01",OTHER
0001493152-23-007352,0001401914,"Dare Bioscience, Inc.",2023-03-13,2023-03-13T08:20:35-04:00,False,"8.01,9.01",NO_TEXT
0001493152-23-003634,0001401914,"Dare Bioscience, Inc.",2023-02-06,2023-02-06T08:00:43-05:00,False,"8.01,9.01","INVALID:I appreciate your request, but I need to"
0001493152-23-002389,0001401914,"Dare Bioscience, Inc.",2023-01-25,2023-01-25T08:00:26-05:00,False,8.01,OTHER
0001493152-22-034410,0001401914,"Dare Bioscience, Inc.",2022-12-05,2022-12-05T07:45:20-05:00,False,8.01,OTHER
0001401914-22-000079,0001401914,"Dare Bioscience, Inc.",2022-09-12,2022-09-09T17:44:14-04:00,True,"8.01,9.01",PRESENTATION
0001493152-22-020205,0001401914,"Dare Bioscience, Inc.",2022-07-25,2022-07-25T09:00:54-04:00,False,"8.01,9.01",NO_TEXT
0001493152-22-018820,0001401914,"Dare Bioscience, Inc.",2022-07-07,2022-07-07T17:00:35-04:00,True,8.01,OTHER
0001401914-22-000054,0001401914,"Dare Bioscience, Inc.",2022-05-23,2022-05-20T17:37:03-04:00,True,"8.01,9.01",PRESENTATION
0001401914-22-000015,0001401914,"Dare Bioscience, Inc.",2022-03-07,2022-03-04T17:40:25-05:00,True,"8.01,9.01",PRESENTATION
0001401914-22-000012,0001401914,"Dare Bioscience, Inc.",2022-02-14,2022-02-11T17:40:49-05:00,True,"8.01,9.01",PRESENTATION
0001401914-22-000003,0001401914,"Dare Bioscience, Inc.",2022-01-10,2022-01-07T17:38:12-05:00,True,"8.01,9.01",PRESENTATION
0001401914-21-000144,0001401914,"Dare Bioscience, Inc.",2021-12-08,2021-12-08T16:05:09-05:00,True,"8.01,9.01",PRESENTATION
0001401914-21-000140,0001401914,"Dare Bioscience, Inc.",2021-12-07,2021-12-07T16:16:55-05:00,True,8.01,REGULATORY
0001401914-21-000125,0001401914,"Dare Bioscience, Inc.",2021-09-30,2021-09-29T17:46:54-04:00,True,"8.01,9.01",PRESENTATION
0001401914-21-000122,0001401914,"Dare Bioscience, Inc.",2021-09-09,2021-09-08T18:23:40-04:00,True,"8.01,9.01",PRESENTATION
0001401914-21-000106,0001401914,"Dare Bioscience, Inc.",2021-06-30,2021-06-29T17:41:18-04:00,True,"8.01,9.01",PRESENTATION
0001401914-21-000085,0001401914,"Dare Bioscience, Inc.",2021-05-17,2021-05-17T16:10:39-04:00,True,"8.01,9.01",PRESENTATION
0001401914-21-000061,0001401914,"Dare Bioscience, Inc.",2021-04-08,2021-04-08T16:03:52-04:00,True,"8.01,9.01",PRESENTATION
0001401914-21-000030,0001401914,"Dare Bioscience, Inc.",2021-03-08,2021-03-08T16:45:25-05:00,True,"8.01,9.01",PRESENTATION
0001401914-21-000026,0001401914,"Dare Bioscience, Inc.",2021-02-16,2021-02-12T17:33:38-05:00,True,"8.01,9.01",PRESENTATION
0001401914-21-000017,0001401914,"Dare Bioscience, Inc.",2021-01-11,2021-01-11T07:45:40-05:00,False,"8.01,9.01",PRESENTATION
0001401914-20-000126,0001401914,"Dare Bioscience, Inc.",2020-12-09,2020-12-09T16:03:07-05:00,True,"8.01,9.01",PRESENTATION
0001401914-20-000122,0001401914,"Dare Bioscience, Inc.",2020-11-18,2020-11-18T16:04:16-05:00,True,"8.01,9.01",PRESENTATION
0001401914-20-000114,0001401914,"Dare Bioscience, Inc.",2020-10-06,2020-10-06T16:06:09-04:00,True,"8.01,9.01",PRESENTATION
0001401914-20-000109,0001401914,"Dare Bioscience, Inc.",2020-09-09,2020-09-09T16:03:44-04:00,True,"8.01,9.01",PRESENTATION
0001401914-20-000081,0001401914,"Dare Bioscience, Inc.",2020-06-08,2020-06-05T17:52:37-04:00,True,"8.01,9.01",PRESENTATION
0001401914-20-000054,0001401914,"Dare Bioscience, Inc.",2020-04-27,2020-04-24T18:36:04-04:00,True,"8.01,9.01",PRESENTATION
0001401914-20-000038,0001401914,"Dare Bioscience, Inc.",2020-03-16,2020-03-16T16:10:36-04:00,True,"8.01,9.01",PRESENTATION
0001401914-20-000022,0001401914,"Dare Bioscience, Inc.",2020-02-10,2020-02-10T16:03:11-05:00,True,"8.01,9.01",PRESENTATION
0001401914-20-000020,0001401914,"Dare Bioscience, Inc.",2020-02-06,2020-02-06T08:52:49-05:00,False,"8.01,9.01",OTHER
0001401914-20-000018,0001401914,"Dare Bioscience, Inc.",2020-02-05,2020-02-04T18:08:33-05:00,True,8.01,OTHER
0001401914-20-000012,0001401914,"Dare Bioscience, Inc.",2020-01-30,2020-01-30T08:54:36-05:00,False,"8.01,9.01",OTHER
0001401914-20-000003,0001401914,"Dare Bioscience, Inc.",2020-01-09,2020-01-08T17:39:53-05:00,True,"8.01,9.01",PRESENTATION
0001401914-19-000086,0001401914,"Dare Bioscience, Inc.",2019-10-02,2019-10-02T16:04:28-04:00,True,"8.01,9.01",PRESENTATION
0001401914-19-000084,0001401914,"Dare Bioscience, Inc.",2019-09-09,2019-09-06T17:59:45-04:00,True,"8.01,9.01",PRESENTATION
0001401914-19-000074,0001401914,"Dare Bioscience, Inc.",2019-07-22,2019-07-22T17:15:14-04:00,True,"8.01,9.01",PRESENTATION
0001401914-19-000058,0001401914,"Dare Bioscience, Inc.",2019-06-03,2019-06-03T16:06:32-04:00,True,"8.01,9.01",PRESENTATION
0001401914-19-000050,0001401914,"Dare Bioscience, Inc.",2019-05-20,2019-05-20T16:20:06-04:00,True,"8.01,9.01",PRESENTATION
0001401914-19-000034,0001401914,"Dare Bioscience, Inc.",2019-04-22,2019-04-22T16:03:17-04:00,True,8.01,OTHER
0001401914-19-000032,0001401914,"Dare Bioscience, Inc.",2019-04-12,2019-04-12T16:05:33-04:00,True,8.01,OTHER
0001401914-19-000029,0001401914,"Dare Bioscience, Inc.",2019-04-11,2019-04-11T16:25:38-04:00,True,8.01,OTHER
0001401914-19-000023,0001401914,"Dare Bioscience, Inc.",2019-04-09,2019-04-09T08:50:06-04:00,False,"1.01,8.01,9.01",OTHER
0001401914-19-000017,0001401914,"Dare Bioscience, Inc.",2019-04-01,2019-04-01T16:47:25-04:00,True,"8.01,9.01",OTHER
0001401914-19-000008,0001401914,"Dare Bioscience, Inc.",2019-03-05,2019-03-05T08:45:39-05:00,False,"8.01,9.01",PRESENTATION
0001401914-19-000006,0001401914,"Dare Bioscience, Inc.",2019-02-11,2019-02-11T16:09:20-05:00,True,"8.01,9.01",PRESENTATION
0001401914-19-000003,0001401914,"Dare Bioscience, Inc.",2019-02-05,2019-02-05T11:04:10-05:00,False,"8.01,9.01",PRESENTATION
0001564590-19-000281,0001401914,"Dare Bioscience, Inc.",2019-01-07,2019-01-07T08:00:55-05:00,False,"8.01,9.01",PRESENTATION
0001140361-25-035286,0001411690,"Bionano Genomics, Inc.",2025-09-18,2025-09-17T18:02:26-04:00,True,"1.01,8.01,9.01",OTHER
0001140361-24-018645,0001411690,"Bionano Genomics, Inc.",2024-04-08,2024-04-08T16:56:24-04:00,True,"8.01,9.01",OTHER
0001140361-23-011289,0001411690,"Bionano Genomics, Inc.",2023-03-13,2023-03-13T07:30:40-04:00,False,8.01,OTHER
0001140361-22-043393,0001411690,"Bionano Genomics, Inc.",2022-11-29,2022-11-29T08:00:32-05:00,False,"8.01,9.01",PRESENTATION
0001140361-21-009777,0001411690,"Bionano Genomics, Inc.",2021-03-24,2021-03-24T16:11:37-04:00,True,"8.01,9.01",OTHER
0001140361-21-001667,0001411690,"Bionano Genomics, Inc.",2021-01-21,2021-01-21T06:06:21-05:00,False,"8.01,9.01",OTHER
0001140361-21-000749,0001411690,"Bionano Genomics, Inc.",2021-01-11,2021-01-11T08:37:55-05:00,False,"8.01,9.01",OTHER
0001140361-21-000003,0001411690,"Bionano Genomics, Inc.",2021-01-04,2021-01-04T06:03:16-05:00,False,8.01,OTHER
0001140361-20-019070,0001411690,"Bionano Genomics, Inc.",2020-08-26,2020-08-26T08:05:59-04:00,False,"5.02,8.01,9.01",OTHER
0001140361-20-018395,0001411690,"Bionano Genomics, Inc.",2020-08-14,2020-08-14T06:28:59-04:00,False,"8.01,9.01",OTHER
0001140361-20-008106,0001411690,"Bionano Genomics, Inc.",2020-04-06,2020-04-06T16:00:35-04:00,True,8.01,OTHER
0001140361-20-001848,0001411690,"Bionano Genomics, Inc.",2020-01-30,2020-01-30T16:05:16-05:00,True,8.01,OTHER
0001140361-19-018941,0001411690,"Bionano Genomics, Inc.",2019-10-23,2019-10-23T16:56:59-04:00,True,8.01,OTHER
0001140361-19-016942,0001411690,"Bionano Genomics, Inc.",2019-09-19,2019-09-19T06:04:17-04:00,False,8.01,OTHER
0001193125-19-017154,0001411690,"Bionano Genomics, Inc.",2019-01-25,2019-01-25T16:32:35-05:00,True,"3.03,8.01",OTHER
0001516551-24-000093,0001516551,"Skye Bioscience, Inc.",2024-10-29,2024-10-29T17:25:22-04:00,True,"5.02,8.01,9.01",OTHER
0001516551-24-000059,0001516551,"Skye Bioscience, Inc.",2024-06-10,2024-06-10T09:27:39-04:00,False,"8.01,9.01",CLINICAL
0001516551-24-000034,0001516551,"Skye Bioscience, Inc.",2024-03-04,2024-03-04T16:23:48-05:00,True,"5.02,8.01,9.01",OTHER
0001516551-24-000008,0001516551,"Skye Bioscience, Inc.",2024-02-12,2024-02-12T16:18:20-05:00,True,"8.01,9.01",OTHER
0001516551-23-000079,0001516551,"Skye Bioscience, Inc.",2023-10-03,2023-10-03T16:34:25-04:00,True,"5.02,8.01,9.01",OTHER
0001516551-23-000020,0001516551,"Skye Bioscience, Inc.",2023-02-16,2023-02-16T17:16:29-05:00,True,"5.02,8.01,9.01",OTHER
0001516551-23-000018,0001516551,"Skye Bioscience, Inc.",2023-02-15,2023-02-15T16:26:04-05:00,True,"1.01,2.01,8.01,9.01",OTHER
0001516551-22-000010,0001516551,"Skye Bioscience, Inc.",2022-05-12,2022-05-12T09:08:42-04:00,False,"1.01,3.02,5.02,8.01,9.01",OTHER
0001516551-21-000031,0001516551,"Skye Bioscience, Inc.",2021-12-20,2021-12-20T17:25:25-05:00,True,"5.02,8.01,9.01",OTHER
0001516551-21-000017,0001516551,"Skye Bioscience, Inc.",2021-10-15,2021-10-15T17:05:10-04:00,True,"1.01,8.01,9.01",OTHER
0001516551-21-000015,0001516551,"Skye Bioscience, Inc.",2021-10-06,2021-10-05T20:43:42-04:00,True,"5.02,8.01,9.01",OTHER
0001640334-21-002419,0001516551,"Skye Bioscience, Inc.",2021-09-28,2021-09-28T08:45:42-04:00,False,"1.01,8.01,9.01",OTHER
0001628280-21-018623,0001516551,"Skye Bioscience, Inc.",2021-09-15,2021-09-14T20:08:06-04:00,True,"5.02,8.01,9.01",OTHER
0001640334-21-001671,0001516551,"Skye Bioscience, Inc.",2021-07-26,2021-07-26T12:40:36-04:00,False,"5.02,8.01,9.01",OTHER
0001640334-21-000128,0001516551,"Skye Bioscience, Inc.",2021-01-19,2021-01-19T10:57:38-05:00,False,"5.03,8.01,9.01",NO_TEXT
0001640334-20-002056,0001516551,"Skye Bioscience, Inc.",2020-08-12,2020-08-12T16:41:53-04:00,True,"5.02,8.01,9.01",OTHER
0001640334-20-001960,0001516551,"Skye Bioscience, Inc.",2020-08-05,2020-08-04T20:00:01-04:00,True,"1.01,8.01,9.01",OTHER
0001640334-19-002653,0001516551,"Skye Bioscience, Inc.",2019-12-23,2019-12-20T20:10:43-05:00,True,"1.01,1.02,5.02,8.01,9.01",OTHER
0001640334-19-002436,0001516551,"Skye Bioscience, Inc.",2019-11-21,2019-11-21T17:21:03-05:00,True,"1.01,8.01,9.01",OTHER
0001640334-19-001741,0001516551,"Skye Bioscience, Inc.",2019-08-23,2019-08-23T07:42:39-04:00,False,8.01,OTHER
0001640334-19-000432,0001516551,"Skye Bioscience, Inc.",2019-03-25,2019-03-25T16:15:53-04:00,True,"5.03,8.01,9.01",OTHER
0001493152-25-023933,0001716947,"Ensysce Biosciences, Inc.",2025-11-17,2025-11-17T17:29:37-05:00,True,"1.01,3.02,5.03,8.01,9.01",OTHER
0001641172-25-006009,0001716947,"Ensysce Biosciences, Inc.",2025-04-24,2025-04-24T16:27:20-04:00,True,"1.01,3.02,8.01,9.01",OTHER
0001641172-25-002087,0001716947,"Ensysce Biosciences, Inc.",2025-04-01,2025-04-01T16:30:10-04:00,True,"8.01,9.01",OTHER
0001641172-25-001751,0001716947,"Ensysce Biosciences, Inc.",2025-03-31,2025-03-31T16:20:36-04:00,True,"1.01,3.02,8.01,9.01",OTHER
0001493152-24-034451,0001716947,"Ensysce Biosciences, Inc.",2024-08-30,2024-08-29T20:54:45-04:00,True,"1.01,3.02,8.01,9.01",OTHER
0001493152-24-021456,0001716947,"Ensysce Biosciences, Inc.",2024-05-28,2024-05-28T08:10:33-04:00,False,"8.01,9.01",OTHER
0001493152-24-018482,0001716947,"Ensysce Biosciences, Inc.",2024-05-09,2024-05-09T16:40:37-04:00,True,8.01,OTHER
0001493152-24-006773,0001716947,"Ensysce Biosciences, Inc.",2024-02-14,2024-02-14T17:27:47-05:00,True,"1.01,3.02,8.01,9.01",OTHER
0001493152-23-046578,0001716947,"Ensysce Biosciences, Inc.",2023-12-29,2023-12-29T16:15:30-05:00,True,8.01,OTHER
0001493152-23-045413,0001716947,"Ensysce Biosciences, Inc.",2023-12-19,2023-12-19T16:24:52-05:00,True,"8.01,9.01",OTHER
0001493152-23-021113,0001716947,"Ensysce Biosciences, Inc.",2023-06-14,2023-06-13T18:12:03-04:00,True,"8.01,9.01",OTHER
0001493152-23-019987,0001716947,"Ensysce Biosciences, Inc.",2023-06-02,2023-06-02T16:35:35-04:00,True,8.01,OTHER
0001493152-23-017038,0001716947,"Ensysce Biosciences, Inc.",2023-05-15,2023-05-15T11:05:44-04:00,False,"1.01,8.01,9.01",OTHER
0001493152-23-003873,0001716947,"Ensysce Biosciences, Inc.",2023-02-07,2023-02-07T17:14:59-05:00,True,"1.01,3.02,3.03,5.03,8.01,9.01",OTHER
0001493152-23-001811,0001716947,"Ensysce Biosciences, Inc.",2023-01-19,2023-01-18T19:15:53-05:00,True,"8.01,9.01",PRESENTATION
0001493152-22-034836,0001716947,"Ensysce Biosciences, Inc.",2022-12-08,2022-12-08T10:19:59-05:00,False,"1.01,8.01,9.01",OTHER
0001493152-22-031763,0001716947,"Ensysce Biosciences, Inc.",2022-11-14,2022-11-14T12:04:31-05:00,False,"8.01,9.01",REGULATORY
0001493152-22-014090,0001716947,"Ensysce Biosciences, Inc.",2022-05-17,2022-05-17T07:31:38-04:00,False,"8.01,9.01",NO_TEXT
0001193125-20-061642,0001716947,"Ensysce Biosciences, Inc.",2020-03-04,2020-03-04T16:21:06-05:00,True,8.01,OTHER
0001193125-20-026122,0001716947,"Ensysce Biosciences, Inc.",2020-02-06,2020-02-06T07:01:33-05:00,False,8.01,OTHER
0001493152-25-029364,0001853816,"Dermata Therapeutics, Inc.",2025-12-29,2025-12-29T16:05:50-05:00,True,"1.01,3.02,8.01,9.01",OTHER
0001493152-25-021255,0001853816,"Dermata Therapeutics, Inc.",2025-11-07,2025-11-07T16:05:49-05:00,True,"8.01,9.01",OTHER
0001493152-25-013815,0001853816,"Dermata Therapeutics, Inc.",2025-09-17,2025-09-17T06:05:11-04:00,False,8.01,CLINICAL
0001493152-25-012952,0001853816,"Dermata Therapeutics, Inc.",2025-09-10,2025-09-10T08:00:53-04:00,False,8.01,OTHER
0001641172-25-025405,0001853816,"Dermata Therapeutics, Inc.",2025-08-25,2025-08-25T17:00:11-04:00,True,8.01,OTHER
0001654954-25-000681,0001853816,"Dermata Therapeutics, Inc.",2025-01-23,2025-01-23T16:16:32-05:00,True,"1.01,3.02,8.01,9.01",OTHER
0001654954-24-012031,0001853816,"Dermata Therapeutics, Inc.",2024-09-17,2024-09-17T17:25:17-04:00,True,"1.01,3.02,8.01,9.01",OTHER
0001654954-24-009903,0001853816,"Dermata Therapeutics, Inc.",2024-08-02,2024-08-02T17:16:49-04:00,True,"8.01,9.01",OTHER
0001654954-24-007369,0001853816,"Dermata Therapeutics, Inc.",2024-06-05,2024-06-05T09:02:59-04:00,False,8.01,OTHER
0001654954-24-006312,0001853816,"Dermata Therapeutics, Inc.",2024-05-15,2024-05-15T09:00:42-04:00,False,"3.01,8.01",OTHER
0001654954-23-003722,0001853816,"Dermata Therapeutics, Inc.",2023-03-28,2023-03-28T16:06:16-04:00,True,8.01,OTHER
0001654954-22-016569,0001853816,"Dermata Therapeutics, Inc.",2022-12-15,2022-12-15T16:05:40-05:00,True,"3.01,8.01",OTHER
0001654954-22-007063,0001853816,"Dermata Therapeutics, Inc.",2022-05-17,2022-05-17T16:07:49-04:00,True,8.01,OTHER
0001654954-22-005375,0001853816,"Dermata Therapeutics, Inc.",2022-04-25,2022-04-25T16:45:41-04:00,True,"1.01,3.02,8.01,9.01",OTHER
0001654954-22-002423,0001853816,"Dermata Therapeutics, Inc.",2022-03-02,2022-03-02T17:25:43-05:00,True,8.01,REGULATORY
0001654954-22-001134,0001853816,"Dermata Therapeutics, Inc.",2022-02-04,2022-02-04T16:46:42-05:00,True,8.01,REGULATORY
0001193125-25-337078,0001826892,"BioAtla, Inc.",2025-12-30,2025-12-30T16:05:35-05:00,True,"5.07,8.01",OTHER
0001193125-25-211305,0001826892,"BioAtla, Inc.",2025-09-22,2025-09-22T16:10:07-04:00,True,8.01,OTHER
0000950170-24-061616,0001826892,"BioAtla, Inc.",2024-05-17,2024-05-17T16:05:22-04:00,True,8.01,OTHER
0000950170-24-013807,0001826892,"BioAtla, Inc.",2024-02-12,2024-02-12T16:01:17-05:00,True,8.01,OTHER
0001193125-23-288019,0001826892,"BioAtla, Inc.",2023-12-04,2023-12-04T09:01:00-05:00,False,"8.01,9.01",PRESENTATION
0001193125-22-277328,0001826892,"BioAtla, Inc.",2022-11-04,2022-11-04T06:08:34-04:00,False,"8.01,9.01",CLINICAL
0000950170-25-022630,0001510964,"CV Sciences, Inc.",2025-02-19,2025-02-18T19:06:54-05:00,True,8.01,OTHER
0000950170-24-130576,0001510964,"CV Sciences, Inc.",2024-11-25,2024-11-25T16:17:49-05:00,True,8.01,OTHER
0001510964-22-000051,0001510964,"CV Sciences, Inc.",2022-06-06,2022-06-06T16:01:40-04:00,True,8.01,OTHER
0001510964-22-000008,0001510964,"CV Sciences, Inc.",2022-03-28,2022-03-28T08:55:52-04:00,False,"1.01,2.03,8.01,9.01",OTHER
0001510964-21-000075,0001510964,"CV Sciences, Inc.",2021-11-15,2021-11-15T17:21:13-05:00,True,"1.01,2.03,8.01,9.01",OTHER
0001510964-20-000082,0001510964,"CV Sciences, Inc.",2020-12-08,2020-12-07T21:05:39-05:00,True,"1.01,8.01,9.01",OTHER
0001510964-20-000045,0001510964,"CV Sciences, Inc.",2020-05-20,2020-05-20T16:40:53-04:00,True,"8.01,9.01",OTHER
0001510964-19-000052,0001510964,"CV Sciences, Inc.",2019-09-20,2019-09-19T17:44:35-04:00,True,"8.01,9.01",OTHER
0001510964-19-000036,0001510964,"CV Sciences, Inc.",2019-07-08,2019-07-08T16:58:50-04:00,True,8.01,OTHER
0001510964-19-000011,0001510964,"CV Sciences, Inc.",2019-04-02,2019-04-02T16:49:38-04:00,True,8.01,OTHER
0001193125-25-306915,0001810560,"REVELATION BIOSCIENCES, INC.",2025-12-03,2025-12-03T17:01:56-05:00,True,"3.03,5.07,8.01,9.01",CLINICAL
0001193125-25-203750,0001810560,"REVELATION BIOSCIENCES, INC.",2025-09-15,2025-09-15T17:02:40-04:00,True,"1.01,3.02,3.03,8.01,9.01",OTHER
0001810560-25-000006,0001810560,"REVELATION BIOSCIENCES, INC.",2025-09-09,2025-09-09T08:02:12-04:00,False,"8.01,9.01",CLINICAL
0000950170-25-094789,0001810560,"REVELATION BIOSCIENCES, INC.",2025-07-09,2025-07-09T16:17:31-04:00,True,"3.03,5.03,8.01,9.01",OTHER
0000950170-25-089972,0001810560,"REVELATION BIOSCIENCES, INC.",2025-06-25,2025-06-25T16:26:46-04:00,True,"5.07,8.01","INVALID:I appreciate your request, but I cannot "
0000950170-25-081604,0001810560,"REVELATION BIOSCIENCES, INC.",2025-06-04,2025-06-04T16:05:23-04:00,True,"1.01,3.03,8.01,9.01",OTHER
0000950170-25-078340,0001810560,"REVELATION BIOSCIENCES, INC.",2025-05-28,2025-05-28T16:14:23-04:00,True,"5.02,8.01",OTHER
0000950170-25-040294,0001810560,"REVELATION BIOSCIENCES, INC.",2025-03-17,2025-03-17T16:17:14-04:00,True,8.01,CLINICAL
0000950170-25-025626,0001810560,"REVELATION BIOSCIENCES, INC.",2025-02-24,2025-02-24T16:12:08-05:00,True,"8.01,9.01",OTHER
0000950170-25-017882,0001810560,"REVELATION BIOSCIENCES, INC.",2025-02-11,2025-02-11T16:05:25-05:00,True,"8.01,9.01",PRESENTATION
0000950170-25-007303,0001810560,"REVELATION BIOSCIENCES, INC.",2025-01-21,2025-01-21T16:31:27-05:00,True,"5.07,8.01,9.01",CLINICAL
0000950170-25-002828,0001810560,"REVELATION BIOSCIENCES, INC.",2025-01-07,2025-01-07T16:05:18-05:00,True,"3.01,8.01,9.01",OTHER
0000950170-24-135895,0001810560,"REVELATION BIOSCIENCES, INC.",2024-12-12,2024-12-12T17:20:49-05:00,True,"8.01,9.01",OTHER
0000950170-24-134064,0001810560,"REVELATION BIOSCIENCES, INC.",2024-12-06,2024-12-06T16:03:58-05:00,True,"1.01,3.02,3.03,8.01,9.01",REGULATORY
0000950170-24-109998,0001810560,"REVELATION BIOSCIENCES, INC.",2024-09-27,2024-09-27T16:09:26-04:00,True,"8.01,9.01",CLINICAL
0000950170-24-100550,0001810560,"REVELATION BIOSCIENCES, INC.",2024-08-26,2024-08-26T16:25:36-04:00,True,"1.01,3.02,3.03,8.01,9.01",OTHER
0000950170-24-089966,0001810560,"REVELATION BIOSCIENCES, INC.",2024-08-02,2024-08-02T16:11:50-04:00,True,"8.01,9.01",OTHER
0000950170-24-076761,0001810560,"REVELATION BIOSCIENCES, INC.",2024-06-24,2024-06-24T16:28:06-04:00,True,"8.01,9.01",OTHER
0000950170-24-012748,0001810560,"REVELATION BIOSCIENCES, INC.",2024-02-08,2024-02-08T16:01:23-05:00,True,"1.01,3.03,8.01,9.01",OTHER
0000950170-23-003213,0001810560,"REVELATION BIOSCIENCES, INC.",2023-02-17,2023-02-17T16:13:29-05:00,True,8.01,OTHER
0000950170-23-000608,0001810560,"REVELATION BIOSCIENCES, INC.",2023-01-10,2023-01-10T16:02:33-05:00,True,"8.01,9.01",OTHER
0000950170-22-013698,0001810560,"REVELATION BIOSCIENCES, INC.",2022-08-01,2022-08-01T17:09:54-04:00,True,"1.01,8.01,9.01",OTHER
0001213900-21-065969,0001810560,"REVELATION BIOSCIENCES, INC.",2021-12-17,2021-12-17T15:31:52-05:00,False,8.01,OTHER
0001213900-21-062013,0001810560,"REVELATION BIOSCIENCES, INC.",2021-11-24,2021-11-24T17:17:41-05:00,True,8.01,OTHER
0001213900-21-053548,0001810560,"REVELATION BIOSCIENCES, INC.",2021-10-19,2021-10-19T17:23:21-04:00,True,"1.01,2.03,8.01,9.01",OTHER
0001213900-21-049595,0001810560,"REVELATION BIOSCIENCES, INC.",2021-09-23,2021-09-23T17:22:40-04:00,True,"1.01,2.03,5.03,8.01,9.01",OTHER
0001213900-21-030290,0001810560,"REVELATION BIOSCIENCES, INC.",2021-06-01,2021-06-01T16:31:29-04:00,True,"3.01,8.01,9.01",OTHER
0001213900-20-036166,0001810560,"REVELATION BIOSCIENCES, INC.",2020-11-10,2020-11-10T16:05:45-05:00,True,"8.01,9.01",OTHER
0001213900-20-031128,0001810560,"REVELATION BIOSCIENCES, INC.",2020-10-13,2020-10-13T17:20:38-04:00,True,"1.01,3.02,5.03,8.01,9.01",OTHER
0001193125-20-141404,0001355790,International Stem Cell CORP,2020-05-13,2020-05-13T13:39:32-04:00,False,8.01,OTHER
0001564590-20-019252,0001355790,International Stem Cell CORP,2020-04-28,2020-04-28T16:35:29-04:00,True,8.01,OTHER
0001564590-20-014239,0001355790,International Stem Cell CORP,2020-03-30,2020-03-30T16:42:13-04:00,True,8.01,OTHER
0001628280-25-056751,0001824293,"GRI Bio, Inc.",2025-12-12,2025-12-12T16:05:13-05:00,True,"8.01,9.01",OTHER
0001824293-25-000167,0001824293,"GRI Bio, Inc.",2025-12-10,2025-12-10T16:05:59-05:00,True,"8.01,9.01",CLINICAL
0001824293-25-000160,0001824293,"GRI Bio, Inc.",2025-12-08,2025-12-08T08:00:31-05:00,False,8.01,CLINICAL
0001824293-25-000094,0001824293,"GRI Bio, Inc.",2025-07-31,2025-07-31T09:02:46-04:00,False,"8.01,9.01",CLINICAL
0001824293-25-000079,0001824293,"GRI Bio, Inc.",2025-05-23,2025-05-23T07:16:47-04:00,False,"8.01,9.01",OTHER
0001824293-25-000063,0001824293,"GRI Bio, Inc.",2025-05-05,2025-05-05T07:35:49-04:00,False,"8.01,9.01",OTHER
0001628280-25-016066,0001824293,"GRI Bio, Inc.",2025-04-02,2025-04-02T08:29:59-04:00,False,"1.01,8.01,9.01",OTHER
0001824293-25-000045,0001824293,"GRI Bio, Inc.",2025-03-11,2025-03-11T08:37:05-04:00,False,"3.01,8.01,9.01","INVALID:COMPLIANCE

Wait, let me reconsider"
0001824293-25-000042,0001824293,"GRI Bio, Inc.",2025-02-19,2025-02-19T16:08:43-05:00,True,"3.03,5.03,8.01,9.01",OTHER
0001824293-24-000159,0001824293,"GRI Bio, Inc.",2024-12-20,2024-12-20T16:05:58-05:00,True,"8.01,9.01",OTHER
0001824293-24-000143,0001824293,"GRI Bio, Inc.",2024-10-24,2024-10-24T08:35:47-04:00,False,"8.01,9.01",OTHER
0001824293-24-000141,0001824293,"GRI Bio, Inc.",2024-10-22,2024-10-22T16:21:46-04:00,True,"1.01,3.02,3.03,8.01,9.01",OTHER
0001824293-24-000094,0001824293,"GRI Bio, Inc.",2024-07-26,2024-07-26T16:07:43-04:00,True,"8.01,9.01",OTHER
0001824293-24-000084,0001824293,"GRI Bio, Inc.",2024-07-19,2024-07-19T16:03:19-04:00,True,"8.01,9.01",OTHER
0001824293-24-000078,0001824293,"GRI Bio, Inc.",2024-07-08,2024-07-08T09:07:05-04:00,False,"3.01,8.01,9.01",OTHER
0001628280-24-030244,0001824293,"GRI Bio, Inc.",2024-06-27,2024-06-27T08:05:57-04:00,False,"1.01,8.01,9.01",OTHER
0001824293-24-000060,0001824293,"GRI Bio, Inc.",2024-06-14,2024-06-14T08:08:20-04:00,False,"3.03,5.03,8.01,9.01",OTHER
0001628280-24-003067,0001824293,"GRI Bio, Inc.",2024-02-02,2024-02-02T16:23:00-05:00,True,"1.01,8.01,9.01",OTHER
0001824293-24-000023,0001824293,"GRI Bio, Inc.",2024-01-30,2024-01-30T08:12:42-05:00,False,"3.03,5.03,8.01,9.01",OTHER
0001824293-23-000179,0001824293,"GRI Bio, Inc.",2023-12-05,2023-12-05T09:07:52-05:00,False,"8.01,9.01",PRESENTATION
0001824293-23-000177,0001824293,"GRI Bio, Inc.",2023-11-27,2023-11-27T08:38:43-05:00,False,8.01,REGULATORY
0001824293-23-000159,0001824293,"GRI Bio, Inc.",2023-08-23,2023-08-23T09:07:49-04:00,False,"1.01,2.01,8.01,9.01",OTHER
0001824293-23-000116,0001824293,"GRI Bio, Inc.",2023-04-27,2023-04-27T09:12:07-04:00,False,"8.01,9.01",PRESENTATION
0001824293-23-000073,0001824293,"GRI Bio, Inc.",2023-04-21,2023-04-21T17:14:39-04:00,True,"1.01,2.01,3.03,4.01,5.01,5.02,5.03,8.01,9.01",OTHER
0001824293-23-000065,0001824293,"GRI Bio, Inc.",2023-04-21,2023-04-20T19:38:47-04:00,True,"5.07,8.01,9.01",OTHER
0001824293-23-000062,0001824293,"GRI Bio, Inc.",2023-04-12,2023-04-12T16:06:39-04:00,True,"5.07,8.01,9.01",OTHER
0001824293-23-000056,0001824293,"GRI Bio, Inc.",2023-04-07,2023-04-07T08:24:20-04:00,False,8.01,OTHER
0001824293-23-000043,0001824293,"GRI Bio, Inc.",2023-04-04,2023-04-04T09:01:12-04:00,False,"8.01,9.01",OTHER
0001824293-23-000033,0001824293,"GRI Bio, Inc.",2023-03-31,2023-03-31T16:35:00-04:00,True,8.01,OTHER
0001824293-23-000010,0001824293,"GRI Bio, Inc.",2023-01-11,2023-01-11T08:30:26-05:00,False,"8.01,9.01",PRESENTATION
0001628280-22-031808,0001824293,"GRI Bio, Inc.",2022-12-13,2022-12-13T16:09:38-05:00,True,"1.01,8.01,9.01",OTHER
0001824293-22-000039,0001824293,"GRI Bio, Inc.",2022-05-18,2022-05-18T17:07:50-04:00,True,"3.02,5.03,8.01,9.01",OTHER
0001628280-22-014382,0001824293,"GRI Bio, Inc.",2022-05-13,2022-05-13T17:12:21-04:00,True,"1.01,8.01,9.01",OTHER
0001824293-22-000036,0001824293,"GRI Bio, Inc.",2022-05-12,2022-05-12T08:37:17-04:00,False,"8.01,9.01",CLINICAL
0001824293-22-000024,0001824293,"GRI Bio, Inc.",2022-04-22,2022-04-22T09:17:53-04:00,False,"5.02,8.01,9.01",OTHER
0001824293-22-000019,0001824293,"GRI Bio, Inc.",2022-03-21,2022-03-21T07:01:45-04:00,False,"8.01,9.01",CLINICAL
0001824293-21-000024,0001824293,"GRI Bio, Inc.",2021-12-23,2021-12-23T08:36:05-05:00,False,"8.01,9.01",CLINICAL
0001824293-21-000013,0001824293,"GRI Bio, Inc.",2021-10-12,2021-10-12T09:02:50-04:00,False,"8.01,9.01",OTHER
0001104659-21-049886,0001824293,"GRI Bio, Inc.",2021-04-14,2021-04-13T19:30:31-04:00,True,"8.01,9.01",PRESENTATION
0001104659-21-022369,0001824293,"GRI Bio, Inc.",2021-02-16,2021-02-16T06:02:26-05:00,False,"1.01,3.02,5.03,8.01,9.01",OTHER
0000950170-25-063979,0001497253,"VivoSim Labs, INC.",2025-05-06,2025-05-06T08:05:09-04:00,False,"8.01,9.01",OTHER
0000950170-25-044801,0001497253,"VivoSim Labs, INC.",2025-03-26,2025-03-26T08:05:08-04:00,False,"2.01,5.02,8.01,9.01",OTHER
0000950170-25-034181,0001497253,"VivoSim Labs, INC.",2025-03-06,2025-03-06T08:05:09-05:00,False,"8.01,9.01",OTHER
0000950170-25-026097,0001497253,"VivoSim Labs, INC.",2025-02-25,2025-02-25T08:06:08-05:00,False,"1.01,3.01,8.01,9.01",OTHER
0000950170-24-058805,0001497253,"VivoSim Labs, INC.",2024-05-13,2024-05-13T17:00:35-04:00,True,"1.01,8.01,9.01",OTHER
0000950170-24-046879,0001497253,"VivoSim Labs, INC.",2024-04-23,2024-04-23T16:05:11-04:00,True,"8.01,9.01",OTHER
0000950170-23-073581,0001497253,"VivoSim Labs, INC.",2023-12-28,2023-12-28T16:05:09-05:00,True,"3.02,8.01,9.01",OTHER
0001564590-22-031015,0001497253,"VivoSim Labs, INC.",2022-09-06,2022-09-06T08:06:27-04:00,False,"8.01,9.01",OTHER
0001193125-21-276145,0001497253,"VivoSim Labs, INC.",2021-09-17,2021-09-17T16:13:03-04:00,True,"8.01,9.01",OTHER
0001564590-20-040374,0001497253,"VivoSim Labs, INC.",2020-08-17,2020-08-17T08:05:52-04:00,False,"3.03,5.03,8.01,9.01",OTHER
0001564590-20-015914,0001497253,"VivoSim Labs, INC.",2020-04-08,2020-04-08T16:32:25-04:00,True,"1.02,5.07,8.01,9.01",OTHER
0001564590-20-014668,0001497253,"VivoSim Labs, INC.",2020-04-01,2020-04-01T09:17:36-04:00,False,"8.01,9.01",OTHER
0001564590-20-013657,0001497253,"VivoSim Labs, INC.",2020-03-27,2020-03-27T17:07:33-04:00,True,"5.07,8.01,9.01",OTHER
0001193125-20-080822,0001497253,"VivoSim Labs, INC.",2020-03-20,2020-03-20T17:21:03-04:00,True,"8.01,9.01",OTHER
0001193125-19-325309,0001497253,"VivoSim Labs, INC.",2019-12-30,2019-12-30T06:12:03-05:00,False,"3.01,8.01",OTHER
0001193125-19-314613,0001497253,"VivoSim Labs, INC.",2019-12-16,2019-12-16T08:04:04-05:00,False,"1.01,5.02,8.01,9.01",OTHER
0001564590-19-036322,0001497253,"VivoSim Labs, INC.",2019-10-03,2019-10-03T08:05:29-04:00,False,"8.01,9.01",OTHER
0001564590-19-029710,0001497253,"VivoSim Labs, INC.",2019-08-07,2019-08-07T09:07:22-04:00,False,"8.01,9.01",OTHER
0001641172-25-025273,0001855485,"Calidi Biotherapeutics, Inc.",2025-08-22,2025-08-22T17:27:23-04:00,True,"1.01,8.01,9.01",OTHER
0001641172-25-001969,0001855485,"Calidi Biotherapeutics, Inc.",2025-04-01,2025-04-01T06:07:00-04:00,False,"1.01,3.02,8.01,9.01",OTHER
0001493152-25-004887,0001855485,"Calidi Biotherapeutics, Inc.",2025-02-05,2025-02-04T18:15:51-05:00,True,"8.01,9.01",OTHER
0001493152-25-001711,0001855485,"Calidi Biotherapeutics, Inc.",2025-01-10,2025-01-10T16:24:52-05:00,True,"8.01,9.01",OTHER
0001493152-24-046330,0001855485,"Calidi Biotherapeutics, Inc.",2024-11-15,2024-11-15T17:02:23-05:00,True,"1.01,3.02,8.01,9.01",OTHER
0001493152-24-042406,0001855485,"Calidi Biotherapeutics, Inc.",2024-10-24,2024-10-24T17:18:07-04:00,True,"1.01,3.02,8.01,9.01",OTHER
0001493152-24-033215,0001855485,"Calidi Biotherapeutics, Inc.",2024-08-20,2024-08-20T06:04:17-04:00,False,"5.02,8.01",OTHER
0001493152-24-005808,0001855485,"Calidi Biotherapeutics, Inc.",2024-02-12,2024-02-12T06:30:32-05:00,False,"3.02,8.01,9.01",OTHER
0001193125-23-232609,0001855485,"Calidi Biotherapeutics, Inc.",2023-09-11,2023-09-11T17:29:34-04:00,True,"8.01,9.01",OTHER
0001193125-23-222968,0001855485,"Calidi Biotherapeutics, Inc.",2023-08-29,2023-08-29T07:03:05-04:00,False,"1.01,5.07,8.01,9.01",OTHER
0001193125-23-220122,0001855485,"Calidi Biotherapeutics, Inc.",2023-08-24,2023-08-24T16:14:06-04:00,True,"8.01,9.01",OTHER
0001193125-23-218005,0001855485,"Calidi Biotherapeutics, Inc.",2023-08-22,2023-08-22T16:14:02-04:00,True,"8.01,9.01",OTHER
0001193125-23-216394,0001855485,"Calidi Biotherapeutics, Inc.",2023-08-21,2023-08-21T06:06:32-04:00,False,8.01,OTHER
0001193125-23-169071,0001855485,"Calidi Biotherapeutics, Inc.",2023-06-16,2023-06-16T16:44:57-04:00,True,8.01,OTHER
0001193125-22-305908,0001855485,"Calidi Biotherapeutics, Inc.",2022-12-15,2022-12-15T16:16:23-05:00,True,"8.01,9.01",OTHER
0001193125-22-242078,0001855485,"Calidi Biotherapeutics, Inc.",2022-09-09,2022-09-09T17:18:07-04:00,True,"8.01,9.01",OTHER
0001193125-21-311401,0001855485,"Calidi Biotherapeutics, Inc.",2021-10-28,2021-10-28T16:44:01-04:00,True,"8.01,9.01",OTHER
0001193125-21-277439,0001855485,"Calidi Biotherapeutics, Inc.",2021-09-20,2021-09-20T17:26:59-04:00,True,"8.01,9.01",OTHER
0001193125-21-273980,0001855485,"Calidi Biotherapeutics, Inc.",2021-09-15,2021-09-15T16:21:59-04:00,True,"8.01,9.01",OTHER
0001640334-25-001680,0001621221,"ARTELO BIOSCIENCES, INC.",2025-09-15,2025-09-15T16:15:31-04:00,True,"8.01,9.01",OTHER
0001640334-25-001617,0001621221,"ARTELO BIOSCIENCES, INC.",2025-09-03,2025-09-03T17:29:52-04:00,True,8.01,CLINICAL
0001640334-25-001046,0001621221,"ARTELO BIOSCIENCES, INC.",2025-06-13,2025-06-13T17:10:52-04:00,True,"3.03,5.03,8.01,9.01",OTHER
0001640334-22-001896,0001621221,"ARTELO BIOSCIENCES, INC.",2022-08-25,2022-08-25T09:00:27-04:00,False,8.01,OTHER
0001640334-22-001683,0001621221,"ARTELO BIOSCIENCES, INC.",2022-08-09,2022-08-09T08:05:56-04:00,False,"3.03,5.03,8.01,9.01",CLINICAL
0001640334-22-000506,0001621221,"ARTELO BIOSCIENCES, INC.",2022-03-16,2022-03-16T06:05:56-04:00,False,8.01,OTHER
0001640334-22-000444,0001621221,"ARTELO BIOSCIENCES, INC.",2022-03-10,2022-03-09T19:15:17-05:00,True,"5.02,5.03,8.01,9.01",OTHER
0001640334-21-000356,0001621221,"ARTELO BIOSCIENCES, INC.",2021-02-16,2021-02-16T17:25:05-05:00,True,8.01,OTHER
0001640334-20-002559,0001621221,"ARTELO BIOSCIENCES, INC.",2020-10-14,2020-10-14T16:15:58-04:00,True,"1.01,8.01,9.01",OTHER
0001640334-20-001760,0001621221,"ARTELO BIOSCIENCES, INC.",2020-07-14,2020-07-14T09:21:08-04:00,False,"8.01,9.01",OTHER
0001640334-20-001606,0001621221,"ARTELO BIOSCIENCES, INC.",2020-06-26,2020-06-26T16:19:37-04:00,True,8.01,OTHER
0001640334-20-000210,0001621221,"ARTELO BIOSCIENCES, INC.",2020-02-07,2020-02-07T06:05:10-05:00,False,8.01,OTHER
0001640334-19-001230,0001621221,"ARTELO BIOSCIENCES, INC.",2019-06-25,2019-06-25T16:05:50-04:00,True,"1.01,5.03,8.01,9.01",OTHER
0001640334-19-000730,0001621221,"ARTELO BIOSCIENCES, INC.",2019-04-30,2019-04-30T17:05:15-04:00,True,"1.01,3.02,8.01",OTHER
0001640334-19-000362,0001621221,"ARTELO BIOSCIENCES, INC.",2019-03-08,2019-03-07T20:16:46-05:00,True,8.01,OTHER
0001683168-25-008001,0000882291,AETHLON MEDICAL INC,2025-11-06,2025-11-06T09:15:28-05:00,False,8.01,OTHER
0001683168-25-006917,0000882291,AETHLON MEDICAL INC,2025-09-12,2025-09-12T16:10:36-04:00,True,8.01,OTHER
0001683168-25-006788,0000882291,AETHLON MEDICAL INC,2025-09-09,2025-09-09T16:10:42-04:00,True,"1.01,8.01,9.01",OTHER
0001683168-25-004248,0000882291,AETHLON MEDICAL INC,2025-06-05,2025-06-05T08:30:54-04:00,False,8.01,OTHER
0001683168-24-008868,0000882291,AETHLON MEDICAL INC,2024-12-20,2024-12-20T08:01:08-05:00,False,"8.01,9.01",OTHER
0001683168-24-007858,0000882291,AETHLON MEDICAL INC,2024-11-12,2024-11-12T09:00:08-05:00,False,"8.01,9.01",OTHER
0001683168-24-006522,0000882291,AETHLON MEDICAL INC,2024-09-19,2024-09-19T08:01:08-04:00,False,"8.01,9.01",REGULATORY
0001683168-24-005445,0000882291,AETHLON MEDICAL INC,2024-08-12,2024-08-12T08:01:08-04:00,False,"8.01,9.01",REGULATORY
0001683168-24-003812,0000882291,AETHLON MEDICAL INC,2024-05-24,2024-05-24T13:24:31-04:00,False,8.01,OTHER
0001683168-24-003612,0000882291,AETHLON MEDICAL INC,2024-05-17,2024-05-17T16:05:28-04:00,True,"8.01,9.01",OTHER
0001683168-24-003191,0000882291,AETHLON MEDICAL INC,2024-05-10,2024-05-10T08:01:40-04:00,False,"8.01,9.01",OTHER
0001683168-24-002672,0000882291,AETHLON MEDICAL INC,2024-04-25,2024-04-25T08:00:15-04:00,False,"8.01,9.01",PRESENTATION
0001683168-23-006959,0000882291,AETHLON MEDICAL INC,2023-10-04,2023-10-04T17:05:12-04:00,True,"8.01,9.01",OTHER
0001683168-23-002609,0000882291,AETHLON MEDICAL INC,2023-04-25,2023-04-25T13:48:00-04:00,False,8.01,OTHER
0001683168-22-006679,0000882291,AETHLON MEDICAL INC,2022-09-29,2022-09-29T16:19:52-04:00,True,"8.01,9.01",OTHER
0001683168-22-006676,0000882291,AETHLON MEDICAL INC,2022-09-29,2022-09-29T16:05:16-04:00,True,8.01,OTHER
0001683168-22-006480,0000882291,AETHLON MEDICAL INC,2022-09-19,2022-09-19T17:00:14-04:00,True,"5.02,5.03,5.07,8.01,9.01",OTHER
0001683168-21-002493,0000882291,AETHLON MEDICAL INC,2021-06-11,2021-06-11T17:28:14-04:00,True,"8.01,9.01",OTHER
0001683168-20-003665,0000882291,AETHLON MEDICAL INC,2020-11-03,2020-11-03T16:15:06-05:00,True,"4.01,5.02,8.01,9.01",OTHER
0001683168-20-000188,0000882291,AETHLON MEDICAL INC,2020-01-17,2020-01-17T17:29:07-05:00,True,"1.01,8.01,9.01",OTHER
0001683168-19-004031,0000882291,AETHLON MEDICAL INC,2019-12-19,2019-12-19T13:49:49-05:00,False,8.01,OTHER
0001683168-19-003245,0000882291,AETHLON MEDICAL INC,2019-10-15,2019-10-15T08:01:46-04:00,False,"5.07,8.01,9.01",OTHER
0001683168-19-003151,0000882291,AETHLON MEDICAL INC,2019-10-03,2019-10-03T08:31:13-04:00,False,"8.01,9.01",OTHER
0001683168-19-003033,0000882291,AETHLON MEDICAL INC,2019-09-24,2019-09-24T10:59:34-04:00,False,"8.01,9.01",PRESENTATION
0001683168-19-001084,0000882291,AETHLON MEDICAL INC,2019-04-17,2019-04-17T08:27:10-04:00,False,"8.01,9.01",OTHER
0001493152-24-051174,0001618835,"Evofem Biosciences, Inc.",2024-12-23,2024-12-23T06:05:53-05:00,False,8.01,OTHER
0001493152-24-028352,0001618835,"Evofem Biosciences, Inc.",2024-07-18,2024-07-18T16:35:32-04:00,True,"1.01,8.01,9.01",OTHER
0001493152-24-009063,0001618835,"Evofem Biosciences, Inc.",2024-03-06,2024-03-06T17:14:53-05:00,True,"1.01,8.01,9.01",OTHER
0001493152-23-033841,0001618835,"Evofem Biosciences, Inc.",2023-09-27,2023-09-27T08:50:10-04:00,False,"8.01,9.01",OTHER
0001493152-23-015641,0001618835,"Evofem Biosciences, Inc.",2023-05-05,2023-05-05T17:00:15-04:00,True,8.01,REGULATORY
0001618835-23-000018,0001618835,"Evofem Biosciences, Inc.",2023-03-21,2023-03-20T21:55:55-04:00,True,"2.05,5.02,8.01",OTHER
0001618835-23-000016,0001618835,"Evofem Biosciences, Inc.",2023-03-14,2023-03-14T09:00:32-04:00,False,"1.01,8.01",OTHER
0001618835-23-000012,0001618835,"Evofem Biosciences, Inc.",2023-02-24,2023-02-23T20:59:02-05:00,True,"8.01,9.01",OTHER
0001618835-23-000005,0001618835,"Evofem Biosciences, Inc.",2023-01-12,2023-01-12T14:22:32-05:00,False,8.01,OTHER
0001618835-23-000004,0001618835,"Evofem Biosciences, Inc.",2023-01-10,2023-01-10T08:38:02-05:00,False,8.01,OTHER
0001618835-23-000003,0001618835,"Evofem Biosciences, Inc.",2023-01-09,2023-01-09T11:10:14-05:00,False,8.01,OTHER
0001618835-22-000212,0001618835,"Evofem Biosciences, Inc.",2022-12-30,2022-12-30T09:25:03-05:00,False,"8.01,9.01",OTHER
0001618835-22-000196,0001618835,"Evofem Biosciences, Inc.",2022-10-12,2022-10-11T21:23:56-04:00,True,"8.01,9.01",CLINICAL
0001618835-22-000172,0001618835,"Evofem Biosciences, Inc.",2022-09-16,2022-09-16T06:00:53-04:00,False,"1.01,2.03,2.04,3.02,8.01,9.01",OTHER
0001618835-22-000138,0001618835,"Evofem Biosciences, Inc.",2022-06-14,2022-06-14T16:15:28-04:00,True,8.01,OTHER
0001618835-22-000125,0001618835,"Evofem Biosciences, Inc.",2022-05-23,2022-05-20T19:55:26-04:00,True,"1.01,8.01,9.01",OTHER
0001618835-22-000097,0001618835,"Evofem Biosciences, Inc.",2022-05-05,2022-05-05T09:03:41-04:00,False,"1.01,2.03,3.02,5.03,5.07,8.01,9.01",OTHER
0001618835-22-000088,0001618835,"Evofem Biosciences, Inc.",2022-04-07,2022-04-07T06:51:41-04:00,False,"3.01,8.01,9.01",OTHER
0001618835-21-000252,0001618835,"Evofem Biosciences, Inc.",2021-12-08,2021-12-08T06:30:26-05:00,False,"8.01,9.01",OTHER
0001618835-21-000248,0001618835,"Evofem Biosciences, Inc.",2021-11-22,2021-11-22T06:50:23-05:00,False,"1.01,2.03,8.01,9.01",OTHER
0001618835-21-000215,0001618835,"Evofem Biosciences, Inc.",2021-10-12,2021-10-12T16:02:58-04:00,True,"1.01,8.01,9.01",OTHER
0001618835-21-000212,0001618835,"Evofem Biosciences, Inc.",2021-10-12,2021-10-12T06:04:12-04:00,False,"1.01,5.03,8.01,9.01",OTHER
0001618835-21-000127,0001618835,"Evofem Biosciences, Inc.",2021-05-19,2021-05-19T16:02:26-04:00,True,"1.01,8.01,9.01",OTHER
0001618835-21-000075,0001618835,"Evofem Biosciences, Inc.",2021-03-25,2021-03-25T16:16:35-04:00,True,"8.01,9.01",OTHER
0001618835-20-000226,0001618835,"Evofem Biosciences, Inc.",2020-10-15,2020-10-15T08:05:18-04:00,False,"1.01,2.03,3.02,8.01,9.01",OTHER
0001618835-20-000178,0001618835,"Evofem Biosciences, Inc.",2020-06-03,2020-06-03T16:52:29-04:00,True,"8.01,9.01",OTHER
0001618835-20-000169,0001618835,"Evofem Biosciences, Inc.",2020-06-02,2020-06-02T16:21:23-04:00,True,"1.02,8.01,9.01",PRESENTATION
0001618835-20-000149,0001618835,"Evofem Biosciences, Inc.",2020-05-22,2020-05-22T16:05:23-04:00,True,"8.01,9.01",REGULATORY
0001618835-20-000084,0001618835,"Evofem Biosciences, Inc.",2020-04-28,2020-04-28T07:59:30-04:00,False,"8.01,9.01",OTHER
0001618835-20-000081,0001618835,"Evofem Biosciences, Inc.",2020-04-27,2020-04-27T08:00:41-04:00,False,"1.01,2.03,3.02,8.01,9.01",OTHER
0001618835-20-000057,0001618835,"Evofem Biosciences, Inc.",2020-03-25,2020-03-25T17:00:36-04:00,True,"1.01,3.03,5.03,8.01,9.01",OTHER
0001618835-19-000208,0001618835,"Evofem Biosciences, Inc.",2019-12-02,2019-12-02T06:50:35-05:00,False,"8.01,9.01",CLINICAL
0001618835-19-000192,0001618835,"Evofem Biosciences, Inc.",2019-11-26,2019-11-26T07:30:20-05:00,False,"8.01,9.01",REGULATORY
0001618835-19-000114,0001618835,"Evofem Biosciences, Inc.",2019-06-10,2019-06-10T16:01:24-04:00,True,"3.02,5.02,8.01,9.01",OTHER
0001618835-19-000058,0001618835,"Evofem Biosciences, Inc.",2019-04-11,2019-04-11T17:16:31-04:00,True,"1.01,3.02,5.02,8.01,9.01",OTHER
0001618835-19-000003,0001618835,"Evofem Biosciences, Inc.",2019-01-03,2019-01-03T08:00:23-05:00,False,"8.01,9.01",CLINICAL
0001078782-20-000333,0001514946,"AXIM BIOTECHNOLOGIES, INC.",2020-05-14,2020-05-14T13:06:43-04:00,False,8.01,OTHER
0001078782-20-000203,0001514946,"AXIM BIOTECHNOLOGIES, INC.",2020-03-27,2020-03-27T13:17:00-04:00,False,8.01,OTHER
0001093557-25-000278,0001093557,DEXCOM INC,2025-10-30,2025-10-30T16:02:39-04:00,True,"2.02,9.01",EARNINGS
0001093557-25-000029,0001093557,DEXCOM INC,2025-02-13,2025-02-13T16:03:33-05:00,True,"2.02,9.01",EARNINGS
0001093557-25-000004,0001093557,DEXCOM INC,2025-01-13,2025-01-13T07:31:58-05:00,False,"2.02,9.01",EARNINGS
0001093557-24-000179,0001093557,DEXCOM INC,2024-10-24,2024-10-24T16:04:46-04:00,True,"2.02,9.01",EARNINGS
0001093557-24-000078,0001093557,DEXCOM INC,2024-04-25,2024-04-25T16:05:23-04:00,True,"2.02,9.01",EARNINGS
0001093557-24-000020,0001093557,DEXCOM INC,2024-02-08,2024-02-08T16:03:15-05:00,True,"2.02,9.01",EARNINGS
0001093557-24-000003,0001093557,DEXCOM INC,2024-01-08,2024-01-08T08:02:59-05:00,False,"2.02,9.01",EARNINGS
0001093557-23-000219,0001093557,DEXCOM INC,2023-10-26,2023-10-26T16:04:50-04:00,True,"2.02,9.01",EARNINGS
0001093557-23-000173,0001093557,DEXCOM INC,2023-07-27,2023-07-27T16:05:14-04:00,True,"2.02,9.01",EARNINGS
0001093557-23-000117,0001093557,DEXCOM INC,2023-04-27,2023-04-27T16:05:17-04:00,True,"2.02,9.01",EARNINGS
0001093557-23-000022,0001093557,DEXCOM INC,2023-02-09,2023-02-09T16:05:43-05:00,True,"2.02,9.01",EARNINGS
0001093557-23-000004,0001093557,DEXCOM INC,2023-01-09,2023-01-09T08:03:08-05:00,False,"2.02,9.01",EARNINGS
0001093557-22-000170,0001093557,DEXCOM INC,2022-10-27,2022-10-27T16:05:20-04:00,True,"2.02,9.01",EARNINGS
0001093557-22-000142,0001093557,DEXCOM INC,2022-07-28,2022-07-28T16:07:15-04:00,True,"2.02,9.01",EARNINGS
0001093557-22-000096,0001093557,DEXCOM INC,2022-04-28,2022-04-28T16:08:52-04:00,True,"2.02,9.01",EARNINGS
0001093557-22-000010,0001093557,DEXCOM INC,2022-02-10,2022-02-10T16:08:01-05:00,True,"2.02,9.01",EARNINGS
0001093557-21-000246,0001093557,DEXCOM INC,2021-10-28,2021-10-28T16:06:13-04:00,True,"2.02,9.01",EARNINGS
0001093557-21-000190,0001093557,DEXCOM INC,2021-07-29,2021-07-29T16:05:13-04:00,True,"2.02,9.01",EARNINGS
0001093557-21-000125,0001093557,DEXCOM INC,2021-04-29,2021-04-29T16:03:41-04:00,True,"2.02,9.01",EARNINGS
0001093557-21-000022,0001093557,DEXCOM INC,2021-02-11,2021-02-11T16:04:34-05:00,True,"2.02,9.01",EARNINGS
0001193125-21-005793,0001093557,DEXCOM INC,2021-01-11,2021-01-11T07:39:00-05:00,False,"2.02,9.01",EARNINGS
0001093557-20-000292,0001093557,DEXCOM INC,2020-10-27,2020-10-27T16:08:22-04:00,True,"2.02,9.01",EARNINGS
0001093557-20-000215,0001093557,DEXCOM INC,2020-07-28,2020-07-28T16:08:05-04:00,True,2.02,EARNINGS
0001093557-20-000140,0001093557,DEXCOM INC,2020-04-28,2020-04-28T16:07:32-04:00,True,"2.02,9.01",EARNINGS
0001093557-20-000028,0001093557,DEXCOM INC,2020-02-13,2020-02-13T16:08:44-05:00,True,"2.02,9.01",EARNINGS
0001193125-20-005913,0001093557,DEXCOM INC,2020-01-13,2020-01-13T07:33:09-05:00,False,"2.02,9.01",EARNINGS
0001093557-19-000235,0001093557,DEXCOM INC,2019-11-06,2019-11-06T16:06:58-05:00,True,"2.02,9.01",EARNINGS
0001093557-19-000179,0001093557,DEXCOM INC,2019-07-31,2019-07-31T16:08:15-04:00,True,"2.02,9.01",EARNINGS
0001093557-19-000118,0001093557,DEXCOM INC,2019-05-01,2019-05-01T16:13:32-04:00,True,2.02,EARNINGS
0001193125-19-003192,0001093557,DEXCOM INC,2019-01-07,2019-01-07T08:01:08-05:00,False,"2.02,9.01",EARNINGS
0001110803-25-000071,0001110803,"ILLUMINA, INC.",2025-10-30,2025-10-30T16:10:29-04:00,True,"2.02,9.01",EARNINGS
0001110803-25-000057,0001110803,"ILLUMINA, INC.",2025-07-31,2025-07-31T16:11:41-04:00,True,"2.02,9.01",EARNINGS
0001110803-25-000044,0001110803,"ILLUMINA, INC.",2025-05-08,2025-05-08T16:24:10-04:00,True,"2.02,9.01",EARNINGS
0001110803-25-000014,0001110803,"ILLUMINA, INC.",2025-02-06,2025-02-06T16:11:19-05:00,True,"2.02,9.01",EARNINGS
0001110803-25-000009,0001110803,"ILLUMINA, INC.",2025-01-14,2025-01-14T09:03:13-05:00,False,"2.02,9.01",EARNINGS
0001110803-24-000049,0001110803,"ILLUMINA, INC.",2024-11-04,2024-11-04T16:08:10-05:00,True,"2.02,9.01",EARNINGS
0001110803-24-000042,0001110803,"ILLUMINA, INC.",2024-08-06,2024-08-06T16:20:31-04:00,True,"2.02,9.01",EARNINGS
0001110803-24-000019,0001110803,"ILLUMINA, INC.",2024-05-02,2024-05-02T16:16:39-04:00,True,"2.02,9.01",EARNINGS
0001110803-24-000007,0001110803,"ILLUMINA, INC.",2024-02-08,2024-02-08T16:13:11-05:00,True,"2.02,9.01",EARNINGS
0001110803-24-000002,0001110803,"ILLUMINA, INC.",2024-01-09,2024-01-09T09:02:44-05:00,False,"2.02,9.01",EARNINGS
0001110803-23-000085,0001110803,"ILLUMINA, INC.",2023-11-09,2023-11-09T16:07:18-05:00,True,"2.02,9.01",EARNINGS
0001110803-23-000060,0001110803,"ILLUMINA, INC.",2023-08-09,2023-08-09T16:07:56-04:00,True,"2.02,9.01",EARNINGS
0001110803-23-000028,0001110803,"ILLUMINA, INC.",2023-04-25,2023-04-25T16:32:32-04:00,True,"2.02,9.01",EARNINGS
0001110803-23-000017,0001110803,"ILLUMINA, INC.",2023-02-07,2023-02-07T16:07:18-05:00,True,"2.02,9.01",EARNINGS
0001110803-23-000003,0001110803,"ILLUMINA, INC.",2023-01-11,2023-01-10T19:06:13-05:00,True,"2.02,9.01",EARNINGS
0001110803-22-000045,0001110803,"ILLUMINA, INC.",2022-11-03,2022-11-03T16:08:11-04:00,True,"2.02,9.01",EARNINGS
0001110803-22-000040,0001110803,"ILLUMINA, INC.",2022-08-11,2022-08-11T16:07:56-04:00,True,"2.02,9.01",EARNINGS
0001110803-22-000020,0001110803,"ILLUMINA, INC.",2022-05-05,2022-05-05T16:06:51-04:00,True,"2.02,9.01",EARNINGS
0001110803-22-000007,0001110803,"ILLUMINA, INC.",2022-02-10,2022-02-10T16:07:42-05:00,True,"2.02,9.01",EARNINGS
0001110803-22-000003,0001110803,"ILLUMINA, INC.",2022-01-11,2022-01-11T17:23:44-05:00,True,"2.02,9.01",EARNINGS
0001110803-21-000044,0001110803,"ILLUMINA, INC.",2021-11-04,2021-11-04T16:11:42-04:00,True,"2.02,9.01",EARNINGS
0001110803-21-000040,0001110803,"ILLUMINA, INC.",2021-08-05,2021-08-05T16:11:10-04:00,True,"2.02,9.01",EARNINGS
0001110803-21-000028,0001110803,"ILLUMINA, INC.",2021-04-27,2021-04-27T16:10:11-04:00,True,"2.02,9.01",EARNINGS
0001110803-21-000022,0001110803,"ILLUMINA, INC.",2021-04-05,2021-04-05T16:32:59-04:00,True,"2.02,9.01",EARNINGS
0001110803-21-000012,0001110803,"ILLUMINA, INC.",2021-02-11,2021-02-11T16:11:11-05:00,True,"2.02,9.01",EARNINGS
0001110803-21-000003,0001110803,"ILLUMINA, INC.",2021-01-12,2021-01-12T17:27:16-05:00,True,"2.02,9.01",EARNINGS
0001110803-20-000058,0001110803,"ILLUMINA, INC.",2020-10-29,2020-10-29T16:15:28-04:00,True,"2.02,9.01",EARNINGS
0001110803-20-000050,0001110803,"ILLUMINA, INC.",2020-08-06,2020-08-06T16:09:23-04:00,True,"2.02,9.01",EARNINGS
0001110803-20-000030,0001110803,"ILLUMINA, INC.",2020-04-30,2020-04-30T16:10:24-04:00,True,"2.02,9.01",EARNINGS
0001110803-20-000026,0001110803,"ILLUMINA, INC.",2020-04-14,2020-04-14T16:19:43-04:00,True,"2.02,9.01",EARNINGS
0001110803-20-000011,0001110803,"ILLUMINA, INC.",2020-01-29,2020-01-29T16:08:11-05:00,True,"2.02,9.01",EARNINGS
0001110803-20-000009,0001110803,"ILLUMINA, INC.",2020-01-16,2020-01-16T16:19:14-05:00,True,"2.02,9.01",EARNINGS
0001110803-19-000054,0001110803,"ILLUMINA, INC.",2019-10-24,2019-10-24T16:11:52-04:00,True,"2.02,9.01",EARNINGS
0001110803-19-000037,0001110803,"ILLUMINA, INC.",2019-07-29,2019-07-29T16:09:12-04:00,True,"2.02,9.01",EARNINGS
0001110803-19-000035,0001110803,"ILLUMINA, INC.",2019-07-11,2019-07-11T16:08:20-04:00,True,"2.02,9.01",EARNINGS
0001110803-19-000019,0001110803,"ILLUMINA, INC.",2019-04-25,2019-04-25T16:09:40-04:00,True,"2.02,9.01",EARNINGS
0001110803-19-000006,0001110803,"ILLUMINA, INC.",2019-01-29,2019-01-29T16:07:57-05:00,True,"2.02,9.01",EARNINGS
0000914475-25-000180,0000914475,NEUROCRINE BIOSCIENCES INC,2025-10-28,2025-10-28T16:02:28-04:00,True,"2.02,9.01",EARNINGS
0000914475-25-000157,0000914475,NEUROCRINE BIOSCIENCES INC,2025-07-30,2025-07-30T16:02:54-04:00,True,"2.02,9.01",EARNINGS
0000914475-25-000099,0000914475,NEUROCRINE BIOSCIENCES INC,2025-05-05,2025-05-05T16:02:56-04:00,True,"2.02,9.01",EARNINGS
0000914475-25-000034,0000914475,NEUROCRINE BIOSCIENCES INC,2025-02-06,2025-02-06T16:04:44-05:00,True,"2.02,9.01",EARNINGS
0000914475-24-000210,0000914475,NEUROCRINE BIOSCIENCES INC,2024-10-30,2024-10-30T07:02:54-04:00,False,"2.02,9.01",EARNINGS
0000914475-24-000180,0000914475,NEUROCRINE BIOSCIENCES INC,2024-08-01,2024-08-01T07:03:01-04:00,False,"2.02,9.01",EARNINGS
0000914475-24-000116,0000914475,NEUROCRINE BIOSCIENCES INC,2024-05-01,2024-05-01T07:01:57-04:00,False,"2.02,9.01",EARNINGS
0000914475-24-000033,0000914475,NEUROCRINE BIOSCIENCES INC,2024-02-07,2024-02-07T07:00:53-05:00,False,"2.02,9.01",EARNINGS
0000914475-23-000072,0000914475,NEUROCRINE BIOSCIENCES INC,2023-10-31,2023-10-31T07:01:39-04:00,False,"2.02,9.01",EARNINGS
0000914475-23-000056,0000914475,NEUROCRINE BIOSCIENCES INC,2023-08-01,2023-08-01T07:02:03-04:00,False,"2.02,9.01",EARNINGS
0000914475-23-000043,0000914475,NEUROCRINE BIOSCIENCES INC,2023-05-03,2023-05-03T07:32:26-04:00,False,"2.02,9.01",EARNINGS
0000914475-23-000005,0000914475,NEUROCRINE BIOSCIENCES INC,2023-02-06,2023-02-06T07:32:31-05:00,False,"2.02,9.01",EARNINGS
0000914475-22-000055,0000914475,NEUROCRINE BIOSCIENCES INC,2022-11-01,2022-11-01T07:31:18-04:00,False,"2.02,9.01",EARNINGS
0000914475-22-000043,0000914475,NEUROCRINE BIOSCIENCES INC,2022-08-04,2022-08-04T16:05:32-04:00,True,"2.02,9.01",EARNINGS
0000914475-22-000021,0000914475,NEUROCRINE BIOSCIENCES INC,2022-05-04,2022-05-04T07:37:13-04:00,False,"2.02,9.01",EARNINGS
0000914475-22-000009,0000914475,NEUROCRINE BIOSCIENCES INC,2022-02-11,2022-02-11T07:31:56-05:00,False,"2.02,9.01",EARNINGS
0000914475-22-000004,0000914475,NEUROCRINE BIOSCIENCES INC,2022-01-06,2022-01-06T16:08:06-05:00,True,"2.02,9.01",EARNINGS
0000914475-21-000057,0000914475,NEUROCRINE BIOSCIENCES INC,2021-11-01,2021-11-01T16:03:23-04:00,True,"2.02,9.01",EARNINGS
0000914475-21-000046,0000914475,NEUROCRINE BIOSCIENCES INC,2021-08-03,2021-08-03T16:02:35-04:00,True,"2.02,9.01",EARNINGS
0000914475-21-000035,0000914475,NEUROCRINE BIOSCIENCES INC,2021-05-05,2021-05-05T16:05:00-04:00,True,"2.02,9.01",EARNINGS
0000914475-21-000018,0000914475,NEUROCRINE BIOSCIENCES INC,2021-02-04,2021-02-04T16:05:51-05:00,True,"2.02,9.01",EARNINGS
0000914475-21-000004,0000914475,NEUROCRINE BIOSCIENCES INC,2021-01-08,2021-01-08T07:32:16-05:00,False,"2.02,9.01",EARNINGS
0000914475-20-000035,0000914475,NEUROCRINE BIOSCIENCES INC,2020-11-09,2020-11-09T16:02:44-05:00,True,"2.02,9.01",EARNINGS
0001564590-20-021928,0000914475,NEUROCRINE BIOSCIENCES INC,2020-05-06,2020-05-06T16:10:43-04:00,True,"2.02,9.01",EARNINGS
0001564590-20-003494,0000914475,NEUROCRINE BIOSCIENCES INC,2020-02-05,2020-02-05T17:13:17-05:00,True,"2.02,9.01",EARNINGS
0001564590-20-000868,0000914475,NEUROCRINE BIOSCIENCES INC,2020-01-13,2020-01-13T07:16:44-05:00,False,"2.02,9.01",EARNINGS
0001564590-19-039789,0000914475,NEUROCRINE BIOSCIENCES INC,2019-11-04,2019-11-04T16:10:24-05:00,True,"2.02,9.01",EARNINGS
0001564590-19-026585,0000914475,NEUROCRINE BIOSCIENCES INC,2019-07-29,2019-07-29T16:07:34-04:00,True,"2.02,9.01",EARNINGS
0001564590-19-013735,0000914475,NEUROCRINE BIOSCIENCES INC,2019-04-29,2019-04-29T16:18:56-04:00,True,"2.02,9.01",EARNINGS
0001564590-19-001996,0000914475,NEUROCRINE BIOSCIENCES INC,2019-02-05,2019-02-05T16:08:51-05:00,True,"2.02,9.01",EARNINGS
0001193125-19-003238,0000914475,NEUROCRINE BIOSCIENCES INC,2019-01-07,2019-01-07T08:30:36-05:00,False,"2.02,9.01",EARNINGS
0001159036-25-000033,0001159036,"HALOZYME THERAPEUTICS, INC.",2025-08-05,2025-08-05T16:06:09-04:00,True,"2.02,9.01",EARNINGS
0001159036-25-000025,0001159036,"HALOZYME THERAPEUTICS, INC.",2025-05-06,2025-05-06T16:06:31-04:00,True,"2.02,9.01",EARNINGS
0001159036-25-000008,0001159036,"HALOZYME THERAPEUTICS, INC.",2025-02-18,2025-02-18T16:06:39-05:00,True,"2.02,9.01",EARNINGS
0001159036-25-000003,0001159036,"HALOZYME THERAPEUTICS, INC.",2025-01-08,2025-01-08T08:00:20-05:00,False,"2.02,9.01",EARNINGS
0001159036-24-000049,0001159036,"HALOZYME THERAPEUTICS, INC.",2024-10-31,2024-10-31T16:05:56-04:00,True,"2.02,9.01",EARNINGS
0001159036-24-000043,0001159036,"HALOZYME THERAPEUTICS, INC.",2024-08-06,2024-08-06T16:03:09-04:00,True,"2.02,9.01",EARNINGS
0001159036-24-000036,0001159036,"HALOZYME THERAPEUTICS, INC.",2024-05-07,2024-05-07T16:05:55-04:00,True,"2.02,9.01",EARNINGS
0001159036-24-000007,0001159036,"HALOZYME THERAPEUTICS, INC.",2024-02-20,2024-02-20T16:03:54-05:00,True,"2.02,9.01",EARNINGS
0001159036-24-000003,0001159036,"HALOZYME THERAPEUTICS, INC.",2024-01-17,2024-01-17T08:10:41-05:00,False,2.02,EARNINGS
0001159036-23-000056,0001159036,"HALOZYME THERAPEUTICS, INC.",2023-11-06,2023-11-06T16:04:05-05:00,True,"2.02,9.01",EARNINGS
0001159036-23-000047,0001159036,"HALOZYME THERAPEUTICS, INC.",2023-08-08,2023-08-08T16:06:31-04:00,True,"2.02,9.01",EARNINGS
0001159036-23-000037,0001159036,"HALOZYME THERAPEUTICS, INC.",2023-05-09,2023-05-09T16:06:22-04:00,True,"2.02,9.01",EARNINGS
0001159036-23-000011,0001159036,"HALOZYME THERAPEUTICS, INC.",2023-02-21,2023-02-21T16:21:37-05:00,True,"2.02,9.01",EARNINGS
0001159036-22-000058,0001159036,"HALOZYME THERAPEUTICS, INC.",2022-11-08,2022-11-08T16:06:38-05:00,True,"2.02,9.01",EARNINGS
0001159036-22-000048,0001159036,"HALOZYME THERAPEUTICS, INC.",2022-08-09,2022-08-09T16:08:18-04:00,True,"2.02,9.01",EARNINGS
0001159036-22-000037,0001159036,"HALOZYME THERAPEUTICS, INC.",2022-05-10,2022-05-10T16:07:23-04:00,True,"2.02,9.01",EARNINGS
0001159036-22-000012,0001159036,"HALOZYME THERAPEUTICS, INC.",2022-02-22,2022-02-22T16:06:51-05:00,True,"2.02,9.01",EARNINGS
0001159036-21-000042,0001159036,"HALOZYME THERAPEUTICS, INC.",2021-08-09,2021-08-09T16:02:57-04:00,True,"2.02,9.01",EARNINGS
0001159036-21-000037,0001159036,"HALOZYME THERAPEUTICS, INC.",2021-05-10,2021-05-10T16:03:27-04:00,True,"2.02,9.01",EARNINGS
0001159036-21-000013,0001159036,"HALOZYME THERAPEUTICS, INC.",2021-02-23,2021-02-23T16:03:34-05:00,True,"2.02,9.01",EARNINGS
0001159036-21-000003,0001159036,"HALOZYME THERAPEUTICS, INC.",2021-01-11,2021-01-11T08:07:26-05:00,False,"2.02,9.01",EARNINGS
0001159036-20-000043,0001159036,"HALOZYME THERAPEUTICS, INC.",2020-11-02,2020-11-02T16:04:56-05:00,True,"2.02,9.01",EARNINGS
0001159036-20-000036,0001159036,"HALOZYME THERAPEUTICS, INC.",2020-08-10,2020-08-10T16:03:15-04:00,True,"2.02,9.01",EARNINGS
0001159036-20-000029,0001159036,"HALOZYME THERAPEUTICS, INC.",2020-05-11,2020-05-11T16:03:29-04:00,True,2.02,EARNINGS
0001159036-20-000011,0001159036,"HALOZYME THERAPEUTICS, INC.",2020-02-24,2020-02-24T16:07:15-05:00,True,2.02,EARNINGS
0001159036-20-000002,0001159036,"HALOZYME THERAPEUTICS, INC.",2020-01-14,2020-01-14T16:23:12-05:00,True,"2.02,9.01",EARNINGS
0001159036-19-000058,0001159036,"HALOZYME THERAPEUTICS, INC.",2019-11-12,2019-11-12T16:05:55-05:00,True,"2.02,9.01",EARNINGS
0001159036-19-000043,0001159036,"HALOZYME THERAPEUTICS, INC.",2019-08-06,2019-08-06T16:12:30-04:00,True,"2.02,9.01",EARNINGS
0001159036-19-000026,0001159036,"HALOZYME THERAPEUTICS, INC.",2019-05-07,2019-05-07T16:05:05-04:00,True,"2.02,9.01",EARNINGS
0001159036-19-000005,0001159036,"HALOZYME THERAPEUTICS, INC.",2019-02-21,2019-02-21T16:04:24-05:00,True,"2.02,9.01",EARNINGS
0001140361-25-039650,0000874015,IONIS PHARMACEUTICALS INC,2025-10-29,2025-10-29T07:06:01-04:00,False,"2.02,9.01",EARNINGS
0001140361-25-027949,0000874015,IONIS PHARMACEUTICALS INC,2025-07-30,2025-07-30T11:16:12-04:00,False,"2.02,9.01",EARNINGS
0001140361-25-016562,0000874015,IONIS PHARMACEUTICALS INC,2025-04-30,2025-04-30T11:15:21-04:00,False,"2.02,9.01",EARNINGS
0001140361-25-005080,0000874015,IONIS PHARMACEUTICALS INC,2025-02-19,2025-02-19T11:15:25-05:00,False,"2.02,9.01",EARNINGS
0001140361-24-045370,0000874015,IONIS PHARMACEUTICALS INC,2024-11-06,2024-11-06T11:15:52-05:00,False,"2.02,9.01",EARNINGS
0001140361-24-035233,0000874015,IONIS PHARMACEUTICALS INC,2024-08-01,2024-08-01T11:15:31-04:00,False,"2.02,9.01",EARNINGS
0001140361-24-024648,0000874015,IONIS PHARMACEUTICALS INC,2024-05-07,2024-05-07T11:15:41-04:00,False,"2.02,9.01",EARNINGS
0001140361-24-008700,0000874015,IONIS PHARMACEUTICALS INC,2024-02-21,2024-02-21T11:17:25-05:00,False,"2.02,9.01",EARNINGS
0001140361-23-051047,0000874015,IONIS PHARMACEUTICALS INC,2023-11-02,2023-11-02T11:15:38-04:00,False,"2.02,9.01",EARNINGS
0001140361-23-038715,0000874015,IONIS PHARMACEUTICALS INC,2023-08-09,2023-08-09T11:15:26-04:00,False,"2.02,9.01",EARNINGS
0001140361-23-022621,0000874015,IONIS PHARMACEUTICALS INC,2023-05-03,2023-05-03T11:15:32-04:00,False,"2.02,9.01",EARNINGS
0001140361-23-007944,0000874015,IONIS PHARMACEUTICALS INC,2023-02-22,2023-02-22T11:15:35-05:00,False,"2.02,9.01",EARNINGS
0001140361-22-040624,0000874015,IONIS PHARMACEUTICALS INC,2022-11-09,2022-11-09T11:15:21-05:00,False,"2.02,9.01",EARNINGS
0001140361-22-028849,0000874015,IONIS PHARMACEUTICALS INC,2022-08-09,2022-08-09T11:15:37-04:00,False,"2.02,9.01",EARNINGS
0001140361-22-017616,0000874015,IONIS PHARMACEUTICALS INC,2022-05-04,2022-05-04T11:15:54-04:00,False,"2.02,9.01",EARNINGS
0001140361-22-006515,0000874015,IONIS PHARMACEUTICALS INC,2022-02-24,2022-02-24T11:15:29-05:00,False,"2.02,9.01",EARNINGS
0001140361-21-036328,0000874015,IONIS PHARMACEUTICALS INC,2021-11-03,2021-11-03T11:15:24-04:00,False,"2.02,9.01",EARNINGS
0001140361-21-026829,0000874015,IONIS PHARMACEUTICALS INC,2021-08-04,2021-08-04T11:15:39-04:00,False,"2.02,9.01",EARNINGS
0001140361-21-015877,0000874015,IONIS PHARMACEUTICALS INC,2021-05-05,2021-05-05T11:16:02-04:00,False,"2.02,9.01",EARNINGS
0001140361-21-005959,0000874015,IONIS PHARMACEUTICALS INC,2021-02-24,2021-02-24T08:45:24-05:00,False,"2.02,9.01",EARNINGS
0001140361-20-024494,0000874015,IONIS PHARMACEUTICALS INC,2020-11-04,2020-11-04T11:15:46-05:00,False,"2.02,9.01",EARNINGS
0001140361-20-017532,0000874015,IONIS PHARMACEUTICALS INC,2020-08-05,2020-08-05T11:15:39-04:00,False,"2.02,9.01",EARNINGS
0001658247-25-000018,0001658247,"Crinetics Pharmaceuticals, Inc.",2025-11-06,2025-11-06T16:20:19-05:00,True,"2.02,9.01",EARNINGS
0001193125-25-175494,0001658247,"Crinetics Pharmaceuticals, Inc.",2025-08-07,2025-08-07T16:38:34-04:00,True,"2.02,9.01",EARNINGS
0000950170-25-066939,0001658247,"Crinetics Pharmaceuticals, Inc.",2025-05-08,2025-05-08T16:09:32-04:00,True,"2.02,9.01",EARNINGS
0000950170-25-029040,0001658247,"Crinetics Pharmaceuticals, Inc.",2025-02-27,2025-02-27T16:10:40-05:00,True,"2.02,9.01",EARNINGS
0000950170-24-125361,0001658247,"Crinetics Pharmaceuticals, Inc.",2024-11-12,2024-11-12T16:08:06-05:00,True,"2.02,9.01",EARNINGS
0000950170-24-093951,0001658247,"Crinetics Pharmaceuticals, Inc.",2024-08-08,2024-08-08T16:10:13-04:00,True,2.02,EARNINGS
0000950170-24-056977,0001658247,"Crinetics Pharmaceuticals, Inc.",2024-05-09,2024-05-09T16:12:53-04:00,True,2.02,EARNINGS
0000950170-24-022068,0001658247,"Crinetics Pharmaceuticals, Inc.",2024-02-28,2024-02-28T16:09:24-05:00,True,"2.02,9.01",EARNINGS
0000950170-23-060219,0001658247,"Crinetics Pharmaceuticals, Inc.",2023-11-07,2023-11-07T16:04:42-05:00,True,"2.02,9.01",EARNINGS
0000950170-23-039338,0001658247,"Crinetics Pharmaceuticals, Inc.",2023-08-08,2023-08-08T07:01:23-04:00,False,"2.02,9.01",EARNINGS
0000950170-23-017919,0001658247,"Crinetics Pharmaceuticals, Inc.",2023-05-04,2023-05-04T16:25:45-04:00,True,"2.02,9.01",EARNINGS
0000950170-23-005094,0001658247,"Crinetics Pharmaceuticals, Inc.",2023-02-28,2023-02-28T16:13:26-05:00,True,2.02,EARNINGS
0000950170-22-024723,0001658247,"Crinetics Pharmaceuticals, Inc.",2022-11-14,2022-11-14T08:15:33-05:00,False,"2.02,9.01",EARNINGS
0000950170-22-017018,0001658247,"Crinetics Pharmaceuticals, Inc.",2022-08-12,2022-08-12T08:41:01-04:00,False,"2.02,9.01",EARNINGS
0000950170-22-009735,0001658247,"Crinetics Pharmaceuticals, Inc.",2022-05-12,2022-05-12T16:40:01-04:00,True,"2.02,9.01",EARNINGS
0001564590-21-054746,0001658247,"Crinetics Pharmaceuticals, Inc.",2021-11-05,2021-11-05T08:00:46-04:00,False,"2.02,9.01",EARNINGS
0001193125-21-303072,0001658247,"Crinetics Pharmaceuticals, Inc.",2021-10-20,2021-10-20T16:19:57-04:00,True,2.02,EARNINGS
0001564590-21-024928,0001658247,"Crinetics Pharmaceuticals, Inc.",2021-05-06,2021-05-06T16:01:05-04:00,True,"2.02,9.01",EARNINGS
0001564590-21-016706,0001658247,"Crinetics Pharmaceuticals, Inc.",2021-03-30,2021-03-30T17:05:05-04:00,True,"2.02,9.01",EARNINGS
0001564590-20-051684,0001658247,"Crinetics Pharmaceuticals, Inc.",2020-11-06,2020-11-06T08:30:37-05:00,False,"2.02,9.01",EARNINGS
0001564590-20-038067,0001658247,"Crinetics Pharmaceuticals, Inc.",2020-08-07,2020-08-07T07:30:23-04:00,False,"2.02,9.01",EARNINGS
0001564590-20-023260,0001658247,"Crinetics Pharmaceuticals, Inc.",2020-05-08,2020-05-08T09:00:24-04:00,False,"2.02,9.01",EARNINGS
0001564590-20-009362,0001658247,"Crinetics Pharmaceuticals, Inc.",2020-03-09,2020-03-09T16:08:37-04:00,True,"2.02,9.01",EARNINGS
0001564590-19-042893,0001658247,"Crinetics Pharmaceuticals, Inc.",2019-11-12,2019-11-12T16:01:32-05:00,True,"2.02,9.01",EARNINGS
0001564590-19-031797,0001658247,"Crinetics Pharmaceuticals, Inc.",2019-08-13,2019-08-13T16:11:18-04:00,True,"2.02,9.01",EARNINGS
0001564590-19-018827,0001658247,"Crinetics Pharmaceuticals, Inc.",2019-05-13,2019-05-13T16:10:27-04:00,True,"2.02,9.01",EARNINGS
0001564590-19-007555,0001658247,"Crinetics Pharmaceuticals, Inc.",2019-03-13,2019-03-13T16:00:22-04:00,True,"2.02,9.01",EARNINGS
0001326110-25-000138,0001326110,"ImmunityBio, Inc.",2025-11-05,2025-11-04T21:48:22-05:00,True,"2.02,9.01",EARNINGS
0001326110-25-000112,0001326110,"ImmunityBio, Inc.",2025-08-05,2025-08-05T07:17:16-04:00,False,"2.02,9.01",EARNINGS
0001326110-25-000069,0001326110,"ImmunityBio, Inc.",2025-05-12,2025-05-12T06:40:41-04:00,False,"2.02,9.01",EARNINGS
0001326110-25-000044,0001326110,"ImmunityBio, Inc.",2025-04-15,2025-04-15T08:10:02-04:00,False,"2.02,9.01",EARNINGS
0001326110-25-000031,0001326110,"ImmunityBio, Inc.",2025-03-03,2025-03-03T07:42:21-05:00,False,"2.02,9.01",EARNINGS
0001326110-24-000109,0001326110,"ImmunityBio, Inc.",2024-11-12,2024-11-12T07:25:37-05:00,False,"2.02,9.01",EARNINGS
0001193125-23-039399,0001326110,"ImmunityBio, Inc.",2023-02-14,2023-02-14T17:25:58-05:00,True,2.02,EARNINGS
0001438533-25-000055,0001438533,"Travere Therapeutics, Inc.",2025-10-30,2025-10-30T16:06:03-04:00,True,"2.02,9.01",EARNINGS
0001438533-25-000045,0001438533,"Travere Therapeutics, Inc.",2025-08-06,2025-08-06T16:06:53-04:00,True,"2.02,9.01",EARNINGS
0001438533-25-000008,0001438533,"Travere Therapeutics, Inc.",2025-02-20,2025-02-20T16:04:20-05:00,True,"2.02,9.01",EARNINGS
0001438533-25-000002,0001438533,"Travere Therapeutics, Inc.",2025-01-13,2025-01-13T07:30:16-05:00,False,"2.02,9.01",EARNINGS
0001438533-24-000046,0001438533,"Travere Therapeutics, Inc.",2024-10-31,2024-10-31T08:05:10-04:00,False,"2.02,9.01",EARNINGS
0001438533-24-000030,0001438533,"Travere Therapeutics, Inc.",2024-08-01,2024-08-01T16:05:55-04:00,True,"2.02,9.01",EARNINGS
0001438533-24-000019,0001438533,"Travere Therapeutics, Inc.",2024-05-06,2024-05-06T16:05:27-04:00,True,"2.02,9.01",EARNINGS
0001438533-24-000003,0001438533,"Travere Therapeutics, Inc.",2024-02-15,2024-02-15T16:05:22-05:00,True,"2.02,9.01",EARNINGS
0001193125-24-003866,0001438533,"Travere Therapeutics, Inc.",2024-01-08,2024-01-08T07:07:54-05:00,False,"2.02,9.01",EARNINGS
0001438533-23-000046,0001438533,"Travere Therapeutics, Inc.",2023-11-07,2023-11-07T16:04:25-05:00,True,"2.02,9.01",EARNINGS
0001438533-23-000036,0001438533,"Travere Therapeutics, Inc.",2023-08-03,2023-08-03T16:06:32-04:00,True,"2.02,9.01",EARNINGS
0001438533-23-000023,0001438533,"Travere Therapeutics, Inc.",2023-05-04,2023-05-04T16:05:40-04:00,True,"2.02,9.01",EARNINGS
0001438533-23-000006,0001438533,"Travere Therapeutics, Inc.",2023-02-23,2023-02-23T16:05:01-05:00,True,"2.02,9.01",EARNINGS
0001193125-23-004120,0001438533,"Travere Therapeutics, Inc.",2023-01-09,2023-01-09T07:05:56-05:00,False,"2.02,9.01",EARNINGS
0001438533-22-000049,0001438533,"Travere Therapeutics, Inc.",2022-10-27,2022-10-27T16:17:16-04:00,True,"2.02,9.01",EARNINGS
0001193125-22-211796,0001438533,"Travere Therapeutics, Inc.",2022-08-04,2022-08-04T07:06:02-04:00,False,"2.02,9.01",EARNINGS
0001438533-22-000023,0001438533,"Travere Therapeutics, Inc.",2022-05-05,2022-05-05T16:15:51-04:00,True,"2.02,9.01",EARNINGS
0001438533-22-000006,0001438533,"Travere Therapeutics, Inc.",2022-02-24,2022-02-24T16:19:58-05:00,True,"2.02,9.01",EARNINGS
0001193125-22-005040,0001438533,"Travere Therapeutics, Inc.",2022-01-10,2022-01-10T07:08:27-05:00,False,"2.02,9.01",EARNINGS
0001438533-21-000050,0001438533,"Travere Therapeutics, Inc.",2021-10-28,2021-10-28T16:23:20-04:00,True,"2.02,9.01",EARNINGS
0001438533-21-000032,0001438533,"Travere Therapeutics, Inc.",2021-07-29,2021-07-29T16:04:04-04:00,True,"2.02,9.01",EARNINGS
0001438533-21-000014,0001438533,"Travere Therapeutics, Inc.",2021-05-06,2021-05-06T16:11:11-04:00,True,"2.02,9.01",EARNINGS
0001438533-21-000006,0001438533,"Travere Therapeutics, Inc.",2021-03-01,2021-03-01T16:14:41-05:00,True,"2.02,9.01",EARNINGS
0001193125-21-005751,0001438533,"Travere Therapeutics, Inc.",2021-01-11,2021-01-11T07:00:54-05:00,False,"2.02,9.01",EARNINGS
0001438533-20-000029,0001438533,"Travere Therapeutics, Inc.",2020-11-05,2020-11-05T16:14:23-05:00,True,"2.02,9.01",EARNINGS
0001438533-20-000017,0001438533,"Travere Therapeutics, Inc.",2020-07-30,2020-07-30T18:51:52-04:00,True,"2.02,9.01",EARNINGS
0001438533-20-000009,0001438533,"Travere Therapeutics, Inc.",2020-05-11,2020-05-11T16:14:21-04:00,True,"2.02,9.01",EARNINGS
0001438533-20-000002,0001438533,"Travere Therapeutics, Inc.",2020-02-24,2020-02-24T16:13:45-05:00,True,"2.02,9.01",EARNINGS
0001193125-20-005878,0001438533,"Travere Therapeutics, Inc.",2020-01-13,2020-01-13T07:01:10-05:00,False,"2.02,9.01",EARNINGS
0001438533-19-000035,0001438533,"Travere Therapeutics, Inc.",2019-10-30,2019-10-30T16:10:30-04:00,True,"2.02,9.01",EARNINGS
0001438533-19-000022,0001438533,"Travere Therapeutics, Inc.",2019-08-06,2019-08-06T16:12:26-04:00,True,"2.02,9.01",EARNINGS
0001438533-19-000009,0001438533,"Travere Therapeutics, Inc.",2019-05-07,2019-05-07T16:05:18-04:00,True,"2.02,9.01",EARNINGS
0001438533-19-000002,0001438533,"Travere Therapeutics, Inc.",2019-02-26,2019-02-26T16:10:43-05:00,True,"2.02,9.01",EARNINGS
0001193125-19-003071,0001438533,"Travere Therapeutics, Inc.",2019-01-07,2019-01-07T07:02:03-05:00,False,"2.02,9.01",EARNINGS
0001193125-25-277571,0001761918,"Erasca, Inc.",2025-11-12,2025-11-12T16:09:23-05:00,True,"2.02,9.01",EARNINGS
0001193125-25-178950,0001761918,"Erasca, Inc.",2025-08-12,2025-08-12T16:08:33-04:00,True,"2.02,9.01",EARNINGS
0000950170-25-070336,0001761918,"Erasca, Inc.",2025-05-13,2025-05-13T16:10:10-04:00,True,"2.02,9.01",EARNINGS
0000950170-25-042659,0001761918,"Erasca, Inc.",2025-03-20,2025-03-20T16:10:10-04:00,True,"2.02,9.01",EARNINGS
0000950170-24-125337,0001761918,"Erasca, Inc.",2024-11-12,2024-11-12T16:05:15-05:00,True,"2.02,9.01",EARNINGS
0000950170-24-095408,0001761918,"Erasca, Inc.",2024-08-12,2024-08-12T16:05:39-04:00,True,"2.02,9.01",EARNINGS
0000950170-24-055644,0001761918,"Erasca, Inc.",2024-05-08,2024-05-08T16:08:56-04:00,True,"2.02,9.01",EARNINGS
0000950170-24-037161,0001761918,"Erasca, Inc.",2024-03-27,2024-03-27T16:05:17-04:00,True,"2.02,9.01",EARNINGS
0000950170-23-062003,0001761918,"Erasca, Inc.",2023-11-09,2023-11-09T16:05:11-05:00,True,"2.02,9.01",EARNINGS
0000950170-23-041299,0001761918,"Erasca, Inc.",2023-08-10,2023-08-10T16:06:05-04:00,True,"2.02,9.01",EARNINGS
0000950170-23-022194,0001761918,"Erasca, Inc.",2023-05-15,2023-05-15T16:06:33-04:00,True,"2.02,9.01",EARNINGS
0000950170-23-009478,0001761918,"Erasca, Inc.",2023-03-23,2023-03-23T16:06:44-04:00,True,"2.02,9.01",EARNINGS
0000950170-22-023851,0001761918,"Erasca, Inc.",2022-11-09,2022-11-09T16:10:23-05:00,True,"2.02,9.01",EARNINGS
0000950170-22-016874,0001761918,"Erasca, Inc.",2022-08-11,2022-08-11T16:12:05-04:00,True,"2.02,9.01",EARNINGS
0000950170-22-009671,0001761918,"Erasca, Inc.",2022-05-12,2022-05-12T16:12:40-04:00,True,"2.02,9.01",EARNINGS
0000950170-22-004546,0001761918,"Erasca, Inc.",2022-03-24,2022-03-24T16:11:10-04:00,True,"2.02,9.01",EARNINGS
0000950170-21-004113,0001761918,"Erasca, Inc.",2021-11-10,2021-11-10T16:26:36-05:00,True,"2.02,9.01",EARNINGS
0001193125-21-257579,0001761918,"Erasca, Inc.",2021-08-26,2021-08-26T16:13:11-04:00,True,"2.02,9.01",EARNINGS
0000886163-25-000058,0000886163,LIGAND PHARMACEUTICALS INC,2025-11-06,2025-11-06T07:08:02-05:00,False,"2.02,9.01",EARNINGS
0000886163-25-000047,0000886163,LIGAND PHARMACEUTICALS INC,2025-08-07,2025-08-07T07:04:26-04:00,False,"2.02,9.01",EARNINGS
0000886163-25-000033,0000886163,LIGAND PHARMACEUTICALS INC,2025-05-08,2025-05-08T07:06:37-04:00,False,"2.02,9.01",EARNINGS
0000886163-25-000008,0000886163,LIGAND PHARMACEUTICALS INC,2025-02-27,2025-02-27T07:06:03-05:00,False,"2.02,9.01",EARNINGS
0000886163-24-000074,0000886163,LIGAND PHARMACEUTICALS INC,2024-11-07,2024-11-07T07:11:41-05:00,False,"2.02,9.01",EARNINGS
0000886163-24-000067,0000886163,LIGAND PHARMACEUTICALS INC,2024-08-06,2024-08-06T16:08:49-04:00,True,"2.02,9.01",EARNINGS
0000886163-24-000029,0000886163,LIGAND PHARMACEUTICALS INC,2024-05-07,2024-05-07T16:03:28-04:00,True,"2.02,9.01",EARNINGS
0000886163-24-000005,0000886163,LIGAND PHARMACEUTICALS INC,2024-02-27,2024-02-27T07:24:01-05:00,False,"2.02,9.01",EARNINGS
0000886163-23-000083,0000886163,LIGAND PHARMACEUTICALS INC,2023-11-08,2023-11-08T16:08:27-05:00,True,"2.02,9.01",EARNINGS
0000886163-23-000047,0000886163,LIGAND PHARMACEUTICALS INC,2023-08-08,2023-08-08T16:02:51-04:00,True,"2.02,9.01",EARNINGS
0000886163-23-000024,0000886163,LIGAND PHARMACEUTICALS INC,2023-05-04,2023-05-04T16:06:01-04:00,True,"2.02,9.01",EARNINGS
0000886163-23-000004,0000886163,LIGAND PHARMACEUTICALS INC,2023-02-22,2023-02-22T16:05:32-05:00,True,"2.02,9.01",EARNINGS
0000886163-22-000133,0000886163,LIGAND PHARMACEUTICALS INC,2022-11-07,2022-11-07T16:04:10-05:00,True,"2.02,9.01",EARNINGS
0000886163-22-000113,0000886163,LIGAND PHARMACEUTICALS INC,2022-08-08,2022-08-08T16:06:16-04:00,True,"2.02,9.01",EARNINGS
0000886163-22-000043,0000886163,LIGAND PHARMACEUTICALS INC,2022-05-04,2022-05-04T16:03:48-04:00,True,"2.02,9.01",EARNINGS
0000886163-22-000026,0000886163,LIGAND PHARMACEUTICALS INC,2022-02-17,2022-02-17T16:03:38-05:00,True,"2.02,9.01",EARNINGS
0000886163-21-000127,0000886163,LIGAND PHARMACEUTICALS INC,2021-11-09,2021-11-09T16:06:42-05:00,True,"2.02,9.01",EARNINGS
0000886163-21-000115,0000886163,LIGAND PHARMACEUTICALS INC,2021-07-29,2021-07-29T16:04:35-04:00,True,"2.02,9.01",EARNINGS
0000886163-21-000064,0000886163,LIGAND PHARMACEUTICALS INC,2021-05-03,2021-05-03T16:11:08-04:00,True,"2.02,9.01",EARNINGS
0000886163-21-000022,0000886163,LIGAND PHARMACEUTICALS INC,2021-02-03,2021-02-03T07:45:11-05:00,False,"2.02,9.01",EARNINGS
0000886163-20-000112,0000886163,LIGAND PHARMACEUTICALS INC,2020-10-30,2020-10-30T08:03:30-04:00,False,"2.02,9.01",EARNINGS
0000886163-20-000092,0000886163,LIGAND PHARMACEUTICALS INC,2020-08-03,2020-08-03T07:48:38-04:00,False,"2.02,9.01",EARNINGS
0000886163-20-000056,0000886163,LIGAND PHARMACEUTICALS INC,2020-05-06,2020-05-06T16:03:13-04:00,True,"2.02,9.01",EARNINGS
0000886163-20-000007,0000886163,LIGAND PHARMACEUTICALS INC,2020-02-06,2020-02-06T16:05:40-05:00,True,"2.02,9.01",EARNINGS
0000886163-19-000191,0000886163,LIGAND PHARMACEUTICALS INC,2019-11-05,2019-11-05T16:05:21-05:00,True,"2.02,9.01",EARNINGS
0000886163-19-000130,0000886163,LIGAND PHARMACEUTICALS INC,2019-07-30,2019-07-30T08:13:16-04:00,False,"2.02,9.01",EARNINGS
0000886163-19-000071,0000886163,LIGAND PHARMACEUTICALS INC,2019-05-02,2019-05-02T16:09:08-04:00,True,"2.02,9.01",EARNINGS
0000886163-19-000027,0000886163,LIGAND PHARMACEUTICALS INC,2019-02-07,2019-02-07T16:16:29-05:00,True,"2.02,9.01",EARNINGS
0001193125-25-266959,0001070494,ACADIA PHARMACEUTICALS INC,2025-11-05,2025-11-05T16:13:31-05:00,True,"2.02,9.01",EARNINGS
0000950170-25-104092,0001070494,ACADIA PHARMACEUTICALS INC,2025-08-06,2025-08-06T16:18:59-04:00,True,"2.02,9.01",EARNINGS
0000950170-25-065672,0001070494,ACADIA PHARMACEUTICALS INC,2025-05-07,2025-05-07T16:13:19-04:00,True,"2.02,9.01",EARNINGS
0000950170-25-027759,0001070494,ACADIA PHARMACEUTICALS INC,2025-02-26,2025-02-26T16:15:22-05:00,True,"2.02,9.01",EARNINGS
0000950170-24-122322,0001070494,ACADIA PHARMACEUTICALS INC,2024-11-06,2024-11-06T16:14:26-05:00,True,"2.02,9.01",EARNINGS
0000950170-24-091826,0001070494,ACADIA PHARMACEUTICALS INC,2024-08-06,2024-08-06T16:13:44-04:00,True,"2.02,9.01",EARNINGS
0000950170-24-055647,0001070494,ACADIA PHARMACEUTICALS INC,2024-05-08,2024-05-08T16:10:16-04:00,True,"2.02,9.01",EARNINGS
0000950170-24-021169,0001070494,ACADIA PHARMACEUTICALS INC,2024-02-27,2024-02-27T16:16:24-05:00,True,"2.02,9.01",EARNINGS
0000950170-23-058254,0001070494,ACADIA PHARMACEUTICALS INC,2023-11-02,2023-11-02T16:21:47-04:00,True,"2.02,9.01",EARNINGS
0000950170-23-037216,0001070494,ACADIA PHARMACEUTICALS INC,2023-08-02,2023-08-02T16:23:56-04:00,True,"2.02,9.01",EARNINGS
0000950170-23-018800,0001070494,ACADIA PHARMACEUTICALS INC,2023-05-08,2023-05-08T16:09:13-04:00,True,"2.02,9.01",EARNINGS
0000950170-23-004753,0001070494,ACADIA PHARMACEUTICALS INC,2023-02-28,2023-02-27T18:32:45-05:00,True,"2.02,9.01",EARNINGS
0000950170-22-021222,0001070494,ACADIA PHARMACEUTICALS INC,2022-11-02,2022-11-02T16:06:08-04:00,True,"2.02,9.01",EARNINGS
0000950170-22-015527,0001070494,ACADIA PHARMACEUTICALS INC,2022-08-08,2022-08-08T16:11:29-04:00,True,"2.02,9.01",EARNINGS
0000950170-22-007402,0001070494,ACADIA PHARMACEUTICALS INC,2022-05-04,2022-05-04T16:26:06-04:00,True,"2.02,9.01",EARNINGS
0000950170-22-002291,0001070494,ACADIA PHARMACEUTICALS INC,2022-02-28,2022-02-28T16:12:02-05:00,True,"2.02,9.01",EARNINGS
0001564590-21-055255,0001070494,ACADIA PHARMACEUTICALS INC,2021-11-08,2021-11-08T16:15:45-05:00,True,"2.02,9.01",EARNINGS
0001564590-21-040825,0001070494,ACADIA PHARMACEUTICALS INC,2021-08-04,2021-08-04T16:15:40-04:00,True,"2.02,9.01",EARNINGS
0001564590-21-024085,0001070494,ACADIA PHARMACEUTICALS INC,2021-05-05,2021-05-05T16:19:03-04:00,True,"2.02,9.01",EARNINGS
0001564590-21-008087,0001070494,ACADIA PHARMACEUTICALS INC,2021-02-24,2021-02-24T16:10:34-05:00,True,"2.02,9.01",EARNINGS
0001564590-20-050530,0001070494,ACADIA PHARMACEUTICALS INC,2020-11-04,2020-11-04T16:37:32-05:00,True,"2.02,9.01",EARNINGS
0001564590-20-036866,0001070494,ACADIA PHARMACEUTICALS INC,2020-08-05,2020-08-05T16:34:19-04:00,True,"2.02,9.01",EARNINGS
0001564590-20-022914,0001070494,ACADIA PHARMACEUTICALS INC,2020-05-07,2020-05-07T16:30:00-04:00,True,"2.02,9.01",EARNINGS
0001564590-20-006884,0001070494,ACADIA PHARMACEUTICALS INC,2020-02-27,2020-02-26T18:21:13-05:00,True,"2.02,9.01",EARNINGS
0001193125-20-005813,0001070494,ACADIA PHARMACEUTICALS INC,2020-01-13,2020-01-13T06:15:51-05:00,False,"2.02,9.01",EARNINGS
0001564590-19-038793,0001070494,ACADIA PHARMACEUTICALS INC,2019-10-30,2019-10-30T16:15:39-04:00,True,"2.02,9.01",EARNINGS
0001564590-19-027482,0001070494,ACADIA PHARMACEUTICALS INC,2019-07-31,2019-07-31T16:10:53-04:00,True,"2.02,9.01",EARNINGS
0001564590-19-014817,0001070494,ACADIA PHARMACEUTICALS INC,2019-05-01,2019-05-01T16:10:24-04:00,True,"2.02,9.01",EARNINGS
0001564590-19-004478,0001070494,ACADIA PHARMACEUTICALS INC,2019-02-26,2019-02-26T16:19:07-05:00,True,"2.02,9.01",EARNINGS
0001193125-25-246775,0001607678,"Viking Therapeutics, Inc.",2025-10-22,2025-10-22T16:10:27-04:00,True,"2.02,9.01",EARNINGS
0000950170-25-097885,0001607678,"Viking Therapeutics, Inc.",2025-07-23,2025-07-23T16:05:34-04:00,True,"2.02,9.01",EARNINGS
0000950170-25-057337,0001607678,"Viking Therapeutics, Inc.",2025-04-23,2025-04-23T16:05:59-04:00,True,"2.02,9.01",EARNINGS
0000950170-25-014464,0001607678,"Viking Therapeutics, Inc.",2025-02-05,2025-02-05T16:07:52-05:00,True,"2.02,9.01",EARNINGS
0000950170-24-116642,0001607678,"Viking Therapeutics, Inc.",2024-10-23,2024-10-23T16:09:55-04:00,True,"2.02,9.01",EARNINGS
0000950170-24-086039,0001607678,"Viking Therapeutics, Inc.",2024-07-24,2024-07-24T16:10:08-04:00,True,"2.02,9.01",EARNINGS
0000950170-24-047567,0001607678,"Viking Therapeutics, Inc.",2024-04-24,2024-04-24T16:05:11-04:00,True,"2.02,9.01",EARNINGS
0000950170-24-012199,0001607678,"Viking Therapeutics, Inc.",2024-02-07,2024-02-07T16:09:21-05:00,True,"2.02,9.01",EARNINGS
0000950170-23-055209,0001607678,"Viking Therapeutics, Inc.",2023-10-25,2023-10-25T16:24:04-04:00,True,"2.02,9.01",EARNINGS
0000950170-23-034741,0001607678,"Viking Therapeutics, Inc.",2023-07-26,2023-07-26T16:23:23-04:00,True,"2.02,9.01",EARNINGS
0000950170-23-014788,0001607678,"Viking Therapeutics, Inc.",2023-04-26,2023-04-26T16:06:24-04:00,True,"2.02,9.01",EARNINGS
0001564590-23-001611,0001607678,"Viking Therapeutics, Inc.",2023-02-08,2023-02-08T16:10:30-05:00,True,"2.02,9.01",EARNINGS
0001564590-22-035271,0001607678,"Viking Therapeutics, Inc.",2022-10-26,2022-10-26T16:32:08-04:00,True,"2.02,9.01",EARNINGS
0001564590-22-026689,0001607678,"Viking Therapeutics, Inc.",2022-07-27,2022-07-27T16:11:37-04:00,True,"2.02,9.01",EARNINGS
0001564590-22-016110,0001607678,"Viking Therapeutics, Inc.",2022-04-27,2022-04-27T16:44:09-04:00,True,"2.02,9.01",EARNINGS
0001564590-22-004406,0001607678,"Viking Therapeutics, Inc.",2022-02-09,2022-02-09T16:15:25-05:00,True,"2.02,9.01",EARNINGS
0001564590-21-053950,0001607678,"Viking Therapeutics, Inc.",2021-11-03,2021-11-03T16:10:37-04:00,True,"2.02,9.01",EARNINGS
0001564590-21-038623,0001607678,"Viking Therapeutics, Inc.",2021-07-28,2021-07-28T16:12:54-04:00,True,"2.02,9.01",EARNINGS
0001564590-21-021350,0001607678,"Viking Therapeutics, Inc.",2021-04-28,2021-04-28T16:10:42-04:00,True,"2.02,9.01",EARNINGS
0001564590-21-006376,0001607678,"Viking Therapeutics, Inc.",2021-02-17,2021-02-17T16:12:04-05:00,True,"2.02,9.01",EARNINGS
0001564590-20-048337,0001607678,"Viking Therapeutics, Inc.",2020-10-28,2020-10-28T16:10:36-04:00,True,"2.02,9.01",EARNINGS
0001564590-20-034308,0001607678,"Viking Therapeutics, Inc.",2020-07-29,2020-07-29T16:35:01-04:00,True,"2.02,9.01",EARNINGS
0001564590-20-020180,0001607678,"Viking Therapeutics, Inc.",2020-04-30,2020-04-30T16:10:58-04:00,True,"2.02,9.01",EARNINGS
0001564590-19-040059,0001607678,"Viking Therapeutics, Inc.",2019-11-05,2019-11-05T07:15:25-05:00,False,"2.02,9.01",EARNINGS
0001564590-19-027983,0001607678,"Viking Therapeutics, Inc.",2019-08-01,2019-08-01T16:24:11-04:00,True,"2.02,9.01",EARNINGS
0001564590-19-015327,0001607678,"Viking Therapeutics, Inc.",2019-05-02,2019-05-02T16:05:30-04:00,True,"2.02,9.01",EARNINGS
0001564590-19-007569,0001607678,"Viking Therapeutics, Inc.",2019-03-13,2019-03-13T16:12:55-04:00,True,"2.02,9.01",EARNINGS
0001823239-25-000117,0001823239,"MARAVAI LIFESCIENCES HOLDINGS, INC.",2025-11-06,2025-11-06T16:03:24-05:00,True,"2.02,9.01",EARNINGS
0001823239-25-000062,0001823239,"MARAVAI LIFESCIENCES HOLDINGS, INC.",2025-05-12,2025-05-12T16:08:57-04:00,True,"2.02,9.01",EARNINGS
0001823239-24-000105,0001823239,"MARAVAI LIFESCIENCES HOLDINGS, INC.",2024-11-07,2024-11-07T16:04:27-05:00,True,"2.02,9.01",EARNINGS
0001823239-24-000093,0001823239,"MARAVAI LIFESCIENCES HOLDINGS, INC.",2024-08-07,2024-08-07T16:06:47-04:00,True,"2.02,9.01",EARNINGS
0001823239-24-000058,0001823239,"MARAVAI LIFESCIENCES HOLDINGS, INC.",2024-05-08,2024-05-08T16:09:33-04:00,True,"2.02,9.01",EARNINGS
0001823239-24-000028,0001823239,"MARAVAI LIFESCIENCES HOLDINGS, INC.",2024-02-22,2024-02-22T16:08:47-05:00,True,"2.02,9.01",EARNINGS
0001823239-23-000087,0001823239,"MARAVAI LIFESCIENCES HOLDINGS, INC.",2023-11-07,2023-11-07T16:11:28-05:00,True,"2.02,9.01",EARNINGS
0001823239-23-000079,0001823239,"MARAVAI LIFESCIENCES HOLDINGS, INC.",2023-08-07,2023-08-07T16:19:09-04:00,True,"2.02,9.01",EARNINGS
0001823239-23-000037,0001823239,"MARAVAI LIFESCIENCES HOLDINGS, INC.",2023-05-08,2023-05-08T16:09:28-04:00,True,"2.02,9.01",EARNINGS
0001823239-23-000012,0001823239,"MARAVAI LIFESCIENCES HOLDINGS, INC.",2023-02-22,2023-02-22T16:13:08-05:00,True,"2.02,9.01",EARNINGS
0001823239-22-000056,0001823239,"MARAVAI LIFESCIENCES HOLDINGS, INC.",2022-11-02,2022-11-02T16:08:34-04:00,True,"2.02,9.01",EARNINGS
0001823239-22-000042,0001823239,"MARAVAI LIFESCIENCES HOLDINGS, INC.",2022-08-04,2022-08-04T16:06:47-04:00,True,"2.02,9.01",EARNINGS
0001823239-22-000015,0001823239,"MARAVAI LIFESCIENCES HOLDINGS, INC.",2022-05-05,2022-05-05T16:09:04-04:00,True,"2.02,9.01",EARNINGS
0001823239-22-000008,0001823239,"MARAVAI LIFESCIENCES HOLDINGS, INC.",2022-02-23,2022-02-23T16:08:13-05:00,True,"2.02,9.01",EARNINGS
0001823239-21-000025,0001823239,"MARAVAI LIFESCIENCES HOLDINGS, INC.",2021-11-10,2021-11-10T16:09:12-05:00,True,"2.02,9.01",EARNINGS
0001823239-21-000011,0001823239,"MARAVAI LIFESCIENCES HOLDINGS, INC.",2021-05-10,2021-05-10T16:21:01-04:00,True,"2.02,9.01",EARNINGS
0001823239-21-000003,0001823239,"MARAVAI LIFESCIENCES HOLDINGS, INC.",2021-03-02,2021-03-02T16:18:22-05:00,True,"2.02,9.01",EARNINGS
0001370053-25-000088,0001370053,"ANAPTYSBIO, INC",2025-11-04,2025-11-04T16:17:12-05:00,True,"2.02,9.01",EARNINGS
0001370053-25-000063,0001370053,"ANAPTYSBIO, INC",2025-08-06,2025-08-06T16:20:04-04:00,True,"2.02,9.01",EARNINGS
0001370053-25-000045,0001370053,"ANAPTYSBIO, INC",2025-05-05,2025-05-05T16:17:51-04:00,True,"2.02,9.01",EARNINGS
0001370053-25-000023,0001370053,"ANAPTYSBIO, INC",2025-02-27,2025-02-27T16:17:39-05:00,True,"2.02,9.01",EARNINGS
0001370053-24-000053,0001370053,"ANAPTYSBIO, INC",2024-11-05,2024-11-05T16:17:30-05:00,True,"2.02,9.01",EARNINGS
0001370053-24-000039,0001370053,"ANAPTYSBIO, INC",2024-08-05,2024-08-05T16:18:26-04:00,True,"2.02,9.01",EARNINGS
0001370053-24-000026,0001370053,"ANAPTYSBIO, INC",2024-05-09,2024-05-09T16:20:46-04:00,True,"2.02,9.01",EARNINGS
0001370053-24-000010,0001370053,"ANAPTYSBIO, INC",2024-03-11,2024-03-11T16:19:51-04:00,True,"2.02,9.01",EARNINGS
0001370053-23-000064,0001370053,"ANAPTYSBIO, INC",2023-11-02,2023-11-02T16:18:11-04:00,True,"2.02,9.01",EARNINGS
0001370053-23-000048,0001370053,"ANAPTYSBIO, INC",2023-08-07,2023-08-07T16:18:54-04:00,True,"2.02,9.01",EARNINGS
0001370053-23-000039,0001370053,"ANAPTYSBIO, INC",2023-05-11,2023-05-11T16:17:37-04:00,True,"2.02,9.01",EARNINGS
0001370053-23-000019,0001370053,"ANAPTYSBIO, INC",2023-03-01,2023-03-01T16:09:34-05:00,True,"2.02,9.01",EARNINGS
0001370053-22-000040,0001370053,"ANAPTYSBIO, INC",2022-08-08,2022-08-08T16:21:50-04:00,True,"2.02,9.01",EARNINGS
0001370053-22-000031,0001370053,"ANAPTYSBIO, INC",2022-05-04,2022-05-04T16:19:20-04:00,True,"2.02,9.01",EARNINGS
0001370053-22-000008,0001370053,"ANAPTYSBIO, INC",2022-03-07,2022-03-07T08:53:37-05:00,False,"2.02,9.01",EARNINGS
0001370053-21-000068,0001370053,"ANAPTYSBIO, INC",2021-11-04,2021-11-04T16:13:57-04:00,True,"2.02,9.01",EARNINGS
0001370053-21-000055,0001370053,"ANAPTYSBIO, INC",2021-08-09,2021-08-09T16:11:56-04:00,True,"2.02,9.01",EARNINGS
0001370053-21-000039,0001370053,"ANAPTYSBIO, INC",2021-05-04,2021-05-04T16:14:07-04:00,True,"2.02,9.01",EARNINGS
0001370053-21-000018,0001370053,"ANAPTYSBIO, INC",2021-02-25,2021-02-25T16:09:06-05:00,True,"2.02,9.01",EARNINGS
0001370053-20-000064,0001370053,"ANAPTYSBIO, INC",2020-11-04,2020-11-04T16:02:33-05:00,True,"2.02,9.01",EARNINGS
0001370053-20-000025,0001370053,"ANAPTYSBIO, INC",2020-05-06,2020-05-06T16:10:58-04:00,True,2.02,EARNINGS
0001370053-20-000007,0001370053,"ANAPTYSBIO, INC",2020-03-02,2020-03-02T08:49:54-05:00,False,"2.02,9.01",EARNINGS
0001370053-19-000026,0001370053,"ANAPTYSBIO, INC",2019-08-08,2019-08-08T16:20:40-04:00,True,"2.02,9.01",EARNINGS
0001370053-19-000018,0001370053,"ANAPTYSBIO, INC",2019-05-07,2019-05-07T16:19:22-04:00,True,"2.02,9.01",EARNINGS
0001370053-19-000004,0001370053,"ANAPTYSBIO, INC",2019-02-28,2019-02-27T17:58:02-05:00,True,"2.02,9.01",EARNINGS
0001438133-25-000186,0001438133,TANDEM DIABETES CARE INC,2025-11-06,2025-11-06T16:09:30-05:00,True,"2.02,9.01",EARNINGS
0001438133-25-000155,0001438133,TANDEM DIABETES CARE INC,2025-08-06,2025-08-06T16:17:35-04:00,True,"2.02,9.01",EARNINGS
0001438133-25-000068,0001438133,TANDEM DIABETES CARE INC,2025-04-30,2025-04-30T16:06:30-04:00,True,"2.02,9.01",EARNINGS
0001438133-25-000035,0001438133,TANDEM DIABETES CARE INC,2025-02-26,2025-02-26T16:07:01-05:00,True,"2.02,9.01",EARNINGS
0001438133-24-000200,0001438133,TANDEM DIABETES CARE INC,2024-11-06,2024-11-06T16:08:01-05:00,True,"2.02,9.01",EARNINGS
0001438133-24-000176,0001438133,TANDEM DIABETES CARE INC,2024-08-01,2024-08-01T16:07:59-04:00,True,"2.02,9.01",EARNINGS
0001438133-24-000085,0001438133,TANDEM DIABETES CARE INC,2024-05-02,2024-05-02T16:07:10-04:00,True,"2.02,9.01",EARNINGS
0001438133-24-000026,0001438133,TANDEM DIABETES CARE INC,2024-02-21,2024-02-21T16:09:05-05:00,True,"2.02,9.01",EARNINGS
0001438133-23-000206,0001438133,TANDEM DIABETES CARE INC,2023-11-01,2023-11-01T16:03:51-04:00,True,"2.02,9.01",EARNINGS
0001438133-23-000152,0001438133,TANDEM DIABETES CARE INC,2023-08-03,2023-08-03T16:04:05-04:00,True,"2.02,9.01",EARNINGS
0001438133-23-000066,0001438133,TANDEM DIABETES CARE INC,2023-05-03,2023-05-03T16:08:22-04:00,True,"2.02,9.01",EARNINGS
0001438133-23-000005,0001438133,TANDEM DIABETES CARE INC,2023-01-10,2023-01-10T16:09:06-05:00,True,"2.02,9.01",EARNINGS
0001438133-22-000220,0001438133,TANDEM DIABETES CARE INC,2022-11-02,2022-11-02T16:07:56-04:00,True,"2.02,9.01",EARNINGS
0001438133-22-000180,0001438133,TANDEM DIABETES CARE INC,2022-08-03,2022-08-03T16:08:05-04:00,True,"2.02,9.01",EARNINGS
0001438133-22-000059,0001438133,TANDEM DIABETES CARE INC,2022-05-04,2022-05-04T16:11:09-04:00,True,"2.02,9.01",EARNINGS
0001438133-21-000194,0001438133,TANDEM DIABETES CARE INC,2021-11-03,2021-11-03T16:05:57-04:00,True,2.02,EARNINGS
0001438133-21-000119,0001438133,TANDEM DIABETES CARE INC,2021-08-04,2021-08-04T16:05:56-04:00,True,2.02,EARNINGS
0001438133-21-000032,0001438133,TANDEM DIABETES CARE INC,2021-05-05,2021-05-05T16:10:43-04:00,True,2.02,EARNINGS
0001438133-20-000154,0001438133,TANDEM DIABETES CARE INC,2020-11-05,2020-11-05T16:11:17-05:00,True,2.02,EARNINGS
0001438133-20-000112,0001438133,TANDEM DIABETES CARE INC,2020-07-30,2020-07-30T18:42:25-04:00,True,2.02,EARNINGS
0001438133-20-000039,0001438133,TANDEM DIABETES CARE INC,2020-04-30,2020-04-30T16:07:35-04:00,True,2.02,EARNINGS
0001438133-19-000016,0001438133,TANDEM DIABETES CARE INC,2019-11-04,2019-11-04T16:10:01-05:00,True,2.02,EARNINGS
0001438133-19-000007,0001438133,TANDEM DIABETES CARE INC,2019-08-01,2019-08-01T16:06:16-04:00,True,2.02,EARNINGS
0001564590-19-014278,0001438133,TANDEM DIABETES CARE INC,2019-04-30,2019-04-30T16:10:55-04:00,True,"2.02,9.01",EARNINGS
0001193125-25-266916,0001863127,"Tyra Biosciences, Inc.",2025-11-05,2025-11-05T16:08:59-05:00,True,"2.02,9.01",EARNINGS
0000950170-25-108876,0001863127,"Tyra Biosciences, Inc.",2025-08-14,2025-08-14T16:11:54-04:00,True,"2.02,9.01",EARNINGS
0000950170-25-066924,0001863127,"Tyra Biosciences, Inc.",2025-05-08,2025-05-08T16:06:08-04:00,True,"2.02,9.01",EARNINGS
0000950170-25-046064,0001863127,"Tyra Biosciences, Inc.",2025-03-27,2025-03-27T16:08:37-04:00,True,"2.02,9.01",EARNINGS
0000950170-24-123286,0001863127,"Tyra Biosciences, Inc.",2024-11-07,2024-11-07T16:05:40-05:00,True,"2.02,9.01",EARNINGS
0000950170-24-092756,0001863127,"Tyra Biosciences, Inc.",2024-08-07,2024-08-07T16:05:55-04:00,True,"2.02,9.01",EARNINGS
0000950170-24-056935,0001863127,"Tyra Biosciences, Inc.",2024-05-09,2024-05-09T16:08:53-04:00,True,"2.02,9.01",EARNINGS
0000950170-24-033455,0001863127,"Tyra Biosciences, Inc.",2024-03-19,2024-03-19T16:05:53-04:00,True,"2.02,9.01",EARNINGS
0000950170-23-060235,0001863127,"Tyra Biosciences, Inc.",2023-11-07,2023-11-07T16:07:19-05:00,True,"2.02,9.01",EARNINGS
0000950170-23-041368,0001863127,"Tyra Biosciences, Inc.",2023-08-10,2023-08-10T16:21:30-04:00,True,"2.02,9.01",EARNINGS
0000950170-23-017846,0001863127,"Tyra Biosciences, Inc.",2023-05-04,2023-05-04T16:08:36-04:00,True,"2.02,9.01",EARNINGS
0000950170-23-009166,0001863127,"Tyra Biosciences, Inc.",2023-03-22,2023-03-22T16:05:41-04:00,True,"2.02,9.01",EARNINGS
0000950170-22-014777,0001863127,"Tyra Biosciences, Inc.",2022-08-04,2022-08-04T16:23:04-04:00,True,"2.02,9.01",EARNINGS
0001193125-22-142331,0001863127,"Tyra Biosciences, Inc.",2022-05-05,2022-05-05T16:17:58-04:00,True,"2.02,9.01",EARNINGS
0001193125-22-064358,0001863127,"Tyra Biosciences, Inc.",2022-03-03,2022-03-03T16:16:07-05:00,True,"2.02,9.01",EARNINGS
0002007919-25-000094,0002007919,"Inhibrx Biosciences, Inc.",2025-11-14,2025-11-13T18:00:35-05:00,True,"2.02,9.01",EARNINGS
0002007919-25-000083,0002007919,"Inhibrx Biosciences, Inc.",2025-08-13,2025-08-13T16:06:24-04:00,True,"2.02,9.01",EARNINGS
0002007919-25-000057,0002007919,"Inhibrx Biosciences, Inc.",2025-05-14,2025-05-14T16:11:18-04:00,True,"2.02,9.01",EARNINGS
0002007919-25-000020,0002007919,"Inhibrx Biosciences, Inc.",2025-03-17,2025-03-17T16:09:17-04:00,True,"2.02,9.01",EARNINGS
0002007919-24-000060,0002007919,"Inhibrx Biosciences, Inc.",2024-11-14,2024-11-14T16:25:51-05:00,True,"2.02,9.01",EARNINGS
0001193125-25-258609,0001350653,"Alphatec Holdings, Inc.",2025-10-30,2025-10-30T16:23:37-04:00,True,"2.02,9.01",EARNINGS
0000950170-25-100924,0001350653,"Alphatec Holdings, Inc.",2025-07-31,2025-07-31T16:19:03-04:00,True,"2.02,9.01",EARNINGS
0000950170-25-061859,0001350653,"Alphatec Holdings, Inc.",2025-05-01,2025-05-01T16:17:29-04:00,True,"2.02,9.01",EARNINGS
0000950170-25-027786,0001350653,"Alphatec Holdings, Inc.",2025-02-26,2025-02-26T16:20:40-05:00,True,"2.02,9.01",EARNINGS
0000950170-25-004614,0001350653,"Alphatec Holdings, Inc.",2025-01-13,2025-01-13T09:11:15-05:00,False,"2.02,9.01",EARNINGS
0000950170-24-054549,0001350653,"Alphatec Holdings, Inc.",2024-05-07,2024-05-07T16:20:36-04:00,True,"2.02,9.01",EARNINGS
0000950170-24-021203,0001350653,"Alphatec Holdings, Inc.",2024-02-27,2024-02-27T16:22:19-05:00,True,"2.02,9.01",EARNINGS
0000950170-24-002736,0001350653,"Alphatec Holdings, Inc.",2024-01-08,2024-01-08T09:00:08-05:00,False,"2.02,9.01",EARNINGS
0000950170-23-059413,0001350653,"Alphatec Holdings, Inc.",2023-11-06,2023-11-06T16:19:17-05:00,True,"2.02,9.01",EARNINGS
0000950170-23-053419,0001350653,"Alphatec Holdings, Inc.",2023-10-16,2023-10-16T09:03:44-04:00,False,"2.02,9.01",EARNINGS
0000950170-23-038024,0001350653,"Alphatec Holdings, Inc.",2023-08-03,2023-08-03T16:17:45-04:00,True,"2.02,9.01",EARNINGS
0000950170-23-017916,0001350653,"Alphatec Holdings, Inc.",2023-05-04,2023-05-04T16:24:37-04:00,True,"2.02,9.01",EARNINGS
0000950170-23-005104,0001350653,"Alphatec Holdings, Inc.",2023-02-28,2023-02-28T16:15:49-05:00,True,"2.02,9.01",EARNINGS
0000950170-22-021908,0001350653,"Alphatec Holdings, Inc.",2022-11-03,2022-11-03T16:24:51-04:00,True,"2.02,9.01",EARNINGS
0000950170-22-014765,0001350653,"Alphatec Holdings, Inc.",2022-08-04,2022-08-04T16:18:37-04:00,True,"2.02,9.01",EARNINGS
0001564590-22-018290,0001350653,"Alphatec Holdings, Inc.",2022-05-05,2022-05-05T16:34:20-04:00,True,"2.02,9.01",EARNINGS
0001564590-22-008046,0001350653,"Alphatec Holdings, Inc.",2022-03-01,2022-03-01T16:16:06-05:00,True,"2.02,9.01",EARNINGS
0001564590-22-000789,0001350653,"Alphatec Holdings, Inc.",2022-01-10,2022-01-10T09:01:21-05:00,False,"2.02,9.01",EARNINGS
0001564590-21-054496,0001350653,"Alphatec Holdings, Inc.",2021-11-04,2021-11-04T16:16:49-04:00,True,"2.02,9.01",EARNINGS
0001564590-21-040246,0001350653,"Alphatec Holdings, Inc.",2021-08-03,2021-08-03T16:16:24-04:00,True,"2.02,9.01",EARNINGS
0001564590-21-036227,0001350653,"Alphatec Holdings, Inc.",2021-07-12,2021-07-12T09:00:23-04:00,False,"2.02,9.01",EARNINGS
0001564590-21-024979,0001350653,"Alphatec Holdings, Inc.",2021-05-06,2021-05-06T16:15:47-04:00,True,"2.02,9.01",EARNINGS
0001564590-20-051313,0001350653,"Alphatec Holdings, Inc.",2020-11-05,2020-11-05T16:12:34-05:00,True,"2.02,9.01",EARNINGS
0001564590-20-024191,0001350653,"Alphatec Holdings, Inc.",2020-05-11,2020-05-11T16:10:58-04:00,True,"2.02,9.01",EARNINGS
0001564590-20-008965,0001350653,"Alphatec Holdings, Inc.",2020-03-05,2020-03-05T16:10:36-05:00,True,"2.02,9.01",EARNINGS
0001564590-20-000946,0001350653,"Alphatec Holdings, Inc.",2020-01-13,2020-01-13T13:43:36-05:00,False,"2.02,9.01",EARNINGS
0001564590-19-038782,0001350653,"Alphatec Holdings, Inc.",2019-10-30,2019-10-30T16:10:31-04:00,True,"2.02,9.01",EARNINGS
0001564590-19-025828,0001350653,"Alphatec Holdings, Inc.",2019-07-24,2019-07-24T16:15:34-04:00,True,"2.02,9.01",EARNINGS
0001564590-19-017974,0001350653,"Alphatec Holdings, Inc.",2019-05-09,2019-05-09T16:06:10-04:00,True,"2.02,9.01",EARNINGS
0001193125-25-269518,0001817713,"Janux Therapeutics, Inc.",2025-11-06,2025-11-06T16:10:34-05:00,True,"2.02,9.01",EARNINGS
0000950170-25-105010,0001817713,"Janux Therapeutics, Inc.",2025-08-07,2025-08-07T16:08:37-04:00,True,"2.02,9.01",EARNINGS
0000950170-25-066969,0001817713,"Janux Therapeutics, Inc.",2025-05-08,2025-05-08T16:12:38-04:00,True,"2.02,9.01",EARNINGS
0000950170-25-029165,0001817713,"Janux Therapeutics, Inc.",2025-02-27,2025-02-27T16:49:12-05:00,True,"2.02,9.01",EARNINGS
0000950170-24-122279,0001817713,"Janux Therapeutics, Inc.",2024-11-06,2024-11-06T16:07:15-05:00,True,"2.02,9.01",EARNINGS
0000950170-24-092830,0001817713,"Janux Therapeutics, Inc.",2024-08-07,2024-08-07T16:20:47-04:00,True,"2.02,9.01",EARNINGS
0000950170-24-054950,0001817713,"Janux Therapeutics, Inc.",2024-05-08,2024-05-07T20:05:13-04:00,True,"2.02,9.01",EARNINGS
0000950170-24-028647,0001817713,"Janux Therapeutics, Inc.",2024-03-08,2024-03-08T16:11:29-05:00,True,"2.02,9.01",EARNINGS
0000950170-23-060238,0001817713,"Janux Therapeutics, Inc.",2023-11-07,2023-11-07T16:07:54-05:00,True,"2.02,9.01",EARNINGS
0000950170-23-019641,0001817713,"Janux Therapeutics, Inc.",2023-05-09,2023-05-09T16:08:26-04:00,True,"2.02,9.01",EARNINGS
0000950170-23-007286,0001817713,"Janux Therapeutics, Inc.",2023-03-10,2023-03-10T16:15:29-05:00,True,"2.02,9.01",EARNINGS
0000950170-22-024472,0001817713,"Janux Therapeutics, Inc.",2022-11-10,2022-11-10T16:13:21-05:00,True,"2.02,9.01",EARNINGS
0000950170-22-016068,0001817713,"Janux Therapeutics, Inc.",2022-08-09,2022-08-09T16:14:25-04:00,True,"2.02,9.01",EARNINGS
0000950170-22-008972,0001817713,"Janux Therapeutics, Inc.",2022-05-10,2022-05-10T16:10:34-04:00,True,"2.02,9.01",EARNINGS
0000950170-22-004161,0001817713,"Janux Therapeutics, Inc.",2022-03-18,2022-03-18T16:14:12-04:00,True,"2.02,9.01",EARNINGS
0000950170-21-003727,0001817713,"Janux Therapeutics, Inc.",2021-11-09,2021-11-09T16:03:24-05:00,True,"2.02,9.01",EARNINGS
0000950170-21-001172,0001817713,"Janux Therapeutics, Inc.",2021-08-10,2021-08-10T16:06:51-04:00,True,"2.02,9.01",EARNINGS
0001193125-25-263491,0001422143,"Kura Oncology, Inc.",2025-11-04,2025-11-04T06:35:25-05:00,False,"2.02,9.01",EARNINGS
0000950170-25-105024,0001422143,"Kura Oncology, Inc.",2025-08-07,2025-08-07T16:10:49-04:00,True,"2.02,9.01",EARNINGS
0000950170-25-061836,0001422143,"Kura Oncology, Inc.",2025-05-01,2025-05-01T16:10:11-04:00,True,"2.02,9.01",EARNINGS
0000950170-25-027706,0001422143,"Kura Oncology, Inc.",2025-02-26,2025-02-26T16:05:09-05:00,True,2.02,EARNINGS
0000950170-24-123321,0001422143,"Kura Oncology, Inc.",2024-11-07,2024-11-07T16:10:09-05:00,True,"2.02,9.01",EARNINGS
0000950170-24-093945,0001422143,"Kura Oncology, Inc.",2024-08-08,2024-08-08T16:10:09-04:00,True,"2.02,9.01",EARNINGS
0000950170-24-052109,0001422143,"Kura Oncology, Inc.",2024-05-02,2024-05-02T16:10:11-04:00,True,"2.02,9.01",EARNINGS
0000950170-24-021087,0001422143,"Kura Oncology, Inc.",2024-02-27,2024-02-27T16:03:14-05:00,True,"2.02,9.01",EARNINGS
0000950170-23-058157,0001422143,"Kura Oncology, Inc.",2023-11-02,2023-11-02T16:03:08-04:00,True,"2.02,9.01",EARNINGS
0000950170-23-037994,0001422143,"Kura Oncology, Inc.",2023-08-03,2023-08-03T16:13:20-04:00,True,"2.02,9.01",EARNINGS
0000950170-23-020508,0001422143,"Kura Oncology, Inc.",2023-05-10,2023-05-10T16:07:13-04:00,True,"2.02,9.01",EARNINGS
0000950170-23-004098,0001422143,"Kura Oncology, Inc.",2023-02-23,2023-02-23T16:07:09-05:00,True,"2.02,9.01",EARNINGS
0000950170-22-021564,0001422143,"Kura Oncology, Inc.",2022-11-03,2022-11-03T07:47:11-04:00,False,"2.02,9.01",EARNINGS
0000950170-22-014242,0001422143,"Kura Oncology, Inc.",2022-08-03,2022-08-03T16:09:25-04:00,True,"2.02,9.01",EARNINGS
0000950170-22-007388,0001422143,"Kura Oncology, Inc.",2022-05-04,2022-05-04T16:15:29-04:00,True,"2.02,9.01",EARNINGS
0000950170-22-001964,0001422143,"Kura Oncology, Inc.",2022-02-24,2022-02-24T16:07:46-05:00,True,"2.02,9.01",EARNINGS
0001564590-21-054488,0001422143,"Kura Oncology, Inc.",2021-11-04,2021-11-04T16:13:02-04:00,True,"2.02,9.01",EARNINGS
0001564590-21-041588,0001422143,"Kura Oncology, Inc.",2021-08-05,2021-08-05T16:11:29-04:00,True,"2.02,9.01",EARNINGS
0001564590-21-024963,0001422143,"Kura Oncology, Inc.",2021-05-06,2021-05-06T16:11:13-04:00,True,"2.02,9.01",EARNINGS
0001564590-21-007821,0001422143,"Kura Oncology, Inc.",2021-02-24,2021-02-24T07:25:22-05:00,False,"2.02,9.01",EARNINGS
0001564590-20-050877,0001422143,"Kura Oncology, Inc.",2020-11-05,2020-11-05T07:40:57-05:00,False,"2.02,9.01",EARNINGS
0001564590-20-037726,0001422143,"Kura Oncology, Inc.",2020-08-06,2020-08-06T16:07:46-04:00,True,"2.02,9.01",EARNINGS
0001564590-20-020830,0001422143,"Kura Oncology, Inc.",2020-05-04,2020-05-04T16:10:22-04:00,True,"2.02,9.01",EARNINGS
0001564590-20-006383,0001422143,"Kura Oncology, Inc.",2020-02-25,2020-02-25T16:05:27-05:00,True,"2.02,9.01",EARNINGS
0001564590-19-040374,0001422143,"Kura Oncology, Inc.",2019-11-05,2019-11-05T16:10:24-05:00,True,"2.02,9.01",EARNINGS
0001564590-19-027949,0001422143,"Kura Oncology, Inc.",2019-08-01,2019-08-01T16:07:17-04:00,True,"2.02,9.01",EARNINGS
0001564590-19-016500,0001422143,"Kura Oncology, Inc.",2019-05-07,2019-05-07T16:10:22-04:00,True,"2.02,9.01",EARNINGS
0001564590-19-006260,0001422143,"Kura Oncology, Inc.",2019-03-05,2019-03-05T16:04:28-05:00,True,"2.02,9.01",EARNINGS
0001906324-25-000158,0001906324,QuidelOrtho Corp,2025-11-05,2025-11-05T16:08:26-05:00,True,"2.02,9.01",EARNINGS
0001906324-25-000150,0001906324,QuidelOrtho Corp,2025-08-05,2025-08-05T16:11:59-04:00,True,"2.02,9.01",EARNINGS
0001906324-25-000055,0001906324,QuidelOrtho Corp,2025-05-07,2025-05-07T16:07:42-04:00,True,"2.02,9.01",EARNINGS
0001906324-25-000031,0001906324,QuidelOrtho Corp,2025-02-12,2025-02-12T16:06:59-05:00,True,"2.02,9.01",EARNINGS
0001906324-25-000003,0001906324,QuidelOrtho Corp,2025-01-13,2025-01-13T09:03:17-05:00,False,"2.02,9.01",EARNINGS
0001906324-24-000048,0001906324,QuidelOrtho Corp,2024-11-07,2024-11-07T16:08:27-05:00,True,"2.02,9.01",EARNINGS
0001906324-24-000042,0001906324,QuidelOrtho Corp,2024-07-31,2024-07-31T16:08:04-04:00,True,"2.02,9.01",EARNINGS
0001906324-24-000030,0001906324,QuidelOrtho Corp,2024-05-08,2024-05-08T16:07:08-04:00,True,"2.02,9.01",EARNINGS
0001906324-24-000002,0001906324,QuidelOrtho Corp,2024-02-13,2024-02-13T16:07:22-05:00,True,"2.02,9.01",EARNINGS
0001906324-23-000056,0001906324,QuidelOrtho Corp,2023-11-01,2023-11-01T16:12:05-04:00,True,"2.02,9.01",EARNINGS
0001906324-23-000052,0001906324,QuidelOrtho Corp,2023-10-12,2023-10-12T07:04:57-04:00,False,"2.02,9.01",EARNINGS
0001906324-23-000044,0001906324,QuidelOrtho Corp,2023-08-08,2023-08-08T17:00:08-04:00,True,"2.02,9.01",EARNINGS
0001906324-23-000030,0001906324,QuidelOrtho Corp,2023-05-03,2023-05-03T16:14:46-04:00,True,"2.02,9.01",EARNINGS
0001906324-23-000027,0001906324,QuidelOrtho Corp,2023-04-13,2023-04-13T16:22:22-04:00,True,"2.02,9.01",EARNINGS
0001906324-23-000008,0001906324,QuidelOrtho Corp,2023-02-15,2023-02-15T16:16:25-05:00,True,"2.02,9.01",EARNINGS
0001906324-23-000002,0001906324,QuidelOrtho Corp,2023-01-06,2023-01-06T16:26:38-05:00,True,"2.02,9.01",EARNINGS
0001906324-22-000029,0001906324,QuidelOrtho Corp,2022-11-02,2022-11-02T16:11:20-04:00,True,"2.02,9.01",EARNINGS
0001906324-22-000026,0001906324,QuidelOrtho Corp,2022-10-12,2022-10-12T16:11:16-04:00,True,"2.02,9.01",EARNINGS
0001906324-22-000008,0001906324,QuidelOrtho Corp,2022-08-04,2022-08-04T16:34:55-04:00,True,"2.02,9.01",EARNINGS
0001193125-25-266933,0001807120,"Design Therapeutics, Inc.",2025-11-05,2025-11-05T16:10:32-05:00,True,"2.02,9.01",EARNINGS
0000950170-25-065613,0001807120,"Design Therapeutics, Inc.",2025-05-07,2025-05-07T16:04:40-04:00,True,"2.02,9.01",EARNINGS
0000950170-25-035909,0001807120,"Design Therapeutics, Inc.",2025-03-10,2025-03-10T07:10:34-04:00,False,"2.02,9.01",EARNINGS
0000950170-24-123289,0001807120,"Design Therapeutics, Inc.",2024-11-07,2024-11-07T16:06:08-05:00,True,"2.02,9.01",EARNINGS
0000950170-24-090332,0001807120,"Design Therapeutics, Inc.",2024-08-05,2024-08-05T08:01:14-04:00,False,"2.02,9.01",EARNINGS
0000950170-24-055645,0001807120,"Design Therapeutics, Inc.",2024-05-08,2024-05-08T16:09:14-04:00,True,"2.02,9.01",EARNINGS
0000950170-24-033475,0001807120,"Design Therapeutics, Inc.",2024-03-19,2024-03-19T16:12:56-04:00,True,"2.02,9.01",EARNINGS
0000950170-23-062937,0001807120,"Design Therapeutics, Inc.",2023-11-13,2023-11-13T16:10:07-05:00,True,"2.02,9.01",EARNINGS
0000950170-23-042392,0001807120,"Design Therapeutics, Inc.",2023-08-14,2023-08-14T16:07:12-04:00,True,"2.02,9.01",EARNINGS
0000950170-23-019682,0001807120,"Design Therapeutics, Inc.",2023-05-09,2023-05-09T16:13:38-04:00,True,"2.02,9.01",EARNINGS
0000950170-23-007864,0001807120,"Design Therapeutics, Inc.",2023-03-14,2023-03-14T16:07:42-04:00,True,"2.02,9.01",EARNINGS
0000950170-22-021862,0001807120,"Design Therapeutics, Inc.",2022-11-03,2022-11-03T16:09:46-04:00,True,"2.02,9.01",EARNINGS
0000950170-22-015520,0001807120,"Design Therapeutics, Inc.",2022-08-08,2022-08-08T16:08:13-04:00,True,"2.02,9.01",EARNINGS
0000950170-22-008486,0001807120,"Design Therapeutics, Inc.",2022-05-09,2022-05-09T16:09:29-04:00,True,"2.02,9.01",EARNINGS
0000950170-22-003356,0001807120,"Design Therapeutics, Inc.",2022-03-10,2022-03-10T16:06:23-05:00,True,"2.02,9.01",EARNINGS
0000950170-21-003747,0001807120,"Design Therapeutics, Inc.",2021-11-09,2021-11-09T16:11:32-05:00,True,"2.02,9.01",EARNINGS
0001564590-21-042617,0001807120,"Design Therapeutics, Inc.",2021-08-09,2021-08-09T16:05:37-04:00,True,"2.02,9.01",EARNINGS
0001564590-21-026050,0001807120,"Design Therapeutics, Inc.",2021-05-10,2021-05-10T16:10:19-04:00,True,"2.02,9.01",EARNINGS
0001437749-25-032422,0001855175,"Contineum Therapeutics, Inc.",2025-10-30,2025-10-30T16:09:26-04:00,True,"2.02,9.01",EARNINGS
0001437749-25-024849,0001855175,"Contineum Therapeutics, Inc.",2025-08-05,2025-08-05T16:08:50-04:00,True,"2.02,9.01",EARNINGS
0001437749-25-006457,0001855175,"Contineum Therapeutics, Inc.",2025-03-06,2025-03-06T16:08:27-05:00,True,"2.02,9.01",EARNINGS
0001437749-24-033614,0001855175,"Contineum Therapeutics, Inc.",2024-11-06,2024-11-06T16:08:42-05:00,True,"2.02,9.01",EARNINGS
0001437749-24-026385,0001855175,"Contineum Therapeutics, Inc.",2024-08-13,2024-08-13T16:10:32-04:00,True,"2.02,9.01",EARNINGS
0001437749-24-017293,0001855175,"Contineum Therapeutics, Inc.",2024-05-16,2024-05-16T16:08:51-04:00,True,"2.02,9.01",EARNINGS
0000950170-25-070899,0001671858,"ARS Pharmaceuticals, Inc.",2025-05-14,2025-05-14T07:01:13-04:00,False,"2.02,9.01",EARNINGS
0000950170-25-042317,0001671858,"ARS Pharmaceuticals, Inc.",2025-03-20,2025-03-20T07:02:00-04:00,False,"2.02,9.01",EARNINGS
0000950170-24-125921,0001671858,"ARS Pharmaceuticals, Inc.",2024-11-13,2024-11-13T07:00:26-05:00,False,"2.02,9.01",EARNINGS
0000950170-24-091745,0001671858,"ARS Pharmaceuticals, Inc.",2024-08-06,2024-08-06T16:04:22-04:00,True,"2.02,9.01",EARNINGS
0000950170-24-056934,0001671858,"ARS Pharmaceuticals, Inc.",2024-05-09,2024-05-09T16:08:39-04:00,True,"2.02,9.01",EARNINGS
0000950170-24-034678,0001671858,"ARS Pharmaceuticals, Inc.",2024-03-21,2024-03-21T16:06:39-04:00,True,"2.02,9.01",EARNINGS
0000950170-23-061989,0001671858,"ARS Pharmaceuticals, Inc.",2023-11-09,2023-11-09T16:02:29-05:00,True,"2.02,9.01",EARNINGS
0000950170-23-041294,0001671858,"ARS Pharmaceuticals, Inc.",2023-08-10,2023-08-10T16:05:25-04:00,True,"2.02,9.01",EARNINGS
0000950170-23-021996,0001671858,"ARS Pharmaceuticals, Inc.",2023-05-15,2023-05-15T09:03:13-04:00,False,"2.02,9.01",EARNINGS
0000950170-23-009485,0001671858,"ARS Pharmaceuticals, Inc.",2023-03-23,2023-03-23T16:09:22-04:00,True,"2.02,9.01",EARNINGS
0001193125-22-148646,0001671858,"ARS Pharmaceuticals, Inc.",2022-05-12,2022-05-12T16:11:37-04:00,True,"2.02,9.01",EARNINGS
0001193125-22-091747,0001671858,"ARS Pharmaceuticals, Inc.",2022-03-31,2022-03-31T16:06:28-04:00,True,"2.02,9.01",EARNINGS
0001193125-21-326031,0001671858,"ARS Pharmaceuticals, Inc.",2021-11-10,2021-11-10T16:20:03-05:00,True,"2.02,9.01",EARNINGS
0001193125-21-244702,0001671858,"ARS Pharmaceuticals, Inc.",2021-08-12,2021-08-12T16:16:53-04:00,True,"2.02,9.01",EARNINGS
0001193125-21-160511,0001671858,"ARS Pharmaceuticals, Inc.",2021-05-13,2021-05-13T16:17:36-04:00,True,"2.02,9.01",EARNINGS
0001193125-21-098282,0001671858,"ARS Pharmaceuticals, Inc.",2021-03-29,2021-03-29T16:11:29-04:00,True,"2.02,9.01",EARNINGS
0001193125-25-275867,0001817241,"Artiva Biotherapeutics, Inc.",2025-11-12,2025-11-12T07:05:15-05:00,False,"2.02,9.01",EARNINGS
0000950170-25-104028,0001817241,"Artiva Biotherapeutics, Inc.",2025-08-06,2025-08-06T16:11:42-04:00,True,"2.02,9.01",EARNINGS
0000950170-25-066416,0001817241,"Artiva Biotherapeutics, Inc.",2025-05-08,2025-05-08T08:03:54-04:00,False,"2.02,9.01",EARNINGS
0000950170-25-043828,0001817241,"Artiva Biotherapeutics, Inc.",2025-03-24,2025-03-24T16:07:24-04:00,True,"2.02,9.01",EARNINGS
0000950170-24-125359,0001817241,"Artiva Biotherapeutics, Inc.",2024-11-12,2024-11-12T16:07:59-05:00,True,"2.02,9.01",EARNINGS
0001193125-24-209920,0001817241,"Artiva Biotherapeutics, Inc.",2024-08-29,2024-08-29T16:16:01-04:00,True,"2.02,9.01",EARNINGS
0001285550-23-000019,0001285550,"ClearPoint Neuro, Inc.",2023-03-01,2023-03-01T16:04:57-05:00,True,"2.02,9.01",EARNINGS
0001171520-22-000183,0001285550,"ClearPoint Neuro, Inc.",2022-03-01,2022-03-01T16:04:55-05:00,True,"2.02,9.01",EARNINGS
0001171520-21-000198,0001285550,"ClearPoint Neuro, Inc.",2021-05-11,2021-05-11T16:05:50-04:00,True,"2.02,9.01",EARNINGS
0001171520-21-000122,0001285550,"ClearPoint Neuro, Inc.",2021-03-04,2021-03-04T16:06:22-05:00,True,"2.02,9.01",EARNINGS
0001171520-21-000013,0001285550,"ClearPoint Neuro, Inc.",2021-01-12,2021-01-12T16:06:02-05:00,True,"2.02,9.01",EARNINGS
0001171520-20-000063,0001285550,"ClearPoint Neuro, Inc.",2020-02-12,2020-02-12T16:08:32-05:00,True,"2.02,9.01",EARNINGS
0001534424-19-000311,0001285550,"ClearPoint Neuro, Inc.",2019-11-12,2019-11-12T16:05:25-05:00,True,"2.02,9.01",EARNINGS
0001534424-19-000224,0001285550,"ClearPoint Neuro, Inc.",2019-08-06,2019-08-06T16:05:39-04:00,True,"2.02,9.01",EARNINGS
0001534424-19-000118,0001285550,"ClearPoint Neuro, Inc.",2019-04-30,2019-04-30T16:05:18-04:00,True,"2.02,9.01",EARNINGS
0001534424-19-000017,0001285550,"ClearPoint Neuro, Inc.",2019-01-03,2019-01-03T16:15:27-05:00,True,"2.02,9.01",EARNINGS
0001193125-25-269469,0001794546,"CARLSMED, INC.",2025-11-06,2025-11-06T16:06:16-05:00,True,"2.02,9.01",EARNINGS
0000950170-25-111947,0001794546,"CARLSMED, INC.",2025-08-28,2025-08-28T16:06:16-04:00,True,"2.02,9.01",EARNINGS
0001171843-21-002004,0001357459,"PALISADE BIO, INC.",2021-03-23,2021-03-23T17:07:51-04:00,True,"2.02,9.01",EARNINGS
0001171843-20-008037,0001357459,"PALISADE BIO, INC.",2020-11-16,2020-11-16T17:00:16-05:00,True,"2.02,9.01",EARNINGS
0001171843-20-005936,0001357459,"PALISADE BIO, INC.",2020-08-14,2020-08-14T12:30:07-04:00,False,"2.02,9.01",EARNINGS
0001171843-20-003767,0001357459,"PALISADE BIO, INC.",2020-05-15,2020-05-15T15:02:01-04:00,False,"2.02,9.01",EARNINGS
0001171843-19-007574,0001357459,"PALISADE BIO, INC.",2019-11-15,2019-11-15T10:36:42-05:00,False,"2.02,9.01",EARNINGS
0001171843-19-005491,0001357459,"PALISADE BIO, INC.",2019-08-14,2019-08-14T14:31:56-04:00,False,"2.02,9.01",EARNINGS
0001171843-19-003356,0001357459,"PALISADE BIO, INC.",2019-05-14,2019-05-14T16:32:25-04:00,True,"2.02,9.01",EARNINGS
0001171843-19-001924,0001357459,"PALISADE BIO, INC.",2019-03-22,2019-03-22T17:30:36-04:00,True,"2.02,9.01",EARNINGS
0001193805-25-001555,0001768224,Arcturus Therapeutics Holdings Inc.,2025-11-10,2025-11-10T16:09:10-05:00,True,"2.02,9.01",EARNINGS
0001193805-25-001175,0001768224,Arcturus Therapeutics Holdings Inc.,2025-08-11,2025-08-11T16:01:46-04:00,True,"2.02,9.01",EARNINGS
0001193805-25-000630,0001768224,Arcturus Therapeutics Holdings Inc.,2025-05-12,2025-05-12T16:05:47-04:00,True,"2.02,9.01",EARNINGS
0001193805-25-000275,0001768224,Arcturus Therapeutics Holdings Inc.,2025-03-06,2025-03-06T16:02:38-05:00,True,"2.02,9.01",EARNINGS
0001193805-24-001318,0001768224,Arcturus Therapeutics Holdings Inc.,2024-11-07,2024-11-07T16:25:35-05:00,True,"2.02,9.01",EARNINGS
0001193805-24-000990,0001768224,Arcturus Therapeutics Holdings Inc.,2024-08-05,2024-08-05T16:09:24-04:00,True,"2.02,9.01",EARNINGS
0001193805-24-000614,0001768224,Arcturus Therapeutics Holdings Inc.,2024-05-08,2024-05-08T16:05:04-04:00,True,"2.02,9.01",EARNINGS
0001193805-24-000335,0001768224,Arcturus Therapeutics Holdings Inc.,2024-03-07,2024-03-07T16:05:52-05:00,True,"2.02,9.01",EARNINGS
0001193805-23-001493,0001768224,Arcturus Therapeutics Holdings Inc.,2023-11-14,2023-11-14T16:10:46-05:00,True,"2.02,9.01",EARNINGS
0001193805-23-000686,0001768224,Arcturus Therapeutics Holdings Inc.,2023-05-09,2023-05-09T16:11:14-04:00,True,"2.02,9.01",EARNINGS
0001193805-23-000401,0001768224,Arcturus Therapeutics Holdings Inc.,2023-03-28,2023-03-28T16:10:40-04:00,True,"2.02,9.01",EARNINGS
0001193805-22-001504,0001768224,Arcturus Therapeutics Holdings Inc.,2022-11-09,2022-11-09T16:06:26-05:00,True,"2.02,9.01",EARNINGS
0001193805-22-001152,0001768224,Arcturus Therapeutics Holdings Inc.,2022-08-09,2022-08-09T16:01:36-04:00,True,"2.02,9.01",EARNINGS
0001193805-22-000752,0001768224,Arcturus Therapeutics Holdings Inc.,2022-05-09,2022-05-09T16:20:03-04:00,True,"2.02,9.01",EARNINGS
0001193805-22-000402,0001768224,Arcturus Therapeutics Holdings Inc.,2022-02-28,2022-02-28T16:15:54-05:00,True,"2.02,9.01",EARNINGS
0001193805-21-001541,0001768224,Arcturus Therapeutics Holdings Inc.,2021-11-08,2021-11-08T16:18:25-05:00,True,"2.02,9.01",EARNINGS
0001193805-20-001406,0001768224,Arcturus Therapeutics Holdings Inc.,2020-11-09,2020-11-09T16:06:24-05:00,True,"2.02,9.01",EARNINGS
0001193805-20-000987,0001768224,Arcturus Therapeutics Holdings Inc.,2020-08-10,2020-08-10T16:22:25-04:00,True,"2.02,9.01",EARNINGS
0001193805-20-000565,0001768224,Arcturus Therapeutics Holdings Inc.,2020-05-07,2020-05-07T16:08:01-04:00,True,"2.02,9.01",EARNINGS
0001193805-20-000335,0001768224,Arcturus Therapeutics Holdings Inc.,2020-03-11,2020-03-11T16:05:23-04:00,True,"2.02,9.01",EARNINGS
0001193125-19-287407,0001768224,Arcturus Therapeutics Holdings Inc.,2019-11-07,2019-11-07T16:53:56-05:00,True,"2.02,9.01",EARNINGS
0001193125-25-279091,0001434316,FATE THERAPEUTICS INC,2025-11-13,2025-11-13T08:32:54-05:00,False,"2.02,9.01",EARNINGS
0000950170-25-070280,0001434316,FATE THERAPEUTICS INC,2025-05-13,2025-05-13T16:02:25-04:00,True,"2.02,9.01",EARNINGS
0000950170-25-033507,0001434316,FATE THERAPEUTICS INC,2025-03-05,2025-03-05T16:02:33-05:00,True,"2.02,9.01",EARNINGS
0000950170-24-125307,0001434316,FATE THERAPEUTICS INC,2024-11-12,2024-11-12T16:01:59-05:00,True,"2.02,9.01",EARNINGS
0000950170-24-096177,0001434316,FATE THERAPEUTICS INC,2024-08-13,2024-08-13T16:06:21-04:00,True,"2.02,9.01",EARNINGS
0000950170-24-056852,0001434316,FATE THERAPEUTICS INC,2024-05-09,2024-05-09T16:02:49-04:00,True,"2.02,9.01",EARNINGS
0000950170-24-020123,0001434316,FATE THERAPEUTICS INC,2024-02-26,2024-02-26T16:03:08-05:00,True,"2.02,9.01",EARNINGS
0000950170-23-061077,0001434316,FATE THERAPEUTICS INC,2023-11-08,2023-11-08T16:03:06-05:00,True,"2.02,9.01",EARNINGS
0000950170-23-039783,0001434316,FATE THERAPEUTICS INC,2023-08-08,2023-08-08T16:07:19-04:00,True,"2.02,9.01",EARNINGS
0000950170-23-017157,0001434316,FATE THERAPEUTICS INC,2023-05-03,2023-05-03T16:06:15-04:00,True,"2.02,9.01",EARNINGS
0000950170-23-005063,0001434316,FATE THERAPEUTICS INC,2023-02-28,2023-02-28T16:03:29-05:00,True,"2.02,9.01",EARNINGS
0000950170-22-021834,0001434316,FATE THERAPEUTICS INC,2022-11-03,2022-11-03T16:03:09-04:00,True,"2.02,9.01",EARNINGS
0000950170-22-014223,0001434316,FATE THERAPEUTICS INC,2022-08-03,2022-08-03T16:03:54-04:00,True,"2.02,9.01",EARNINGS
0000950170-22-007377,0001434316,FATE THERAPEUTICS INC,2022-05-04,2022-05-04T16:06:33-04:00,True,"2.02,9.01",EARNINGS
0000950170-22-002285,0001434316,FATE THERAPEUTICS INC,2022-02-28,2022-02-28T16:06:12-05:00,True,"2.02,9.01",EARNINGS
0000950170-21-003055,0001434316,FATE THERAPEUTICS INC,2021-11-04,2021-11-04T16:07:37-04:00,True,"2.02,9.01",EARNINGS
0001564590-21-040793,0001434316,FATE THERAPEUTICS INC,2021-08-04,2021-08-04T16:05:57-04:00,True,"2.02,9.01",EARNINGS
0001564590-21-024017,0001434316,FATE THERAPEUTICS INC,2021-05-05,2021-05-05T16:01:27-04:00,True,"2.02,9.01",EARNINGS
0001564590-21-008069,0001434316,FATE THERAPEUTICS INC,2021-02-24,2021-02-24T16:01:48-05:00,True,"2.02,9.01",EARNINGS
0001564590-20-051284,0001434316,FATE THERAPEUTICS INC,2020-11-05,2020-11-05T16:02:19-05:00,True,"2.02,9.01",EARNINGS
0001564590-20-036776,0001434316,FATE THERAPEUTICS INC,2020-08-05,2020-08-05T16:01:19-04:00,True,"2.02,9.01",EARNINGS
0001564590-20-024158,0001434316,FATE THERAPEUTICS INC,2020-05-11,2020-05-11T16:01:18-04:00,True,"2.02,9.01",EARNINGS
0001564590-20-008139,0001434316,FATE THERAPEUTICS INC,2020-03-02,2020-03-02T16:01:37-05:00,True,"2.02,9.01",EARNINGS
0001564590-19-040354,0001434316,FATE THERAPEUTICS INC,2019-11-05,2019-11-05T16:01:41-05:00,True,"2.02,9.01",EARNINGS
0001564590-19-029319,0001434316,FATE THERAPEUTICS INC,2019-08-06,2019-08-06T16:01:31-04:00,True,"2.02,9.01",EARNINGS
0001564590-19-016519,0001434316,FATE THERAPEUTICS INC,2019-05-07,2019-05-07T16:15:43-04:00,True,"2.02,9.01",EARNINGS
0001564590-19-006257,0001434316,FATE THERAPEUTICS INC,2019-03-05,2019-03-05T16:01:17-05:00,True,"2.02,9.01",EARNINGS
0001193125-25-269534,0000876343,"Lineage Cell Therapeutics, Inc.",2025-11-06,2025-11-06T16:12:19-05:00,True,"2.02,9.01",EARNINGS
0000950170-25-107314,0000876343,"Lineage Cell Therapeutics, Inc.",2025-08-12,2025-08-12T16:10:31-04:00,True,"2.02,9.01",EARNINGS
0000950170-25-070337,0000876343,"Lineage Cell Therapeutics, Inc.",2025-05-13,2025-05-13T16:10:10-04:00,True,"2.02,9.01",EARNINGS
0000950170-25-036278,0000876343,"Lineage Cell Therapeutics, Inc.",2025-03-10,2025-03-10T16:10:08-04:00,True,"2.02,9.01",EARNINGS
0000950170-24-127058,0000876343,"Lineage Cell Therapeutics, Inc.",2024-11-14,2024-11-14T16:10:10-05:00,True,"2.02,9.01",EARNINGS
0000950170-24-093947,0000876343,"Lineage Cell Therapeutics, Inc.",2024-08-08,2024-08-08T16:10:09-04:00,True,"2.02,9.01",EARNINGS
0000950170-24-056948,0000876343,"Lineage Cell Therapeutics, Inc.",2024-05-09,2024-05-09T16:10:17-04:00,True,"2.02,9.01",EARNINGS
0000950170-24-027951,0000876343,"Lineage Cell Therapeutics, Inc.",2024-03-07,2024-03-07T16:10:09-05:00,True,"2.02,9.01",EARNINGS
0001493152-23-040057,0000876343,"Lineage Cell Therapeutics, Inc.",2023-11-09,2023-11-09T16:10:32-05:00,True,"2.02,9.01",EARNINGS
0001493152-23-027545,0000876343,"Lineage Cell Therapeutics, Inc.",2023-08-10,2023-08-10T16:10:12-04:00,True,"2.02,9.01",EARNINGS
0001493152-23-016388,0000876343,"Lineage Cell Therapeutics, Inc.",2023-05-11,2023-05-11T16:10:37-04:00,True,"2.02,9.01",EARNINGS
0001493152-23-007127,0000876343,"Lineage Cell Therapeutics, Inc.",2023-03-09,2023-03-09T16:10:37-05:00,True,"2.02,9.01",EARNINGS
0001493152-22-031351,0000876343,"Lineage Cell Therapeutics, Inc.",2022-11-10,2022-11-10T16:11:40-05:00,True,"2.02,9.01",EARNINGS
0001493152-22-022077,0000876343,"Lineage Cell Therapeutics, Inc.",2022-08-11,2022-08-11T16:10:44-04:00,True,"2.02,9.01",EARNINGS
0001493152-22-013033,0000876343,"Lineage Cell Therapeutics, Inc.",2022-05-12,2022-05-12T16:10:59-04:00,True,"2.02,9.01",EARNINGS
0001493152-22-006506,0000876343,"Lineage Cell Therapeutics, Inc.",2022-03-10,2022-03-10T16:10:24-05:00,True,"2.02,9.01",EARNINGS
0001493152-21-027855,0000876343,"Lineage Cell Therapeutics, Inc.",2021-11-10,2021-11-10T16:10:54-05:00,True,"2.02,9.01",EARNINGS
0001493152-21-019506,0000876343,"Lineage Cell Therapeutics, Inc.",2021-08-12,2021-08-12T16:10:16-04:00,True,"2.02,9.01",EARNINGS
0001493152-21-011290,0000876343,"Lineage Cell Therapeutics, Inc.",2021-05-13,2021-05-13T16:10:39-04:00,True,"2.02,9.01",EARNINGS
0001493152-21-005810,0000876343,"Lineage Cell Therapeutics, Inc.",2021-03-11,2021-03-11T16:15:14-05:00,True,"2.02,9.01",EARNINGS
0001641172-20-000028,0000876343,"Lineage Cell Therapeutics, Inc.",2020-11-04,2020-11-04T16:11:43-05:00,True,"2.02,9.01",EARNINGS
0001493152-20-014854,0000876343,"Lineage Cell Therapeutics, Inc.",2020-08-06,2020-08-06T16:10:52-04:00,True,"2.02,9.01",EARNINGS
0001493152-20-003812,0000876343,"Lineage Cell Therapeutics, Inc.",2020-03-12,2020-03-12T16:15:25-04:00,True,"2.02,9.01",EARNINGS
0001493152-19-016899,0000876343,"Lineage Cell Therapeutics, Inc.",2019-11-12,2019-11-12T16:15:26-05:00,True,"2.02,9.01",EARNINGS
0001493152-19-011902,0000876343,"Lineage Cell Therapeutics, Inc.",2019-08-08,2019-08-08T16:10:29-04:00,True,"2.02,9.01",EARNINGS
0001493152-19-006686,0000876343,"Lineage Cell Therapeutics, Inc.",2019-05-09,2019-05-09T16:25:36-04:00,True,"2.02,9.01",EARNINGS
0001493152-19-003346,0000876343,"Lineage Cell Therapeutics, Inc.",2019-03-14,2019-03-14T16:37:55-04:00,True,"2.02,9.01",EARNINGS
0001274737-25-000069,0001274737,EXAGEN INC.,2025-11-04,2025-11-04T08:03:27-05:00,False,"2.02,9.01",EARNINGS
0001274737-25-000061,0001274737,EXAGEN INC.,2025-07-29,2025-07-29T08:02:38-04:00,False,"2.02,9.01",EARNINGS
0001274737-25-000023,0001274737,EXAGEN INC.,2025-05-05,2025-05-05T08:01:54-04:00,False,"2.02,9.01",EARNINGS
0001274737-25-000018,0001274737,EXAGEN INC.,2025-03-11,2025-03-11T08:00:19-04:00,False,"2.02,9.01",EARNINGS
0001274737-24-000091,0001274737,EXAGEN INC.,2024-11-12,2024-11-12T08:00:21-05:00,False,"2.02,9.01",EARNINGS
0001274737-24-000078,0001274737,EXAGEN INC.,2024-08-05,2024-08-05T08:00:28-04:00,False,"2.02,9.01",EARNINGS
0001274737-24-000045,0001274737,EXAGEN INC.,2024-05-13,2024-05-13T08:00:20-04:00,False,"2.02,9.01",EARNINGS
0001274737-24-000019,0001274737,EXAGEN INC.,2024-03-18,2024-03-18T08:00:24-04:00,False,"2.02,9.01",EARNINGS
0001274737-24-000006,0001274737,EXAGEN INC.,2024-01-08,2024-01-08T08:00:20-05:00,False,"2.02,9.01",EARNINGS
0001274737-23-000101,0001274737,EXAGEN INC.,2023-11-13,2023-11-13T16:05:54-05:00,True,"2.02,9.01",EARNINGS
0001274737-23-000085,0001274737,EXAGEN INC.,2023-08-07,2023-08-07T08:00:26-04:00,False,"2.02,9.01",EARNINGS
0001274737-23-000046,0001274737,EXAGEN INC.,2023-05-15,2023-05-15T16:05:34-04:00,True,"2.02,9.01",EARNINGS
0001274737-23-000017,0001274737,EXAGEN INC.,2023-03-20,2023-03-20T16:05:25-04:00,True,"2.02,9.01",EARNINGS
0001274737-22-000051,0001274737,EXAGEN INC.,2022-08-04,2022-08-04T16:06:27-04:00,True,"2.02,9.01",EARNINGS
0001274737-22-000027,0001274737,EXAGEN INC.,2022-05-11,2022-05-11T16:05:40-04:00,True,"2.02,9.01",EARNINGS
0001628280-22-006886,0001274737,EXAGEN INC.,2022-03-22,2022-03-22T16:05:40-04:00,True,"2.02,9.01",EARNINGS
0001274737-21-000113,0001274737,EXAGEN INC.,2021-11-10,2021-11-10T16:05:40-05:00,True,"2.02,9.01",EARNINGS
0001274737-21-000042,0001274737,EXAGEN INC.,2021-05-11,2021-05-11T16:06:29-04:00,True,"2.02,9.01",EARNINGS
0001274737-21-000014,0001274737,EXAGEN INC.,2021-03-16,2021-03-16T16:07:00-04:00,True,"2.02,9.01",EARNINGS
0001274737-21-000004,0001274737,EXAGEN INC.,2021-01-11,2021-01-11T07:00:30-05:00,False,"2.02,9.01",EARNINGS
0001274737-20-000074,0001274737,EXAGEN INC.,2020-07-28,2020-07-28T07:00:46-04:00,False,"2.02,9.01",EARNINGS
0001274737-20-000036,0001274737,EXAGEN INC.,2020-05-11,2020-05-11T16:05:29-04:00,True,"2.02,9.01",EARNINGS
0001274737-20-000024,0001274737,EXAGEN INC.,2020-03-25,2020-03-25T16:05:29-04:00,True,"2.02,9.01",EARNINGS
0001628280-19-013993,0001274737,EXAGEN INC.,2019-11-12,2019-11-12T16:34:50-05:00,True,"2.02,9.01",EARNINGS
0001193125-25-280173,0001746466,"Equillium, Inc.",2025-11-13,2025-11-13T16:10:28-05:00,True,"2.02,9.01",EARNINGS
0001193125-25-092435,0001746466,"Equillium, Inc.",2025-04-24,2025-04-24T09:05:50-04:00,False,"2.02,9.01",EARNINGS
0000950170-25-045723,0001746466,"Equillium, Inc.",2025-03-27,2025-03-27T07:05:09-04:00,False,"2.02,9.01",EARNINGS
0000950170-24-126288,0001746466,"Equillium, Inc.",2024-11-13,2024-11-13T16:05:08-05:00,True,"2.02,9.01",EARNINGS
0000950170-24-093884,0001746466,"Equillium, Inc.",2024-08-08,2024-08-08T16:05:15-04:00,True,"2.02,9.01",EARNINGS
0001193125-24-180952,0001746466,"Equillium, Inc.",2024-07-18,2024-07-18T14:08:53-04:00,False,2.02,EARNINGS
0000950170-24-056890,0001746466,"Equillium, Inc.",2024-05-09,2024-05-09T16:05:36-04:00,True,"2.02,9.01",EARNINGS
0001193125-24-076471,0001746466,"Equillium, Inc.",2024-03-25,2024-03-25T16:05:36-04:00,True,"2.02,9.01",EARNINGS
0000950170-23-040564,0001746466,"Equillium, Inc.",2023-08-09,2023-08-09T16:06:51-04:00,True,"2.02,9.01",EARNINGS
0000950170-23-021215,0001746466,"Equillium, Inc.",2023-05-11,2023-05-11T16:06:00-04:00,True,"2.02,9.01",EARNINGS
0001193125-23-077853,0001746466,"Equillium, Inc.",2023-03-23,2023-03-23T16:05:54-04:00,True,"2.02,9.01",EARNINGS
0000950170-22-024988,0001746466,"Equillium, Inc.",2022-11-14,2022-11-14T16:10:16-05:00,True,"2.02,9.01",EARNINGS
0000950170-22-017382,0001746466,"Equillium, Inc.",2022-08-15,2022-08-15T16:22:24-04:00,True,"2.02,9.01",EARNINGS
0000950170-22-009653,0001746466,"Equillium, Inc.",2022-05-12,2022-05-12T16:07:23-04:00,True,"2.02,9.01",EARNINGS
0000950170-22-004404,0001746466,"Equillium, Inc.",2022-03-23,2022-03-23T16:05:26-04:00,True,"2.02,9.01",EARNINGS
0000950170-21-004068,0001746466,"Equillium, Inc.",2021-11-10,2021-11-10T16:05:41-05:00,True,"2.02,9.01",EARNINGS
0000950170-21-001177,0001746466,"Equillium, Inc.",2021-08-10,2021-08-10T16:11:46-04:00,True,"2.02,9.01",EARNINGS
0000950170-21-000223,0001746466,"Equillium, Inc.",2021-05-13,2021-05-13T16:13:28-04:00,True,"2.02,9.01",EARNINGS
0001564590-21-015101,0001746466,"Equillium, Inc.",2021-03-24,2021-03-24T16:10:25-04:00,True,"2.02,9.01",EARNINGS
0001193125-20-290153,0001746466,"Equillium, Inc.",2020-11-10,2020-11-10T16:11:28-05:00,True,"2.02,9.01",EARNINGS
0001193125-20-217090,0001746466,"Equillium, Inc.",2020-08-12,2020-08-12T08:40:28-04:00,False,"2.02,9.01",EARNINGS
0001564590-20-025054,0001746466,"Equillium, Inc.",2020-05-13,2020-05-13T16:10:21-04:00,True,"2.02,9.01",EARNINGS
0001564590-20-013200,0001746466,"Equillium, Inc.",2020-03-26,2020-03-26T16:10:26-04:00,True,"2.02,9.01",EARNINGS
0001564590-19-031480,0001746466,"Equillium, Inc.",2019-08-12,2019-08-12T16:10:20-04:00,True,"2.02,9.01",EARNINGS
0001564590-19-018833,0001746466,"Equillium, Inc.",2019-05-13,2019-05-13T16:15:14-04:00,True,"2.02,9.01",EARNINGS
0001564590-19-009579,0001746466,"Equillium, Inc.",2019-03-27,2019-03-27T16:08:34-04:00,True,"2.02,9.01",EARNINGS
0001193125-25-280235,0001774857,"Aardvark Therapeutics, Inc.",2025-11-13,2025-11-13T16:20:31-05:00,True,"2.02,9.01",EARNINGS
0000950170-25-108082,0001774857,"Aardvark Therapeutics, Inc.",2025-08-13,2025-08-13T16:34:25-04:00,True,"2.02,9.01",EARNINGS
0000950170-25-071477,0001774857,"Aardvark Therapeutics, Inc.",2025-05-14,2025-05-14T16:27:59-04:00,True,"2.02,9.01",EARNINGS
0000950170-25-047769,0001774857,"Aardvark Therapeutics, Inc.",2025-03-31,2025-03-31T16:21:37-04:00,True,"2.02,9.01",EARNINGS
0001728117-25-000082,0001728117,"Gossamer Bio, Inc.",2025-11-05,2025-11-05T17:23:39-05:00,True,"2.02,9.01",EARNINGS
0001728117-25-000069,0001728117,"Gossamer Bio, Inc.",2025-08-05,2025-08-05T16:02:38-04:00,True,"2.02,9.01",EARNINGS
0001728117-25-000037,0001728117,"Gossamer Bio, Inc.",2025-05-15,2025-05-15T16:02:16-04:00,True,"2.02,9.01",EARNINGS
0001728117-25-000022,0001728117,"Gossamer Bio, Inc.",2025-03-13,2025-03-13T16:02:11-04:00,True,"2.02,9.01",EARNINGS
0001728117-24-000093,0001728117,"Gossamer Bio, Inc.",2024-11-07,2024-11-07T16:02:27-05:00,True,"2.02,9.01",EARNINGS
0001728117-24-000086,0001728117,"Gossamer Bio, Inc.",2024-08-12,2024-08-12T16:02:13-04:00,True,"2.02,9.01",EARNINGS
0001728117-24-000057,0001728117,"Gossamer Bio, Inc.",2024-05-07,2024-05-07T16:02:33-04:00,True,"2.02,9.01",EARNINGS
0001728117-24-000018,0001728117,"Gossamer Bio, Inc.",2024-03-05,2024-03-05T07:31:51-05:00,False,"2.02,9.01",EARNINGS
0001728117-23-000133,0001728117,"Gossamer Bio, Inc.",2023-11-09,2023-11-09T07:31:13-05:00,False,"2.02,9.01",EARNINGS
0001728117-23-000107,0001728117,"Gossamer Bio, Inc.",2023-08-08,2023-08-08T16:01:50-04:00,True,"2.02,9.01",EARNINGS
0001728117-23-000050,0001728117,"Gossamer Bio, Inc.",2023-05-09,2023-05-09T16:03:50-04:00,True,2.02,EARNINGS
0001728117-23-000009,0001728117,"Gossamer Bio, Inc.",2023-03-17,2023-03-17T07:41:02-04:00,False,"2.02,9.01",EARNINGS
0001728117-22-000099,0001728117,"Gossamer Bio, Inc.",2022-11-03,2022-11-03T16:00:47-04:00,True,2.02,EARNINGS
0001728117-22-000084,0001728117,"Gossamer Bio, Inc.",2022-08-09,2022-08-09T08:08:12-04:00,False,2.02,EARNINGS
0001728117-22-000046,0001728117,"Gossamer Bio, Inc.",2022-05-10,2022-05-10T16:04:37-04:00,True,2.02,EARNINGS
0001728117-22-000018,0001728117,"Gossamer Bio, Inc.",2022-03-03,2022-03-03T16:02:14-05:00,True,"2.02,9.01",EARNINGS
0001728117-21-000103,0001728117,"Gossamer Bio, Inc.",2021-11-08,2021-11-08T16:01:33-05:00,True,"2.02,9.01",EARNINGS
0001728117-21-000086,0001728117,"Gossamer Bio, Inc.",2021-08-09,2021-08-09T16:27:57-04:00,True,"2.02,9.01",EARNINGS
0001728117-21-000054,0001728117,"Gossamer Bio, Inc.",2021-05-06,2021-05-06T08:06:30-04:00,False,"2.02,9.01",EARNINGS
0001728117-21-000015,0001728117,"Gossamer Bio, Inc.",2021-02-25,2021-02-25T08:00:41-05:00,False,"2.02,9.01",EARNINGS
0001728117-20-000008,0001728117,"Gossamer Bio, Inc.",2020-11-10,2020-11-10T16:14:17-05:00,True,"2.02,9.01",EARNINGS
0001564590-20-039333,0001728117,"Gossamer Bio, Inc.",2020-08-11,2020-08-11T16:30:40-04:00,True,"2.02,9.01",EARNINGS
0001564590-20-024672,0001728117,"Gossamer Bio, Inc.",2020-05-12,2020-05-12T16:18:19-04:00,True,"2.02,9.01",EARNINGS
0001564590-20-012321,0001728117,"Gossamer Bio, Inc.",2020-03-24,2020-03-24T08:45:24-04:00,False,"2.02,9.01",EARNINGS
0001564590-19-042910,0001728117,"Gossamer Bio, Inc.",2019-11-12,2019-11-12T16:10:19-05:00,True,"2.02,9.01",EARNINGS
0001564590-19-030778,0001728117,"Gossamer Bio, Inc.",2019-08-08,2019-08-08T16:10:16-04:00,True,"2.02,9.01",EARNINGS
0001564590-19-009018,0001728117,"Gossamer Bio, Inc.",2019-03-22,2019-03-22T16:15:48-04:00,True,"2.02,9.01",EARNINGS
0001193125-25-269492,0001213037,"Cardiff Oncology, Inc.",2025-11-06,2025-11-06T16:08:38-05:00,True,"2.02,9.01",EARNINGS
0000950170-25-066947,0001213037,"Cardiff Oncology, Inc.",2025-05-08,2025-05-08T16:10:08-04:00,True,"2.02,9.01",EARNINGS
0000950170-25-029065,0001213037,"Cardiff Oncology, Inc.",2025-02-27,2025-02-27T16:15:09-05:00,True,"2.02,9.01",EARNINGS
0000950170-24-123303,0001213037,"Cardiff Oncology, Inc.",2024-11-07,2024-11-07T16:07:08-05:00,True,"2.02,9.01",EARNINGS
0001628280-24-036122,0001213037,"Cardiff Oncology, Inc.",2024-08-08,2024-08-08T16:06:55-04:00,True,"2.02,9.01",EARNINGS
0001628280-24-020010,0001213037,"Cardiff Oncology, Inc.",2024-05-02,2024-05-02T16:10:06-04:00,True,"2.02,9.01",EARNINGS
0001628280-23-015693,0001213037,"Cardiff Oncology, Inc.",2023-05-04,2023-05-04T16:01:59-04:00,True,"2.02,9.01",EARNINGS
0001628280-23-006049,0001213037,"Cardiff Oncology, Inc.",2023-03-02,2023-03-02T16:14:01-05:00,True,"2.02,9.01",EARNINGS
0001628280-22-028200,0001213037,"Cardiff Oncology, Inc.",2022-11-03,2022-11-03T16:14:46-04:00,True,"2.02,9.01",EARNINGS
0001628280-22-021064,0001213037,"Cardiff Oncology, Inc.",2022-08-04,2022-08-04T16:08:44-04:00,True,"2.02,9.01",EARNINGS
0001628280-22-012620,0001213037,"Cardiff Oncology, Inc.",2022-05-05,2022-05-05T16:03:22-04:00,True,"2.02,9.01",EARNINGS
0001628280-22-003816,0001213037,"Cardiff Oncology, Inc.",2022-02-24,2022-02-24T16:09:54-05:00,True,"2.02,9.01",EARNINGS
0001628280-21-021748,0001213037,"Cardiff Oncology, Inc.",2021-11-04,2021-11-04T16:01:37-04:00,True,"2.02,9.01",EARNINGS
0001628280-21-015831,0001213037,"Cardiff Oncology, Inc.",2021-08-05,2021-08-05T16:01:26-04:00,True,"2.02,9.01",EARNINGS
0001628280-21-009284,0001213037,"Cardiff Oncology, Inc.",2021-05-06,2021-05-06T16:01:00-04:00,True,"2.02,9.01",EARNINGS
0001628280-21-003278,0001213037,"Cardiff Oncology, Inc.",2021-02-25,2021-02-25T16:02:10-05:00,True,"2.02,9.01",EARNINGS
0001628280-20-015736,0001213037,"Cardiff Oncology, Inc.",2020-11-05,2020-11-05T16:09:19-05:00,True,"2.02,9.01",EARNINGS
0001628280-20-012429,0001213037,"Cardiff Oncology, Inc.",2020-08-11,2020-08-11T16:04:21-04:00,True,"2.02,9.01",EARNINGS
0001628280-20-006933,0001213037,"Cardiff Oncology, Inc.",2020-05-07,2020-05-07T16:02:04-04:00,True,"2.02,9.01",EARNINGS
0001628280-20-002429,0001213037,"Cardiff Oncology, Inc.",2020-02-27,2020-02-27T16:15:07-05:00,True,"2.02,9.01",EARNINGS
0001628280-19-013668,0001213037,"Cardiff Oncology, Inc.",2019-11-07,2019-11-07T16:21:40-05:00,True,"2.02,9.01",EARNINGS
0001104659-19-044926,0001213037,"Cardiff Oncology, Inc.",2019-08-08,2019-08-08T16:53:14-04:00,True,"2.02,9.01",EARNINGS
0001104659-19-027565,0001213037,"Cardiff Oncology, Inc.",2019-05-08,2019-05-07T18:25:27-04:00,True,"2.02,9.01",EARNINGS
0001193125-19-066073,0001213037,"Cardiff Oncology, Inc.",2019-03-07,2019-03-06T21:43:33-05:00,True,"2.02,9.01",EARNINGS
0001193125-25-265707,0001782303,"Boundless Bio, Inc.",2025-11-05,2025-11-05T07:05:31-05:00,False,"2.02,9.01",EARNINGS
0000950170-25-102386,0001782303,"Boundless Bio, Inc.",2025-08-05,2025-08-05T07:05:28-04:00,False,"2.02,9.01",EARNINGS
0000950170-25-067495,0001782303,"Boundless Bio, Inc.",2025-05-09,2025-05-09T07:05:23-04:00,False,"2.02,9.01",EARNINGS
0000950170-25-045722,0001782303,"Boundless Bio, Inc.",2025-03-27,2025-03-27T07:05:08-04:00,False,"2.02,9.01",EARNINGS
0000950170-24-123274,0001782303,"Boundless Bio, Inc.",2024-11-07,2024-11-07T16:05:14-05:00,True,"2.02,9.01",EARNINGS
0000950170-24-095481,0001782303,"Boundless Bio, Inc.",2024-08-12,2024-08-12T16:25:50-04:00,True,"2.02,9.01",EARNINGS
0001193125-25-263617,0000818033,"HERON THERAPEUTICS, INC. /DE/",2025-11-04,2025-11-04T08:00:28-05:00,False,"2.02,9.01",EARNINGS
0000950170-25-063973,0000818033,"HERON THERAPEUTICS, INC. /DE/",2025-05-06,2025-05-06T07:45:11-04:00,False,"2.02,9.01",EARNINGS
0000950170-25-028372,0000818033,"HERON THERAPEUTICS, INC. /DE/",2025-02-27,2025-02-27T07:45:09-05:00,False,"2.02,9.01",EARNINGS
0000950170-24-124626,0000818033,"HERON THERAPEUTICS, INC. /DE/",2024-11-12,2024-11-12T08:06:35-05:00,False,"2.02,9.01",EARNINGS
0000950170-24-091769,0000818033,"HERON THERAPEUTICS, INC. /DE/",2024-08-06,2024-08-06T16:05:13-04:00,True,"2.02,9.01",EARNINGS
0000950170-24-053963,0000818033,"HERON THERAPEUTICS, INC. /DE/",2024-05-07,2024-05-07T08:05:13-04:00,False,"2.02,9.01",EARNINGS
0000950170-24-029926,0000818033,"HERON THERAPEUTICS, INC. /DE/",2024-03-12,2024-03-12T16:10:09-04:00,True,"2.02,9.01",EARNINGS
0000950170-23-063702,0000818033,"HERON THERAPEUTICS, INC. /DE/",2023-11-14,2023-11-14T16:10:11-05:00,True,"2.02,9.01",EARNINGS
0000950170-23-042414,0000818033,"HERON THERAPEUTICS, INC. /DE/",2023-08-14,2023-08-14T16:11:12-04:00,True,"2.02,9.01",EARNINGS
0000950170-23-021213,0000818033,"HERON THERAPEUTICS, INC. /DE/",2023-05-11,2023-05-11T16:06:11-04:00,True,"2.02,9.01",EARNINGS
0000950170-23-009489,0000818033,"HERON THERAPEUTICS, INC. /DE/",2023-03-23,2023-03-23T16:10:49-04:00,True,"2.02,9.01",EARNINGS
0001564590-22-037038,0000818033,"HERON THERAPEUTICS, INC. /DE/",2022-11-08,2022-11-08T16:10:37-05:00,True,"2.02,9.01",EARNINGS
0001564590-22-028597,0000818033,"HERON THERAPEUTICS, INC. /DE/",2022-08-09,2022-08-09T08:20:40-04:00,False,"2.02,9.01",EARNINGS
0001564590-22-018871,0000818033,"HERON THERAPEUTICS, INC. /DE/",2022-05-09,2022-05-09T16:10:26-04:00,True,"2.02,9.01",EARNINGS
0001564590-22-007608,0000818033,"HERON THERAPEUTICS, INC. /DE/",2022-02-28,2022-02-28T16:05:55-05:00,True,"2.02,9.01",EARNINGS
0001564590-21-053940,0000818033,"HERON THERAPEUTICS, INC. /DE/",2021-11-03,2021-11-03T16:05:47-04:00,True,"2.02,9.01",EARNINGS
0001564590-21-042359,0000818033,"HERON THERAPEUTICS, INC. /DE/",2021-08-09,2021-08-09T08:10:38-04:00,False,"2.02,9.01",EARNINGS
0001564590-21-025793,0000818033,"HERON THERAPEUTICS, INC. /DE/",2021-05-10,2021-05-10T08:40:22-04:00,False,"2.02,9.01",EARNINGS
0001564590-21-007839,0000818033,"HERON THERAPEUTICS, INC. /DE/",2021-02-24,2021-02-24T08:40:46-05:00,False,"2.02,9.01",EARNINGS
0001564590-20-050909,0000818033,"HERON THERAPEUTICS, INC. /DE/",2020-11-05,2020-11-05T08:40:36-05:00,False,"2.02,9.01",EARNINGS
0001564590-20-036807,0000818033,"HERON THERAPEUTICS, INC. /DE/",2020-08-05,2020-08-05T16:10:25-04:00,True,"2.02,9.01",EARNINGS
0001564590-20-021571,0000818033,"HERON THERAPEUTICS, INC. /DE/",2020-05-06,2020-05-06T09:10:46-04:00,False,"2.02,9.01",EARNINGS
0001564590-20-007971,0000818033,"HERON THERAPEUTICS, INC. /DE/",2020-03-02,2020-03-02T07:44:03-05:00,False,"2.02,9.01",EARNINGS
0001564590-19-042630,0000818033,"HERON THERAPEUTICS, INC. /DE/",2019-11-12,2019-11-12T08:40:55-05:00,False,"2.02,9.01",EARNINGS
0001564590-19-028536,0000818033,"HERON THERAPEUTICS, INC. /DE/",2019-08-05,2019-08-05T08:40:38-04:00,False,"2.02,9.01",EARNINGS
0001193125-19-142329,0000818033,"HERON THERAPEUTICS, INC. /DE/",2019-05-09,2019-05-09T08:35:32-04:00,False,"2.02,9.01",EARNINGS
0001193125-19-047774,0000818033,"HERON THERAPEUTICS, INC. /DE/",2019-02-22,2019-02-22T08:40:32-05:00,False,"2.02,9.01",EARNINGS
0001193125-25-269486,0001339970,aTYR PHARMA INC,2025-11-06,2025-11-06T16:08:11-05:00,True,"2.02,9.01",EARNINGS
0000950170-25-065611,0001339970,aTYR PHARMA INC,2025-05-07,2025-05-07T16:03:56-04:00,True,"2.02,9.01",EARNINGS
0000950170-25-038703,0001339970,aTYR PHARMA INC,2025-03-13,2025-03-13T16:03:40-04:00,True,"2.02,9.01",EARNINGS
0000950170-24-123256,0001339970,aTYR PHARMA INC,2024-11-07,2024-11-07T16:03:40-05:00,True,"2.02,9.01",EARNINGS
0000950170-24-096139,0001339970,aTYR PHARMA INC,2024-08-13,2024-08-13T16:02:45-04:00,True,"2.02,9.01",EARNINGS
0000950170-24-052058,0001339970,aTYR PHARMA INC,2024-05-02,2024-05-02T16:04:01-04:00,True,"2.02,9.01",EARNINGS
0000950170-24-031441,0001339970,aTYR PHARMA INC,2024-03-14,2024-03-14T16:01:43-04:00,True,"2.02,9.01",EARNINGS
0000950170-23-062020,0001339970,aTYR PHARMA INC,2023-11-09,2023-11-09T16:06:34-05:00,True,"2.02,9.01",EARNINGS
0000950170-23-040581,0001339970,aTYR PHARMA INC,2023-08-09,2023-08-09T16:10:12-04:00,True,"2.02,9.01",EARNINGS
0000950170-23-019633,0001339970,aTYR PHARMA INC,2023-05-09,2023-05-09T16:07:14-04:00,True,"2.02,9.01",EARNINGS
0000950170-23-007002,0001339970,aTYR PHARMA INC,2023-03-09,2023-03-09T16:03:52-05:00,True,"2.02,9.01",EARNINGS
0000950170-22-024480,0001339970,aTYR PHARMA INC,2022-11-10,2022-11-10T16:15:06-05:00,True,"2.02,9.01",EARNINGS
0000950170-22-017380,0001339970,aTYR PHARMA INC,2022-08-15,2022-08-15T16:22:02-04:00,True,"2.02,9.01",EARNINGS
0001564590-22-018868,0001339970,aTYR PHARMA INC,2022-05-09,2022-05-09T16:07:03-04:00,True,"2.02,9.01",EARNINGS
0001564590-22-014285,0001339970,aTYR PHARMA INC,2022-04-13,2022-04-13T08:09:23-04:00,False,"2.02,9.01",EARNINGS
0001564590-22-010086,0001339970,aTYR PHARMA INC,2022-03-14,2022-03-14T16:18:28-04:00,True,"2.02,9.01",EARNINGS
0001564590-21-027552,0001339970,aTYR PHARMA INC,2021-05-13,2021-05-13T16:13:18-04:00,True,"2.02,9.01",EARNINGS
0001564590-21-014861,0001339970,aTYR PHARMA INC,2021-03-23,2021-03-23T16:18:01-04:00,True,"2.02,9.01",EARNINGS
0001564590-20-053568,0001339970,aTYR PHARMA INC,2020-11-12,2020-11-12T16:12:54-05:00,True,"2.02,9.01",EARNINGS
0001564590-20-040004,0001339970,aTYR PHARMA INC,2020-08-13,2020-08-13T16:05:39-04:00,True,"2.02,9.01",EARNINGS
0001564590-20-024718,0001339970,aTYR PHARMA INC,2020-05-12,2020-05-12T17:00:18-04:00,True,"2.02,9.01",EARNINGS
0001564590-20-013193,0001339970,aTYR PHARMA INC,2020-03-26,2020-03-26T16:06:04-04:00,True,"2.02,9.01",EARNINGS
0001564590-19-043514,0001339970,aTYR PHARMA INC,2019-11-14,2019-11-14T16:05:22-05:00,True,"2.02,9.01",EARNINGS
0001564590-19-032002,0001339970,aTYR PHARMA INC,2019-08-14,2019-08-14T09:46:53-04:00,False,"2.02,9.01",EARNINGS
0001564590-19-018835,0001339970,aTYR PHARMA INC,2019-05-13,2019-05-13T16:15:20-04:00,True,"2.02,9.01",EARNINGS
0001564590-19-009146,0001339970,aTYR PHARMA INC,2019-03-25,2019-03-25T16:15:17-04:00,True,"2.02,9.01",EARNINGS
0000950170-25-070298,0001262104,"Lite Strategy, Inc.",2025-05-13,2025-05-13T16:05:16-04:00,True,"2.02,9.01",EARNINGS
0000950170-25-018820,0001262104,"Lite Strategy, Inc.",2025-02-12,2025-02-12T16:05:08-05:00,True,"2.02,9.01",EARNINGS
0000950170-24-127054,0001262104,"Lite Strategy, Inc.",2024-11-14,2024-11-14T16:10:09-05:00,True,"2.02,9.01",EARNINGS
0000950170-24-108171,0001262104,"Lite Strategy, Inc.",2024-09-19,2024-09-19T17:05:07-04:00,True,2.02,EARNINGS
0000950170-24-056850,0001262104,"Lite Strategy, Inc.",2024-05-09,2024-05-09T16:02:15-04:00,True,"2.02,9.01",EARNINGS
0000950170-24-014643,0001262104,"Lite Strategy, Inc.",2024-02-13,2024-02-13T17:05:14-05:00,True,"2.02,9.01",EARNINGS
0000950170-23-062017,0001262104,"Lite Strategy, Inc.",2023-11-09,2023-11-09T16:06:11-05:00,True,"2.02,9.01",EARNINGS
0001193125-23-242526,0001262104,"Lite Strategy, Inc.",2023-09-26,2023-09-26T16:31:01-04:00,True,"2.02,9.01",EARNINGS
0001193125-23-142119,0001262104,"Lite Strategy, Inc.",2023-05-11,2023-05-11T16:46:53-04:00,True,"2.02,9.01",EARNINGS
0001193125-23-030087,0001262104,"Lite Strategy, Inc.",2023-02-09,2023-02-09T16:21:06-05:00,True,"2.02,9.01",EARNINGS
0001193125-22-284835,0001262104,"Lite Strategy, Inc.",2022-11-14,2022-11-14T17:25:51-05:00,True,"2.02,9.01",EARNINGS
0001193125-22-157519,0001262104,"Lite Strategy, Inc.",2022-05-23,2022-05-23T16:32:56-04:00,True,"2.02,9.01",EARNINGS
0001193125-25-275888,0001534133,"CalciMedica, Inc.",2025-11-12,2025-11-12T07:15:30-05:00,False,"2.02,9.01",EARNINGS
0000950170-25-106918,0001534133,"CalciMedica, Inc.",2025-08-12,2025-08-12T07:30:28-04:00,False,"2.02,9.01",EARNINGS
0000950170-25-070910,0001534133,"CalciMedica, Inc.",2025-05-14,2025-05-14T07:30:09-04:00,False,"2.02,9.01",EARNINGS
0000950170-25-045729,0001534133,"CalciMedica, Inc.",2025-03-27,2025-03-27T07:30:09-04:00,False,"2.02,9.01",EARNINGS
0000950170-24-125933,0001534133,"CalciMedica, Inc.",2024-11-13,2024-11-13T07:15:08-05:00,False,"2.02,9.01",EARNINGS
0000950170-24-095450,0001534133,"CalciMedica, Inc.",2024-08-12,2024-08-12T16:15:08-04:00,True,"2.02,9.01",EARNINGS
0000950170-24-058730,0001534133,"CalciMedica, Inc.",2024-05-13,2024-05-13T16:39:24-04:00,True,"2.02,9.01",EARNINGS
0000950170-24-037609,0001534133,"CalciMedica, Inc.",2024-03-28,2024-03-28T07:15:12-04:00,False,"2.02,9.01",EARNINGS
0000950170-23-061514,0001534133,"CalciMedica, Inc.",2023-11-09,2023-11-09T07:05:34-05:00,False,"2.02,9.01",EARNINGS
0001193125-23-144226,0001534133,"CalciMedica, Inc.",2023-05-15,2023-05-15T08:14:57-04:00,False,"2.02,9.01",EARNINGS
0001193125-22-282783,0001534133,"CalciMedica, Inc.",2022-11-10,2022-11-10T17:12:00-05:00,True,"2.02,9.01",EARNINGS
0001564590-22-029131,0001534133,"CalciMedica, Inc.",2022-08-11,2022-08-11T16:21:00-04:00,True,"2.02,9.01",EARNINGS
0001564590-22-019256,0001534133,"CalciMedica, Inc.",2022-05-10,2022-05-10T16:00:38-04:00,True,"2.02,9.01",EARNINGS
0001564590-22-009674,0001534133,"CalciMedica, Inc.",2022-03-10,2022-03-10T16:33:31-05:00,True,"2.02,9.01",EARNINGS
0001564590-21-056399,0001534133,"CalciMedica, Inc.",2021-11-12,2021-11-12T06:21:23-05:00,False,"2.02,9.01",EARNINGS
0001564590-21-043495,0001534133,"CalciMedica, Inc.",2021-08-11,2021-08-11T16:51:01-04:00,True,"2.02,9.01",EARNINGS
0001564590-21-026971,0001534133,"CalciMedica, Inc.",2021-05-12,2021-05-12T16:00:32-04:00,True,"2.02,9.01",EARNINGS
0001564590-21-011230,0001534133,"CalciMedica, Inc.",2021-03-05,2021-03-05T15:20:06-05:00,False,"2.02,9.01",EARNINGS
0001564590-20-053600,0001534133,"CalciMedica, Inc.",2020-11-12,2020-11-12T16:24:34-05:00,True,"2.02,9.01",EARNINGS
0001493152-25-022277,0001401914,"Dare Bioscience, Inc.",2025-11-13,2025-11-13T16:01:57-05:00,True,"2.02,9.01",EARNINGS
0001641172-25-023971,0001401914,"Dare Bioscience, Inc.",2025-08-14,2025-08-14T16:01:56-04:00,True,"2.02,9.01",EARNINGS
0001641172-25-009939,0001401914,"Dare Bioscience, Inc.",2025-05-13,2025-05-13T16:01:37-04:00,True,"2.02,9.01",EARNINGS
0001641172-25-001682,0001401914,"Dare Bioscience, Inc.",2025-03-31,2025-03-31T16:01:25-04:00,True,"2.02,9.01",EARNINGS
0001493152-24-045860,0001401914,"Dare Bioscience, Inc.",2024-11-14,2024-11-14T16:10:33-05:00,True,"2.02,9.01",EARNINGS
0001493152-24-031252,0001401914,"Dare Bioscience, Inc.",2024-08-12,2024-08-12T16:01:31-04:00,True,"2.02,9.01",EARNINGS
0001493152-24-019087,0001401914,"Dare Bioscience, Inc.",2024-05-14,2024-05-14T08:05:24-04:00,False,"2.02,9.01",EARNINGS
0001493152-24-011615,0001401914,"Dare Bioscience, Inc.",2024-03-28,2024-03-28T08:05:19-04:00,False,"2.02,9.01",EARNINGS
0001493152-23-039997,0001401914,"Dare Bioscience, Inc.",2023-11-09,2023-11-09T08:05:21-05:00,False,"2.02,9.01",EARNINGS
0001493152-23-016287,0001401914,"Dare Bioscience, Inc.",2023-05-11,2023-05-11T08:10:19-04:00,False,"2.02,9.01",EARNINGS
0001493152-23-009600,0001401914,"Dare Bioscience, Inc.",2023-03-30,2023-03-30T08:05:26-04:00,False,"2.02,9.01",EARNINGS
0001401914-22-000085,0001401914,"Dare Bioscience, Inc.",2022-11-10,2022-11-09T17:41:17-05:00,True,"2.02,9.01",EARNINGS
0001493152-22-021699,0001401914,"Dare Bioscience, Inc.",2022-08-09,2022-08-09T08:05:34-04:00,False,"2.02,9.01",EARNINGS
0001401914-22-000046,0001401914,"Dare Bioscience, Inc.",2022-05-12,2022-05-11T17:37:43-04:00,True,"2.02,9.01",EARNINGS
0001401914-22-000024,0001401914,"Dare Bioscience, Inc.",2022-03-31,2022-03-31T08:05:27-04:00,False,"2.02,9.01",EARNINGS
0001401914-19-000080,0001401914,"Dare Bioscience, Inc.",2019-08-14,2019-08-14T16:02:55-04:00,True,"2.02,9.01",EARNINGS
0001401914-19-000047,0001401914,"Dare Bioscience, Inc.",2019-05-14,2019-05-14T16:03:43-04:00,True,"2.02,9.01",EARNINGS
0001411690-25-000092,0001411690,"Bionano Genomics, Inc.",2025-11-13,2025-11-13T16:04:07-05:00,True,"2.02,9.01",EARNINGS
0001411690-25-000082,0001411690,"Bionano Genomics, Inc.",2025-08-14,2025-08-14T16:04:18-04:00,True,"2.02,9.01",EARNINGS
0001411690-25-000045,0001411690,"Bionano Genomics, Inc.",2025-05-14,2025-05-14T16:09:51-04:00,True,"2.02,9.01",EARNINGS
0001411690-25-000036,0001411690,"Bionano Genomics, Inc.",2025-03-31,2025-03-31T16:03:50-04:00,True,"2.02,9.01",EARNINGS
0001411690-25-000003,0001411690,"Bionano Genomics, Inc.",2025-01-13,2025-01-13T16:11:06-05:00,True,"2.02,9.01",EARNINGS
0001411690-24-000060,0001411690,"Bionano Genomics, Inc.",2024-11-13,2024-11-13T16:03:33-05:00,True,"2.02,9.01",EARNINGS
0001140361-24-043244,0001411690,"Bionano Genomics, Inc.",2024-10-10,2024-10-10T08:10:14-04:00,False,"2.02,9.01",EARNINGS
0001411690-24-000046,0001411690,"Bionano Genomics, Inc.",2024-08-07,2024-08-07T16:14:22-04:00,True,"2.02,9.01",EARNINGS
0001140361-24-001200,0001411690,"Bionano Genomics, Inc.",2024-01-08,2024-01-08T08:10:41-05:00,False,"2.02,9.01",EARNINGS
0001411690-23-000067,0001411690,"Bionano Genomics, Inc.",2023-08-09,2023-08-09T16:06:24-04:00,True,"2.02,9.01",EARNINGS
0001411690-23-000022,0001411690,"Bionano Genomics, Inc.",2023-05-09,2023-05-09T16:04:01-04:00,True,"2.02,9.01",EARNINGS
0001140361-23-019943,0001411690,"Bionano Genomics, Inc.",2023-04-24,2023-04-24T17:20:24-04:00,True,"2.02,9.01",EARNINGS
0001411690-23-000008,0001411690,"Bionano Genomics, Inc.",2023-03-09,2023-03-09T16:03:05-05:00,True,"2.02,9.01",EARNINGS
0001140361-23-000651,0001411690,"Bionano Genomics, Inc.",2023-01-05,2023-01-05T16:15:25-05:00,True,"2.02,9.01",EARNINGS
0001411690-22-000028,0001411690,"Bionano Genomics, Inc.",2022-11-03,2022-11-03T16:04:59-04:00,True,"2.02,9.01",EARNINGS
0001411690-22-000020,0001411690,"Bionano Genomics, Inc.",2022-08-04,2022-08-04T16:03:01-04:00,True,"2.02,9.01",EARNINGS
0001411690-22-000012,0001411690,"Bionano Genomics, Inc.",2022-05-05,2022-05-05T16:01:02-04:00,True,"2.02,9.01",EARNINGS
0001411690-22-000006,0001411690,"Bionano Genomics, Inc.",2022-03-01,2022-03-01T16:04:47-05:00,True,"2.02,9.01",EARNINGS
0001140361-22-001415,0001411690,"Bionano Genomics, Inc.",2022-01-12,2022-01-12T08:30:17-05:00,False,"2.02,9.01",EARNINGS
0001411690-20-000020,0001411690,"Bionano Genomics, Inc.",2020-11-12,2020-11-12T16:31:49-05:00,True,"2.02,9.01",EARNINGS
0001140361-20-023071,0001411690,"Bionano Genomics, Inc.",2020-10-15,2020-10-15T17:26:48-04:00,True,"2.02,9.01",EARNINGS
0001411690-20-000015,0001411690,"Bionano Genomics, Inc.",2020-08-13,2020-08-13T16:04:46-04:00,True,"2.02,9.01",EARNINGS
0001411690-20-000010,0001411690,"Bionano Genomics, Inc.",2020-06-18,2020-06-18T16:02:36-04:00,True,"2.02,9.01",EARNINGS
0001411690-20-000003,0001411690,"Bionano Genomics, Inc.",2020-03-05,2020-03-05T16:00:11-05:00,True,"2.02,9.01",EARNINGS
0001411690-19-000014,0001411690,"Bionano Genomics, Inc.",2019-11-07,2019-11-07T16:02:04-05:00,True,"2.02,9.01",EARNINGS
0001628280-19-010446,0001411690,"Bionano Genomics, Inc.",2019-08-08,2019-08-08T16:01:26-04:00,True,"2.02,9.01",EARNINGS
0001628280-19-006444,0001411690,"Bionano Genomics, Inc.",2019-05-09,2019-05-09T16:18:54-04:00,True,"2.02,9.01",EARNINGS
0001628280-19-002957,0001411690,"Bionano Genomics, Inc.",2019-03-14,2019-03-14T16:04:17-04:00,True,"2.02,9.01",EARNINGS
0001628280-25-051035,0001516551,"Skye Bioscience, Inc.",2025-11-10,2025-11-10T16:10:06-05:00,True,"2.02,9.01",EARNINGS
0001516551-25-000050,0001516551,"Skye Bioscience, Inc.",2025-08-07,2025-08-07T16:06:54-04:00,True,"2.02,9.01",EARNINGS
0001516551-25-000043,0001516551,"Skye Bioscience, Inc.",2025-05-08,2025-05-08T16:05:16-04:00,True,"2.02,9.01",EARNINGS
0001516551-25-000028,0001516551,"Skye Bioscience, Inc.",2025-03-20,2025-03-20T16:04:10-04:00,True,"2.02,9.01",EARNINGS
0001516551-24-000108,0001516551,"Skye Bioscience, Inc.",2024-11-07,2024-11-07T16:03:46-05:00,True,"2.02,9.01",EARNINGS
0001493152-25-023492,0001716947,"Ensysce Biosciences, Inc.",2025-11-14,2025-11-14T16:15:31-05:00,True,"2.02,9.01",EARNINGS
0001641172-25-023500,0001716947,"Ensysce Biosciences, Inc.",2025-08-13,2025-08-13T16:20:48-04:00,True,"2.02,9.01",EARNINGS
0001641172-25-009949,0001716947,"Ensysce Biosciences, Inc.",2025-05-13,2025-05-13T16:15:12-04:00,True,"2.02,9.01",EARNINGS
0001493152-25-009695,0001716947,"Ensysce Biosciences, Inc.",2025-03-10,2025-03-10T16:15:34-04:00,True,"2.02,9.01",EARNINGS
0001493152-24-044760,0001716947,"Ensysce Biosciences, Inc.",2024-11-12,2024-11-12T16:15:21-05:00,True,"2.02,9.01",EARNINGS
0001493152-24-032272,0001716947,"Ensysce Biosciences, Inc.",2024-08-14,2024-08-14T16:32:17-04:00,True,"2.02,9.01",EARNINGS
0001493152-24-018793,0001716947,"Ensysce Biosciences, Inc.",2024-05-13,2024-05-13T08:10:40-04:00,False,"2.02,9.01",EARNINGS
0001493152-24-010014,0001716947,"Ensysce Biosciences, Inc.",2024-03-15,2024-03-15T08:10:31-04:00,False,"2.02,9.01",EARNINGS
0001493152-23-040100,0001716947,"Ensysce Biosciences, Inc.",2023-11-09,2023-11-09T17:02:56-05:00,True,"2.02,9.01",EARNINGS
0001493152-23-027730,0001716947,"Ensysce Biosciences, Inc.",2023-08-11,2023-08-11T08:10:24-04:00,False,"2.02,9.01",EARNINGS
0001493152-23-009856,0001716947,"Ensysce Biosciences, Inc.",2023-03-31,2023-03-30T17:48:03-04:00,True,"2.02,9.01",EARNINGS
0001493152-22-022116,0001716947,"Ensysce Biosciences, Inc.",2022-08-11,2022-08-11T16:53:34-04:00,True,"2.02,9.01",EARNINGS
0001493152-22-013062,0001716947,"Ensysce Biosciences, Inc.",2022-05-12,2022-05-12T16:39:56-04:00,True,"2.02,9.01",EARNINGS
0001493152-22-008590,0001716947,"Ensysce Biosciences, Inc.",2022-03-31,2022-03-31T17:28:53-04:00,True,"2.02,9.01",EARNINGS
0001493152-21-029003,0001716947,"Ensysce Biosciences, Inc.",2021-11-16,2021-11-16T17:22:34-05:00,True,"2.02,9.01",EARNINGS
0001493152-21-020290,0001716947,"Ensysce Biosciences, Inc.",2021-08-17,2021-08-16T17:41:24-04:00,True,"2.02,9.01",EARNINGS
0001193125-25-280141,0001826892,"BioAtla, Inc.",2025-11-13,2025-11-13T16:06:20-05:00,True,"2.02,9.01",EARNINGS
0000950170-25-105000,0001826892,"BioAtla, Inc.",2025-08-07,2025-08-07T16:06:58-04:00,True,"2.02,9.01",EARNINGS
0000950170-25-064415,0001826892,"BioAtla, Inc.",2025-05-06,2025-05-06T16:01:37-04:00,True,"2.02,9.01",EARNINGS
0000950170-24-123281,0001826892,"BioAtla, Inc.",2024-11-07,2024-11-07T16:05:19-05:00,True,"2.02,9.01",EARNINGS
0000950170-24-093888,0001826892,"BioAtla, Inc.",2024-08-08,2024-08-08T16:05:18-04:00,True,"2.02,9.01",EARNINGS
0000950170-24-059508,0001826892,"BioAtla, Inc.",2024-05-14,2024-05-14T16:05:16-04:00,True,"2.02,9.01",EARNINGS
0000950170-24-036395,0001826892,"BioAtla, Inc.",2024-03-26,2024-03-26T16:01:11-04:00,True,"2.02,9.01",EARNINGS
0000950170-23-060210,0001826892,"BioAtla, Inc.",2023-11-07,2023-11-07T16:02:09-05:00,True,"2.02,9.01",EARNINGS
0000950170-23-036440,0001826892,"BioAtla, Inc.",2023-08-01,2023-08-01T16:02:00-04:00,True,"2.02,9.01",EARNINGS
0000950170-23-021212,0001826892,"BioAtla, Inc.",2023-05-11,2023-05-11T16:06:12-04:00,True,"2.02,9.01",EARNINGS
0000950170-23-009469,0001826892,"BioAtla, Inc.",2023-03-23,2023-03-23T16:02:45-04:00,True,"2.02,9.01",EARNINGS
0000950170-22-021833,0001826892,"BioAtla, Inc.",2022-11-03,2022-11-03T16:03:10-04:00,True,"2.02,9.01",EARNINGS
0000950170-22-016024,0001826892,"BioAtla, Inc.",2022-08-09,2022-08-09T16:02:44-04:00,True,"2.02,9.01",EARNINGS
0000950170-22-007371,0001826892,"BioAtla, Inc.",2022-05-04,2022-05-04T16:01:49-04:00,True,"2.02,9.01",EARNINGS
0001193125-25-269696,0001810560,"REVELATION BIOSCIENCES, INC.",2025-11-06,2025-11-06T16:28:00-05:00,True,"2.02,9.01",EARNINGS
0000950170-25-105485,0001810560,"REVELATION BIOSCIENCES, INC.",2025-08-08,2025-08-08T08:10:23-04:00,False,"2.02,9.01",EARNINGS
0000950170-25-067043,0001810560,"REVELATION BIOSCIENCES, INC.",2025-05-08,2025-05-08T16:21:54-04:00,True,"2.02,9.01",EARNINGS
0000950170-25-034689,0001810560,"REVELATION BIOSCIENCES, INC.",2025-03-06,2025-03-06T16:19:41-05:00,True,"2.02,9.01",EARNINGS
0000950170-24-124141,0001810560,"REVELATION BIOSCIENCES, INC.",2024-11-08,2024-11-08T16:25:20-05:00,True,"2.02,9.01",EARNINGS
0000950170-24-094788,0001810560,"REVELATION BIOSCIENCES, INC.",2024-08-09,2024-08-09T16:24:37-04:00,True,"2.02,9.01",EARNINGS
0000950170-24-057927,0001810560,"REVELATION BIOSCIENCES, INC.",2024-05-10,2024-05-10T16:57:19-04:00,True,"2.02,9.01",EARNINGS
0000950170-24-035376,0001810560,"REVELATION BIOSCIENCES, INC.",2024-03-22,2024-03-22T16:22:29-04:00,True,"2.02,9.01",EARNINGS
0000950170-23-063019,0001810560,"REVELATION BIOSCIENCES, INC.",2023-11-13,2023-11-13T16:30:16-05:00,True,"2.02,9.01",EARNINGS
0000950170-23-041889,0001810560,"REVELATION BIOSCIENCES, INC.",2023-08-11,2023-08-11T16:30:48-04:00,True,"2.02,9.01",EARNINGS
0000950170-22-010146,0001810560,"REVELATION BIOSCIENCES, INC.",2022-05-17,2022-05-16T18:34:26-04:00,True,"2.02,9.01",EARNINGS
0001824293-25-000072,0001824293,"GRI Bio, Inc.",2025-05-15,2025-05-15T08:35:54-04:00,False,"2.02,9.01",EARNINGS
0001824293-25-000053,0001824293,"GRI Bio, Inc.",2025-03-17,2025-03-17T08:06:41-04:00,False,"2.02,9.01",EARNINGS
0001824293-24-000153,0001824293,"GRI Bio, Inc.",2024-11-14,2024-11-14T16:24:37-05:00,True,"2.02,9.01",EARNINGS
0001824293-24-000037,0001824293,"GRI Bio, Inc.",2024-04-01,2024-04-01T09:13:53-04:00,False,"2.02,9.01",EARNINGS
0001824293-23-000172,0001824293,"GRI Bio, Inc.",2023-11-15,2023-11-15T08:07:13-05:00,False,"2.02,9.01",EARNINGS
0001824293-23-000145,0001824293,"GRI Bio, Inc.",2023-08-14,2023-08-14T08:06:42-04:00,False,"2.02,9.01",EARNINGS
0001824293-23-000018,0001824293,"GRI Bio, Inc.",2023-02-24,2023-02-24T07:34:44-05:00,False,"2.02,9.01",EARNINGS
0001824293-22-000079,0001824293,"GRI Bio, Inc.",2022-11-03,2022-11-03T16:32:25-04:00,True,"2.02,9.01",EARNINGS
0001824293-22-000070,0001824293,"GRI Bio, Inc.",2022-07-28,2022-07-28T08:04:23-04:00,False,"2.02,9.01",EARNINGS
0001824293-22-000032,0001824293,"GRI Bio, Inc.",2022-05-09,2022-05-09T16:08:48-04:00,True,"2.02,9.01",EARNINGS
0001824293-22-000005,0001824293,"GRI Bio, Inc.",2022-02-14,2022-02-14T16:23:32-05:00,True,"2.02,9.01",EARNINGS
0001824293-21-000009,0001824293,"GRI Bio, Inc.",2021-08-10,2021-08-10T08:06:21-04:00,False,"2.02,9.01",EARNINGS
0001564590-19-020163,0001497253,"VivoSim Labs, INC.",2019-05-22,2019-05-22T16:05:29-04:00,True,"2.02,9.01",EARNINGS
0001564590-19-002285,0001497253,"VivoSim Labs, INC.",2019-02-07,2019-02-07T16:13:06-05:00,True,"2.02,9.01",EARNINGS
0001640334-20-000073,0001621221,"ARTELO BIOSCIENCES, INC.",2020-01-14,2020-01-14T07:43:33-05:00,False,"2.02,9.01",EARNINGS
0001640334-19-001363,0001621221,"ARTELO BIOSCIENCES, INC.",2019-07-15,2019-07-15T16:30:40-04:00,True,"2.02,9.01",EARNINGS
0001683168-24-004526,0000882291,AETHLON MEDICAL INC,2024-06-27,2024-06-27T16:20:21-04:00,True,"2.02,9.01",EARNINGS
0001683168-24-000985,0000882291,AETHLON MEDICAL INC,2024-02-14,2024-02-14T16:15:41-05:00,True,"2.02,9.01",EARNINGS
0001683168-23-008131,0000882291,AETHLON MEDICAL INC,2023-11-14,2023-11-14T16:15:39-05:00,True,"2.02,9.01",EARNINGS
0001683168-23-005510,0000882291,AETHLON MEDICAL INC,2023-08-10,2023-08-10T16:20:32-04:00,True,"2.02,9.01",EARNINGS
0001683168-23-004477,0000882291,AETHLON MEDICAL INC,2023-06-28,2023-06-28T16:32:20-04:00,True,"2.02,9.01",EARNINGS
0001683168-23-000813,0000882291,AETHLON MEDICAL INC,2023-02-13,2023-02-13T16:10:21-05:00,True,"2.02,9.01",EARNINGS
0001683168-22-007719,0000882291,AETHLON MEDICAL INC,2022-11-14,2022-11-14T16:19:01-05:00,True,"2.02,9.01",EARNINGS
0001683168-22-005470,0000882291,AETHLON MEDICAL INC,2022-08-09,2022-08-09T16:16:04-04:00,True,"2.02,9.01",EARNINGS
0001683168-22-004635,0000882291,AETHLON MEDICAL INC,2022-06-28,2022-06-28T16:15:15-04:00,True,"2.02,9.01",EARNINGS
0001683168-22-000988,0000882291,AETHLON MEDICAL INC,2022-02-14,2022-02-14T16:15:52-05:00,True,"2.02,9.01",EARNINGS
0001683168-21-005352,0000882291,AETHLON MEDICAL INC,2021-11-09,2021-11-09T16:15:52-05:00,True,"2.02,9.01",EARNINGS
0001683168-21-003355,0000882291,AETHLON MEDICAL INC,2021-08-09,2021-08-09T16:20:59-04:00,True,"2.02,9.01",EARNINGS
0001683168-21-002706,0000882291,AETHLON MEDICAL INC,2021-06-24,2021-06-24T16:20:09-04:00,True,"2.02,9.01",EARNINGS
0001683168-21-000474,0000882291,AETHLON MEDICAL INC,2021-02-10,2021-02-10T16:20:20-05:00,True,"2.02,9.01",EARNINGS
0001683168-20-003582,0000882291,AETHLON MEDICAL INC,2020-10-28,2020-10-28T16:20:14-04:00,True,"2.02,9.01",EARNINGS
0001683168-20-002623,0000882291,AETHLON MEDICAL INC,2020-08-11,2020-08-11T16:16:19-04:00,True,"2.02,9.01",EARNINGS
0001683168-20-002063,0000882291,AETHLON MEDICAL INC,2020-06-25,2020-06-25T16:17:25-04:00,True,"2.02,9.01",EARNINGS
0001683168-19-003420,0000882291,AETHLON MEDICAL INC,2019-11-01,2019-11-01T16:15:40-04:00,True,"2.02,9.01",EARNINGS
0001683168-19-000324,0000882291,AETHLON MEDICAL INC,2019-02-11,2019-02-11T16:15:25-05:00,True,"2.02,9.01",EARNINGS
0001493152-25-022318,0001618835,"Evofem Biosciences, Inc.",2025-11-13,2025-11-13T16:19:07-05:00,True,"2.02,9.01",EARNINGS
0001641172-25-023740,0001618835,"Evofem Biosciences, Inc.",2025-08-14,2025-08-14T08:48:40-04:00,False,"2.02,9.01",EARNINGS
0001641172-25-010526,0001618835,"Evofem Biosciences, Inc.",2025-05-15,2025-05-15T08:05:12-04:00,False,"2.02,9.01",EARNINGS
0001493152-24-046043,0001618835,"Evofem Biosciences, Inc.",2024-11-14,2024-11-14T17:11:01-05:00,True,"2.02,9.01",EARNINGS
0001493152-24-031835,0001618835,"Evofem Biosciences, Inc.",2024-08-14,2024-08-14T07:00:25-04:00,False,"2.02,9.01",EARNINGS
0001493152-24-019433,0001618835,"Evofem Biosciences, Inc.",2024-05-15,2024-05-15T06:50:31-04:00,False,"2.02,9.01",EARNINGS
0001493152-24-011402,0001618835,"Evofem Biosciences, Inc.",2024-03-27,2024-03-27T08:36:37-04:00,False,"2.02,9.01",EARNINGS
0001493152-24-004575,0001618835,"Evofem Biosciences, Inc.",2024-02-01,2024-02-01T09:05:13-05:00,False,"2.02,9.01",EARNINGS
0001493152-23-040762,0001618835,"Evofem Biosciences, Inc.",2023-11-14,2023-11-14T07:00:27-05:00,False,"2.02,9.01",EARNINGS
0001493152-23-038044,0001618835,"Evofem Biosciences, Inc.",2023-10-24,2023-10-24T07:40:26-04:00,False,"2.02,9.01",EARNINGS
0001493152-23-028670,0001618835,"Evofem Biosciences, Inc.",2023-08-14,2023-08-14T17:25:05-04:00,True,"2.02,9.01",EARNINGS
0001493152-23-021642,0001618835,"Evofem Biosciences, Inc.",2023-06-16,2023-06-16T16:01:37-04:00,True,"2.02,9.01",EARNINGS
0001493152-23-019752,0001618835,"Evofem Biosciences, Inc.",2023-06-01,2023-06-01T08:36:15-04:00,False,"2.02,9.01",EARNINGS
0001493152-23-014059,0001618835,"Evofem Biosciences, Inc.",2023-04-28,2023-04-28T06:50:37-04:00,False,"2.02,9.01",EARNINGS
0001618835-22-000151,0001618835,"Evofem Biosciences, Inc.",2022-08-04,2022-08-04T16:38:37-04:00,True,"2.02,9.01",EARNINGS
0001618835-22-000095,0001618835,"Evofem Biosciences, Inc.",2022-05-04,2022-05-04T16:05:16-04:00,True,"2.02,9.01",EARNINGS
0001618835-22-000040,0001618835,"Evofem Biosciences, Inc.",2022-03-03,2022-03-03T16:11:56-05:00,True,"2.02,9.01",EARNINGS
0001618835-22-000012,0001618835,"Evofem Biosciences, Inc.",2022-01-19,2022-01-19T09:01:38-05:00,False,"2.02,9.01",EARNINGS
0001618835-21-000239,0001618835,"Evofem Biosciences, Inc.",2021-11-15,2021-11-15T16:01:59-05:00,True,"2.02,9.01",EARNINGS
0001618835-21-000218,0001618835,"Evofem Biosciences, Inc.",2021-10-20,2021-10-20T08:00:52-04:00,False,"2.02,9.01",EARNINGS
0001618835-21-000174,0001618835,"Evofem Biosciences, Inc.",2021-08-11,2021-08-11T16:21:46-04:00,True,"2.02,9.01",EARNINGS
0001618835-21-000098,0001618835,"Evofem Biosciences, Inc.",2021-05-06,2021-05-06T16:01:18-04:00,True,"2.02,9.01",EARNINGS
0001618835-21-000039,0001618835,"Evofem Biosciences, Inc.",2021-03-04,2021-03-04T16:00:21-05:00,True,"2.02,9.01",EARNINGS
0001618835-20-000241,0001618835,"Evofem Biosciences, Inc.",2020-11-09,2020-11-09T16:04:09-05:00,True,"2.02,9.01",EARNINGS
0001618835-20-000214,0001618835,"Evofem Biosciences, Inc.",2020-08-04,2020-08-04T08:01:08-04:00,False,"2.02,9.01",EARNINGS
0001618835-20-000103,0001618835,"Evofem Biosciences, Inc.",2020-05-06,2020-05-06T08:01:59-04:00,False,"2.02,9.01",EARNINGS
0001618835-20-000045,0001618835,"Evofem Biosciences, Inc.",2020-03-12,2020-03-12T08:00:54-04:00,False,"2.02,9.01",EARNINGS
0001618835-19-000167,0001618835,"Evofem Biosciences, Inc.",2019-11-06,2019-11-06T16:06:01-05:00,True,"2.02,9.01",EARNINGS
0001618835-19-000144,0001618835,"Evofem Biosciences, Inc.",2019-08-05,2019-08-05T16:11:38-04:00,True,"2.02,9.01",EARNINGS
0001618835-19-000085,0001618835,"Evofem Biosciences, Inc.",2019-05-07,2019-05-07T06:13:00-04:00,False,"2.02,9.01",EARNINGS
0001618835-19-000027,0001618835,"Evofem Biosciences, Inc.",2019-03-01,2019-02-28T21:22:44-05:00,True,"2.02,9.01",EARNINGS
