cik,name,accession,filing_date,acceptance_et,after_hours,items
0001093557,DEXCOM INC,0001093557-25-000291,2025-12-22,2025-12-22T16:35:12-05:00,True,"5.02,9.01"
0001093557,DEXCOM INC,0001093557-25-000278,2025-10-30,2025-10-30T16:02:39-04:00,True,"2.02,9.01"
0001093557,DEXCOM INC,0001093557-25-000264,2025-10-27,2025-10-27T16:15:56-04:00,True,"5.02,7.01,9.01"
0001093557,DEXCOM INC,0001093557-25-000257,2025-09-16,2025-09-15T19:30:47-04:00,True,5.02
0001093557,DEXCOM INC,0001093557-25-000241,2025-07-30,2025-07-30T16:02:50-04:00,True,"2.02,5.02,9.01"
0001093557,DEXCOM INC,0001093557-25-000159,2025-05-13,2025-05-13T08:31:00-04:00,False,"5.02,9.01"
0001093557,DEXCOM INC,0001093557-25-000129,2025-05-09,2025-05-09T16:10:04-04:00,True,"5.02,5.07,9.01"
0001093557,DEXCOM INC,0001093557-25-000117,2025-05-02,2025-05-02T16:15:07-04:00,True,5.02
0001093557,DEXCOM INC,0001093557-25-000111,2025-05-01,2025-05-01T16:03:07-04:00,True,"2.02,8.01,9.01"
0001093557,DEXCOM INC,0001093557-25-000088,2025-03-25,2025-03-25T16:30:17-04:00,True,"4.01,9.01"
0001093557,DEXCOM INC,0001093557-25-000050,2025-03-10,2025-03-10T08:31:23-04:00,False,"5.02,7.01"
0001093557,DEXCOM INC,0001093557-25-000047,2025-03-07,2025-03-07T16:30:19-05:00,True,"7.01,8.01"
0001093557,DEXCOM INC,0001093557-25-000029,2025-02-13,2025-02-13T16:03:33-05:00,True,"2.02,9.01"
0001093557,DEXCOM INC,0001093557-25-000004,2025-01-13,2025-01-13T07:31:58-05:00,False,"2.02,9.01"
0001093557,DEXCOM INC,0001093557-24-000197,2024-12-23,2024-12-23T16:05:42-05:00,True,1.01
0001093557,DEXCOM INC,0001093557-24-000179,2024-10-24,2024-10-24T16:04:46-04:00,True,"2.02,9.01"
0001093557,DEXCOM INC,0001093557-24-000143,2024-07-25,2024-07-25T16:05:15-04:00,True,"2.02,8.01,9.01"
0001093557,DEXCOM INC,0001093557-24-000101,2024-05-24,2024-05-24T16:12:45-04:00,True,5.07
0001093557,DEXCOM INC,0001093557-24-000078,2024-04-25,2024-04-25T16:05:23-04:00,True,"2.02,9.01"
0001093557,DEXCOM INC,0001093557-24-000024,2024-02-15,2024-02-15T16:15:27-05:00,True,"1.01,1.02,3.02,9.01"
0001093557,DEXCOM INC,0001093557-24-000020,2024-02-08,2024-02-08T16:03:15-05:00,True,"2.02,9.01"
0001093557,DEXCOM INC,0001093557-24-000003,2024-01-08,2024-01-08T08:02:59-05:00,False,"2.02,9.01"
0001093557,DEXCOM INC,0001093557-23-000222,2023-11-02,2023-11-02T16:19:16-04:00,True,8.01
0001093557,DEXCOM INC,0001093557-23-000219,2023-10-26,2023-10-26T16:04:50-04:00,True,"2.02,9.01"
0001093557,DEXCOM INC,0001093557-23-000218,2023-10-26,2023-10-26T16:04:04-04:00,True,8.01
0001093557,DEXCOM INC,0001093557-23-000191,2023-08-28,2023-08-28T08:41:53-04:00,False,"5.02,8.01,9.01"
0001093557,DEXCOM INC,0001093557-23-000173,2023-07-27,2023-07-27T16:05:14-04:00,True,"2.02,9.01"
0001093557,DEXCOM INC,0001093557-23-000157,2023-06-26,2023-06-23T18:04:12-04:00,True,"7.01,9.01"
0001093557,DEXCOM INC,0001193125-23-149463,2023-05-19,2023-05-19T17:01:31-04:00,True,"5.02,5.07,9.01"
0001093557,DEXCOM INC,0001193125-23-137248,2023-05-05,2023-05-05T17:16:52-04:00,True,"1.01,2.03,3.02,8.01,9.01"
0001093557,DEXCOM INC,0001193125-23-133137,2023-05-03,2023-05-03T07:19:12-04:00,False,"8.01,9.01"
0001093557,DEXCOM INC,0001193125-23-131265,2023-05-02,2023-05-02T07:16:00-04:00,False,"8.01,9.01"
0001093557,DEXCOM INC,0001093557-23-000117,2023-04-27,2023-04-27T16:05:17-04:00,True,"2.02,9.01"
0001093557,DEXCOM INC,0001093557-23-000022,2023-02-09,2023-02-09T16:05:43-05:00,True,"2.02,9.01"
0001093557,DEXCOM INC,0001093557-23-000004,2023-01-09,2023-01-09T08:03:08-05:00,False,"2.02,9.01"
0001093557,DEXCOM INC,0001093557-22-000170,2022-10-27,2022-10-27T16:05:20-04:00,True,"2.02,9.01"
0001093557,DEXCOM INC,0001193125-22-235278,2022-08-31,2022-08-31T17:01:03-04:00,True,5.02
0001093557,DEXCOM INC,0001093557-22-000151,2022-08-05,2022-08-05T16:52:04-04:00,True,8.01
0001093557,DEXCOM INC,0001093557-22-000145,2022-07-28,2022-07-28T16:23:27-04:00,True,8.01
0001093557,DEXCOM INC,0001093557-22-000142,2022-07-28,2022-07-28T16:07:15-04:00,True,"2.02,9.01"
0001093557,DEXCOM INC,0001193125-22-190521,2022-07-08,2022-07-08T16:30:57-04:00,True,5.02
0001093557,DEXCOM INC,0001193125-22-171920,2022-06-10,2022-06-10T16:01:57-04:00,True,"5.03,9.01"
0001093557,DEXCOM INC,0001193125-22-155671,2022-05-20,2022-05-20T09:01:57-04:00,False,5.07
0001093557,DEXCOM INC,0001093557-22-000096,2022-04-28,2022-04-28T16:08:52-04:00,True,"2.02,9.01"
0001093557,DEXCOM INC,0001093557-22-000010,2022-02-10,2022-02-10T16:08:01-05:00,True,"2.02,9.01"
0001093557,DEXCOM INC,0001193125-22-005104,2022-01-10,2022-01-10T08:00:59-05:00,False,"2.02,8.01,9.01"
0001093557,DEXCOM INC,0001093557-21-000293,2021-12-17,2021-12-17T16:41:15-05:00,True,5.02
0001093557,DEXCOM INC,0001193125-21-336940,2021-11-22,2021-11-22T17:03:02-05:00,True,"8.01,9.01"
0001093557,DEXCOM INC,0001093557-21-000246,2021-10-28,2021-10-28T16:06:13-04:00,True,"2.02,9.01"
0001093557,DEXCOM INC,0001193125-21-298744,2021-10-14,2021-10-14T16:01:56-04:00,True,"1.01,2.03"
0001093557,DEXCOM INC,0001093557-21-000227,2021-09-14,2021-09-14T16:29:48-04:00,True,5.02
0001093557,DEXCOM INC,0001193125-21-270913,2021-09-13,2021-09-13T08:00:57-04:00,False,5.02
0001093557,DEXCOM INC,0001093557-21-000190,2021-07-29,2021-07-29T16:05:13-04:00,True,"2.02,9.01"
0001093557,DEXCOM INC,0001193125-21-205018,2021-07-01,2021-06-30T18:58:00-04:00,True,8.01
0001093557,DEXCOM INC,0001193125-21-169442,2021-05-21,2021-05-21T17:17:36-04:00,True,"5.03,5.07,9.01"
0001093557,DEXCOM INC,0001093557-21-000125,2021-04-29,2021-04-29T16:03:41-04:00,True,"2.02,9.01"
0001093557,DEXCOM INC,0001093557-21-000089,2021-03-23,2021-03-23T08:31:34-04:00,False,"5.02,9.01"
0001093557,DEXCOM INC,0001093557-21-000084,2021-03-17,2021-03-17T14:22:09-04:00,False,"5.02,9.01"
0001093557,DEXCOM INC,0001093557-21-000022,2021-02-11,2021-02-11T16:04:34-05:00,True,"2.02,9.01"
0001093557,DEXCOM INC,0001193125-21-005793,2021-01-11,2021-01-11T07:39:00-05:00,False,"2.02,9.01"
0001093557,DEXCOM INC,0001193125-20-314878,2020-12-10,2020-12-10T16:15:00-05:00,True,5.02
0001093557,DEXCOM INC,0001093557-20-000292,2020-10-27,2020-10-27T16:08:22-04:00,True,"2.02,9.01"
0001093557,DEXCOM INC,0001193125-20-277129,2020-10-26,2020-10-26T17:24:01-04:00,True,"2.02,5.02,9.01"
0001093557,DEXCOM INC,0001093557-20-000278,2020-10-13,2020-10-13T10:50:00-04:00,False,"5.02,8.01,9.01"
0001093557,DEXCOM INC,0001193125-20-242202,2020-09-09,2020-09-09T16:18:35-04:00,True,"5.03,9.01"
0001093557,DEXCOM INC,0001193125-20-217131,2020-08-12,2020-08-12T09:13:55-04:00,False,"5.02,8.01,9.01"
0001093557,DEXCOM INC,0001093557-20-000215,2020-07-28,2020-07-28T16:08:05-04:00,True,2.02
0001093557,DEXCOM INC,0001193125-20-182596,2020-06-29,2020-06-29T18:28:19-04:00,True,"8.01,9.01"
0001093557,DEXCOM INC,0001193125-20-150279,2020-05-22,2020-05-22T17:08:39-04:00,True,5.07
0001093557,DEXCOM INC,0001193125-20-143408,2020-05-15,2020-05-15T08:07:11-04:00,False,"1.01,2.03,3.02,8.01,9.01"
0001093557,DEXCOM INC,0001193125-20-139830,2020-05-12,2020-05-12T07:50:10-04:00,False,"8.01,9.01"
0001093557,DEXCOM INC,0001193125-20-138228,2020-05-11,2020-05-11T07:13:39-04:00,False,"8.01,9.01"
0001093557,DEXCOM INC,0001093557-20-000140,2020-04-28,2020-04-28T16:07:32-04:00,True,"2.02,9.01"
0001093557,DEXCOM INC,0001093557-20-000054,2020-03-10,2020-03-10T17:16:24-04:00,True,5.02
0001093557,DEXCOM INC,0001093557-20-000028,2020-02-13,2020-02-13T16:08:44-05:00,True,"2.02,9.01"
0001093557,DEXCOM INC,0001193125-20-005913,2020-01-13,2020-01-13T07:33:09-05:00,False,"2.02,9.01"
0001093557,DEXCOM INC,0001093557-19-000235,2019-11-06,2019-11-06T16:06:58-05:00,True,"2.02,9.01"
0001093557,DEXCOM INC,0001093557-19-000209,2019-09-18,2019-09-17T18:29:13-04:00,True,"5.02,8.01"
0001093557,DEXCOM INC,0001093557-19-000179,2019-07-31,2019-07-31T16:08:15-04:00,True,"2.02,9.01"
0001093557,DEXCOM INC,0001093557-19-000137,2019-06-04,2019-06-04T16:52:12-04:00,True,"5.02,5.07,9.01"
0001093557,DEXCOM INC,0001093557-19-000118,2019-05-01,2019-05-01T16:13:32-04:00,True,2.02
0001093557,DEXCOM INC,0001093557-19-000106,2019-04-24,2019-04-24T15:48:59-04:00,False,5.02
0001093557,DEXCOM INC,0001093557-19-000039,2019-02-21,2019-02-21T16:16:24-05:00,True,"2.02,2.05"
0001093557,DEXCOM INC,0001193125-19-003192,2019-01-07,2019-01-07T08:01:08-05:00,False,"2.02,9.01"
0000943819,RESMED INC,0001193125-25-289878,2025-11-20,2025-11-20T16:30:26-05:00,True,"5.02,5.07,9.01"
0000943819,RESMED INC,0001193125-25-258519,2025-10-30,2025-10-30T16:06:11-04:00,True,"2.02,8.01,9.01"
0000943819,RESMED INC,0001193125-25-182695,2025-08-18,2025-08-18T16:20:28-04:00,True,"5.02,9.01"
0000943819,RESMED INC,0001193125-25-170718,2025-08-01,2025-07-31T18:30:21-04:00,True,5.02
0000943819,RESMED INC,0001193125-25-170512,2025-07-31,2025-07-31T16:05:17-04:00,True,"2.02,8.01,9.01"
0000943819,RESMED INC,0001193125-25-091357,2025-04-23,2025-04-23T16:05:31-04:00,True,"2.02,8.01,9.01"
0000943819,RESMED INC,0001193125-25-017218,2025-01-30,2025-01-30T16:05:28-05:00,True,"2.02,8.01,9.01"
0000943819,RESMED INC,0001193125-24-263501,2024-11-21,2024-11-21T17:20:32-05:00,True,5.07
0000943819,RESMED INC,0001193125-24-242806,2024-10-24,2024-10-24T16:05:51-04:00,True,"2.02,8.01,9.01"
0000943819,RESMED INC,0001193125-24-202204,2024-08-16,2024-08-16T17:21:58-04:00,True,"5.02,9.01"
0000943819,RESMED INC,0001193125-24-191487,2024-08-01,2024-08-01T16:05:55-04:00,True,"2.02,8.01,9.01"
0000943819,RESMED INC,0001193125-24-113883,2024-04-25,2024-04-25T16:07:05-04:00,True,"2.02,8.01,9.01"
0000943819,RESMED INC,0001193125-24-014223,2024-01-24,2024-01-24T16:06:01-05:00,True,"2.02,8.01,9.01"
0000943819,RESMED INC,0001193125-23-280656,2023-11-20,2023-11-20T16:10:31-05:00,True,"5.03,5.07,9.01"
0000943819,RESMED INC,0001193125-23-274543,2023-11-09,2023-11-09T16:30:40-05:00,True,"5.02,9.01"
0000943819,RESMED INC,0001193125-23-264072,2023-10-26,2023-10-26T16:05:53-04:00,True,"2.02,8.01,9.01"
0000943819,RESMED INC,0001193125-23-202850,2023-08-03,2023-08-03T16:06:09-04:00,True,"2.02,8.01,9.01"
0000943819,RESMED INC,0001193125-23-122110,2023-04-27,2023-04-27T16:06:05-04:00,True,"2.02,8.01,9.01"
0000943819,RESMED INC,0001193125-23-085659,2023-03-30,2023-03-30T16:36:54-04:00,True,"5.02,9.01"
0000943819,RESMED INC,0001193125-23-016231,2023-01-26,2023-01-26T16:05:45-05:00,True,"2.02,5.02,8.01,9.01"
0000943819,RESMED INC,0001193125-22-287662,2022-11-17,2022-11-17T16:08:58-05:00,True,5.07
0000943819,RESMED INC,0001193125-22-270961,2022-10-27,2022-10-27T16:05:39-04:00,True,"2.02,8.01,9.01"
0000943819,RESMED INC,0001193125-22-218522,2022-08-11,2022-08-11T16:07:02-04:00,True,"2.02,8.01,9.01"
0000943819,RESMED INC,0001193125-22-187014,2022-07-01,2022-07-01T13:03:32-04:00,False,"5.02,9.01"
0000943819,RESMED INC,0001193125-22-186327,2022-06-30,2022-06-30T17:28:06-04:00,True,"1.01,2.03,9.01"
0000943819,RESMED INC,0001193125-22-173521,2022-06-14,2022-06-14T09:07:06-04:00,False,"1.01,7.01,9.01"
0000943819,RESMED INC,0001193125-22-147554,2022-05-11,2022-05-11T16:28:59-04:00,True,"5.02,9.01"
0000943819,RESMED INC,0001193125-22-127535,2022-04-28,2022-04-28T16:07:35-04:00,True,"2.02,8.01,9.01"
0000943819,RESMED INC,0001193125-22-019765,2022-01-27,2022-01-27T16:06:08-05:00,True,"2.02,8.01,9.01"
0000943819,RESMED INC,0001193125-21-334941,2021-11-19,2021-11-19T14:31:04-05:00,False,5.07
0000943819,RESMED INC,0001193125-21-311286,2021-10-28,2021-10-28T16:07:09-04:00,True,"2.02,8.01,9.01"
0000943819,RESMED INC,0001193125-21-271405,2021-09-13,2021-09-13T16:01:55-04:00,True,"5.03,9.01"
0000943819,RESMED INC,0001193125-21-259336,2021-08-27,2021-08-27T16:06:03-04:00,True,5.02
0000943819,RESMED INC,0001193125-21-237704,2021-08-05,2021-08-05T16:08:39-04:00,True,"2.02,8.01,9.01"
0000943819,RESMED INC,0001193125-21-140371,2021-04-29,2021-04-29T16:06:05-04:00,True,"2.02,8.01,9.01"
0000943819,RESMED INC,0001193125-21-020758,2021-01-28,2021-01-28T16:05:55-05:00,True,"2.02,8.01,9.01"
0000943819,RESMED INC,0001193125-20-299382,2020-11-20,2020-11-20T16:05:04-05:00,True,5.07
0000943819,RESMED INC,0001193125-20-281037,2020-10-29,2020-10-29T16:05:43-04:00,True,"2.02,8.01,9.01"
0000943819,RESMED INC,0001193125-20-210635,2020-08-05,2020-08-05T16:05:57-04:00,True,"2.02,8.01,9.01"
0000943819,RESMED INC,0001193125-20-128755,2020-04-30,2020-04-30T16:05:44-04:00,True,"2.02,8.01,9.01"
0000943819,RESMED INC,0001193125-20-050062,2020-02-26,2020-02-26T16:05:49-05:00,True,"5.03,9.01"
0000943819,RESMED INC,0001193125-20-019606,2020-01-30,2020-01-30T16:05:40-05:00,True,"2.02,8.01,9.01"
0000943819,RESMED INC,0001193125-19-298542,2019-11-22,2019-11-22T16:15:02-05:00,True,5.07
0000943819,RESMED INC,0001193125-19-273579,2019-10-24,2019-10-24T16:05:55-04:00,True,"2.02,8.01,9.01"
0000943819,RESMED INC,0001193125-19-202515,2019-07-25,2019-07-25T16:05:56-04:00,True,"2.02,8.01,9.01"
0000943819,RESMED INC,0001193125-19-194005,2019-07-15,2019-07-15T16:11:04-04:00,True,"1.01,2.03,9.01"
0000943819,RESMED INC,0001193125-19-149406,2019-05-16,2019-05-16T16:10:56-04:00,True,5.02
0000943819,RESMED INC,0001193125-19-134997,2019-05-02,2019-05-02T16:06:03-04:00,True,"2.02,8.01,9.01"
0000943819,RESMED INC,0001193125-19-015912,2019-01-24,2019-01-24T16:05:40-05:00,True,"2.02,8.01,9.01"
0001110803,"ILLUMINA, INC.",0001193125-25-297576,2025-11-25,2025-11-25T17:06:36-05:00,True,"8.01,9.01"
0001110803,"ILLUMINA, INC.",0001193125-25-277870,2025-11-12,2025-11-12T16:59:57-05:00,True,"8.01,9.01"
0001110803,"ILLUMINA, INC.",0001110803-25-000071,2025-10-30,2025-10-30T16:10:29-04:00,True,"2.02,9.01"
0001110803,"ILLUMINA, INC.",0001110803-25-000057,2025-07-31,2025-07-31T16:11:41-04:00,True,"2.02,9.01"
0001110803,"ILLUMINA, INC.",0001193125-25-144290,2025-06-23,2025-06-23T09:24:49-04:00,False,"1.01,8.01,9.01"
0001110803,"ILLUMINA, INC.",0001110803-25-000051,2025-05-23,2025-05-22T17:54:36-04:00,True,"5.02,5.07,9.01"
0001110803,"ILLUMINA, INC.",0001110803-25-000044,2025-05-08,2025-05-08T16:24:10-04:00,True,"2.02,9.01"
0001110803,"ILLUMINA, INC.",0001110803-25-000032,2025-03-25,2025-03-25T16:15:56-04:00,True,"5.02,7.01,9.01"
0001110803,"ILLUMINA, INC.",0001110803-25-000029,2025-03-24,2025-03-24T17:02:14-04:00,True,5.02
0001110803,"ILLUMINA, INC.",0001110803-25-000025,2025-03-10,2025-03-10T16:47:17-04:00,True,"7.01,9.01"
0001110803,"ILLUMINA, INC.",0001110803-25-000014,2025-02-06,2025-02-06T16:11:19-05:00,True,"2.02,9.01"
0001110803,"ILLUMINA, INC.",0001110803-25-000009,2025-01-14,2025-01-14T09:03:13-05:00,False,"2.02,9.01"
0001110803,"ILLUMINA, INC.",0001110803-24-000049,2024-11-04,2024-11-04T16:08:10-05:00,True,"2.02,9.01"
0001110803,"ILLUMINA, INC.",0000950157-24-001364,2024-10-03,2024-10-03T17:09:39-04:00,True,"5.02,9.01"
0001110803,"ILLUMINA, INC.",0001193125-24-215883,2024-09-09,2024-09-09T16:02:31-04:00,True,"1.02,8.01,9.01"
0001110803,"ILLUMINA, INC.",0001193125-24-214335,2024-09-05,2024-09-05T17:27:02-04:00,True,8.01
0001110803,"ILLUMINA, INC.",0001110803-24-000042,2024-08-06,2024-08-06T16:20:31-04:00,True,"2.02,9.01"
0001110803,"ILLUMINA, INC.",0001193125-24-167025,2024-06-24,2024-06-24T17:00:58-04:00,True,"1.01,2.01,8.01,9.01"
0001110803,"ILLUMINA, INC.",0001193125-24-162068,2024-06-17,2024-06-17T08:29:30-04:00,False,"1.01,2.03,9.01"
0001110803,"ILLUMINA, INC.",0001193125-24-153239,2024-06-03,2024-06-03T17:25:32-04:00,True,"2.05,8.01"
0001110803,"ILLUMINA, INC.",0001110803-24-000030,2024-05-20,2024-05-20T16:09:18-04:00,True,5.07
0001110803,"ILLUMINA, INC.",0001110803-24-000019,2024-05-02,2024-05-02T16:16:39-04:00,True,"2.02,9.01"
0001110803,"ILLUMINA, INC.",0001110803-24-000013,2024-04-12,2024-04-12T09:01:14-04:00,False,7.01
0001110803,"ILLUMINA, INC.",0000950157-24-000591,2024-04-09,2024-04-09T16:15:49-04:00,True,"5.02,7.01,9.01"
0001110803,"ILLUMINA, INC.",0001110803-24-000007,2024-02-08,2024-02-08T16:13:11-05:00,True,"2.02,9.01"
0001110803,"ILLUMINA, INC.",0001110803-24-000002,2024-01-09,2024-01-09T09:02:44-05:00,False,"2.02,9.01"
0001110803,"ILLUMINA, INC.",0000950157-24-000024,2024-01-04,2024-01-04T17:11:45-05:00,True,5.02
0001110803,"ILLUMINA, INC.",0001110803-23-000085,2023-11-09,2023-11-09T16:07:18-05:00,True,"2.02,9.01"
0001110803,"ILLUMINA, INC.",0001110803-23-000067,2023-09-08,2023-09-08T09:04:21-04:00,False,5.02
0001110803,"ILLUMINA, INC.",0000950157-23-000929,2023-09-05,2023-09-05T07:41:57-04:00,False,"5.02,9.01"
0001110803,"ILLUMINA, INC.",0001110803-23-000061,2023-08-09,2023-08-09T16:21:46-04:00,True,"5.02,9.01"
0001110803,"ILLUMINA, INC.",0001110803-23-000060,2023-08-09,2023-08-09T16:07:56-04:00,True,"2.02,9.01"
0001110803,"ILLUMINA, INC.",0001110803-23-000048,2023-06-26,2023-06-26T16:32:53-04:00,True,2.05
0001110803,"ILLUMINA, INC.",0000950157-23-000666,2023-06-13,2023-06-13T16:59:10-04:00,True,"5.02,9.01"
0001110803,"ILLUMINA, INC.",0001110803-23-000046,2023-06-07,2023-06-07T16:26:54-04:00,True,"5.02,9.01"
0001110803,"ILLUMINA, INC.",0000950157-23-000590,2023-05-30,2023-05-30T17:16:54-04:00,True,"5.02,5.07"
0001110803,"ILLUMINA, INC.",0000950157-23-000577,2023-05-25,2023-05-25T16:58:28-04:00,True,"8.01,9.01"
0001110803,"ILLUMINA, INC.",0001110803-23-000028,2023-04-25,2023-04-25T16:32:32-04:00,True,"2.02,9.01"
0001110803,"ILLUMINA, INC.",0001110803-23-000017,2023-02-07,2023-02-07T16:07:18-05:00,True,"2.02,9.01"
0001110803,"ILLUMINA, INC.",0001110803-23-000013,2023-02-07,2023-02-07T07:57:39-05:00,False,"5.02,5.03,9.01"
0001110803,"ILLUMINA, INC.",0001110803-23-000006,2023-02-01,2023-02-01T17:20:22-05:00,True,"5.02,9.01"
0001110803,"ILLUMINA, INC.",0001110803-23-000003,2023-01-11,2023-01-10T19:06:13-05:00,True,"2.02,9.01"
0001110803,"ILLUMINA, INC.",0001193125-23-001536,2023-01-04,2023-01-04T16:36:09-05:00,True,"1.01,1.02,2.03,9.01"
0001110803,"ILLUMINA, INC.",0001193125-22-303832,2022-12-13,2022-12-13T16:31:01-05:00,True,"8.01,9.01"
0001110803,"ILLUMINA, INC.",0001193125-22-296685,2022-12-01,2022-12-01T17:22:57-05:00,True,8.01
0001110803,"ILLUMINA, INC.",0001193125-22-284674,2022-11-14,2022-11-14T16:32:29-05:00,True,7.01
0001110803,"ILLUMINA, INC.",0001110803-22-000045,2022-11-03,2022-11-03T16:08:11-04:00,True,"2.02,9.01"
0001110803,"ILLUMINA, INC.",0001193125-22-258375,2022-10-06,2022-10-05T19:45:33-04:00,True,7.01
0001110803,"ILLUMINA, INC.",0001193125-22-255525,2022-09-30,2022-09-30T16:16:32-04:00,True,5.02
0001110803,"ILLUMINA, INC.",0001193125-22-246438,2022-09-16,2022-09-16T16:45:35-04:00,True,5.02
0001110803,"ILLUMINA, INC.",0000950157-22-000997,2022-09-06,2022-09-06T17:13:40-04:00,True,"8.01,9.01"
0001110803,"ILLUMINA, INC.",0001110803-22-000040,2022-08-11,2022-08-11T16:07:56-04:00,True,"2.02,9.01"
0001110803,"ILLUMINA, INC.",0001110803-22-000035,2022-07-14,2022-07-14T16:02:53-04:00,True,"8.01,9.01"
0001110803,"ILLUMINA, INC.",0001193125-22-171059,2022-06-09,2022-06-09T16:18:02-04:00,True,5.02
0001110803,"ILLUMINA, INC.",0001110803-22-000033,2022-05-27,2022-05-27T16:36:13-04:00,True,5.07
0001110803,"ILLUMINA, INC.",0001110803-22-000026,2022-05-06,2022-05-06T17:12:11-04:00,True,"8.01,9.01"
0001110803,"ILLUMINA, INC.",0001110803-22-000020,2022-05-05,2022-05-05T16:06:51-04:00,True,"2.02,9.01"
0001110803,"ILLUMINA, INC.",0001110803-22-000007,2022-02-10,2022-02-10T16:07:42-05:00,True,"2.02,9.01"
0001110803,"ILLUMINA, INC.",0001110803-22-000003,2022-01-11,2022-01-11T17:23:44-05:00,True,"2.02,9.01"
0001110803,"ILLUMINA, INC.",0001110803-21-000044,2021-11-04,2021-11-04T16:11:42-04:00,True,"2.02,9.01"
0001110803,"ILLUMINA, INC.",0000950157-21-001099,2021-10-15,2021-10-14T21:08:51-04:00,True,"8.01,9.01"
0001110803,"ILLUMINA, INC.",0000950157-21-000850,2021-08-18,2021-08-18T17:05:26-04:00,True,"1.01,2.01,2.03,8.01,9.01"
0001110803,"ILLUMINA, INC.",0001110803-21-000040,2021-08-05,2021-08-05T16:11:10-04:00,True,"2.02,9.01"
0001110803,"ILLUMINA, INC.",0001110803-21-000037,2021-05-28,2021-05-27T18:18:48-04:00,True,5.07
0001110803,"ILLUMINA, INC.",0001110803-21-000028,2021-04-27,2021-04-27T16:10:11-04:00,True,"2.02,9.01"
0001110803,"ILLUMINA, INC.",0001110803-21-000024,2021-04-20,2021-04-19T19:37:55-04:00,True,5.02
0001110803,"ILLUMINA, INC.",0001110803-21-000022,2021-04-05,2021-04-05T16:32:59-04:00,True,"2.02,9.01"
0001110803,"ILLUMINA, INC.",0001193125-21-089600,2021-03-22,2021-03-22T16:31:09-04:00,True,"8.01,9.01"
0001110803,"ILLUMINA, INC.",0001193125-21-085884,2021-03-18,2021-03-18T16:40:02-04:00,True,"5.02,9.01"
0001110803,"ILLUMINA, INC.",0000950157-21-000344,2021-03-16,2021-03-16T16:21:27-04:00,True,8.01
0001110803,"ILLUMINA, INC.",0001193125-21-079640,2021-03-12,2021-03-12T16:07:59-05:00,True,"8.01,9.01"
0001110803,"ILLUMINA, INC.",0001193125-21-073186,2021-03-08,2021-03-08T16:08:05-05:00,True,"1.01,9.01"
0001110803,"ILLUMINA, INC.",0000950157-21-000303,2021-03-04,2021-03-04T17:28:02-05:00,True,8.01
0001110803,"ILLUMINA, INC.",0001110803-21-000012,2021-02-11,2021-02-11T16:11:11-05:00,True,"2.02,9.01"
0001110803,"ILLUMINA, INC.",0000950157-21-000121,2021-02-05,2021-02-05T08:30:59-05:00,False,"1.01,9.01"
0001110803,"ILLUMINA, INC.",0001110803-21-000003,2021-01-12,2021-01-12T17:27:16-05:00,True,"2.02,9.01"
0001110803,"ILLUMINA, INC.",0001110803-20-000066,2020-11-10,2020-11-09T18:50:24-05:00,True,8.01
0001110803,"ILLUMINA, INC.",0001110803-20-000058,2020-10-29,2020-10-29T16:15:28-04:00,True,"2.02,9.01"
0001110803,"ILLUMINA, INC.",0000950157-20-001121,2020-09-21,2020-09-21T09:27:21-04:00,False,"1.01,8.01,9.01"
0001110803,"ILLUMINA, INC.",0001110803-20-000055,2020-08-21,2020-08-20T17:39:18-04:00,True,5.02
0001110803,"ILLUMINA, INC.",0001110803-20-000050,2020-08-06,2020-08-06T16:09:23-04:00,True,"2.02,9.01"
0001110803,"ILLUMINA, INC.",0001110803-20-000043,2020-06-01,2020-06-01T16:04:55-04:00,True,5.07
0001110803,"ILLUMINA, INC.",0001110803-20-000036,2020-05-12,2020-05-11T18:16:00-04:00,True,5.02
0001110803,"ILLUMINA, INC.",0001110803-20-000030,2020-04-30,2020-04-30T16:10:24-04:00,True,"2.02,9.01"
0001110803,"ILLUMINA, INC.",0001110803-20-000026,2020-04-14,2020-04-14T16:19:43-04:00,True,"2.02,9.01"
0001110803,"ILLUMINA, INC.",0001110803-20-000014,2020-02-06,2020-02-06T16:07:41-05:00,True,5.02
0001110803,"ILLUMINA, INC.",0001110803-20-000011,2020-01-29,2020-01-29T16:08:11-05:00,True,"2.02,9.01"
0001110803,"ILLUMINA, INC.",0001110803-20-000009,2020-01-16,2020-01-16T16:19:14-05:00,True,"2.02,9.01"
0001110803,"ILLUMINA, INC.",0001110803-20-000005,2020-01-02,2020-01-02T16:07:45-05:00,True,"1.01,1.02,7.01,9.01"
0001110803,"ILLUMINA, INC.",0001110803-19-000060,2019-12-18,2019-12-18T16:19:00-05:00,True,8.01
0001110803,"ILLUMINA, INC.",0001110803-19-000058,2019-11-29,2019-11-29T16:15:59-05:00,True,5.02
0001110803,"ILLUMINA, INC.",0001110803-19-000054,2019-10-24,2019-10-24T16:11:52-04:00,True,"2.02,9.01"
0001110803,"ILLUMINA, INC.",0001110803-19-000050,2019-09-26,2019-09-26T16:06:22-04:00,True,"1.01,9.01"
0001110803,"ILLUMINA, INC.",0001110803-19-000048,2019-08-29,2019-08-28T19:01:44-04:00,True,5.02
0001110803,"ILLUMINA, INC.",0001110803-19-000037,2019-07-29,2019-07-29T16:09:12-04:00,True,"2.02,9.01"
0001110803,"ILLUMINA, INC.",0001110803-19-000035,2019-07-11,2019-07-11T16:08:20-04:00,True,"2.02,9.01"
0001110803,"ILLUMINA, INC.",0001110803-19-000031,2019-06-18,2019-06-18T06:14:36-04:00,False,8.01
0001110803,"ILLUMINA, INC.",0001110803-19-000028,2019-06-03,2019-06-03T16:30:16-04:00,True,5.07
0001110803,"ILLUMINA, INC.",0001110803-19-000019,2019-04-25,2019-04-25T16:09:40-04:00,True,"2.02,9.01"
0001110803,"ILLUMINA, INC.",0001110803-19-000009,2019-02-06,2019-02-06T14:50:52-05:00,False,5.02
0001110803,"ILLUMINA, INC.",0001110803-19-000006,2019-01-29,2019-01-29T16:07:57-05:00,True,"2.02,9.01"
0000914475,NEUROCRINE BIOSCIENCES INC,0000914475-25-000186,2025-11-24,2025-11-24T16:02:50-05:00,True,"5.02,9.01"
0000914475,NEUROCRINE BIOSCIENCES INC,0000914475-25-000180,2025-10-28,2025-10-28T16:02:28-04:00,True,"2.02,9.01"
0000914475,NEUROCRINE BIOSCIENCES INC,0000914475-25-000157,2025-07-30,2025-07-30T16:02:54-04:00,True,"2.02,9.01"
0000914475,NEUROCRINE BIOSCIENCES INC,0000914475-25-000139,2025-05-30,2025-05-30T16:05:10-04:00,True,"5.02,9.01"
0000914475,NEUROCRINE BIOSCIENCES INC,0000914475-25-000120,2025-05-22,2025-05-22T16:03:59-04:00,True,"5.02,5.07"
0000914475,NEUROCRINE BIOSCIENCES INC,0000914475-25-000099,2025-05-05,2025-05-05T16:02:56-04:00,True,"2.02,9.01"
0000914475,NEUROCRINE BIOSCIENCES INC,0000914475-25-000081,2025-04-04,2025-04-04T08:02:40-04:00,False,"5.02,7.01,9.01"
0000914475,NEUROCRINE BIOSCIENCES INC,0000914475-25-000034,2025-02-06,2025-02-06T16:04:44-05:00,True,"2.02,9.01"
0000914475,NEUROCRINE BIOSCIENCES INC,0000914475-25-000006,2025-01-27,2025-01-27T16:12:01-05:00,True,"1.01,7.01,9.01"
0000914475,NEUROCRINE BIOSCIENCES INC,0000914475-24-000229,2024-12-20,2024-12-20T08:06:42-05:00,False,8.01
0000914475,NEUROCRINE BIOSCIENCES INC,0000914475-24-000214,2024-11-01,2024-11-01T08:31:33-04:00,False,8.01
0000914475,NEUROCRINE BIOSCIENCES INC,0000914475-24-000210,2024-10-30,2024-10-30T07:02:54-04:00,False,"2.02,9.01"
0000914475,NEUROCRINE BIOSCIENCES INC,0000914475-24-000206,2024-10-11,2024-10-11T16:02:22-04:00,True,5.02
0000914475,NEUROCRINE BIOSCIENCES INC,0000914475-24-000199,2024-08-28,2024-08-28T07:00:59-04:00,False,"7.01,8.01,9.01"
0000914475,NEUROCRINE BIOSCIENCES INC,0000914475-24-000180,2024-08-01,2024-08-01T07:03:01-04:00,False,"2.02,9.01"
0000914475,NEUROCRINE BIOSCIENCES INC,0001193125-24-148107,2024-05-28,2024-05-28T16:18:30-04:00,True,"5.02,5.03,9.01"
0000914475,NEUROCRINE BIOSCIENCES INC,0000914475-24-000140,2024-05-23,2024-05-23T16:01:38-04:00,True,"5.02,5.07"
0000914475,NEUROCRINE BIOSCIENCES INC,0000914475-24-000116,2024-05-01,2024-05-01T07:01:57-04:00,False,"2.02,9.01"
0000914475,NEUROCRINE BIOSCIENCES INC,0000914475-24-000033,2024-02-07,2024-02-07T07:00:53-05:00,False,"2.02,9.01"
0000914475,NEUROCRINE BIOSCIENCES INC,0000914475-23-000078,2023-11-13,2023-11-13T07:01:14-05:00,False,8.01
0000914475,NEUROCRINE BIOSCIENCES INC,0000914475-23-000075,2023-11-09,2023-11-09T17:03:30-05:00,True,8.01
0000914475,NEUROCRINE BIOSCIENCES INC,0000914475-23-000072,2023-10-31,2023-10-31T07:01:39-04:00,False,"2.02,9.01"
0000914475,NEUROCRINE BIOSCIENCES INC,0000914475-23-000067,2023-10-06,2023-10-06T09:00:44-04:00,False,8.01
0000914475,NEUROCRINE BIOSCIENCES INC,0000914475-23-000065,2023-10-05,2023-10-05T07:02:38-04:00,False,"8.01,9.01"
0000914475,NEUROCRINE BIOSCIENCES INC,0000914475-23-000062,2023-09-12,2023-09-12T07:31:30-04:00,False,"8.01,9.01"
0000914475,NEUROCRINE BIOSCIENCES INC,0000914475-23-000056,2023-08-01,2023-08-01T07:02:03-04:00,False,"2.02,9.01"
0000914475,NEUROCRINE BIOSCIENCES INC,0000914475-23-000049,2023-07-13,2023-07-13T16:05:46-04:00,True,5.02
0000914475,NEUROCRINE BIOSCIENCES INC,0000914475-23-000047,2023-07-12,2023-07-11T19:04:42-04:00,True,"5.02,5.03"
0000914475,NEUROCRINE BIOSCIENCES INC,0001193125-23-149520,2023-05-19,2023-05-19T17:21:03-04:00,True,"5.02,5.07"
0000914475,NEUROCRINE BIOSCIENCES INC,0000914475-23-000043,2023-05-03,2023-05-03T07:32:26-04:00,False,"2.02,9.01"
0000914475,NEUROCRINE BIOSCIENCES INC,0000914475-23-000023,2023-03-29,2023-03-28T20:44:59-04:00,True,8.01
0000914475,NEUROCRINE BIOSCIENCES INC,0000914475-23-000016,2023-02-24,2023-02-23T19:14:07-05:00,True,8.01
0000914475,NEUROCRINE BIOSCIENCES INC,0000914475-23-000013,2023-02-10,2023-02-10T16:02:52-05:00,True,"5.03,9.01"
0000914475,NEUROCRINE BIOSCIENCES INC,0000914475-23-000005,2023-02-06,2023-02-06T07:32:31-05:00,False,"2.02,9.01"
0000914475,NEUROCRINE BIOSCIENCES INC,0000914475-23-000003,2023-01-09,2023-01-09T07:04:37-05:00,False,1.01
0000914475,NEUROCRINE BIOSCIENCES INC,0000914475-22-000055,2022-11-01,2022-11-01T07:31:18-04:00,False,"2.02,9.01"
0000914475,NEUROCRINE BIOSCIENCES INC,0000914475-22-000050,2022-08-30,2022-08-30T08:01:13-04:00,False,7.01
0000914475,NEUROCRINE BIOSCIENCES INC,0000914475-22-000043,2022-08-04,2022-08-04T16:05:32-04:00,True,"2.02,9.01"
0000914475,NEUROCRINE BIOSCIENCES INC,0000914475-22-000035,2022-06-01,2022-05-31T21:04:02-04:00,True,8.01
0000914475,NEUROCRINE BIOSCIENCES INC,0000914475-22-000032,2022-05-25,2022-05-24T21:44:44-04:00,True,"8.01,9.01"
0000914475,NEUROCRINE BIOSCIENCES INC,0000914475-22-000028,2022-05-23,2022-05-23T16:17:58-04:00,True,"5.02,5.07"
0000914475,NEUROCRINE BIOSCIENCES INC,0000914475-22-000021,2022-05-04,2022-05-04T07:37:13-04:00,False,"2.02,9.01"
0000914475,NEUROCRINE BIOSCIENCES INC,0000914475-22-000009,2022-02-11,2022-02-11T07:31:56-05:00,False,"2.02,9.01"
0000914475,NEUROCRINE BIOSCIENCES INC,0000914475-22-000004,2022-01-06,2022-01-06T16:08:06-05:00,True,"2.02,9.01"
0000914475,NEUROCRINE BIOSCIENCES INC,0000914475-21-000064,2021-12-23,2021-12-23T08:00:49-05:00,False,8.01
0000914475,NEUROCRINE BIOSCIENCES INC,0000914475-21-000062,2021-11-22,2021-11-22T08:01:34-05:00,False,"1.01,9.01"
0000914475,NEUROCRINE BIOSCIENCES INC,0000914475-21-000057,2021-11-01,2021-11-01T16:03:23-04:00,True,"2.02,9.01"
0000914475,NEUROCRINE BIOSCIENCES INC,0000914475-21-000046,2021-08-03,2021-08-03T16:02:35-04:00,True,"2.02,9.01"
0000914475,NEUROCRINE BIOSCIENCES INC,0000914475-21-000040,2021-05-21,2021-05-21T16:03:52-04:00,True,5.07
0000914475,NEUROCRINE BIOSCIENCES INC,0000914475-21-000035,2021-05-05,2021-05-05T16:05:00-04:00,True,"2.02,9.01"
0000914475,NEUROCRINE BIOSCIENCES INC,0000914475-21-000026,2021-04-16,2021-04-16T09:02:16-04:00,False,"5.02,5.03"
0000914475,NEUROCRINE BIOSCIENCES INC,0000914475-21-000018,2021-02-04,2021-02-04T16:05:51-05:00,True,"2.02,9.01"
0000914475,NEUROCRINE BIOSCIENCES INC,0000914475-21-000009,2021-02-02,2021-02-02T16:04:20-05:00,True,8.01
0000914475,NEUROCRINE BIOSCIENCES INC,0000914475-21-000004,2021-01-08,2021-01-08T07:32:16-05:00,False,"2.02,9.01"
0000914475,NEUROCRINE BIOSCIENCES INC,0000914475-20-000043,2020-11-24,2020-11-24T08:02:21-05:00,False,8.01
0000914475,NEUROCRINE BIOSCIENCES INC,0000914475-20-000040,2020-11-19,2020-11-19T08:07:53-05:00,False,"8.01,9.01"
0000914475,NEUROCRINE BIOSCIENCES INC,0000914475-20-000035,2020-11-09,2020-11-09T16:02:44-05:00,True,"2.02,9.01"
0000914475,NEUROCRINE BIOSCIENCES INC,0000914475-20-000029,2020-09-10,2020-09-10T08:30:42-04:00,False,"7.01,9.01"
0000914475,NEUROCRINE BIOSCIENCES INC,0000914475-20-000025,2020-08-28,2020-08-28T16:03:37-04:00,True,5.03
0000914475,NEUROCRINE BIOSCIENCES INC,0000914475-20-000017,2020-08-03,2020-08-03T16:04:26-04:00,True,9.01
0000914475,NEUROCRINE BIOSCIENCES INC,0000914475-20-000005,2020-07-28,2020-07-28T16:10:31-04:00,True,8.01
0000914475,NEUROCRINE BIOSCIENCES INC,0001193125-20-191864,2020-07-13,2020-07-13T16:05:56-04:00,True,8.01
0000914475,NEUROCRINE BIOSCIENCES INC,0001564590-20-029427,2020-06-16,2020-06-16T07:10:26-04:00,False,"1.01,9.01"
0000914475,NEUROCRINE BIOSCIENCES INC,0001564590-20-026550,2020-05-21,2020-05-21T16:09:14-04:00,True,"5.02,5.07"
0000914475,NEUROCRINE BIOSCIENCES INC,0001564590-20-021928,2020-05-06,2020-05-06T16:10:43-04:00,True,"2.02,9.01"
0000914475,NEUROCRINE BIOSCIENCES INC,0001564590-20-016098,2020-04-09,2020-04-09T16:11:24-04:00,True,5.02
0000914475,NEUROCRINE BIOSCIENCES INC,0001564590-20-003494,2020-02-05,2020-02-05T17:13:17-05:00,True,"2.02,9.01"
0000914475,NEUROCRINE BIOSCIENCES INC,0001564590-20-003267,2020-02-04,2020-02-04T16:34:00-05:00,True,"2.02,5.02,5.03,9.01"
0000914475,NEUROCRINE BIOSCIENCES INC,0001564590-20-000868,2020-01-13,2020-01-13T07:16:44-05:00,False,"2.02,9.01"
0000914475,NEUROCRINE BIOSCIENCES INC,0001564590-19-039789,2019-11-04,2019-11-04T16:10:24-05:00,True,"2.02,9.01"
0000914475,NEUROCRINE BIOSCIENCES INC,0001564590-19-034520,2019-09-11,2019-09-11T16:46:45-04:00,True,5.02
0000914475,NEUROCRINE BIOSCIENCES INC,0001564590-19-026585,2019-07-29,2019-07-29T16:07:34-04:00,True,"2.02,9.01"
0000914475,NEUROCRINE BIOSCIENCES INC,0001193125-19-155346,2019-05-23,2019-05-23T16:15:55-04:00,True,"5.02,5.07,9.01"
0000914475,NEUROCRINE BIOSCIENCES INC,0001564590-19-013735,2019-04-29,2019-04-29T16:18:56-04:00,True,"2.02,9.01"
0000914475,NEUROCRINE BIOSCIENCES INC,0001193125-19-121779,2019-04-26,2019-04-26T13:45:55-04:00,False,7.01
0000914475,NEUROCRINE BIOSCIENCES INC,0001564590-19-001996,2019-02-05,2019-02-05T16:08:51-05:00,True,"2.02,9.01"
0000914475,NEUROCRINE BIOSCIENCES INC,0001193125-19-019701,2019-01-29,2019-01-29T07:31:06-05:00,False,"1.01,9.01"
0000914475,NEUROCRINE BIOSCIENCES INC,0001193125-19-003238,2019-01-07,2019-01-07T08:30:36-05:00,False,"2.02,9.01"
0001159036,"HALOZYME THERAPEUTICS, INC.",0001159036-25-000070,2025-12-09,2025-12-09T16:45:01-05:00,True,5.02
0001159036,"HALOZYME THERAPEUTICS, INC.",0001159036-25-000068,2025-12-08,2025-12-08T17:20:13-05:00,True,5.02
0001159036,"HALOZYME THERAPEUTICS, INC.",0001159036-25-000061,2025-11-24,2025-11-24T16:06:34-05:00,True,5.02
0001159036,"HALOZYME THERAPEUTICS, INC.",0001193125-25-277988,2025-11-12,2025-11-12T17:17:17-05:00,True,"1.01,2.03,3.02,9.01"
0001159036,"HALOZYME THERAPEUTICS, INC.",0001159036-25-000049,2025-11-07,2025-11-07T08:02:52-05:00,False,"8.01,9.01"
0001159036,"HALOZYME THERAPEUTICS, INC.",0001159036-25-000047,2025-11-05,2025-11-05T16:59:47-05:00,True,"1.01,2.03,8.01,9.01"
0001159036,"HALOZYME THERAPEUTICS, INC.",0001159036-25-000044,2025-11-03,2025-11-03T16:07:32-05:00,True,"2.02,5.02,9.01"
0001159036,"HALOZYME THERAPEUTICS, INC.",0001159036-25-000039,2025-10-14,2025-10-14T06:45:15-04:00,False,"7.01,9.01"
0001159036,"HALOZYME THERAPEUTICS, INC.",0001159036-25-000036,2025-10-06,2025-10-06T16:58:17-04:00,True,5.02
0001159036,"HALOZYME THERAPEUTICS, INC.",0001193125-25-230348,2025-10-03,2025-10-03T16:51:54-04:00,True,"1.01,9.01"
0001159036,"HALOZYME THERAPEUTICS, INC.",0001193125-25-225853,2025-10-01,2025-10-01T07:06:21-04:00,False,"7.01,9.01"
0001159036,"HALOZYME THERAPEUTICS, INC.",0001159036-25-000033,2025-08-05,2025-08-05T16:06:09-04:00,True,"2.02,9.01"
0001159036,"HALOZYME THERAPEUTICS, INC.",0001159036-25-000025,2025-05-06,2025-05-06T16:06:31-04:00,True,"2.02,9.01"
0001159036,"HALOZYME THERAPEUTICS, INC.",0001159036-25-000022,2025-05-02,2025-05-02T16:07:44-04:00,True,5.07
0001159036,"HALOZYME THERAPEUTICS, INC.",0001159036-25-000020,2025-03-21,2025-03-21T16:03:19-04:00,True,5.02
0001159036,"HALOZYME THERAPEUTICS, INC.",0001159036-25-000008,2025-02-18,2025-02-18T16:06:39-05:00,True,"2.02,9.01"
0001159036,"HALOZYME THERAPEUTICS, INC.",0001159036-25-000005,2025-02-13,2025-02-13T16:30:46-05:00,True,5.02
0001159036,"HALOZYME THERAPEUTICS, INC.",0001159036-25-000003,2025-01-08,2025-01-08T08:00:20-05:00,False,"2.02,9.01"
0001159036,"HALOZYME THERAPEUTICS, INC.",0001159036-24-000049,2024-10-31,2024-10-31T16:05:56-04:00,True,"2.02,9.01"
0001159036,"HALOZYME THERAPEUTICS, INC.",0001159036-24-000043,2024-08-06,2024-08-06T16:03:09-04:00,True,"2.02,9.01"
0001159036,"HALOZYME THERAPEUTICS, INC.",0001159036-24-000036,2024-05-07,2024-05-07T16:05:55-04:00,True,"2.02,9.01"
0001159036,"HALOZYME THERAPEUTICS, INC.",0001159036-24-000031,2024-04-26,2024-04-26T16:22:23-04:00,True,"5.07,9.01"
0001159036,"HALOZYME THERAPEUTICS, INC.",0001159036-24-000007,2024-02-20,2024-02-20T16:03:54-05:00,True,"2.02,9.01"
0001159036,"HALOZYME THERAPEUTICS, INC.",0001159036-24-000003,2024-01-17,2024-01-17T08:10:41-05:00,False,2.02
0001159036,"HALOZYME THERAPEUTICS, INC.",0001159036-23-000056,2023-11-06,2023-11-06T16:04:05-05:00,True,"2.02,9.01"
0001159036,"HALOZYME THERAPEUTICS, INC.",0001159036-23-000051,2023-09-07,2023-09-07T07:14:46-04:00,False,8.01
0001159036,"HALOZYME THERAPEUTICS, INC.",0001159036-23-000047,2023-08-08,2023-08-08T16:06:31-04:00,True,"2.02,9.01"
0001159036,"HALOZYME THERAPEUTICS, INC.",0001159036-23-000037,2023-05-09,2023-05-09T16:06:22-04:00,True,"2.02,9.01"
0001159036,"HALOZYME THERAPEUTICS, INC.",0001159036-23-000033,2023-05-08,2023-05-08T16:50:21-04:00,True,5.07
0001159036,"HALOZYME THERAPEUTICS, INC.",0001159036-23-000020,2023-03-16,2023-03-15T18:28:28-04:00,True,"7.01,9.01"
0001159036,"HALOZYME THERAPEUTICS, INC.",0001159036-23-000017,2023-03-13,2023-03-13T08:47:04-04:00,False,8.01
0001159036,"HALOZYME THERAPEUTICS, INC.",0001159036-23-000014,2023-02-23,2023-02-23T16:05:16-05:00,True,5.02
0001159036,"HALOZYME THERAPEUTICS, INC.",0001159036-23-000011,2023-02-21,2023-02-21T16:21:37-05:00,True,"2.02,9.01"
0001159036,"HALOZYME THERAPEUTICS, INC.",0001159036-23-000006,2023-02-06,2023-02-06T16:03:57-05:00,True,5.02
0001159036,"HALOZYME THERAPEUTICS, INC.",0001159036-23-000004,2023-01-10,2023-01-10T17:16:42-05:00,True,"2.02,7.01,9.01"
0001159036,"HALOZYME THERAPEUTICS, INC.",0001159036-22-000058,2022-11-08,2022-11-08T16:06:38-05:00,True,"2.02,9.01"
0001159036,"HALOZYME THERAPEUTICS, INC.",0001193125-22-225456,2022-08-19,2022-08-19T17:23:20-04:00,True,"1.01,2.03,9.01"
0001159036,"HALOZYME THERAPEUTICS, INC.",0001193125-22-224202,2022-08-18,2022-08-18T17:14:05-04:00,True,"1.01,2.03,3.02,9.01"
0001159036,"HALOZYME THERAPEUTICS, INC.",0001193125-22-221861,2022-08-16,2022-08-16T08:42:32-04:00,False,"8.01,9.01"
0001159036,"HALOZYME THERAPEUTICS, INC.",0001193125-22-220557,2022-08-15,2022-08-15T07:18:34-04:00,False,"8.01,9.01"
0001159036,"HALOZYME THERAPEUTICS, INC.",0001159036-22-000048,2022-08-09,2022-08-09T16:08:18-04:00,True,"2.02,9.01"
0001159036,"HALOZYME THERAPEUTICS, INC.",0001193125-22-158531,2022-05-24,2022-05-24T16:16:56-04:00,True,"1.01,2.01,2.03,7.01,9.01"
0001159036,"HALOZYME THERAPEUTICS, INC.",0001159036-22-000037,2022-05-10,2022-05-10T16:07:23-04:00,True,"2.02,9.01"
0001159036,"HALOZYME THERAPEUTICS, INC.",0001159036-22-000032,2022-05-06,2022-05-06T16:10:02-04:00,True,5.07
0001159036,"HALOZYME THERAPEUTICS, INC.",0001193125-22-104452,2022-04-13,2022-04-13T17:18:14-04:00,True,"1.01,7.01,9.01"
0001159036,"HALOZYME THERAPEUTICS, INC.",0001159036-22-000022,2022-03-21,2022-03-21T16:11:57-04:00,True,"1.01,2.03"
0001159036,"HALOZYME THERAPEUTICS, INC.",0001159036-22-000019,2022-03-15,2022-03-15T16:50:41-04:00,True,5.02
0001159036,"HALOZYME THERAPEUTICS, INC.",0001159036-22-000012,2022-02-22,2022-02-22T16:06:51-05:00,True,"2.02,9.01"
0001159036,"HALOZYME THERAPEUTICS, INC.",0001159036-22-000005,2022-02-03,2022-02-03T16:12:50-05:00,True,"5.02,9.01"
0001159036,"HALOZYME THERAPEUTICS, INC.",0001159036-22-000002,2022-01-10,2022-01-10T08:12:12-05:00,False,"2.02,7.01,9.01"
0001159036,"HALOZYME THERAPEUTICS, INC.",0001159036-21-000062,2021-12-29,2021-12-29T16:15:21-05:00,True,"1.01,2.03,9.01"
0001159036,"HALOZYME THERAPEUTICS, INC.",0001159036-21-000059,2021-12-13,2021-12-13T17:10:29-05:00,True,"5.02,9.01"
0001159036,"HALOZYME THERAPEUTICS, INC.",0001159036-21-000056,2021-12-10,2021-12-10T16:08:26-05:00,True,"5.03,9.01"
0001159036,"HALOZYME THERAPEUTICS, INC.",0001159036-21-000049,2021-11-02,2021-11-02T16:03:54-04:00,True,"2.01,9.01"
0001159036,"HALOZYME THERAPEUTICS, INC.",0001159036-21-000042,2021-08-09,2021-08-09T16:02:57-04:00,True,"2.02,9.01"
0001159036,"HALOZYME THERAPEUTICS, INC.",0001159036-21-000037,2021-05-10,2021-05-10T16:03:27-04:00,True,"2.02,9.01"
0001159036,"HALOZYME THERAPEUTICS, INC.",0001159036-21-000032,2021-05-07,2021-05-07T16:31:39-04:00,True,5.07
0001159036,"HALOZYME THERAPEUTICS, INC.",0001159036-21-000026,2021-05-05,2021-05-05T16:01:55-04:00,True,"5.02,9.01"
0001159036,"HALOZYME THERAPEUTICS, INC.",0001159036-21-000022,2021-05-03,2021-05-03T16:03:32-04:00,True,5.02
0001159036,"HALOZYME THERAPEUTICS, INC.",0001193125-21-063401,2021-03-01,2021-03-01T16:06:14-05:00,True,"1.01,2.03,3.02,9.01"
0001159036,"HALOZYME THERAPEUTICS, INC.",0001193125-21-055596,2021-02-25,2021-02-25T06:06:02-05:00,False,"8.01,9.01"
0001159036,"HALOZYME THERAPEUTICS, INC.",0001193125-21-052372,2021-02-23,2021-02-23T16:16:29-05:00,True,"8.01,9.01"
0001159036,"HALOZYME THERAPEUTICS, INC.",0001159036-21-000013,2021-02-23,2021-02-23T16:03:34-05:00,True,"2.02,9.01"
0001159036,"HALOZYME THERAPEUTICS, INC.",0001159036-21-000006,2021-01-13,2021-01-13T17:11:52-05:00,True,"2.02,7.01,9.01"
0001159036,"HALOZYME THERAPEUTICS, INC.",0001159036-21-000003,2021-01-11,2021-01-11T08:07:26-05:00,False,"2.02,9.01"
0001159036,"HALOZYME THERAPEUTICS, INC.",0001159036-20-000043,2020-11-02,2020-11-02T16:04:56-05:00,True,"2.02,9.01"
0001159036,"HALOZYME THERAPEUTICS, INC.",0001159036-20-000036,2020-08-10,2020-08-10T16:03:15-04:00,True,"2.02,9.01"
0001159036,"HALOZYME THERAPEUTICS, INC.",0001159036-20-000029,2020-05-11,2020-05-11T16:03:29-04:00,True,2.02
0001159036,"HALOZYME THERAPEUTICS, INC.",0001159036-20-000024,2020-05-04,2020-05-04T16:05:51-04:00,True,5.07
0001159036,"HALOZYME THERAPEUTICS, INC.",0001159036-20-000012,2020-02-24,2020-02-24T16:09:45-05:00,True,5.02
0001159036,"HALOZYME THERAPEUTICS, INC.",0001159036-20-000011,2020-02-24,2020-02-24T16:07:15-05:00,True,2.02
0001159036,"HALOZYME THERAPEUTICS, INC.",0001159036-20-000004,2020-01-16,2020-01-16T16:25:33-05:00,True,"7.01,9.01"
0001159036,"HALOZYME THERAPEUTICS, INC.",0001159036-20-000002,2020-01-14,2020-01-14T16:23:12-05:00,True,"2.02,9.01"
0001159036,"HALOZYME THERAPEUTICS, INC.",0001193125-19-294791,2019-11-18,2019-11-18T17:02:04-05:00,True,"1.01,1.02,2.03,3.02,8.01,9.01"
0001159036,"HALOZYME THERAPEUTICS, INC.",0001193125-19-291625,2019-11-14,2019-11-14T06:06:11-05:00,False,"8.01,9.01"
0001159036,"HALOZYME THERAPEUTICS, INC.",0001193125-19-289955,2019-11-12,2019-11-12T16:15:10-05:00,True,"8.01,9.01"
0001159036,"HALOZYME THERAPEUTICS, INC.",0001159036-19-000058,2019-11-12,2019-11-12T16:05:55-05:00,True,"2.02,9.01"
0001159036,"HALOZYME THERAPEUTICS, INC.",0001159036-19-000049,2019-11-05,2019-11-05T16:36:01-05:00,True,"2.05,2.06,5.02"
0001159036,"HALOZYME THERAPEUTICS, INC.",0001159036-19-000046,2019-09-04,2019-09-04T11:20:23-04:00,False,"7.01,9.01"
0001159036,"HALOZYME THERAPEUTICS, INC.",0001159036-19-000043,2019-08-06,2019-08-06T16:12:30-04:00,True,"2.02,9.01"
0001159036,"HALOZYME THERAPEUTICS, INC.",0001193125-19-171015,2019-06-12,2019-06-12T13:40:30-04:00,False,8.01
0001159036,"HALOZYME THERAPEUTICS, INC.",0001159036-19-000026,2019-05-07,2019-05-07T16:05:05-04:00,True,"2.02,9.01"
0001159036,"HALOZYME THERAPEUTICS, INC.",0001159036-19-000019,2019-05-03,2019-05-03T17:05:46-04:00,True,"5.03,5.07,9.01"
0001159036,"HALOZYME THERAPEUTICS, INC.",0001159036-19-000005,2019-02-21,2019-02-21T16:04:24-05:00,True,"2.02,9.01"
0001159036,"HALOZYME THERAPEUTICS, INC.",0001159036-19-000002,2019-01-09,2019-01-09T17:04:14-05:00,True,"7.01,9.01"
0000874015,IONIS PHARMACEUTICALS INC,0001193125-25-284609,2025-11-17,2025-11-17T16:06:20-05:00,True,"1.01,2.03,3.02,8.01,9.01"
0000874015,IONIS PHARMACEUTICALS INC,0001140361-25-041225,2025-11-10,2025-11-10T06:04:26-05:00,False,"7.01,8.01,9.01"
0000874015,IONIS PHARMACEUTICALS INC,0001140361-25-039650,2025-10-29,2025-10-29T07:06:01-04:00,False,"2.02,9.01"
0000874015,IONIS PHARMACEUTICALS INC,0001140361-25-035634,2025-09-22,2025-09-22T07:05:51-04:00,False,"7.01,8.01,9.01"
0000874015,IONIS PHARMACEUTICALS INC,0001140361-25-033541,2025-09-02,2025-09-02T07:05:42-04:00,False,"7.01,8.01,9.01"
0000874015,IONIS PHARMACEUTICALS INC,0001140361-25-032176,2025-08-21,2025-08-21T14:01:34-04:00,False,"7.01,8.01,9.01"
0000874015,IONIS PHARMACEUTICALS INC,0001140361-25-027949,2025-07-30,2025-07-30T11:16:12-04:00,False,"2.02,9.01"
0000874015,IONIS PHARMACEUTICALS INC,0001140361-25-022267,2025-06-12,2025-06-12T09:00:44-04:00,False,"5.02,9.01"
0000874015,IONIS PHARMACEUTICALS INC,0001140361-25-022001,2025-06-10,2025-06-10T06:02:16-04:00,False,"5.07,9.01"
0000874015,IONIS PHARMACEUTICALS INC,0001140361-25-019620,2025-05-19,2025-05-19T07:18:21-04:00,False,"8.01,9.01"
0000874015,IONIS PHARMACEUTICALS INC,0001140361-25-016562,2025-04-30,2025-04-30T11:15:21-04:00,False,"2.02,9.01"
0000874015,IONIS PHARMACEUTICALS INC,0001140361-25-008178,2025-03-12,2025-03-11T20:38:50-04:00,True,"1.01,9.01"
0000874015,IONIS PHARMACEUTICALS INC,0001140361-25-005080,2025-02-19,2025-02-19T11:15:25-05:00,False,"2.02,9.01"
0000874015,IONIS PHARMACEUTICALS INC,0001140361-24-050057,2024-12-20,2024-12-20T14:28:21-05:00,False,"8.01,9.01"
0000874015,IONIS PHARMACEUTICALS INC,0001140361-24-045370,2024-11-06,2024-11-06T11:15:52-05:00,False,"2.02,9.01"
0000874015,IONIS PHARMACEUTICALS INC,0001193125-24-217333,2024-09-12,2024-09-11T18:02:54-04:00,True,"8.01,9.01"
0000874015,IONIS PHARMACEUTICALS INC,0001193125-24-215939,2024-09-09,2024-09-09T16:33:00-04:00,True,8.01
0000874015,IONIS PHARMACEUTICALS INC,0001140361-24-035233,2024-08-01,2024-08-01T11:15:31-04:00,False,"2.02,9.01"
0000874015,IONIS PHARMACEUTICALS INC,0001140361-24-030447,2024-06-18,2024-06-18T09:29:02-04:00,False,"1.01,9.01"
0000874015,IONIS PHARMACEUTICALS INC,0001140361-24-029588,2024-06-10,2024-06-10T16:33:55-04:00,True,"5.07,9.01"
0000874015,IONIS PHARMACEUTICALS INC,0001140361-24-028247,2024-05-31,2024-05-31T07:15:31-04:00,False,"8.01,9.01"
0000874015,IONIS PHARMACEUTICALS INC,0001140361-24-024648,2024-05-07,2024-05-07T11:15:41-04:00,False,"2.02,9.01"
0000874015,IONIS PHARMACEUTICALS INC,0001140361-24-018449,2024-04-08,2024-04-08T06:04:00-04:00,False,"8.01,9.01"
0000874015,IONIS PHARMACEUTICALS INC,0001140361-24-010288,2024-02-29,2024-02-29T09:10:25-05:00,False,"1.01,5.02,9.01"
0000874015,IONIS PHARMACEUTICALS INC,0001140361-24-008700,2024-02-21,2024-02-21T11:17:25-05:00,False,"2.02,9.01"
0000874015,IONIS PHARMACEUTICALS INC,0001140361-24-002995,2024-01-22,2024-01-22T07:10:32-05:00,False,"8.01,9.01"
0000874015,IONIS PHARMACEUTICALS INC,0001140361-23-058974,2023-12-22,2023-12-21T20:27:19-05:00,True,"8.01,9.01"
0000874015,IONIS PHARMACEUTICALS INC,0001140361-23-058152,2023-12-18,2023-12-18T16:11:25-05:00,True,"1.01,9.01"
0000874015,IONIS PHARMACEUTICALS INC,0001140361-23-057644,2023-12-14,2023-12-14T16:10:28-05:00,True,"5.02,9.01"
0000874015,IONIS PHARMACEUTICALS INC,0001140361-23-051047,2023-11-02,2023-11-02T11:15:38-04:00,False,"2.02,9.01"
0000874015,IONIS PHARMACEUTICALS INC,0001140361-23-045401,2023-09-27,2023-09-27T07:05:19-04:00,False,"1.01,9.01"
0000874015,IONIS PHARMACEUTICALS INC,0001140361-23-045170,2023-09-26,2023-09-26T07:05:21-04:00,False,"8.01,9.01"
0000874015,IONIS PHARMACEUTICALS INC,0001140361-23-041038,2023-08-23,2023-08-23T17:14:52-04:00,True,8.01
0000874015,IONIS PHARMACEUTICALS INC,0001140361-23-040746,2023-08-22,2023-08-21T19:05:32-04:00,True,8.01
0000874015,IONIS PHARMACEUTICALS INC,0001140361-23-038715,2023-08-09,2023-08-09T11:15:26-04:00,False,"2.02,9.01"
0000874015,IONIS PHARMACEUTICALS INC,0001140361-23-038087,2023-08-04,2023-08-04T16:30:27-04:00,True,1.02
0000874015,IONIS PHARMACEUTICALS INC,0001140361-23-037887,2023-08-03,2023-08-03T16:30:27-04:00,True,"1.01,9.01"
0000874015,IONIS PHARMACEUTICALS INC,0001140361-23-033840,2023-07-10,2023-07-10T07:00:20-04:00,False,"8.01,9.01"
0000874015,IONIS PHARMACEUTICALS INC,0001193125-23-165273,2023-06-12,2023-06-12T16:03:53-04:00,True,"1.01,2.03,3.02,8.01,9.01"
0000874015,IONIS PHARMACEUTICALS INC,0001193125-23-161613,2023-06-06,2023-06-06T16:12:01-04:00,True,"8.01,9.01"
0000874015,IONIS PHARMACEUTICALS INC,0001140361-23-028261,2023-06-05,2023-06-05T10:56:53-04:00,False,"5.07,9.01"
0000874015,IONIS PHARMACEUTICALS INC,0001140361-23-022621,2023-05-03,2023-05-03T11:15:32-04:00,False,"2.02,9.01"
0000874015,IONIS PHARMACEUTICALS INC,0001140361-23-020335,2023-04-26,2023-04-25T20:40:57-04:00,True,"8.01,9.01"
0000874015,IONIS PHARMACEUTICALS INC,0001140361-23-019757,2023-04-24,2023-04-24T07:00:28-04:00,False,"8.01,9.01"
0000874015,IONIS PHARMACEUTICALS INC,0001140361-23-013852,2023-03-27,2023-03-27T06:01:29-04:00,False,"8.01,9.01"
0000874015,IONIS PHARMACEUTICALS INC,0001140361-23-007944,2023-02-22,2023-02-22T11:15:35-05:00,False,"2.02,9.01"
0000874015,IONIS PHARMACEUTICALS INC,0001140361-23-000929,2023-01-09,2023-01-09T09:10:22-05:00,False,"1.01,9.01"
0000874015,IONIS PHARMACEUTICALS INC,0001140361-22-041132,2022-11-14,2022-11-14T06:10:56-05:00,False,"1.01,2.02,9.01"
0000874015,IONIS PHARMACEUTICALS INC,0001140361-22-040624,2022-11-09,2022-11-09T11:15:21-05:00,False,"2.02,9.01"
0000874015,IONIS PHARMACEUTICALS INC,0001140361-22-039934,2022-11-04,2022-11-04T07:05:23-04:00,False,"1.02,9.01"
0000874015,IONIS PHARMACEUTICALS INC,0001140361-22-038198,2022-10-24,2022-10-24T10:00:19-04:00,False,"1.01,2.01,2.03"
0000874015,IONIS PHARMACEUTICALS INC,0001140361-22-036895,2022-10-12,2022-10-12T07:15:30-04:00,False,1.01
0000874015,IONIS PHARMACEUTICALS INC,0001140361-22-028849,2022-08-09,2022-08-09T11:15:37-04:00,False,"2.02,9.01"
0000874015,IONIS PHARMACEUTICALS INC,0001140361-22-027187,2022-07-28,2022-07-28T06:02:27-04:00,False,"3.01,9.01"
0000874015,IONIS PHARMACEUTICALS INC,0001140361-22-026294,2022-07-19,2022-07-19T06:02:08-04:00,False,"8.01,9.01"
0000874015,IONIS PHARMACEUTICALS INC,0001140361-22-026165,2022-07-18,2022-07-15T20:16:36-04:00,True,5.02
0000874015,IONIS PHARMACEUTICALS INC,0001140361-22-025669,2022-07-11,2022-07-11T10:14:22-04:00,False,"1.01,9.01"
0000874015,IONIS PHARMACEUTICALS INC,0001140361-22-023541,2022-06-21,2022-06-21T06:03:49-04:00,False,"8.01,9.01"
0000874015,IONIS PHARMACEUTICALS INC,0001140361-22-022009,2022-06-06,2022-06-06T16:00:06-04:00,True,"5.07,9.01"
0000874015,IONIS PHARMACEUTICALS INC,0001140361-22-017616,2022-05-04,2022-05-04T11:15:54-04:00,False,"2.02,9.01"
0000874015,IONIS PHARMACEUTICALS INC,0001140361-22-010251,2022-03-21,2022-03-18T18:03:51-04:00,True,"5.02,9.01"
0000874015,IONIS PHARMACEUTICALS INC,0001140361-22-006515,2022-02-24,2022-02-24T11:15:29-05:00,False,"2.02,9.01"
0000874015,IONIS PHARMACEUTICALS INC,0001140361-22-003182,2022-01-31,2022-01-31T07:32:53-05:00,False,"1.02,9.01"
0000874015,IONIS PHARMACEUTICALS INC,0001140361-21-040536,2021-12-07,2021-12-07T06:02:45-05:00,False,"1.01,9.01"
0000874015,IONIS PHARMACEUTICALS INC,0001140361-21-039510,2021-11-26,2021-11-26T16:05:34-05:00,True,5.02
0000874015,IONIS PHARMACEUTICALS INC,0001140361-21-039298,2021-11-24,2021-11-24T09:29:14-05:00,False,"8.01,9.01"
0000874015,IONIS PHARMACEUTICALS INC,0001140361-21-036328,2021-11-03,2021-11-03T11:15:24-04:00,False,"2.02,9.01"
0000874015,IONIS PHARMACEUTICALS INC,0001140361-21-034722,2021-10-18,2021-10-18T14:31:14-04:00,False,"8.01,9.01"
0000874015,IONIS PHARMACEUTICALS INC,0001140361-21-026829,2021-08-04,2021-08-04T11:15:39-04:00,False,"2.02,9.01"
0000874015,IONIS PHARMACEUTICALS INC,0001140361-21-019925,2021-06-04,2021-06-04T16:43:51-04:00,True,"5.02,5.07,9.01"
0000874015,IONIS PHARMACEUTICALS INC,0001140361-21-015877,2021-05-05,2021-05-05T11:16:02-04:00,False,"2.02,9.01"
0000874015,IONIS PHARMACEUTICALS INC,0001193125-21-113586,2021-04-13,2021-04-12T21:13:33-04:00,True,"1.01,2.03,3.02,8.01,9.01"
0000874015,IONIS PHARMACEUTICALS INC,0001140361-21-011725,2021-04-06,2021-04-06T07:00:55-04:00,False,2.05
0000874015,IONIS PHARMACEUTICALS INC,0001140361-21-010402,2021-03-29,2021-03-29T10:23:28-04:00,False,"5.03,5.05,9.01"
0000874015,IONIS PHARMACEUTICALS INC,0001140361-21-009508,2021-03-23,2021-03-22T19:40:05-04:00,True,"8.01,9.01"
0000874015,IONIS PHARMACEUTICALS INC,0001140361-21-005959,2021-02-24,2021-02-24T08:45:24-05:00,False,"2.02,9.01"
0000874015,IONIS PHARMACEUTICALS INC,0001140361-20-028770,2020-12-18,2020-12-17T21:21:11-05:00,True,"1.01,5.02,9.01"
0000874015,IONIS PHARMACEUTICALS INC,0001140361-20-027746,2020-12-09,2020-12-09T06:13:37-05:00,False,"8.01,9.01"
0000874015,IONIS PHARMACEUTICALS INC,0001140361-20-024494,2020-11-04,2020-11-04T11:15:46-05:00,False,"2.02,9.01"
0000874015,IONIS PHARMACEUTICALS INC,0001193125-20-268017,2020-10-13,2020-10-13T08:43:31-04:00,False,"2.01,8.01,9.01"
0000874015,IONIS PHARMACEUTICALS INC,0001193125-20-235408,2020-08-31,2020-08-31T07:05:04-04:00,False,"1.01,8.01,9.01"
0000874015,IONIS PHARMACEUTICALS INC,0001140361-20-017532,2020-08-05,2020-08-05T11:15:39-04:00,False,"2.02,9.01"
0001658247,"Crinetics Pharmaceuticals, Inc.",0001658247-25-000022,2025-12-17,2025-12-17T17:00:04-05:00,True,"5.02,9.01"
0001658247,"Crinetics Pharmaceuticals, Inc.",0001658247-25-000018,2025-11-06,2025-11-06T16:20:19-05:00,True,"2.02,9.01"
0001658247,"Crinetics Pharmaceuticals, Inc.",0001658247-25-000008,2025-09-26,2025-09-25T17:36:34-04:00,True,"7.01,8.01,9.01"
0001658247,"Crinetics Pharmaceuticals, Inc.",0001193125-25-175494,2025-08-07,2025-08-07T16:38:34-04:00,True,"2.02,9.01"
0001658247,"Crinetics Pharmaceuticals, Inc.",0000950170-25-091613,2025-06-30,2025-06-30T16:26:17-04:00,True,"7.01,9.01"
0001658247,"Crinetics Pharmaceuticals, Inc.",0000950170-25-090405,2025-06-26,2025-06-26T16:16:14-04:00,True,"7.01,8.01,9.01"
0001658247,"Crinetics Pharmaceuticals, Inc.",0000950170-25-085442,2025-06-12,2025-06-12T16:27:42-04:00,True,5.07
0001658247,"Crinetics Pharmaceuticals, Inc.",0000950170-25-066939,2025-05-08,2025-05-08T16:09:32-04:00,True,"2.02,9.01"
0001658247,"Crinetics Pharmaceuticals, Inc.",0000950170-25-051179,2025-04-04,2025-04-04T16:30:16-04:00,True,"5.02,9.01"
0001658247,"Crinetics Pharmaceuticals, Inc.",0000950170-25-029040,2025-02-27,2025-02-27T16:10:40-05:00,True,"2.02,9.01"
0001658247,"Crinetics Pharmaceuticals, Inc.",0000950170-25-025248,2025-02-24,2025-02-24T08:50:52-05:00,False,"5.02,7.01,9.01"
0001658247,"Crinetics Pharmaceuticals, Inc.",0000950170-25-005435,2025-01-14,2025-01-14T17:02:31-05:00,True,"7.01,9.01"
0001658247,"Crinetics Pharmaceuticals, Inc.",0000950170-25-003801,2025-01-10,2025-01-10T07:34:34-05:00,False,"7.01,8.01,9.01"
0001658247,"Crinetics Pharmaceuticals, Inc.",0000950170-24-136680,2024-12-16,2024-12-16T16:32:46-05:00,True,"5.02,7.01,9.01"
0001658247,"Crinetics Pharmaceuticals, Inc.",0000950170-24-134342,2024-12-09,2024-12-09T08:07:20-05:00,False,"8.01,9.01"
0001658247,"Crinetics Pharmaceuticals, Inc.",0000950170-24-125361,2024-11-12,2024-11-12T16:08:06-05:00,True,"2.02,9.01"
0001658247,"Crinetics Pharmaceuticals, Inc.",0001193125-24-238120,2024-10-16,2024-10-16T16:08:00-04:00,True,"5.02,9.01"
0001658247,"Crinetics Pharmaceuticals, Inc.",0001193125-24-235275,2024-10-09,2024-10-09T17:13:00-04:00,True,"8.01,9.01"
0001658247,"Crinetics Pharmaceuticals, Inc.",0000950170-24-109644,2024-09-26,2024-09-26T16:23:06-04:00,True,"8.01,9.01"
0001658247,"Crinetics Pharmaceuticals, Inc.",0000950170-24-107259,2024-09-17,2024-09-17T16:05:40-04:00,True,5.02
0001658247,"Crinetics Pharmaceuticals, Inc.",0000950170-24-093951,2024-08-08,2024-08-08T16:10:13-04:00,True,2.02
0001658247,"Crinetics Pharmaceuticals, Inc.",0001193125-24-165903,2024-06-21,2024-06-21T17:24:56-04:00,True,"8.01,9.01"
0001658247,"Crinetics Pharmaceuticals, Inc.",0000950170-24-071354,2024-06-10,2024-06-10T16:30:38-04:00,True,5.07
0001658247,"Crinetics Pharmaceuticals, Inc.",0001193125-24-153075,2024-06-03,2024-06-03T16:35:07-04:00,True,"7.01,8.01,9.01"
0001658247,"Crinetics Pharmaceuticals, Inc.",0001193125-24-144484,2024-05-22,2024-05-22T08:23:34-04:00,False,"7.01,9.01"
0001658247,"Crinetics Pharmaceuticals, Inc.",0000950170-24-056977,2024-05-09,2024-05-09T16:12:53-04:00,True,2.02
0001658247,"Crinetics Pharmaceuticals, Inc.",0000950170-24-055872,2024-05-08,2024-05-08T17:00:28-04:00,True,7.01
0001658247,"Crinetics Pharmaceuticals, Inc.",0001193125-24-087326,2024-04-04,2024-04-04T16:52:02-04:00,True,5.02
0001658247,"Crinetics Pharmaceuticals, Inc.",0001193125-24-070706,2024-03-19,2024-03-19T06:31:10-04:00,False,"7.01,8.01,9.01"
0001658247,"Crinetics Pharmaceuticals, Inc.",0001193125-24-065913,2024-03-12,2024-03-12T16:25:02-04:00,True,"7.01,8.01,9.01"
0001658247,"Crinetics Pharmaceuticals, Inc.",0001193125-24-055935,2024-03-01,2024-03-01T16:07:02-05:00,True,"1.01,3.02,8.01,9.01"
0001658247,"Crinetics Pharmaceuticals, Inc.",0000950170-24-022068,2024-02-28,2024-02-28T16:09:24-05:00,True,"2.02,9.01"
0001658247,"Crinetics Pharmaceuticals, Inc.",0001193125-24-003929,2024-01-08,2024-01-08T08:03:59-05:00,False,"7.01,9.01"
0001658247,"Crinetics Pharmaceuticals, Inc.",0000950170-23-071084,2023-12-18,2023-12-18T16:12:21-05:00,True,"7.01,8.01,9.01"
0001658247,"Crinetics Pharmaceuticals, Inc.",0000950170-23-069747,2023-12-12,2023-12-12T16:35:59-05:00,True,"5.03,9.01"
0001658247,"Crinetics Pharmaceuticals, Inc.",0000950170-23-060219,2023-11-07,2023-11-07T16:04:42-05:00,True,"2.02,9.01"
0001658247,"Crinetics Pharmaceuticals, Inc.",0001193125-23-234504,2023-09-13,2023-09-13T17:23:02-04:00,True,"8.01,9.01"
0001658247,"Crinetics Pharmaceuticals, Inc.",0001193125-23-231899,2023-09-11,2023-09-11T06:05:58-04:00,False,"7.01,8.01,9.01"
0001658247,"Crinetics Pharmaceuticals, Inc.",0000950170-23-039338,2023-08-08,2023-08-08T07:01:23-04:00,False,"2.02,9.01"
0001658247,"Crinetics Pharmaceuticals, Inc.",0000950170-23-029176,2023-06-21,2023-06-21T16:36:25-04:00,True,5.07
0001658247,"Crinetics Pharmaceuticals, Inc.",0000950170-23-017919,2023-05-04,2023-05-04T16:25:45-04:00,True,"2.02,9.01"
0001658247,"Crinetics Pharmaceuticals, Inc.",0000950170-23-007454,2023-03-13,2023-03-13T08:30:58-04:00,False,8.01
0001658247,"Crinetics Pharmaceuticals, Inc.",0000950170-23-005094,2023-02-28,2023-02-28T16:13:26-05:00,True,2.02
0001658247,"Crinetics Pharmaceuticals, Inc.",0000950170-23-000460,2023-01-09,2023-01-09T08:43:33-05:00,False,"7.01,9.01"
0001658247,"Crinetics Pharmaceuticals, Inc.",0000950170-22-025709,2022-11-28,2022-11-28T08:32:49-05:00,False,"8.01,9.01"
0001658247,"Crinetics Pharmaceuticals, Inc.",0000950170-22-024723,2022-11-14,2022-11-14T08:15:33-05:00,False,"2.02,9.01"
0001658247,"Crinetics Pharmaceuticals, Inc.",0000950170-22-019537,2022-10-13,2022-10-13T08:32:01-04:00,False,"8.01,9.01"
0001658247,"Crinetics Pharmaceuticals, Inc.",0000950170-22-019164,2022-10-03,2022-10-03T08:30:35-04:00,False,"5.02,9.01"
0001658247,"Crinetics Pharmaceuticals, Inc.",0000950170-22-018508,2022-09-15,2022-09-14T18:08:05-04:00,True,"1.01,2.03"
0001658247,"Crinetics Pharmaceuticals, Inc.",0000950170-22-017018,2022-08-12,2022-08-12T08:41:01-04:00,False,"2.02,9.01"
0001658247,"Crinetics Pharmaceuticals, Inc.",0000950170-22-011895,2022-06-21,2022-06-21T16:31:02-04:00,True,5.07
0001658247,"Crinetics Pharmaceuticals, Inc.",0000950170-22-010602,2022-05-25,2022-05-25T07:02:50-04:00,False,"7.01,8.01,9.01"
0001658247,"Crinetics Pharmaceuticals, Inc.",0000950170-22-009735,2022-05-12,2022-05-12T16:40:01-04:00,True,"2.02,9.01"
0001658247,"Crinetics Pharmaceuticals, Inc.",0001193125-22-104334,2022-04-13,2022-04-13T16:26:35-04:00,True,"8.01,9.01"
0001658247,"Crinetics Pharmaceuticals, Inc.",0000950170-22-005041,2022-03-30,2022-03-30T16:05:24-04:00,True,"2.02,7.01,9.01"
0001658247,"Crinetics Pharmaceuticals, Inc.",0000950170-22-004687,2022-03-25,2022-03-25T17:00:41-04:00,True,5.02
0001658247,"Crinetics Pharmaceuticals, Inc.",0000950170-22-004123,2022-03-18,2022-03-17T18:22:20-04:00,True,8.01
0001658247,"Crinetics Pharmaceuticals, Inc.",0000950170-22-003510,2022-03-14,2022-03-14T09:01:10-04:00,False,"5.02,9.01"
0001658247,"Crinetics Pharmaceuticals, Inc.",0000950170-22-002421,2022-03-01,2022-03-01T08:00:44-05:00,False,"5.02,9.01"
0001658247,"Crinetics Pharmaceuticals, Inc.",0000950170-22-002172,2022-02-28,2022-02-28T08:30:44-05:00,False,1.01
0001658247,"Crinetics Pharmaceuticals, Inc.",0001564590-22-001071,2022-01-12,2022-01-12T07:35:16-05:00,False,8.01
0001658247,"Crinetics Pharmaceuticals, Inc.",0001564590-22-000431,2022-01-05,2022-01-05T17:00:51-05:00,True,"5.02,9.01"
0001658247,"Crinetics Pharmaceuticals, Inc.",0001564590-21-061145,2021-12-23,2021-12-23T16:30:49-05:00,True,"5.02,9.01"
0001658247,"Crinetics Pharmaceuticals, Inc.",0001564590-21-055080,2021-11-08,2021-11-08T08:53:24-05:00,False,8.01
0001658247,"Crinetics Pharmaceuticals, Inc.",0001564590-21-054746,2021-11-05,2021-11-05T08:00:46-04:00,False,"2.02,9.01"
0001658247,"Crinetics Pharmaceuticals, Inc.",0001193125-21-304041,2021-10-21,2021-10-21T16:24:05-04:00,True,"8.01,9.01"
0001658247,"Crinetics Pharmaceuticals, Inc.",0001193125-21-303072,2021-10-20,2021-10-20T16:19:57-04:00,True,2.02
0001658247,"Crinetics Pharmaceuticals, Inc.",0001564590-21-051031,2021-10-18,2021-10-18T16:08:26-04:00,True,8.01
0001658247,"Crinetics Pharmaceuticals, Inc.",0001564590-21-048956,2021-09-27,2021-09-27T07:54:38-04:00,False,8.01
0001658247,"Crinetics Pharmaceuticals, Inc.",0001564590-21-048031,2021-09-15,2021-09-15T16:05:54-04:00,True,"7.01,8.01,9.01"
0001658247,"Crinetics Pharmaceuticals, Inc.",0001564590-21-046992,2021-09-02,2021-09-02T17:00:54-04:00,True,"5.02,9.01"
0001658247,"Crinetics Pharmaceuticals, Inc.",0001564590-21-043067,2021-08-10,2021-08-10T16:05:52-04:00,True,"2.02,7.01,8.01,9.01"
0001658247,"Crinetics Pharmaceuticals, Inc.",0001564590-21-039140,2021-07-29,2021-07-29T16:15:55-04:00,True,"1.01,3.02,9.01"
0001658247,"Crinetics Pharmaceuticals, Inc.",0001564590-21-034687,2021-06-28,2021-06-28T07:30:29-04:00,False,8.01
0001658247,"Crinetics Pharmaceuticals, Inc.",0001564590-21-034021,2021-06-23,2021-06-23T16:55:34-04:00,True,5.07
0001658247,"Crinetics Pharmaceuticals, Inc.",0001564590-21-024928,2021-05-06,2021-05-06T16:01:05-04:00,True,"2.02,9.01"
0001658247,"Crinetics Pharmaceuticals, Inc.",0001193125-21-110225,2021-04-08,2021-04-08T16:09:56-04:00,True,"8.01,9.01"
0001658247,"Crinetics Pharmaceuticals, Inc.",0001564590-21-016706,2021-03-30,2021-03-30T17:05:05-04:00,True,"2.02,9.01"
0001658247,"Crinetics Pharmaceuticals, Inc.",0001564590-21-004179,2021-02-04,2021-02-04T07:00:23-05:00,False,8.01
0001658247,"Crinetics Pharmaceuticals, Inc.",0001564590-21-003931,2021-02-03,2021-02-03T07:00:22-05:00,False,8.01
0001658247,"Crinetics Pharmaceuticals, Inc.",0001564590-21-000325,2021-01-06,2021-01-06T07:00:28-05:00,False,8.01
0001658247,"Crinetics Pharmaceuticals, Inc.",0001564590-20-051684,2020-11-06,2020-11-06T08:30:37-05:00,False,"2.02,9.01"
0001658247,"Crinetics Pharmaceuticals, Inc.",0001564590-20-047499,2020-10-26,2020-10-26T06:55:33-04:00,False,"7.01,8.01,9.01"
0001658247,"Crinetics Pharmaceuticals, Inc.",0001564590-20-044046,2020-09-21,2020-09-21T07:30:13-04:00,False,8.01
0001658247,"Crinetics Pharmaceuticals, Inc.",0001564590-20-042431,2020-09-03,2020-09-03T07:35:14-04:00,False,"5.02,9.01"
0001658247,"Crinetics Pharmaceuticals, Inc.",0001564590-20-038067,2020-08-07,2020-08-07T07:30:23-04:00,False,"2.02,9.01"
0001658247,"Crinetics Pharmaceuticals, Inc.",0001564590-20-030117,2020-06-22,2020-06-22T16:05:27-04:00,True,5.07
0001658247,"Crinetics Pharmaceuticals, Inc.",0001564590-20-023260,2020-05-08,2020-05-08T09:00:24-04:00,False,"2.02,9.01"
0001658247,"Crinetics Pharmaceuticals, Inc.",0001193125-20-108092,2020-04-15,2020-04-15T16:06:13-04:00,True,"8.01,9.01"
0001658247,"Crinetics Pharmaceuticals, Inc.",0001193125-20-107156,2020-04-14,2020-04-14T16:52:03-04:00,True,"5.03,9.01"
0001658247,"Crinetics Pharmaceuticals, Inc.",0001193125-20-099551,2020-04-06,2020-04-06T16:35:59-04:00,True,"7.01,8.01,9.01"
0001658247,"Crinetics Pharmaceuticals, Inc.",0001564590-20-009362,2020-03-09,2020-03-09T16:08:37-04:00,True,"2.02,9.01"
0001658247,"Crinetics Pharmaceuticals, Inc.",0001564590-19-042893,2019-11-12,2019-11-12T16:01:32-05:00,True,"2.02,9.01"
0001658247,"Crinetics Pharmaceuticals, Inc.",0001564590-19-031797,2019-08-13,2019-08-13T16:11:18-04:00,True,"2.02,9.01"
0001658247,"Crinetics Pharmaceuticals, Inc.",0001564590-19-025016,2019-07-16,2019-07-16T09:00:19-04:00,False,"5.02,9.01"
0001658247,"Crinetics Pharmaceuticals, Inc.",0001564590-19-023431,2019-06-25,2019-06-25T16:05:32-04:00,True,5.07
0001658247,"Crinetics Pharmaceuticals, Inc.",0001564590-19-018827,2019-05-13,2019-05-13T16:10:27-04:00,True,"2.02,9.01"
0001658247,"Crinetics Pharmaceuticals, Inc.",0001564590-19-011511,2019-04-12,2019-04-12T16:27:17-04:00,True,5.02
0001658247,"Crinetics Pharmaceuticals, Inc.",0001564590-19-007555,2019-03-13,2019-03-13T16:00:22-04:00,True,"2.02,9.01"
0001326110,"ImmunityBio, Inc.",0001193125-25-331244,2025-12-29,2025-12-23T19:25:40-05:00,True,"1.01,8.01,9.01"
0001326110,"ImmunityBio, Inc.",0001326110-25-000146,2025-12-15,2025-12-15T16:25:53-05:00,True,"5.02,9.01"
0001326110,"ImmunityBio, Inc.",0001326110-25-000143,2025-12-12,2025-12-12T07:01:54-05:00,False,"8.01,9.01"
0001326110,"ImmunityBio, Inc.",0001326110-25-000138,2025-11-05,2025-11-04T21:48:22-05:00,True,"2.02,9.01"
0001326110,"ImmunityBio, Inc.",0001193125-25-177024,2025-08-08,2025-08-08T16:30:53-04:00,True,"8.01,9.01"
0001326110,"ImmunityBio, Inc.",0001326110-25-000112,2025-08-05,2025-08-05T07:17:16-04:00,False,"2.02,9.01"
0001326110,"ImmunityBio, Inc.",0001193125-25-164789,2025-07-25,2025-07-25T06:23:30-04:00,False,"1.01,2.02,7.01,8.01,9.01"
0001326110,"ImmunityBio, Inc.",0001326110-25-000084,2025-06-20,2025-06-20T16:39:24-04:00,True,"5.02,5.07,9.01"
0001326110,"ImmunityBio, Inc.",0001326110-25-000069,2025-05-12,2025-05-12T06:40:41-04:00,False,"2.02,9.01"
0001326110,"ImmunityBio, Inc.",0001193125-25-112057,2025-05-05,2025-05-05T07:15:22-04:00,False,"8.01,9.01"
0001326110,"ImmunityBio, Inc.",0001326110-25-000044,2025-04-15,2025-04-15T08:10:02-04:00,False,"2.02,9.01"
0001326110,"ImmunityBio, Inc.",0001193125-25-075102,2025-04-08,2025-04-08T07:45:29-04:00,False,"1.01,7.01,9.01"
0001326110,"ImmunityBio, Inc.",0001326110-25-000040,2025-03-19,2025-03-19T08:14:26-04:00,False,"4.01,9.01"
0001326110,"ImmunityBio, Inc.",0001326110-25-000031,2025-03-03,2025-03-03T07:42:21-05:00,False,"2.02,9.01"
0001326110,"ImmunityBio, Inc.",0001193125-25-025324,2025-02-13,2025-02-12T21:16:11-05:00,True,"5.02,9.01"
0001326110,"ImmunityBio, Inc.",0001193125-25-022776,2025-02-07,2025-02-07T16:52:21-05:00,True,5.02
0001326110,"ImmunityBio, Inc.",0001193125-24-274871,2024-12-11,2024-12-11T07:46:30-05:00,False,"1.01,8.01,9.01"
0001326110,"ImmunityBio, Inc.",0001193125-24-274438,2024-12-10,2024-12-10T17:28:29-05:00,True,"8.01,9.01"
0001326110,"ImmunityBio, Inc.",0001326110-24-000115,2024-11-19,2024-11-19T08:01:45-05:00,False,"8.01,9.01"
0001326110,"ImmunityBio, Inc.",0001326110-24-000109,2024-11-12,2024-11-12T07:25:37-05:00,False,"2.02,9.01"
0001326110,"ImmunityBio, Inc.",0001326110-24-000093,2024-07-18,2024-07-17T21:48:07-04:00,True,1.01
0001326110,"ImmunityBio, Inc.",0001326110-24-000069,2024-06-12,2024-06-12T16:36:10-04:00,True,"5.07,9.01"
0001326110,"ImmunityBio, Inc.",0001326110-24-000040,2024-04-23,2024-04-23T06:17:01-04:00,False,"7.01,8.01,9.01"
0001326110,"ImmunityBio, Inc.",0001193125-24-044886,2024-02-26,2024-02-23T21:28:02-05:00,True,"5.02,5.05"
0001326110,"ImmunityBio, Inc.",0001326110-24-000003,2024-01-02,2024-01-02T06:08:31-05:00,False,"1.01,2.03,3.02,8.01,9.01"
0001326110,"ImmunityBio, Inc.",0001326110-23-000121,2023-09-11,2023-09-11T06:25:05-04:00,False,"1.01,2.03,3.02,8.01,9.01"
0001326110,"ImmunityBio, Inc.",0001326110-23-000112,2023-09-01,2023-09-01T08:30:58-04:00,False,"8.01,9.01"
0001326110,"ImmunityBio, Inc.",0001326110-23-000102,2023-08-15,2023-08-15T16:15:56-04:00,True,"8.01,9.01"
0001326110,"ImmunityBio, Inc.",0001193125-23-190800,2023-07-21,2023-07-21T06:04:54-04:00,False,"1.01,9.01"
0001326110,"ImmunityBio, Inc.",0001193125-23-190491,2023-07-20,2023-07-20T16:07:29-04:00,True,"8.01,9.01"
0001326110,"ImmunityBio, Inc.",0001326110-23-000076,2023-06-14,2023-06-14T17:15:06-04:00,True,"1.01,2.03,5.07,9.01"
0001326110,"ImmunityBio, Inc.",0001326110-23-000063,2023-05-11,2023-05-11T06:45:11-04:00,False,"8.01,9.01"
0001326110,"ImmunityBio, Inc.",0001326110-23-000028,2023-03-31,2023-03-31T16:29:56-04:00,True,"1.01,2.03,9.01"
0001326110,"ImmunityBio, Inc.",0001326110-23-000023,2023-03-20,2023-03-20T08:31:31-04:00,False,"8.01,9.01"
0001326110,"ImmunityBio, Inc.",0001193125-23-039833,2023-02-15,2023-02-15T09:20:59-05:00,False,"1.01,9.01"
0001326110,"ImmunityBio, Inc.",0001193125-23-039399,2023-02-14,2023-02-14T17:25:58-05:00,True,2.02
0001326110,"ImmunityBio, Inc.",0001326110-23-000014,2023-02-13,2023-02-13T08:02:31-05:00,False,"8.01,9.01"
0001326110,"ImmunityBio, Inc.",0001193125-22-302356,2022-12-12,2022-12-12T09:07:06-05:00,False,"1.01,2.02,2.03,7.01,8.01,9.01"
0001326110,"ImmunityBio, Inc.",0001326110-22-000076,2022-12-05,2022-12-05T10:51:43-05:00,False,"8.01,9.01"
0001326110,"ImmunityBio, Inc.",0001193125-22-285314,2022-11-15,2022-11-15T08:42:15-05:00,False,"7.01,8.01,9.01"
0001326110,"ImmunityBio, Inc.",0001326110-22-000064,2022-09-02,2022-09-02T16:15:45-04:00,True,"1.01,2.03,9.01"
0001326110,"ImmunityBio, Inc.",0001326110-22-000038,2022-06-14,2022-06-14T16:59:13-04:00,True,5.07
0001326110,"ImmunityBio, Inc.",0001193125-22-085325,2022-03-25,2022-03-25T17:23:31-04:00,True,5.02
0001326110,"ImmunityBio, Inc.",0001193125-22-042967,2022-02-15,2022-02-15T09:00:33-05:00,False,"1.01,2.01,7.01,9.01"
0001326110,"ImmunityBio, Inc.",0001193125-22-007333,2022-01-12,2022-01-12T08:35:57-05:00,False,"1.01,7.01,9.01"
0001326110,"ImmunityBio, Inc.",0001193125-21-361818,2021-12-20,2021-12-20T09:07:02-05:00,False,"1.01,2.03,5.03,7.01,9.01"
0001326110,"ImmunityBio, Inc.",0001193125-21-283078,2021-09-27,2021-09-27T08:46:06-04:00,False,1.01
0001326110,"ImmunityBio, Inc.",0001193125-21-270970,2021-09-13,2021-09-13T08:37:32-04:00,False,"2.02,8.01,9.01"
0001326110,"ImmunityBio, Inc.",0001193125-21-246082,2021-08-13,2021-08-13T16:16:10-04:00,True,5.02
0001326110,"ImmunityBio, Inc.",0001193125-21-190551,2021-06-15,2021-06-15T07:11:00-04:00,False,"5.07,8.01,9.01"
0001326110,"ImmunityBio, Inc.",0001193125-21-189023,2021-06-11,2021-06-11T17:18:37-04:00,True,"2.02,5.07"
0001326110,"ImmunityBio, Inc.",0001193125-21-182190,2021-06-04,2021-06-04T08:30:52-04:00,False,"7.01,9.01"
0001326110,"ImmunityBio, Inc.",0001193125-21-176935,2021-05-28,2021-05-28T16:08:41-04:00,True,1.01
0001326110,"ImmunityBio, Inc.",0001193125-21-146472,2021-05-03,2021-05-03T06:06:02-04:00,False,"1.01,2.02,9.01"
0001326110,"ImmunityBio, Inc.",0001193125-21-103380,2021-04-01,2021-04-01T09:15:57-04:00,False,"5.02,9.01"
0001326110,"ImmunityBio, Inc.",0001193125-21-084244,2021-03-17,2021-03-17T17:24:15-04:00,True,"7.01,9.01"
0001326110,"ImmunityBio, Inc.",0001193125-21-075243,2021-03-10,2021-03-09T21:58:48-05:00,True,"2.01,2.03,5.02,5.03,5.07,7.01,8.01,9.01"
0001326110,"ImmunityBio, Inc.",0001193125-21-057184,2021-02-25,2021-02-25T17:15:13-05:00,True,8.01
0001326110,"ImmunityBio, Inc.",0001193125-21-054808,2021-02-24,2021-02-24T16:59:07-05:00,True,"8.01,9.01"
0001326110,"ImmunityBio, Inc.",0001193125-21-036358,2021-02-10,2021-02-10T16:38:05-05:00,True,5.02
0001326110,"ImmunityBio, Inc.",0001193125-21-007807,2021-01-13,2021-01-13T09:17:38-05:00,False,"7.01,9.01"
0001326110,"ImmunityBio, Inc.",0001193125-20-323766,2020-12-22,2020-12-22T06:07:31-05:00,False,"1.01,9.01"
0001326110,"ImmunityBio, Inc.",0001193125-20-322298,2020-12-21,2020-12-21T07:23:00-05:00,False,"8.01,9.01"
0001326110,"ImmunityBio, Inc.",0001193125-20-277062,2020-10-26,2020-10-26T17:05:59-04:00,True,"5.02,9.01"
0001326110,"ImmunityBio, Inc.",0001193125-20-228341,2020-08-24,2020-08-24T16:10:53-04:00,True,1.01
0001326110,"ImmunityBio, Inc.",0001193125-20-179095,2020-06-25,2020-06-25T16:28:03-04:00,True,"8.01,9.01"
0001326110,"ImmunityBio, Inc.",0001193125-20-177788,2020-06-24,2020-06-24T17:26:38-04:00,True,"8.01,9.01"
0001326110,"ImmunityBio, Inc.",0001193125-20-174073,2020-06-19,2020-06-19T16:33:09-04:00,True,"5.02,5.03,9.01"
0001326110,"ImmunityBio, Inc.",0001193125-20-166829,2020-06-12,2020-06-11T18:25:03-04:00,True,"5.02,5.07"
0001326110,"ImmunityBio, Inc.",0001193125-20-153068,2020-05-27,2020-05-27T16:10:56-04:00,True,1.01
0001326110,"ImmunityBio, Inc.",0001193125-19-215311,2019-08-07,2019-08-07T16:05:02-04:00,True,"5.03,9.01"
0001326110,"ImmunityBio, Inc.",0001193125-19-169172,2019-06-10,2019-06-10T16:04:01-04:00,True,"8.01,9.01"
0001326110,"ImmunityBio, Inc.",0001193125-19-168170,2019-06-07,2019-06-07T16:05:57-04:00,True,"5.02,5.07,9.01"
0001438533,"Travere Therapeutics, Inc.",0001438533-25-000055,2025-10-30,2025-10-30T16:06:03-04:00,True,"2.02,9.01"
0001438533,"Travere Therapeutics, Inc.",0001438533-25-000049,2025-09-10,2025-09-10T07:05:26-04:00,False,8.01
0001438533,"Travere Therapeutics, Inc.",0001438533-25-000045,2025-08-06,2025-08-06T16:06:53-04:00,True,"2.02,9.01"
0001438533,"Travere Therapeutics, Inc.",0001438533-25-000034,2025-05-16,2025-05-16T16:13:55-04:00,True,"5.02,5.07,9.01"
0001438533,"Travere Therapeutics, Inc.",0001438533-25-000032,2025-05-15,2025-05-15T16:29:26-04:00,True,8.01
0001438533,"Travere Therapeutics, Inc.",0001438533-25-000025,2025-05-01,2025-05-01T16:05:51-04:00,True,"2.01,9.01"
0001438533,"Travere Therapeutics, Inc.",0001438533-25-000020,2025-04-30,2025-04-29T17:54:56-04:00,True,8.01
0001438533,"Travere Therapeutics, Inc.",0001438533-25-000012,2025-03-17,2025-03-17T16:57:21-04:00,True,8.01
0001438533,"Travere Therapeutics, Inc.",0001438533-25-000008,2025-02-20,2025-02-20T16:04:20-05:00,True,"2.02,9.01"
0001438533,"Travere Therapeutics, Inc.",0001438533-25-000004,2025-02-11,2025-02-11T07:05:09-05:00,False,8.01
0001438533,"Travere Therapeutics, Inc.",0001438533-25-000002,2025-01-13,2025-01-13T07:30:16-05:00,False,"2.02,9.01"
0001438533,"Travere Therapeutics, Inc.",0001193125-24-254153,2024-11-08,2024-11-08T16:13:55-05:00,True,"8.01,9.01"
0001438533,"Travere Therapeutics, Inc.",0001438533-24-000046,2024-10-31,2024-10-31T08:05:10-04:00,False,"2.02,9.01"
0001438533,"Travere Therapeutics, Inc.",0001438533-24-000038,2024-09-26,2024-09-26T16:02:49-04:00,True,8.01
0001438533,"Travere Therapeutics, Inc.",0001438533-24-000035,2024-09-06,2024-09-05T17:47:22-04:00,True,"8.01,9.01"
0001438533,"Travere Therapeutics, Inc.",0001438533-24-000030,2024-08-01,2024-08-01T16:05:55-04:00,True,"2.02,9.01"
0001438533,"Travere Therapeutics, Inc.",0001438533-24-000022,2024-05-13,2024-05-13T16:05:26-04:00,True,"5.02,5.07,9.01"
0001438533,"Travere Therapeutics, Inc.",0001438533-24-000019,2024-05-06,2024-05-06T16:05:27-04:00,True,"2.02,9.01"
0001438533,"Travere Therapeutics, Inc.",0001438533-24-000016,2024-04-24,2024-04-24T16:05:22-04:00,True,"8.01,9.01"
0001438533,"Travere Therapeutics, Inc.",0001438533-24-000007,2024-02-23,2024-02-23T16:05:34-05:00,True,"8.01,9.01"
0001438533,"Travere Therapeutics, Inc.",0001438533-24-000003,2024-02-15,2024-02-15T16:05:22-05:00,True,"2.02,9.01"
0001438533,"Travere Therapeutics, Inc.",0001193125-24-003866,2024-01-08,2024-01-08T07:07:54-05:00,False,"2.02,9.01"
0001438533,"Travere Therapeutics, Inc.",0001438533-23-000050,2023-12-04,2023-12-04T16:10:22-05:00,True,"2.05,8.01,9.01"
0001438533,"Travere Therapeutics, Inc.",0001438533-23-000046,2023-11-07,2023-11-07T16:04:25-05:00,True,"2.02,9.01"
0001438533,"Travere Therapeutics, Inc.",0001193125-23-239098,2023-09-21,2023-09-21T07:35:54-04:00,False,8.01
0001438533,"Travere Therapeutics, Inc.",0001193125-23-228130,2023-09-05,2023-09-05T08:35:30-04:00,False,"2.01,9.01"
0001438533,"Travere Therapeutics, Inc.",0001438533-23-000036,2023-08-03,2023-08-03T16:06:32-04:00,True,"2.02,9.01"
0001438533,"Travere Therapeutics, Inc.",0001193125-23-187704,2023-07-17,2023-07-17T08:07:00-04:00,False,"1.01,9.01"
0001438533,"Travere Therapeutics, Inc.",0001438533-23-000030,2023-05-31,2023-05-31T16:57:16-04:00,True,"8.01,9.01"
0001438533,"Travere Therapeutics, Inc.",0001438533-23-000027,2023-05-22,2023-05-22T16:30:18-04:00,True,"5.02,5.07,9.01"
0001438533,"Travere Therapeutics, Inc.",0001438533-23-000023,2023-05-04,2023-05-04T16:05:40-04:00,True,"2.02,9.01"
0001438533,"Travere Therapeutics, Inc.",0001438533-23-000018,2023-05-01,2023-05-01T16:07:06-04:00,True,"8.01,9.01"
0001438533,"Travere Therapeutics, Inc.",0001438533-23-000012,2023-04-12,2023-04-12T16:30:18-04:00,True,"4.01,9.01"
0001438533,"Travere Therapeutics, Inc.",0001193125-23-056553,2023-03-01,2023-03-01T17:17:40-05:00,True,"8.01,9.01"
0001438533,"Travere Therapeutics, Inc.",0001438533-23-000006,2023-02-23,2023-02-23T16:05:01-05:00,True,"2.02,9.01"
0001438533,"Travere Therapeutics, Inc.",0001438533-23-000002,2023-02-17,2023-02-17T16:06:10-05:00,True,"8.01,9.01"
0001438533,"Travere Therapeutics, Inc.",0001193125-23-004120,2023-01-09,2023-01-09T07:05:56-05:00,False,"2.02,9.01"
0001438533,"Travere Therapeutics, Inc.",0001438533-22-000049,2022-10-27,2022-10-27T16:17:16-04:00,True,"2.02,9.01"
0001438533,"Travere Therapeutics, Inc.",0001438533-22-000044,2022-10-13,2022-10-13T17:05:25-04:00,True,8.01
0001438533,"Travere Therapeutics, Inc.",0001438533-22-000042,2022-08-22,2022-08-22T16:43:36-04:00,True,"8.01,9.01"
0001438533,"Travere Therapeutics, Inc.",0001193125-22-211796,2022-08-04,2022-08-04T07:06:02-04:00,False,"2.02,9.01"
0001438533,"Travere Therapeutics, Inc.",0001438533-22-000029,2022-05-16,2022-05-16T16:47:54-04:00,True,"8.01,9.01"
0001438533,"Travere Therapeutics, Inc.",0001438533-22-000027,2022-05-12,2022-05-12T17:26:16-04:00,True,"5.02,5.07,9.01"
0001438533,"Travere Therapeutics, Inc.",0001438533-22-000023,2022-05-05,2022-05-05T16:15:51-04:00,True,"2.02,9.01"
0001438533,"Travere Therapeutics, Inc.",0001438533-22-000017,2022-04-20,2022-04-20T16:41:38-04:00,True,"5.02,9.01"
0001438533,"Travere Therapeutics, Inc.",0001438533-22-000010,2022-03-21,2022-03-21T16:09:47-04:00,True,"8.01,9.01"
0001438533,"Travere Therapeutics, Inc.",0001193125-22-073387,2022-03-11,2022-03-11T16:06:43-05:00,True,"1.01,2.03,8.01,9.01"
0001438533,"Travere Therapeutics, Inc.",0001438533-22-000006,2022-02-24,2022-02-24T16:19:58-05:00,True,"2.02,9.01"
0001438533,"Travere Therapeutics, Inc.",0001193125-22-005040,2022-01-10,2022-01-10T07:08:27-05:00,False,"2.02,9.01"
0001438533,"Travere Therapeutics, Inc.",0001438533-22-000004,2022-01-06,2022-01-06T16:02:52-05:00,True,"5.02,9.01"
0001438533,"Travere Therapeutics, Inc.",0001438533-21-000058,2021-12-22,2021-12-22T16:03:31-05:00,True,"1.01,9.01"
0001438533,"Travere Therapeutics, Inc.",0001438533-21-000056,2021-12-15,2021-12-15T17:27:25-05:00,True,"8.01,9.01"
0001438533,"Travere Therapeutics, Inc.",0001438533-21-000050,2021-10-28,2021-10-28T16:23:20-04:00,True,"2.02,9.01"
0001438533,"Travere Therapeutics, Inc.",0001438533-21-000047,2021-10-12,2021-10-12T17:15:41-04:00,True,"5.02,9.01"
0001438533,"Travere Therapeutics, Inc.",0001438533-21-000045,2021-09-17,2021-09-16T21:17:59-04:00,True,"5.02,9.01"
0001438533,"Travere Therapeutics, Inc.",0001438533-21-000043,2021-09-15,2021-09-15T16:07:20-04:00,True,"1.01,9.01"
0001438533,"Travere Therapeutics, Inc.",0001438533-21-000041,2021-09-14,2021-09-14T17:29:36-04:00,True,"5.02,9.01"
0001438533,"Travere Therapeutics, Inc.",0001438533-21-000039,2021-09-07,2021-09-07T17:28:53-04:00,True,"8.01,9.01"
0001438533,"Travere Therapeutics, Inc.",0001438533-21-000036,2021-08-16,2021-08-16T16:18:21-04:00,True,"8.01,9.01"
0001438533,"Travere Therapeutics, Inc.",0001438533-21-000032,2021-07-29,2021-07-29T16:04:04-04:00,True,"2.02,9.01"
0001438533,"Travere Therapeutics, Inc.",0001628280-21-012044,2021-06-10,2021-06-10T17:17:47-04:00,True,"5.03,9.01"
0001438533,"Travere Therapeutics, Inc.",0001438533-21-000021,2021-05-25,2021-05-25T16:44:35-04:00,True,"8.01,9.01"
0001438533,"Travere Therapeutics, Inc.",0001438533-21-000018,2021-05-19,2021-05-18T20:50:00-04:00,True,"5.02,5.07,9.01"
0001438533,"Travere Therapeutics, Inc.",0001438533-21-000014,2021-05-06,2021-05-06T16:11:11-04:00,True,"2.02,9.01"
0001438533,"Travere Therapeutics, Inc.",0001438533-21-000006,2021-03-01,2021-03-01T16:14:41-05:00,True,"2.02,9.01"
0001438533,"Travere Therapeutics, Inc.",0001193125-21-041753,2021-02-12,2021-02-12T16:46:59-05:00,True,"8.01,9.01"
0001438533,"Travere Therapeutics, Inc.",0001193125-21-036508,2021-02-10,2021-02-10T17:29:07-05:00,True,"2.02,8.01,9.01"
0001438533,"Travere Therapeutics, Inc.",0001438533-21-000002,2021-02-02,2021-02-02T16:10:20-05:00,True,"8.01,9.01"
0001438533,"Travere Therapeutics, Inc.",0001193125-21-005751,2021-01-11,2021-01-11T07:00:54-05:00,False,"2.02,9.01"
0001438533,"Travere Therapeutics, Inc.",0001193125-20-297092,2020-11-18,2020-11-18T17:18:02-05:00,True,"2.01,9.01"
0001438533,"Travere Therapeutics, Inc.",0001438533-20-000036,2020-11-16,2020-11-16T16:04:51-05:00,True,"5.03,9.01"
0001438533,"Travere Therapeutics, Inc.",0001438533-20-000033,2020-11-12,2020-11-12T16:08:10-05:00,True,"8.01,9.01"
0001438533,"Travere Therapeutics, Inc.",0001438533-20-000029,2020-11-05,2020-11-05T16:14:23-05:00,True,"2.02,9.01"
0001438533,"Travere Therapeutics, Inc.",0001438533-20-000026,2020-10-22,2020-10-22T16:05:20-04:00,True,"1.01,8.01,9.01"
0001438533,"Travere Therapeutics, Inc.",0001438533-20-000024,2020-10-06,2020-10-06T17:26:13-04:00,True,"1.01,9.01"
0001438533,"Travere Therapeutics, Inc.",0001438533-20-000017,2020-07-30,2020-07-30T18:51:52-04:00,True,"2.02,9.01"
0001438533,"Travere Therapeutics, Inc.",0001193125-20-164649,2020-06-09,2020-06-09T16:08:04-04:00,True,"8.01,9.01"
0001438533,"Travere Therapeutics, Inc.",0001438533-20-000015,2020-06-08,2020-06-08T16:00:38-04:00,True,"8.01,9.01"
0001438533,"Travere Therapeutics, Inc.",0001438533-20-000013,2020-05-19,2020-05-19T16:12:49-04:00,True,"5.02,5.07,9.01"
0001438533,"Travere Therapeutics, Inc.",0001438533-20-000009,2020-05-11,2020-05-11T16:14:21-04:00,True,"2.02,9.01"
0001438533,"Travere Therapeutics, Inc.",0001438533-20-000005,2020-04-09,2020-04-09T17:11:30-04:00,True,"5.02,9.01"
0001438533,"Travere Therapeutics, Inc.",0001438533-20-000002,2020-02-24,2020-02-24T16:13:45-05:00,True,"2.02,9.01"
0001438533,"Travere Therapeutics, Inc.",0001193125-20-005878,2020-01-13,2020-01-13T07:01:10-05:00,False,"2.02,9.01"
0001438533,"Travere Therapeutics, Inc.",0001438533-19-000035,2019-10-30,2019-10-30T16:10:30-04:00,True,"2.02,9.01"
0001438533,"Travere Therapeutics, Inc.",0001438533-19-000032,2019-10-10,2019-10-10T17:16:35-04:00,True,5.02
0001438533,"Travere Therapeutics, Inc.",0001193125-19-226355,2019-08-22,2019-08-22T06:30:11-04:00,False,8.01
0001438533,"Travere Therapeutics, Inc.",0001438533-19-000022,2019-08-06,2019-08-06T16:12:26-04:00,True,"2.02,9.01"
0001438533,"Travere Therapeutics, Inc.",0001438533-19-000018,2019-05-13,2019-05-13T16:55:01-04:00,True,5.02
0001438533,"Travere Therapeutics, Inc.",0001438533-19-000016,2019-05-13,2019-05-13T16:42:37-04:00,True,"5.02,5.07,9.01"
0001438533,"Travere Therapeutics, Inc.",0001438533-19-000013,2019-05-13,2019-05-10T18:19:32-04:00,True,5.02
0001438533,"Travere Therapeutics, Inc.",0001438533-19-000009,2019-05-07,2019-05-07T16:05:18-04:00,True,"2.02,9.01"
0001438533,"Travere Therapeutics, Inc.",0001438533-19-000007,2019-04-25,2019-04-25T17:25:50-04:00,True,1.01
0001438533,"Travere Therapeutics, Inc.",0001438533-19-000005,2019-04-19,2019-04-19T17:18:08-04:00,True,"5.02,9.01"
0001438533,"Travere Therapeutics, Inc.",0001438533-19-000002,2019-02-26,2019-02-26T16:10:43-05:00,True,"2.02,9.01"
0001438533,"Travere Therapeutics, Inc.",0001193125-19-003071,2019-01-07,2019-01-07T07:02:03-05:00,False,"2.02,9.01"
0001438533,"Travere Therapeutics, Inc.",0001193125-19-001689,2019-01-04,2019-01-03T17:38:33-05:00,True,"5.02,9.01"
0001761918,"Erasca, Inc.",0001193125-25-277571,2025-11-12,2025-11-12T16:09:23-05:00,True,"2.02,9.01"
0001761918,"Erasca, Inc.",0001193125-25-178950,2025-08-12,2025-08-12T16:08:33-04:00,True,"2.02,9.01"
0001761918,"Erasca, Inc.",0000950170-25-090493,2025-06-26,2025-06-26T17:04:51-04:00,True,5.07
0001761918,"Erasca, Inc.",0000950170-25-070336,2025-05-13,2025-05-13T16:10:10-04:00,True,"2.02,9.01"
0001761918,"Erasca, Inc.",0000950170-25-042659,2025-03-20,2025-03-20T16:10:10-04:00,True,"2.02,9.01"
0001761918,"Erasca, Inc.",0000950170-25-004613,2025-01-13,2025-01-13T09:10:29-05:00,False,"7.01,9.01"
0001761918,"Erasca, Inc.",0000950170-24-125337,2024-11-12,2024-11-12T16:05:15-05:00,True,"2.02,9.01"
0001761918,"Erasca, Inc.",0000950170-24-116856,2024-10-24,2024-10-24T08:10:07-04:00,False,8.01
0001761918,"Erasca, Inc.",0000950170-24-095408,2024-08-12,2024-08-12T16:05:39-04:00,True,"2.02,9.01"
0001761918,"Erasca, Inc.",0000950170-24-076476,2024-06-24,2024-06-24T09:18:16-04:00,False,5.07
0001761918,"Erasca, Inc.",0000950170-24-076474,2024-06-24,2024-06-24T09:15:10-04:00,False,8.01
0001761918,"Erasca, Inc.",0001193125-24-141066,2024-05-17,2024-05-17T06:05:03-04:00,False,"8.01,9.01"
0001761918,"Erasca, Inc.",0001193125-24-140591,2024-05-16,2024-05-16T16:21:14-04:00,True,"1.01,2.05,8.01,9.01"
0001761918,"Erasca, Inc.",0000950170-24-055644,2024-05-08,2024-05-08T16:08:56-04:00,True,"2.02,9.01"
0001761918,"Erasca, Inc.",0001193125-24-080630,2024-03-28,2024-03-28T16:14:07-04:00,True,"1.01,3.02,7.01,9.01"
0001761918,"Erasca, Inc.",0000950170-24-037161,2024-03-27,2024-03-27T16:05:17-04:00,True,"2.02,9.01"
0001761918,"Erasca, Inc.",0000950170-24-003199,2024-01-09,2024-01-09T09:00:57-05:00,False,"7.01,9.01"
0001761918,"Erasca, Inc.",0000950170-23-069212,2023-12-11,2023-12-11T09:19:11-05:00,False,8.01
0001761918,"Erasca, Inc.",0000950170-23-066250,2023-11-28,2023-11-28T09:21:52-05:00,False,"8.01,9.01"
0001761918,"Erasca, Inc.",0000950170-23-062003,2023-11-09,2023-11-09T16:05:11-05:00,True,"2.02,9.01"
0001761918,"Erasca, Inc.",0000950170-23-045056,2023-08-29,2023-08-29T16:05:27-04:00,True,8.01
0001761918,"Erasca, Inc.",0000950170-23-041299,2023-08-10,2023-08-10T16:06:05-04:00,True,"2.02,9.01"
0001761918,"Erasca, Inc.",0000950170-23-030108,2023-06-27,2023-06-27T16:06:34-04:00,True,5.07
0001761918,"Erasca, Inc.",0000950170-23-026427,2023-06-05,2023-06-05T17:06:08-04:00,True,"8.01,9.01"
0001761918,"Erasca, Inc.",0000950170-23-024292,2023-05-25,2023-05-25T17:10:38-04:00,True,8.01
0001761918,"Erasca, Inc.",0000950170-23-022194,2023-05-15,2023-05-15T16:06:33-04:00,True,"2.02,9.01"
0001761918,"Erasca, Inc.",0000950170-23-013370,2023-04-19,2023-04-19T09:01:19-04:00,False,8.01
0001761918,"Erasca, Inc.",0000950170-23-012240,2023-04-10,2023-04-10T09:00:29-04:00,False,5.02
0001761918,"Erasca, Inc.",0000950170-23-009478,2023-03-23,2023-03-23T16:06:44-04:00,True,"2.02,9.01"
0001761918,"Erasca, Inc.",0001193125-23-028869,2023-02-09,2023-02-08T21:39:37-05:00,True,"8.01,9.01"
0001761918,"Erasca, Inc.",0001193125-23-004264,2023-01-09,2023-01-09T09:16:33-05:00,False,"7.01,9.01"
0001761918,"Erasca, Inc.",0001193125-22-301902,2022-12-09,2022-12-09T17:27:05-05:00,True,"3.02,8.01,9.01"
0001761918,"Erasca, Inc.",0001193125-22-301402,2022-12-09,2022-12-09T07:19:00-05:00,False,"1.01,3.02,8.01,9.01"
0001761918,"Erasca, Inc.",0000950170-22-023851,2022-11-09,2022-11-09T16:10:23-05:00,True,"2.02,9.01"
0001761918,"Erasca, Inc.",0001193125-22-240127,2022-09-07,2022-09-07T17:16:41-04:00,True,"8.01,9.01"
0001761918,"Erasca, Inc.",0000950170-22-016874,2022-08-11,2022-08-11T16:12:05-04:00,True,"2.02,9.01"
0001761918,"Erasca, Inc.",0000950170-22-012066,2022-06-24,2022-06-24T09:22:15-04:00,False,5.07
0001761918,"Erasca, Inc.",0000950170-22-009671,2022-05-12,2022-05-12T16:12:40-04:00,True,"2.02,9.01"
0001761918,"Erasca, Inc.",0000950170-22-006366,2022-04-27,2022-04-27T16:05:29-04:00,True,5.02
0001761918,"Erasca, Inc.",0000950170-22-004546,2022-03-24,2022-03-24T16:11:10-04:00,True,"2.02,9.01"
0001761918,"Erasca, Inc.",0000950170-21-004876,2021-11-23,2021-11-23T17:12:33-05:00,True,1.01
0001761918,"Erasca, Inc.",0000950170-21-004113,2021-11-10,2021-11-10T16:26:36-05:00,True,"2.02,9.01"
0001761918,"Erasca, Inc.",0001193125-21-257579,2021-08-26,2021-08-26T16:13:11-04:00,True,"2.02,9.01"
0001761918,"Erasca, Inc.",0001193125-21-219642,2021-07-20,2021-07-20T16:11:31-04:00,True,"5.03,8.01,9.01"
0000886163,LIGAND PHARMACEUTICALS INC,0001193125-25-324830,2025-12-18,2025-12-18T16:11:52-05:00,True,7.01
0000886163,LIGAND PHARMACEUTICALS INC,0000886163-25-000058,2025-11-06,2025-11-06T07:08:02-05:00,False,"2.02,9.01"
0000886163,LIGAND PHARMACEUTICALS INC,0001193125-25-205147,2025-09-16,2025-09-16T17:19:53-04:00,True,"1.01,2.03,9.01"
0000886163,LIGAND PHARMACEUTICALS INC,0001193125-25-180841,2025-08-14,2025-08-14T16:41:13-04:00,True,"1.01,2.03,3.02,8.01,9.01"
0000886163,LIGAND PHARMACEUTICALS INC,0001193125-25-177452,2025-08-11,2025-08-11T07:25:43-04:00,False,"1.01,8.01,9.01"
0000886163,LIGAND PHARMACEUTICALS INC,0000886163-25-000047,2025-08-07,2025-08-07T07:04:26-04:00,False,"2.02,9.01"
0000886163,LIGAND PHARMACEUTICALS INC,0000886163-25-000042,2025-07-02,2025-07-02T07:10:18-04:00,False,"7.01,9.01"
0000886163,LIGAND PHARMACEUTICALS INC,0000886163-25-000040,2025-06-09,2025-06-09T16:03:39-04:00,True,5.07
0000886163,LIGAND PHARMACEUTICALS INC,0000886163-25-000033,2025-05-08,2025-05-08T07:06:37-04:00,False,"2.02,9.01"
0000886163,LIGAND PHARMACEUTICALS INC,0000886163-25-000020,2025-04-17,2025-04-17T06:08:08-04:00,False,"7.01,9.01"
0000886163,LIGAND PHARMACEUTICALS INC,0000886163-25-000008,2025-02-27,2025-02-27T07:06:03-05:00,False,"2.02,9.01"
0000886163,LIGAND PHARMACEUTICALS INC,0000886163-25-000003,2025-02-25,2025-02-25T16:02:36-05:00,True,"1.01,7.01,9.01"
0000886163,LIGAND PHARMACEUTICALS INC,0000886163-24-000074,2024-11-07,2024-11-07T07:11:41-05:00,False,"2.02,9.01"
0000886163,LIGAND PHARMACEUTICALS INC,0000886163-24-000067,2024-08-06,2024-08-06T16:08:49-04:00,True,"2.02,9.01"
0000886163,LIGAND PHARMACEUTICALS INC,0000886163-24-000064,2024-08-02,2024-08-02T17:15:58-04:00,True,5.02
0000886163,LIGAND PHARMACEUTICALS INC,0000886163-24-000061,2024-07-17,2024-07-17T17:10:10-04:00,True,2.01
0000886163,LIGAND PHARMACEUTICALS INC,0000886163-24-000059,2024-07-10,2024-07-10T16:02:22-04:00,True,"1.01,2.03"
0000886163,LIGAND PHARMACEUTICALS INC,0000886163-24-000053,2024-07-08,2024-07-08T07:38:30-04:00,False,"1.01,7.01,9.01"
0000886163,LIGAND PHARMACEUTICALS INC,0000886163-24-000051,2024-06-27,2024-06-27T09:10:50-04:00,False,8.01
0000886163,LIGAND PHARMACEUTICALS INC,0000886163-24-000047,2024-06-18,2024-06-18T17:14:37-04:00,True,8.01
0000886163,LIGAND PHARMACEUTICALS INC,0000886163-24-000045,2024-06-17,2024-06-17T16:02:51-04:00,True,"5.02,5.07"
0000886163,LIGAND PHARMACEUTICALS INC,0000886163-24-000039,2024-05-30,2024-05-30T16:03:43-04:00,True,8.01
0000886163,LIGAND PHARMACEUTICALS INC,0000886163-24-000029,2024-05-07,2024-05-07T16:03:28-04:00,True,"2.02,9.01"
0000886163,LIGAND PHARMACEUTICALS INC,0000886163-24-000026,2024-05-07,2024-05-07T07:36:30-04:00,False,1.01
0000886163,LIGAND PHARMACEUTICALS INC,0000886163-24-000013,2024-04-19,2024-04-19T16:06:41-04:00,True,"5.03,9.01"
0000886163,LIGAND PHARMACEUTICALS INC,0000886163-24-000005,2024-02-27,2024-02-27T07:24:01-05:00,False,"2.02,9.01"
0000886163,LIGAND PHARMACEUTICALS INC,0000886163-24-000002,2024-01-08,2024-01-05T17:50:28-05:00,True,8.01
0000886163,LIGAND PHARMACEUTICALS INC,0000886163-23-000092,2023-12-01,2023-12-01T08:25:38-05:00,False,1.01
0000886163,LIGAND PHARMACEUTICALS INC,0000886163-23-000083,2023-11-08,2023-11-08T16:08:27-05:00,True,"2.02,9.01"
0000886163,LIGAND PHARMACEUTICALS INC,0000886163-23-000078,2023-10-18,2023-10-18T09:03:16-04:00,False,8.01
0000886163,LIGAND PHARMACEUTICALS INC,0000886163-23-000075,2023-10-18,2023-10-17T19:24:26-04:00,True,"1.01,2.01,9.01"
0000886163,LIGAND PHARMACEUTICALS INC,0000886163-23-000071,2023-09-27,2023-09-27T08:38:25-04:00,False,5.02
0000886163,LIGAND PHARMACEUTICALS INC,0000886163-23-000053,2023-09-18,2023-09-18T17:26:00-04:00,True,8.01
0000886163,LIGAND PHARMACEUTICALS INC,0000886163-23-000047,2023-08-08,2023-08-08T16:02:51-04:00,True,"2.02,9.01"
0000886163,LIGAND PHARMACEUTICALS INC,0000886163-23-000030,2023-06-09,2023-06-09T17:00:35-04:00,True,5.07
0000886163,LIGAND PHARMACEUTICALS INC,0000886163-23-000024,2023-05-04,2023-05-04T16:06:01-04:00,True,"2.02,9.01"
0000886163,LIGAND PHARMACEUTICALS INC,0000886163-23-000009,2023-03-13,2023-03-13T08:02:20-04:00,False,8.01
0000886163,LIGAND PHARMACEUTICALS INC,0000886163-23-000004,2023-02-22,2023-02-22T16:05:32-05:00,True,"2.02,9.01"
0000886163,LIGAND PHARMACEUTICALS INC,0000886163-22-000140,2022-12-14,2022-12-14T16:07:09-05:00,True,5.02
0000886163,LIGAND PHARMACEUTICALS INC,0000886163-22-000137,2022-12-05,2022-12-05T07:03:49-05:00,False,5.02
0000886163,LIGAND PHARMACEUTICALS INC,0000886163-22-000133,2022-11-07,2022-11-07T16:04:10-05:00,True,"2.02,9.01"
0000886163,LIGAND PHARMACEUTICALS INC,0000886163-22-000129,2022-11-04,2022-11-04T16:08:35-04:00,True,"1.01,2.01,5.02,9.01"
0000886163,LIGAND PHARMACEUTICALS INC,0001193125-22-256260,2022-10-03,2022-10-03T09:18:01-04:00,False,"8.01,9.01"
0000886163,LIGAND PHARMACEUTICALS INC,0001193125-22-255708,2022-09-30,2022-09-30T17:13:13-04:00,True,"1.01,9.01"
0000886163,LIGAND PHARMACEUTICALS INC,0000886163-22-000113,2022-08-08,2022-08-08T16:06:16-04:00,True,"2.02,9.01"
0000886163,LIGAND PHARMACEUTICALS INC,0000886163-22-000110,2022-08-02,2022-08-02T16:10:01-04:00,True,5.02
0000886163,LIGAND PHARMACEUTICALS INC,0000886163-22-000097,2022-06-29,2022-06-29T17:17:35-04:00,True,"5.02,7.01,9.01"
0000886163,LIGAND PHARMACEUTICALS INC,0001104659-22-072614,2022-06-21,2022-06-21T06:19:40-04:00,False,"7.01,9.01"
0000886163,LIGAND PHARMACEUTICALS INC,0000886163-22-000067,2022-06-13,2022-06-10T19:26:14-04:00,True,"5.02,5.07"
0000886163,LIGAND PHARMACEUTICALS INC,0000886163-22-000043,2022-05-04,2022-05-04T16:03:48-04:00,True,"2.02,9.01"
0000886163,LIGAND PHARMACEUTICALS INC,0001193125-22-083443,2022-03-24,2022-03-24T09:08:19-04:00,False,"1.01,9.01"
0000886163,LIGAND PHARMACEUTICALS INC,0001193125-22-082890,2022-03-23,2022-03-23T17:25:21-04:00,True,"8.01,9.01"
0000886163,LIGAND PHARMACEUTICALS INC,0000886163-22-000026,2022-02-17,2022-02-17T16:03:38-05:00,True,"2.02,9.01"
0000886163,LIGAND PHARMACEUTICALS INC,0000886163-22-000006,2022-01-27,2022-01-27T16:02:54-05:00,True,5.02
0000886163,LIGAND PHARMACEUTICALS INC,0000886163-22-000003,2022-01-14,2022-01-14T16:23:37-05:00,True,1.02
0000886163,LIGAND PHARMACEUTICALS INC,0000886163-21-000127,2021-11-09,2021-11-09T16:06:42-05:00,True,"2.02,9.01"
0000886163,LIGAND PHARMACEUTICALS INC,0000886163-21-000123,2021-08-16,2021-08-16T16:15:57-04:00,True,8.01
0000886163,LIGAND PHARMACEUTICALS INC,0000886163-21-000115,2021-07-29,2021-07-29T16:04:35-04:00,True,"2.02,9.01"
0000886163,LIGAND PHARMACEUTICALS INC,0000886163-21-000112,2021-07-21,2021-07-21T09:05:26-04:00,False,8.01
0000886163,LIGAND PHARMACEUTICALS INC,0000886163-21-000102,2021-07-14,2021-07-14T16:08:33-04:00,True,"5.02,7.01,8.01,9.01"
0000886163,LIGAND PHARMACEUTICALS INC,0000886163-21-000080,2021-06-07,2021-06-04T19:48:53-04:00,True,5.07
0000886163,LIGAND PHARMACEUTICALS INC,0000886163-21-000064,2021-05-03,2021-05-03T16:11:08-04:00,True,"2.02,9.01"
0000886163,LIGAND PHARMACEUTICALS INC,0000886163-21-000022,2021-02-03,2021-02-03T07:45:11-05:00,False,"2.02,9.01"
0000886163,LIGAND PHARMACEUTICALS INC,0000886163-21-000018,2021-01-28,2021-01-28T16:42:15-05:00,True,"1.01,5.02"
0000886163,LIGAND PHARMACEUTICALS INC,0000886163-20-000141,2020-12-21,2020-12-21T08:39:58-05:00,False,"8.01,9.01"
0000886163,LIGAND PHARMACEUTICALS INC,0000886163-20-000139,2020-12-16,2020-12-16T16:19:38-05:00,True,"5.02,5.07"
0000886163,LIGAND PHARMACEUTICALS INC,0000886163-20-000129,2020-12-03,2020-12-02T20:05:47-05:00,True,8.01
0000886163,LIGAND PHARMACEUTICALS INC,0000886163-20-000126,2020-11-23,2020-11-23T08:32:56-05:00,False,8.01
0000886163,LIGAND PHARMACEUTICALS INC,0000886163-20-000116,2020-10-30,2020-10-30T16:07:37-04:00,True,"5.03,9.01"
0000886163,LIGAND PHARMACEUTICALS INC,0000886163-20-000112,2020-10-30,2020-10-30T08:03:30-04:00,False,"2.02,9.01"
0000886163,LIGAND PHARMACEUTICALS INC,0000886163-20-000110,2020-10-20,2020-10-20T10:52:40-04:00,False,"2.02,7.01,9.01"
0000886163,LIGAND PHARMACEUTICALS INC,0000886163-20-000108,2020-10-13,2020-10-13T08:44:02-04:00,False,"1.01,7.01,9.01"
0000886163,LIGAND PHARMACEUTICALS INC,0001193125-20-260585,2020-10-01,2020-10-01T08:42:02-04:00,False,"1.01,2.01,7.01,9.01"
0000886163,LIGAND PHARMACEUTICALS INC,0000886163-20-000105,2020-09-23,2020-09-23T08:06:54-04:00,False,1.01
0000886163,LIGAND PHARMACEUTICALS INC,0000886163-20-000101,2020-09-10,2020-09-10T16:43:44-04:00,True,"1.01,9.01"
0000886163,LIGAND PHARMACEUTICALS INC,0001193125-20-215346,2020-08-11,2020-08-10T21:48:03-04:00,True,"1.01,9.01"
0000886163,LIGAND PHARMACEUTICALS INC,0000886163-20-000092,2020-08-03,2020-08-03T07:48:38-04:00,False,"2.02,9.01"
0000886163,LIGAND PHARMACEUTICALS INC,0000886163-20-000066,2020-06-11,2020-06-11T16:12:39-04:00,True,5.07
0000886163,LIGAND PHARMACEUTICALS INC,0000886163-20-000056,2020-05-06,2020-05-06T16:03:13-04:00,True,"2.02,9.01"
0000886163,LIGAND PHARMACEUTICALS INC,0000886163-20-000041,2020-04-07,2020-04-07T16:40:25-04:00,True,1.01
0000886163,LIGAND PHARMACEUTICALS INC,0000886163-20-000037,2020-04-06,2020-04-06T17:15:03-04:00,True,"2.02,8.01"
0000886163,LIGAND PHARMACEUTICALS INC,0000886163-20-000034,2020-04-02,2020-04-02T16:18:25-04:00,True,"8.01,9.01"
0000886163,LIGAND PHARMACEUTICALS INC,0000886163-20-000009,2020-02-11,2020-02-11T16:28:06-05:00,True,"1.01,8.01,9.01"
0000886163,LIGAND PHARMACEUTICALS INC,0000886163-20-000007,2020-02-06,2020-02-06T16:05:40-05:00,True,"2.02,9.01"
0000886163,LIGAND PHARMACEUTICALS INC,0000886163-20-000002,2020-01-10,2020-01-10T13:55:00-05:00,False,8.01
0000886163,LIGAND PHARMACEUTICALS INC,0001193125-19-322605,2019-12-23,2019-12-23T16:06:39-05:00,True,5.02
0000886163,LIGAND PHARMACEUTICALS INC,0000886163-19-000191,2019-11-05,2019-11-05T16:05:21-05:00,True,"2.02,9.01"
0000886163,LIGAND PHARMACEUTICALS INC,0000886163-19-000186,2019-10-16,2019-10-16T08:57:32-04:00,False,"5.02,7.01,9.01"
0000886163,LIGAND PHARMACEUTICALS INC,0000886163-19-000169,2019-09-12,2019-09-11T20:08:45-04:00,True,8.01
0000886163,LIGAND PHARMACEUTICALS INC,0000886163-19-000167,2019-09-12,2019-09-11T17:49:22-04:00,True,8.01
0000886163,LIGAND PHARMACEUTICALS INC,0000886163-19-000130,2019-07-30,2019-07-30T08:13:16-04:00,False,"2.02,9.01"
0000886163,LIGAND PHARMACEUTICALS INC,0000886163-19-000126,2019-07-24,2019-07-23T18:25:04-04:00,True,8.01
0000886163,LIGAND PHARMACEUTICALS INC,0000886163-19-000117,2019-07-03,2019-07-02T19:14:25-04:00,True,8.01
0000886163,LIGAND PHARMACEUTICALS INC,0001193125-19-170732,2019-06-12,2019-06-12T07:16:53-04:00,False,8.01
0000886163,LIGAND PHARMACEUTICALS INC,0000886163-19-000111,2019-06-10,2019-06-10T16:11:56-04:00,True,"5.02,5.07"
0000886163,LIGAND PHARMACEUTICALS INC,0000886163-19-000095,2019-06-03,2019-06-03T16:13:59-04:00,True,8.01
0000886163,LIGAND PHARMACEUTICALS INC,0000886163-19-000088,2019-05-24,2019-05-24T16:28:06-04:00,True,"1.01,8.01"
0000886163,LIGAND PHARMACEUTICALS INC,0000886163-19-000071,2019-05-02,2019-05-02T16:09:08-04:00,True,"2.02,9.01"
0000886163,LIGAND PHARMACEUTICALS INC,0000886163-19-000059,2019-04-22,2019-04-22T07:55:27-04:00,False,8.01
0000886163,LIGAND PHARMACEUTICALS INC,0000886163-19-000049,2019-03-12,2019-03-12T10:02:16-04:00,False,"7.01,9.01"
0000886163,LIGAND PHARMACEUTICALS INC,0000886163-19-000046,2019-03-06,2019-03-06T16:06:06-05:00,True,"2.01,9.01"
0000886163,LIGAND PHARMACEUTICALS INC,0000886163-19-000043,2019-03-05,2019-03-05T17:16:42-05:00,True,"1.01,7.01,9.01"
0000886163,LIGAND PHARMACEUTICALS INC,0000886163-19-000027,2019-02-07,2019-02-07T16:16:29-05:00,True,"2.02,9.01"
0000886163,LIGAND PHARMACEUTICALS INC,0000886163-19-000024,2019-02-07,2019-02-06T20:19:11-05:00,True,8.01
0000886163,LIGAND PHARMACEUTICALS INC,0000886163-19-000022,2019-01-28,2019-01-28T09:00:55-05:00,False,8.01
0000886163,LIGAND PHARMACEUTICALS INC,0000886163-19-000020,2019-01-25,2019-01-25T17:13:08-05:00,True,5.02
0001070494,ACADIA PHARMACEUTICALS INC,0001193125-25-266959,2025-11-05,2025-11-05T16:13:31-05:00,True,"2.02,9.01"
0001070494,ACADIA PHARMACEUTICALS INC,0001193125-25-262610,2025-11-03,2025-11-03T16:23:34-05:00,True,5.02
0001070494,ACADIA PHARMACEUTICALS INC,0000950170-25-104092,2025-08-06,2025-08-06T16:18:59-04:00,True,"2.02,9.01"
0001070494,ACADIA PHARMACEUTICALS INC,0001193125-25-138452,2025-06-10,2025-06-10T16:06:24-04:00,True,8.01
0001070494,ACADIA PHARMACEUTICALS INC,0001193125-25-130620,2025-05-29,2025-05-29T16:06:35-04:00,True,5.07
0001070494,ACADIA PHARMACEUTICALS INC,0001193125-25-123175,2025-05-20,2025-05-20T16:31:51-04:00,True,"1.01,8.01"
0001070494,ACADIA PHARMACEUTICALS INC,0000950170-25-065672,2025-05-07,2025-05-07T16:13:19-04:00,True,"2.02,9.01"
0001070494,ACADIA PHARMACEUTICALS INC,0001193125-25-082809,2025-04-16,2025-04-16T16:15:39-04:00,True,"5.03,9.01"
0001070494,ACADIA PHARMACEUTICALS INC,0000950170-25-027759,2025-02-26,2025-02-26T16:15:22-05:00,True,"2.02,9.01"
0001070494,ACADIA PHARMACEUTICALS INC,0001193125-24-275595,2024-12-11,2024-12-11T16:22:29-05:00,True,2.01
0001070494,ACADIA PHARMACEUTICALS INC,0001193125-24-262556,2024-11-20,2024-11-20T16:30:52-05:00,True,5.02
0001070494,ACADIA PHARMACEUTICALS INC,0000950170-24-122322,2024-11-06,2024-11-06T16:14:26-05:00,True,"2.02,9.01"
0001070494,ACADIA PHARMACEUTICALS INC,0001193125-24-223726,2024-09-23,2024-09-23T16:34:29-04:00,True,"5.02,9.01"
0001070494,ACADIA PHARMACEUTICALS INC,0000950170-24-091826,2024-08-06,2024-08-06T16:13:44-04:00,True,"2.02,9.01"
0001070494,ACADIA PHARMACEUTICALS INC,0001193125-24-149336,2024-05-29,2024-05-29T17:23:31-04:00,True,"5.02,5.07"
0001070494,ACADIA PHARMACEUTICALS INC,0000950170-24-055647,2024-05-08,2024-05-08T16:10:16-04:00,True,"2.02,9.01"
0001070494,ACADIA PHARMACEUTICALS INC,0001193125-24-064791,2024-03-11,2024-03-11T16:05:55-04:00,True,8.01
0001070494,ACADIA PHARMACEUTICALS INC,0000950170-24-021169,2024-02-27,2024-02-27T16:16:24-05:00,True,"2.02,9.01"
0001070494,ACADIA PHARMACEUTICALS INC,0001193125-24-019903,2024-01-31,2024-01-30T21:55:00-05:00,True,5.02
0001070494,ACADIA PHARMACEUTICALS INC,0001193125-23-281574,2023-11-21,2023-11-21T17:11:54-05:00,True,8.01
0001070494,ACADIA PHARMACEUTICALS INC,0000950170-23-058254,2023-11-02,2023-11-02T16:21:47-04:00,True,"2.02,9.01"
0001070494,ACADIA PHARMACEUTICALS INC,0000950170-23-037216,2023-08-02,2023-08-02T16:23:56-04:00,True,"2.02,9.01"
0001070494,ACADIA PHARMACEUTICALS INC,0001193125-23-188839,2023-07-18,2023-07-18T16:01:32-04:00,True,"1.01,2.02,9.01"
0001070494,ACADIA PHARMACEUTICALS INC,0001193125-23-159833,2023-06-02,2023-06-02T16:10:03-04:00,True,5.07
0001070494,ACADIA PHARMACEUTICALS INC,0000950170-23-018800,2023-05-08,2023-05-08T16:09:13-04:00,True,"2.02,9.01"
0001070494,ACADIA PHARMACEUTICALS INC,0001193125-23-068406,2023-03-13,2023-03-13T06:11:04-04:00,False,8.01
0001070494,ACADIA PHARMACEUTICALS INC,0000950170-23-004753,2023-02-28,2023-02-27T18:32:45-05:00,True,"2.02,9.01"
0001070494,ACADIA PHARMACEUTICALS INC,0000950170-22-021222,2022-11-02,2022-11-02T16:06:08-04:00,True,"2.02,9.01"
0001070494,ACADIA PHARMACEUTICALS INC,0001193125-22-272491,2022-10-28,2022-10-28T16:16:02-04:00,True,5.02
0001070494,ACADIA PHARMACEUTICALS INC,0001193125-22-262140,2022-10-13,2022-10-13T16:01:37-04:00,True,5.02
0001070494,ACADIA PHARMACEUTICALS INC,0000950170-22-015527,2022-08-08,2022-08-08T16:11:29-04:00,True,"2.02,9.01"
0001070494,ACADIA PHARMACEUTICALS INC,0001193125-22-171917,2022-06-10,2022-06-10T16:01:31-04:00,True,"5.02,5.07"
0001070494,ACADIA PHARMACEUTICALS INC,0000950170-22-007402,2022-05-04,2022-05-04T16:26:06-04:00,True,"2.02,9.01"
0001070494,ACADIA PHARMACEUTICALS INC,0001193125-22-100541,2022-04-08,2022-04-08T17:26:14-04:00,True,5.02
0001070494,ACADIA PHARMACEUTICALS INC,0000950170-22-002291,2022-02-28,2022-02-28T16:12:02-05:00,True,"2.02,9.01"
0001070494,ACADIA PHARMACEUTICALS INC,0001193125-21-362806,2021-12-21,2021-12-20T21:26:04-05:00,True,"8.01,9.01"
0001070494,ACADIA PHARMACEUTICALS INC,0001193125-21-356869,2021-12-14,2021-12-14T16:52:01-05:00,True,"5.02,9.01"
0001070494,ACADIA PHARMACEUTICALS INC,0001193125-21-349137,2021-12-06,2021-12-06T17:16:05-05:00,True,"8.01,9.01"
0001070494,ACADIA PHARMACEUTICALS INC,0001564590-21-055255,2021-11-08,2021-11-08T16:15:45-05:00,True,"2.02,9.01"
0001070494,ACADIA PHARMACEUTICALS INC,0001193125-21-321667,2021-11-05,2021-11-05T16:31:17-04:00,True,"5.02,9.01"
0001070494,ACADIA PHARMACEUTICALS INC,0001193125-21-264582,2021-09-02,2021-09-02T17:00:59-04:00,True,5.02
0001070494,ACADIA PHARMACEUTICALS INC,0001564590-21-040825,2021-08-04,2021-08-04T16:15:40-04:00,True,"2.02,9.01"
0001070494,ACADIA PHARMACEUTICALS INC,0001193125-21-198782,2021-06-24,2021-06-24T17:01:19-04:00,True,5.07
0001070494,ACADIA PHARMACEUTICALS INC,0001564590-21-024085,2021-05-05,2021-05-05T16:19:03-04:00,True,"2.02,9.01"
0001070494,ACADIA PHARMACEUTICALS INC,0001193125-21-105632,2021-04-05,2021-04-05T08:08:55-04:00,False,"7.01,8.01,9.01"
0001070494,ACADIA PHARMACEUTICALS INC,0001193125-21-073270,2021-03-08,2021-03-08T16:30:04-05:00,True,"8.01,9.01"
0001070494,ACADIA PHARMACEUTICALS INC,0001564590-21-008087,2021-02-24,2021-02-24T16:10:34-05:00,True,"2.02,9.01"
0001070494,ACADIA PHARMACEUTICALS INC,0001193125-21-019333,2021-01-27,2021-01-27T17:26:31-05:00,True,5.02
0001070494,ACADIA PHARMACEUTICALS INC,0001564590-20-050530,2020-11-04,2020-11-04T16:37:32-05:00,True,"2.02,9.01"
0001070494,ACADIA PHARMACEUTICALS INC,0001193125-20-261480,2020-10-01,2020-10-01T17:30:01-04:00,True,5.02
0001070494,ACADIA PHARMACEUTICALS INC,0001193125-20-229278,2020-08-25,2020-08-25T09:02:02-04:00,False,"3.02,8.01,9.01"
0001070494,ACADIA PHARMACEUTICALS INC,0001193125-20-212084,2020-08-06,2020-08-06T17:21:56-04:00,True,5.02
0001070494,ACADIA PHARMACEUTICALS INC,0001564590-20-036866,2020-08-05,2020-08-05T16:34:19-04:00,True,"2.02,9.01"
0001070494,ACADIA PHARMACEUTICALS INC,0001193125-20-195481,2020-07-20,2020-07-20T16:15:35-04:00,True,"8.01,9.01"
0001070494,ACADIA PHARMACEUTICALS INC,0001193125-20-182326,2020-06-29,2020-06-29T16:06:31-04:00,True,"5.02,5.07,9.01"
0001070494,ACADIA PHARMACEUTICALS INC,0001564590-20-022914,2020-05-07,2020-05-07T16:30:00-04:00,True,"2.02,9.01"
0001070494,ACADIA PHARMACEUTICALS INC,0001564590-20-006884,2020-02-27,2020-02-26T18:21:13-05:00,True,"2.02,9.01"
0001070494,ACADIA PHARMACEUTICALS INC,0001193125-20-005813,2020-01-13,2020-01-13T06:15:51-05:00,False,"2.02,9.01"
0001070494,ACADIA PHARMACEUTICALS INC,0001193125-19-287418,2019-11-07,2019-11-07T17:01:03-05:00,True,5.02
0001070494,ACADIA PHARMACEUTICALS INC,0001564590-19-038793,2019-10-30,2019-10-30T16:15:39-04:00,True,"2.02,9.01"
0001070494,ACADIA PHARMACEUTICALS INC,0001193125-19-248388,2019-09-18,2019-09-18T17:07:10-04:00,True,"8.01,9.01"
0001070494,ACADIA PHARMACEUTICALS INC,0001193125-19-240440,2019-09-09,2019-09-09T06:46:10-04:00,False,"8.01,9.01"
0001070494,ACADIA PHARMACEUTICALS INC,0001564590-19-027482,2019-07-31,2019-07-31T16:10:53-04:00,True,"2.02,9.01"
0001070494,ACADIA PHARMACEUTICALS INC,0001193125-19-185967,2019-06-28,2019-06-28T16:01:57-04:00,True,"5.02,5.07,9.01"
0001070494,ACADIA PHARMACEUTICALS INC,0001564590-19-014817,2019-05-01,2019-05-01T16:10:24-04:00,True,"2.02,9.01"
0001070494,ACADIA PHARMACEUTICALS INC,0001193125-19-094603,2019-04-01,2019-04-01T16:37:03-04:00,True,5.02
0001070494,ACADIA PHARMACEUTICALS INC,0001193125-19-064601,2019-03-06,2019-03-06T06:06:03-05:00,False,8.01
0001070494,ACADIA PHARMACEUTICALS INC,0001564590-19-004478,2019-02-26,2019-02-26T16:19:07-05:00,True,"2.02,9.01"
0001607678,"Viking Therapeutics, Inc.",0001193125-25-246775,2025-10-22,2025-10-22T16:10:27-04:00,True,"2.02,9.01"
0001607678,"Viking Therapeutics, Inc.",0001607678-25-000003,2025-08-19,2025-08-19T07:09:43-04:00,False,"7.01,9.01"
0001607678,"Viking Therapeutics, Inc.",0000950170-25-097885,2025-07-23,2025-07-23T16:05:34-04:00,True,"2.02,9.01"
0001607678,"Viking Therapeutics, Inc.",0000950170-25-077865,2025-05-27,2025-05-27T17:20:07-04:00,True,"5.07,9.01"
0001607678,"Viking Therapeutics, Inc.",0000950170-25-057337,2025-04-23,2025-04-23T16:05:59-04:00,True,"2.02,9.01"
0001607678,"Viking Therapeutics, Inc.",0000950170-25-057323,2025-04-23,2025-04-23T16:01:15-04:00,True,"4.01,8.01,9.01"
0001607678,"Viking Therapeutics, Inc.",0000950170-25-036820,2025-03-11,2025-03-11T07:05:08-04:00,False,"1.01,2.03,8.01,9.01"
0001607678,"Viking Therapeutics, Inc.",0000950170-25-014464,2025-02-05,2025-02-05T16:07:52-05:00,True,"2.02,9.01"
0001607678,"Viking Therapeutics, Inc.",0000950170-24-120267,2024-11-04,2024-11-04T06:31:16-05:00,False,"7.01,9.01"
0001607678,"Viking Therapeutics, Inc.",0000950170-24-116642,2024-10-23,2024-10-23T16:09:55-04:00,True,"2.02,9.01"
0001607678,"Viking Therapeutics, Inc.",0000950170-24-086039,2024-07-24,2024-07-24T16:10:08-04:00,True,"2.02,9.01"
0001607678,"Viking Therapeutics, Inc.",0000950170-24-068297,2024-06-04,2024-06-04T07:10:11-04:00,False,"7.01,9.01"
0001607678,"Viking Therapeutics, Inc.",0000950170-24-063707,2024-05-23,2024-05-22T19:54:54-04:00,True,"5.02,5.07,9.01"
0001607678,"Viking Therapeutics, Inc.",0000950170-24-047567,2024-04-24,2024-04-24T16:05:11-04:00,True,"2.02,9.01"
0001607678,"Viking Therapeutics, Inc.",0000950170-24-036151,2024-03-26,2024-03-26T07:08:14-04:00,False,"7.01,9.01"
0001607678,"Viking Therapeutics, Inc.",0000950170-24-024878,2024-03-04,2024-03-04T16:52:52-05:00,True,"8.01,9.01"
0001607678,"Viking Therapeutics, Inc.",0000950170-24-023838,2024-03-01,2024-03-01T16:05:20-05:00,True,"1.01,8.01,9.01"
0001607678,"Viking Therapeutics, Inc.",0000950170-24-020616,2024-02-27,2024-02-27T07:04:52-05:00,False,"7.01,9.01"
0001607678,"Viking Therapeutics, Inc.",0000950170-24-012199,2024-02-07,2024-02-07T16:09:21-05:00,True,"2.02,9.01"
0001607678,"Viking Therapeutics, Inc.",0000950170-23-055209,2023-10-25,2023-10-25T16:24:04-04:00,True,"2.02,9.01"
0001607678,"Viking Therapeutics, Inc.",0000950170-23-034741,2023-07-26,2023-07-26T16:23:23-04:00,True,"2.02,9.01"
0001607678,"Viking Therapeutics, Inc.",0000950170-23-027965,2023-06-14,2023-06-14T16:23:47-04:00,True,"5.07,9.01"
0001607678,"Viking Therapeutics, Inc.",0000950170-23-021359,2023-05-11,2023-05-11T17:00:23-04:00,True,"5.03,9.01"
0001607678,"Viking Therapeutics, Inc.",0000950170-23-014788,2023-04-26,2023-04-26T16:06:24-04:00,True,"2.02,9.01"
0001607678,"Viking Therapeutics, Inc.",0000950170-23-011636,2023-04-03,2023-04-03T17:17:25-04:00,True,"8.01,9.01"
0001607678,"Viking Therapeutics, Inc.",0000950170-23-011443,2023-03-31,2023-03-31T17:27:06-04:00,True,"1.01,8.01,9.01"
0001607678,"Viking Therapeutics, Inc.",0000950170-23-010112,2023-03-28,2023-03-28T07:10:29-04:00,False,"7.01,9.01"
0001607678,"Viking Therapeutics, Inc.",0000950170-23-010108,2023-03-28,2023-03-28T06:42:19-04:00,False,"7.01,9.01"
0001607678,"Viking Therapeutics, Inc.",0001564590-23-001611,2023-02-08,2023-02-08T16:10:30-05:00,True,"2.02,9.01"
0001607678,"Viking Therapeutics, Inc.",0001564590-22-035271,2022-10-26,2022-10-26T16:32:08-04:00,True,"2.02,9.01"
0001607678,"Viking Therapeutics, Inc.",0001564590-22-026689,2022-07-27,2022-07-27T16:11:37-04:00,True,"2.02,9.01"
0001607678,"Viking Therapeutics, Inc.",0001564590-22-021417,2022-05-26,2022-05-26T16:10:35-04:00,True,5.07
0001607678,"Viking Therapeutics, Inc.",0001564590-22-016110,2022-04-27,2022-04-27T16:44:09-04:00,True,"2.02,9.01"
0001607678,"Viking Therapeutics, Inc.",0001564590-22-004406,2022-02-09,2022-02-09T16:15:25-05:00,True,"2.02,9.01"
0001607678,"Viking Therapeutics, Inc.",0001564590-21-053950,2021-11-03,2021-11-03T16:10:37-04:00,True,"2.02,9.01"
0001607678,"Viking Therapeutics, Inc.",0001564590-21-038678,2021-07-28,2021-07-28T17:14:35-04:00,True,"1.01,1.02,9.01"
0001607678,"Viking Therapeutics, Inc.",0001564590-21-038623,2021-07-28,2021-07-28T16:12:54-04:00,True,"2.02,9.01"
0001607678,"Viking Therapeutics, Inc.",0001564590-21-029335,2021-05-21,2021-05-21T16:59:05-04:00,True,5.07
0001607678,"Viking Therapeutics, Inc.",0001564590-21-021350,2021-04-28,2021-04-28T16:10:42-04:00,True,"2.02,9.01"
0001607678,"Viking Therapeutics, Inc.",0001564590-21-006376,2021-02-17,2021-02-17T16:12:04-05:00,True,"2.02,9.01"
0001607678,"Viking Therapeutics, Inc.",0001564590-21-000409,2021-01-06,2021-01-06T16:15:56-05:00,True,"5.02,9.01"
0001607678,"Viking Therapeutics, Inc.",0001564590-20-048337,2020-10-28,2020-10-28T16:10:36-04:00,True,"2.02,9.01"
0001607678,"Viking Therapeutics, Inc.",0001564590-20-034308,2020-07-29,2020-07-29T16:35:01-04:00,True,"2.02,9.01"
0001607678,"Viking Therapeutics, Inc.",0001564590-20-026582,2020-05-21,2020-05-21T16:59:59-04:00,True,5.07
0001607678,"Viking Therapeutics, Inc.",0001564590-20-020180,2020-04-30,2020-04-30T16:10:58-04:00,True,"2.02,9.01"
0001607678,"Viking Therapeutics, Inc.",0001564590-20-011413,2020-03-17,2020-03-17T16:20:30-04:00,True,7.01
0001607678,"Viking Therapeutics, Inc.",0001564590-19-040059,2019-11-05,2019-11-05T07:15:25-05:00,False,"2.02,9.01"
0001607678,"Viking Therapeutics, Inc.",0001564590-19-028063,2019-08-02,2019-08-01T17:51:15-04:00,True,"1.01,9.01"
0001607678,"Viking Therapeutics, Inc.",0001564590-19-027983,2019-08-01,2019-08-01T16:24:11-04:00,True,"2.02,9.01"
0001607678,"Viking Therapeutics, Inc.",0001564590-19-024412,2019-07-02,2019-07-02T16:15:26-04:00,True,"5.02,9.01"
0001607678,"Viking Therapeutics, Inc.",0001564590-19-020346,2019-05-23,2019-05-23T16:46:57-04:00,True,5.07
0001607678,"Viking Therapeutics, Inc.",0001564590-19-015327,2019-05-02,2019-05-02T16:05:30-04:00,True,"2.02,9.01"
0001607678,"Viking Therapeutics, Inc.",0001564590-19-007569,2019-03-13,2019-03-13T16:12:55-04:00,True,"2.02,9.01"
0001823239,"MARAVAI LIFESCIENCES HOLDINGS, INC.",0001823239-25-000117,2025-11-06,2025-11-06T16:03:24-05:00,True,"2.02,9.01"
0001823239,"MARAVAI LIFESCIENCES HOLDINGS, INC.",0001823239-25-000113,2025-10-27,2025-10-27T16:23:34-04:00,True,5.02
0001823239,"MARAVAI LIFESCIENCES HOLDINGS, INC.",0001823239-25-000105,2025-08-11,2025-08-11T16:06:51-04:00,True,"2.02,2.05,5.02,9.01"
0001823239,"MARAVAI LIFESCIENCES HOLDINGS, INC.",0001823239-25-000099,2025-07-18,2025-07-18T16:45:01-04:00,True,"4.01,9.01"
0001823239,"MARAVAI LIFESCIENCES HOLDINGS, INC.",0001193125-25-146905,2025-06-25,2025-06-25T16:13:09-04:00,True,"5.02,7.01,9.01"
0001823239,"MARAVAI LIFESCIENCES HOLDINGS, INC.",0001193125-25-137478,2025-06-09,2025-06-09T08:40:50-04:00,False,"5.02,7.01,9.01"
0001823239,"MARAVAI LIFESCIENCES HOLDINGS, INC.",0001823239-25-000065,2025-05-28,2025-05-28T17:26:08-04:00,True,5.07
0001823239,"MARAVAI LIFESCIENCES HOLDINGS, INC.",0001823239-25-000062,2025-05-12,2025-05-12T16:08:57-04:00,True,"2.02,9.01"
0001823239,"MARAVAI LIFESCIENCES HOLDINGS, INC.",0001823239-25-000059,2025-03-20,2025-03-20T16:34:12-04:00,True,7.01
0001823239,"MARAVAI LIFESCIENCES HOLDINGS, INC.",0001823239-25-000033,2025-03-18,2025-03-18T16:08:22-04:00,True,"2.02,4.02,9.01"
0001823239,"MARAVAI LIFESCIENCES HOLDINGS, INC.",0001823239-25-000028,2025-02-25,2025-02-24T20:43:29-05:00,True,"2.02,7.01,9.01"
0001823239,"MARAVAI LIFESCIENCES HOLDINGS, INC.",0001823239-25-000002,2025-01-08,2025-01-08T16:12:07-05:00,True,"2.02,5.02"
0001823239,"MARAVAI LIFESCIENCES HOLDINGS, INC.",0001823239-24-000133,2024-12-18,2024-12-18T16:35:18-05:00,True,8.01
0001823239,"MARAVAI LIFESCIENCES HOLDINGS, INC.",0001823239-24-000124,2024-12-05,2024-12-05T16:07:27-05:00,True,"5.02,7.01"
0001823239,"MARAVAI LIFESCIENCES HOLDINGS, INC.",0001823239-24-000105,2024-11-07,2024-11-07T16:04:27-05:00,True,"2.02,9.01"
0001823239,"MARAVAI LIFESCIENCES HOLDINGS, INC.",0001823239-24-000100,2024-09-12,2024-09-12T15:58:42-04:00,False,"1.01,9.01"
0001823239,"MARAVAI LIFESCIENCES HOLDINGS, INC.",0001823239-24-000093,2024-08-07,2024-08-07T16:06:47-04:00,True,"2.02,9.01"
0001823239,"MARAVAI LIFESCIENCES HOLDINGS, INC.",0001823239-24-000091,2024-07-29,2024-07-29T16:11:14-04:00,True,"5.02,7.01"
0001823239,"MARAVAI LIFESCIENCES HOLDINGS, INC.",0001823239-24-000084,2024-06-12,2024-06-11T18:23:20-04:00,True,5.02
0001823239,"MARAVAI LIFESCIENCES HOLDINGS, INC.",0001823239-24-000082,2024-05-28,2024-05-28T17:19:43-04:00,True,5.07
0001823239,"MARAVAI LIFESCIENCES HOLDINGS, INC.",0001823239-24-000058,2024-05-08,2024-05-08T16:09:33-04:00,True,"2.02,9.01"
0001823239,"MARAVAI LIFESCIENCES HOLDINGS, INC.",0001823239-24-000028,2024-02-22,2024-02-22T16:08:47-05:00,True,"2.02,9.01"
0001823239,"MARAVAI LIFESCIENCES HOLDINGS, INC.",0001823239-23-000087,2023-11-07,2023-11-07T16:11:28-05:00,True,"2.02,9.01"
0001823239,"MARAVAI LIFESCIENCES HOLDINGS, INC.",0001823239-23-000079,2023-08-07,2023-08-07T16:19:09-04:00,True,"2.02,9.01"
0001823239,"MARAVAI LIFESCIENCES HOLDINGS, INC.",0001823239-23-000077,2023-07-27,2023-07-27T16:11:00-04:00,True,"5.02,7.01,9.01"
0001823239,"MARAVAI LIFESCIENCES HOLDINGS, INC.",0001823239-23-000072,2023-07-20,2023-07-20T16:08:09-04:00,True,"5.02,7.01"
0001823239,"MARAVAI LIFESCIENCES HOLDINGS, INC.",0001823239-23-000041,2023-05-22,2023-05-22T16:04:00-04:00,True,5.07
0001823239,"MARAVAI LIFESCIENCES HOLDINGS, INC.",0001823239-23-000037,2023-05-08,2023-05-08T16:09:28-04:00,True,"2.02,9.01"
0001823239,"MARAVAI LIFESCIENCES HOLDINGS, INC.",0001823239-23-000020,2023-03-13,2023-03-13T16:05:55-04:00,True,5.02
0001823239,"MARAVAI LIFESCIENCES HOLDINGS, INC.",0001823239-23-000017,2023-03-10,2023-03-10T16:07:41-05:00,True,7.01
0001823239,"MARAVAI LIFESCIENCES HOLDINGS, INC.",0001823239-23-000012,2023-02-22,2023-02-22T16:13:08-05:00,True,"2.02,9.01"
0001823239,"MARAVAI LIFESCIENCES HOLDINGS, INC.",0001193125-22-296553,2022-12-01,2022-12-01T16:26:04-05:00,True,"5.02,7.01,9.01"
0001823239,"MARAVAI LIFESCIENCES HOLDINGS, INC.",0001823239-22-000056,2022-11-02,2022-11-02T16:08:34-04:00,True,"2.02,9.01"
0001823239,"MARAVAI LIFESCIENCES HOLDINGS, INC.",0001823239-22-000052,2022-10-19,2022-10-19T16:05:25-04:00,True,"5.02,7.01,9.01"
0001823239,"MARAVAI LIFESCIENCES HOLDINGS, INC.",0001823239-22-000048,2022-10-03,2022-10-03T16:07:22-04:00,True,"5.02,7.01,9.01"
0001823239,"MARAVAI LIFESCIENCES HOLDINGS, INC.",0001823239-22-000042,2022-08-04,2022-08-04T16:06:47-04:00,True,"2.02,9.01"
0001823239,"MARAVAI LIFESCIENCES HOLDINGS, INC.",0001823239-22-000020,2022-05-16,2022-05-16T16:33:57-04:00,True,5.07
0001823239,"MARAVAI LIFESCIENCES HOLDINGS, INC.",0001823239-22-000015,2022-05-05,2022-05-05T16:09:04-04:00,True,"2.02,9.01"
0001823239,"MARAVAI LIFESCIENCES HOLDINGS, INC.",0001823239-22-000008,2022-02-23,2022-02-23T16:08:13-05:00,True,"2.02,9.01"
0001823239,"MARAVAI LIFESCIENCES HOLDINGS, INC.",0001823239-22-000006,2022-01-28,2022-01-28T08:03:55-05:00,False,"7.01,9.01"
0001823239,"MARAVAI LIFESCIENCES HOLDINGS, INC.",0001823239-22-000004,2022-01-20,2022-01-20T16:11:40-05:00,True,"1.01,9.01"
0001823239,"MARAVAI LIFESCIENCES HOLDINGS, INC.",0001823239-22-000002,2022-01-03,2022-01-03T16:08:47-05:00,True,"8.01,9.01"
0001823239,"MARAVAI LIFESCIENCES HOLDINGS, INC.",0001823239-21-000025,2021-11-10,2021-11-10T16:09:12-05:00,True,"2.02,9.01"
0001823239,"MARAVAI LIFESCIENCES HOLDINGS, INC.",0001823239-21-000023,2021-09-03,2021-09-03T16:05:57-04:00,True,"1.01,2.01,9.01"
0001823239,"MARAVAI LIFESCIENCES HOLDINGS, INC.",0001823239-21-000018,2021-08-10,2021-08-10T16:18:11-04:00,True,"1.01,2.02,9.01"
0001823239,"MARAVAI LIFESCIENCES HOLDINGS, INC.",0001823239-21-000016,2021-05-20,2021-05-20T16:12:55-04:00,True,"5.02,5.07"
0001823239,"MARAVAI LIFESCIENCES HOLDINGS, INC.",0001823239-21-000011,2021-05-10,2021-05-10T16:21:01-04:00,True,"2.02,9.01"
0001823239,"MARAVAI LIFESCIENCES HOLDINGS, INC.",0001823239-21-000009,2021-04-05,2021-04-05T17:15:50-04:00,True,"2.02,8.01,9.01"
0001823239,"MARAVAI LIFESCIENCES HOLDINGS, INC.",0001823239-21-000003,2021-03-02,2021-03-02T16:18:22-05:00,True,"2.02,9.01"
0001823239,"MARAVAI LIFESCIENCES HOLDINGS, INC.",0001193125-20-303088,2020-11-25,2020-11-25T08:03:31-05:00,False,"1.01,3.02,3.03,5.02,5.03,8.01,9.01"
0001370053,"ANAPTYSBIO, INC",0001370053-25-000103,2025-11-26,2025-11-26T16:00:38-05:00,True,"7.01,9.01"
0001370053,"ANAPTYSBIO, INC",0001370053-25-000097,2025-11-21,2025-11-21T09:01:46-05:00,False,"8.01,9.01"
0001370053,"ANAPTYSBIO, INC",0001370053-25-000096,2025-11-21,2025-11-21T09:00:49-05:00,False,8.01
0001370053,"ANAPTYSBIO, INC",0001370053-25-000091,2025-11-10,2025-11-10T09:10:20-05:00,False,"7.01,8.01,9.01"
0001370053,"ANAPTYSBIO, INC",0001370053-25-000088,2025-11-04,2025-11-04T16:17:12-05:00,True,"2.02,9.01"
0001370053,"ANAPTYSBIO, INC",0001370053-25-000083,2025-10-14,2025-10-14T16:33:51-04:00,True,"7.01,9.01"
0001370053,"ANAPTYSBIO, INC",0001370053-25-000081,2025-09-29,2025-09-29T16:29:55-04:00,True,"7.01,8.01,9.01"
0001370053,"ANAPTYSBIO, INC",0001370053-25-000063,2025-08-06,2025-08-06T16:20:04-04:00,True,"2.02,9.01"
0001370053,"ANAPTYSBIO, INC",0001370053-25-000055,2025-06-17,2025-06-17T16:05:34-04:00,True,"5.07,9.01"
0001370053,"ANAPTYSBIO, INC",0001370053-25-000052,2025-06-03,2025-06-03T17:20:42-04:00,True,"7.01,8.01"
0001370053,"ANAPTYSBIO, INC",0001370053-25-000045,2025-05-05,2025-05-05T16:17:51-04:00,True,"2.02,9.01"
0001370053,"ANAPTYSBIO, INC",0001370053-25-000028,2025-03-24,2025-03-24T09:20:02-04:00,False,"8.01,9.01"
0001370053,"ANAPTYSBIO, INC",0001370053-25-000023,2025-02-27,2025-02-27T16:17:39-05:00,True,"2.02,9.01"
0001370053,"ANAPTYSBIO, INC",0001370053-25-000014,2025-02-19,2025-02-19T17:10:30-05:00,True,7.01
0001370053,"ANAPTYSBIO, INC",0001370053-25-000010,2025-02-12,2025-02-12T08:30:37-05:00,False,"7.01,8.01"
0001370053,"ANAPTYSBIO, INC",0001370053-25-000002,2025-02-03,2025-02-03T08:55:32-05:00,False,"1.01,7.01"
0001370053,"ANAPTYSBIO, INC",0001370053-24-000067,2024-12-11,2024-12-11T16:06:02-05:00,True,8.01
0001370053,"ANAPTYSBIO, INC",0001370053-24-000053,2024-11-05,2024-11-05T16:17:30-05:00,True,"2.02,9.01"
0001370053,"ANAPTYSBIO, INC",0001193125-24-200684,2024-08-14,2024-08-14T16:43:00-04:00,True,"1.01,9.01"
0001370053,"ANAPTYSBIO, INC",0001370053-24-000039,2024-08-05,2024-08-05T16:18:26-04:00,True,"2.02,9.01"
0001370053,"ANAPTYSBIO, INC",0001370053-24-000029,2024-06-12,2024-06-12T16:05:29-04:00,True,"5.07,9.01"
0001370053,"ANAPTYSBIO, INC",0001370053-24-000026,2024-05-09,2024-05-09T16:20:46-04:00,True,"2.02,9.01"
0001370053,"ANAPTYSBIO, INC",0001370053-24-000010,2024-03-11,2024-03-11T16:19:51-04:00,True,"2.02,9.01"
0001370053,"ANAPTYSBIO, INC",0001370053-24-000003,2024-01-05,2024-01-05T16:09:38-05:00,True,"2.02,7.01,9.01"
0001370053,"ANAPTYSBIO, INC",0001370053-23-000069,2023-11-27,2023-11-27T16:17:25-05:00,True,"1.01,7.01"
0001370053,"ANAPTYSBIO, INC",0001370053-23-000064,2023-11-02,2023-11-02T16:18:11-04:00,True,"2.02,9.01"
0001370053,"ANAPTYSBIO, INC",0001370053-23-000058,2023-10-25,2023-10-25T16:43:03-04:00,True,"7.01,9.01"
0001370053,"ANAPTYSBIO, INC",0001370053-23-000054,2023-10-10,2023-10-10T09:01:13-04:00,False,"7.01,9.01"
0001370053,"ANAPTYSBIO, INC",0001370053-23-000052,2023-09-18,2023-09-18T16:18:10-04:00,True,5.02
0001370053,"ANAPTYSBIO, INC",0001370053-23-000048,2023-08-07,2023-08-07T16:18:54-04:00,True,"2.02,9.01"
0001370053,"ANAPTYSBIO, INC",0001370053-23-000043,2023-06-15,2023-06-15T17:15:29-04:00,True,5.07
0001370053,"ANAPTYSBIO, INC",0001370053-23-000039,2023-05-11,2023-05-11T16:17:37-04:00,True,"2.02,9.01"
0001370053,"ANAPTYSBIO, INC",0001370053-23-000023,2023-04-06,2023-04-06T16:18:46-04:00,True,5.02
0001370053,"ANAPTYSBIO, INC",0001370053-23-000019,2023-03-01,2023-03-01T16:09:34-05:00,True,"2.02,9.01"
0001370053,"ANAPTYSBIO, INC",0001370053-23-000013,2023-02-10,2023-02-10T16:10:06-05:00,True,"5.03,9.01"
0001370053,"ANAPTYSBIO, INC",0001370053-23-000010,2023-01-13,2023-01-13T09:03:19-05:00,False,"8.01,9.01"
0001370053,"ANAPTYSBIO, INC",0001370053-23-000005,2023-01-05,2023-01-05T16:12:16-05:00,True,"2.02,7.01,9.01"
0001370053,"ANAPTYSBIO, INC",0001370053-22-000064,2022-11-08,2022-11-08T16:08:53-05:00,True,"2.02,7.01,9.01"
0001370053,"ANAPTYSBIO, INC",0001370053-22-000052,2022-09-12,2022-09-12T07:32:57-04:00,False,"1.01,7.01,9.01"
0001370053,"ANAPTYSBIO, INC",0001370053-22-000049,2022-08-31,2022-08-31T16:19:39-04:00,True,"7.01,9.01"
0001370053,"ANAPTYSBIO, INC",0001370053-22-000040,2022-08-08,2022-08-08T16:21:50-04:00,True,"2.02,9.01"
0001370053,"ANAPTYSBIO, INC",0001370053-22-000036,2022-06-24,2022-06-24T16:05:43-04:00,True,5.07
0001370053,"ANAPTYSBIO, INC",0001370053-22-000031,2022-05-04,2022-05-04T16:19:20-04:00,True,"2.02,9.01"
0001370053,"ANAPTYSBIO, INC",0001370053-22-000024,2022-04-29,2022-04-29T16:06:44-04:00,True,"5.02,9.01"
0001370053,"ANAPTYSBIO, INC",0001370053-22-000019,2022-04-27,2022-04-27T16:18:20-04:00,True,"7.01,9.01"
0001370053,"ANAPTYSBIO, INC",0001370053-22-000017,2022-03-21,2022-03-21T17:15:42-04:00,True,5.02
0001370053,"ANAPTYSBIO, INC",0001370053-22-000014,2022-03-14,2022-03-14T16:26:20-04:00,True,"7.01,9.01"
0001370053,"ANAPTYSBIO, INC",0001370053-22-000008,2022-03-07,2022-03-07T08:53:37-05:00,False,"2.02,9.01"
0001370053,"ANAPTYSBIO, INC",0001370053-21-000079,2021-12-01,2021-12-01T16:06:01-05:00,True,"2.01,2.03,9.01"
0001370053,"ANAPTYSBIO, INC",0001370053-21-000075,2021-11-29,2021-11-29T16:12:07-05:00,True,5.02
0001370053,"ANAPTYSBIO, INC",0001370053-21-000072,2021-11-15,2021-11-15T09:05:10-05:00,False,"7.01,9.01"
0001370053,"ANAPTYSBIO, INC",0001370053-21-000068,2021-11-04,2021-11-04T16:13:57-04:00,True,"2.02,9.01"
0001370053,"ANAPTYSBIO, INC",0001370053-21-000063,2021-10-25,2021-10-25T16:46:37-04:00,True,1.01
0001370053,"ANAPTYSBIO, INC",0001370053-21-000060,2021-10-04,2021-10-04T09:00:42-04:00,False,"7.01,9.01"
0001370053,"ANAPTYSBIO, INC",0001370053-21-000055,2021-08-09,2021-08-09T16:11:56-04:00,True,"2.02,9.01"
0001370053,"ANAPTYSBIO, INC",0001370053-21-000049,2021-06-17,2021-06-17T17:06:31-04:00,True,5.07
0001370053,"ANAPTYSBIO, INC",0001370053-21-000046,2021-06-03,2021-06-02T19:11:46-04:00,True,"7.01,9.01"
0001370053,"ANAPTYSBIO, INC",0001370053-21-000039,2021-05-04,2021-05-04T16:14:07-04:00,True,"2.02,9.01"
0001370053,"ANAPTYSBIO, INC",0001370053-21-000025,2021-04-12,2021-04-12T16:05:35-04:00,True,5.02
0001370053,"ANAPTYSBIO, INC",0001370053-21-000022,2021-03-08,2021-03-08T08:05:17-05:00,False,"7.01,9.01"
0001370053,"ANAPTYSBIO, INC",0001370053-21-000018,2021-02-25,2021-02-25T16:09:06-05:00,True,"2.02,9.01"
0001370053,"ANAPTYSBIO, INC",0001370053-21-000010,2021-01-19,2021-01-19T16:05:25-05:00,True,5.02
0001370053,"ANAPTYSBIO, INC",0001370053-21-000003,2021-01-11,2021-01-11T10:26:48-05:00,False,"2.02,7.01,9.01"
0001370053,"ANAPTYSBIO, INC",0001370053-20-000067,2020-11-17,2020-11-17T16:04:32-05:00,True,1.02
0001370053,"ANAPTYSBIO, INC",0001370053-20-000064,2020-11-04,2020-11-04T16:02:33-05:00,True,"2.02,9.01"
0001370053,"ANAPTYSBIO, INC",0001370053-20-000057,2020-10-26,2020-10-26T08:04:44-04:00,False,1.01
0001370053,"ANAPTYSBIO, INC",0001370053-20-000053,2020-10-13,2020-10-13T09:05:48-04:00,False,"7.01,9.01"
0001370053,"ANAPTYSBIO, INC",0001193125-20-225721,2020-08-20,2020-08-20T17:03:02-04:00,True,1.02
0001370053,"ANAPTYSBIO, INC",0001370053-20-000050,2020-08-10,2020-08-10T08:06:30-04:00,False,"2.02,7.01,9.01"
0001370053,"ANAPTYSBIO, INC",0001370053-20-000045,2020-07-31,2020-07-31T08:43:19-04:00,False,"5.02,9.01"
0001370053,"ANAPTYSBIO, INC",0001370053-20-000042,2020-07-15,2020-07-15T08:35:47-04:00,False,"5.02,9.01"
0001370053,"ANAPTYSBIO, INC",0001370053-20-000039,2020-06-19,2020-06-19T17:14:02-04:00,True,5.07
0001370053,"ANAPTYSBIO, INC",0001370053-20-000025,2020-05-06,2020-05-06T16:10:58-04:00,True,2.02
0001370053,"ANAPTYSBIO, INC",0001370053-20-000013,2020-03-09,2020-03-09T16:05:45-04:00,True,5.02
0001370053,"ANAPTYSBIO, INC",0001370053-20-000007,2020-03-02,2020-03-02T08:49:54-05:00,False,"2.02,9.01"
0001370053,"ANAPTYSBIO, INC",0001370053-20-000003,2020-01-15,2020-01-15T10:11:51-05:00,False,"7.01,9.01"
0001370053,"ANAPTYSBIO, INC",0001370053-19-000041,2019-11-08,2019-11-08T08:05:42-05:00,False,"2.02,7.01,9.01"
0001370053,"ANAPTYSBIO, INC",0001370053-19-000035,2019-09-30,2019-09-30T16:18:56-04:00,True,"7.01,9.01"
0001370053,"ANAPTYSBIO, INC",0001370053-19-000031,2019-09-25,2019-09-25T16:15:19-04:00,True,5.02
0001370053,"ANAPTYSBIO, INC",0001370053-19-000029,2019-08-19,2019-08-19T16:21:30-04:00,True,5.02
0001370053,"ANAPTYSBIO, INC",0001370053-19-000026,2019-08-08,2019-08-08T16:20:40-04:00,True,"2.02,9.01"
0001370053,"ANAPTYSBIO, INC",0001370053-19-000021,2019-06-11,2019-06-11T16:58:00-04:00,True,5.07
0001370053,"ANAPTYSBIO, INC",0001370053-19-000018,2019-05-07,2019-05-07T16:19:22-04:00,True,"2.02,9.01"
0001370053,"ANAPTYSBIO, INC",0001370053-19-000004,2019-02-28,2019-02-27T17:58:02-05:00,True,"2.02,9.01"
0001438133,TANDEM DIABETES CARE INC,0001438133-25-000237,2025-12-30,2025-12-30T16:29:52-05:00,True,"5.03,9.01"
0001438133,TANDEM DIABETES CARE INC,0001438133-25-000190,2025-11-12,2025-11-12T09:02:09-05:00,False,"5.02,9.01"
0001438133,TANDEM DIABETES CARE INC,0001438133-25-000186,2025-11-06,2025-11-06T16:09:30-05:00,True,"2.02,9.01"
0001438133,TANDEM DIABETES CARE INC,0001438133-25-000160,2025-08-07,2025-08-07T16:09:32-04:00,True,8.01
0001438133,TANDEM DIABETES CARE INC,0001438133-25-000155,2025-08-06,2025-08-06T16:17:35-04:00,True,"2.02,9.01"
0001438133,TANDEM DIABETES CARE INC,0001438133-25-000112,2025-05-23,2025-05-23T16:21:45-04:00,True,"1.01,5.07"
0001438133,TANDEM DIABETES CARE INC,0001438133-25-000091,2025-05-20,2025-05-19T18:28:17-04:00,True,8.01
0001438133,TANDEM DIABETES CARE INC,0001438133-25-000072,2025-05-12,2025-05-12T17:16:49-04:00,True,8.01
0001438133,TANDEM DIABETES CARE INC,0001438133-25-000068,2025-04-30,2025-04-30T16:06:30-04:00,True,"2.02,9.01"
0001438133,TANDEM DIABETES CARE INC,0001438133-25-000035,2025-02-26,2025-02-26T16:07:01-05:00,True,"2.02,9.01"
0001438133,TANDEM DIABETES CARE INC,0001438133-24-000200,2024-11-06,2024-11-06T16:08:01-05:00,True,"2.02,9.01"
0001438133,TANDEM DIABETES CARE INC,0001438133-24-000176,2024-08-01,2024-08-01T16:07:59-04:00,True,"2.02,9.01"
0001438133,TANDEM DIABETES CARE INC,0001438133-24-000166,2024-06-21,2024-06-21T16:19:53-04:00,True,5.02
0001438133,TANDEM DIABETES CARE INC,0001438133-24-000158,2024-06-18,2024-06-18T16:31:22-04:00,True,1.01
0001438133,TANDEM DIABETES CARE INC,0001438133-24-000118,2024-05-23,2024-05-23T16:27:47-04:00,True,"5.02,5.07"
0001438133,TANDEM DIABETES CARE INC,0001438133-24-000088,2024-05-16,2024-05-16T16:35:54-04:00,True,"1.01,8.01,9.01"
0001438133,TANDEM DIABETES CARE INC,0001438133-24-000085,2024-05-02,2024-05-02T16:07:10-04:00,True,"2.02,9.01"
0001438133,TANDEM DIABETES CARE INC,0001438133-24-000047,2024-04-01,2024-04-01T16:33:36-04:00,True,"8.01,9.01"
0001438133,TANDEM DIABETES CARE INC,0001438133-24-000042,2024-03-11,2024-03-08T18:19:50-05:00,True,"1.01,2.03,3.02,8.01,9.01"
0001438133,TANDEM DIABETES CARE INC,0001438133-24-000026,2024-02-21,2024-02-21T16:09:05-05:00,True,"2.02,9.01"
0001438133,TANDEM DIABETES CARE INC,0001438133-23-000253,2023-12-11,2023-12-08T18:32:26-05:00,True,5.02
0001438133,TANDEM DIABETES CARE INC,0001438133-23-000210,2023-11-13,2023-11-09T18:44:17-05:00,True,5.02
0001438133,TANDEM DIABETES CARE INC,0001628280-23-036843,2023-11-06,2023-11-03T19:42:28-04:00,True,8.01
0001438133,TANDEM DIABETES CARE INC,0001438133-23-000206,2023-11-01,2023-11-01T16:03:51-04:00,True,"2.02,9.01"
0001438133,TANDEM DIABETES CARE INC,0001438133-23-000179,2023-08-18,2023-08-18T16:53:13-04:00,True,"5.02,9.01"
0001438133,TANDEM DIABETES CARE INC,0001438133-23-000152,2023-08-03,2023-08-03T16:04:05-04:00,True,"2.02,9.01"
0001438133,TANDEM DIABETES CARE INC,0001438133-23-000094,2023-05-26,2023-05-25T19:39:16-04:00,True,5.07
0001438133,TANDEM DIABETES CARE INC,0001438133-23-000066,2023-05-03,2023-05-03T16:08:22-04:00,True,"2.02,9.01"
0001438133,TANDEM DIABETES CARE INC,0001438133-23-000032,2023-02-22,2023-02-22T16:20:57-05:00,True,"2.02,5.02,9.01"
0001438133,TANDEM DIABETES CARE INC,0001438133-23-000008,2023-01-23,2023-01-23T09:05:30-05:00,False,"2.01,9.01"
0001438133,TANDEM DIABETES CARE INC,0001438133-23-000005,2023-01-10,2023-01-10T16:09:06-05:00,True,"2.02,9.01"
0001438133,TANDEM DIABETES CARE INC,0001438133-22-000257,2022-12-13,2022-12-13T06:35:23-05:00,False,1.01
0001438133,TANDEM DIABETES CARE INC,0001438133-22-000220,2022-11-02,2022-11-02T16:07:56-04:00,True,"2.02,9.01"
0001438133,TANDEM DIABETES CARE INC,0001438133-22-000180,2022-08-03,2022-08-03T16:08:05-04:00,True,"2.02,9.01"
0001438133,TANDEM DIABETES CARE INC,0001438133-22-000163,2022-06-16,2022-06-16T11:53:51-04:00,False,5.02
0001438133,TANDEM DIABETES CARE INC,0001438133-22-000106,2022-05-27,2022-05-27T16:38:25-04:00,True,5.07
0001438133,TANDEM DIABETES CARE INC,0001438133-22-000059,2022-05-04,2022-05-04T16:11:09-04:00,True,"2.02,9.01"
0001438133,TANDEM DIABETES CARE INC,0001438133-22-000037,2022-03-15,2022-03-15T17:14:20-04:00,True,5.02
0001438133,TANDEM DIABETES CARE INC,0001438133-22-000020,2022-02-22,2022-02-22T16:07:46-05:00,True,"2.02,5.02"
0001438133,TANDEM DIABETES CARE INC,0001438133-22-000014,2022-02-16,2022-02-16T08:33:44-05:00,False,8.01
0001438133,TANDEM DIABETES CARE INC,0001438133-21-000194,2021-11-03,2021-11-03T16:05:57-04:00,True,2.02
0001438133,TANDEM DIABETES CARE INC,0001438133-21-000172,2021-09-17,2021-09-17T17:04:57-04:00,True,1.01
0001438133,TANDEM DIABETES CARE INC,0001438133-21-000119,2021-08-04,2021-08-04T16:05:56-04:00,True,2.02
0001438133,TANDEM DIABETES CARE INC,0001438133-21-000036,2021-05-19,2021-05-19T17:11:25-04:00,True,5.07
0001438133,TANDEM DIABETES CARE INC,0001438133-21-000032,2021-05-05,2021-05-05T16:10:43-04:00,True,2.02
0001438133,TANDEM DIABETES CARE INC,0001438133-21-000014,2021-02-24,2021-02-24T16:09:08-05:00,True,"2.02,5.02"
0001438133,TANDEM DIABETES CARE INC,0001438133-21-000007,2021-02-08,2021-02-08T16:06:37-05:00,True,5.03
0001438133,TANDEM DIABETES CARE INC,0001438133-20-000170,2020-12-14,2020-12-14T16:10:22-05:00,True,5.02
0001438133,TANDEM DIABETES CARE INC,0001438133-20-000162,2020-11-23,2020-11-23T16:10:47-05:00,True,1.01
0001438133,TANDEM DIABETES CARE INC,0001438133-20-000154,2020-11-05,2020-11-05T16:11:17-05:00,True,2.02
0001438133,TANDEM DIABETES CARE INC,0001438133-20-000133,2020-08-21,2020-08-21T16:24:16-04:00,True,5.03
0001438133,TANDEM DIABETES CARE INC,0001438133-20-000113,2020-07-30,2020-07-30T18:43:47-04:00,True,5.02
0001438133,TANDEM DIABETES CARE INC,0001438133-20-000112,2020-07-30,2020-07-30T18:42:25-04:00,True,2.02
0001438133,TANDEM DIABETES CARE INC,0001438133-20-000101,2020-07-01,2020-07-01T09:04:25-04:00,False,8.01
0001438133,TANDEM DIABETES CARE INC,0001438133-20-000098,2020-06-25,2020-06-24T20:15:36-04:00,True,7.01
0001438133,TANDEM DIABETES CARE INC,0001438133-20-000095,2020-06-18,2020-06-17T19:26:12-04:00,True,8.01
0001438133,TANDEM DIABETES CARE INC,0001438133-20-000089,2020-06-05,2020-06-04T21:05:19-04:00,True,5.02
0001438133,TANDEM DIABETES CARE INC,0001438133-20-000069,2020-05-28,2020-05-28T17:04:57-04:00,True,8.01
0001438133,TANDEM DIABETES CARE INC,0001438133-20-000066,2020-05-27,2020-05-27T06:05:25-04:00,False,5.02
0001438133,TANDEM DIABETES CARE INC,0001438133-20-000054,2020-05-15,2020-05-15T17:12:31-04:00,True,"1.01,2.03,3.02"
0001438133,TANDEM DIABETES CARE INC,0001438133-20-000039,2020-04-30,2020-04-30T16:07:35-04:00,True,2.02
0001438133,TANDEM DIABETES CARE INC,0001438133-20-000015,2020-02-24,2020-02-24T16:15:27-05:00,True,"2.02,5.02"
0001438133,TANDEM DIABETES CARE INC,0001438133-19-000030,2019-12-13,2019-12-13T17:13:07-05:00,True,8.01
0001438133,TANDEM DIABETES CARE INC,0001438133-19-000024,2019-11-19,2019-11-19T16:23:55-05:00,True,1.01
0001438133,TANDEM DIABETES CARE INC,0001438133-19-000016,2019-11-04,2019-11-04T16:10:01-05:00,True,2.02
0001438133,TANDEM DIABETES CARE INC,0001438133-19-000007,2019-08-01,2019-08-01T16:06:16-04:00,True,2.02
0001438133,TANDEM DIABETES CARE INC,0001564590-19-022812,2019-06-19,2019-06-18T21:31:13-04:00,True,5.07
0001438133,TANDEM DIABETES CARE INC,0000950123-19-005922,2019-06-10,2019-06-10T09:00:05-04:00,False,"8.01,9.01"
0001438133,TANDEM DIABETES CARE INC,0001564590-19-020169,2019-05-22,2019-05-22T16:15:26-04:00,True,1.01
0001438133,TANDEM DIABETES CARE INC,0001564590-19-014278,2019-04-30,2019-04-30T16:10:55-04:00,True,"2.02,9.01"
0001438133,TANDEM DIABETES CARE INC,0001564590-19-008254,2019-03-18,2019-03-18T16:01:29-04:00,True,1.01
0001438133,TANDEM DIABETES CARE INC,0001564590-19-004461,2019-02-26,2019-02-26T16:10:28-05:00,True,"2.02,5.02,9.01"
0001438133,TANDEM DIABETES CARE INC,0001564590-19-000984,2019-01-23,2019-01-23T17:00:25-05:00,True,1.01
0001438133,TANDEM DIABETES CARE INC,0001564590-19-000114,2019-01-03,2019-01-03T17:02:36-05:00,True,"5.02,9.01"
0001863127,"Tyra Biosciences, Inc.",0001193125-25-303162,2025-12-01,2025-12-01T08:00:13-05:00,False,5.02
0001863127,"Tyra Biosciences, Inc.",0001193125-25-266916,2025-11-05,2025-11-05T16:08:59-05:00,True,"2.02,9.01"
0001863127,"Tyra Biosciences, Inc.",0001193125-25-185553,2025-08-22,2025-08-21T21:43:39-04:00,True,8.01
0001863127,"Tyra Biosciences, Inc.",0000950170-25-108876,2025-08-14,2025-08-14T16:11:54-04:00,True,"2.02,9.01"
0001863127,"Tyra Biosciences, Inc.",0001193125-25-152016,2025-06-30,2025-06-30T08:07:00-04:00,False,8.01
0001863127,"Tyra Biosciences, Inc.",0001193125-25-130670,2025-05-29,2025-05-29T16:22:58-04:00,True,5.07
0001863127,"Tyra Biosciences, Inc.",0000950170-25-066924,2025-05-08,2025-05-08T16:06:08-04:00,True,"2.02,9.01"
0001863127,"Tyra Biosciences, Inc.",0000950170-25-046064,2025-03-27,2025-03-27T16:08:37-04:00,True,"2.02,9.01"
0001863127,"Tyra Biosciences, Inc.",0001193125-25-015646,2025-01-29,2025-01-29T16:05:13-05:00,True,5.02
0001863127,"Tyra Biosciences, Inc.",0000950170-24-123286,2024-11-07,2024-11-07T16:05:40-05:00,True,"2.02,9.01"
0001863127,"Tyra Biosciences, Inc.",0001193125-24-244590,2024-10-28,2024-10-28T07:00:28-04:00,False,8.01
0001863127,"Tyra Biosciences, Inc.",0001193125-24-243475,2024-10-25,2024-10-25T08:01:32-04:00,False,"5.02,7.01,8.01,9.01"
0001863127,"Tyra Biosciences, Inc.",0001193125-24-239650,2024-10-18,2024-10-18T16:23:53-04:00,True,"3.02,9.01"
0001863127,"Tyra Biosciences, Inc.",0000950170-24-092756,2024-08-07,2024-08-07T16:05:55-04:00,True,"2.02,9.01"
0001863127,"Tyra Biosciences, Inc.",0001193125-24-151705,2024-05-31,2024-05-31T16:02:00-04:00,True,"3.03,5.03,5.07,9.01"
0001863127,"Tyra Biosciences, Inc.",0000950170-24-056935,2024-05-09,2024-05-09T16:08:53-04:00,True,"2.02,9.01"
0001863127,"Tyra Biosciences, Inc.",0001193125-24-133170,2024-05-07,2024-05-07T16:29:02-04:00,True,5.02
0001863127,"Tyra Biosciences, Inc.",0000950170-24-033455,2024-03-19,2024-03-19T16:05:53-04:00,True,"2.02,9.01"
0001863127,"Tyra Biosciences, Inc.",0001193125-24-023367,2024-02-05,2024-02-05T06:05:32-05:00,False,"1.01,3.02,7.01,9.01"
0001863127,"Tyra Biosciences, Inc.",0001193125-24-021953,2024-02-01,2024-02-01T17:24:53-05:00,True,8.01
0001863127,"Tyra Biosciences, Inc.",0001193125-23-301829,2023-12-22,2023-12-22T09:00:28-05:00,False,8.01
0001863127,"Tyra Biosciences, Inc.",0000950170-23-060235,2023-11-07,2023-11-07T16:07:19-05:00,True,"2.02,9.01"
0001863127,"Tyra Biosciences, Inc.",0001193125-23-264152,2023-10-26,2023-10-26T16:50:00-04:00,True,"5.03,9.01"
0001863127,"Tyra Biosciences, Inc.",0000950170-23-041368,2023-08-10,2023-08-10T16:21:30-04:00,True,"2.02,9.01"
0001863127,"Tyra Biosciences, Inc.",0001193125-23-159845,2023-06-02,2023-06-02T16:15:58-04:00,True,5.07
0001863127,"Tyra Biosciences, Inc.",0000950170-23-017846,2023-05-04,2023-05-04T16:08:36-04:00,True,"2.02,9.01"
0001863127,"Tyra Biosciences, Inc.",0000950170-23-009166,2023-03-22,2023-03-22T16:05:41-04:00,True,"2.02,9.01"
0001863127,"Tyra Biosciences, Inc.",0001193125-23-055156,2023-03-01,2023-03-01T07:30:58-05:00,False,"5.02,8.01"
0001863127,"Tyra Biosciences, Inc.",0001193125-22-293899,2022-11-29,2022-11-29T08:06:02-05:00,False,8.01
0001863127,"Tyra Biosciences, Inc.",0000950170-22-021888,2022-11-03,2022-11-03T16:16:30-04:00,True,"2.02,5.02,9.01"
0001863127,"Tyra Biosciences, Inc.",0001193125-22-256710,2022-10-03,2022-10-03T16:43:06-04:00,True,"1.01,9.01"
0001863127,"Tyra Biosciences, Inc.",0000950170-22-014777,2022-08-04,2022-08-04T16:23:04-04:00,True,"2.02,9.01"
0001863127,"Tyra Biosciences, Inc.",0001193125-22-173822,2022-06-14,2022-06-14T16:01:32-04:00,True,5.07
0001863127,"Tyra Biosciences, Inc.",0001193125-22-142331,2022-05-05,2022-05-05T16:17:58-04:00,True,"2.02,9.01"
0001863127,"Tyra Biosciences, Inc.",0001193125-22-064358,2022-03-03,2022-03-03T16:16:07-05:00,True,"2.02,9.01"
0001863127,"Tyra Biosciences, Inc.",0001193125-21-318435,2021-11-03,2021-11-03T16:16:37-04:00,True,"2.02,7.01,9.01"
0001863127,"Tyra Biosciences, Inc.",0001193125-21-276124,2021-09-17,2021-09-17T16:01:59-04:00,True,"5.03,8.01,9.01"
0002007919,"Inhibrx Biosciences, Inc.",0002007919-25-000097,2025-12-16,2025-12-16T17:00:04-05:00,True,"7.01,8.01,9.01"
0002007919,"Inhibrx Biosciences, Inc.",0002007919-25-000094,2025-11-14,2025-11-13T18:00:35-05:00,True,"2.02,9.01"
0002007919,"Inhibrx Biosciences, Inc.",0002007919-25-000089,2025-10-23,2025-10-23T16:05:56-04:00,True,"7.01,8.01,9.01"
0002007919,"Inhibrx Biosciences, Inc.",0002007919-25-000083,2025-08-13,2025-08-13T16:06:24-04:00,True,"2.02,9.01"
0002007919,"Inhibrx Biosciences, Inc.",0002007919-25-000063,2025-05-28,2025-05-28T16:03:10-04:00,True,5.07
0002007919,"Inhibrx Biosciences, Inc.",0002007919-25-000057,2025-05-14,2025-05-14T16:11:18-04:00,True,"2.02,9.01"
0002007919,"Inhibrx Biosciences, Inc.",0002007919-25-000028,2025-04-01,2025-04-01T16:13:05-04:00,True,5.02
0002007919,"Inhibrx Biosciences, Inc.",0002007919-25-000020,2025-03-17,2025-03-17T16:09:17-04:00,True,"2.02,9.01"
0002007919,"Inhibrx Biosciences, Inc.",0002007919-25-000007,2025-01-21,2025-01-21T17:03:34-05:00,True,"7.01,8.01,9.01"
0002007919,"Inhibrx Biosciences, Inc.",0002007919-25-000003,2025-01-13,2025-01-13T16:18:50-05:00,True,"1.01,2.03,3.02,7.01,9.01"
0002007919,"Inhibrx Biosciences, Inc.",0002007919-24-000060,2024-11-14,2024-11-14T16:25:51-05:00,True,"2.02,9.01"
0002007919,"Inhibrx Biosciences, Inc.",0002007919-24-000054,2024-11-04,2024-11-04T16:36:08-05:00,True,8.01
0002007919,"Inhibrx Biosciences, Inc.",0002007919-24-000031,2024-08-13,2024-08-13T16:09:15-04:00,True,"2.02,7.01,9.01"
0002007919,"Inhibrx Biosciences, Inc.",0002007919-24-000016,2024-06-17,2024-06-17T16:03:05-04:00,True,"7.01,9.01"
0002007919,"Inhibrx Biosciences, Inc.",0001104659-24-066645,2024-05-30,2024-05-30T16:11:21-04:00,True,"1.01,3.02,3.03,5.01,5.02,5.03,8.01,9.01"
0002007919,"Inhibrx Biosciences, Inc.",0001104659-24-065140,2024-05-24,2024-05-24T16:21:16-04:00,True,"7.01,9.01"
0001350653,"Alphatec Holdings, Inc.",0001193125-25-271197,2025-11-07,2025-11-07T09:10:27-05:00,False,"8.01,9.01"
0001350653,"Alphatec Holdings, Inc.",0001193125-25-258609,2025-10-30,2025-10-30T16:23:37-04:00,True,"2.02,9.01"
0001350653,"Alphatec Holdings, Inc.",0000950170-25-100924,2025-07-31,2025-07-31T16:19:03-04:00,True,"2.02,9.01"
0001350653,"Alphatec Holdings, Inc.",0000950170-25-086130,2025-06-13,2025-06-13T16:03:07-04:00,True,"5.03,5.07,9.01"
0001350653,"Alphatec Holdings, Inc.",0000950170-25-061859,2025-05-01,2025-05-01T16:17:29-04:00,True,"2.02,9.01"
0001350653,"Alphatec Holdings, Inc.",0000950170-25-050434,2025-04-03,2025-04-03T16:23:47-04:00,True,5.02
0001350653,"Alphatec Holdings, Inc.",0001193125-25-054786,2025-03-14,2025-03-14T16:03:09-04:00,True,8.01
0001350653,"Alphatec Holdings, Inc.",0001193125-25-049998,2025-03-07,2025-03-07T17:27:17-05:00,True,"1.01,2.03,3.02,9.01"
0001350653,"Alphatec Holdings, Inc.",0001193125-25-047166,2025-03-05,2025-03-05T16:05:17-05:00,True,"8.01,9.01"
0001350653,"Alphatec Holdings, Inc.",0001193125-25-044094,2025-03-03,2025-03-03T16:02:59-05:00,True,"1.01,8.01,9.01"
0001350653,"Alphatec Holdings, Inc.",0000950170-25-027786,2025-02-26,2025-02-26T16:20:40-05:00,True,"2.02,9.01"
0001350653,"Alphatec Holdings, Inc.",0000950170-25-004614,2025-01-13,2025-01-13T09:11:15-05:00,False,"2.02,9.01"
0001350653,"Alphatec Holdings, Inc.",0000950170-24-119022,2024-10-30,2024-10-30T16:20:47-04:00,True,"1.01,2.02,2.03,9.01"
0001350653,"Alphatec Holdings, Inc.",0000950170-24-088609,2024-07-31,2024-07-31T16:20:42-04:00,True,"2.02,5.02,7.01,9.01"
0001350653,"Alphatec Holdings, Inc.",0000950170-24-073859,2024-06-17,2024-06-14T18:09:31-04:00,True,"5.02,5.07,9.01"
0001350653,"Alphatec Holdings, Inc.",0000950170-24-054549,2024-05-07,2024-05-07T16:20:36-04:00,True,"2.02,9.01"
0001350653,"Alphatec Holdings, Inc.",0000950170-24-033642,2024-03-19,2024-03-19T17:05:17-04:00,True,7.01
0001350653,"Alphatec Holdings, Inc.",0000950170-24-021203,2024-02-27,2024-02-27T16:22:19-05:00,True,"2.02,9.01"
0001350653,"Alphatec Holdings, Inc.",0000950170-24-002736,2024-01-08,2024-01-08T09:00:08-05:00,False,"2.02,9.01"
0001350653,"Alphatec Holdings, Inc.",0000950170-24-000544,2024-01-03,2024-01-03T09:00:09-05:00,False,5.02
0001350653,"Alphatec Holdings, Inc.",0000950170-23-059413,2023-11-06,2023-11-06T16:19:17-05:00,True,"2.02,9.01"
0001350653,"Alphatec Holdings, Inc.",0001193125-23-264201,2023-10-27,2023-10-26T17:31:33-04:00,True,"1.01,7.01,9.01"
0001350653,"Alphatec Holdings, Inc.",0001193125-23-261657,2023-10-24,2023-10-24T16:05:56-04:00,True,"2.02,7.01,9.01"
0001350653,"Alphatec Holdings, Inc.",0000950170-23-053803,2023-10-17,2023-10-17T17:05:30-04:00,True,"5.02,7.01,9.01"
0001350653,"Alphatec Holdings, Inc.",0000950170-23-053419,2023-10-16,2023-10-16T09:03:44-04:00,False,"2.02,9.01"
0001350653,"Alphatec Holdings, Inc.",0000950170-23-038024,2023-08-03,2023-08-03T16:17:45-04:00,True,"2.02,9.01"
0001350653,"Alphatec Holdings, Inc.",0000950170-23-033728,2023-07-21,2023-07-20T20:32:53-04:00,True,"5.02,9.01"
0001350653,"Alphatec Holdings, Inc.",0000950170-23-028307,2023-06-15,2023-06-15T16:30:21-04:00,True,"5.07,9.01"
0001350653,"Alphatec Holdings, Inc.",0000950170-23-017916,2023-05-04,2023-05-04T16:24:37-04:00,True,"2.02,9.01"
0001350653,"Alphatec Holdings, Inc.",0001193125-23-108488,2023-04-20,2023-04-20T17:21:55-04:00,True,"1.01,8.01,9.01"
0001350653,"Alphatec Holdings, Inc.",0001193125-23-106427,2023-04-19,2023-04-19T16:01:54-04:00,True,"1.01,2.01,2.02,8.01,9.01"
0001350653,"Alphatec Holdings, Inc.",0000950170-23-007469,2023-03-13,2023-03-13T09:05:53-04:00,False,7.01
0001350653,"Alphatec Holdings, Inc.",0000950170-23-005104,2023-02-28,2023-02-28T16:15:49-05:00,True,"2.02,9.01"
0001350653,"Alphatec Holdings, Inc.",0000950170-23-000471,2023-01-09,2023-01-09T09:00:44-05:00,False,"1.01,2.02,2.03,9.01"
0001350653,"Alphatec Holdings, Inc.",0000950170-22-021908,2022-11-03,2022-11-03T16:24:51-04:00,True,"2.02,9.01"
0001350653,"Alphatec Holdings, Inc.",0000950170-22-019404,2022-10-11,2022-10-11T06:03:46-04:00,False,"2.01,9.01"
0001350653,"Alphatec Holdings, Inc.",0000950170-22-019239,2022-10-03,2022-10-03T17:08:58-04:00,True,"1.01,2.03,9.01"
0001350653,"Alphatec Holdings, Inc.",0000950170-22-014765,2022-08-04,2022-08-04T16:18:37-04:00,True,"2.02,9.01"
0001350653,"Alphatec Holdings, Inc.",0000950170-22-011753,2022-06-16,2022-06-16T16:31:02-04:00,True,5.07
0001350653,"Alphatec Holdings, Inc.",0001564590-22-021227,2022-05-25,2022-05-25T10:58:52-04:00,False,"7.01,9.01"
0001350653,"Alphatec Holdings, Inc.",0001564590-22-018290,2022-05-05,2022-05-05T16:34:20-04:00,True,"2.02,9.01"
0001350653,"Alphatec Holdings, Inc.",0001564590-22-008046,2022-03-01,2022-03-01T16:16:06-05:00,True,"2.02,9.01"
0001350653,"Alphatec Holdings, Inc.",0001564590-22-000789,2022-01-10,2022-01-10T09:01:21-05:00,False,"2.02,9.01"
0001350653,"Alphatec Holdings, Inc.",0001564590-21-054496,2021-11-04,2021-11-04T16:16:49-04:00,True,"2.02,9.01"
0001350653,"Alphatec Holdings, Inc.",0001564590-21-049126,2021-09-28,2021-09-28T09:17:18-04:00,False,"8.01,9.01"
0001350653,"Alphatec Holdings, Inc.",0001564590-21-043134,2021-08-10,2021-08-10T17:13:50-04:00,True,"1.01,2.03,3.02,9.01"
0001350653,"Alphatec Holdings, Inc.",0001564590-21-041862,2021-08-06,2021-08-05T21:11:06-04:00,True,"8.01,9.01"
0001350653,"Alphatec Holdings, Inc.",0001564590-21-040813,2021-08-04,2021-08-04T16:10:45-04:00,True,"8.01,9.01"
0001350653,"Alphatec Holdings, Inc.",0001564590-21-040246,2021-08-03,2021-08-03T16:16:24-04:00,True,"2.02,9.01"
0001350653,"Alphatec Holdings, Inc.",0001564590-21-037967,2021-07-26,2021-07-26T16:45:44-04:00,True,"5.02,7.01,9.01"
0001350653,"Alphatec Holdings, Inc.",0001564590-21-036227,2021-07-12,2021-07-12T09:00:23-04:00,False,"2.02,9.01"
0001350653,"Alphatec Holdings, Inc.",0001564590-21-033642,2021-06-21,2021-06-21T16:36:27-04:00,True,"5.02,5.07,7.01,9.01"
0001350653,"Alphatec Holdings, Inc.",0001564590-21-028554,2021-05-18,2021-05-18T09:14:20-04:00,False,"2.01,7.01,9.01"
0001350653,"Alphatec Holdings, Inc.",0001564590-21-024979,2021-05-06,2021-05-06T16:15:47-04:00,True,"2.02,9.01"
0001350653,"Alphatec Holdings, Inc.",0001564590-21-021943,2021-04-29,2021-04-29T16:06:04-04:00,True,"4.01,9.01"
0001350653,"Alphatec Holdings, Inc.",0001564590-21-018082,2021-04-08,2021-04-08T09:10:50-04:00,False,"2.02,5.02,9.01"
0001350653,"Alphatec Holdings, Inc.",0001564590-21-011078,2021-03-05,2021-03-04T21:14:38-05:00,True,"2.02,3.02,9.01"
0001350653,"Alphatec Holdings, Inc.",0001564590-21-007174,2021-02-22,2021-02-22T16:30:58-05:00,True,"5.02,9.01"
0001350653,"Alphatec Holdings, Inc.",0001564590-21-000928,2021-01-12,2021-01-12T09:15:28-05:00,False,"2.02,7.01,9.01"
0001350653,"Alphatec Holdings, Inc.",0001193125-20-319487,2020-12-17,2020-12-17T06:07:07-05:00,False,"1.01,2.03,3.02,7.01,9.01"
0001350653,"Alphatec Holdings, Inc.",0001564590-20-051313,2020-11-05,2020-11-05T16:12:34-05:00,True,"2.02,9.01"
0001350653,"Alphatec Holdings, Inc.",0001193125-20-271231,2020-10-16,2020-10-16T17:19:31-04:00,True,"1.01,8.01,9.01"
0001350653,"Alphatec Holdings, Inc.",0001193125-20-268645,2020-10-13,2020-10-13T17:29:55-04:00,True,"2.02,8.01,9.01"
0001350653,"Alphatec Holdings, Inc.",0001564590-20-037735,2020-08-06,2020-08-06T16:10:49-04:00,True,"1.01,2.02,9.01"
0001350653,"Alphatec Holdings, Inc.",0001564590-20-029713,2020-06-18,2020-06-18T09:00:23-04:00,False,"5.02,5.07,9.01"
0001350653,"Alphatec Holdings, Inc.",0001564590-20-028305,2020-06-04,2020-06-04T09:01:57-04:00,False,"1.01,1.02,2.03,3.02,9.01"
0001350653,"Alphatec Holdings, Inc.",0001564590-20-024191,2020-05-11,2020-05-11T16:10:58-04:00,True,"2.02,9.01"
0001350653,"Alphatec Holdings, Inc.",0001564590-20-018698,2020-04-27,2020-04-27T09:00:34-04:00,False,"1.01,1.02,2.03,7.01,9.01"
0001350653,"Alphatec Holdings, Inc.",0001564590-20-015828,2020-04-08,2020-04-08T09:00:21-04:00,False,"2.02,2.03,7.01,9.01"
0001350653,"Alphatec Holdings, Inc.",0001564590-20-008965,2020-03-05,2020-03-05T16:10:36-05:00,True,"2.02,9.01"
0001350653,"Alphatec Holdings, Inc.",0001193125-20-054035,2020-02-28,2020-02-28T06:25:11-05:00,False,"1.01,3.02,7.01,9.01"
0001350653,"Alphatec Holdings, Inc.",0001564590-20-000946,2020-01-13,2020-01-13T13:43:36-05:00,False,"2.02,9.01"
0001350653,"Alphatec Holdings, Inc.",0001564590-19-045653,2019-12-10,2019-12-10T16:05:24-05:00,True,1.01
0001350653,"Alphatec Holdings, Inc.",0001564590-19-038782,2019-10-30,2019-10-30T16:10:31-04:00,True,"2.02,9.01"
0001350653,"Alphatec Holdings, Inc.",0001193125-19-212044,2019-08-02,2019-08-02T16:17:03-04:00,True,"8.01,9.01"
0001350653,"Alphatec Holdings, Inc.",0001193125-19-207213,2019-07-30,2019-07-30T17:24:32-04:00,True,"8.01,9.01"
0001350653,"Alphatec Holdings, Inc.",0001564590-19-025828,2019-07-24,2019-07-24T16:15:34-04:00,True,"2.02,9.01"
0001350653,"Alphatec Holdings, Inc.",0001564590-19-023672,2019-06-27,2019-06-27T09:05:50-04:00,False,"1.01,2.03,3.02,5.02,9.01"
0001350653,"Alphatec Holdings, Inc.",0001564590-19-022468,2019-06-13,2019-06-13T16:30:40-04:00,True,"5.07,9.01"
0001350653,"Alphatec Holdings, Inc.",0001564590-19-017974,2019-05-09,2019-05-09T16:06:10-04:00,True,"2.02,9.01"
0001350653,"Alphatec Holdings, Inc.",0001564590-19-006769,2019-03-07,2019-03-07T16:05:30-05:00,True,"1.01,2.02,2.03,9.01"
0001350653,"Alphatec Holdings, Inc.",0001564590-19-000298,2019-01-07,2019-01-07T09:01:16-05:00,False,"2.02,5.02,9.01"
0001817713,"Janux Therapeutics, Inc.",0001193125-25-269518,2025-11-06,2025-11-06T16:10:34-05:00,True,"2.02,9.01"
0001817713,"Janux Therapeutics, Inc.",0001193125-25-209259,2025-09-19,2025-09-19T17:06:47-04:00,True,5.02
0001817713,"Janux Therapeutics, Inc.",0000950170-25-105010,2025-08-07,2025-08-07T16:08:37-04:00,True,"2.02,9.01"
0001817713,"Janux Therapeutics, Inc.",0000950170-25-086284,2025-06-13,2025-06-13T16:35:34-04:00,True,5.07
0001817713,"Janux Therapeutics, Inc.",0000950170-25-066969,2025-05-08,2025-05-08T16:12:38-04:00,True,"2.02,9.01"
0001817713,"Janux Therapeutics, Inc.",0000950170-25-029165,2025-02-27,2025-02-27T16:49:12-05:00,True,"2.02,9.01"
0001817713,"Janux Therapeutics, Inc.",0001193125-24-271578,2024-12-05,2024-12-05T16:32:31-05:00,True,"8.01,9.01"
0001817713,"Janux Therapeutics, Inc.",0000950170-24-132302,2024-12-02,2024-12-02T17:10:46-05:00,True,"7.01,8.01,9.01"
0001817713,"Janux Therapeutics, Inc.",0000950170-24-122279,2024-11-06,2024-11-06T16:07:15-05:00,True,"2.02,9.01"
0001817713,"Janux Therapeutics, Inc.",0000950170-24-092830,2024-08-07,2024-08-07T16:20:47-04:00,True,"2.02,9.01"
0001817713,"Janux Therapeutics, Inc.",0000950170-24-085321,2024-07-22,2024-07-22T17:00:50-04:00,True,"5.02,9.01"
0001817713,"Janux Therapeutics, Inc.",0000950170-24-079059,2024-06-28,2024-06-28T16:12:03-04:00,True,5.07
0001817713,"Janux Therapeutics, Inc.",0000950170-24-054950,2024-05-08,2024-05-07T20:05:13-04:00,True,"2.02,9.01"
0001817713,"Janux Therapeutics, Inc.",0000950170-24-028647,2024-03-08,2024-03-08T16:11:29-05:00,True,"2.02,9.01"
0001817713,"Janux Therapeutics, Inc.",0000950170-24-023257,2024-02-29,2024-02-29T17:11:11-05:00,True,"8.01,9.01"
0001817713,"Janux Therapeutics, Inc.",0000950170-24-022266,2024-02-28,2024-02-28T17:15:06-05:00,True,8.01
0001817713,"Janux Therapeutics, Inc.",0000950170-24-021425,2024-02-27,2024-02-27T17:23:20-05:00,True,8.01
0001817713,"Janux Therapeutics, Inc.",0000950170-24-020183,2024-02-26,2024-02-26T16:23:58-05:00,True,"7.01,9.01"
0001817713,"Janux Therapeutics, Inc.",0000950170-23-060238,2023-11-07,2023-11-07T16:07:54-05:00,True,"2.02,9.01"
0001817713,"Janux Therapeutics, Inc.",0000950170-23-039843,2023-08-08,2023-08-08T16:17:10-04:00,True,"2.02,8.01,9.01"
0001817713,"Janux Therapeutics, Inc.",0001193125-23-188867,2023-07-18,2023-07-18T16:16:53-04:00,True,"1.01,8.01,9.01"
0001817713,"Janux Therapeutics, Inc.",0001193125-23-187702,2023-07-17,2023-07-17T08:06:01-04:00,False,"2.02,7.01,8.01,9.01"
0001817713,"Janux Therapeutics, Inc.",0000950170-23-029662,2023-06-23,2023-06-23T16:36:50-04:00,True,5.02
0001817713,"Janux Therapeutics, Inc.",0000950170-23-028982,2023-06-20,2023-06-20T17:17:28-04:00,True,"3.01,5.07"
0001817713,"Janux Therapeutics, Inc.",0000950170-23-019856,2023-05-09,2023-05-09T17:19:03-04:00,True,"1.01,9.01"
0001817713,"Janux Therapeutics, Inc.",0000950170-23-019641,2023-05-09,2023-05-09T16:08:26-04:00,True,"2.02,9.01"
0001817713,"Janux Therapeutics, Inc.",0000950170-23-011433,2023-03-31,2023-03-31T17:03:46-04:00,True,5.02
0001817713,"Janux Therapeutics, Inc.",0000950170-23-007286,2023-03-10,2023-03-10T16:15:29-05:00,True,"2.02,9.01"
0001817713,"Janux Therapeutics, Inc.",0000950170-22-024472,2022-11-10,2022-11-10T16:13:21-05:00,True,"2.02,9.01"
0001817713,"Janux Therapeutics, Inc.",0000950170-22-018774,2022-09-22,2022-09-22T16:46:55-04:00,True,"5.02,9.01"
0001817713,"Janux Therapeutics, Inc.",0000950170-22-016068,2022-08-09,2022-08-09T16:14:25-04:00,True,"2.02,9.01"
0001817713,"Janux Therapeutics, Inc.",0000950170-22-011646,2022-06-15,2022-06-14T19:34:00-04:00,True,5.07
0001817713,"Janux Therapeutics, Inc.",0000950170-22-008972,2022-05-10,2022-05-10T16:10:34-04:00,True,"2.02,9.01"
0001817713,"Janux Therapeutics, Inc.",0000950170-22-006779,2022-05-02,2022-05-02T08:02:29-04:00,False,"8.01,9.01"
0001817713,"Janux Therapeutics, Inc.",0000950170-22-004161,2022-03-18,2022-03-18T16:14:12-04:00,True,"2.02,9.01"
0001817713,"Janux Therapeutics, Inc.",0000950170-21-003727,2021-11-09,2021-11-09T16:03:24-05:00,True,"2.02,9.01"
0001817713,"Janux Therapeutics, Inc.",0000950170-21-001977,2021-10-01,2021-10-01T16:59:36-04:00,True,"1.01,2.03"
0001817713,"Janux Therapeutics, Inc.",0000950170-21-001745,2021-09-09,2021-09-09T17:01:13-04:00,True,5.02
0001817713,"Janux Therapeutics, Inc.",0000950170-21-001576,2021-08-27,2021-08-27T16:30:59-04:00,True,"1.01,2.03"
0001817713,"Janux Therapeutics, Inc.",0000950170-21-001172,2021-08-10,2021-08-10T16:06:51-04:00,True,"2.02,9.01"
0001817713,"Janux Therapeutics, Inc.",0001193125-21-217455,2021-07-16,2021-07-16T16:30:57-04:00,True,5.02
0001817713,"Janux Therapeutics, Inc.",0001193125-21-191155,2021-06-15,2021-06-15T16:10:58-04:00,True,"5.03,8.01,9.01"
0001422143,"Kura Oncology, Inc.",0001193125-25-304559,2025-12-02,2025-12-02T08:10:16-05:00,False,8.01
0001422143,"Kura Oncology, Inc.",0001193125-25-280255,2025-11-13,2025-11-13T16:27:09-05:00,True,8.01
0001422143,"Kura Oncology, Inc.",0001193125-25-263491,2025-11-04,2025-11-04T06:35:25-05:00,False,"2.02,9.01"
0001422143,"Kura Oncology, Inc.",0001193125-25-249348,2025-10-24,2025-10-24T07:24:52-04:00,False,8.01
0001422143,"Kura Oncology, Inc.",0001193125-25-241416,2025-10-16,2025-10-16T16:11:18-04:00,True,"8.01,9.01"
0001422143,"Kura Oncology, Inc.",0000950170-25-105024,2025-08-07,2025-08-07T16:10:49-04:00,True,"2.02,9.01"
0001422143,"Kura Oncology, Inc.",0001193125-25-153393,2025-07-01,2025-07-01T06:09:24-04:00,False,1.01
0001422143,"Kura Oncology, Inc.",0001193125-25-142816,2025-06-18,2025-06-18T17:20:51-04:00,True,"8.01,9.01"
0001422143,"Kura Oncology, Inc.",0000950170-25-083046,2025-06-06,2025-06-06T16:05:18-04:00,True,"5.02,5.07,9.01"
0001422143,"Kura Oncology, Inc.",0001193125-25-133717,2025-06-03,2025-06-03T06:04:07-04:00,False,"8.01,9.01"
0001422143,"Kura Oncology, Inc.",0000950170-25-061836,2025-05-01,2025-05-01T16:10:11-04:00,True,"2.02,9.01"
0001422143,"Kura Oncology, Inc.",0000950170-25-027706,2025-02-26,2025-02-26T16:05:09-05:00,True,2.02
0001422143,"Kura Oncology, Inc.",0001193125-25-020831,2025-02-05,2025-02-05T16:13:00-05:00,True,"8.01,9.01"
0001422143,"Kura Oncology, Inc.",0001193125-25-006197,2025-01-14,2025-01-14T16:36:23-05:00,True,"1.01,2.03"
0001422143,"Kura Oncology, Inc.",0001193125-25-002189,2025-01-06,2025-01-06T16:35:52-05:00,True,"5.02,8.01"
0001422143,"Kura Oncology, Inc.",0001193125-24-283109,2024-12-20,2024-12-20T16:07:00-05:00,True,"8.01,9.01"
0001422143,"Kura Oncology, Inc.",0001193125-24-262641,2024-11-20,2024-11-20T17:21:01-05:00,True,1.01
0001422143,"Kura Oncology, Inc.",0000950170-24-123321,2024-11-07,2024-11-07T16:10:09-05:00,True,"2.02,9.01"
0001422143,"Kura Oncology, Inc.",0001193125-24-220529,2024-09-17,2024-09-17T16:05:52-04:00,True,5.02
0001422143,"Kura Oncology, Inc.",0000950170-24-093945,2024-08-08,2024-08-08T16:10:09-04:00,True,"2.02,9.01"
0001422143,"Kura Oncology, Inc.",0000950170-24-070584,2024-06-07,2024-06-07T16:05:11-04:00,True,"5.02,5.07,9.01"
0001422143,"Kura Oncology, Inc.",0001193125-24-147030,2024-05-24,2024-05-24T16:06:05-04:00,True,8.01
0001422143,"Kura Oncology, Inc.",0000950170-24-052109,2024-05-02,2024-05-02T16:10:11-04:00,True,"2.02,9.01"
0001422143,"Kura Oncology, Inc.",0000950170-24-021087,2024-02-27,2024-02-27T16:03:14-05:00,True,"2.02,9.01"
0001422143,"Kura Oncology, Inc.",0001193125-24-018713,2024-01-30,2024-01-30T07:08:06-05:00,False,"2.02,8.01,9.01"
0001422143,"Kura Oncology, Inc.",0001193125-24-016715,2024-01-26,2024-01-26T16:08:54-05:00,True,"1.01,3.02,8.01,9.01"
0001422143,"Kura Oncology, Inc.",0001193125-23-301830,2023-12-22,2023-12-22T09:01:59-05:00,False,"8.01,9.01"
0001422143,"Kura Oncology, Inc.",0000950170-23-058157,2023-11-02,2023-11-02T16:03:08-04:00,True,"2.02,9.01"
0001422143,"Kura Oncology, Inc.",0001193125-23-227632,2023-09-01,2023-09-01T16:05:58-04:00,True,1.01
0001422143,"Kura Oncology, Inc.",0000950170-23-037994,2023-08-03,2023-08-03T16:13:20-04:00,True,"2.02,9.01"
0001422143,"Kura Oncology, Inc.",0001193125-23-166858,2023-06-14,2023-06-14T16:07:31-04:00,True,"8.01,9.01"
0001422143,"Kura Oncology, Inc.",0001193125-23-164835,2023-06-12,2023-06-12T06:06:54-04:00,False,"8.01,9.01"
0001422143,"Kura Oncology, Inc.",0000950170-23-026086,2023-06-02,2023-06-02T16:21:11-04:00,True,"5.02,5.07,9.01"
0001422143,"Kura Oncology, Inc.",0000950170-23-020508,2023-05-10,2023-05-10T16:07:13-04:00,True,"2.02,9.01"
0001422143,"Kura Oncology, Inc.",0001193125-23-105746,2023-04-19,2023-04-19T08:31:00-04:00,False,"8.01,9.01"
0001422143,"Kura Oncology, Inc.",0001193125-23-067513,2023-03-10,2023-03-10T15:25:33-05:00,False,7.01
0001422143,"Kura Oncology, Inc.",0000950170-23-004098,2023-02-23,2023-02-23T16:07:09-05:00,True,"2.02,9.01"
0001422143,"Kura Oncology, Inc.",0001193125-23-008358,2023-01-13,2023-01-13T16:10:55-05:00,True,5.02
0001422143,"Kura Oncology, Inc.",0001193125-23-004159,2023-01-09,2023-01-09T07:46:15-05:00,False,"2.02,8.01,9.01"
0001422143,"Kura Oncology, Inc.",0001193125-22-302283,2022-12-12,2022-12-12T07:51:09-05:00,False,8.01
0001422143,"Kura Oncology, Inc.",0001193125-22-276906,2022-11-03,2022-11-03T16:16:07-04:00,True,"8.01,9.01"
0001422143,"Kura Oncology, Inc.",0000950170-22-021564,2022-11-03,2022-11-03T07:47:11-04:00,False,"2.02,9.01"
0001422143,"Kura Oncology, Inc.",0001193125-22-276373,2022-11-03,2022-11-03T07:16:03-04:00,False,"1.01,2.03,3.02,7.01,9.01"
0001422143,"Kura Oncology, Inc.",0001193125-22-254305,2022-09-29,2022-09-29T16:05:02-04:00,True,5.02
0001422143,"Kura Oncology, Inc.",0000950170-22-014242,2022-08-03,2022-08-03T16:09:25-04:00,True,"2.02,9.01"
0001422143,"Kura Oncology, Inc.",0000950170-22-012040,2022-06-23,2022-06-23T16:36:32-04:00,True,5.07
0001422143,"Kura Oncology, Inc.",0000950170-22-007388,2022-05-04,2022-05-04T16:15:29-04:00,True,"2.02,9.01"
0001422143,"Kura Oncology, Inc.",0001193125-22-052342,2022-02-24,2022-02-24T17:05:00-05:00,True,"1.01,1.02,9.01"
0001422143,"Kura Oncology, Inc.",0000950170-22-001964,2022-02-24,2022-02-24T16:07:46-05:00,True,"2.02,9.01"
0001422143,"Kura Oncology, Inc.",0001193125-22-024600,2022-02-01,2022-02-01T16:14:00-05:00,True,5.02
0001422143,"Kura Oncology, Inc.",0001193125-22-013806,2022-01-20,2022-01-20T16:25:04-05:00,True,8.01
0001422143,"Kura Oncology, Inc.",0001193125-21-339334,2021-11-24,2021-11-24T06:50:58-05:00,False,8.01
0001422143,"Kura Oncology, Inc.",0001564590-21-054488,2021-11-04,2021-11-04T16:13:02-04:00,True,"2.02,9.01"
0001422143,"Kura Oncology, Inc.",0001564590-21-041588,2021-08-05,2021-08-05T16:11:29-04:00,True,"2.02,9.01"
0001422143,"Kura Oncology, Inc.",0001193125-21-228185,2021-07-29,2021-07-29T07:36:01-04:00,False,"5.02,9.01"
0001422143,"Kura Oncology, Inc.",0001564590-21-034591,2021-06-25,2021-06-25T16:15:57-04:00,True,5.07
0001422143,"Kura Oncology, Inc.",0001193125-21-182056,2021-06-04,2021-06-04T07:36:31-04:00,False,"5.02,9.01"
0001422143,"Kura Oncology, Inc.",0001564590-21-029533,2021-05-24,2021-05-24T16:37:02-04:00,True,1.02
0001422143,"Kura Oncology, Inc.",0001564590-21-028255,2021-05-17,2021-05-17T12:44:51-04:00,False,"1.01,2.03"
0001422143,"Kura Oncology, Inc.",0001564590-21-024963,2021-05-06,2021-05-06T16:11:13-04:00,True,"2.02,9.01"
0001422143,"Kura Oncology, Inc.",0001564590-21-007821,2021-02-24,2021-02-24T07:25:22-05:00,False,"2.02,9.01"
0001422143,"Kura Oncology, Inc.",0001564590-21-000673,2021-01-08,2021-01-08T16:05:25-05:00,True,1.01
0001422143,"Kura Oncology, Inc.",0001193125-20-313807,2020-12-09,2020-12-09T16:04:32-05:00,True,"8.01,9.01"
0001422143,"Kura Oncology, Inc.",0001193125-20-311098,2020-12-07,2020-12-07T06:08:25-05:00,False,"8.01,9.01"
0001422143,"Kura Oncology, Inc.",0001564590-20-050877,2020-11-05,2020-11-05T07:40:57-05:00,False,"2.02,9.01"
0001422143,"Kura Oncology, Inc.",0001564590-20-050279,2020-11-04,2020-11-04T11:23:46-05:00,False,"7.01,9.01"
0001422143,"Kura Oncology, Inc.",0001564590-20-037726,2020-08-06,2020-08-06T16:07:46-04:00,True,"2.02,9.01"
0001422143,"Kura Oncology, Inc.",0001564590-20-030805,2020-06-26,2020-06-26T16:01:38-04:00,True,5.07
0001422143,"Kura Oncology, Inc.",0001564590-20-027461,2020-05-29,2020-05-29T08:16:02-04:00,False,"8.01,9.01"
0001422143,"Kura Oncology, Inc.",0001193125-20-134958,2020-05-06,2020-05-06T16:34:16-04:00,True,"8.01,9.01"
0001422143,"Kura Oncology, Inc.",0001564590-20-020830,2020-05-04,2020-05-04T16:10:22-04:00,True,"2.02,9.01"
0001422143,"Kura Oncology, Inc.",0001564590-20-018486,2020-04-24,2020-04-24T16:05:29-04:00,True,"1.01,2.03"
0001422143,"Kura Oncology, Inc.",0001564590-20-015710,2020-04-07,2020-04-07T16:05:43-04:00,True,"1.01,9.01"
0001422143,"Kura Oncology, Inc.",0001564590-20-013191,2020-03-26,2020-03-26T16:05:30-04:00,True,"1.01,2.03"
0001422143,"Kura Oncology, Inc.",0001564590-20-008679,2020-03-04,2020-03-04T16:05:35-05:00,True,"8.01,9.01"
0001422143,"Kura Oncology, Inc.",0001564590-20-006383,2020-02-25,2020-02-25T16:05:27-05:00,True,"2.02,9.01"
0001422143,"Kura Oncology, Inc.",0001193125-20-013127,2020-01-23,2020-01-23T16:36:33-05:00,True,5.02
0001422143,"Kura Oncology, Inc.",0001564590-20-000890,2020-01-13,2020-01-13T08:00:38-05:00,False,"7.01,9.01"
0001422143,"Kura Oncology, Inc.",0001564590-20-000755,2020-01-10,2020-01-10T16:05:34-05:00,True,"1.01,2.03"
0001422143,"Kura Oncology, Inc.",0001193125-19-314539,2019-12-16,2019-12-16T07:36:35-05:00,False,"8.01,9.01"
0001422143,"Kura Oncology, Inc.",0000950123-19-011815,2019-12-09,2019-12-09T07:01:02-05:00,False,"8.01,9.01"
0001422143,"Kura Oncology, Inc.",0001564590-19-040374,2019-11-05,2019-11-05T16:10:24-05:00,True,"2.02,9.01"
0001422143,"Kura Oncology, Inc.",0001564590-19-038526,2019-10-30,2019-10-30T09:01:32-04:00,False,"8.01,9.01"
0001422143,"Kura Oncology, Inc.",0001193125-19-267267,2019-10-15,2019-10-15T08:00:43-04:00,False,"5.02,9.01"
0001422143,"Kura Oncology, Inc.",0001193125-19-235863,2019-09-03,2019-09-03T08:02:32-04:00,False,"8.01,9.01"
0001422143,"Kura Oncology, Inc.",0001193125-19-219012,2019-08-12,2019-08-12T16:12:02-04:00,True,"5.02,8.01,9.01"
0001422143,"Kura Oncology, Inc.",0001564590-19-027949,2019-08-01,2019-08-01T16:07:17-04:00,True,"2.02,9.01"
0001422143,"Kura Oncology, Inc.",0001564590-19-023825,2019-06-27,2019-06-27T16:01:24-04:00,True,5.07
0001422143,"Kura Oncology, Inc.",0001193125-19-176463,2019-06-19,2019-06-19T16:03:56-04:00,True,"8.01,9.01"
0001422143,"Kura Oncology, Inc.",0001193125-19-173019,2019-06-14,2019-06-14T07:12:58-04:00,False,"8.01,9.01"
0001422143,"Kura Oncology, Inc.",0001564590-19-016500,2019-05-07,2019-05-07T16:10:22-04:00,True,"2.02,9.01"
0001422143,"Kura Oncology, Inc.",0001193125-19-064084,2019-03-05,2019-03-05T16:21:03-05:00,True,"1.01,9.01"
0001422143,"Kura Oncology, Inc.",0001564590-19-006260,2019-03-05,2019-03-05T16:04:28-05:00,True,"2.02,9.01"
0001422143,"Kura Oncology, Inc.",0001564590-19-000287,2019-01-07,2019-01-07T08:30:47-05:00,False,"7.01,9.01"
0001906324,QuidelOrtho Corp,0001193125-25-273317,2025-11-10,2025-11-10T08:02:30-05:00,False,"7.01,9.01"
0001906324,QuidelOrtho Corp,0001906324-25-000158,2025-11-05,2025-11-05T16:08:26-05:00,True,"2.02,9.01"
0001906324,QuidelOrtho Corp,0001193125-25-185355,2025-08-21,2025-08-21T16:35:40-04:00,True,"1.01,2.03,8.01,9.01"
0001906324,QuidelOrtho Corp,0001906324-25-000150,2025-08-05,2025-08-05T16:11:59-04:00,True,"2.02,9.01"
0001906324,QuidelOrtho Corp,0001193125-25-127604,2025-05-27,2025-05-27T16:31:27-04:00,True,"5.02,5.07,9.01"
0001906324,QuidelOrtho Corp,0001906324-25-000055,2025-05-07,2025-05-07T16:07:42-04:00,True,"2.02,9.01"
0001906324,QuidelOrtho Corp,0001906324-25-000037,2025-03-04,2025-03-04T16:15:31-05:00,True,"4.01,9.01"
0001906324,QuidelOrtho Corp,0001906324-25-000031,2025-02-12,2025-02-12T16:06:59-05:00,True,"2.02,9.01"
0001906324,QuidelOrtho Corp,0001906324-25-000003,2025-01-13,2025-01-13T09:03:17-05:00,False,"2.02,9.01"
0001906324,QuidelOrtho Corp,0001906324-24-000069,2024-12-10,2024-12-10T07:02:08-05:00,False,"5.02,9.01"
0001906324,QuidelOrtho Corp,0001193125-24-263447,2024-11-21,2024-11-21T16:36:01-05:00,True,"5.02,8.01,9.01"
0001906324,QuidelOrtho Corp,0001906324-24-000059,2024-11-18,2024-11-18T17:16:14-05:00,True,5.02
0001906324,QuidelOrtho Corp,0001906324-24-000051,2024-11-08,2024-11-08T11:17:19-05:00,False,5.02
0001906324,QuidelOrtho Corp,0001906324-24-000048,2024-11-07,2024-11-07T16:08:27-05:00,True,"2.02,9.01"
0001906324,QuidelOrtho Corp,0001906324-24-000042,2024-07-31,2024-07-31T16:08:04-04:00,True,"2.02,9.01"
0001906324,QuidelOrtho Corp,0001906324-24-000034,2024-05-17,2024-05-17T16:21:05-04:00,True,5.07
0001906324,QuidelOrtho Corp,0001906324-24-000030,2024-05-08,2024-05-08T16:07:08-04:00,True,"2.02,9.01"
0001906324,QuidelOrtho Corp,0001906324-24-000025,2024-05-07,2024-05-07T16:14:37-04:00,True,"5.02,7.01,9.01"
0001906324,QuidelOrtho Corp,0001906324-24-000021,2024-04-29,2024-04-29T08:00:19-04:00,False,"1.01,9.01"
0001906324,QuidelOrtho Corp,0001906324-24-000008,2024-02-21,2024-02-21T07:30:20-05:00,False,5.02
0001906324,QuidelOrtho Corp,0001906324-24-000006,2024-02-16,2024-02-16T07:00:20-05:00,False,7.01
0001906324,QuidelOrtho Corp,0001906324-24-000002,2024-02-13,2024-02-13T16:07:22-05:00,True,"2.02,9.01"
0001906324,QuidelOrtho Corp,0001906324-23-000061,2023-12-01,2023-12-01T16:40:37-05:00,True,"5.02,9.01"
0001906324,QuidelOrtho Corp,0001906324-23-000056,2023-11-01,2023-11-01T16:12:05-04:00,True,"2.02,9.01"
0001906324,QuidelOrtho Corp,0001906324-23-000052,2023-10-12,2023-10-12T07:04:57-04:00,False,"2.02,9.01"
0001906324,QuidelOrtho Corp,0001906324-23-000048,2023-08-18,2023-08-18T16:06:33-04:00,True,5.02
0001906324,QuidelOrtho Corp,0001906324-23-000044,2023-08-08,2023-08-08T17:00:08-04:00,True,"2.02,9.01"
0001906324,QuidelOrtho Corp,0001906324-23-000036,2023-05-19,2023-05-19T16:07:24-04:00,True,5.07
0001906324,QuidelOrtho Corp,0001906324-23-000030,2023-05-03,2023-05-03T16:14:46-04:00,True,"2.02,9.01"
0001906324,QuidelOrtho Corp,0001906324-23-000027,2023-04-13,2023-04-13T16:22:22-04:00,True,"2.02,9.01"
0001906324,QuidelOrtho Corp,0001906324-23-000024,2023-04-10,2023-04-10T16:33:33-04:00,True,5.02
0001906324,QuidelOrtho Corp,0001906324-23-000008,2023-02-15,2023-02-15T16:16:25-05:00,True,"2.02,9.01"
0001906324,QuidelOrtho Corp,0001906324-23-000002,2023-01-06,2023-01-06T16:26:38-05:00,True,"2.02,9.01"
0001906324,QuidelOrtho Corp,0001906324-22-000038,2022-12-13,2022-12-13T17:22:31-05:00,True,"5.02,5.03,9.01"
0001906324,QuidelOrtho Corp,0001906324-22-000035,2022-12-05,2022-12-05T07:48:42-05:00,False,8.01
0001906324,QuidelOrtho Corp,0001906324-22-000029,2022-11-02,2022-11-02T16:11:20-04:00,True,"2.02,9.01"
0001906324,QuidelOrtho Corp,0001906324-22-000026,2022-10-12,2022-10-12T16:11:16-04:00,True,"2.02,9.01"
0001906324,QuidelOrtho Corp,0001906324-22-000019,2022-08-17,2022-08-17T16:55:49-04:00,True,"8.01,9.01"
0001906324,QuidelOrtho Corp,0001906324-22-000008,2022-08-04,2022-08-04T16:34:55-04:00,True,"2.02,9.01"
0001906324,QuidelOrtho Corp,0001906324-22-000004,2022-07-07,2022-07-07T17:02:26-04:00,True,"7.01,9.01"
0001906324,QuidelOrtho Corp,0001193125-22-168410,2022-06-06,2022-06-06T16:43:36-04:00,True,5.02
0001807120,"Design Therapeutics, Inc.",0001193125-25-266933,2025-11-05,2025-11-05T16:10:32-05:00,True,"2.02,9.01"
0001807120,"Design Therapeutics, Inc.",0001807120-25-000004,2025-09-10,2025-09-10T16:04:30-04:00,True,5.02
0001807120,"Design Therapeutics, Inc.",0000950170-25-105008,2025-08-07,2025-08-07T16:08:29-04:00,True,"2.02,7.01"
0001807120,"Design Therapeutics, Inc.",0000950170-25-085380,2025-06-12,2025-06-12T16:18:23-04:00,True,5.07
0001807120,"Design Therapeutics, Inc.",0000950170-25-065613,2025-05-07,2025-05-07T16:04:40-04:00,True,"2.02,9.01"
0001807120,"Design Therapeutics, Inc.",0000950170-25-035909,2025-03-10,2025-03-10T07:10:34-04:00,False,"2.02,9.01"
0001807120,"Design Therapeutics, Inc.",0000950170-25-004612,2025-01-13,2025-01-13T09:09:12-05:00,False,"7.01,9.01"
0001807120,"Design Therapeutics, Inc.",0000950170-24-123289,2024-11-07,2024-11-07T16:06:08-05:00,True,"2.02,9.01"
0001807120,"Design Therapeutics, Inc.",0000950170-24-090332,2024-08-05,2024-08-05T08:01:14-04:00,False,"2.02,9.01"
0001807120,"Design Therapeutics, Inc.",0000950170-24-074243,2024-06-17,2024-06-17T16:12:31-04:00,True,5.07
0001807120,"Design Therapeutics, Inc.",0000950170-24-055645,2024-05-08,2024-05-08T16:09:14-04:00,True,"2.02,9.01"
0001807120,"Design Therapeutics, Inc.",0000950170-24-033475,2024-03-19,2024-03-19T16:12:56-04:00,True,"2.02,9.01"
0001807120,"Design Therapeutics, Inc.",0000950170-23-062937,2023-11-13,2023-11-13T16:10:07-05:00,True,"2.02,9.01"
0001807120,"Design Therapeutics, Inc.",0001193125-23-221586,2023-08-25,2023-08-25T17:01:33-04:00,True,5.02
0001807120,"Design Therapeutics, Inc.",0000950170-23-042392,2023-08-14,2023-08-14T16:07:12-04:00,True,"2.02,9.01"
0001807120,"Design Therapeutics, Inc.",0001193125-23-159009,2023-06-01,2023-06-01T16:45:35-04:00,True,5.07
0001807120,"Design Therapeutics, Inc.",0000950170-23-019682,2023-05-09,2023-05-09T16:13:38-04:00,True,"2.02,9.01"
0001807120,"Design Therapeutics, Inc.",0000950170-23-007864,2023-03-14,2023-03-14T16:07:42-04:00,True,"2.02,9.01"
0001807120,"Design Therapeutics, Inc.",0000950170-22-021862,2022-11-03,2022-11-03T16:09:46-04:00,True,"2.02,9.01"
0001807120,"Design Therapeutics, Inc.",0000950170-22-015520,2022-08-08,2022-08-08T16:08:13-04:00,True,"2.02,9.01"
0001807120,"Design Therapeutics, Inc.",0000950170-22-011751,2022-06-16,2022-06-16T16:25:39-04:00,True,5.07
0001807120,"Design Therapeutics, Inc.",0000950170-22-008486,2022-05-09,2022-05-09T16:09:29-04:00,True,"2.02,9.01"
0001807120,"Design Therapeutics, Inc.",0000950170-22-004311,2022-03-22,2022-03-22T16:36:06-04:00,True,"1.01,9.01"
0001807120,"Design Therapeutics, Inc.",0000950170-22-003356,2022-03-10,2022-03-10T16:06:23-05:00,True,"2.02,9.01"
0001807120,"Design Therapeutics, Inc.",0000950170-21-003747,2021-11-09,2021-11-09T16:11:32-05:00,True,"2.02,9.01"
0001807120,"Design Therapeutics, Inc.",0001193125-21-252071,2021-08-20,2021-08-20T08:01:10-04:00,False,5.02
0001807120,"Design Therapeutics, Inc.",0001564590-21-042617,2021-08-09,2021-08-09T16:05:37-04:00,True,"2.02,9.01"
0001807120,"Design Therapeutics, Inc.",0001193125-21-239304,2021-08-06,2021-08-06T16:31:52-04:00,True,5.02
0001807120,"Design Therapeutics, Inc.",0001564590-21-031964,2021-06-07,2021-06-07T16:26:04-04:00,True,5.02
0001807120,"Design Therapeutics, Inc.",0001564590-21-026050,2021-05-10,2021-05-10T16:10:19-04:00,True,"2.02,9.01"
0001807120,"Design Therapeutics, Inc.",0001193125-21-100253,2021-03-30,2021-03-30T16:44:52-04:00,True,"5.03,8.01,9.01"
0001124105,"GYRE THERAPEUTICS, INC.",0001193125-25-270524,2025-11-07,2025-11-06T21:55:26-05:00,True,"2.02,9.01"
0001124105,"GYRE THERAPEUTICS, INC.",0001140361-25-034506,2025-09-10,2025-09-10T09:00:50-04:00,False,"8.01,9.01"
0001124105,"GYRE THERAPEUTICS, INC.",0001140361-25-032295,2025-08-22,2025-08-22T07:05:42-04:00,False,"5.02,7.01,9.01"
0001124105,"GYRE THERAPEUTICS, INC.",0000950170-25-106525,2025-08-11,2025-08-11T16:00:57-04:00,True,"2.02,5.02,7.01,9.01"
0001124105,"GYRE THERAPEUTICS, INC.",0001140361-25-021612,2025-06-06,2025-06-05T19:27:38-04:00,True,5.07
0001124105,"GYRE THERAPEUTICS, INC.",0001140361-25-020353,2025-05-23,2025-05-23T16:46:36-04:00,True,"1.01,9.01"
0001124105,"GYRE THERAPEUTICS, INC.",0001140361-25-020157,2025-05-22,2025-05-22T16:01:49-04:00,True,"7.01,8.01,9.01"
0001124105,"GYRE THERAPEUTICS, INC.",0000950170-25-067452,2025-05-09,2025-05-08T20:30:09-04:00,True,"2.02,9.01"
0001124105,"GYRE THERAPEUTICS, INC.",0001140361-25-015880,2025-04-28,2025-04-28T07:05:24-04:00,False,"7.01,9.01"
0001124105,"GYRE THERAPEUTICS, INC.",0000950170-25-040232,2025-03-17,2025-03-17T16:05:10-04:00,True,"2.02,9.01"
0001124105,"GYRE THERAPEUTICS, INC.",0001140361-25-004957,2025-02-18,2025-02-18T06:01:21-05:00,False,"2.02,7.01,9.01"
0001124105,"GYRE THERAPEUTICS, INC.",0001140361-25-000292,2025-01-06,2025-01-06T07:05:30-05:00,False,"5.02,7.01,9.01"
0001124105,"GYRE THERAPEUTICS, INC.",0001140361-24-047980,2024-11-27,2024-11-27T16:25:26-05:00,True,"1.01,9.01"
0001124105,"GYRE THERAPEUTICS, INC.",0000950170-24-125869,2024-11-13,2024-11-12T20:45:07-05:00,True,"2.02,9.01"
0001124105,"GYRE THERAPEUTICS, INC.",0000950170-24-095687,2024-08-13,2024-08-12T21:04:54-04:00,True,"2.02,9.01"
0001124105,"GYRE THERAPEUTICS, INC.",0001140361-24-036404,2024-08-08,2024-08-08T16:14:43-04:00,True,"5.02,7.01,8.01,9.01"
0001124105,"GYRE THERAPEUTICS, INC.",0001140361-24-032511,2024-07-05,2024-07-05T16:45:43-04:00,True,"3.01,5.02"
0001124105,"GYRE THERAPEUTICS, INC.",0001140361-24-030348,2024-06-17,2024-06-17T16:30:28-04:00,True,"5.03,5.07,9.01"
0001124105,"GYRE THERAPEUTICS, INC.",0001140361-24-028106,2024-05-30,2024-05-30T16:05:20-04:00,True,"7.01,8.01,9.01"
0001124105,"GYRE THERAPEUTICS, INC.",0000950170-24-056893,2024-05-09,2024-05-09T16:05:45-04:00,True,"2.02,9.01"
0001124105,"GYRE THERAPEUTICS, INC.",0001140361-24-024799,2024-05-08,2024-05-08T08:00:22-04:00,False,"7.01,8.01,9.01"
0001124105,"GYRE THERAPEUTICS, INC.",0001140361-24-015318,2024-03-26,2024-03-26T17:03:08-04:00,True,3.01
0001124105,"GYRE THERAPEUTICS, INC.",0000950170-24-036135,2024-03-26,2024-03-25T21:55:13-04:00,True,"2.02,9.01"
0001124105,"GYRE THERAPEUTICS, INC.",0001140361-24-014493,2024-03-21,2024-03-21T07:15:51-04:00,False,"5.02,7.01,9.01"
0001124105,"GYRE THERAPEUTICS, INC.",0001140361-24-008051,2024-02-14,2024-02-14T17:16:03-05:00,True,"2.02,7.01,9.01"
0001124105,"GYRE THERAPEUTICS, INC.",0001140361-23-057889,2023-12-15,2023-12-15T16:21:41-05:00,True,5.02
0001124105,"GYRE THERAPEUTICS, INC.",0001140361-23-056503,2023-12-06,2023-12-06T16:01:15-05:00,True,"7.01,9.01"
0001124105,"GYRE THERAPEUTICS, INC.",0001140361-23-053086,2023-11-14,2023-11-14T07:01:22-05:00,False,"7.01,9.01"
0001124105,"GYRE THERAPEUTICS, INC.",0001140361-23-052715,2023-11-13,2023-11-13T07:01:19-05:00,False,"7.01,9.01"
0001124105,"GYRE THERAPEUTICS, INC.",0001140361-23-051485,2023-11-06,2023-11-06T06:06:32-05:00,False,"7.01,9.01"
0001124105,"GYRE THERAPEUTICS, INC.",0001140361-23-051195,2023-11-02,2023-11-02T17:00:27-04:00,True,"4.01,5.02,9.01"
0001124105,"GYRE THERAPEUTICS, INC.",0001140361-23-050292,2023-10-30,2023-10-30T17:17:21-04:00,True,"1.01,2.01,3.02,3.03,5.01,5.02,5.03,5.05,7.01,9.01"
0001124105,"GYRE THERAPEUTICS, INC.",0001140361-23-050007,2023-10-27,2023-10-27T17:27:49-04:00,True,"7.01,9.01"
0001124105,"GYRE THERAPEUTICS, INC.",0001140361-23-049083,2023-10-23,2023-10-20T20:21:33-04:00,True,8.01
0001124105,"GYRE THERAPEUTICS, INC.",0001140361-23-042067,2023-08-31,2023-08-31T16:17:39-04:00,True,"1.01,3.03,5.03,5.07,8.01,9.01"
0001124105,"GYRE THERAPEUTICS, INC.",0001140361-23-039357,2023-08-14,2023-08-14T06:01:20-04:00,False,"2.02,9.01"
0001124105,"GYRE THERAPEUTICS, INC.",0001140361-23-030517,2023-06-20,2023-06-20T17:00:48-04:00,True,"3.03,5.03,9.01"
0001124105,"GYRE THERAPEUTICS, INC.",0001140361-23-023200,2023-05-05,2023-05-05T16:05:47-04:00,True,3.01
0001124105,"GYRE THERAPEUTICS, INC.",0001140361-23-017337,2023-04-07,2023-04-07T16:16:24-04:00,True,3.01
0001124105,"GYRE THERAPEUTICS, INC.",0001140361-23-014819,2023-03-30,2023-03-30T16:12:07-04:00,True,"1.01,9.01"
0001124105,"GYRE THERAPEUTICS, INC.",0001140361-23-012659,2023-03-21,2023-03-21T06:03:53-04:00,False,"7.01,9.01"
0001124105,"GYRE THERAPEUTICS, INC.",0001140361-23-009748,2023-03-02,2023-03-02T16:16:32-05:00,True,"1.01,2.01,8.01,9.01"
0001124105,"GYRE THERAPEUTICS, INC.",0001140361-23-002126,2023-01-19,2023-01-19T16:01:43-05:00,True,"5.02,9.01"
0001124105,"GYRE THERAPEUTICS, INC.",0001140361-22-046943,2022-12-27,2022-12-27T07:00:33-05:00,False,"1.01,2.01,3.02,5.02,5.03,7.01,8.01,9.01"
0001124105,"GYRE THERAPEUTICS, INC.",0001140361-22-040002,2022-11-04,2022-11-04T16:01:28-04:00,True,3.01
0001124105,"GYRE THERAPEUTICS, INC.",0001140361-22-030838,2022-08-25,2022-08-25T09:29:30-04:00,False,"8.01,9.01"
0001124105,"GYRE THERAPEUTICS, INC.",0001140361-22-030333,2022-08-19,2022-08-19T09:13:10-04:00,False,"8.01,9.01"
0001124105,"GYRE THERAPEUTICS, INC.",0001140361-22-029646,2022-08-15,2022-08-15T16:48:37-04:00,True,5.07
0001124105,"GYRE THERAPEUTICS, INC.",0001140361-22-029645,2022-08-15,2022-08-15T16:42:23-04:00,True,"2.02,9.01"
0001124105,"GYRE THERAPEUTICS, INC.",0001140361-22-027565,2022-08-01,2022-08-01T08:32:00-04:00,False,"8.01,9.01"
0001124105,"GYRE THERAPEUTICS, INC.",0001140361-22-025671,2022-07-11,2022-07-11T10:45:57-04:00,False,"7.01,9.01"
0001124105,"GYRE THERAPEUTICS, INC.",0001193125-22-181696,2022-06-27,2022-06-24T17:48:32-04:00,True,"8.01,9.01"
0001124105,"GYRE THERAPEUTICS, INC.",0001193125-22-170374,2022-06-09,2022-06-08T19:39:55-04:00,True,8.01
0001124105,"GYRE THERAPEUTICS, INC.",0001193125-22-156879,2022-05-23,2022-05-23T08:37:31-04:00,False,"1.01,2.01,9.01"
0001124105,"GYRE THERAPEUTICS, INC.",0001193125-22-144986,2022-05-09,2022-05-09T16:09:49-04:00,True,"2.02,9.01"
0001124105,"GYRE THERAPEUTICS, INC.",0001193125-22-095321,2022-04-05,2022-04-04T19:18:05-04:00,True,"2.02,2.05,5.02,9.01"
0001124105,"GYRE THERAPEUTICS, INC.",0001193125-22-076406,2022-03-16,2022-03-15T19:21:02-04:00,True,"1.02,9.01"
0001124105,"GYRE THERAPEUTICS, INC.",0001193125-22-046614,2022-02-18,2022-02-18T16:16:09-05:00,True,3.01
0001124105,"GYRE THERAPEUTICS, INC.",0001193125-22-016551,2022-01-25,2022-01-25T08:05:33-05:00,False,"8.01,9.01"
0001124105,"GYRE THERAPEUTICS, INC.",0001193125-22-007230,2022-01-12,2022-01-12T06:31:09-05:00,False,"7.01,9.01"
0001124105,"GYRE THERAPEUTICS, INC.",0001193125-21-327327,2021-11-12,2021-11-12T07:23:02-05:00,False,"2.02,2.05,9.01"
0001124105,"GYRE THERAPEUTICS, INC.",0001193125-21-300039,2021-10-15,2021-10-15T16:16:06-04:00,True,"1.01,8.01,9.01"
0001124105,"GYRE THERAPEUTICS, INC.",0001193125-21-297901,2021-10-13,2021-10-13T16:52:56-04:00,True,"5.02,9.01"
0001124105,"GYRE THERAPEUTICS, INC.",0001193125-21-286802,2021-09-29,2021-09-29T16:33:04-04:00,True,"8.01,9.01"
0001124105,"GYRE THERAPEUTICS, INC.",0001193125-21-285231,2021-09-28,2021-09-28T13:22:00-04:00,False,"7.01,9.01"
0001124105,"GYRE THERAPEUTICS, INC.",0001193125-21-267331,2021-09-08,2021-09-08T08:18:56-04:00,False,"5.02,9.01"
0001124105,"GYRE THERAPEUTICS, INC.",0001193125-21-265927,2021-09-07,2021-09-07T06:07:20-04:00,False,"7.01,9.01"
0001124105,"GYRE THERAPEUTICS, INC.",0001193125-21-247691,2021-08-16,2021-08-16T16:04:02-04:00,True,"5.02,9.01"
0001124105,"GYRE THERAPEUTICS, INC.",0001193125-21-237049,2021-08-05,2021-08-05T08:07:16-04:00,False,"2.02,7.01,9.01"
0001124105,"GYRE THERAPEUTICS, INC.",0001193125-21-221838,2021-07-22,2021-07-22T16:06:24-04:00,True,"8.01,9.01"
0001124105,"GYRE THERAPEUTICS, INC.",0001193125-21-218332,2021-07-19,2021-07-19T12:24:00-04:00,False,"7.01,9.01"
0001124105,"GYRE THERAPEUTICS, INC.",0001193125-21-217238,2021-07-16,2021-07-16T14:09:07-04:00,False,"8.01,9.01"
0001124105,"GYRE THERAPEUTICS, INC.",0001193125-21-216469,2021-07-15,2021-07-15T16:46:59-04:00,True,"5.02,9.01"
0001124105,"GYRE THERAPEUTICS, INC.",0001193125-21-203458,2021-06-30,2021-06-29T17:58:55-04:00,True,"8.01,9.01"
0001124105,"GYRE THERAPEUTICS, INC.",0001193125-21-187525,2021-06-10,2021-06-10T11:51:35-04:00,False,"5.02,5.07,9.01"
0001124105,"GYRE THERAPEUTICS, INC.",0001193125-21-164621,2021-05-18,2021-05-18T08:05:32-04:00,False,"8.01,9.01"
0001124105,"GYRE THERAPEUTICS, INC.",0001193125-21-152579,2021-05-06,2021-05-06T08:06:54-04:00,False,"2.02,7.01,9.01"
0001124105,"GYRE THERAPEUTICS, INC.",0001193125-21-150867,2021-05-05,2021-05-05T08:06:01-04:00,False,"7.01,9.01"
0001124105,"GYRE THERAPEUTICS, INC.",0001193125-21-124776,2021-04-21,2021-04-21T16:28:32-04:00,True,1.01
0001124105,"GYRE THERAPEUTICS, INC.",0001193125-21-069772,2021-03-04,2021-03-04T17:27:10-05:00,True,"2.02,9.01"
0001124105,"GYRE THERAPEUTICS, INC.",0001193125-21-066564,2021-03-03,2021-03-03T07:01:19-05:00,False,"7.01,9.01"
0001124105,"GYRE THERAPEUTICS, INC.",0001193125-21-019329,2021-01-27,2021-01-27T17:23:54-05:00,True,"1.01,8.01,9.01"
0001124105,"GYRE THERAPEUTICS, INC.",0001193125-21-017716,2021-01-26,2021-01-26T16:16:14-05:00,True,"7.01,9.01"
0001124105,"GYRE THERAPEUTICS, INC.",0001193125-21-017700,2021-01-26,2021-01-26T16:12:01-05:00,True,"2.02,8.01,9.01"
0001124105,"GYRE THERAPEUTICS, INC.",0001193125-20-316662,2020-12-14,2020-12-14T11:50:50-05:00,False,"7.01,9.01"
0001124105,"GYRE THERAPEUTICS, INC.",0001193125-20-308422,2020-12-02,2020-12-02T16:33:02-05:00,True,"8.01,9.01"
0001124105,"GYRE THERAPEUTICS, INC.",0001193125-20-295393,2020-11-17,2020-11-17T06:07:07-05:00,False,"7.01,9.01"
0001124105,"GYRE THERAPEUTICS, INC.",0001193125-20-286273,2020-11-05,2020-11-05T08:11:02-05:00,False,"2.02,9.01"
0001124105,"GYRE THERAPEUTICS, INC.",0001193125-20-248122,2020-09-17,2020-09-17T16:52:07-04:00,True,"7.01,9.01"
0001124105,"GYRE THERAPEUTICS, INC.",0001193125-20-211965,2020-08-06,2020-08-06T16:32:04-04:00,True,"2.02,9.01"
0001124105,"GYRE THERAPEUTICS, INC.",0001193125-20-174052,2020-06-19,2020-06-19T16:26:33-04:00,True,"1.01,8.01,9.01"
0001124105,"GYRE THERAPEUTICS, INC.",0001193125-20-172413,2020-06-18,2020-06-18T16:02:13-04:00,True,"7.01,9.01"
0001124105,"GYRE THERAPEUTICS, INC.",0001193125-20-171303,2020-06-17,2020-06-17T16:08:03-04:00,True,8.01
0001124105,"GYRE THERAPEUTICS, INC.",0001193125-20-169647,2020-06-16,2020-06-15T20:00:03-04:00,True,"5.02,5.03,5.07,9.01"
0001124105,"GYRE THERAPEUTICS, INC.",0001193125-20-139075,2020-05-11,2020-05-11T16:18:32-04:00,True,"2.02,9.01"
0001124105,"GYRE THERAPEUTICS, INC.",0001193125-20-080653,2020-03-20,2020-03-20T16:11:02-04:00,True,5.02
0001124105,"GYRE THERAPEUTICS, INC.",0001193125-20-043867,2020-02-21,2020-02-20T21:33:02-05:00,True,"2.02,9.01"
0001124105,"GYRE THERAPEUTICS, INC.",0001193125-20-036011,2020-02-14,2020-02-13T20:45:33-05:00,True,"1.01,2.02,8.01,9.01"
0001124105,"GYRE THERAPEUTICS, INC.",0001193125-20-027476,2020-02-07,2020-02-07T08:41:35-05:00,False,8.01
0001124105,"GYRE THERAPEUTICS, INC.",0001193125-20-027470,2020-02-07,2020-02-07T08:39:40-05:00,False,"7.01,9.01"
0001124105,"GYRE THERAPEUTICS, INC.",0001193125-20-018373,2020-01-29,2020-01-29T16:00:56-05:00,True,5.02
0001124105,"GYRE THERAPEUTICS, INC.",0001193125-20-009556,2020-01-17,2020-01-17T08:30:32-05:00,False,"1.01,5.02,8.01,9.01"
0001124105,"GYRE THERAPEUTICS, INC.",0001193125-20-003521,2020-01-08,2020-01-08T08:30:43-05:00,False,"7.01,9.01"
0001124105,"GYRE THERAPEUTICS, INC.",0001193125-19-321013,2019-12-20,2019-12-20T16:40:05-05:00,True,"1.01,9.01"
0001124105,"GYRE THERAPEUTICS, INC.",0001193125-19-286653,2019-11-07,2019-11-07T08:00:55-05:00,False,"2.02,9.01"
0001124105,"GYRE THERAPEUTICS, INC.",0001193125-19-267593,2019-10-15,2019-10-15T14:10:39-04:00,False,"1.01,9.01"
0001124105,"GYRE THERAPEUTICS, INC.",0001193125-19-261180,2019-10-03,2019-10-03T08:05:59-04:00,False,"8.01,9.01"
0001124105,"GYRE THERAPEUTICS, INC.",0001193125-19-234135,2019-08-29,2019-08-29T17:00:56-04:00,True,"5.02,9.01"
0001124105,"GYRE THERAPEUTICS, INC.",0001193125-19-210869,2019-08-01,2019-08-01T16:10:55-04:00,True,"2.02,9.01"
0001124105,"GYRE THERAPEUTICS, INC.",0001193125-19-174848,2019-06-17,2019-06-17T17:00:55-04:00,True,5.07
0001124105,"GYRE THERAPEUTICS, INC.",0001193125-19-133882,2019-05-02,2019-05-02T08:01:56-04:00,False,"2.02,9.01"
0001124105,"GYRE THERAPEUTICS, INC.",0001193125-19-095661,2019-04-02,2019-04-02T16:18:33-04:00,True,"8.01,9.01"
0001124105,"GYRE THERAPEUTICS, INC.",0001193125-19-067204,2019-03-07,2019-03-07T16:11:33-05:00,True,"2.02,9.01"
0001124105,"GYRE THERAPEUTICS, INC.",0001193125-19-017185,2019-01-25,2019-01-25T16:50:34-05:00,True,5.02
0001855175,"Contineum Therapeutics, Inc.",0001437749-25-037842,2025-12-15,2025-12-15T16:05:24-05:00,True,"1.01,8.01,9.01"
0001855175,"Contineum Therapeutics, Inc.",0001437749-25-037547,2025-12-11,2025-12-11T16:01:15-05:00,True,"8.01,9.01"
0001855175,"Contineum Therapeutics, Inc.",0001437749-25-035860,2025-11-20,2025-11-20T16:07:30-05:00,True,"8.01,9.01"
0001855175,"Contineum Therapeutics, Inc.",0001437749-25-032422,2025-10-30,2025-10-30T16:09:26-04:00,True,"2.02,9.01"
0001855175,"Contineum Therapeutics, Inc.",0001437749-25-029349,2025-09-18,2025-09-18T08:16:26-04:00,False,"7.01,8.01,9.01"
0001855175,"Contineum Therapeutics, Inc.",0001437749-25-024849,2025-08-05,2025-08-05T16:08:50-04:00,True,"2.02,9.01"
0001855175,"Contineum Therapeutics, Inc.",0001437749-25-021343,2025-06-26,2025-06-26T16:07:21-04:00,True,5.07
0001855175,"Contineum Therapeutics, Inc.",0001437749-25-016877,2025-05-14,2025-05-14T16:44:23-04:00,True,"2.02,8.01,9.01"
0001855175,"Contineum Therapeutics, Inc.",0001437749-25-013334,2025-04-28,2025-04-28T16:10:35-04:00,True,"8.01,9.01"
0001855175,"Contineum Therapeutics, Inc.",0001437749-25-007998,2025-03-17,2025-03-17T16:07:47-04:00,True,"5.02,9.01"
0001855175,"Contineum Therapeutics, Inc.",0001437749-25-006457,2025-03-06,2025-03-06T16:08:27-05:00,True,"2.02,9.01"
0001855175,"Contineum Therapeutics, Inc.",0001437749-24-033614,2024-11-06,2024-11-06T16:08:42-05:00,True,"2.02,9.01"
0001855175,"Contineum Therapeutics, Inc.",0001437749-24-026385,2024-08-13,2024-08-13T16:10:32-04:00,True,"2.02,9.01"
0001855175,"Contineum Therapeutics, Inc.",0001437749-24-021083,2024-06-24,2024-06-24T16:11:11-04:00,True,"5.02,9.01"
0001855175,"Contineum Therapeutics, Inc.",0001437749-24-018934,2024-05-31,2024-05-31T17:10:26-04:00,True,"5.02,9.01"
0001855175,"Contineum Therapeutics, Inc.",0001437749-24-017651,2024-05-20,2024-05-20T16:09:10-04:00,True,"5.02,9.01"
0001855175,"Contineum Therapeutics, Inc.",0001437749-24-017293,2024-05-16,2024-05-16T16:08:51-04:00,True,"2.02,9.01"
0001855175,"Contineum Therapeutics, Inc.",0001193125-24-090917,2024-04-09,2024-04-09T16:49:49-04:00,True,"5.03,9.01"
0001671858,"ARS Pharmaceuticals, Inc.",0001193125-25-273107,2025-11-10,2025-11-10T06:02:51-05:00,False,"2.02,7.01,9.01"
0001671858,"ARS Pharmaceuticals, Inc.",0001193125-25-223228,2025-09-29,2025-09-29T16:15:28-04:00,True,"1.01,2.03,9.01"
0001671858,"ARS Pharmaceuticals, Inc.",0001193125-25-190202,2025-08-28,2025-08-27T21:45:30-04:00,True,8.01
0001671858,"ARS Pharmaceuticals, Inc.",0000950170-25-107617,2025-08-13,2025-08-13T07:02:11-04:00,False,"2.02,7.01,9.01"
0001671858,"ARS Pharmaceuticals, Inc.",0001193125-25-148922,2025-06-26,2025-06-26T16:15:20-04:00,True,5.07
0001671858,"ARS Pharmaceuticals, Inc.",0000950170-25-070899,2025-05-14,2025-05-14T07:01:13-04:00,False,"2.02,9.01"
0001671858,"ARS Pharmaceuticals, Inc.",0001193125-25-110696,2025-05-02,2025-05-02T08:05:18-04:00,False,1.01
0001671858,"ARS Pharmaceuticals, Inc.",0000950170-25-042317,2025-03-20,2025-03-20T07:02:00-04:00,False,"2.02,9.01"
0001671858,"ARS Pharmaceuticals, Inc.",0001193125-25-047351,2025-03-05,2025-03-05T17:18:49-05:00,True,8.01
0001671858,"ARS Pharmaceuticals, Inc.",0001193125-25-005014,2025-01-13,2025-01-13T08:08:13-05:00,False,"2.02,7.01,9.01"
0001671858,"ARS Pharmaceuticals, Inc.",0000950170-24-125921,2024-11-13,2024-11-13T07:00:26-05:00,False,"2.02,9.01"
0001671858,"ARS Pharmaceuticals, Inc.",0001193125-24-255185,2024-11-12,2024-11-12T08:01:53-05:00,False,1.01
0001671858,"ARS Pharmaceuticals, Inc.",0001193125-24-237191,2024-10-15,2024-10-15T07:02:01-04:00,False,1.01
0001671858,"ARS Pharmaceuticals, Inc.",0001193125-24-223676,2024-09-23,2024-09-23T16:15:31-04:00,True,1.01
0001671858,"ARS Pharmaceuticals, Inc.",0001193125-24-198384,2024-08-12,2024-08-12T07:59:39-04:00,False,"7.01,8.01,9.01"
0001671858,"ARS Pharmaceuticals, Inc.",0000950170-24-091745,2024-08-06,2024-08-06T16:04:22-04:00,True,"2.02,9.01"
0001671858,"ARS Pharmaceuticals, Inc.",0001193125-24-172166,2024-06-28,2024-06-28T15:15:56-04:00,False,"7.01,9.01"
0001671858,"ARS Pharmaceuticals, Inc.",0001193125-24-171204,2024-06-28,2024-06-28T06:46:32-04:00,False,"7.01,8.01,9.01"
0001671858,"ARS Pharmaceuticals, Inc.",0001193125-24-165812,2024-06-21,2024-06-21T17:00:55-04:00,True,5.07
0001671858,"ARS Pharmaceuticals, Inc.",0001193125-24-135721,2024-05-10,2024-05-10T07:01:05-04:00,False,"7.01,9.01"
0001671858,"ARS Pharmaceuticals, Inc.",0000950170-24-056934,2024-05-09,2024-05-09T16:08:39-04:00,True,"2.02,9.01"
0001671858,"ARS Pharmaceuticals, Inc.",0000950170-24-034678,2024-03-21,2024-03-21T16:06:39-04:00,True,"2.02,9.01"
0001671858,"ARS Pharmaceuticals, Inc.",0001193125-24-061842,2024-03-07,2024-03-07T12:56:52-05:00,False,"2.02,7.01,9.01"
0001671858,"ARS Pharmaceuticals, Inc.",0000950170-23-061989,2023-11-09,2023-11-09T16:02:29-05:00,True,"2.02,9.01"
0001671858,"ARS Pharmaceuticals, Inc.",0001193125-23-241345,2023-09-25,2023-09-25T16:17:04-04:00,True,"7.01,9.01"
0001671858,"ARS Pharmaceuticals, Inc.",0001193125-23-237996,2023-09-20,2023-09-20T06:05:01-04:00,False,8.01
0001671858,"ARS Pharmaceuticals, Inc.",0000950170-23-041294,2023-08-10,2023-08-10T16:05:25-04:00,True,"2.02,9.01"
0001671858,"ARS Pharmaceuticals, Inc.",0001193125-23-177543,2023-06-28,2023-06-28T16:32:05-04:00,True,5.07
0001671858,"ARS Pharmaceuticals, Inc.",0001193125-23-146147,2023-05-16,2023-05-16T16:31:16-04:00,True,"7.01,9.01"
0001671858,"ARS Pharmaceuticals, Inc.",0000950170-23-021996,2023-05-15,2023-05-15T09:03:13-04:00,False,"2.02,9.01"
0001671858,"ARS Pharmaceuticals, Inc.",0001193125-23-139053,2023-05-09,2023-05-09T09:12:20-04:00,False,"7.01,9.01"
0001671858,"ARS Pharmaceuticals, Inc.",0000950170-23-009485,2023-03-23,2023-03-23T16:09:22-04:00,True,"2.02,9.01"
0001671858,"ARS Pharmaceuticals, Inc.",0001193125-23-068584,2023-03-13,2023-03-13T09:26:06-04:00,False,"7.01,9.01"
0001671858,"ARS Pharmaceuticals, Inc.",0001193125-23-044823,2023-02-22,2023-02-22T16:11:47-05:00,True,"1.01,1.02"
0001671858,"ARS Pharmaceuticals, Inc.",0001193125-23-036914,2023-02-14,2023-02-14T06:12:16-05:00,False,"2.02,7.01,9.01"
0001671858,"ARS Pharmaceuticals, Inc.",0001193125-22-301873,2022-12-09,2022-12-09T17:02:07-05:00,True,"5.02,9.01"
0001671858,"ARS Pharmaceuticals, Inc.",0001193125-22-299482,2022-12-06,2022-12-06T17:07:27-05:00,True,"7.01,9.01"
0001671858,"ARS Pharmaceuticals, Inc.",0001193125-22-280241,2022-11-08,2022-11-08T16:51:45-05:00,True,"1.01,2.01,3.02,5.01,5.02,5.03,5.07,8.01,9.01"
0001671858,"ARS Pharmaceuticals, Inc.",0001193125-22-275336,2022-11-02,2022-11-02T06:07:03-04:00,False,8.01
0001671858,"ARS Pharmaceuticals, Inc.",0001193125-22-270962,2022-10-27,2022-10-27T16:06:00-04:00,True,"1.01,9.01"
0001671858,"ARS Pharmaceuticals, Inc.",0001193125-22-266351,2022-10-21,2022-10-21T07:36:02-04:00,False,"8.01,9.01"
0001671858,"ARS Pharmaceuticals, Inc.",0001193125-22-255494,2022-09-30,2022-09-30T16:07:04-04:00,True,"1.01,1.02,9.01"
0001671858,"ARS Pharmaceuticals, Inc.",0001193125-22-237900,2022-09-02,2022-09-02T16:05:37-04:00,True,"5.02,9.01"
0001671858,"ARS Pharmaceuticals, Inc.",0001193125-22-199246,2022-07-21,2022-07-21T17:01:57-04:00,True,"1.01,2.05,5.02,8.01,9.01"
0001671858,"ARS Pharmaceuticals, Inc.",0001193125-22-172958,2022-06-13,2022-06-13T16:32:06-04:00,True,5.07
0001671858,"ARS Pharmaceuticals, Inc.",0001193125-22-148646,2022-05-12,2022-05-12T16:11:37-04:00,True,"2.02,9.01"
0001671858,"ARS Pharmaceuticals, Inc.",0001193125-22-143631,2022-05-06,2022-05-06T16:06:58-04:00,True,1.02
0001671858,"ARS Pharmaceuticals, Inc.",0001193125-22-091747,2022-03-31,2022-03-31T16:06:28-04:00,True,"2.02,9.01"
0001671858,"ARS Pharmaceuticals, Inc.",0001193125-22-078295,2022-03-17,2022-03-17T16:05:43-04:00,True,5.02
0001671858,"ARS Pharmaceuticals, Inc.",0001193125-21-326031,2021-11-10,2021-11-10T16:20:03-05:00,True,"2.02,9.01"
0001671858,"ARS Pharmaceuticals, Inc.",0001193125-21-274662,2021-09-16,2021-09-16T07:37:13-04:00,False,"7.01,9.01"
0001671858,"ARS Pharmaceuticals, Inc.",0001193125-21-270925,2021-09-13,2021-09-13T08:06:03-04:00,False,"7.01,9.01"
0001671858,"ARS Pharmaceuticals, Inc.",0001193125-21-244702,2021-08-12,2021-08-12T16:16:53-04:00,True,"2.02,9.01"
0001671858,"ARS Pharmaceuticals, Inc.",0001193125-21-207593,2021-07-02,2021-07-02T16:06:04-04:00,True,"1.01,2.03"
0001671858,"ARS Pharmaceuticals, Inc.",0001193125-21-186730,2021-06-09,2021-06-09T16:10:59-04:00,True,5.07
0001671858,"ARS Pharmaceuticals, Inc.",0001193125-21-160511,2021-05-13,2021-05-13T16:17:36-04:00,True,"2.02,9.01"
0001671858,"ARS Pharmaceuticals, Inc.",0001193125-21-098282,2021-03-29,2021-03-29T16:11:29-04:00,True,"2.02,9.01"
0001671858,"ARS Pharmaceuticals, Inc.",0001193125-21-081351,2021-03-15,2021-03-15T16:05:58-04:00,True,"5.02,9.01"
0001671858,"ARS Pharmaceuticals, Inc.",0001193125-20-312895,2020-12-08,2020-12-08T17:25:54-05:00,True,"5.03,8.01,9.01"
0001855644,Zura Bio Ltd,0001104659-25-121826,2025-12-17,2025-12-17T08:00:45-05:00,False,5.02
0001855644,Zura Bio Ltd,0001104659-25-110789,2025-11-13,2025-11-13T06:30:47-05:00,False,"2.02,9.01"
0001855644,Zura Bio Ltd,0001104659-25-098546,2025-10-10,2025-10-10T08:20:32-04:00,False,5.02
0001855644,Zura Bio Ltd,0001104659-25-095024,2025-09-30,2025-09-30T16:10:30-04:00,True,"5.02,9.01"
0001855644,Zura Bio Ltd,0001104659-25-087286,2025-09-04,2025-09-04T06:32:35-04:00,False,"7.01,9.01"
0001855644,Zura Bio Ltd,0001104659-25-080521,2025-08-20,2025-08-20T07:03:35-04:00,False,"7.01,9.01"
0001855644,Zura Bio Ltd,0001104659-25-078142,2025-08-14,2025-08-14T08:20:38-04:00,False,"2.02,9.01"
0001855644,Zura Bio Ltd,0001104659-25-064427,2025-07-01,2025-07-01T07:47:29-04:00,False,"5.02,7.01,9.01"
0001855644,Zura Bio Ltd,0001104659-25-056205,2025-06-04,2025-06-04T06:30:40-04:00,False,"7.01,9.01"
0001855644,Zura Bio Ltd,0001104659-25-052682,2025-05-27,2025-05-27T06:45:30-04:00,False,"7.01,9.01"
0001855644,Zura Bio Ltd,0001104659-25-052250,2025-05-23,2025-05-23T09:20:20-04:00,False,5.07
0001855644,Zura Bio Ltd,0001104659-25-050715,2025-05-20,2025-05-20T06:35:21-04:00,False,"7.01,9.01"
0001855644,Zura Bio Ltd,0001104659-25-045865,2025-05-08,2025-05-08T06:50:10-04:00,False,"2.02,9.01"
0001855644,Zura Bio Ltd,0001104659-25-036057,2025-04-17,2025-04-17T16:41:15-04:00,True,"1.01,3.02,9.01"
0001855644,Zura Bio Ltd,0001104659-25-027815,2025-03-25,2025-03-25T16:59:38-04:00,True,"7.01,9.01"
0001855644,Zura Bio Ltd,0001104659-25-027504,2025-03-25,2025-03-25T06:50:17-04:00,False,"2.02,9.01"
0001855644,Zura Bio Ltd,0001104659-25-016345,2025-02-24,2025-02-24T06:45:32-05:00,False,"7.01,9.01"
0001855644,Zura Bio Ltd,0001104659-25-002833,2025-01-13,2025-01-13T06:45:39-05:00,False,"7.01,9.01"
0001855644,Zura Bio Ltd,0001104659-24-131037,2024-12-23,2024-12-23T06:45:28-05:00,False,"7.01,9.01"
0001855644,Zura Bio Ltd,0001104659-24-122350,2024-11-25,2024-11-25T06:45:19-05:00,False,"7.01,9.01"
0001855644,Zura Bio Ltd,0001104659-24-119079,2024-11-14,2024-11-14T16:45:45-05:00,True,"7.01,9.01"
0001855644,Zura Bio Ltd,0001104659-24-115033,2024-11-07,2024-11-07T06:51:19-05:00,False,"2.02,9.01"
0001855644,Zura Bio Ltd,0001104659-24-112402,2024-10-30,2024-10-30T06:50:20-04:00,False,"7.01,9.01"
0001855644,Zura Bio Ltd,0001104659-24-112240,2024-10-29,2024-10-29T16:15:25-04:00,True,5.07
0001855644,Zura Bio Ltd,0001104659-24-109855,2024-10-18,2024-10-18T16:15:23-04:00,True,5.02
0001855644,Zura Bio Ltd,0001104659-24-098158,2024-09-09,2024-09-09T16:22:58-04:00,True,"7.01,9.01"
0001855644,Zura Bio Ltd,0001104659-24-095960,2024-09-03,2024-09-03T06:30:27-04:00,False,"7.01,9.01"
0001855644,Zura Bio Ltd,0001104659-24-091602,2024-08-21,2024-08-21T16:01:20-04:00,True,"1.01,3.02,9.01"
0001855644,Zura Bio Ltd,0001104659-24-089167,2024-08-14,2024-08-14T06:10:47-04:00,False,"7.01,9.01"
0001855644,Zura Bio Ltd,0001104659-24-088722,2024-08-13,2024-08-13T09:29:48-04:00,False,"2.02,9.01"
0001855644,Zura Bio Ltd,0001104659-24-088395,2024-08-12,2024-08-12T16:42:26-04:00,True,"1.01,3.03,5.07,8.01,9.01"
0001855644,Zura Bio Ltd,0001104659-24-087838,2024-08-09,2024-08-09T16:33:38-04:00,True,"8.01,9.01"
0001855644,Zura Bio Ltd,0001104659-24-082476,2024-07-25,2024-07-25T06:08:43-04:00,False,"5.02,9.01"
0001855644,Zura Bio Ltd,0001104659-24-079351,2024-07-12,2024-07-12T06:10:22-04:00,False,"8.01,9.01"
0001855644,Zura Bio Ltd,0001104659-24-071445,2024-06-14,2024-06-14T06:04:41-04:00,False,"7.01,9.01"
0001855644,Zura Bio Ltd,0001104659-24-068813,2024-06-06,2024-06-06T06:03:04-04:00,False,"7.01,9.01"
0001855644,Zura Bio Ltd,0001104659-24-067368,2024-06-03,2024-06-03T06:02:36-04:00,False,"7.01,9.01"
0001855644,Zura Bio Ltd,0001104659-24-065741,2024-05-29,2024-05-29T06:05:16-04:00,False,"7.01,9.01"
0001855644,Zura Bio Ltd,0001104659-24-059031,2024-05-09,2024-05-09T06:07:17-04:00,False,"2.02,9.01"
0001855644,Zura Bio Ltd,0001104659-24-050169,2024-04-23,2024-04-22T20:21:55-04:00,True,"1.01,3.02,7.01,8.01,9.01"
0001855644,Zura Bio Ltd,0001104659-24-044442,2024-04-08,2024-04-08T06:04:51-04:00,False,"7.01,9.01"
0001855644,Zura Bio Ltd,0001104659-24-039882,2024-03-28,2024-03-28T06:02:08-04:00,False,"2.02,5.02,9.01"
0001855644,Zura Bio Ltd,0001104659-24-032636,2024-03-11,2024-03-11T06:04:53-04:00,False,"7.01,9.01"
0001855644,Zura Bio Ltd,0001104659-24-030193,2024-03-04,2024-03-04T06:03:09-05:00,False,"7.01,9.01"
0001855644,Zura Bio Ltd,0001104659-24-027049,2024-02-23,2024-02-23T16:30:45-05:00,True,"4.01,9.01"
0001855644,Zura Bio Ltd,0001104659-24-009658,2024-02-02,2024-02-02T06:02:07-05:00,False,"7.01,9.01"
0001855644,Zura Bio Ltd,0001104659-24-003374,2024-01-11,2024-01-11T17:25:15-05:00,True,"7.01,9.01"
0001855644,Zura Bio Ltd,0001104659-24-001984,2024-01-08,2024-01-08T06:03:32-05:00,False,"5.02,7.01,9.01"
0001855644,Zura Bio Ltd,0001104659-24-000494,2024-01-03,2024-01-03T06:04:01-05:00,False,"7.01,9.01"
0001855644,Zura Bio Ltd,0001104659-23-124000,2023-12-06,2023-12-06T16:31:38-05:00,True,"5.02,9.01"
0001855644,Zura Bio Ltd,0001104659-23-122982,2023-12-04,2023-12-04T06:06:24-05:00,False,"7.01,9.01"
0001855644,Zura Bio Ltd,0001104659-23-117491,2023-11-14,2023-11-14T06:02:27-05:00,False,"7.01,9.01"
0001855644,Zura Bio Ltd,0001104659-23-111447,2023-10-25,2023-10-25T16:30:24-04:00,True,"7.01,9.01"
0001855644,Zura Bio Ltd,0001104659-23-106074,2023-10-03,2023-10-02T21:30:42-04:00,True,5.02
0001855644,Zura Bio Ltd,0001104659-23-100797,2023-09-14,2023-09-14T16:23:38-04:00,True,"7.01,9.01"
0001855644,Zura Bio Ltd,0001104659-23-091407,2023-08-14,2023-08-14T16:30:42-04:00,True,"2.02,9.01"
0001855644,Zura Bio Ltd,0001104659-23-084834,2023-07-27,2023-07-27T17:07:15-04:00,True,"7.01,9.01"
0001855644,Zura Bio Ltd,0001104659-23-074042,2023-06-23,2023-06-23T08:30:34-04:00,False,"7.01,9.01"
0001855644,Zura Bio Ltd,0001104659-23-071336,2023-06-15,2023-06-14T21:31:00-04:00,True,"7.01,9.01"
0001855644,Zura Bio Ltd,0001104659-23-068333,2023-06-06,2023-06-06T08:00:21-04:00,False,"3.02,7.01,9.01"
0001855644,Zura Bio Ltd,0001104659-23-067181,2023-06-02,2023-06-01T21:43:16-04:00,True,"5.07,9.01"
0001855644,Zura Bio Ltd,0001104659-23-055196,2023-05-03,2023-05-02T21:48:22-04:00,True,"1.01,3.02,9.01"
0001855644,Zura Bio Ltd,0001104659-23-050799,2023-04-27,2023-04-27T08:53:39-04:00,False,"7.01,9.01"
0001855644,Zura Bio Ltd,0001104659-23-045620,2023-04-14,2023-04-14T16:30:50-04:00,True,"7.01,9.01"
0001855644,Zura Bio Ltd,0001104659-23-043355,2023-04-10,2023-04-10T09:04:01-04:00,False,"5.02,9.01"
0001855644,Zura Bio Ltd,0001104659-23-043201,2023-04-07,2023-04-07T17:22:05-04:00,True,"5.02,9.01"
0001855644,Zura Bio Ltd,0001104659-23-042282,2023-04-06,2023-04-05T18:36:22-04:00,True,9.01
0001855644,Zura Bio Ltd,0001104659-23-037779,2023-03-28,2023-03-28T17:11:51-04:00,True,"7.01,8.01,9.01"
0001855644,Zura Bio Ltd,0001104659-23-036697,2023-03-24,2023-03-24T17:14:03-04:00,True,"1.01,2.01,3.02,3.03,5.01,5.02,5.03,5.05,5.06,9.01"
0001855644,Zura Bio Ltd,0001104659-23-034751,2023-03-21,2023-03-21T09:24:14-04:00,False,"7.01,9.01"
0001855644,Zura Bio Ltd,0001104659-23-033380,2023-03-16,2023-03-16T17:24:05-04:00,True,"5.07,7.01,9.01"
0001855644,Zura Bio Ltd,0001104659-23-032379,2023-03-15,2023-03-14T17:32:29-04:00,True,"7.01,8.01,9.01"
0001855644,Zura Bio Ltd,0001104659-23-030711,2023-03-10,2023-03-09T18:50:38-05:00,True,"1.01,8.01,9.01"
0001855644,Zura Bio Ltd,0001104659-23-027962,2023-03-02,2023-03-02T16:41:29-05:00,True,"7.01,9.01"
0001855644,Zura Bio Ltd,0001104659-23-005068,2023-01-19,2023-01-19T17:13:16-05:00,True,"1.01,5.03,5.07,9.01"
0001855644,Zura Bio Ltd,0001104659-22-126265,2022-12-12,2022-12-12T16:05:55-05:00,True,"1.01,3.02,9.01"
0001855644,Zura Bio Ltd,0001104659-22-119158,2022-11-15,2022-11-15T16:45:16-05:00,True,"1.01,9.01"
0001855644,Zura Bio Ltd,0001104659-22-072223,2022-06-17,2022-06-17T09:27:19-04:00,False,"1.01,3.02,7.01,9.01"
0001855644,Zura Bio Ltd,0001104659-22-044042,2022-04-08,2022-04-08T13:03:17-04:00,False,4.02
0001855644,Zura Bio Ltd,0001104659-22-010814,2022-02-02,2022-02-02T15:56:56-05:00,False,1.01
0001855644,Zura Bio Ltd,0001104659-21-120612,2021-09-29,2021-09-29T11:57:17-04:00,False,5.02
0001855644,Zura Bio Ltd,0001104659-21-103491,2021-08-11,2021-08-11T16:25:22-04:00,True,1.01
0001855644,Zura Bio Ltd,0001104659-21-094971,2021-07-22,2021-07-22T17:05:58-04:00,True,"3.02,8.01,9.01"
0001855644,Zura Bio Ltd,0001104659-21-093483,2021-07-19,2021-07-19T16:32:23-04:00,True,"1.01,3.02,5.03,7.01,9.01"
0001817241,"Artiva Biotherapeutics, Inc.",0001193125-25-317784,2025-12-12,2025-12-12T17:23:56-05:00,True,5.02
0001817241,"Artiva Biotherapeutics, Inc.",0001193125-25-275902,2025-11-12,2025-11-12T07:22:26-05:00,False,"7.01,8.01,9.01"
0001817241,"Artiva Biotherapeutics, Inc.",0001193125-25-275867,2025-11-12,2025-11-12T07:05:15-05:00,False,"2.02,9.01"
0001817241,"Artiva Biotherapeutics, Inc.",0000950170-25-104028,2025-08-06,2025-08-06T16:11:42-04:00,True,"2.02,9.01"
0001817241,"Artiva Biotherapeutics, Inc.",0000950170-25-089942,2025-06-25,2025-06-25T16:02:37-04:00,True,"5.02,5.07,9.01"
0001817241,"Artiva Biotherapeutics, Inc.",0000950170-25-066416,2025-05-08,2025-05-08T08:03:54-04:00,False,"2.02,9.01"
0001817241,"Artiva Biotherapeutics, Inc.",0000950170-25-043828,2025-03-24,2025-03-24T16:07:24-04:00,True,"2.02,9.01"
0001817241,"Artiva Biotherapeutics, Inc.",0000950170-25-010481,2025-01-29,2025-01-29T16:07:29-05:00,True,"5.02,9.01"
0001817241,"Artiva Biotherapeutics, Inc.",0000950170-24-125359,2024-11-12,2024-11-12T16:07:59-05:00,True,"2.02,9.01"
0001817241,"Artiva Biotherapeutics, Inc.",0001193125-24-241059,2024-10-22,2024-10-22T16:13:52-04:00,True,"5.02,9.01"
0001817241,"Artiva Biotherapeutics, Inc.",0001193125-24-209920,2024-08-29,2024-08-29T16:16:01-04:00,True,"2.02,9.01"
0001817241,"Artiva Biotherapeutics, Inc.",0001193125-24-182231,2024-07-22,2024-07-22T16:19:58-04:00,True,"5.03,9.01"
0001285550,"ClearPoint Neuro, Inc.",0001193125-25-290003,2025-11-20,2025-11-20T17:08:53-05:00,True,"1.01,2.01,3.02,7.01,9.01"
0001285550,"ClearPoint Neuro, Inc.",0001193125-25-270019,2025-11-06,2025-11-06T16:57:14-05:00,True,"2.02,7.01,9.01"
0001285550,"ClearPoint Neuro, Inc.",0001193125-25-269992,2025-11-06,2025-11-06T16:52:00-05:00,True,"1.01,7.01,9.01"
0001285550,"ClearPoint Neuro, Inc.",0001285550-25-000010,2025-08-12,2025-08-12T16:05:43-04:00,True,"2.02,7.01,9.01"
0001285550,"ClearPoint Neuro, Inc.",0001683168-25-004550,2025-06-17,2025-06-17T16:15:28-04:00,True,"1.01,9.01"
0001285550,"ClearPoint Neuro, Inc.",0000950170-25-076992,2025-05-23,2025-05-23T16:30:10-04:00,True,"5.02,5.07,9.01"
0001285550,"ClearPoint Neuro, Inc.",0000950170-25-074397,2025-05-19,2025-05-19T16:30:08-04:00,True,"8.01,9.01"
0001285550,"ClearPoint Neuro, Inc.",0000950170-25-070346,2025-05-13,2025-05-13T16:10:39-04:00,True,"2.02,7.01,9.01"
0001285550,"ClearPoint Neuro, Inc.",0000950170-25-069175,2025-05-12,2025-05-12T16:06:27-04:00,True,"1.01,8.01,9.01"
0001285550,"ClearPoint Neuro, Inc.",0000950170-25-027716,2025-02-26,2025-02-26T16:05:29-05:00,True,"2.02,7.01,9.01"
0001285550,"ClearPoint Neuro, Inc.",0001104659-24-115372,2024-11-07,2024-11-07T17:02:26-05:00,True,"1.01,9.01"
0001285550,"ClearPoint Neuro, Inc.",0001285550-24-000120,2024-11-07,2024-11-07T16:07:25-05:00,True,"2.02,7.01,9.01"
0001285550,"ClearPoint Neuro, Inc.",0001285550-24-000107,2024-08-26,2024-08-26T16:06:23-04:00,True,"7.01,9.01"
0001285550,"ClearPoint Neuro, Inc.",0001285550-24-000097,2024-08-07,2024-08-07T16:05:59-04:00,True,"2.02,7.01,9.01"
0001285550,"ClearPoint Neuro, Inc.",0001285550-24-000061,2024-05-16,2024-05-16T06:04:26-04:00,False,"5.02,5.07,9.01"
0001285550,"ClearPoint Neuro, Inc.",0001285550-24-000049,2024-05-07,2024-05-07T16:05:59-04:00,True,"2.02,7.01,9.01"
0001285550,"ClearPoint Neuro, Inc.",0001285550-24-000030,2024-03-12,2024-03-12T16:05:31-04:00,True,"2.02,7.01,9.01"
0001285550,"ClearPoint Neuro, Inc.",0001104659-24-029960,2024-03-01,2024-03-01T16:05:39-05:00,True,"1.01,9.01"
0001285550,"ClearPoint Neuro, Inc.",0001285550-24-000016,2024-01-08,2024-01-08T16:07:25-05:00,True,"2.02,7.01,9.01"
0001285550,"ClearPoint Neuro, Inc.",0001285550-23-000114,2023-11-09,2023-11-09T16:05:50-05:00,True,"2.02,7.01,9.01"
0001285550,"ClearPoint Neuro, Inc.",0001285550-23-000096,2023-08-08,2023-08-08T16:06:36-04:00,True,"2.02,7.01,9.01"
0001285550,"ClearPoint Neuro, Inc.",0001285550-23-000091,2023-08-01,2023-08-01T16:48:10-04:00,True,"1.01,9.01"
0001285550,"ClearPoint Neuro, Inc.",0001285550-23-000050,2023-05-25,2023-05-25T16:23:53-04:00,True,"5.03,5.07,9.01"
0001285550,"ClearPoint Neuro, Inc.",0001285550-23-000048,2023-05-22,2023-05-22T17:04:56-04:00,True,"8.01,9.01"
0001285550,"ClearPoint Neuro, Inc.",0001285550-23-000045,2023-05-11,2023-05-11T16:06:15-04:00,True,"2.02,7.01,9.01"
0001285550,"ClearPoint Neuro, Inc.",0001285550-23-000022,2023-03-03,2023-03-03T16:40:32-05:00,True,"1.01,5.02,9.01"
0001285550,"ClearPoint Neuro, Inc.",0001285550-23-000019,2023-03-01,2023-03-01T16:04:57-05:00,True,"2.02,9.01"
0001285550,"ClearPoint Neuro, Inc.",0001285550-23-000010,2023-01-11,2023-01-11T08:01:24-05:00,False,"2.02,7.01,9.01"
0001285550,"ClearPoint Neuro, Inc.",0001285550-22-000082,2022-12-14,2022-12-14T16:28:13-05:00,True,"5.03,9.01"
0001285550,"ClearPoint Neuro, Inc.",0001285550-22-000076,2022-11-08,2022-11-08T16:05:16-05:00,True,"2.02,7.01,9.01"
0001285550,"ClearPoint Neuro, Inc.",0001285550-22-000071,2022-11-07,2022-11-07T16:21:33-05:00,True,"1.01,9.01"
0001285550,"ClearPoint Neuro, Inc.",0001285550-22-000054,2022-09-20,2022-09-20T16:07:33-04:00,True,"5.02,7.01,9.01"
0001285550,"ClearPoint Neuro, Inc.",0001285550-22-000041,2022-08-09,2022-08-09T16:16:28-04:00,True,"2.02,7.01,9.01"
0001285550,"ClearPoint Neuro, Inc.",0001171520-22-000364,2022-06-06,2022-06-06T16:05:14-04:00,True,"8.01,9.01"
0001285550,"ClearPoint Neuro, Inc.",0001171520-22-000351,2022-05-26,2022-05-26T16:05:17-04:00,True,"5.03,5.07,9.01"
0001285550,"ClearPoint Neuro, Inc.",0001171520-22-000319,2022-05-23,2022-05-23T07:33:47-04:00,False,"8.01,9.01"
0001285550,"ClearPoint Neuro, Inc.",0001171520-22-000313,2022-05-19,2022-05-19T16:15:59-04:00,True,3.01
0001285550,"ClearPoint Neuro, Inc.",0001171520-22-000305,2022-05-11,2022-05-11T16:05:35-04:00,True,"2.02,7.01,9.01"
0001285550,"ClearPoint Neuro, Inc.",0001171520-22-000183,2022-03-01,2022-03-01T16:04:55-05:00,True,"2.02,9.01"
0001285550,"ClearPoint Neuro, Inc.",0001171520-22-000133,2022-02-15,2022-02-15T16:05:27-05:00,True,"2.02,7.01,9.01"
0001285550,"ClearPoint Neuro, Inc.",0001171520-22-000126,2022-02-14,2022-02-14T16:05:28-05:00,True,"2.02,7.01,9.01"
0001285550,"ClearPoint Neuro, Inc.",0001171520-21-000553,2021-12-17,2021-12-17T16:04:13-05:00,True,"5.03,9.01"
0001285550,"ClearPoint Neuro, Inc.",0001171520-21-000516,2021-11-09,2021-11-09T16:07:36-05:00,True,"2.02,7.01,9.01"
0001285550,"ClearPoint Neuro, Inc.",0001171520-21-000432,2021-11-02,2021-11-02T16:42:42-04:00,True,"5.02,7.01,9.01"
0001285550,"ClearPoint Neuro, Inc.",0001171520-21-000344,2021-08-10,2021-08-10T16:06:02-04:00,True,"2.02,7.01,9.01"
0001285550,"ClearPoint Neuro, Inc.",0001171520-21-000304,2021-07-15,2021-07-15T16:40:22-04:00,True,"5.02,7.01,9.01"
0001285550,"ClearPoint Neuro, Inc.",0001171520-21-000261,2021-06-28,2021-06-28T08:30:59-04:00,False,"8.01,9.01"
0001285550,"ClearPoint Neuro, Inc.",0001171520-21-000229,2021-06-04,2021-06-04T07:30:05-04:00,False,"5.07,7.01,9.01"
0001285550,"ClearPoint Neuro, Inc.",0001171520-21-000210,2021-05-25,2021-05-25T08:00:31-04:00,False,"7.01,9.01"
0001285550,"ClearPoint Neuro, Inc.",0001171520-21-000201,2021-05-12,2021-05-12T08:00:24-04:00,False,"7.01,9.01"
0001285550,"ClearPoint Neuro, Inc.",0001171520-21-000198,2021-05-11,2021-05-11T16:05:50-04:00,True,"2.02,9.01"
0001285550,"ClearPoint Neuro, Inc.",0001171520-21-000165,2021-04-13,2021-04-13T16:12:38-04:00,True,"5.02,7.01,9.01"
0001285550,"ClearPoint Neuro, Inc.",0001171520-21-000122,2021-03-04,2021-03-04T16:06:22-05:00,True,"2.02,9.01"
0001285550,"ClearPoint Neuro, Inc.",0001171520-21-000094,2021-02-19,2021-02-19T17:00:53-05:00,True,"1.01,7.01,9.01"
0001285550,"ClearPoint Neuro, Inc.",0001171520-21-000039,2021-02-05,2021-02-05T08:08:26-05:00,False,"5.02,7.01,9.01"
0001285550,"ClearPoint Neuro, Inc.",0001171520-21-000013,2021-01-12,2021-01-12T16:06:02-05:00,True,"2.02,9.01"
0001285550,"ClearPoint Neuro, Inc.",0001171520-20-000486,2020-12-29,2020-12-29T16:24:08-05:00,True,"1.01,2.03,3.02,7.01,9.01"
0001285550,"ClearPoint Neuro, Inc.",0001171520-20-000451,2020-11-10,2020-11-10T16:10:24-05:00,True,"2.02,7.01,9.01"
0001285550,"ClearPoint Neuro, Inc.",0001420506-20-001011,2020-09-14,2020-09-14T16:22:11-04:00,True,"5.02,7.01,9.01"
0001285550,"ClearPoint Neuro, Inc.",0001171520-20-000364,2020-08-12,2020-08-12T16:08:44-04:00,True,"2.02,7.01,9.01"
0001285550,"ClearPoint Neuro, Inc.",0001171520-20-000261,2020-06-03,2020-06-03T16:07:08-04:00,True,"5.02,5.07,9.01"
0001285550,"ClearPoint Neuro, Inc.",0001171520-20-000230,2020-05-20,2020-05-20T16:08:16-04:00,True,"7.01,9.01"
0001285550,"ClearPoint Neuro, Inc.",0001171520-20-000222,2020-05-13,2020-05-13T06:05:06-04:00,False,"2.02,7.01,9.01"
0001285550,"ClearPoint Neuro, Inc.",0001171520-20-000199,2020-04-27,2020-04-27T16:16:52-04:00,True,5.02
0001285550,"ClearPoint Neuro, Inc.",0001171520-20-000182,2020-04-17,2020-04-17T08:17:51-04:00,False,"5.02,7.01,9.01"
0001285550,"ClearPoint Neuro, Inc.",0001171520-20-000178,2020-04-16,2020-04-16T08:05:05-04:00,False,"2.02,7.01,9.01"
0001285550,"ClearPoint Neuro, Inc.",0001171520-20-000124,2020-02-14,2020-02-14T09:01:39-05:00,False,"7.01,9.01"
0001285550,"ClearPoint Neuro, Inc.",0001171520-20-000063,2020-02-12,2020-02-12T16:08:32-05:00,True,"2.02,9.01"
0001285550,"ClearPoint Neuro, Inc.",0001171520-20-000061,2020-02-12,2020-02-12T08:00:29-05:00,False,"5.03,7.01,9.01"
0001285550,"ClearPoint Neuro, Inc.",0001171520-20-000041,2020-01-29,2020-01-29T16:42:25-05:00,True,"1.01,2.03,3.02,7.01,9.01"
0001285550,"ClearPoint Neuro, Inc.",0001171520-20-000014,2020-01-13,2020-01-13T08:05:12-05:00,False,"1.01,2.02,2.03,3.02,7.01,9.01"
0001285550,"ClearPoint Neuro, Inc.",0001171520-19-000351,2019-12-09,2019-12-09T16:27:09-05:00,True,"7.01,9.01"
0001285550,"ClearPoint Neuro, Inc.",0001171520-19-000341,2019-11-26,2019-11-26T08:00:09-05:00,False,"3.01,7.01,9.01"
0001285550,"ClearPoint Neuro, Inc.",0001534424-19-000311,2019-11-12,2019-11-12T16:05:25-05:00,True,"2.02,9.01"
0001285550,"ClearPoint Neuro, Inc.",0001534424-19-000248,2019-08-28,2019-08-28T17:00:24-04:00,True,"7.01,9.01"
0001285550,"ClearPoint Neuro, Inc.",0001534424-19-000225,2019-08-06,2019-08-06T16:08:35-04:00,True,"5.02,7.01,9.01"
0001285550,"ClearPoint Neuro, Inc.",0001534424-19-000224,2019-08-06,2019-08-06T16:05:39-04:00,True,"2.02,9.01"
0001285550,"ClearPoint Neuro, Inc.",0001534424-19-000188,2019-07-01,2019-07-01T08:11:29-04:00,False,"7.01,9.01"
0001285550,"ClearPoint Neuro, Inc.",0001534424-19-000178,2019-06-10,2019-06-10T16:13:50-04:00,True,1.02
0001285550,"ClearPoint Neuro, Inc.",0001534424-19-000165,2019-06-07,2019-06-07T16:05:25-04:00,True,5.07
0001285550,"ClearPoint Neuro, Inc.",0001534424-19-000147,2019-05-17,2019-05-17T16:10:20-04:00,True,"1.01,3.02,5.02,7.01,8.01,9.01"
0001285550,"ClearPoint Neuro, Inc.",0001534424-19-000135,2019-05-09,2019-05-09T16:09:46-04:00,True,"1.01,3.02,5.02,7.01,9.01"
0001285550,"ClearPoint Neuro, Inc.",0001534424-19-000118,2019-04-30,2019-04-30T16:05:18-04:00,True,"2.02,9.01"
0001285550,"ClearPoint Neuro, Inc.",0001534424-19-000086,2019-03-11,2019-03-11T16:05:21-04:00,True,"2.02,7.01,9.01"
0001285550,"ClearPoint Neuro, Inc.",0001534424-19-000017,2019-01-03,2019-01-03T16:15:27-05:00,True,"2.02,9.01"
0001794546,"CARLSMED, INC.",0001193125-25-269469,2025-11-06,2025-11-06T16:06:16-05:00,True,"2.02,9.01"
0001794546,"CARLSMED, INC.",0001193125-25-258525,2025-10-30,2025-10-30T16:07:19-04:00,True,"1.01,2.03,9.01"
0001794546,"CARLSMED, INC.",0000950170-25-111947,2025-08-28,2025-08-28T16:06:16-04:00,True,"2.02,9.01"
0001794546,"CARLSMED, INC.",0000950170-25-098327,2025-07-24,2025-07-24T16:05:31-04:00,True,"5.03,8.01,9.01"
0001133869,"CAPRICOR THERAPEUTICS, INC.",0001104659-25-118934,2025-12-05,2025-12-05T17:07:48-05:00,True,"7.01,8.01,9.01"
0001133869,"CAPRICOR THERAPEUTICS, INC.",0001104659-25-117981,2025-12-03,2025-12-03T09:29:14-05:00,False,"7.01,9.01"
0001133869,"CAPRICOR THERAPEUTICS, INC.",0001104659-25-117947,2025-12-03,2025-12-03T07:21:12-05:00,False,"7.01,8.01,9.01"
0001133869,"CAPRICOR THERAPEUTICS, INC.",0001104659-25-109119,2025-11-10,2025-11-10T16:01:26-05:00,True,"2.02,9.01"
0001133869,"CAPRICOR THERAPEUTICS, INC.",0001558370-25-011047,2025-08-11,2025-08-11T16:06:21-04:00,True,"2.02,9.01"
0001133869,"CAPRICOR THERAPEUTICS, INC.",0001558370-25-009186,2025-07-11,2025-07-11T06:35:49-04:00,False,"7.01,9.01"
0001133869,"CAPRICOR THERAPEUTICS, INC.",0001558370-25-008145,2025-05-27,2025-05-27T09:15:17-04:00,False,"5.02,5.07"
0001133869,"CAPRICOR THERAPEUTICS, INC.",0001558370-25-007574,2025-05-13,2025-05-13T16:06:28-04:00,True,"2.02,9.01"
0001133869,"CAPRICOR THERAPEUTICS, INC.",0001558370-25-004605,2025-04-08,2025-04-08T17:00:12-04:00,True,5.02
0001133869,"CAPRICOR THERAPEUTICS, INC.",0001558370-25-003304,2025-03-19,2025-03-19T16:13:59-04:00,True,"2.02,9.01"
0001133869,"CAPRICOR THERAPEUTICS, INC.",0001558370-25-002097,2025-03-04,2025-03-04T07:05:10-05:00,False,"7.01,9.01"
0001133869,"CAPRICOR THERAPEUTICS, INC.",0001558370-25-000010,2025-01-02,2025-01-02T14:17:58-05:00,False,"8.01,9.01"
0001133869,"CAPRICOR THERAPEUTICS, INC.",0001558370-24-015519,2024-11-13,2024-11-13T16:02:22-05:00,True,"2.02,9.01"
0001133869,"CAPRICOR THERAPEUTICS, INC.",0001558370-24-013357,2024-10-17,2024-10-17T06:01:22-04:00,False,"1.01,7.01,9.01"
0001133869,"CAPRICOR THERAPEUTICS, INC.",0001558370-24-013344,2024-10-16,2024-10-16T16:25:24-04:00,True,"2.02,8.01"
0001133869,"CAPRICOR THERAPEUTICS, INC.",0001558370-24-013207,2024-10-09,2024-10-09T09:16:15-04:00,False,"7.01,8.01,9.01"
0001133869,"CAPRICOR THERAPEUTICS, INC.",0001558370-24-012983,2024-09-24,2024-09-24T16:01:21-04:00,True,"7.01,9.01"
0001133869,"CAPRICOR THERAPEUTICS, INC.",0001558370-24-012836,2024-09-17,2024-09-17T09:15:10-04:00,False,"1.01,3.02,7.01,9.01"
0001133869,"CAPRICOR THERAPEUTICS, INC.",0001558370-24-011350,2024-08-07,2024-08-07T16:06:46-04:00,True,"2.02,9.01"
0001133869,"CAPRICOR THERAPEUTICS, INC.",0001558370-24-008313,2024-05-15,2024-05-15T17:05:30-04:00,True,"5.03,9.01"
0001133869,"CAPRICOR THERAPEUTICS, INC.",0001558370-24-008310,2024-05-15,2024-05-15T17:00:50-04:00,True,5.07
0001133869,"CAPRICOR THERAPEUTICS, INC.",0001558370-24-007958,2024-05-13,2024-05-13T16:05:49-04:00,True,"2.02,9.01"
0001133869,"CAPRICOR THERAPEUTICS, INC.",0001558370-24-006020,2024-04-29,2024-04-29T09:25:17-04:00,False,"7.01,9.01"
0001133869,"CAPRICOR THERAPEUTICS, INC.",0001558370-24-002183,2024-02-29,2024-02-29T16:06:15-05:00,True,"2.02,9.01"
0001133869,"CAPRICOR THERAPEUTICS, INC.",0001558370-24-000197,2024-01-11,2024-01-11T09:00:12-05:00,False,8.01
0001133869,"CAPRICOR THERAPEUTICS, INC.",0001558370-23-019717,2023-12-11,2023-12-11T16:30:20-05:00,True,"8.01,9.01"
0001133869,"CAPRICOR THERAPEUTICS, INC.",0001558370-23-019019,2023-11-14,2023-11-14T16:06:34-05:00,True,"2.02,9.01"
0001133869,"CAPRICOR THERAPEUTICS, INC.",0001558370-23-016171,2023-09-29,2023-09-29T17:00:37-04:00,True,"1.01,7.01,9.01"
0001133869,"CAPRICOR THERAPEUTICS, INC.",0001558370-23-016149,2023-09-29,2023-09-29T07:30:29-04:00,False,"7.01,8.01,9.01"
0001133869,"CAPRICOR THERAPEUTICS, INC.",0001558370-23-015482,2023-09-06,2023-09-06T09:01:12-04:00,False,"5.02,9.01"
0001133869,"CAPRICOR THERAPEUTICS, INC.",0001558370-23-013590,2023-08-07,2023-08-07T16:06:20-04:00,True,"2.02,9.01"
0001133869,"CAPRICOR THERAPEUTICS, INC.",0001558370-23-012106,2023-07-24,2023-07-24T08:35:01-04:00,False,"5.02,9.01"
0001133869,"CAPRICOR THERAPEUTICS, INC.",0001558370-23-011854,2023-07-13,2023-07-13T08:31:11-04:00,False,"5.02,9.01"
0001133869,"CAPRICOR THERAPEUTICS, INC.",0001558370-23-011050,2023-06-13,2023-06-13T17:20:20-04:00,True,"5.03,9.01"
0001133869,"CAPRICOR THERAPEUTICS, INC.",0001558370-23-011046,2023-06-13,2023-06-13T17:15:12-04:00,True,5.07
0001133869,"CAPRICOR THERAPEUTICS, INC.",0001558370-23-009363,2023-05-11,2023-05-11T16:01:40-04:00,True,"2.02,9.01"
0001133869,"CAPRICOR THERAPEUTICS, INC.",0001558370-23-003866,2023-03-15,2023-03-15T16:01:20-04:00,True,"2.02,9.01"
0001133869,"CAPRICOR THERAPEUTICS, INC.",0001558370-23-001454,2023-02-16,2023-02-16T16:15:21-05:00,True,"1.01,9.01"
0001133869,"CAPRICOR THERAPEUTICS, INC.",0001558370-22-017398,2022-11-10,2022-11-10T16:01:25-05:00,True,"2.02,9.01"
0001133869,"CAPRICOR THERAPEUTICS, INC.",0001558370-22-013054,2022-08-10,2022-08-10T16:01:50-04:00,True,"2.02,9.01"
0001133869,"CAPRICOR THERAPEUTICS, INC.",0001558370-22-010821,2022-07-19,2022-07-19T12:37:38-04:00,False,"8.01,9.01"
0001133869,"CAPRICOR THERAPEUTICS, INC.",0001558370-22-010449,2022-06-29,2022-06-29T17:00:26-04:00,True,"7.01,9.01"
0001133869,"CAPRICOR THERAPEUTICS, INC.",0001558370-22-009778,2022-06-07,2022-06-07T17:09:18-04:00,True,5.07
0001133869,"CAPRICOR THERAPEUTICS, INC.",0001558370-22-008086,2022-05-10,2022-05-10T16:01:52-04:00,True,"2.02,9.01"
0001133869,"CAPRICOR THERAPEUTICS, INC.",0001558370-22-005003,2022-04-01,2022-04-01T08:30:46-04:00,False,8.01
0001133869,"CAPRICOR THERAPEUTICS, INC.",0001558370-22-003276,2022-03-10,2022-03-10T16:02:53-05:00,True,"2.02,9.01"
0001133869,"CAPRICOR THERAPEUTICS, INC.",0001558370-22-000403,2022-01-25,2022-01-25T06:01:24-05:00,False,"1.01,9.01"
0001133869,"CAPRICOR THERAPEUTICS, INC.",0001558370-21-015262,2021-11-09,2021-11-09T16:01:17-05:00,True,"2.02,9.01"
0001133869,"CAPRICOR THERAPEUTICS, INC.",0001104659-21-119139,2021-09-24,2021-09-24T11:31:00-04:00,False,"7.01,8.01,9.01"
0001133869,"CAPRICOR THERAPEUTICS, INC.",0001558370-21-011461,2021-08-12,2021-08-12T16:01:19-04:00,True,"2.02,9.01"
0001133869,"CAPRICOR THERAPEUTICS, INC.",0001558370-21-009299,2021-07-27,2021-07-27T08:01:44-04:00,False,"5.02,9.01"
0001133869,"CAPRICOR THERAPEUTICS, INC.",0001104659-21-083149,2021-06-21,2021-06-21T08:30:32-04:00,False,"8.01,9.01"
0001133869,"CAPRICOR THERAPEUTICS, INC.",0001104659-21-082129,2021-06-17,2021-06-16T19:00:41-04:00,True,5.07
0001133869,"CAPRICOR THERAPEUTICS, INC.",0001104659-21-065924,2021-05-13,2021-05-13T16:06:17-04:00,True,"2.02,9.01"
0001133869,"CAPRICOR THERAPEUTICS, INC.",0001104659-21-058250,2021-04-30,2021-04-30T08:01:36-04:00,False,"1.01,9.01"
0001133869,"CAPRICOR THERAPEUTICS, INC.",0001104659-21-034985,2021-03-11,2021-03-11T16:01:13-05:00,True,"2.02,7.01,9.01"
0001133869,"CAPRICOR THERAPEUTICS, INC.",0001104659-20-124370,2020-11-12,2020-11-12T16:01:15-05:00,True,"2.02,9.01"
0001133869,"CAPRICOR THERAPEUTICS, INC.",0001104659-20-122803,2020-11-09,2020-11-09T09:15:12-05:00,False,"2.02,8.01,9.01"
0001133869,"CAPRICOR THERAPEUTICS, INC.",0001104659-20-098381,2020-08-25,2020-08-25T16:30:10-04:00,True,"1.01,5.03,9.01"
0001133869,"CAPRICOR THERAPEUTICS, INC.",0001104659-20-091413,2020-08-06,2020-08-06T16:02:24-04:00,True,"2.02,9.01"
0001133869,"CAPRICOR THERAPEUTICS, INC.",0001104659-20-071410,2020-06-09,2020-06-09T16:32:21-04:00,True,5.07
0001133869,"CAPRICOR THERAPEUTICS, INC.",0001104659-20-066994,2020-05-28,2020-05-28T15:00:37-04:00,False,"7.01,9.01"
0001133869,"CAPRICOR THERAPEUTICS, INC.",0001104659-20-062419,2020-05-15,2020-05-15T14:00:39-04:00,False,"7.01,9.01"
0001133869,"CAPRICOR THERAPEUTICS, INC.",0001104659-20-061570,2020-05-14,2020-05-14T16:00:39-04:00,True,"2.02,9.01"
0001133869,"CAPRICOR THERAPEUTICS, INC.",0001104659-20-060930,2020-05-13,2020-05-13T17:03:12-04:00,True,"7.01,9.01"
0001133869,"CAPRICOR THERAPEUTICS, INC.",0001104659-20-060449,2020-05-13,2020-05-13T07:00:10-04:00,False,"8.01,9.01"
0001133869,"CAPRICOR THERAPEUTICS, INC.",0001104659-20-058192,2020-05-07,2020-05-07T17:22:49-04:00,True,8.01
0001133869,"CAPRICOR THERAPEUTICS, INC.",0001104659-20-056292,2020-05-04,2020-05-04T17:15:38-04:00,True,"8.01,9.01"
0001133869,"CAPRICOR THERAPEUTICS, INC.",0001104659-20-038468,2020-03-26,2020-03-26T06:02:27-04:00,False,"1.01,3.02,3.03,9.01"
0001133869,"CAPRICOR THERAPEUTICS, INC.",0001104659-20-035320,2020-03-18,2020-03-18T16:01:18-04:00,True,"2.02,9.01"
0001133869,"CAPRICOR THERAPEUTICS, INC.",0001104659-20-034994,2020-03-18,2020-03-18T08:00:23-04:00,False,8.01
0001133869,"CAPRICOR THERAPEUTICS, INC.",0001104659-20-031538,2020-03-11,2020-03-10T20:38:49-04:00,True,"7.01,9.01"
0001133869,"CAPRICOR THERAPEUTICS, INC.",0001104659-20-022110,2020-02-18,2020-02-14T18:14:55-05:00,True,5.02
0001133869,"CAPRICOR THERAPEUTICS, INC.",0001104659-19-074247,2019-12-19,2019-12-19T14:00:11-05:00,False,"8.01,9.01"
0001133869,"CAPRICOR THERAPEUTICS, INC.",0001104659-19-073600,2019-12-18,2019-12-18T09:00:16-05:00,False,"1.01,8.01,9.01"
0001133869,"CAPRICOR THERAPEUTICS, INC.",0001104659-19-073161,2019-12-17,2019-12-16T20:07:34-05:00,True,"7.01,9.01"
0001133869,"CAPRICOR THERAPEUTICS, INC.",0001104659-19-064252,2019-11-14,2019-11-14T16:30:51-05:00,True,"7.01,9.01"
0001133869,"CAPRICOR THERAPEUTICS, INC.",0001104659-19-063785,2019-11-14,2019-11-14T09:00:23-05:00,False,8.01
0001133869,"CAPRICOR THERAPEUTICS, INC.",0001104659-19-061080,2019-11-07,2019-11-07T16:00:39-05:00,True,"2.02,9.01"
0001133869,"CAPRICOR THERAPEUTICS, INC.",0001144204-19-047446,2019-10-07,2019-10-07T10:25:34-04:00,False,"7.01,9.01"
0001133869,"CAPRICOR THERAPEUTICS, INC.",0001144204-19-042160,2019-08-29,2019-08-28T19:00:27-04:00,True,"8.01,9.01"
0001133869,"CAPRICOR THERAPEUTICS, INC.",0001144204-19-040654,2019-08-19,2019-08-19T17:00:17-04:00,True,3.01
0001133869,"CAPRICOR THERAPEUTICS, INC.",0001144204-19-037875,2019-08-06,2019-08-06T16:00:27-04:00,True,"2.02,9.01"
0001133869,"CAPRICOR THERAPEUTICS, INC.",0001144204-19-035262,2019-07-22,2019-07-22T07:30:14-04:00,False,"1.01,9.01"
0001133869,"CAPRICOR THERAPEUTICS, INC.",0001144204-19-034770,2019-07-16,2019-07-16T06:02:09-04:00,False,"7.01,9.01"
0001133869,"CAPRICOR THERAPEUTICS, INC.",0001144204-19-034627,2019-07-15,2019-07-15T06:05:56-04:00,False,"8.01,9.01"
0001133869,"CAPRICOR THERAPEUTICS, INC.",0001144204-19-031589,2019-06-20,2019-06-20T07:00:31-04:00,False,8.01
0001133869,"CAPRICOR THERAPEUTICS, INC.",0001144204-19-029669,2019-06-04,2019-06-04T13:06:59-04:00,False,"5.03,9.01"
0001133869,"CAPRICOR THERAPEUTICS, INC.",0001144204-19-029338,2019-06-03,2019-06-03T08:01:00-04:00,False,5.07
0001133869,"CAPRICOR THERAPEUTICS, INC.",0001144204-19-025600,2019-05-13,2019-05-13T16:00:37-04:00,True,"2.02,9.01"
0001133869,"CAPRICOR THERAPEUTICS, INC.",0001144204-19-016629,2019-03-28,2019-03-28T16:00:21-04:00,True,"2.02,9.01"
0001133869,"CAPRICOR THERAPEUTICS, INC.",0001144204-19-005129,2019-02-06,2019-02-06T07:00:19-05:00,False,"5.02,8.01,9.01"
0001133869,"CAPRICOR THERAPEUTICS, INC.",0001144204-19-002173,2019-01-22,2019-01-22T07:00:20-05:00,False,"8.01,9.01"
0001133869,"CAPRICOR THERAPEUTICS, INC.",0001144204-19-000167,2019-01-02,2019-01-02T17:01:35-05:00,True,3.01
0001725160,"Zentalis Pharmaceuticals, Inc.",0001725160-25-000164,2025-12-15,2025-12-15T17:01:42-05:00,True,"5.02,8.01"
0001725160,"Zentalis Pharmaceuticals, Inc.",0001725160-25-000159,2025-11-10,2025-11-10T16:11:02-05:00,True,"2.02,7.01,9.01"
0001725160,"Zentalis Pharmaceuticals, Inc.",0001725160-25-000154,2025-08-26,2025-08-26T16:08:57-04:00,True,"5.02,7.01,9.01"
0001725160,"Zentalis Pharmaceuticals, Inc.",0001725160-25-000147,2025-08-06,2025-08-06T16:08:42-04:00,True,"2.02,7.01"
0001725160,"Zentalis Pharmaceuticals, Inc.",0001725160-25-000127,2025-06-18,2025-06-18T16:09:28-04:00,True,5.07
0001725160,"Zentalis Pharmaceuticals, Inc.",0001725160-25-000119,2025-06-02,2025-06-02T06:02:38-04:00,False,"7.01,9.01"
0001725160,"Zentalis Pharmaceuticals, Inc.",0001725160-25-000108,2025-05-20,2025-05-20T06:01:40-04:00,False,"7.01,9.01"
0001725160,"Zentalis Pharmaceuticals, Inc.",0001725160-25-000104,2025-05-14,2025-05-14T16:09:35-04:00,True,"2.02,9.01"
0001725160,"Zentalis Pharmaceuticals, Inc.",0001725160-25-000082,2025-04-28,2025-04-28T06:02:15-04:00,False,"7.01,9.01"
0001725160,"Zentalis Pharmaceuticals, Inc.",0001725160-25-000070,2025-03-26,2025-03-26T16:19:53-04:00,True,"2.02,9.01"
0001725160,"Zentalis Pharmaceuticals, Inc.",0001628280-25-012899,2025-03-17,2025-03-17T06:13:38-04:00,False,"7.01,9.01"
0001725160,"Zentalis Pharmaceuticals, Inc.",0001725160-25-000013,2025-01-29,2025-01-29T09:18:14-05:00,False,"7.01,8.01,9.01"
0001725160,"Zentalis Pharmaceuticals, Inc.",0001725160-25-000006,2025-01-28,2025-01-28T16:07:25-05:00,True,"2.05,7.01,8.01,9.01"
0001725160,"Zentalis Pharmaceuticals, Inc.",0001725160-24-000177,2024-11-13,2024-11-13T08:06:01-05:00,False,"5.02,7.01,9.01"
0001725160,"Zentalis Pharmaceuticals, Inc.",0001725160-24-000161,2024-09-16,2024-09-16T07:02:19-04:00,False,"7.01,8.01,9.01"
0001725160,"Zentalis Pharmaceuticals, Inc.",0001725160-24-000157,2024-08-09,2024-08-09T07:01:42-04:00,False,"2.02,9.01"
0001725160,"Zentalis Pharmaceuticals, Inc.",0001725160-24-000140,2024-06-21,2024-06-21T17:06:27-04:00,True,5.07
0001725160,"Zentalis Pharmaceuticals, Inc.",0001725160-24-000131,2024-06-03,2024-06-03T07:00:53-04:00,False,"7.01,9.01"
0001725160,"Zentalis Pharmaceuticals, Inc.",0001725160-24-000120,2024-05-29,2024-05-29T07:04:29-04:00,False,5.02
0001725160,"Zentalis Pharmaceuticals, Inc.",0001725160-24-000106,2024-05-07,2024-05-07T07:03:04-04:00,False,"2.02,9.01"
0001725160,"Zentalis Pharmaceuticals, Inc.",0001725160-24-000087,2024-04-11,2024-04-11T07:00:55-04:00,False,5.02
0001725160,"Zentalis Pharmaceuticals, Inc.",0001725160-24-000082,2024-04-09,2024-04-09T16:30:50-04:00,True,"7.01,9.01"
0001725160,"Zentalis Pharmaceuticals, Inc.",0001725160-24-000079,2024-02-27,2024-02-27T07:04:11-05:00,False,"2.02,9.01"
0001725160,"Zentalis Pharmaceuticals, Inc.",0001725160-24-000057,2024-02-15,2024-02-15T16:12:34-05:00,True,"5.03,9.01"
0001725160,"Zentalis Pharmaceuticals, Inc.",0001725160-24-000012,2024-01-25,2024-01-25T07:03:19-05:00,False,"3.01,5.02,7.01,9.01"
0001725160,"Zentalis Pharmaceuticals, Inc.",0001725160-24-000007,2024-01-08,2024-01-08T07:03:29-05:00,False,"7.01,8.01,9.01"
0001725160,"Zentalis Pharmaceuticals, Inc.",0001725160-23-000195,2023-11-06,2023-11-06T09:04:15-05:00,False,"2.02,7.01,9.01"
0001725160,"Zentalis Pharmaceuticals, Inc.",0001725160-23-000178,2023-10-06,2023-10-06T17:00:32-04:00,True,5.02
0001725160,"Zentalis Pharmaceuticals, Inc.",0001725160-23-000161,2023-09-13,2023-09-13T07:00:34-04:00,False,"7.01,9.01"
0001725160,"Zentalis Pharmaceuticals, Inc.",0001725160-23-000157,2023-08-09,2023-08-09T16:15:16-04:00,True,"7.01,9.01"
0001725160,"Zentalis Pharmaceuticals, Inc.",0001725160-23-000154,2023-08-09,2023-08-09T07:03:41-04:00,False,"2.02,9.01"
0001725160,"Zentalis Pharmaceuticals, Inc.",0001725160-23-000148,2023-06-16,2023-06-16T17:19:25-04:00,True,"5.03,5.07,9.01"
0001725160,"Zentalis Pharmaceuticals, Inc.",0001628280-23-022240,2023-06-15,2023-06-15T16:23:27-04:00,True,"8.01,9.01"
0001725160,"Zentalis Pharmaceuticals, Inc.",0001725160-23-000137,2023-06-15,2023-06-15T06:02:16-04:00,False,8.01
0001725160,"Zentalis Pharmaceuticals, Inc.",0001725160-23-000131,2023-06-06,2023-06-06T09:10:13-04:00,False,"7.01,8.01,9.01"
0001725160,"Zentalis Pharmaceuticals, Inc.",0001725160-23-000129,2023-06-05,2023-06-05T14:24:49-04:00,False,"7.01,8.01,9.01"
0001725160,"Zentalis Pharmaceuticals, Inc.",0001725160-23-000119,2023-05-26,2023-05-26T12:38:56-04:00,False,"7.01,8.01,9.01"
0001725160,"Zentalis Pharmaceuticals, Inc.",0001725160-23-000112,2023-05-10,2023-05-10T07:04:15-04:00,False,"2.02,9.01"
0001725160,"Zentalis Pharmaceuticals, Inc.",0001725160-23-000073,2023-04-26,2023-04-26T17:00:46-04:00,True,"7.01,8.01,9.01"
0001725160,"Zentalis Pharmaceuticals, Inc.",0001725160-23-000063,2023-04-17,2023-04-17T09:07:43-04:00,False,"7.01,8.01,9.01"
0001725160,"Zentalis Pharmaceuticals, Inc.",0001725160-23-000057,2023-03-10,2023-03-10T16:33:09-05:00,True,7.01
0001725160,"Zentalis Pharmaceuticals, Inc.",0001725160-23-000053,2023-03-09,2023-03-09T16:44:35-05:00,True,1.01
0001725160,"Zentalis Pharmaceuticals, Inc.",0001725160-23-000047,2023-03-01,2023-03-01T07:05:58-05:00,False,"2.02,7.01"
0001725160,"Zentalis Pharmaceuticals, Inc.",0001725160-23-000028,2023-02-13,2023-02-13T07:03:24-05:00,False,"5.02,9.01"
0001725160,"Zentalis Pharmaceuticals, Inc.",0001725160-23-000006,2023-01-09,2023-01-09T07:00:50-05:00,False,"7.01,9.01"
0001725160,"Zentalis Pharmaceuticals, Inc.",0001725160-22-000199,2022-11-09,2022-11-09T07:04:30-05:00,False,"2.02,7.01"
0001725160,"Zentalis Pharmaceuticals, Inc.",0001725160-22-000170,2022-09-27,2022-09-27T16:08:41-04:00,True,5.02
0001725160,"Zentalis Pharmaceuticals, Inc.",0001725160-22-000163,2022-09-12,2022-09-12T07:05:11-04:00,False,5.02
0001725160,"Zentalis Pharmaceuticals, Inc.",0001725160-22-000154,2022-08-09,2022-08-09T16:07:57-04:00,True,"2.02,7.01"
0001725160,"Zentalis Pharmaceuticals, Inc.",0001725160-22-000138,2022-07-22,2022-07-22T16:15:58-04:00,True,"5.02,9.01"
0001725160,"Zentalis Pharmaceuticals, Inc.",0001725160-22-000129,2022-06-27,2022-06-27T07:05:59-04:00,False,5.02
0001725160,"Zentalis Pharmaceuticals, Inc.",0001725160-22-000123,2022-06-13,2022-06-13T17:00:00-04:00,True,5.07
0001725160,"Zentalis Pharmaceuticals, Inc.",0001725160-22-000114,2022-05-31,2022-05-31T16:03:12-04:00,True,"5.02,9.01"
0001725160,"Zentalis Pharmaceuticals, Inc.",0001725160-22-000104,2022-05-24,2022-05-24T17:24:07-04:00,True,3.01
0001725160,"Zentalis Pharmaceuticals, Inc.",0001628280-22-014546,2022-05-16,2022-05-16T17:18:25-04:00,True,"8.01,9.01"
0001725160,"Zentalis Pharmaceuticals, Inc.",0001193125-22-150883,2022-05-16,2022-05-16T07:26:10-04:00,False,"5.02,9.01"
0001725160,"Zentalis Pharmaceuticals, Inc.",0001725160-22-000092,2022-05-05,2022-05-05T07:05:19-04:00,False,"2.02,9.01"
0001725160,"Zentalis Pharmaceuticals, Inc.",0001628280-22-010794,2022-04-27,2022-04-27T16:09:49-04:00,True,"8.01,9.01"
0001725160,"Zentalis Pharmaceuticals, Inc.",0001725160-22-000076,2022-04-11,2022-04-11T16:43:35-04:00,True,"7.01,8.01,9.01"
0001725160,"Zentalis Pharmaceuticals, Inc.",0001725160-22-000072,2022-04-08,2022-04-08T17:05:51-04:00,True,"7.01,8.01"
0001725160,"Zentalis Pharmaceuticals, Inc.",0001725160-22-000052,2022-02-24,2022-02-24T07:05:43-05:00,False,"2.02,9.01"
0001725160,"Zentalis Pharmaceuticals, Inc.",0001725160-21-000226,2021-11-17,2021-11-17T17:15:54-05:00,True,8.01
0001725160,"Zentalis Pharmaceuticals, Inc.",0001725160-21-000219,2021-11-10,2021-11-10T07:48:02-05:00,False,"2.02,9.01"
0001725160,"Zentalis Pharmaceuticals, Inc.",0001725160-21-000181,2021-08-12,2021-08-12T07:46:06-04:00,False,2.02
0001725160,"Zentalis Pharmaceuticals, Inc.",0001725160-21-000156,2021-07-01,2021-07-01T16:07:05-04:00,True,8.01
0001725160,"Zentalis Pharmaceuticals, Inc.",0001725160-21-000146,2021-06-28,2021-06-28T07:11:58-04:00,False,"8.01,9.01"
0001725160,"Zentalis Pharmaceuticals, Inc.",0001725160-21-000141,2021-06-08,2021-06-08T17:22:57-04:00,True,"5.02,5.07"
0001725160,"Zentalis Pharmaceuticals, Inc.",0001725160-21-000127,2021-05-17,2021-05-17T07:02:55-04:00,False,2.02
0001725160,"Zentalis Pharmaceuticals, Inc.",0001725160-21-000087,2021-04-06,2021-04-06T17:04:19-04:00,True,1.02
0001725160,"Zentalis Pharmaceuticals, Inc.",0001725160-21-000073,2021-03-25,2021-03-25T07:04:34-04:00,False,2.02
0001725160,"Zentalis Pharmaceuticals, Inc.",0001725160-21-000063,2021-03-19,2021-03-19T16:08:40-04:00,True,5.03
0001725160,"Zentalis Pharmaceuticals, Inc.",0001725160-21-000027,2021-02-10,2021-02-10T09:37:56-05:00,False,5.02
0001725160,"Zentalis Pharmaceuticals, Inc.",0001725160-20-000033,2020-11-09,2020-11-09T07:03:00-05:00,False,"2.02,9.01"
0001725160,"Zentalis Pharmaceuticals, Inc.",0001725160-20-000022,2020-10-02,2020-10-02T16:51:30-04:00,True,"1.01,2.03,5.02,9.01"
0001725160,"Zentalis Pharmaceuticals, Inc.",0001725160-20-000015,2020-08-13,2020-08-13T07:03:38-04:00,False,"2.02,9.01"
0001725160,"Zentalis Pharmaceuticals, Inc.",0001193125-20-206383,2020-07-31,2020-07-31T16:06:52-04:00,True,"1.02,2.02,9.01"
0001725160,"Zentalis Pharmaceuticals, Inc.",0001193125-20-185377,2020-07-02,2020-07-01T18:11:02-04:00,True,5.02
0001725160,"Zentalis Pharmaceuticals, Inc.",0001725160-20-000006,2020-05-15,2020-05-15T07:14:48-04:00,False,"2.02,9.01"
0001357459,"PALISADE BIO, INC.",0001493152-25-026195,2025-12-04,2025-12-04T16:40:01-05:00,True,"5.03,5.07,9.01"
0001357459,"PALISADE BIO, INC.",0001493152-25-018922,2025-10-22,2025-10-22T16:35:20-04:00,True,5.02
0001357459,"PALISADE BIO, INC.",0001493152-25-018684,2025-10-20,2025-10-20T17:22:00-04:00,True,5.07
0001357459,"PALISADE BIO, INC.",0001493152-25-018324,2025-10-16,2025-10-16T16:30:58-04:00,True,8.01
0001357459,"PALISADE BIO, INC.",0001493152-25-017630,2025-10-09,2025-10-09T17:08:01-04:00,True,"8.01,9.01"
0001357459,"PALISADE BIO, INC.",0001493152-25-015775,2025-09-26,2025-09-26T17:10:37-04:00,True,8.01
0001357459,"PALISADE BIO, INC.",0001493152-25-014071,2025-09-18,2025-09-18T16:27:12-04:00,True,8.01
0001357459,"PALISADE BIO, INC.",0001493152-25-012687,2025-09-05,2025-09-05T09:00:42-04:00,False,5.02
0001357459,"PALISADE BIO, INC.",0001641172-25-020896,2025-07-25,2025-07-24T19:00:46-04:00,True,"1.01,3.02,8.01,9.01"
0001357459,"PALISADE BIO, INC.",0001641172-25-018313,2025-07-09,2025-07-09T08:45:26-04:00,False,"5.02,8.01,9.01"
0001357459,"PALISADE BIO, INC.",0001641172-25-008346,2025-05-02,2025-05-02T16:11:24-04:00,True,3.01
0001357459,"PALISADE BIO, INC.",0001493152-24-050203,2024-12-16,2024-12-16T16:00:16-05:00,True,"1.01,3.02,8.01,9.01"
0001357459,"PALISADE BIO, INC.",0001493152-24-038547,2024-09-27,2024-09-27T16:31:12-04:00,True,"1.01,5.02,9.01"
0001357459,"PALISADE BIO, INC.",0001493152-24-026504,2024-07-08,2024-07-08T17:15:31-04:00,True,5.07
0001357459,"PALISADE BIO, INC.",0001493152-24-018687,2024-05-10,2024-05-10T16:52:30-04:00,True,"5.02,8.01,9.01"
0001357459,"PALISADE BIO, INC.",0001493152-24-017739,2024-05-03,2024-05-03T16:56:44-04:00,True,"1.01,3.02,8.01,9.01"
0001357459,"PALISADE BIO, INC.",0001493152-24-014253,2024-04-10,2024-04-10T17:29:22-04:00,True,"8.01,9.01"
0001357459,"PALISADE BIO, INC.",0001493152-24-013336,2024-04-05,2024-04-05T16:30:30-04:00,True,"5.03,8.01,9.01"
0001357459,"PALISADE BIO, INC.",0001493152-24-011527,2024-03-27,2024-03-27T16:45:35-04:00,True,"2.02,3.01,5.07,9.01"
0001357459,"PALISADE BIO, INC.",0001493152-24-009042,2024-03-06,2024-03-06T16:35:16-05:00,True,"5.02,5.03,9.01"
0001357459,"PALISADE BIO, INC.",0001493152-24-006132,2024-02-13,2024-02-13T16:38:18-05:00,True,"5.02,8.01,9.01"
0001357459,"PALISADE BIO, INC.",0001493152-24-004539,2024-02-01,2024-02-01T06:02:11-05:00,False,"1.01,3.02,8.01,9.01"
0001357459,"PALISADE BIO, INC.",0001493152-24-004066,2024-01-29,2024-01-29T08:30:40-05:00,False,"7.01,9.01"
0001357459,"PALISADE BIO, INC.",0001493152-23-039651,2023-11-07,2023-11-07T09:00:20-05:00,False,"7.01,9.01"
0001357459,"PALISADE BIO, INC.",0001493152-23-037881,2023-10-20,2023-10-20T17:00:38-04:00,True,3.01
0001357459,"PALISADE BIO, INC.",0001493152-23-032278,2023-09-11,2023-09-11T17:12:24-04:00,True,"1.01,3.02,5.02,8.01,9.01"
0001357459,"PALISADE BIO, INC.",0001493152-23-032245,2023-09-11,2023-09-11T15:30:13-04:00,False,"1.01,3.02,8.01,9.01"
0001357459,"PALISADE BIO, INC.",0001493152-23-032118,2023-09-08,2023-09-08T16:54:24-04:00,True,"1.01,2.01,8.01,9.01"
0001357459,"PALISADE BIO, INC.",0001493152-23-020669,2023-06-09,2023-06-09T09:38:23-04:00,False,"1.01,3.02,5.02,5.07,9.01"
0001357459,"PALISADE BIO, INC.",0001493152-23-011066,2023-04-05,2023-04-05T17:18:00-04:00,True,"1.01,3.02,8.01,9.01"
0001357459,"PALISADE BIO, INC.",0001493152-23-007342,2023-03-13,2023-03-13T07:00:35-04:00,False,8.01
0001357459,"PALISADE BIO, INC.",0001493152-23-003966,2023-02-08,2023-02-08T17:08:16-05:00,True,"3.02,5.02,8.01,9.01"
0001357459,"PALISADE BIO, INC.",0001493152-23-000368,2023-01-04,2023-01-04T17:18:40-05:00,True,"1.01,3.02,8.01,9.01"
0001357459,"PALISADE BIO, INC.",0001493152-22-035770,2022-12-16,2022-12-16T16:51:50-05:00,True,"8.01,9.01"
0001357459,"PALISADE BIO, INC.",0001493152-22-033543,2022-11-23,2022-11-23T16:05:35-05:00,True,"5.02,9.01"
0001357459,"PALISADE BIO, INC.",0001493152-22-032591,2022-11-16,2022-11-16T11:00:15-05:00,False,"5.03,8.01,9.01"
0001357459,"PALISADE BIO, INC.",0001493152-22-028556,2022-10-17,2022-10-17T16:32:07-04:00,True,5.02
0001357459,"PALISADE BIO, INC.",0001493152-22-028453,2022-10-14,2022-10-14T16:00:59-04:00,True,"1.01,5.02,9.01"
0001357459,"PALISADE BIO, INC.",0001493152-22-027885,2022-10-07,2022-10-07T13:30:31-04:00,False,5.07
0001357459,"PALISADE BIO, INC.",0001493152-22-026761,2022-09-26,2022-09-26T09:00:13-04:00,False,"4.01,9.01"
0001357459,"PALISADE BIO, INC.",0001493152-22-025929,2022-09-15,2022-09-15T08:35:37-04:00,False,"2.05,7.01,9.01"
0001357459,"PALISADE BIO, INC.",0000950170-22-017505,2022-08-16,2022-08-16T16:05:47-04:00,True,"1.01,5.03,8.01,9.01"
0001357459,"PALISADE BIO, INC.",0000950170-22-017410,2022-08-15,2022-08-15T17:03:09-04:00,True,"5.03,9.01"
0001357459,"PALISADE BIO, INC.",0000950170-22-011498,2022-06-10,2022-06-10T16:49:31-04:00,True,5.07
0001357459,"PALISADE BIO, INC.",0000950170-22-010416,2022-05-20,2022-05-20T16:56:06-04:00,True,3.01
0001357459,"PALISADE BIO, INC.",0001193125-22-143832,2022-05-06,2022-05-06T17:26:08-04:00,True,"1.01,3.02,9.01"
0001357459,"PALISADE BIO, INC.",0001193125-22-143077,2022-05-06,2022-05-06T08:42:32-04:00,False,"1.01,3.02,8.01,9.01"
0001357459,"PALISADE BIO, INC.",0000950170-22-006965,2022-05-03,2022-05-03T09:15:59-04:00,False,"7.01,9.01"
0001357459,"PALISADE BIO, INC.",0000950170-22-005828,2022-04-20,2022-04-20T08:04:59-04:00,False,8.01
0001357459,"PALISADE BIO, INC.",0000950170-22-003857,2022-03-16,2022-03-16T11:09:42-04:00,False,"7.01,9.01"
0001357459,"PALISADE BIO, INC.",0000950170-22-001894,2022-02-24,2022-02-24T11:49:36-05:00,False,"7.01,9.01"
0001357459,"PALISADE BIO, INC.",0000950170-22-001832,2022-02-24,2022-02-23T18:50:42-05:00,True,5.02
0001357459,"PALISADE BIO, INC.",0000950170-22-000621,2022-02-01,2022-02-01T07:59:26-05:00,False,"1.01,3.02,9.01"
0001357459,"PALISADE BIO, INC.",0000950170-22-000225,2022-01-11,2022-01-10T20:28:04-05:00,True,"7.01,9.01"
0001357459,"PALISADE BIO, INC.",0000950170-21-004851,2021-11-23,2021-11-22T19:30:38-05:00,True,"5.02,5.07,9.01"
0001357459,"PALISADE BIO, INC.",0001193125-21-310493,2021-10-28,2021-10-28T09:02:13-04:00,False,"7.01,9.01"
0001357459,"PALISADE BIO, INC.",0001193125-21-304862,2021-10-22,2021-10-22T09:51:02-04:00,False,"8.01,9.01"
0001357459,"PALISADE BIO, INC.",0001171843-21-006440,2021-09-13,2021-09-13T08:00:56-04:00,False,"7.01,9.01"
0001357459,"PALISADE BIO, INC.",0001171843-21-006119,2021-08-24,2021-08-24T08:00:37-04:00,False,"1.01,3.02,9.01"
0001357459,"PALISADE BIO, INC.",0001171843-21-004994,2021-07-22,2021-07-22T06:05:16-04:00,False,"1.01,3.02,9.01"
0001357459,"PALISADE BIO, INC.",0001171843-21-004811,2021-07-09,2021-07-09T08:00:14-04:00,False,"4.01,9.01"
0001357459,"PALISADE BIO, INC.",0001171843-21-004377,2021-06-16,2021-06-16T16:35:07-04:00,True,8.01
0001357459,"PALISADE BIO, INC.",0001171843-21-003941,2021-06-01,2021-06-01T17:24:59-04:00,True,"7.01,9.01"
0001357459,"PALISADE BIO, INC.",0001171843-21-003780,2021-05-26,2021-05-26T09:00:19-04:00,False,"3.02,8.01"
0001357459,"PALISADE BIO, INC.",0001171843-21-003201,2021-05-06,2021-05-06T07:00:28-04:00,False,8.01
0001357459,"PALISADE BIO, INC.",0001171843-21-002837,2021-04-28,2021-04-28T08:00:44-04:00,False,"7.01,9.01"
0001357459,"PALISADE BIO, INC.",0001171843-21-002819,2021-04-27,2021-04-27T17:24:48-04:00,True,"1.01,2.01,3.03,5.01,5.02,5.03,8.01,9.01"
0001357459,"PALISADE BIO, INC.",0001171843-21-002410,2021-04-09,2021-04-09T17:00:11-04:00,True,"5.07,8.01"
0001357459,"PALISADE BIO, INC.",0001171843-21-002038,2021-03-24,2021-03-24T16:45:33-04:00,True,"8.01,9.01"
0001357459,"PALISADE BIO, INC.",0001171843-21-002004,2021-03-23,2021-03-23T17:07:51-04:00,True,"2.02,9.01"
0001357459,"PALISADE BIO, INC.",0001171843-21-001886,2021-03-18,2021-03-18T09:02:29-04:00,False,"5.02,8.01,9.01"
0001357459,"PALISADE BIO, INC.",0001171843-20-008660,2020-12-21,2020-12-21T09:02:17-05:00,False,"1.01,9.01"
0001357459,"PALISADE BIO, INC.",0001171843-20-008037,2020-11-16,2020-11-16T17:00:16-05:00,True,"2.02,9.01"
0001357459,"PALISADE BIO, INC.",0001171843-20-006367,2020-09-09,2020-09-09T17:01:05-04:00,True,"5.07,7.01"
0001357459,"PALISADE BIO, INC.",0001171843-20-005936,2020-08-14,2020-08-14T12:30:07-04:00,False,"2.02,9.01"
0001357459,"PALISADE BIO, INC.",0001171843-20-005791,2020-08-10,2020-08-10T17:13:27-04:00,True,"5.07,7.01,8.01,9.01"
0001357459,"PALISADE BIO, INC.",0001171843-20-004349,2020-06-12,2020-06-12T17:00:11-04:00,True,5.08
0001357459,"PALISADE BIO, INC.",0001171843-20-004007,2020-05-27,2020-05-27T10:52:21-04:00,False,"1.01,3.02,8.01,9.01"
0001357459,"PALISADE BIO, INC.",0001171843-20-003925,2020-05-21,2020-05-21T15:10:55-04:00,False,7.01
0001357459,"PALISADE BIO, INC.",0001171843-20-003767,2020-05-15,2020-05-15T15:02:01-04:00,False,"2.02,9.01"
0001357459,"PALISADE BIO, INC.",0001171843-20-002720,2020-04-20,2020-04-20T17:15:38-04:00,True,8.01
0001357459,"PALISADE BIO, INC.",0001171843-20-002633,2020-04-15,2020-04-15T17:00:12-04:00,True,3.01
0001357459,"PALISADE BIO, INC.",0001171843-20-002458,2020-04-07,2020-04-07T17:00:11-04:00,True,8.01
0001357459,"PALISADE BIO, INC.",0001171843-20-002303,2020-04-02,2020-04-02T15:00:13-04:00,False,"2.02,3.01,3.02,5.02,9.01"
0001357459,"PALISADE BIO, INC.",0001171843-20-001209,2020-02-24,2020-02-24T14:17:20-05:00,False,"7.01,9.01"
0001357459,"PALISADE BIO, INC.",0001171843-20-000433,2020-01-23,2020-01-23T10:34:45-05:00,False,7.01
0001357459,"PALISADE BIO, INC.",0001171843-20-000374,2020-01-22,2020-01-22T07:00:16-05:00,False,"1.01,3.02,9.01"
0001357459,"PALISADE BIO, INC.",0001171843-20-000299,2020-01-16,2020-01-16T17:14:50-05:00,True,"7.01,9.01"
0001357459,"PALISADE BIO, INC.",0001171843-20-000155,2020-01-10,2020-01-10T17:00:15-05:00,True,8.01
0001357459,"PALISADE BIO, INC.",0001171843-19-008270,2019-12-20,2019-12-20T16:49:37-05:00,True,8.01
0001357459,"PALISADE BIO, INC.",0001171843-19-007574,2019-11-15,2019-11-15T10:36:42-05:00,False,"2.02,9.01"
0001357459,"PALISADE BIO, INC.",0001171843-19-007138,2019-11-04,2019-11-04T15:56:08-05:00,False,"7.01,9.01"
0001357459,"PALISADE BIO, INC.",0001171843-19-006925,2019-10-30,2019-10-29T17:43:46-04:00,True,"5.03,9.01"
0001357459,"PALISADE BIO, INC.",0001171843-19-006101,2019-09-24,2019-09-24T16:52:08-04:00,True,7.01
0001357459,"PALISADE BIO, INC.",0001171843-19-005971,2019-09-17,2019-09-17T17:00:12-04:00,True,5.02
0001357459,"PALISADE BIO, INC.",0001171843-19-005491,2019-08-14,2019-08-14T14:31:56-04:00,False,"2.02,9.01"
0001357459,"PALISADE BIO, INC.",0001171843-19-005227,2019-08-07,2019-08-07T09:00:14-04:00,False,"8.01,9.01"
0001357459,"PALISADE BIO, INC.",0001171843-19-004639,2019-07-18,2019-07-18T09:00:25-04:00,False,"5.02,5.03,8.01,9.01"
0001357459,"PALISADE BIO, INC.",0001171843-19-004037,2019-06-18,2019-06-18T08:00:49-04:00,False,5.07
0001357459,"PALISADE BIO, INC.",0001171843-19-003762,2019-06-03,2019-06-03T08:30:40-04:00,False,"3.01,9.01"
0001357459,"PALISADE BIO, INC.",0001171843-19-003356,2019-05-14,2019-05-14T16:32:25-04:00,True,"2.02,9.01"
0001357459,"PALISADE BIO, INC.",0001171843-19-002971,2019-05-06,2019-05-06T10:45:12-04:00,False,"5.02,9.01"
0001357459,"PALISADE BIO, INC.",0001171843-19-001924,2019-03-22,2019-03-22T17:30:36-04:00,True,"2.02,9.01"
0001357459,"PALISADE BIO, INC.",0001171843-19-000835,2019-02-11,2019-02-11T14:11:14-05:00,False,5.02
0001768224,Arcturus Therapeutics Holdings Inc.,0001193805-25-001734,2025-12-15,2025-12-15T08:30:40-05:00,False,"5.02,9.01"
0001768224,Arcturus Therapeutics Holdings Inc.,0001193805-25-001555,2025-11-10,2025-11-10T16:09:10-05:00,True,"2.02,9.01"
0001768224,Arcturus Therapeutics Holdings Inc.,0001193805-25-001499,2025-10-22,2025-10-22T07:50:46-04:00,False,"7.01,8.01,9.01"
0001768224,Arcturus Therapeutics Holdings Inc.,0001193805-25-001368,2025-09-26,2025-09-26T06:01:41-04:00,False,"7.01,9.01"
0001768224,Arcturus Therapeutics Holdings Inc.,0001193805-25-001247,2025-08-29,2025-08-29T06:00:56-04:00,False,"7.01,9.01"
0001768224,Arcturus Therapeutics Holdings Inc.,0001193805-25-001175,2025-08-11,2025-08-11T16:01:46-04:00,True,"2.02,9.01"
0001768224,Arcturus Therapeutics Holdings Inc.,0001193805-25-000946,2025-06-30,2025-06-30T16:05:54-04:00,True,"7.01,9.01"
0001768224,Arcturus Therapeutics Holdings Inc.,0001193805-25-000820,2025-06-06,2025-06-06T16:05:57-04:00,True,5.07
0001768224,Arcturus Therapeutics Holdings Inc.,0001193805-25-000630,2025-05-12,2025-05-12T16:05:47-04:00,True,"2.02,9.01"
0001768224,Arcturus Therapeutics Holdings Inc.,0001193805-25-000275,2025-03-06,2025-03-06T16:02:38-05:00,True,"2.02,9.01"
0001768224,Arcturus Therapeutics Holdings Inc.,0001193805-24-001318,2024-11-07,2024-11-07T16:25:35-05:00,True,"2.02,9.01"
0001768224,Arcturus Therapeutics Holdings Inc.,0001193805-24-001023,2024-08-13,2024-08-13T07:54:14-04:00,False,"7.01,9.01"
0001768224,Arcturus Therapeutics Holdings Inc.,0001193805-24-000990,2024-08-05,2024-08-05T16:09:24-04:00,True,"2.02,9.01"
0001768224,Arcturus Therapeutics Holdings Inc.,0001193805-24-000842,2024-06-24,2024-06-24T16:07:32-04:00,True,"5.02,7.01,9.01"
0001768224,Arcturus Therapeutics Holdings Inc.,0001193805-24-000806,2024-06-14,2024-06-14T16:30:36-04:00,True,"5.02,5.07,9.01"
0001768224,Arcturus Therapeutics Holdings Inc.,0001193805-24-000614,2024-05-08,2024-05-08T16:05:04-04:00,True,"2.02,9.01"
0001768224,Arcturus Therapeutics Holdings Inc.,0001193805-24-000505,2024-04-05,2024-04-05T17:00:24-04:00,True,"4.01,9.01"
0001768224,Arcturus Therapeutics Holdings Inc.,0001193805-24-000392,2024-03-19,2024-03-19T06:00:29-04:00,False,"7.01,9.01"
0001768224,Arcturus Therapeutics Holdings Inc.,0001193805-24-000335,2024-03-07,2024-03-07T16:05:52-05:00,True,"2.02,9.01"
0001768224,Arcturus Therapeutics Holdings Inc.,0001193805-24-000264,2024-02-23,2024-02-23T16:05:35-05:00,True,"5.02,9.01"
0001768224,Arcturus Therapeutics Holdings Inc.,0001193805-23-001493,2023-11-14,2023-11-14T16:10:46-05:00,True,"2.02,9.01"
0001768224,Arcturus Therapeutics Holdings Inc.,0001193805-23-001328,2023-09-26,2023-09-26T16:06:46-04:00,True,"1.01,8.01,9.01"
0001768224,Arcturus Therapeutics Holdings Inc.,0001193805-23-001174,2023-08-14,2023-08-14T16:06:25-04:00,True,"1.01,8.01,9.01"
0001768224,Arcturus Therapeutics Holdings Inc.,0001193805-23-001112,2023-08-07,2023-08-07T16:23:22-04:00,True,"2.02,8.01,9.01"
0001768224,Arcturus Therapeutics Holdings Inc.,0001193805-23-000984,2023-07-14,2023-07-14T07:53:41-04:00,False,7.01
0001768224,Arcturus Therapeutics Holdings Inc.,0001193805-23-000929,2023-06-30,2023-06-30T08:28:35-04:00,False,"7.01,9.01"
0001768224,Arcturus Therapeutics Holdings Inc.,0001193805-23-000861,2023-06-16,2023-06-16T16:32:44-04:00,True,5.07
0001768224,Arcturus Therapeutics Holdings Inc.,0001193805-23-000686,2023-05-09,2023-05-09T16:11:14-04:00,True,"2.02,9.01"
0001768224,Arcturus Therapeutics Holdings Inc.,0001193805-23-000619,2023-04-28,2023-04-28T06:00:59-04:00,False,"7.01,9.01"
0001768224,Arcturus Therapeutics Holdings Inc.,0001193805-23-000595,2023-04-21,2023-04-21T17:21:31-04:00,True,"1.01,2.03,9.01"
0001768224,Arcturus Therapeutics Holdings Inc.,0001193805-23-000532,2023-04-11,2023-04-11T09:00:25-04:00,False,"7.01,9.01"
0001768224,Arcturus Therapeutics Holdings Inc.,0001193805-23-000401,2023-03-28,2023-03-28T16:10:40-04:00,True,"2.02,9.01"
0001768224,Arcturus Therapeutics Holdings Inc.,0001193805-23-000356,2023-03-17,2023-03-17T16:15:45-04:00,True,1.02
0001768224,Arcturus Therapeutics Holdings Inc.,0001193805-22-001719,2022-12-13,2022-12-13T16:14:42-05:00,True,"5.02,7.01,9.01"
0001768224,Arcturus Therapeutics Holdings Inc.,0001193805-22-001712,2022-12-13,2022-12-13T08:33:21-05:00,False,"7.01,9.01"
0001768224,Arcturus Therapeutics Holdings Inc.,0001193805-22-001504,2022-11-09,2022-11-09T16:06:26-05:00,True,"2.02,9.01"
0001768224,Arcturus Therapeutics Holdings Inc.,0001193805-22-001480,2022-11-04,2022-11-04T17:00:34-04:00,True,"1.01,1.02,9.01"
0001768224,Arcturus Therapeutics Holdings Inc.,0001193805-22-001470,2022-11-02,2022-11-01T18:36:56-04:00,True,"1.01,9.01"
0001768224,Arcturus Therapeutics Holdings Inc.,0001193805-22-001230,2022-09-01,2022-09-01T17:09:29-04:00,True,"1.01,9.01"
0001768224,Arcturus Therapeutics Holdings Inc.,0001193805-22-001152,2022-08-09,2022-08-09T16:01:36-04:00,True,"2.02,9.01"
0001768224,Arcturus Therapeutics Holdings Inc.,0001193805-22-001014,2022-06-24,2022-06-24T17:23:55-04:00,True,"1.01,5.07,9.01"
0001768224,Arcturus Therapeutics Holdings Inc.,0001193805-22-000752,2022-05-09,2022-05-09T16:20:03-04:00,True,"2.02,9.01"
0001768224,Arcturus Therapeutics Holdings Inc.,0001193805-22-000672,2022-04-20,2022-04-20T17:24:50-04:00,True,"1.01,1.02,8.01,9.01"
0001768224,Arcturus Therapeutics Holdings Inc.,0001193805-22-000402,2022-02-28,2022-02-28T16:15:54-05:00,True,"2.02,9.01"
0001768224,Arcturus Therapeutics Holdings Inc.,0001193805-22-000358,2022-02-17,2022-02-17T07:57:54-05:00,False,"8.01,9.01"
0001768224,Arcturus Therapeutics Holdings Inc.,0001193805-22-000265,2022-02-11,2022-02-11T17:00:27-05:00,True,5.02
0001768224,Arcturus Therapeutics Holdings Inc.,0001193805-22-000036,2022-01-11,2022-01-11T07:00:23-05:00,False,7.01
0001768224,Arcturus Therapeutics Holdings Inc.,0001193805-21-001738,2021-12-13,2021-12-13T17:17:45-05:00,True,"5.02,5.05,7.01,9.01"
0001768224,Arcturus Therapeutics Holdings Inc.,0001193805-21-001584,2021-11-16,2021-11-16T16:15:43-05:00,True,"8.01,9.01"
0001768224,Arcturus Therapeutics Holdings Inc.,0001193805-21-001541,2021-11-08,2021-11-08T16:18:25-05:00,True,"2.02,9.01"
0001768224,Arcturus Therapeutics Holdings Inc.,0001193805-21-001517,2021-11-01,2021-11-01T16:30:38-04:00,True,"1.01,9.01"
0001768224,Arcturus Therapeutics Holdings Inc.,0001193805-21-001417,2021-10-05,2021-10-05T17:01:29-04:00,True,"1.01,2.03"
0001768224,Arcturus Therapeutics Holdings Inc.,0001193805-21-001224,2021-08-26,2021-08-26T16:15:33-04:00,True,"1.02,5.02"
0001768224,Arcturus Therapeutics Holdings Inc.,0001193805-21-001134,2021-08-09,2021-08-09T16:02:19-04:00,True,"2.02,7.01,9.01"
0001768224,Arcturus Therapeutics Holdings Inc.,0001193805-21-001100,2021-08-04,2021-08-04T16:15:41-04:00,True,1.01
0001768224,Arcturus Therapeutics Holdings Inc.,0001193805-21-000923,2021-06-22,2021-06-22T16:31:06-04:00,True,5.07
0001768224,Arcturus Therapeutics Holdings Inc.,0001193805-21-000630,2021-05-10,2021-05-10T16:21:09-04:00,True,"2.02,7.01,9.01"
0001768224,Arcturus Therapeutics Holdings Inc.,0001193805-21-000538,2021-04-26,2021-04-26T17:15:26-04:00,True,"5.02,9.01"
0001768224,Arcturus Therapeutics Holdings Inc.,0001193805-21-000289,2021-03-01,2021-03-01T16:20:47-05:00,True,"2.02,7.01,9.01"
0001768224,Arcturus Therapeutics Holdings Inc.,0001193805-21-000256,2021-02-22,2021-02-22T17:00:32-05:00,True,"3.02,8.01,9.01"
0001768224,Arcturus Therapeutics Holdings Inc.,0001193805-21-000122,2021-02-03,2021-02-03T13:00:42-05:00,False,2.03
0001768224,Arcturus Therapeutics Holdings Inc.,0001193805-20-001508,2020-12-08,2020-12-08T09:01:14-05:00,False,"1.01,7.01,9.01"
0001768224,Arcturus Therapeutics Holdings Inc.,0001193805-20-001498,2020-12-07,2020-12-07T06:02:03-05:00,False,"1.01,9.01"
0001768224,Arcturus Therapeutics Holdings Inc.,0001193805-20-001470,2020-11-25,2020-11-25T16:49:56-05:00,True,"5.03,9.01"
0001768224,Arcturus Therapeutics Holdings Inc.,0001193805-20-001417,2020-11-13,2020-11-12T19:17:09-05:00,True,"5.07,9.01"
0001768224,Arcturus Therapeutics Holdings Inc.,0001193805-20-001406,2020-11-09,2020-11-09T16:06:24-05:00,True,"2.02,9.01"
0001768224,Arcturus Therapeutics Holdings Inc.,0001193805-20-001274,2020-10-15,2020-10-15T06:27:00-04:00,False,"8.01,9.01"
0001768224,Arcturus Therapeutics Holdings Inc.,0001193805-20-001229,2020-10-02,2020-10-02T16:15:22-04:00,True,"8.01,9.01"
0001768224,Arcturus Therapeutics Holdings Inc.,0001193805-20-001052,2020-08-18,2020-08-18T16:01:19-04:00,True,"1.01,7.01,9.01"
0001768224,Arcturus Therapeutics Holdings Inc.,0001193805-20-000987,2020-08-10,2020-08-10T16:22:25-04:00,True,"2.02,9.01"
0001768224,Arcturus Therapeutics Holdings Inc.,0001193805-20-000902,2020-07-29,2020-07-29T06:02:20-04:00,False,"1.01,9.01"
0001768224,Arcturus Therapeutics Holdings Inc.,0001193805-20-000886,2020-07-24,2020-07-24T06:02:20-04:00,False,"8.01,9.01"
0001768224,Arcturus Therapeutics Holdings Inc.,0001193805-20-000704,2020-06-18,2020-06-18T13:15:19-04:00,False,"7.01,9.01"
0001768224,Arcturus Therapeutics Holdings Inc.,0001193125-20-164097,2020-06-09,2020-06-09T06:09:20-04:00,False,5.07
0001768224,Arcturus Therapeutics Holdings Inc.,0001193805-20-000622,2020-05-21,2020-05-21T16:34:45-04:00,True,"3.02,7.01,9.01"
0001768224,Arcturus Therapeutics Holdings Inc.,0001193805-20-000565,2020-05-07,2020-05-07T16:08:01-04:00,True,"2.02,9.01"
0001768224,Arcturus Therapeutics Holdings Inc.,0001564590-20-017549,2020-04-21,2020-04-21T06:03:05-04:00,False,8.01
0001768224,Arcturus Therapeutics Holdings Inc.,0001564590-20-017147,2020-04-17,2020-04-17T06:06:05-04:00,False,"1.01,1.02,8.01,9.01"
0001768224,Arcturus Therapeutics Holdings Inc.,0001193805-20-000412,2020-03-27,2020-03-27T17:20:09-04:00,True,"1.01,9.01"
0001768224,Arcturus Therapeutics Holdings Inc.,0001193805-20-000335,2020-03-11,2020-03-11T16:05:23-04:00,True,"2.02,9.01"
0001768224,Arcturus Therapeutics Holdings Inc.,0001193805-20-000295,2020-03-04,2020-03-04T08:52:57-05:00,False,1.01
0001768224,Arcturus Therapeutics Holdings Inc.,0001193805-20-000030,2020-01-10,2020-01-10T16:30:53-05:00,True,"7.01,9.01"
0001768224,Arcturus Therapeutics Holdings Inc.,0001193125-19-287407,2019-11-07,2019-11-07T16:53:56-05:00,True,"2.02,9.01"
0001768224,Arcturus Therapeutics Holdings Inc.,0001193125-19-287260,2019-11-07,2019-11-07T16:01:05-05:00,True,"7.01,9.01"
0001768224,Arcturus Therapeutics Holdings Inc.,0001193125-19-280541,2019-10-31,2019-10-31T16:46:55-04:00,True,"1.01,5.07"
0001768224,Arcturus Therapeutics Holdings Inc.,0001193125-19-257389,2019-09-27,2019-09-27T16:25:33-04:00,True,"1.01,7.01,9.01"
0001768224,Arcturus Therapeutics Holdings Inc.,0001193125-19-252227,2019-09-23,2019-09-23T16:34:56-04:00,True,"5.02,8.01,9.01"
0001768224,Arcturus Therapeutics Holdings Inc.,0001193125-19-245891,2019-09-16,2019-09-16T17:04:02-04:00,True,8.01
0001768224,Arcturus Therapeutics Holdings Inc.,0001193125-19-221871,2019-08-15,2019-08-15T08:09:03-04:00,False,"7.01,9.01"
0001768224,Arcturus Therapeutics Holdings Inc.,0001193125-19-212594,2019-08-05,2019-08-05T09:14:03-04:00,False,"1.01,7.01,9.01"
0001768224,Arcturus Therapeutics Holdings Inc.,0001193125-19-212082,2019-08-02,2019-08-02T16:29:33-04:00,True,"1.01,7.01,9.01"
0001768224,Arcturus Therapeutics Holdings Inc.,0001193805-19-000694,2019-08-01,2019-08-01T12:35:40-04:00,False,"1.01,8.01,9.01"
0001768224,Arcturus Therapeutics Holdings Inc.,0001193125-19-205403,2019-07-29,2019-07-29T16:05:55-04:00,True,"1.01,1.02"
0001768224,Arcturus Therapeutics Holdings Inc.,0001193125-19-176908,2019-06-20,2019-06-20T06:06:04-04:00,False,"1.01,3.02,5.02,7.01,9.01"
0001768224,Arcturus Therapeutics Holdings Inc.,0001193125-19-176112,2019-06-19,2019-06-19T09:31:46-04:00,False,"7.01,9.01"
0001434316,FATE THERAPEUTICS INC,0001193125-25-279091,2025-11-13,2025-11-13T08:32:54-05:00,False,"2.02,9.01"
0001434316,FATE THERAPEUTICS INC,0001193125-25-250674,2025-10-27,2025-10-27T07:00:13-04:00,False,"7.01,8.01,9.01"
0001434316,FATE THERAPEUTICS INC,0001193125-25-238989,2025-10-14,2025-10-14T16:02:55-04:00,True,"5.02,7.01,9.01"
0001434316,FATE THERAPEUTICS INC,0001193125-25-178947,2025-08-12,2025-08-12T16:07:27-04:00,True,"2.02,2.05,9.01"
0001434316,FATE THERAPEUTICS INC,0001193125-25-132301,2025-05-30,2025-05-30T17:15:02-04:00,True,"5.02,5.03,5.07,7.01,9.01"
0001434316,FATE THERAPEUTICS INC,0000950170-25-070280,2025-05-13,2025-05-13T16:02:25-04:00,True,"2.02,9.01"
0001434316,FATE THERAPEUTICS INC,0000950170-25-033507,2025-03-05,2025-03-05T16:02:33-05:00,True,"2.02,9.01"
0001434316,FATE THERAPEUTICS INC,0001193125-25-002153,2025-01-06,2025-01-06T16:01:28-05:00,True,"5.02,9.01"
0001434316,FATE THERAPEUTICS INC,0001193125-24-268003,2024-11-29,2024-11-29T14:33:53-05:00,False,"5.02,7.01,9.01"
0001434316,FATE THERAPEUTICS INC,0000950170-24-125307,2024-11-12,2024-11-12T16:01:59-05:00,True,"2.02,9.01"
0001434316,FATE THERAPEUTICS INC,0001193125-24-211130,2024-08-30,2024-08-30T16:21:54-04:00,True,"1.01,5.02,9.01"
0001434316,FATE THERAPEUTICS INC,0000950170-24-096177,2024-08-13,2024-08-13T16:06:21-04:00,True,"2.02,9.01"
0001434316,FATE THERAPEUTICS INC,0001193125-24-189911,2024-07-31,2024-07-31T16:03:29-04:00,True,"5.02,7.01,9.01"
0001434316,FATE THERAPEUTICS INC,0001193125-24-158374,2024-06-10,2024-06-10T16:31:31-04:00,True,"5.03,9.01"
0001434316,FATE THERAPEUTICS INC,0001193125-24-157554,2024-06-07,2024-06-07T17:26:59-04:00,True,"5.02,5.07,9.01"
0001434316,FATE THERAPEUTICS INC,0001193125-24-151963,2024-05-31,2024-05-31T17:24:29-04:00,True,5.02
0001434316,FATE THERAPEUTICS INC,0000950170-24-056852,2024-05-09,2024-05-09T16:02:49-04:00,True,"2.02,9.01"
0001434316,FATE THERAPEUTICS INC,0001193125-24-134840,2024-05-09,2024-05-09T09:01:04-04:00,False,"7.01,8.01,9.01"
0001434316,FATE THERAPEUTICS INC,0001193125-24-072871,2024-03-21,2024-03-20T17:32:00-04:00,True,"1.01,3.02,8.01,9.01"
0001434316,FATE THERAPEUTICS INC,0000950170-24-020123,2024-02-26,2024-02-26T16:03:08-05:00,True,"2.02,9.01"
0001434316,FATE THERAPEUTICS INC,0001193125-23-273633,2023-11-08,2023-11-08T17:10:02-05:00,True,"1.01,1.02,9.01"
0001434316,FATE THERAPEUTICS INC,0000950170-23-061077,2023-11-08,2023-11-08T16:03:06-05:00,True,"2.02,9.01"
0001434316,FATE THERAPEUTICS INC,0001193125-23-227749,2023-09-01,2023-09-01T17:29:29-04:00,True,8.01
0001434316,FATE THERAPEUTICS INC,0000950170-23-039783,2023-08-08,2023-08-08T16:07:19-04:00,True,"2.02,9.01"
0001434316,FATE THERAPEUTICS INC,0000950170-23-027262,2023-06-09,2023-06-09T16:08:02-04:00,True,5.07
0001434316,FATE THERAPEUTICS INC,0000950170-23-027007,2023-06-08,2023-06-08T16:12:22-04:00,True,5.02
0001434316,FATE THERAPEUTICS INC,0000950170-23-026747,2023-06-07,2023-06-07T08:52:01-04:00,False,8.01
0001434316,FATE THERAPEUTICS INC,0000950170-23-017157,2023-05-03,2023-05-03T16:06:15-04:00,True,"2.02,9.01"
0001434316,FATE THERAPEUTICS INC,0000950170-23-013471,2023-04-19,2023-04-19T16:06:14-04:00,True,"3.01,5.03,9.01"
0001434316,FATE THERAPEUTICS INC,0000950170-23-005063,2023-02-28,2023-02-28T16:03:29-05:00,True,"2.02,9.01"
0001434316,FATE THERAPEUTICS INC,0001193125-23-002504,2023-01-05,2023-01-05T17:04:32-05:00,True,"1.02,2.05,5.02,8.01,9.01"
0001434316,FATE THERAPEUTICS INC,0000950170-22-022488,2022-11-07,2022-11-07T13:21:26-05:00,False,"1.01,7.01,9.01"
0001434316,FATE THERAPEUTICS INC,0000950170-22-021834,2022-11-03,2022-11-03T16:03:09-04:00,True,"2.02,9.01"
0001434316,FATE THERAPEUTICS INC,0000950170-22-014223,2022-08-03,2022-08-03T16:03:54-04:00,True,"2.02,9.01"
0001434316,FATE THERAPEUTICS INC,0000950170-22-012381,2022-06-30,2022-06-30T16:06:42-04:00,True,"1.01,7.01,9.01"
0001434316,FATE THERAPEUTICS INC,0000950170-22-011554,2022-06-13,2022-06-13T16:10:11-04:00,True,"5.02,5.07,9.01"
0001434316,FATE THERAPEUTICS INC,0000950170-22-007377,2022-05-04,2022-05-04T16:06:33-04:00,True,"2.02,9.01"
0001434316,FATE THERAPEUTICS INC,0000950170-22-002285,2022-02-28,2022-02-28T16:06:12-05:00,True,"2.02,9.01"
0001434316,FATE THERAPEUTICS INC,0001193125-21-356947,2021-12-14,2021-12-14T17:28:34-05:00,True,"8.01,9.01"
0001434316,FATE THERAPEUTICS INC,0001193125-21-320325,2021-11-04,2021-11-04T16:59:10-04:00,True,"1.01,1.02,9.01"
0001434316,FATE THERAPEUTICS INC,0000950170-21-003055,2021-11-04,2021-11-04T16:07:37-04:00,True,"2.02,9.01"
0001434316,FATE THERAPEUTICS INC,0001564590-21-040793,2021-08-04,2021-08-04T16:05:57-04:00,True,"2.02,9.01"
0001434316,FATE THERAPEUTICS INC,0001193125-21-235830,2021-08-04,2021-08-04T09:20:33-04:00,False,"5.02,7.01,9.01"
0001434316,FATE THERAPEUTICS INC,0001193125-21-184402,2021-06-07,2021-06-07T16:50:34-04:00,True,"5.03,5.07,9.01"
0001434316,FATE THERAPEUTICS INC,0001564590-21-024017,2021-05-05,2021-05-05T16:01:27-04:00,True,"2.02,9.01"
0001434316,FATE THERAPEUTICS INC,0001564590-21-015473,2021-03-25,2021-03-25T16:01:38-04:00,True,"5.02,9.01"
0001434316,FATE THERAPEUTICS INC,0001564590-21-008069,2021-02-24,2021-02-24T16:01:48-05:00,True,"2.02,9.01"
0001434316,FATE THERAPEUTICS INC,0001193125-21-005180,2021-01-08,2021-01-08T16:02:00-05:00,True,"1.01,8.01,9.01"
0001434316,FATE THERAPEUTICS INC,0001564590-20-058034,2020-12-22,2020-12-22T16:01:19-05:00,True,"5.03,9.01"
0001434316,FATE THERAPEUTICS INC,0001564590-20-056247,2020-12-07,2020-12-07T09:00:34-05:00,False,8.01
0001434316,FATE THERAPEUTICS INC,0001564590-20-051284,2020-11-05,2020-11-05T16:02:19-05:00,True,"2.02,9.01"
0001434316,FATE THERAPEUTICS INC,0001564590-20-040672,2020-08-19,2020-08-19T16:01:20-04:00,True,"5.02,5.03,7.01,9.01"
0001434316,FATE THERAPEUTICS INC,0001564590-20-036776,2020-08-05,2020-08-05T16:01:19-04:00,True,"2.02,9.01"
0001434316,FATE THERAPEUTICS INC,0001193125-20-164916,2020-06-10,2020-06-09T21:21:17-04:00,True,"1.01,3.02,8.01,9.01"
0001434316,FATE THERAPEUTICS INC,0001564590-20-024158,2020-05-11,2020-05-11T16:01:18-04:00,True,"2.02,9.01"
0001434316,FATE THERAPEUTICS INC,0001564590-20-021242,2020-05-05,2020-05-05T16:03:18-04:00,True,"5.02,5.07,7.01,9.01"
0001434316,FATE THERAPEUTICS INC,0001564590-20-019242,2020-04-28,2020-04-28T16:23:31-04:00,True,8.01
0001434316,FATE THERAPEUTICS INC,0001564590-20-015011,2020-04-02,2020-04-02T16:55:58-04:00,True,"1.01,3.02,7.01,8.01,9.01"
0001434316,FATE THERAPEUTICS INC,0001564590-20-008139,2020-03-02,2020-03-02T16:01:37-05:00,True,"2.02,9.01"
0001434316,FATE THERAPEUTICS INC,0001564590-20-000753,2020-01-10,2020-01-10T16:01:23-05:00,True,"1.01,2.03"
0001434316,FATE THERAPEUTICS INC,0001564590-19-043510,2019-11-14,2019-11-14T16:01:33-05:00,True,1.02
0001434316,FATE THERAPEUTICS INC,0001564590-19-040354,2019-11-05,2019-11-05T16:01:41-05:00,True,"2.02,9.01"
0001434316,FATE THERAPEUTICS INC,0001193125-19-244198,2019-09-13,2019-09-12T21:30:03-04:00,True,"1.01,8.01,9.01"
0001434316,FATE THERAPEUTICS INC,0001564590-19-029319,2019-08-06,2019-08-06T16:01:31-04:00,True,"2.02,9.01"
0001434316,FATE THERAPEUTICS INC,0001564590-19-025146,2019-07-17,2019-07-17T16:03:21-04:00,True,"5.02,7.01,9.01"
0001434316,FATE THERAPEUTICS INC,0001564590-19-016519,2019-05-07,2019-05-07T16:15:43-04:00,True,"2.02,9.01"
0001434316,FATE THERAPEUTICS INC,0001564590-19-016475,2019-05-07,2019-05-07T16:00:18-04:00,True,5.07
0001434316,FATE THERAPEUTICS INC,0001564590-19-008253,2019-03-18,2019-03-18T16:01:24-04:00,True,"5.02,7.01,9.01"
0001434316,FATE THERAPEUTICS INC,0001564590-19-006257,2019-03-05,2019-03-05T16:01:17-05:00,True,"2.02,9.01"
0001434316,FATE THERAPEUTICS INC,0001564590-19-000184,2019-01-04,2019-01-04T16:04:43-05:00,True,8.01
0000876343,"Lineage Cell Therapeutics, Inc.",0001193125-25-302552,2025-11-28,2025-11-28T16:05:24-05:00,True,8.01
0000876343,"Lineage Cell Therapeutics, Inc.",0001193125-25-291979,2025-11-24,2025-11-24T06:49:07-05:00,False,8.01
0000876343,"Lineage Cell Therapeutics, Inc.",0001193125-25-276249,2025-11-12,2025-11-12T09:25:41-05:00,False,8.01
0000876343,"Lineage Cell Therapeutics, Inc.",0001193125-25-269534,2025-11-06,2025-11-06T16:12:19-05:00,True,"2.02,9.01"
0000876343,"Lineage Cell Therapeutics, Inc.",0000950170-25-111319,2025-08-26,2025-08-26T09:14:05-04:00,False,"7.01,8.01,9.01"
0000876343,"Lineage Cell Therapeutics, Inc.",0000950170-25-107314,2025-08-12,2025-08-12T16:10:31-04:00,True,"2.02,9.01"
0000876343,"Lineage Cell Therapeutics, Inc.",0000950170-25-093007,2025-07-02,2025-07-02T16:25:20-04:00,True,"5.02,5.07,9.01"
0000876343,"Lineage Cell Therapeutics, Inc.",0000950170-25-088738,2025-06-23,2025-06-23T09:26:11-04:00,False,"7.01,8.01,9.01"
0000876343,"Lineage Cell Therapeutics, Inc.",0000950170-25-083866,2025-06-09,2025-06-09T17:25:47-04:00,True,"4.01,9.01"
0000876343,"Lineage Cell Therapeutics, Inc.",0000950170-25-070337,2025-05-13,2025-05-13T16:10:10-04:00,True,"2.02,9.01"
0000876343,"Lineage Cell Therapeutics, Inc.",0000950170-25-061466,2025-05-01,2025-05-01T09:09:09-04:00,False,8.01
0000876343,"Lineage Cell Therapeutics, Inc.",0000950170-25-036278,2025-03-10,2025-03-10T16:10:08-04:00,True,"2.02,9.01"
0000876343,"Lineage Cell Therapeutics, Inc.",0000950170-25-009227,2025-01-27,2025-01-27T16:30:09-05:00,True,"5.07,7.01,8.01,9.01"
0000876343,"Lineage Cell Therapeutics, Inc.",0000950170-24-129402,2024-11-20,2024-11-20T17:08:36-05:00,True,"1.01,7.01,8.01,9.01"
0000876343,"Lineage Cell Therapeutics, Inc.",0000950170-24-127058,2024-11-14,2024-11-14T16:10:10-05:00,True,"2.02,9.01"
0000876343,"Lineage Cell Therapeutics, Inc.",0000950170-24-093947,2024-08-08,2024-08-08T16:10:09-04:00,True,"2.02,9.01"
0000876343,"Lineage Cell Therapeutics, Inc.",0000950170-24-073769,2024-06-14,2024-06-14T17:00:11-04:00,True,"4.01,9.01"
0000876343,"Lineage Cell Therapeutics, Inc.",0000950170-24-073072,2024-06-13,2024-06-13T16:30:15-04:00,True,"5.03,5.07,9.01"
0000876343,"Lineage Cell Therapeutics, Inc.",0000950170-24-059689,2024-05-14,2024-05-14T16:39:15-04:00,True,"8.01,9.01"
0000876343,"Lineage Cell Therapeutics, Inc.",0000950170-24-056948,2024-05-09,2024-05-09T16:10:17-04:00,True,"2.02,9.01"
0000876343,"Lineage Cell Therapeutics, Inc.",0000950170-24-035365,2024-03-22,2024-03-22T16:15:16-04:00,True,"1.01,8.01,9.01"
0000876343,"Lineage Cell Therapeutics, Inc.",0000950170-24-027951,2024-03-07,2024-03-07T16:10:09-05:00,True,"2.02,9.01"
0000876343,"Lineage Cell Therapeutics, Inc.",0001493152-24-006901,2024-02-15,2024-02-15T17:27:49-05:00,True,8.01
0000876343,"Lineage Cell Therapeutics, Inc.",0001493152-24-005046,2024-02-06,2024-02-06T09:20:38-05:00,False,"1.01,8.01,9.01"
0000876343,"Lineage Cell Therapeutics, Inc.",0001493152-23-040057,2023-11-09,2023-11-09T16:10:32-05:00,True,"2.02,9.01"
0000876343,"Lineage Cell Therapeutics, Inc.",0001493152-23-031993,2023-09-07,2023-09-07T17:01:43-04:00,True,"5.02,5.07,9.01"
0000876343,"Lineage Cell Therapeutics, Inc.",0001493152-23-027545,2023-08-10,2023-08-10T16:10:12-04:00,True,"2.02,9.01"
0000876343,"Lineage Cell Therapeutics, Inc.",0001493152-23-022030,2023-06-21,2023-06-21T17:00:17-04:00,True,8.01
0000876343,"Lineage Cell Therapeutics, Inc.",0001493152-23-018160,2023-05-18,2023-05-18T17:26:13-04:00,True,"8.01,9.01"
0000876343,"Lineage Cell Therapeutics, Inc.",0001493152-23-016388,2023-05-11,2023-05-11T16:10:37-04:00,True,"2.02,9.01"
0000876343,"Lineage Cell Therapeutics, Inc.",0001493152-23-007127,2023-03-09,2023-03-09T16:10:37-05:00,True,"2.02,9.01"
0000876343,"Lineage Cell Therapeutics, Inc.",0001493152-23-002127,2023-01-23,2023-01-23T08:00:45-05:00,False,"7.01,9.01"
0000876343,"Lineage Cell Therapeutics, Inc.",0001493152-22-031351,2022-11-10,2022-11-10T16:11:40-05:00,True,"2.02,9.01"
0000876343,"Lineage Cell Therapeutics, Inc.",0001493152-22-029913,2022-10-31,2022-10-31T08:05:27-04:00,False,5.02
0000876343,"Lineage Cell Therapeutics, Inc.",0001493152-22-029887,2022-10-28,2022-10-28T17:20:40-04:00,True,"1.01,3.02"
0000876343,"Lineage Cell Therapeutics, Inc.",0001493152-22-026840,2022-09-26,2022-09-26T17:29:56-04:00,True,5.02
0000876343,"Lineage Cell Therapeutics, Inc.",0001493152-22-022077,2022-08-11,2022-08-11T16:10:44-04:00,True,"2.02,9.01"
0000876343,"Lineage Cell Therapeutics, Inc.",0001493152-22-018802,2022-07-07,2022-07-07T16:15:26-04:00,True,"5.02,9.01"
0000876343,"Lineage Cell Therapeutics, Inc.",0001493152-22-017162,2022-06-17,2022-06-17T16:15:29-04:00,True,"5.07,9.01"
0000876343,"Lineage Cell Therapeutics, Inc.",0001493152-22-013033,2022-05-12,2022-05-12T16:10:59-04:00,True,"2.02,9.01"
0000876343,"Lineage Cell Therapeutics, Inc.",0001493152-22-012893,2022-05-12,2022-05-11T19:54:49-04:00,True,"7.01,8.01,9.01"
0000876343,"Lineage Cell Therapeutics, Inc.",0001493152-22-006506,2022-03-10,2022-03-10T16:10:24-05:00,True,"2.02,9.01"
0000876343,"Lineage Cell Therapeutics, Inc.",0001493152-22-004309,2022-02-14,2022-02-14T09:00:13-05:00,False,8.01
0000876343,"Lineage Cell Therapeutics, Inc.",0001493152-21-032109,2021-12-21,2021-12-21T06:10:10-05:00,False,"8.01,9.01"
0000876343,"Lineage Cell Therapeutics, Inc.",0001493152-21-031964,2021-12-20,2021-12-20T06:06:13-05:00,False,"1.01,7.01,9.01"
0000876343,"Lineage Cell Therapeutics, Inc.",0001493152-21-031281,2021-12-13,2021-12-13T16:10:29-05:00,True,"7.01,8.01,9.01"
0000876343,"Lineage Cell Therapeutics, Inc.",0001493152-21-027855,2021-11-10,2021-11-10T16:10:54-05:00,True,"2.02,9.01"
0000876343,"Lineage Cell Therapeutics, Inc.",0001493152-21-024236,2021-09-30,2021-09-30T17:29:25-04:00,True,"7.01,8.01,9.01"
0000876343,"Lineage Cell Therapeutics, Inc.",0001493152-21-022765,2021-09-15,2021-09-15T07:00:48-04:00,False,"5.02,5.07,9.01"
0000876343,"Lineage Cell Therapeutics, Inc.",0001493152-21-019506,2021-08-12,2021-08-12T16:10:16-04:00,True,"2.02,9.01"
0000876343,"Lineage Cell Therapeutics, Inc.",0001493152-21-017458,2021-07-21,2021-07-21T17:00:46-04:00,True,"4.01,9.01"
0000876343,"Lineage Cell Therapeutics, Inc.",0001493152-21-014503,2021-06-16,2021-06-16T07:15:12-04:00,False,5.02
0000876343,"Lineage Cell Therapeutics, Inc.",0001493152-21-013294,2021-06-01,2021-06-01T07:00:14-04:00,False,"7.01,8.01,9.01"
0000876343,"Lineage Cell Therapeutics, Inc.",0001493152-21-011290,2021-05-13,2021-05-13T16:10:39-04:00,True,"2.02,9.01"
0000876343,"Lineage Cell Therapeutics, Inc.",0001493152-21-010533,2021-05-05,2021-05-05T17:00:50-04:00,True,5.02
0000876343,"Lineage Cell Therapeutics, Inc.",0001493152-21-010348,2021-05-03,2021-05-03T17:00:18-04:00,True,"7.01,8.01,9.01"
0000876343,"Lineage Cell Therapeutics, Inc.",0001493152-21-009474,2021-04-22,2021-04-22T17:00:21-04:00,True,5.02
0000876343,"Lineage Cell Therapeutics, Inc.",0001493152-21-007084,2021-03-29,2021-03-29T17:15:37-04:00,True,5.02
0000876343,"Lineage Cell Therapeutics, Inc.",0001493152-21-006952,2021-03-26,2021-03-26T17:22:48-04:00,True,5.02
0000876343,"Lineage Cell Therapeutics, Inc.",0001493152-21-006641,2021-03-23,2021-03-23T17:15:19-04:00,True,8.01
0000876343,"Lineage Cell Therapeutics, Inc.",0001493152-21-005810,2021-03-11,2021-03-11T16:15:14-05:00,True,"2.02,9.01"
0000876343,"Lineage Cell Therapeutics, Inc.",0001493152-21-005498,2021-03-05,2021-03-05T17:16:29-05:00,True,"2.02,8.01,9.01"
0000876343,"Lineage Cell Therapeutics, Inc.",0001493152-21-001438,2021-01-20,2021-01-20T16:30:20-05:00,True,"5.02,9.01"
0000876343,"Lineage Cell Therapeutics, Inc.",0001493152-21-000268,2021-01-06,2021-01-06T09:00:29-05:00,False,"7.01,9.01"
0000876343,"Lineage Cell Therapeutics, Inc.",0001493152-20-021436,2020-11-16,2020-11-16T08:30:21-05:00,False,"8.01,9.01"
0000876343,"Lineage Cell Therapeutics, Inc.",0001493152-20-020982,2020-11-12,2020-11-12T06:12:41-05:00,False,8.01
0000876343,"Lineage Cell Therapeutics, Inc.",0001641172-20-000028,2020-11-04,2020-11-04T16:11:43-05:00,True,"2.02,9.01"
0000876343,"Lineage Cell Therapeutics, Inc.",0001493152-20-018240,2020-09-23,2020-09-23T17:00:38-04:00,True,5.07
0000876343,"Lineage Cell Therapeutics, Inc.",0001493152-20-017696,2020-09-14,2020-09-14T09:00:22-04:00,False,"1.02,9.01"
0000876343,"Lineage Cell Therapeutics, Inc.",0001493152-20-014854,2020-08-06,2020-08-06T16:10:52-04:00,True,"2.02,9.01"
0000876343,"Lineage Cell Therapeutics, Inc.",0001493152-20-009635,2020-05-21,2020-05-21T16:45:38-04:00,True,8.01
0000876343,"Lineage Cell Therapeutics, Inc.",0001493152-20-007954,2020-05-07,2020-05-07T16:20:33-04:00,True,"1.01,2.02,9.01"
0000876343,"Lineage Cell Therapeutics, Inc.",0001493152-20-003812,2020-03-12,2020-03-12T16:15:25-04:00,True,"2.02,9.01"
0000876343,"Lineage Cell Therapeutics, Inc.",0001493152-20-000483,2020-01-13,2020-01-13T06:07:14-05:00,False,"7.01,9.01"
0000876343,"Lineage Cell Therapeutics, Inc.",0001493152-19-016899,2019-11-12,2019-11-12T16:15:26-05:00,True,"2.02,9.01"
0000876343,"Lineage Cell Therapeutics, Inc.",0001493152-19-015684,2019-10-18,2019-10-18T17:00:19-04:00,True,8.01
0000876343,"Lineage Cell Therapeutics, Inc.",0001493152-19-015458,2019-10-15,2019-10-15T07:02:47-04:00,False,"8.01,9.01"
0000876343,"Lineage Cell Therapeutics, Inc.",0001493152-19-014295,2019-09-19,2019-09-19T07:05:12-04:00,False,"8.01,9.01"
0000876343,"Lineage Cell Therapeutics, Inc.",0001493152-19-012036,2019-08-12,2019-08-12T09:00:40-04:00,False,"5.03,8.01,9.01"
0000876343,"Lineage Cell Therapeutics, Inc.",0001493152-19-011902,2019-08-08,2019-08-08T16:10:29-04:00,True,"2.02,9.01"
0000876343,"Lineage Cell Therapeutics, Inc.",0001493152-19-011338,2019-07-30,2019-07-30T16:30:31-04:00,True,"5.02,5.07"
0000876343,"Lineage Cell Therapeutics, Inc.",0001493152-19-010315,2019-07-05,2019-07-05T16:05:27-04:00,True,5.02
0000876343,"Lineage Cell Therapeutics, Inc.",0001493152-19-006740,2019-05-10,2019-05-10T07:55:33-04:00,False,"5.08,8.01"
0000876343,"Lineage Cell Therapeutics, Inc.",0001493152-19-006686,2019-05-09,2019-05-09T16:25:36-04:00,True,"2.02,9.01"
0000876343,"Lineage Cell Therapeutics, Inc.",0001493152-19-006272,2019-05-02,2019-05-02T09:00:41-04:00,False,"8.01,9.01"
0000876343,"Lineage Cell Therapeutics, Inc.",0001493152-19-006051,2019-04-29,2019-04-29T09:00:29-04:00,False,"8.01,9.01"
0000876343,"Lineage Cell Therapeutics, Inc.",0001493152-19-005752,2019-04-23,2019-04-23T09:00:20-04:00,False,"8.01,9.01"
0000876343,"Lineage Cell Therapeutics, Inc.",0001493152-19-003570,2019-03-19,2019-03-19T09:00:28-04:00,False,8.01
0000876343,"Lineage Cell Therapeutics, Inc.",0001493152-19-003346,2019-03-14,2019-03-14T16:37:55-04:00,True,"2.02,9.01"
0000876343,"Lineage Cell Therapeutics, Inc.",0001493152-19-003026,2019-03-08,2019-03-08T16:05:10-05:00,True,"2.01,5.02,5.07,9.01"
0000876343,"Lineage Cell Therapeutics, Inc.",0001493152-19-002770,2019-03-01,2019-03-01T16:32:10-05:00,True,8.01
0000876343,"Lineage Cell Therapeutics, Inc.",0001493152-19-002426,2019-02-22,2019-02-22T16:05:14-05:00,True,5.02
0000876343,"Lineage Cell Therapeutics, Inc.",0001493152-19-001907,2019-02-14,2019-02-14T08:05:36-05:00,False,"8.01,9.01"
0000876343,"Lineage Cell Therapeutics, Inc.",0001493152-19-000147,2019-01-04,2019-01-04T08:45:30-05:00,False,5.02
0001274737,EXAGEN INC.,0001274737-25-000069,2025-11-04,2025-11-04T08:03:27-05:00,False,"2.02,9.01"
0001274737,EXAGEN INC.,0001274737-25-000061,2025-07-29,2025-07-29T08:02:38-04:00,False,"2.02,9.01"
0001274737,EXAGEN INC.,0001274737-25-000055,2025-07-17,2025-07-17T16:33:47-04:00,True,"5.02,8.01,9.01"
0001274737,EXAGEN INC.,0001274737-25-000036,2025-06-11,2025-06-11T16:49:20-04:00,True,5.07
0001274737,EXAGEN INC.,0001193125-25-116881,2025-05-09,2025-05-09T16:05:59-04:00,True,"8.01,9.01"
0001274737,EXAGEN INC.,0001193125-25-115946,2025-05-08,2025-05-08T16:06:09-04:00,True,"1.01,8.01,9.01"
0001274737,EXAGEN INC.,0001274737-25-000023,2025-05-05,2025-05-05T08:01:54-04:00,False,"2.02,9.01"
0001274737,EXAGEN INC.,0001193125-25-100447,2025-04-28,2025-04-28T16:05:13-04:00,True,"1.01,2.03,3.02,7.01,9.01"
0001274737,EXAGEN INC.,0001274737-25-000018,2025-03-11,2025-03-11T08:00:19-04:00,False,"2.02,9.01"
0001274737,EXAGEN INC.,0001274737-25-000003,2025-01-13,2025-01-13T08:00:39-05:00,False,"2.02,8.01,9.01"
0001274737,EXAGEN INC.,0001274737-24-000091,2024-11-12,2024-11-12T08:00:21-05:00,False,"2.02,9.01"
0001274737,EXAGEN INC.,0001274737-24-000078,2024-08-05,2024-08-05T08:00:28-04:00,False,"2.02,9.01"
0001274737,EXAGEN INC.,0001274737-24-000071,2024-08-02,2024-08-02T08:15:50-04:00,False,"5.02,8.01,9.01"
0001274737,EXAGEN INC.,0001274737-24-000056,2024-06-11,2024-06-11T16:08:13-04:00,True,5.07
0001274737,EXAGEN INC.,0001274737-24-000045,2024-05-13,2024-05-13T08:00:20-04:00,False,"2.02,9.01"
0001274737,EXAGEN INC.,0001274737-24-000030,2024-04-26,2024-04-26T08:32:10-04:00,False,"5.02,8.01,9.01"
0001274737,EXAGEN INC.,0001274737-24-000019,2024-03-18,2024-03-18T08:00:24-04:00,False,"2.02,9.01"
0001274737,EXAGEN INC.,0001274737-24-000006,2024-01-08,2024-01-08T08:00:20-05:00,False,"2.02,9.01"
0001274737,EXAGEN INC.,0001274737-23-000116,2023-12-11,2023-12-11T16:05:14-05:00,True,"5.02,9.01"
0001274737,EXAGEN INC.,0001274737-23-000105,2023-11-17,2023-11-17T16:30:35-05:00,True,"1.01,9.01"
0001274737,EXAGEN INC.,0001274737-23-000101,2023-11-13,2023-11-13T16:05:54-05:00,True,"2.02,9.01"
0001274737,EXAGEN INC.,0001274737-23-000096,2023-10-26,2023-10-26T16:05:43-04:00,True,"1.01,1.02,9.01"
0001274737,EXAGEN INC.,0001274737-23-000085,2023-08-07,2023-08-07T08:00:26-04:00,False,"2.02,9.01"
0001274737,EXAGEN INC.,0001274737-23-000074,2023-07-24,2023-07-24T16:05:57-04:00,True,"5.02,8.01,9.01"
0001274737,EXAGEN INC.,0001274737-23-000067,2023-06-14,2023-06-14T16:50:50-04:00,True,5.07
0001274737,EXAGEN INC.,0001274737-23-000046,2023-05-15,2023-05-15T16:05:34-04:00,True,"2.02,9.01"
0001274737,EXAGEN INC.,0001274737-23-000041,2023-05-04,2023-05-04T09:00:21-04:00,False,"1.01,2.03,9.01"
0001274737,EXAGEN INC.,0001274737-23-000024,2023-03-23,2023-03-23T09:00:22-04:00,False,5.02
0001274737,EXAGEN INC.,0001274737-23-000017,2023-03-20,2023-03-20T16:05:25-04:00,True,"2.02,9.01"
0001274737,EXAGEN INC.,0001274737-23-000004,2023-01-23,2023-01-23T09:00:18-05:00,False,"5.03,7.01,9.01"
0001274737,EXAGEN INC.,0001274737-23-000002,2023-01-09,2023-01-09T09:00:29-05:00,False,"2.02,7.01,8.01,9.01"
0001274737,EXAGEN INC.,0001274737-22-000080,2022-12-05,2022-12-05T16:22:20-05:00,True,"2.05,5.02,9.01"
0001274737,EXAGEN INC.,0001274737-22-000070,2022-11-14,2022-11-14T16:08:05-05:00,True,"2.02,4.02,9.01"
0001274737,EXAGEN INC.,0001274737-22-000067,2022-10-20,2022-10-20T16:05:41-04:00,True,"5.02,7.01,9.01"
0001274737,EXAGEN INC.,0001274737-22-000064,2022-09-15,2022-09-15T16:03:35-04:00,True,"1.01,9.01"
0001274737,EXAGEN INC.,0001274737-22-000051,2022-08-04,2022-08-04T16:06:27-04:00,True,"2.02,9.01"
0001274737,EXAGEN INC.,0001274737-22-000039,2022-06-21,2022-06-21T08:30:16-04:00,False,5.07
0001274737,EXAGEN INC.,0001274737-22-000027,2022-05-11,2022-05-11T16:05:40-04:00,True,"2.02,9.01"
0001274737,EXAGEN INC.,0001628280-22-011111,2022-04-28,2022-04-28T16:11:32-04:00,True,"5.02,9.01"
0001274737,EXAGEN INC.,0001628280-22-006886,2022-03-22,2022-03-22T16:05:40-04:00,True,"2.02,9.01"
0001274737,EXAGEN INC.,0001274737-22-000003,2022-01-10,2022-01-10T08:25:26-05:00,False,"7.01,9.01"
0001274737,EXAGEN INC.,0001274737-21-000113,2021-11-10,2021-11-10T16:05:40-05:00,True,"2.02,9.01"
0001274737,EXAGEN INC.,0001274737-21-000106,2021-10-25,2021-10-25T08:26:04-04:00,False,"1.01,2.03,8.01,9.01"
0001274737,EXAGEN INC.,0001274737-21-000103,2021-10-19,2021-10-19T16:05:30-04:00,True,"1.01,2.03"
0001274737,EXAGEN INC.,0001274737-21-000098,2021-08-27,2021-08-27T08:25:23-04:00,False,"1.01,2.03"
0001274737,EXAGEN INC.,0001274737-21-000093,2021-08-09,2021-08-09T16:05:52-04:00,True,"1.02,2.02,9.01"
0001274737,EXAGEN INC.,0001274737-21-000085,2021-07-30,2021-07-30T08:25:19-04:00,False,"5.02,8.01,9.01"
0001274737,EXAGEN INC.,0001274737-21-000062,2021-06-21,2021-06-21T08:30:34-04:00,False,5.07
0001274737,EXAGEN INC.,0001274737-21-000042,2021-05-11,2021-05-11T16:06:29-04:00,True,"2.02,9.01"
0001274737,EXAGEN INC.,0001274737-21-000021,2021-03-23,2021-03-23T16:16:42-04:00,True,"8.01,9.01"
0001274737,EXAGEN INC.,0001274737-21-000017,2021-03-22,2021-03-22T16:20:28-04:00,True,"5.03,9.01"
0001274737,EXAGEN INC.,0001274737-21-000014,2021-03-16,2021-03-16T16:07:00-04:00,True,"2.02,9.01"
0001274737,EXAGEN INC.,0001274737-21-000004,2021-01-11,2021-01-11T07:00:30-05:00,False,"2.02,9.01"
0001274737,EXAGEN INC.,0001274737-20-000103,2020-12-28,2020-12-28T16:06:04-05:00,True,1.01
0001274737,EXAGEN INC.,0001274737-20-000095,2020-11-10,2020-11-10T16:08:49-05:00,True,"2.02,5.02,9.01"
0001274737,EXAGEN INC.,0001274737-20-000080,2020-09-23,2020-09-23T16:05:32-04:00,True,5.02
0001274737,EXAGEN INC.,0001274737-20-000074,2020-07-28,2020-07-28T07:00:46-04:00,False,"2.02,9.01"
0001274737,EXAGEN INC.,0001274737-20-000043,2020-06-29,2020-06-29T16:08:23-04:00,True,1.01
0001274737,EXAGEN INC.,0001274737-20-000040,2020-06-19,2020-06-19T08:25:31-04:00,False,5.07
0001274737,EXAGEN INC.,0001274737-20-000036,2020-05-11,2020-05-11T16:05:29-04:00,True,"2.02,9.01"
0001274737,EXAGEN INC.,0001274737-20-000024,2020-03-25,2020-03-25T16:05:29-04:00,True,"2.02,9.01"
0001274737,EXAGEN INC.,0001274737-20-000016,2020-03-18,2020-03-18T16:07:40-04:00,True,"1.01,2.03"
0001274737,EXAGEN INC.,0001274737-20-000009,2020-01-09,2020-01-09T17:01:00-05:00,True,5.02
0001274737,EXAGEN INC.,0001628280-19-014462,2019-11-22,2019-11-22T16:05:24-05:00,True,5.02
0001274737,EXAGEN INC.,0001628280-19-014376,2019-11-21,2019-11-21T08:26:01-05:00,False,"1.01,2.03,8.01,9.01"
0001274737,EXAGEN INC.,0001628280-19-013993,2019-11-12,2019-11-12T16:34:50-05:00,True,"2.02,9.01"
0001274737,EXAGEN INC.,0001193125-19-252366,2019-09-23,2019-09-23T17:30:02-04:00,True,"5.03,8.01,9.01"
0001815776,"LENZ Therapeutics, Inc.",0001815776-25-000077,2025-12-12,2025-12-12T16:15:09-05:00,True,8.01
0001815776,"LENZ Therapeutics, Inc.",0001815776-25-000069,2025-11-05,2025-11-05T08:23:10-05:00,False,"2.02,9.01"
0001815776,"LENZ Therapeutics, Inc.",0001815776-25-000064,2025-10-08,2025-10-08T16:40:46-04:00,True,8.01
0001815776,"LENZ Therapeutics, Inc.",0001815776-25-000062,2025-09-30,2025-09-30T08:06:43-04:00,False,"7.01,8.01,9.01"
0001815776,"LENZ Therapeutics, Inc.",0001815776-25-000059,2025-07-31,2025-07-31T16:55:14-04:00,True,"8.01,9.01"
0001815776,"LENZ Therapeutics, Inc.",0001815776-25-000054,2025-07-30,2025-07-30T08:03:15-04:00,False,"2.02,9.01"
0001815776,"LENZ Therapeutics, Inc.",0001815776-25-000036,2025-06-10,2025-06-10T16:55:25-04:00,True,5.07
0001815776,"LENZ Therapeutics, Inc.",0001815776-25-000030,2025-05-07,2025-05-07T16:09:09-04:00,True,"2.02,9.01"
0001815776,"LENZ Therapeutics, Inc.",0001815776-25-000025,2025-04-15,2025-04-15T08:37:38-04:00,False,"2.02,7.01,8.01"
0001815776,"LENZ Therapeutics, Inc.",0001628280-25-016824,2025-04-04,2025-04-04T16:54:52-04:00,True,"1.01,9.01"
0001815776,"LENZ Therapeutics, Inc.",0001815776-25-000017,2025-03-19,2025-03-19T16:08:30-04:00,True,"2.02,9.01"
0001815776,"LENZ Therapeutics, Inc.",0001815776-24-000069,2024-11-06,2024-11-06T07:26:10-05:00,False,"2.02,9.01"
0001815776,"LENZ Therapeutics, Inc.",0001815776-24-000064,2024-10-28,2024-10-28T08:09:55-04:00,False,"8.01,9.01"
0001815776,"LENZ Therapeutics, Inc.",0001815776-24-000058,2024-08-14,2024-08-14T16:08:15-04:00,True,"2.02,9.01"
0001815776,"LENZ Therapeutics, Inc.",0001815776-24-000053,2024-08-12,2024-08-12T08:05:27-04:00,False,"8.01,9.01"
0001815776,"LENZ Therapeutics, Inc.",0001815776-24-000049,2024-07-15,2024-07-15T08:22:04-04:00,False,"1.01,3.02,7.01,9.01"
0001815776,"LENZ Therapeutics, Inc.",0001815776-24-000039,2024-05-08,2024-05-08T16:05:56-04:00,True,"2.02,9.01"
0001815776,"LENZ Therapeutics, Inc.",0001815776-24-000035,2024-04-03,2024-04-03T07:32:00-04:00,False,"8.01,9.01"
0001815776,"LENZ Therapeutics, Inc.",0001628280-24-012633,2024-03-22,2024-03-21T20:22:01-04:00,True,"2.01,3.02,3.03,4.01,5.01,5.02,5.03,5.05,5.06,7.01,9.01"
0001815776,"LENZ Therapeutics, Inc.",0001193125-24-071353,2024-03-19,2024-03-19T16:31:05-04:00,True,"7.01,9.01"
0001815776,"LENZ Therapeutics, Inc.",0001193125-24-067966,2024-03-14,2024-03-14T16:37:00-04:00,True,"5.07,9.01"
0001815776,"LENZ Therapeutics, Inc.",0001193125-24-063785,2024-03-08,2024-03-08T17:13:02-05:00,True,"7.01,9.01"
0001815776,"LENZ Therapeutics, Inc.",0001193125-24-058513,2024-03-05,2024-03-05T06:08:01-05:00,False,8.01
0001815776,"LENZ Therapeutics, Inc.",0001193125-23-303051,2023-12-26,2023-12-26T16:32:30-05:00,True,8.01
0001815776,"LENZ Therapeutics, Inc.",0001193125-23-277555,2023-11-15,2023-11-15T08:06:35-05:00,False,"1.01,3.02,5.01,5.02,7.01,9.01"
0001815776,"LENZ Therapeutics, Inc.",0000950170-23-056341,2023-10-30,2023-10-30T16:08:44-04:00,True,"1.01,9.01"
0001815776,"LENZ Therapeutics, Inc.",0000950170-23-044135,2023-08-23,2023-08-23T16:06:58-04:00,True,"2.05,5.02,8.01"
0001815776,"LENZ Therapeutics, Inc.",0000950170-23-037141,2023-08-02,2023-08-02T16:07:00-04:00,True,5.02
0001815776,"LENZ Therapeutics, Inc.",0000950170-23-033594,2023-07-20,2023-07-20T08:02:43-04:00,False,5.07
0001815776,"LENZ Therapeutics, Inc.",0000950170-23-029499,2023-06-23,2023-06-23T07:05:14-04:00,False,"5.02,7.01,9.01"
0001815776,"LENZ Therapeutics, Inc.",0000950170-23-008761,2023-03-20,2023-03-20T16:06:19-04:00,True,"2.02,9.01"
0001815776,"LENZ Therapeutics, Inc.",0000950170-23-008443,2023-03-16,2023-03-16T16:05:37-04:00,True,"5.02,9.01"
0001815776,"LENZ Therapeutics, Inc.",0000950170-23-003808,2023-02-22,2023-02-22T16:58:08-05:00,True,"2.05,5.02,8.01,9.01"
0001815776,"LENZ Therapeutics, Inc.",0000950170-23-000228,2023-01-05,2023-01-05T16:06:15-05:00,True,"8.01,9.01"
0001815776,"LENZ Therapeutics, Inc.",0000950170-22-026333,2022-12-12,2022-12-12T06:10:17-05:00,False,"8.01,9.01"
0001815776,"LENZ Therapeutics, Inc.",0000950170-22-023837,2022-11-09,2022-11-09T16:07:59-05:00,True,"2.02,9.01"
0001815776,"LENZ Therapeutics, Inc.",0000950170-22-021600,2022-11-03,2022-11-03T09:05:29-04:00,False,"8.01,9.01"
0001815776,"LENZ Therapeutics, Inc.",0000950170-22-016857,2022-08-11,2022-08-11T16:07:43-04:00,True,"2.02,9.01"
0001815776,"LENZ Therapeutics, Inc.",0000950170-22-016657,2022-08-11,2022-08-11T08:00:43-04:00,False,"8.01,9.01"
0001815776,"LENZ Therapeutics, Inc.",0001193125-22-180184,2022-06-23,2022-06-23T16:26:03-04:00,True,5.07
0001815776,"LENZ Therapeutics, Inc.",0001564590-22-020233,2022-05-16,2022-05-16T06:03:12-04:00,False,"2.02,9.01"
0001815776,"LENZ Therapeutics, Inc.",0001564590-22-019849,2022-05-12,2022-05-12T16:06:27-04:00,True,"2.02,9.01"
0001815776,"LENZ Therapeutics, Inc.",0001564590-22-011122,2022-03-21,2022-03-21T08:25:32-04:00,False,"2.02,9.01"
0001815776,"LENZ Therapeutics, Inc.",0001564590-22-008273,2022-03-02,2022-03-02T16:06:01-05:00,True,"5.02,9.01"
0001815776,"LENZ Therapeutics, Inc.",0001564590-21-060737,2021-12-20,2021-12-20T16:08:49-05:00,True,"1.01,2.03,9.01"
0001815776,"LENZ Therapeutics, Inc.",0001564590-21-059679,2021-12-08,2021-12-08T06:02:57-05:00,False,5.02
0001815776,"LENZ Therapeutics, Inc.",0001564590-21-057384,2021-11-17,2021-11-17T09:23:33-05:00,False,"7.01,8.01,9.01"
0001815776,"LENZ Therapeutics, Inc.",0001564590-21-057277,2021-11-16,2021-11-16T16:00:32-05:00,True,"1.01,2.03,9.01"
0001815776,"LENZ Therapeutics, Inc.",0001564590-21-056172,2021-11-10,2021-11-10T16:05:26-05:00,True,"2.02,9.01"
0001815776,"LENZ Therapeutics, Inc.",0001564590-21-043954,2021-08-12,2021-08-12T16:06:00-04:00,True,"2.02,9.01"
0001815776,"LENZ Therapeutics, Inc.",0001193125-21-204869,2021-06-30,2021-06-30T17:15:34-04:00,True,"1.01,5.03,9.01"
0001746466,"Equillium, Inc.",0001193125-25-280173,2025-11-13,2025-11-13T16:10:28-05:00,True,"2.02,9.01"
0001746466,"Equillium, Inc.",0001193125-25-231860,2025-10-06,2025-10-06T16:05:10-04:00,True,"4.01,5.02,8.01,9.01"
0001746466,"Equillium, Inc.",0001193125-25-209068,2025-09-19,2025-09-19T16:06:43-04:00,True,"8.01,9.01"
0001746466,"Equillium, Inc.",0000950170-25-113023,2025-09-04,2025-09-04T16:01:28-04:00,True,8.01
0001746466,"Equillium, Inc.",0001193125-25-177510,2025-08-11,2025-08-11T08:35:17-04:00,False,"1.01,3.02,7.01,9.01"
0001746466,"Equillium, Inc.",0001193125-25-172207,2025-08-04,2025-08-04T08:35:59-04:00,False,"1.01,2.02,7.01,8.01,9.01"
0001746466,"Equillium, Inc.",0000950170-25-086155,2025-06-13,2025-06-13T16:05:42-04:00,True,3.01
0001746466,"Equillium, Inc.",0001193125-25-125153,2025-05-22,2025-05-22T17:15:05-04:00,True,"5.02,5.07,9.01"
0001746466,"Equillium, Inc.",0001193125-25-092435,2025-04-24,2025-04-24T09:05:50-04:00,False,"2.02,9.01"
0001746466,"Equillium, Inc.",0000950170-25-045723,2025-03-27,2025-03-27T07:05:09-04:00,False,"2.02,9.01"
0001746466,"Equillium, Inc.",0001193125-25-021348,2025-02-06,2025-02-06T08:01:27-05:00,False,8.01
0001746466,"Equillium, Inc.",0001193125-24-278465,2024-12-13,2024-12-13T16:04:51-05:00,True,3.01
0001746466,"Equillium, Inc.",0001193125-24-277043,2024-12-12,2024-12-12T16:10:19-05:00,True,5.02
0001746466,"Equillium, Inc.",0000950170-24-126288,2024-11-13,2024-11-13T16:05:08-05:00,True,"2.02,9.01"
0001746466,"Equillium, Inc.",0001193125-24-248138,2024-10-31,2024-10-31T07:05:36-04:00,False,"8.01,9.01"
0001746466,"Equillium, Inc.",0001193125-24-247760,2024-10-31,2024-10-30T18:49:59-04:00,True,8.01
0001746466,"Equillium, Inc.",0000950170-24-093884,2024-08-08,2024-08-08T16:05:15-04:00,True,"2.02,9.01"
0001746466,"Equillium, Inc.",0001193125-24-182856,2024-07-23,2024-07-23T16:01:52-04:00,True,3.01
0001746466,"Equillium, Inc.",0001193125-24-180952,2024-07-18,2024-07-18T14:08:53-04:00,False,2.02
0001746466,"Equillium, Inc.",0001193125-24-153667,2024-06-04,2024-06-04T08:00:55-04:00,False,"8.01,9.01"
0001746466,"Equillium, Inc.",0000950170-24-064016,2024-05-23,2024-05-23T17:00:15-04:00,True,5.07
0001746466,"Equillium, Inc.",0000950170-24-056890,2024-05-09,2024-05-09T16:05:36-04:00,True,"2.02,9.01"
0001746466,"Equillium, Inc.",0001193125-24-082709,2024-04-01,2024-04-01T08:05:53-04:00,False,8.01
0001746466,"Equillium, Inc.",0001193125-24-076471,2024-03-25,2024-03-25T16:05:36-04:00,True,"2.02,9.01"
0001746466,"Equillium, Inc.",0001193125-24-063618,2024-03-08,2024-03-08T16:01:02-05:00,True,"5.02,8.01,9.01"
0001746466,"Equillium, Inc.",0001193125-24-044664,2024-02-23,2024-02-23T17:12:11-05:00,True,"2.02,8.01,9.01"
0001746466,"Equillium, Inc.",0001193125-24-041994,2024-02-22,2024-02-22T06:08:05-05:00,False,8.01
0001746466,"Equillium, Inc.",0001193125-23-300417,2023-12-21,2023-12-21T08:05:52-05:00,False,8.01
0001746466,"Equillium, Inc.",0000950170-23-061084,2023-11-08,2023-11-08T16:05:10-05:00,True,"2.02,8.01,9.01"
0001746466,"Equillium, Inc.",0001193125-23-256538,2023-10-16,2023-10-16T08:05:52-04:00,False,"7.01,8.01,9.01"
0001746466,"Equillium, Inc.",0001193125-23-251681,2023-10-05,2023-10-05T17:28:30-04:00,True,"1.01,1.02,3.01,9.01"
0001746466,"Equillium, Inc.",0000950170-23-040564,2023-08-09,2023-08-09T16:06:51-04:00,True,"2.02,9.01"
0001746466,"Equillium, Inc.",0001193125-23-154186,2023-05-25,2023-05-25T16:00:33-04:00,True,1.02
0001746466,"Equillium, Inc.",0001193125-23-151783,2023-05-23,2023-05-23T16:02:59-04:00,True,5.07
0001746466,"Equillium, Inc.",0000950170-23-021215,2023-05-11,2023-05-11T16:06:00-04:00,True,"2.02,9.01"
0001746466,"Equillium, Inc.",0001193125-23-093949,2023-04-06,2023-04-06T16:02:53-04:00,True,3.01
0001746466,"Equillium, Inc.",0001193125-23-077853,2023-03-23,2023-03-23T16:05:54-04:00,True,"2.02,9.01"
0001746466,"Equillium, Inc.",0001193125-22-311788,2022-12-23,2022-12-23T16:11:02-05:00,True,"1.02,5.07,8.01,9.01"
0001746466,"Equillium, Inc.",0001193125-22-305076,2022-12-15,2022-12-14T21:49:51-05:00,True,8.01
0001746466,"Equillium, Inc.",0001193125-22-298869,2022-12-06,2022-12-06T07:00:37-05:00,False,"1.01,8.01,9.01"
0001746466,"Equillium, Inc.",0000950170-22-024988,2022-11-14,2022-11-14T16:10:16-05:00,True,"2.02,9.01"
0001746466,"Equillium, Inc.",0001193125-22-251807,2022-09-27,2022-09-27T09:28:12-04:00,False,"8.01,9.01"
0001746466,"Equillium, Inc.",0001193125-22-251386,2022-09-26,2022-09-26T17:27:07-04:00,True,"8.01,9.01"
0001746466,"Equillium, Inc.",0001193125-22-238883,2022-09-06,2022-09-06T16:29:43-04:00,True,"1.01,8.01,9.01"
0001746466,"Equillium, Inc.",0000950170-22-017382,2022-08-15,2022-08-15T16:22:24-04:00,True,"2.02,9.01"
0001746466,"Equillium, Inc.",0001193125-22-159792,2022-05-25,2022-05-25T16:57:15-04:00,True,5.07
0001746466,"Equillium, Inc.",0000950170-22-009653,2022-05-12,2022-05-12T16:07:23-04:00,True,"2.02,9.01"
0001746466,"Equillium, Inc.",0001193125-22-144343,2022-05-09,2022-05-09T08:06:04-04:00,False,8.01
0001746466,"Equillium, Inc.",0001193125-22-116380,2022-04-25,2022-04-25T08:05:57-04:00,False,8.01
0001746466,"Equillium, Inc.",0000950170-22-004404,2022-03-23,2022-03-23T16:05:26-04:00,True,"2.02,9.01"
0001746466,"Equillium, Inc.",0000950170-22-002895,2022-03-04,2022-03-04T14:00:20-05:00,False,"7.01,9.01"
0001746466,"Equillium, Inc.",0000950170-22-002622,2022-03-02,2022-03-02T09:00:56-05:00,False,"5.02,8.01,9.01"
0001746466,"Equillium, Inc.",0001193125-22-043939,2022-02-16,2022-02-16T07:01:11-05:00,False,"1.01,2.01,2.03,3.02,7.01,8.01,9.01"
0001746466,"Equillium, Inc.",0000950170-21-004068,2021-11-10,2021-11-10T16:05:41-05:00,True,"2.02,9.01"
0001746466,"Equillium, Inc.",0000950170-21-001177,2021-08-10,2021-08-10T16:11:46-04:00,True,"2.02,9.01"
0001746466,"Equillium, Inc.",0000950170-21-000445,2021-07-12,2021-07-12T16:00:54-04:00,True,"7.01,9.01"
0001746466,"Equillium, Inc.",0000950170-21-000348,2021-06-14,2021-06-14T15:57:38-04:00,False,8.01
0001746466,"Equillium, Inc.",0000950170-21-000344,2021-06-11,2021-06-11T07:00:33-04:00,False,"7.01,9.01"
0001746466,"Equillium, Inc.",0000950170-21-000338,2021-06-10,2021-06-10T11:13:29-04:00,False,"7.01,9.01"
0001746466,"Equillium, Inc.",0000950170-21-000318,2021-06-07,2021-06-07T15:13:20-04:00,False,"7.01,9.01"
0001746466,"Equillium, Inc.",0000950123-21-007391,2021-05-28,2021-05-28T09:05:44-04:00,False,5.07
0001746466,"Equillium, Inc.",0000950170-21-000223,2021-05-13,2021-05-13T16:13:28-04:00,True,"2.02,9.01"
0001746466,"Equillium, Inc.",0001564590-21-016669,2021-03-30,2021-03-30T16:52:34-04:00,True,"7.01,9.01"
0001746466,"Equillium, Inc.",0001564590-21-015101,2021-03-24,2021-03-24T16:10:25-04:00,True,"2.02,9.01"
0001746466,"Equillium, Inc.",0001564590-21-013009,2021-03-15,2021-03-15T08:02:22-04:00,False,"7.01,9.01"
0001746466,"Equillium, Inc.",0001564590-21-011597,2021-03-09,2021-03-09T07:00:15-05:00,False,"7.01,9.01"
0001746466,"Equillium, Inc.",0001564590-21-005752,2021-02-12,2021-02-12T15:05:28-05:00,False,"7.01,9.01"
0001746466,"Equillium, Inc.",0001564590-21-004194,2021-02-04,2021-02-04T08:10:20-05:00,False,"1.01,5.02,8.01,9.01"
0001746466,"Equillium, Inc.",0001193125-20-322379,2020-12-21,2020-12-21T08:06:28-05:00,False,"1.01,5.02,7.01,9.01"
0001746466,"Equillium, Inc.",0001193125-20-311281,2020-12-07,2020-12-07T09:24:28-05:00,False,"7.01,9.01"
0001746466,"Equillium, Inc.",0001193125-20-310114,2020-12-04,2020-12-04T09:07:49-05:00,False,"7.01,9.01"
0001746466,"Equillium, Inc.",0001193125-20-304969,2020-11-30,2020-11-30T08:01:52-05:00,False,"7.01,9.01"
0001746466,"Equillium, Inc.",0001193125-20-303087,2020-11-25,2020-11-25T08:01:28-05:00,False,"7.01,9.01"
0001746466,"Equillium, Inc.",0001193125-20-290153,2020-11-10,2020-11-10T16:11:28-05:00,True,"2.02,9.01"
0001746466,"Equillium, Inc.",0001193125-20-281174,2020-10-29,2020-10-29T17:12:53-04:00,True,"8.01,9.01"
0001746466,"Equillium, Inc.",0001193125-20-256711,2020-09-28,2020-09-28T17:00:52-04:00,True,"5.02,9.01"
0001746466,"Equillium, Inc.",0001193125-20-220538,2020-08-14,2020-08-14T16:50:53-04:00,True,"1.01,8.01,9.01"
0001746466,"Equillium, Inc.",0001193125-20-217090,2020-08-12,2020-08-12T08:40:28-04:00,False,"2.02,9.01"
0001746466,"Equillium, Inc.",0001193125-20-215058,2020-08-10,2020-08-10T17:21:51-04:00,True,"7.01,8.01,9.01"
0001746466,"Equillium, Inc.",0001193125-20-192229,2020-07-14,2020-07-14T06:08:00-04:00,False,"1.01,9.01"
0001746466,"Equillium, Inc.",0001193125-20-191424,2020-07-13,2020-07-13T06:05:12-04:00,False,"8.01,9.01"
0001746466,"Equillium, Inc.",0001193125-20-156556,2020-06-01,2020-06-01T08:04:56-04:00,False,5.02
0001746466,"Equillium, Inc.",0001564590-20-026454,2020-05-21,2020-05-21T08:17:04-04:00,False,5.07
0001746466,"Equillium, Inc.",0001564590-20-025054,2020-05-13,2020-05-13T16:10:21-04:00,True,"2.02,9.01"
0001746466,"Equillium, Inc.",0001564590-20-018536,2020-04-24,2020-04-24T16:30:20-04:00,True,5.02
0001746466,"Equillium, Inc.",0001564590-20-014185,2020-03-30,2020-03-30T16:15:32-04:00,True,"1.01,3.02,9.01"
0001746466,"Equillium, Inc.",0001564590-20-013200,2020-03-26,2020-03-26T16:10:26-04:00,True,"2.02,9.01"
0001746466,"Equillium, Inc.",0001193125-19-312050,2019-12-12,2019-12-12T07:05:33-05:00,False,"1.01,5.02,8.01,9.01"
0001746466,"Equillium, Inc.",0001193125-19-302509,2019-11-27,2019-11-27T16:08:02-05:00,True,8.01
0001746466,"Equillium, Inc.",0001564590-19-042913,2019-11-12,2019-11-12T16:10:27-05:00,True,"2.02,5.02,8.01,9.01"
0001746466,"Equillium, Inc.",0001564590-19-036089,2019-10-01,2019-10-01T16:10:27-04:00,True,"1.01,2.03,3.02,7.01,8.01,9.01"
0001746466,"Equillium, Inc.",0001564590-19-031480,2019-08-12,2019-08-12T16:10:20-04:00,True,"2.02,9.01"
0001746466,"Equillium, Inc.",0001564590-19-022336,2019-06-12,2019-06-12T16:10:43-04:00,True,5.07
0001746466,"Equillium, Inc.",0001564590-19-018833,2019-05-13,2019-05-13T16:15:14-04:00,True,"2.02,9.01"
0001746466,"Equillium, Inc.",0001193125-19-130143,2019-05-01,2019-04-30T18:40:14-04:00,True,"7.01,9.01"
0001746466,"Equillium, Inc.",0001564590-19-009579,2019-03-27,2019-03-27T16:08:34-04:00,True,"2.02,9.01"
0001746466,"Equillium, Inc.",0001193125-19-051928,2019-02-26,2019-02-26T16:05:13-05:00,True,"2.02,7.01,8.01,9.01"
0001746466,"Equillium, Inc.",0001193125-19-045346,2019-02-20,2019-02-20T16:08:32-05:00,True,"3.03,5.02,8.01"
0001774857,"Aardvark Therapeutics, Inc.",0001193125-25-314364,2025-12-10,2025-12-10T16:54:58-05:00,True,"8.01,9.01"
0001774857,"Aardvark Therapeutics, Inc.",0001193125-25-280235,2025-11-13,2025-11-13T16:20:31-05:00,True,"2.02,9.01"
0001774857,"Aardvark Therapeutics, Inc.",0001193125-25-267402,2025-11-06,2025-11-05T18:11:48-05:00,True,"8.01,9.01"
0001774857,"Aardvark Therapeutics, Inc.",0001193125-25-264748,2025-11-04,2025-11-04T16:19:58-05:00,True,"7.01,8.01,9.01"
0001774857,"Aardvark Therapeutics, Inc.",0001193125-25-234722,2025-10-09,2025-10-08T17:45:26-04:00,True,"8.01,9.01"
0001774857,"Aardvark Therapeutics, Inc.",0000950170-25-112645,2025-09-03,2025-09-02T20:56:36-04:00,True,"8.01,9.01"
0001774857,"Aardvark Therapeutics, Inc.",0000950170-25-108082,2025-08-13,2025-08-13T16:34:25-04:00,True,"2.02,9.01"
0001774857,"Aardvark Therapeutics, Inc.",0000950170-25-107320,2025-08-12,2025-08-12T16:11:02-04:00,True,"8.01,9.01"
0001774857,"Aardvark Therapeutics, Inc.",0000950170-25-071477,2025-05-14,2025-05-14T16:27:59-04:00,True,"2.02,9.01"
0001774857,"Aardvark Therapeutics, Inc.",0000950170-25-047769,2025-03-31,2025-03-31T16:21:37-04:00,True,"2.02,9.01"
0001774857,"Aardvark Therapeutics, Inc.",0001193125-25-027245,2025-02-14,2025-02-14T16:01:22-05:00,True,"5.03,8.01,9.01"
0001728117,"Gossamer Bio, Inc.",0001728117-25-000082,2025-11-05,2025-11-05T17:23:39-05:00,True,"2.02,9.01"
0001728117,"Gossamer Bio, Inc.",0001728117-25-000076,2025-09-25,2025-09-25T08:50:42-04:00,False,3.02
0001728117,"Gossamer Bio, Inc.",0001728117-25-000069,2025-08-05,2025-08-05T16:02:38-04:00,True,"2.02,9.01"
0001728117,"Gossamer Bio, Inc.",0001728117-25-000043,2025-06-25,2025-06-25T16:01:12-04:00,True,"5.02,5.07"
0001728117,"Gossamer Bio, Inc.",0001728117-25-000040,2025-06-16,2025-06-16T07:31:12-04:00,False,"7.01,8.01,9.01"
0001728117,"Gossamer Bio, Inc.",0001728117-25-000037,2025-05-15,2025-05-15T16:02:16-04:00,True,"2.02,9.01"
0001728117,"Gossamer Bio, Inc.",0001728117-25-000022,2025-03-13,2025-03-13T16:02:11-04:00,True,"2.02,9.01"
0001728117,"Gossamer Bio, Inc.",0001728117-25-000004,2025-02-19,2025-02-19T16:01:12-05:00,True,8.01
0001728117,"Gossamer Bio, Inc.",0001728117-24-000093,2024-11-07,2024-11-07T16:02:27-05:00,True,"2.02,9.01"
0001728117,"Gossamer Bio, Inc.",0001728117-24-000088,2024-09-13,2024-09-13T16:01:17-04:00,True,3.01
0001728117,"Gossamer Bio, Inc.",0001728117-24-000086,2024-08-12,2024-08-12T16:02:13-04:00,True,"2.02,9.01"
0001728117,"Gossamer Bio, Inc.",0001728117-24-000080,2024-07-18,2024-07-18T16:01:22-04:00,True,8.01
0001728117,"Gossamer Bio, Inc.",0001728117-24-000069,2024-06-10,2024-06-10T16:01:46-04:00,True,5.07
0001728117,"Gossamer Bio, Inc.",0001728117-24-000059,2024-05-24,2024-05-24T16:30:57-04:00,True,3.01
0001728117,"Gossamer Bio, Inc.",0001728117-24-000057,2024-05-07,2024-05-07T16:02:33-04:00,True,"2.02,9.01"
0001728117,"Gossamer Bio, Inc.",0001728117-24-000052,2024-05-06,2024-05-06T07:31:01-04:00,False,"1.01,1.02,3.02,8.01,9.01"
0001728117,"Gossamer Bio, Inc.",0001728117-24-000024,2024-03-12,2024-03-12T16:01:17-04:00,True,"5.02,9.01"
0001728117,"Gossamer Bio, Inc.",0001728117-24-000018,2024-03-05,2024-03-05T07:31:51-05:00,False,"2.02,9.01"
0001728117,"Gossamer Bio, Inc.",0001728117-24-000013,2024-03-04,2024-03-04T16:02:26-05:00,True,8.01
0001728117,"Gossamer Bio, Inc.",0001728117-23-000157,2023-11-29,2023-11-29T16:01:22-05:00,True,"5.02,9.01"
0001728117,"Gossamer Bio, Inc.",0001728117-23-000151,2023-11-27,2023-11-27T16:01:48-05:00,True,"5.02,5.03,9.01"
0001728117,"Gossamer Bio, Inc.",0001728117-23-000133,2023-11-09,2023-11-09T07:31:13-05:00,False,"2.02,9.01"
0001728117,"Gossamer Bio, Inc.",0001728117-23-000129,2023-10-20,2023-10-20T16:01:20-04:00,True,3.01
0001728117,"Gossamer Bio, Inc.",0001728117-23-000127,2023-09-07,2023-09-07T17:00:39-04:00,True,5.02
0001728117,"Gossamer Bio, Inc.",0001728117-23-000107,2023-08-08,2023-08-08T16:01:50-04:00,True,"2.02,9.01"
0001728117,"Gossamer Bio, Inc.",0001728117-23-000094,2023-07-20,2023-07-20T16:01:04-04:00,True,"1.01,3.02,7.01,9.01"
0001728117,"Gossamer Bio, Inc.",0001728117-23-000091,2023-07-20,2023-07-20T07:50:19-04:00,False,"8.01,9.01"
0001728117,"Gossamer Bio, Inc.",0001728117-23-000081,2023-06-09,2023-06-09T16:14:32-04:00,True,"5.03,5.07,9.01"
0001728117,"Gossamer Bio, Inc.",0001728117-23-000050,2023-05-09,2023-05-09T16:03:50-04:00,True,2.02
0001728117,"Gossamer Bio, Inc.",0001728117-23-000030,2023-04-03,2023-04-03T16:01:17-04:00,True,8.01
0001728117,"Gossamer Bio, Inc.",0001728117-23-000009,2023-03-17,2023-03-17T07:41:02-04:00,False,"2.02,9.01"
0001728117,"Gossamer Bio, Inc.",0001728117-22-000102,2022-12-06,2022-12-06T07:36:04-05:00,False,"8.01,9.01"
0001728117,"Gossamer Bio, Inc.",0001728117-22-000099,2022-11-03,2022-11-03T16:00:47-04:00,True,2.02
0001728117,"Gossamer Bio, Inc.",0001728117-22-000084,2022-08-09,2022-08-09T08:08:12-04:00,False,2.02
0001728117,"Gossamer Bio, Inc.",0001728117-22-000057,2022-07-13,2022-07-13T08:45:41-04:00,False,"1.01,3.02,7.01,9.01"
0001728117,"Gossamer Bio, Inc.",0001728117-22-000049,2022-06-10,2022-06-10T16:05:34-04:00,True,5.07
0001728117,"Gossamer Bio, Inc.",0001728117-22-000046,2022-05-10,2022-05-10T16:04:37-04:00,True,2.02
0001728117,"Gossamer Bio, Inc.",0001728117-22-000035,2022-04-25,2022-04-25T08:14:06-04:00,False,"2.02,8.01"
0001728117,"Gossamer Bio, Inc.",0001728117-22-000018,2022-03-03,2022-03-03T16:02:14-05:00,True,"2.02,9.01"
0001728117,"Gossamer Bio, Inc.",0001728117-21-000103,2021-11-08,2021-11-08T16:01:33-05:00,True,"2.02,9.01"
0001728117,"Gossamer Bio, Inc.",0001728117-21-000094,2021-10-12,2021-10-12T09:19:20-04:00,False,"7.01,8.01,9.01"
0001728117,"Gossamer Bio, Inc.",0001728117-21-000092,2021-09-21,2021-09-21T09:09:34-04:00,False,5.02
0001728117,"Gossamer Bio, Inc.",0001728117-21-000086,2021-08-09,2021-08-09T16:27:57-04:00,True,"2.02,9.01"
0001728117,"Gossamer Bio, Inc.",0001728117-21-000071,2021-06-14,2021-06-14T16:22:46-04:00,True,"5.02,5.07,9.01"
0001728117,"Gossamer Bio, Inc.",0001728117-21-000054,2021-05-06,2021-05-06T08:06:30-04:00,False,"2.02,9.01"
0001728117,"Gossamer Bio, Inc.",0001728117-21-000037,2021-04-20,2021-04-20T16:44:39-04:00,True,"5.02,9.01"
0001728117,"Gossamer Bio, Inc.",0001728117-21-000015,2021-02-25,2021-02-25T08:00:41-05:00,False,"2.02,9.01"
0001728117,"Gossamer Bio, Inc.",0001728117-20-000013,2020-11-17,2020-11-17T17:13:23-05:00,True,5.02
0001728117,"Gossamer Bio, Inc.",0001728117-20-000008,2020-11-10,2020-11-10T16:14:17-05:00,True,"2.02,9.01"
0001728117,"Gossamer Bio, Inc.",0001564590-20-046250,2020-10-13,2020-10-13T07:40:25-04:00,False,"7.01,8.01,9.01"
0001728117,"Gossamer Bio, Inc.",0001564590-20-039333,2020-08-11,2020-08-11T16:30:40-04:00,True,"2.02,9.01"
0001728117,"Gossamer Bio, Inc.",0001564590-20-031695,2020-07-02,2020-07-02T16:30:39-04:00,True,"1.01,2.03,9.01"
0001728117,"Gossamer Bio, Inc.",0001564590-20-029809,2020-06-18,2020-06-18T16:45:15-04:00,True,5.07
0001728117,"Gossamer Bio, Inc.",0001564590-20-026546,2020-05-21,2020-05-21T16:06:09-04:00,True,"1.01,2.03,8.01,9.01"
0001728117,"Gossamer Bio, Inc.",0001564590-20-024672,2020-05-12,2020-05-12T16:18:19-04:00,True,"2.02,9.01"
0001728117,"Gossamer Bio, Inc.",0001564590-20-012321,2020-03-24,2020-03-24T08:45:24-04:00,False,"2.02,9.01"
0001728117,"Gossamer Bio, Inc.",0001564590-20-000961,2020-01-13,2020-01-13T16:08:26-05:00,True,7.01
0001728117,"Gossamer Bio, Inc.",0001564590-19-042910,2019-11-12,2019-11-12T16:10:19-05:00,True,"2.02,9.01"
0001728117,"Gossamer Bio, Inc.",0001564590-19-034638,2019-09-13,2019-09-13T08:30:50-04:00,False,5.02
0001728117,"Gossamer Bio, Inc.",0001564590-19-030778,2019-08-08,2019-08-08T16:10:16-04:00,True,"2.02,9.01"
0001728117,"Gossamer Bio, Inc.",0001564590-19-022252,2019-06-11,2019-06-11T16:27:46-04:00,True,5.07
0001728117,"Gossamer Bio, Inc.",0001564590-19-020809,2019-05-30,2019-05-30T08:00:34-04:00,False,5.02
0001728117,"Gossamer Bio, Inc.",0001564590-19-018969,2019-05-14,2019-05-14T07:31:19-04:00,False,"2.02,7.01,9.01"
0001728117,"Gossamer Bio, Inc.",0001564590-19-015682,2019-05-03,2019-05-03T16:00:19-04:00,True,"1.01,2.03,9.01"
0001728117,"Gossamer Bio, Inc.",0001564590-19-009018,2019-03-22,2019-03-22T16:15:48-04:00,True,"2.02,9.01"
0001728117,"Gossamer Bio, Inc.",0001564590-19-007200,2019-03-11,2019-03-11T16:45:23-04:00,True,5.02
0001728117,"Gossamer Bio, Inc.",0001193125-19-035980,2019-02-12,2019-02-12T16:23:02-05:00,True,"5.03,9.01"
0001213037,"Cardiff Oncology, Inc.",0001193125-25-269492,2025-11-06,2025-11-06T16:08:38-05:00,True,"2.02,9.01"
0001213037,"Cardiff Oncology, Inc.",0000950170-25-099631,2025-07-29,2025-07-29T16:10:34-04:00,True,"2.02,7.01,8.01"
0001213037,"Cardiff Oncology, Inc.",0001641172-25-016659,2025-06-26,2025-06-26T16:30:47-04:00,True,5.07
0001213037,"Cardiff Oncology, Inc.",0000950170-25-087369,2025-06-17,2025-06-17T16:15:28-04:00,True,"5.02,8.01,9.01"
0001213037,"Cardiff Oncology, Inc.",0000950170-25-066947,2025-05-08,2025-05-08T16:10:08-04:00,True,"2.02,9.01"
0001213037,"Cardiff Oncology, Inc.",0000950170-25-029065,2025-02-27,2025-02-27T16:15:09-05:00,True,"2.02,9.01"
0001213037,"Cardiff Oncology, Inc.",0000950170-25-002076,2025-01-06,2025-01-06T16:10:07-05:00,True,"5.03,9.01"
0001213037,"Cardiff Oncology, Inc.",0000950170-24-134970,2024-12-10,2024-12-10T16:10:05-05:00,True,"1.01,8.01,9.01"
0001213037,"Cardiff Oncology, Inc.",0000950170-24-134749,2024-12-10,2024-12-10T06:02:28-05:00,False,"7.01,8.01,9.01"
0001213037,"Cardiff Oncology, Inc.",0000950170-24-123303,2024-11-07,2024-11-07T16:07:08-05:00,True,"2.02,9.01"
0001213037,"Cardiff Oncology, Inc.",0001628280-24-036122,2024-08-08,2024-08-08T16:06:55-04:00,True,"2.02,9.01"
0001213037,"Cardiff Oncology, Inc.",0001628280-24-029108,2024-06-20,2024-06-20T16:03:29-04:00,True,5.07
0001213037,"Cardiff Oncology, Inc.",0001628280-24-026295,2024-06-03,2024-06-03T16:03:35-04:00,True,"5.03,8.01,9.01"
0001213037,"Cardiff Oncology, Inc.",0001628280-24-020010,2024-05-02,2024-05-02T16:10:06-04:00,True,"2.02,9.01"
0001213037,"Cardiff Oncology, Inc.",0001628280-24-015247,2024-04-08,2024-04-08T16:07:11-04:00,True,"7.01,9.01"
0001213037,"Cardiff Oncology, Inc.",0001628280-24-007972,2024-02-29,2024-02-29T16:08:01-05:00,True,"2.02,7.01,9.01"
0001213037,"Cardiff Oncology, Inc.",0001628280-24-000780,2024-01-08,2024-01-08T09:12:29-05:00,False,"7.01,9.01"
0001213037,"Cardiff Oncology, Inc.",0001628280-23-036386,2023-11-02,2023-11-02T16:06:30-04:00,True,"2.02,7.01,9.01"
0001213037,"Cardiff Oncology, Inc.",0001628280-23-033014,2023-09-26,2023-09-26T16:07:11-04:00,True,"7.01,8.01,9.01"
0001213037,"Cardiff Oncology, Inc.",0001628280-23-028563,2023-08-09,2023-08-09T16:06:41-04:00,True,"2.02,5.03,9.01"
0001213037,"Cardiff Oncology, Inc.",0001104659-23-088391,2023-08-07,2023-08-07T16:42:29-04:00,True,"7.01,8.01,9.01"
0001213037,"Cardiff Oncology, Inc.",0001628280-23-025483,2023-07-24,2023-07-24T17:13:04-04:00,True,"8.01,9.01"
0001213037,"Cardiff Oncology, Inc.",0001628280-23-022757,2023-06-20,2023-06-20T17:24:45-04:00,True,"8.01,9.01"
0001213037,"Cardiff Oncology, Inc.",0001628280-23-022271,2023-06-15,2023-06-15T16:45:43-04:00,True,5.07
0001213037,"Cardiff Oncology, Inc.",0001628280-23-015693,2023-05-04,2023-05-04T16:01:59-04:00,True,"2.02,9.01"
0001213037,"Cardiff Oncology, Inc.",0001628280-23-007567,2023-03-10,2023-03-10T16:51:28-05:00,True,7.01
0001213037,"Cardiff Oncology, Inc.",0001628280-23-006049,2023-03-02,2023-03-02T16:14:01-05:00,True,"2.02,9.01"
0001213037,"Cardiff Oncology, Inc.",0001628280-23-002037,2023-02-02,2023-02-02T16:02:04-05:00,True,"5.02,8.01,9.01"
0001213037,"Cardiff Oncology, Inc.",0001628280-22-028200,2022-11-03,2022-11-03T16:14:46-04:00,True,"2.02,9.01"
0001213037,"Cardiff Oncology, Inc.",0001628280-22-025855,2022-10-03,2022-10-03T16:12:14-04:00,True,"7.01,9.01"
0001213037,"Cardiff Oncology, Inc.",0001628280-22-024744,2022-09-12,2022-09-12T16:09:53-04:00,True,"7.01,8.01,9.01"
0001213037,"Cardiff Oncology, Inc.",0001628280-22-024362,2022-09-06,2022-09-06T16:07:38-04:00,True,"8.01,9.01"
0001213037,"Cardiff Oncology, Inc.",0001628280-22-021064,2022-08-04,2022-08-04T16:08:44-04:00,True,"2.02,9.01"
0001213037,"Cardiff Oncology, Inc.",0001628280-22-016711,2022-06-09,2022-06-09T17:02:20-04:00,True,5.07
0001213037,"Cardiff Oncology, Inc.",0001628280-22-012620,2022-05-05,2022-05-05T16:03:22-04:00,True,"2.02,9.01"
0001213037,"Cardiff Oncology, Inc.",0001628280-22-008987,2022-04-12,2022-04-12T16:11:52-04:00,True,"5.02,7.01,9.01"
0001213037,"Cardiff Oncology, Inc.",0001628280-22-008804,2022-04-08,2022-04-08T15:34:34-04:00,False,"7.01,9.01"
0001213037,"Cardiff Oncology, Inc.",0001628280-22-003816,2022-02-24,2022-02-24T16:09:54-05:00,True,"2.02,9.01"
0001213037,"Cardiff Oncology, Inc.",0001628280-22-001522,2022-01-31,2022-01-31T17:29:22-05:00,True,"8.01,9.01"
0001213037,"Cardiff Oncology, Inc.",0001628280-22-001039,2022-01-18,2022-01-18T17:00:48-05:00,True,"7.01,9.01"
0001213037,"Cardiff Oncology, Inc.",0001628280-22-000669,2022-01-11,2022-01-11T10:09:15-05:00,False,"8.01,9.01"
0001213037,"Cardiff Oncology, Inc.",0001628280-21-024814,2021-12-10,2021-12-10T11:14:22-05:00,False,"8.01,9.01"
0001213037,"Cardiff Oncology, Inc.",0001628280-21-024493,2021-12-03,2021-12-03T11:05:50-05:00,False,"8.01,9.01"
0001213037,"Cardiff Oncology, Inc.",0001628280-21-023776,2021-11-18,2021-11-18T08:56:30-05:00,False,"1.01,9.01"
0001213037,"Cardiff Oncology, Inc.",0001628280-21-022729,2021-11-10,2021-11-10T12:54:37-05:00,False,"8.01,9.01"
0001213037,"Cardiff Oncology, Inc.",0001628280-21-021748,2021-11-04,2021-11-04T16:01:37-04:00,True,"2.02,9.01"
0001213037,"Cardiff Oncology, Inc.",0001628280-21-018216,2021-09-08,2021-09-08T16:00:55-04:00,True,"7.01,9.01"
0001213037,"Cardiff Oncology, Inc.",0001628280-21-018136,2021-09-07,2021-09-07T11:15:44-04:00,False,"8.01,9.01"
0001213037,"Cardiff Oncology, Inc.",0001628280-21-017578,2021-08-25,2021-08-25T13:23:03-04:00,False,"8.01,9.01"
0001213037,"Cardiff Oncology, Inc.",0001628280-21-015831,2021-08-05,2021-08-05T16:01:26-04:00,True,"2.02,9.01"
0001213037,"Cardiff Oncology, Inc.",0001628280-21-013733,2021-07-12,2021-07-12T11:13:07-04:00,False,"5.02,8.01,9.01"
0001213037,"Cardiff Oncology, Inc.",0001628280-21-013508,2021-07-06,2021-07-06T12:35:47-04:00,False,"8.01,9.01"
0001213037,"Cardiff Oncology, Inc.",0001628280-21-013021,2021-06-28,2021-06-28T13:33:49-04:00,False,"8.01,9.01"
0001213037,"Cardiff Oncology, Inc.",0001628280-21-012005,2021-06-10,2021-06-10T16:07:21-04:00,True,"5.07,8.01,9.01"
0001213037,"Cardiff Oncology, Inc.",0001628280-21-011784,2021-06-08,2021-06-08T08:41:33-04:00,False,"8.01,9.01"
0001213037,"Cardiff Oncology, Inc.",0001628280-21-011401,2021-06-01,2021-06-01T10:52:26-04:00,False,"7.01,9.01"
0001213037,"Cardiff Oncology, Inc.",0001628280-21-010750,2021-05-20,2021-05-20T10:36:09-04:00,False,"8.01,9.01"
0001213037,"Cardiff Oncology, Inc.",0001628280-21-009284,2021-05-06,2021-05-06T16:01:00-04:00,True,"2.02,9.01"
0001213037,"Cardiff Oncology, Inc.",0001628280-21-006756,2021-04-12,2021-04-12T08:33:51-04:00,False,"7.01,8.01,9.01"
0001213037,"Cardiff Oncology, Inc.",0001628280-21-006707,2021-04-08,2021-04-08T15:03:11-04:00,False,"8.01,9.01"
0001213037,"Cardiff Oncology, Inc.",0001628280-21-004508,2021-03-11,2021-03-11T13:43:09-05:00,False,"8.01,9.01"
0001213037,"Cardiff Oncology, Inc.",0001628280-21-003831,2021-03-03,2021-03-03T12:57:19-05:00,False,"8.01,9.01"
0001213037,"Cardiff Oncology, Inc.",0001628280-21-003278,2021-02-25,2021-02-25T16:02:10-05:00,True,"2.02,9.01"
0001213037,"Cardiff Oncology, Inc.",0001628280-21-002984,2021-02-24,2021-02-24T11:21:42-05:00,False,"8.01,9.01"
0001213037,"Cardiff Oncology, Inc.",0001628280-21-002232,2021-02-16,2021-02-16T13:43:30-05:00,False,"8.01,9.01"
0001213037,"Cardiff Oncology, Inc.",0001628280-21-001908,2021-02-11,2021-02-11T10:39:30-05:00,False,"8.01,9.01"
0001213037,"Cardiff Oncology, Inc.",0001628280-21-000813,2021-01-26,2021-01-26T11:19:29-05:00,False,"8.01,9.01"
0001213037,"Cardiff Oncology, Inc.",0001628280-21-000474,2021-01-15,2021-01-15T11:34:08-05:00,False,"8.01,9.01"
0001213037,"Cardiff Oncology, Inc.",0001628280-20-017686,2020-12-21,2020-12-21T16:18:24-05:00,True,"5.02,7.01,9.01"
0001213037,"Cardiff Oncology, Inc.",0001628280-20-017151,2020-12-07,2020-12-07T13:22:45-05:00,False,"8.01,9.01"
0001213037,"Cardiff Oncology, Inc.",0001628280-20-016701,2020-11-23,2020-11-23T11:54:08-05:00,False,"8.01,9.01"
0001213037,"Cardiff Oncology, Inc.",0001628280-20-015736,2020-11-05,2020-11-05T16:09:19-05:00,True,"2.02,9.01"
0001213037,"Cardiff Oncology, Inc.",0001628280-20-014591,2020-10-20,2020-10-20T11:59:37-04:00,False,"8.01,9.01"
0001213037,"Cardiff Oncology, Inc.",0001628280-20-014034,2020-09-30,2020-09-30T16:09:21-04:00,True,"1.01,8.01,9.01"
0001213037,"Cardiff Oncology, Inc.",0001628280-20-013800,2020-09-22,2020-09-21T19:19:32-04:00,True,"7.01,9.01"
0001213037,"Cardiff Oncology, Inc.",0001628280-20-013690,2020-09-17,2020-09-17T11:18:17-04:00,False,"8.01,9.01"
0001213037,"Cardiff Oncology, Inc.",0001628280-20-013580,2020-09-15,2020-09-15T10:36:52-04:00,False,"8.01,9.01"
0001213037,"Cardiff Oncology, Inc.",0001628280-20-013539,2020-09-14,2020-09-14T11:55:10-04:00,False,"8.01,9.01"
0001213037,"Cardiff Oncology, Inc.",0001628280-20-012429,2020-08-11,2020-08-11T16:04:21-04:00,True,"2.02,9.01"
0001213037,"Cardiff Oncology, Inc.",0001628280-20-011606,2020-08-04,2020-08-04T14:33:14-04:00,False,"8.01,9.01"
0001213037,"Cardiff Oncology, Inc.",0001628280-20-010960,2020-07-30,2020-07-30T13:22:31-04:00,False,"8.01,9.01"
0001213037,"Cardiff Oncology, Inc.",0001628280-20-009689,2020-06-19,2020-06-19T09:05:48-04:00,False,5.02
0001213037,"Cardiff Oncology, Inc.",0001628280-20-009534,2020-06-16,2020-06-16T16:26:32-04:00,True,"1.01,3.02,5.03,8.01,9.01"
0001213037,"Cardiff Oncology, Inc.",0001628280-20-009417,2020-06-15,2020-06-15T11:50:22-04:00,False,"8.01,9.01"
0001213037,"Cardiff Oncology, Inc.",0001628280-20-009155,2020-06-09,2020-06-09T11:26:56-04:00,False,"8.01,9.01"
0001213037,"Cardiff Oncology, Inc.",0001628280-20-008589,2020-05-29,2020-05-29T12:00:24-04:00,False,"8.01,9.01"
0001213037,"Cardiff Oncology, Inc.",0001628280-20-008504,2020-05-28,2020-05-28T11:50:21-04:00,False,"8.01,9.01"
0001213037,"Cardiff Oncology, Inc.",0001628280-20-008455,2020-05-27,2020-05-27T11:07:54-04:00,False,"1.01,3.02,8.01,9.01"
0001213037,"Cardiff Oncology, Inc.",0001628280-20-008004,2020-05-19,2020-05-19T09:28:20-04:00,False,"1.01,3.02,9.01"
0001213037,"Cardiff Oncology, Inc.",0001628280-20-007644,2020-05-13,2020-05-13T10:59:15-04:00,False,"1.01,3.02,5.03,8.01,9.01"
0001213037,"Cardiff Oncology, Inc.",0001628280-20-006933,2020-05-07,2020-05-07T16:02:04-04:00,True,"2.02,9.01"
0001213037,"Cardiff Oncology, Inc.",0001628280-20-006555,2020-05-06,2020-05-06T10:29:01-04:00,False,"5.02,5.03,8.01,9.01"
0001213037,"Cardiff Oncology, Inc.",0001628280-20-005682,2020-04-28,2020-04-28T12:22:34-04:00,False,"8.01,9.01"
0001213037,"Cardiff Oncology, Inc.",0001628280-20-005226,2020-04-22,2020-04-22T10:54:16-04:00,False,"8.01,9.01"
0001213037,"Cardiff Oncology, Inc.",0001628280-20-005112,2020-04-17,2020-04-17T16:01:59-04:00,True,"1.01,2.03"
0001213037,"Cardiff Oncology, Inc.",0001628280-20-005079,2020-04-17,2020-04-16T19:05:14-04:00,True,5.07
0001213037,"Cardiff Oncology, Inc.",0001104659-20-045549,2020-04-10,2020-04-10T16:08:58-04:00,True,"1.01,3.02,9.01"
0001213037,"Cardiff Oncology, Inc.",0001628280-20-004781,2020-04-08,2020-04-08T11:17:49-04:00,False,"8.01,9.01"
0001213037,"Cardiff Oncology, Inc.",0001628280-20-004445,2020-04-01,2020-04-01T13:54:51-04:00,False,"8.01,9.01"
0001213037,"Cardiff Oncology, Inc.",0001104659-20-041147,2020-03-31,2020-03-31T16:05:40-04:00,True,"1.01,3.02,9.01"
0001213037,"Cardiff Oncology, Inc.",0001628280-20-003017,2020-03-05,2020-03-05T10:38:39-05:00,False,"8.01,9.01"
0001213037,"Cardiff Oncology, Inc.",0001628280-20-002429,2020-02-27,2020-02-27T16:15:07-05:00,True,"2.02,9.01"
0001213037,"Cardiff Oncology, Inc.",0001628280-20-001467,2020-02-13,2020-02-13T10:00:15-05:00,False,"8.01,9.01"
0001213037,"Cardiff Oncology, Inc.",0001628280-20-001027,2020-02-05,2020-02-05T10:24:28-05:00,False,"8.01,9.01"
0001213037,"Cardiff Oncology, Inc.",0001628280-20-000797,2020-01-30,2020-01-30T16:32:39-05:00,True,5.02
0001213037,"Cardiff Oncology, Inc.",0001628280-20-000651,2020-01-29,2020-01-29T10:51:44-05:00,False,"8.01,9.01"
0001213037,"Cardiff Oncology, Inc.",0001628280-20-000533,2020-01-27,2020-01-27T10:59:12-05:00,False,"8.01,9.01"
0001213037,"Cardiff Oncology, Inc.",0001628280-20-000403,2020-01-21,2020-01-21T10:09:04-05:00,False,"8.01,9.01"
0001213037,"Cardiff Oncology, Inc.",0001628280-20-000311,2020-01-13,2020-01-13T10:22:59-05:00,False,"7.01,9.01"
0001213037,"Cardiff Oncology, Inc.",0001628280-19-014850,2019-12-09,2019-12-09T14:49:39-05:00,False,"8.01,9.01"
0001213037,"Cardiff Oncology, Inc.",0001628280-19-014717,2019-12-04,2019-12-04T12:15:12-05:00,False,"8.01,9.01"
0001213037,"Cardiff Oncology, Inc.",0001628280-19-014171,2019-11-14,2019-11-14T09:07:54-05:00,False,"8.01,9.01"
0001213037,"Cardiff Oncology, Inc.",0001628280-19-013668,2019-11-07,2019-11-07T16:21:40-05:00,True,"2.02,9.01"
0001213037,"Cardiff Oncology, Inc.",0001628280-19-013431,2019-11-06,2019-11-06T12:41:55-05:00,False,"8.01,9.01"
0001213037,"Cardiff Oncology, Inc.",0001193125-19-276277,2019-10-28,2019-10-28T16:52:03-04:00,True,"1.01,3.02,8.01,9.01"
0001213037,"Cardiff Oncology, Inc.",0001628280-19-012452,2019-10-22,2019-10-22T10:30:34-04:00,False,"8.01,9.01"
0001213037,"Cardiff Oncology, Inc.",0001628280-19-012088,2019-10-02,2019-10-02T10:33:33-04:00,False,"8.01,9.01"
0001213037,"Cardiff Oncology, Inc.",0001628280-19-012043,2019-10-01,2019-10-01T10:50:35-04:00,False,"8.01,9.01"
0001213037,"Cardiff Oncology, Inc.",0001628280-19-011995,2019-09-30,2019-09-30T12:46:22-04:00,False,"8.01,9.01"
0001213037,"Cardiff Oncology, Inc.",0001104659-19-050671,2019-09-19,2019-09-19T10:06:31-04:00,False,"8.01,9.01"
0001213037,"Cardiff Oncology, Inc.",0001628280-19-011354,2019-09-03,2019-09-03T12:33:04-04:00,False,"8.01,9.01"
0001213037,"Cardiff Oncology, Inc.",0001628280-19-011171,2019-08-26,2019-08-26T13:50:14-04:00,False,"8.01,9.01"
0001213037,"Cardiff Oncology, Inc.",0001104659-19-046715,2019-08-21,2019-08-21T08:25:06-04:00,False,"1.01,3.02,9.01"
0001213037,"Cardiff Oncology, Inc.",0001104659-19-046145,2019-08-15,2019-08-15T16:10:56-04:00,True,"8.01,9.01"
0001213037,"Cardiff Oncology, Inc.",0001104659-19-044926,2019-08-08,2019-08-08T16:53:14-04:00,True,"2.02,9.01"
0001213037,"Cardiff Oncology, Inc.",0001104659-19-041217,2019-07-22,2019-07-22T11:55:16-04:00,False,"8.01,9.01"
0001213037,"Cardiff Oncology, Inc.",0001104659-19-040280,2019-07-15,2019-07-15T12:03:13-04:00,False,"7.01,9.01"
0001213037,"Cardiff Oncology, Inc.",0001104659-19-039671,2019-07-09,2019-07-09T11:20:49-04:00,False,"8.01,9.01"
0001213037,"Cardiff Oncology, Inc.",0001104659-19-034533,2019-06-07,2019-06-07T16:06:53-04:00,True,"7.01,9.01"
0001213037,"Cardiff Oncology, Inc.",0001104659-19-034321,2019-06-06,2019-06-06T16:40:07-04:00,True,5.07
0001213037,"Cardiff Oncology, Inc.",0001104659-19-032992,2019-05-31,2019-05-31T09:09:47-04:00,False,"8.01,9.01"
0001213037,"Cardiff Oncology, Inc.",0001104659-19-031363,2019-05-23,2019-05-23T09:25:43-04:00,False,"8.01,9.01"
0001213037,"Cardiff Oncology, Inc.",0001104659-19-028892,2019-05-13,2019-05-13T15:47:26-04:00,False,"1.01,3.02,9.01"
0001213037,"Cardiff Oncology, Inc.",0001104659-19-027565,2019-05-08,2019-05-07T18:25:27-04:00,True,"2.02,9.01"
0001213037,"Cardiff Oncology, Inc.",0001104659-19-023054,2019-04-23,2019-04-23T14:39:44-04:00,False,"8.01,9.01"
0001213037,"Cardiff Oncology, Inc.",0001104659-19-020072,2019-04-05,2019-04-05T10:03:54-04:00,False,"1.01,3.02,8.01,9.01"
0001213037,"Cardiff Oncology, Inc.",0001193125-19-095338,2019-04-02,2019-04-02T10:48:02-04:00,False,"8.01,9.01"
0001213037,"Cardiff Oncology, Inc.",0001193125-19-094145,2019-04-01,2019-04-01T13:10:33-04:00,False,"8.01,9.01"
0001213037,"Cardiff Oncology, Inc.",0001193125-19-073028,2019-03-13,2019-03-13T12:10:02-04:00,False,"8.01,9.01"
0001213037,"Cardiff Oncology, Inc.",0001193125-19-071578,2019-03-12,2019-03-12T11:19:02-04:00,False,"8.01,9.01"
0001213037,"Cardiff Oncology, Inc.",0001193125-19-066073,2019-03-07,2019-03-06T21:43:33-05:00,True,"2.02,9.01"
0001213037,"Cardiff Oncology, Inc.",0001193125-19-062437,2019-03-04,2019-03-04T16:15:32-05:00,True,"5.03,9.01"
0001213037,"Cardiff Oncology, Inc.",0001193125-19-056253,2019-02-28,2019-02-28T10:38:32-05:00,False,"8.01,9.01"
0001213037,"Cardiff Oncology, Inc.",0001193125-19-044909,2019-02-20,2019-02-20T10:04:32-05:00,False,"5.03,8.01,9.01"
0001213037,"Cardiff Oncology, Inc.",0001193125-19-039699,2019-02-14,2019-02-14T10:43:02-05:00,False,"8.01,9.01"
0001213037,"Cardiff Oncology, Inc.",0001193125-19-035952,2019-02-12,2019-02-12T16:17:03-05:00,True,5.07
0001213037,"Cardiff Oncology, Inc.",0001193125-19-024055,2019-01-31,2019-01-31T16:56:47-05:00,True,"5.03,8.01,9.01"
0001213037,"Cardiff Oncology, Inc.",0001193125-19-021144,2019-01-29,2019-01-29T17:23:33-05:00,True,"1.01,3.02,5.03,8.01,9.01"
0001213037,"Cardiff Oncology, Inc.",0001193125-19-014479,2019-01-23,2019-01-23T08:44:37-05:00,False,"8.01,9.01"
0001213037,"Cardiff Oncology, Inc.",0001193125-19-009824,2019-01-15,2019-01-15T16:57:07-05:00,True,"8.01,9.01"
0001226616,MEDICINOVA INC,0001193125-25-335917,2025-12-30,2025-12-30T07:53:12-05:00,False,"1.01,9.01"
0001226616,MEDICINOVA INC,0001193125-25-170744,2025-08-01,2025-07-31T19:49:27-04:00,True,"1.01,9.01"
0001226616,MEDICINOVA INC,0000950170-25-087924,2025-06-18,2025-06-18T16:30:31-04:00,True,5.07
0001226616,MEDICINOVA INC,0001193125-25-051990,2025-03-11,2025-03-11T16:45:50-04:00,True,"7.01,9.01"
0001226616,MEDICINOVA INC,0000950170-24-072461,2024-06-12,2024-06-12T16:15:10-04:00,True,5.07
0001226616,MEDICINOVA INC,0001193125-24-083356,2024-04-01,2024-04-01T16:06:34-04:00,True,5.02
0001226616,MEDICINOVA INC,0001193125-23-204956,2023-08-07,2023-08-07T16:05:37-04:00,True,5.02
0001226616,MEDICINOVA INC,0001193125-23-172585,2023-06-22,2023-06-22T16:30:58-04:00,True,3.01
0001226616,MEDICINOVA INC,0000950170-23-027823,2023-06-14,2023-06-13T20:02:29-04:00,True,5.07
0001226616,MEDICINOVA INC,0001193125-23-118572,2023-04-26,2023-04-26T16:26:00-04:00,True,5.02
0001226616,MEDICINOVA INC,0001193125-22-177628,2022-06-21,2022-06-21T16:06:11-04:00,True,5.02
0001226616,MEDICINOVA INC,0001564590-22-023341,2022-06-15,2022-06-15T17:16:46-04:00,True,5.07
0001226616,MEDICINOVA INC,0001193125-22-095275,2022-04-05,2022-04-04T18:01:01-04:00,True,8.01
0001226616,MEDICINOVA INC,0001193125-21-233293,2021-08-02,2021-08-02T16:21:56-04:00,True,"5.02,9.01"
0001226616,MEDICINOVA INC,0001193125-21-222985,2021-07-23,2021-07-23T16:02:10-04:00,True,"1.01,9.01"
0001226616,MEDICINOVA INC,0001564590-21-033391,2021-06-17,2021-06-17T17:07:57-04:00,True,5.07
0001226616,MEDICINOVA INC,0001193125-21-165299,2021-05-18,2021-05-18T16:01:56-04:00,True,8.01
0001226616,MEDICINOVA INC,0001193125-21-150688,2021-05-05,2021-05-05T06:06:01-04:00,False,8.01
0001226616,MEDICINOVA INC,0001193125-21-023589,2021-02-01,2021-02-01T06:32:01-05:00,False,"3.02,8.01,9.01"
0001226616,MEDICINOVA INC,0001193125-21-006833,2021-01-12,2021-01-12T08:45:54-05:00,False,"1.01,3.02,8.01,9.01"
0001226616,MEDICINOVA INC,0001193125-20-273282,2020-10-21,2020-10-21T06:31:31-04:00,False,"5.02,9.01"
0001226616,MEDICINOVA INC,0001564590-20-030005,2020-06-22,2020-06-19T18:06:14-04:00,True,5.02
0001226616,MEDICINOVA INC,0001564590-20-029646,2020-06-17,2020-06-17T15:56:56-04:00,False,5.07
0001226616,MEDICINOVA INC,0001564590-20-018203,2020-04-23,2020-04-23T16:16:51-04:00,True,5.02
0001226616,MEDICINOVA INC,0001564590-20-016936,2020-04-16,2020-04-15T20:00:28-04:00,True,5.02
0001226616,MEDICINOVA INC,0001193125-19-275403,2019-10-28,2019-10-28T06:10:09-04:00,False,7.01
0001226616,MEDICINOVA INC,0001564590-19-037824,2019-10-25,2019-10-25T06:03:30-04:00,False,7.01
0001226616,MEDICINOVA INC,0001193125-19-228009,2019-08-23,2019-08-23T17:03:03-04:00,True,"1.01,1.02,9.01"
0001226616,MEDICINOVA INC,0001564590-19-026232,2019-07-26,2019-07-26T06:00:41-04:00,False,7.01
0001226616,MEDICINOVA INC,0001193125-19-202160,2019-07-25,2019-07-25T11:26:32-04:00,False,"5.02,9.01"
0001226616,MEDICINOVA INC,0001564590-19-022269,2019-06-11,2019-06-11T17:15:03-04:00,True,5.07
0001226616,MEDICINOVA INC,0001564590-19-013191,2019-04-26,2019-04-26T06:05:57-04:00,False,7.01
0001226616,MEDICINOVA INC,0001193125-19-119751,2019-04-25,2019-04-25T16:31:03-04:00,True,"5.03,9.01"
0001226616,MEDICINOVA INC,0001193125-19-072043,2019-03-12,2019-03-12T17:00:35-04:00,True,5.02
0001226616,MEDICINOVA INC,0001564590-19-002909,2019-02-14,2019-02-14T06:00:46-05:00,False,7.01
0001782303,"Boundless Bio, Inc.",0001193125-25-265707,2025-11-05,2025-11-05T07:05:31-05:00,False,"2.02,9.01"
0001782303,"Boundless Bio, Inc.",0000950170-25-102386,2025-08-05,2025-08-05T07:05:28-04:00,False,"2.02,9.01"
0001782303,"Boundless Bio, Inc.",0000950170-25-089002,2025-06-23,2025-06-23T16:21:47-04:00,True,5.07
0001782303,"Boundless Bio, Inc.",0000950170-25-076911,2025-05-23,2025-05-23T16:06:08-04:00,True,"2.05,8.01"
0001782303,"Boundless Bio, Inc.",0000950170-25-067495,2025-05-09,2025-05-09T07:05:23-04:00,False,"2.02,9.01"
0001782303,"Boundless Bio, Inc.",0001193125-25-070496,2025-04-01,2025-04-01T16:38:57-04:00,True,"1.01,9.01"
0001782303,"Boundless Bio, Inc.",0000950170-25-045722,2025-03-27,2025-03-27T07:05:08-04:00,False,"2.02,9.01"
0001782303,"Boundless Bio, Inc.",0000950170-24-135768,2024-12-12,2024-12-12T16:05:09-05:00,True,"5.02,7.01,8.01,9.01"
0001782303,"Boundless Bio, Inc.",0000950170-24-123274,2024-11-07,2024-11-07T16:05:14-05:00,True,"2.02,9.01"
0001782303,"Boundless Bio, Inc.",0000950170-24-114466,2024-10-15,2024-10-15T08:00:09-04:00,False,5.02
0001782303,"Boundless Bio, Inc.",0000950170-24-099185,2024-08-20,2024-08-20T17:00:22-04:00,True,5.02
0001782303,"Boundless Bio, Inc.",0000950170-24-095481,2024-08-12,2024-08-12T16:25:50-04:00,True,"2.02,9.01"
0001782303,"Boundless Bio, Inc.",0000950170-24-058186,2024-05-13,2024-05-13T07:05:12-04:00,False,"2.02,7.01,9.01"
0001782303,"Boundless Bio, Inc.",0001193125-24-084736,2024-04-02,2024-04-02T16:01:34-04:00,True,"5.03,8.01,9.01"
0001835579,"ImageneBio, Inc.",0001193125-25-324798,2025-12-18,2025-12-18T16:05:08-05:00,True,5.02
0001835579,"ImageneBio, Inc.",0001193125-25-286984,2025-11-19,2025-11-19T07:50:18-05:00,False,"7.01,9.01"
0001835579,"ImageneBio, Inc.",0001193125-25-275910,2025-11-12,2025-11-12T07:25:12-05:00,False,"2.02,9.01"
0001835579,"ImageneBio, Inc.",0001193125-25-266889,2025-11-05,2025-11-05T16:05:32-05:00,True,5.02
0001835579,"ImageneBio, Inc.",0001193125-25-254697,2025-10-29,2025-10-29T08:00:06-04:00,False,"1.01,1.02"
0001835579,"ImageneBio, Inc.",0001193125-25-245823,2025-10-22,2025-10-22T09:03:11-04:00,False,5.02
0001835579,"ImageneBio, Inc.",0001193125-25-237161,2025-10-10,2025-10-10T16:45:56-04:00,True,5.02
0001835579,"ImageneBio, Inc.",0001193125-25-173626,2025-08-05,2025-08-05T17:15:17-04:00,True,"4.01,9.01"
0001835579,"ImageneBio, Inc.",0001193125-25-171747,2025-08-01,2025-08-01T16:59:33-04:00,True,"5.02,8.01,9.01"
0001835579,"ImageneBio, Inc.",0001193125-25-167089,2025-07-29,2025-07-29T06:04:46-04:00,False,"1.01,2.01,3.02,3.03,5.01,5.02,5.03,5.06,7.01,9.01"
0001835579,"ImageneBio, Inc.",0001193125-25-165170,2025-07-25,2025-07-25T12:23:39-04:00,False,"7.01,9.01"
0001835579,"ImageneBio, Inc.",0001193125-25-163990,2025-07-24,2025-07-24T09:18:39-04:00,False,8.01
0001835579,"ImageneBio, Inc.",0001193125-25-162584,2025-07-22,2025-07-22T16:20:15-04:00,True,8.01
0001835579,"ImageneBio, Inc.",0001193125-25-159910,2025-07-16,2025-07-16T16:40:09-04:00,True,5.02
0001835579,"ImageneBio, Inc.",0001193125-25-159400,2025-07-15,2025-07-15T16:50:41-04:00,True,"5.02,5.07,8.01,9.01"
0001835579,"ImageneBio, Inc.",0001193125-25-157867,2025-07-11,2025-07-11T08:34:05-04:00,False,"8.01,9.01"
0001835579,"ImageneBio, Inc.",0001193125-25-154016,2025-07-01,2025-07-01T16:15:28-04:00,True,"7.01,8.01,9.01"
0001835579,"ImageneBio, Inc.",0001193125-24-283722,2024-12-23,2024-12-23T08:37:31-05:00,False,"1.01,3.02,5.01,5.02,7.01,9.01"
0001835579,"ImageneBio, Inc.",0001193125-24-178568,2024-07-12,2024-07-12T16:06:02-04:00,True,5.02
0001835579,"ImageneBio, Inc.",0001193125-24-158321,2024-06-10,2024-06-10T16:05:55-04:00,True,5.07
0001835579,"ImageneBio, Inc.",0001193125-24-148112,2024-05-28,2024-05-28T16:24:07-04:00,True,"2.05,7.01,8.01,9.01"
0001835579,"ImageneBio, Inc.",0001193125-24-041504,2024-02-21,2024-02-21T16:29:08-05:00,True,"5.02,7.01,9.01"
0001835579,"ImageneBio, Inc.",0001193125-24-010227,2024-01-18,2024-01-18T16:26:52-05:00,True,"2.02,2.05,7.01,8.01,9.01"
0001835579,"ImageneBio, Inc.",0000950170-23-061519,2023-11-09,2023-11-09T07:09:22-05:00,False,"2.02,8.01,9.01"
0001835579,"ImageneBio, Inc.",0001140361-23-047880,2023-10-11,2023-10-11T17:10:53-04:00,True,5.07
0001835579,"ImageneBio, Inc.",0001193125-23-204493,2023-08-07,2023-08-07T08:02:59-04:00,False,"1.01,2.01,3.02,5.03,7.01,9.01"
0001835579,"ImageneBio, Inc.",0001193125-23-180591,2023-06-30,2023-06-30T17:15:29-04:00,True,3.01
0001835579,"ImageneBio, Inc.",0001193125-23-164481,2023-06-09,2023-06-09T16:26:52-04:00,True,5.07
0001835579,"ImageneBio, Inc.",0001193125-23-144274,2023-05-15,2023-05-15T09:09:10-04:00,False,"1.01,7.01,8.01,9.01"
0001835579,"ImageneBio, Inc.",0001193125-23-103005,2023-04-17,2023-04-17T09:14:00-04:00,False,"7.01,8.01,9.01"
0001835579,"ImageneBio, Inc.",0001193125-22-308371,2022-12-19,2022-12-19T16:41:06-05:00,True,"5.02,9.01"
0001835579,"ImageneBio, Inc.",0001193125-22-292953,2022-11-28,2022-11-28T08:18:15-05:00,False,"7.01,8.01,9.01"
0001835579,"ImageneBio, Inc.",0001193125-22-282059,2022-11-10,2022-11-10T09:11:32-05:00,False,"7.01,8.01,9.01"
0001835579,"ImageneBio, Inc.",0001193125-22-171517,2022-06-10,2022-06-10T07:46:01-04:00,False,5.07
0001835579,"ImageneBio, Inc.",0001193125-22-103598,2022-04-13,2022-04-13T07:01:05-04:00,False,"5.02,9.01"
0001835579,"ImageneBio, Inc.",0001193125-22-096765,2022-04-06,2022-04-06T07:04:01-04:00,False,8.01
0001835579,"ImageneBio, Inc.",0001193125-22-052216,2022-02-24,2022-02-24T16:43:14-05:00,True,5.02
0001835579,"ImageneBio, Inc.",0001193125-22-020673,2022-01-28,2022-01-28T07:23:56-05:00,False,5.02
0001835579,"ImageneBio, Inc.",0001193125-22-017680,2022-01-26,2022-01-26T07:26:56-05:00,False,"5.02,9.01"
0001835579,"ImageneBio, Inc.",0001193125-21-326102,2021-11-10,2021-11-10T16:39:40-05:00,True,"7.01,9.01"
0001835579,"ImageneBio, Inc.",0001564590-21-043726,2021-08-12,2021-08-12T10:43:34-04:00,False,"2.02,9.01"
0001835579,"ImageneBio, Inc.",0001193125-21-159837,2021-05-13,2021-05-13T07:37:29-04:00,False,"2.02,9.01"
0001835579,"ImageneBio, Inc.",0001193125-21-117138,2021-04-15,2021-04-15T07:43:58-04:00,False,"5.02,9.01"
0001835579,"ImageneBio, Inc.",0001193125-21-100292,2021-03-30,2021-03-30T16:48:02-04:00,True,"5.02,5.03,9.01"
0000818033,"HERON THERAPEUTICS, INC. /DE/",0001193125-25-263617,2025-11-04,2025-11-04T08:00:28-05:00,False,"2.02,9.01"
0000818033,"HERON THERAPEUTICS, INC. /DE/",0001193125-25-256300,2025-10-29,2025-10-29T16:05:33-04:00,True,"5.02,7.01,9.01"
0000818033,"HERON THERAPEUTICS, INC. /DE/",0001193125-25-240253,2025-10-15,2025-10-15T16:09:10-04:00,True,"5.07,9.01"
0000818033,"HERON THERAPEUTICS, INC. /DE/",0000950170-25-112048,2025-08-28,2025-08-28T17:02:14-04:00,True,"1.01,9.01"
0000818033,"HERON THERAPEUTICS, INC. /DE/",0000950170-25-109234,2025-08-15,2025-08-15T07:45:32-04:00,False,"1.01,3.03,5.03,8.01,9.01"
0000818033,"HERON THERAPEUTICS, INC. /DE/",0000950170-25-107416,2025-08-12,2025-08-12T16:45:30-04:00,True,"1.01,5.03,8.01,9.01"
0000818033,"HERON THERAPEUTICS, INC. /DE/",0000950170-25-107404,2025-08-12,2025-08-12T16:35:32-04:00,True,1.01
0000818033,"HERON THERAPEUTICS, INC. /DE/",0000950170-25-105474,2025-08-08,2025-08-08T07:45:30-04:00,False,"1.01,2.02,2.03,3.02,8.01,9.01"
0000818033,"HERON THERAPEUTICS, INC. /DE/",0000950170-25-087555,2025-06-18,2025-06-17T18:17:55-04:00,True,5.07
0000818033,"HERON THERAPEUTICS, INC. /DE/",0000950170-25-063973,2025-05-06,2025-05-06T07:45:11-04:00,False,"2.02,9.01"
0000818033,"HERON THERAPEUTICS, INC. /DE/",0000950170-25-063967,2025-05-06,2025-05-06T07:30:08-04:00,False,"8.01,9.01"
0000818033,"HERON THERAPEUTICS, INC. /DE/",0000950170-25-059479,2025-04-29,2025-04-28T18:56:16-04:00,True,"5.02,9.01"
0000818033,"HERON THERAPEUTICS, INC. /DE/",0000950170-25-028372,2025-02-27,2025-02-27T07:45:09-05:00,False,"2.02,9.01"
0000818033,"HERON THERAPEUTICS, INC. /DE/",0000950170-25-023958,2025-02-20,2025-02-20T13:51:19-05:00,False,"1.01,9.01"
0000818033,"HERON THERAPEUTICS, INC. /DE/",0000950170-24-139569,2024-12-23,2024-12-23T16:05:08-05:00,True,"7.01,9.01"
0000818033,"HERON THERAPEUTICS, INC. /DE/",0000950170-24-132874,2024-12-03,2024-12-03T17:15:07-05:00,True,8.01
0000818033,"HERON THERAPEUTICS, INC. /DE/",0000950170-24-124626,2024-11-12,2024-11-12T08:06:35-05:00,False,"2.02,9.01"
0000818033,"HERON THERAPEUTICS, INC. /DE/",0000950170-24-120902,2024-11-04,2024-11-04T17:09:40-05:00,True,"5.02,7.01"
0000818033,"HERON THERAPEUTICS, INC. /DE/",0000950170-24-091769,2024-08-06,2024-08-06T16:05:13-04:00,True,"2.02,9.01"
0000818033,"HERON THERAPEUTICS, INC. /DE/",0000950170-24-080026,2024-07-02,2024-07-02T08:44:34-04:00,False,"7.01,9.01"
0000818033,"HERON THERAPEUTICS, INC. /DE/",0000950170-24-074952,2024-06-18,2024-06-18T16:43:16-04:00,True,"5.02,5.03,5.07,9.01"
0000818033,"HERON THERAPEUTICS, INC. /DE/",0000950170-24-065636,2024-05-29,2024-05-29T08:05:11-04:00,False,"7.01,9.01"
0000818033,"HERON THERAPEUTICS, INC. /DE/",0000950170-24-053963,2024-05-07,2024-05-07T08:05:13-04:00,False,"2.02,9.01"
0000818033,"HERON THERAPEUTICS, INC. /DE/",0001193125-24-073897,2024-03-21,2024-03-21T16:32:01-04:00,True,5.02
0000818033,"HERON THERAPEUTICS, INC. /DE/",0000950170-24-029926,2024-03-12,2024-03-12T16:10:09-04:00,True,"2.02,9.01"
0000818033,"HERON THERAPEUTICS, INC. /DE/",0001193125-24-013587,2024-01-24,2024-01-24T08:01:00-05:00,False,"8.01,9.01"
0000818033,"HERON THERAPEUTICS, INC. /DE/",0001193125-24-006600,2024-01-11,2024-01-11T16:07:01-05:00,True,"1.01,9.01"
0000818033,"HERON THERAPEUTICS, INC. /DE/",0001193125-23-302150,2023-12-22,2023-12-22T16:30:04-05:00,True,8.01
0000818033,"HERON THERAPEUTICS, INC. /DE/",0001193125-23-301337,2023-12-21,2023-12-21T17:25:54-05:00,True,5.02
0000818033,"HERON THERAPEUTICS, INC. /DE/",0000950170-23-063702,2023-11-14,2023-11-14T16:10:11-05:00,True,"2.02,9.01"
0000818033,"HERON THERAPEUTICS, INC. /DE/",0000950170-23-042414,2023-08-14,2023-08-14T16:11:12-04:00,True,"2.02,9.01"
0000818033,"HERON THERAPEUTICS, INC. /DE/",0001193125-23-191942,2023-07-24,2023-07-24T09:12:58-04:00,False,"1.01,3.02,5.02,7.01,9.01"
0000818033,"HERON THERAPEUTICS, INC. /DE/",0000950170-23-029646,2023-06-23,2023-06-23T16:19:08-04:00,True,"5.02,9.01"
0000818033,"HERON THERAPEUTICS, INC. /DE/",0000950170-23-027374,2023-06-12,2023-06-12T09:10:34-04:00,False,"5.02,5.03,5.07,9.01"
0000818033,"HERON THERAPEUTICS, INC. /DE/",0000950170-23-021213,2023-05-11,2023-05-11T16:06:11-04:00,True,"2.02,9.01"
0000818033,"HERON THERAPEUTICS, INC. /DE/",0000950170-23-013583,2023-04-20,2023-04-20T09:10:39-04:00,False,"5.02,9.01"
0000818033,"HERON THERAPEUTICS, INC. /DE/",0000950170-23-011487,2023-04-03,2023-04-03T09:10:48-04:00,False,"5.02,9.01"
0000818033,"HERON THERAPEUTICS, INC. /DE/",0000950170-23-009489,2023-03-23,2023-03-23T16:10:49-04:00,True,"2.02,9.01"
0000818033,"HERON THERAPEUTICS, INC. /DE/",0000950170-23-007473,2023-03-13,2023-03-13T09:11:45-04:00,False,"8.01,9.01"
0000818033,"HERON THERAPEUTICS, INC. /DE/",0000950170-23-006139,2023-03-06,2023-03-06T09:11:09-05:00,False,"8.01,9.01"
0000818033,"HERON THERAPEUTICS, INC. /DE/",0001193125-23-044236,2023-02-22,2023-02-22T09:05:34-05:00,False,"1.01,5.02,7.01,9.01"
0000818033,"HERON THERAPEUTICS, INC. /DE/",0000950170-23-000458,2023-01-09,2023-01-09T08:40:48-05:00,False,"2.02,7.01,9.01"
0000818033,"HERON THERAPEUTICS, INC. /DE/",0000950170-22-027082,2022-12-29,2022-12-29T09:10:31-05:00,False,"8.01,9.01"
0000818033,"HERON THERAPEUTICS, INC. /DE/",0001564590-22-037038,2022-11-08,2022-11-08T16:10:37-05:00,True,"2.02,9.01"
0000818033,"HERON THERAPEUTICS, INC. /DE/",0001564590-22-031836,2022-09-19,2022-09-19T08:00:54-04:00,False,"8.01,9.01"
0000818033,"HERON THERAPEUTICS, INC. /DE/",0001193125-22-217430,2022-08-10,2022-08-10T16:46:33-04:00,True,"1.01,3.02,9.01"
0000818033,"HERON THERAPEUTICS, INC. /DE/",0001564590-22-028597,2022-08-09,2022-08-09T08:20:40-04:00,False,"2.02,9.01"
0000818033,"HERON THERAPEUTICS, INC. /DE/",0001564590-22-024885,2022-06-30,2022-06-30T08:40:16-04:00,False,"2.05,9.01"
0000818033,"HERON THERAPEUTICS, INC. /DE/",0001564590-22-023137,2022-06-14,2022-06-14T08:40:15-04:00,False,"7.01,9.01"
0000818033,"HERON THERAPEUTICS, INC. /DE/",0001564590-22-021277,2022-05-25,2022-05-25T16:31:03-04:00,True,5.07
0000818033,"HERON THERAPEUTICS, INC. /DE/",0001564590-22-018871,2022-05-09,2022-05-09T16:10:26-04:00,True,"2.02,9.01"
0000818033,"HERON THERAPEUTICS, INC. /DE/",0001564590-22-011751,2022-03-25,2022-03-25T08:40:27-04:00,False,"7.01,9.01"
0000818033,"HERON THERAPEUTICS, INC. /DE/",0001564590-22-010729,2022-03-17,2022-03-17T08:45:16-04:00,False,"8.01,9.01"
0000818033,"HERON THERAPEUTICS, INC. /DE/",0001564590-22-007608,2022-02-28,2022-02-28T16:05:55-05:00,True,"2.02,9.01"
0000818033,"HERON THERAPEUTICS, INC. /DE/",0001564590-21-059819,2021-12-09,2021-12-09T08:05:15-05:00,False,"8.01,9.01"
0000818033,"HERON THERAPEUTICS, INC. /DE/",0001564590-21-057541,2021-11-18,2021-11-18T07:40:15-05:00,False,"8.01,9.01"
0000818033,"HERON THERAPEUTICS, INC. /DE/",0001564590-21-053940,2021-11-03,2021-11-03T16:05:47-04:00,True,"2.02,9.01"
0000818033,"HERON THERAPEUTICS, INC. /DE/",0001564590-21-049889,2021-10-04,2021-10-04T08:40:21-04:00,False,"8.01,9.01"
0000818033,"HERON THERAPEUTICS, INC. /DE/",0001564590-21-048772,2021-09-24,2021-09-24T08:30:14-04:00,False,5.02
0000818033,"HERON THERAPEUTICS, INC. /DE/",0001564590-21-042359,2021-08-09,2021-08-09T08:10:38-04:00,False,"2.02,9.01"
0000818033,"HERON THERAPEUTICS, INC. /DE/",0001564590-21-039796,2021-08-02,2021-08-02T16:31:00-04:00,True,"4.01,9.01"
0000818033,"HERON THERAPEUTICS, INC. /DE/",0001564590-21-033349,2021-06-17,2021-06-17T16:05:43-04:00,True,5.07
0000818033,"HERON THERAPEUTICS, INC. /DE/",0001564590-21-029621,2021-05-25,2021-05-25T09:04:42-04:00,False,"1.01,2.03,3.02,9.01"
0000818033,"HERON THERAPEUTICS, INC. /DE/",0001564590-21-027241,2021-05-13,2021-05-13T08:25:43-04:00,False,"8.01,9.01"
0000818033,"HERON THERAPEUTICS, INC. /DE/",0001564590-21-025793,2021-05-10,2021-05-10T08:40:22-04:00,False,"2.02,9.01"
0000818033,"HERON THERAPEUTICS, INC. /DE/",0001564590-21-007839,2021-02-24,2021-02-24T08:40:46-05:00,False,"2.02,9.01"
0000818033,"HERON THERAPEUTICS, INC. /DE/",0001564590-21-001687,2021-01-21,2021-01-21T08:40:24-05:00,False,"7.01,9.01"
0000818033,"HERON THERAPEUTICS, INC. /DE/",0001564590-21-000771,2021-01-11,2021-01-11T08:40:22-05:00,False,"2.02,7.01,9.01"
0000818033,"HERON THERAPEUTICS, INC. /DE/",0001564590-20-053742,2020-11-13,2020-11-13T08:40:21-05:00,False,"8.01,9.01"
0000818033,"HERON THERAPEUTICS, INC. /DE/",0001564590-20-050909,2020-11-05,2020-11-05T08:40:36-05:00,False,"2.02,9.01"
0000818033,"HERON THERAPEUTICS, INC. /DE/",0001564590-20-046256,2020-10-13,2020-10-13T08:30:20-04:00,False,5.02
0000818033,"HERON THERAPEUTICS, INC. /DE/",0001564590-20-044749,2020-09-28,2020-09-28T08:41:33-04:00,False,"8.01,9.01"
0000818033,"HERON THERAPEUTICS, INC. /DE/",0001564590-20-043657,2020-09-16,2020-09-16T08:40:26-04:00,False,"7.01,9.01"
0000818033,"HERON THERAPEUTICS, INC. /DE/",0001564590-20-042727,2020-09-08,2020-09-08T08:41:30-04:00,False,"8.01,9.01"
0000818033,"HERON THERAPEUTICS, INC. /DE/",0001564590-20-036849,2020-08-05,2020-08-05T16:25:32-04:00,True,5.02
0000818033,"HERON THERAPEUTICS, INC. /DE/",0001564590-20-036807,2020-08-05,2020-08-05T16:10:25-04:00,True,"2.02,9.01"
0000818033,"HERON THERAPEUTICS, INC. /DE/",0001564590-20-033338,2020-07-24,2020-07-24T08:40:28-04:00,False,"8.01,9.01"
0000818033,"HERON THERAPEUTICS, INC. /DE/",0001564590-20-032445,2020-07-16,2020-07-16T08:40:15-04:00,False,"8.01,9.01"
0000818033,"HERON THERAPEUTICS, INC. /DE/",0001564590-20-031058,2020-06-29,2020-06-29T16:06:13-04:00,True,"8.01,9.01"
0000818033,"HERON THERAPEUTICS, INC. /DE/",0001564590-20-029788,2020-06-18,2020-06-18T16:06:09-04:00,True,5.07
0000818033,"HERON THERAPEUTICS, INC. /DE/",0001564590-20-028307,2020-06-04,2020-06-04T09:14:21-04:00,False,"7.01,9.01"
0000818033,"HERON THERAPEUTICS, INC. /DE/",0001564590-20-025913,2020-05-18,2020-05-18T09:11:53-04:00,False,"8.01,9.01"
0000818033,"HERON THERAPEUTICS, INC. /DE/",0001564590-20-021571,2020-05-06,2020-05-06T09:10:46-04:00,False,"2.02,9.01"
0000818033,"HERON THERAPEUTICS, INC. /DE/",0001564590-20-007971,2020-03-02,2020-03-02T07:44:03-05:00,False,"2.02,9.01"
0000818033,"HERON THERAPEUTICS, INC. /DE/",0001564590-20-005303,2020-02-19,2020-02-19T16:37:23-05:00,True,"8.01,9.01"
0000818033,"HERON THERAPEUTICS, INC. /DE/",0001564590-20-000917,2020-01-13,2020-01-13T08:41:21-05:00,False,"2.02,7.01,9.01"
0000818033,"HERON THERAPEUTICS, INC. /DE/",0001564590-19-046547,2019-12-20,2019-12-20T16:06:34-05:00,True,"1.01,2.03,9.01"
0000818033,"HERON THERAPEUTICS, INC. /DE/",0001564590-19-046060,2019-12-16,2019-12-16T16:15:50-05:00,True,"7.01,9.01"
0000818033,"HERON THERAPEUTICS, INC. /DE/",0001564590-19-045076,2019-12-03,2019-12-03T07:41:12-05:00,False,"8.01,9.01"
0000818033,"HERON THERAPEUTICS, INC. /DE/",0001564590-19-042630,2019-11-12,2019-11-12T08:40:55-05:00,False,"2.02,9.01"
0000818033,"HERON THERAPEUTICS, INC. /DE/",0001564590-19-038027,2019-10-28,2019-10-28T08:41:10-04:00,False,"8.01,9.01"
0000818033,"HERON THERAPEUTICS, INC. /DE/",0001564590-19-037287,2019-10-22,2019-10-22T08:42:08-04:00,False,"8.01,9.01"
0000818033,"HERON THERAPEUTICS, INC. /DE/",0001193125-19-264451,2019-10-08,2019-10-08T16:01:44-04:00,True,"1.01,9.01"
0000818033,"HERON THERAPEUTICS, INC. /DE/",0001564590-19-036139,2019-10-02,2019-10-02T07:57:49-04:00,False,"7.01,8.01,9.01"
0000818033,"HERON THERAPEUTICS, INC. /DE/",0001564590-19-036093,2019-10-01,2019-10-01T16:25:41-04:00,True,"5.02,9.01"
0000818033,"HERON THERAPEUTICS, INC. /DE/",0001564590-19-036090,2019-10-01,2019-10-01T16:16:04-04:00,True,"5.02,9.01"
0000818033,"HERON THERAPEUTICS, INC. /DE/",0001564590-19-036000,2019-10-01,2019-10-01T08:42:22-04:00,False,"8.01,9.01"
0000818033,"HERON THERAPEUTICS, INC. /DE/",0001564590-19-032608,2019-08-20,2019-08-20T08:35:56-04:00,False,"7.01,9.01"
0000818033,"HERON THERAPEUTICS, INC. /DE/",0001564590-19-028536,2019-08-05,2019-08-05T08:40:38-04:00,False,"2.02,9.01"
0000818033,"HERON THERAPEUTICS, INC. /DE/",0001193125-19-195218,2019-07-17,2019-07-17T08:30:33-04:00,False,"3.01,8.01"
0000818033,"HERON THERAPEUTICS, INC. /DE/",0001193125-19-176468,2019-06-19,2019-06-19T16:05:32-04:00,True,5.07
0000818033,"HERON THERAPEUTICS, INC. /DE/",0001193125-19-152334,2019-05-21,2019-05-21T09:15:32-04:00,False,"7.01,9.01"
0000818033,"HERON THERAPEUTICS, INC. /DE/",0001193125-19-146046,2019-05-14,2019-05-14T08:35:32-04:00,False,"7.01,9.01"
0000818033,"HERON THERAPEUTICS, INC. /DE/",0001193125-19-142329,2019-05-09,2019-05-09T08:35:32-04:00,False,"2.02,9.01"
0000818033,"HERON THERAPEUTICS, INC. /DE/",0001193125-19-130962,2019-05-01,2019-05-01T08:06:55-04:00,False,"8.01,9.01"
0000818033,"HERON THERAPEUTICS, INC. /DE/",0001193125-19-093695,2019-04-01,2019-04-01T08:35:33-04:00,False,"8.01,9.01"
0000818033,"HERON THERAPEUTICS, INC. /DE/",0001193125-19-070125,2019-03-11,2019-03-11T08:39:02-04:00,False,"8.01,9.01"
0000818033,"HERON THERAPEUTICS, INC. /DE/",0001193125-19-051944,2019-02-26,2019-02-26T16:10:32-05:00,True,"8.01,9.01"
0000818033,"HERON THERAPEUTICS, INC. /DE/",0001193125-19-047774,2019-02-22,2019-02-22T08:40:32-05:00,False,"2.02,9.01"
0000818033,"HERON THERAPEUTICS, INC. /DE/",0001193125-19-032236,2019-02-08,2019-02-08T16:05:33-05:00,True,"5.03,9.01"
0000818033,"HERON THERAPEUTICS, INC. /DE/",0001193125-19-028339,2019-02-05,2019-02-05T16:35:32-05:00,True,5.02
0000818033,"HERON THERAPEUTICS, INC. /DE/",0001193125-19-003247,2019-01-07,2019-01-07T08:36:33-05:00,False,"2.02,7.01,9.01"
0000818033,"HERON THERAPEUTICS, INC. /DE/",0001193125-19-001151,2019-01-03,2019-01-03T08:35:35-05:00,False,"8.01,9.01"
0001339970,aTYR PHARMA INC,0001193125-25-309619,2025-12-05,2025-12-05T16:05:28-05:00,True,3.01
0001339970,aTYR PHARMA INC,0001193125-25-269486,2025-11-06,2025-11-06T16:08:11-05:00,True,"2.02,9.01"
0001339970,aTYR PHARMA INC,0001193125-25-202865,2025-09-15,2025-09-15T08:30:27-04:00,False,"8.01,9.01"
0001339970,aTYR PHARMA INC,0001339970-25-000007,2025-08-07,2025-08-07T16:03:29-04:00,True,"2.06,9.01"
0001339970,aTYR PHARMA INC,0000950170-25-065611,2025-05-07,2025-05-07T16:03:56-04:00,True,"2.02,9.01"
0001339970,aTYR PHARMA INC,0000950170-25-064413,2025-05-06,2025-05-06T16:01:14-04:00,True,"5.02,5.07,9.01"
0001339970,aTYR PHARMA INC,0000950170-25-038703,2025-03-13,2025-03-13T16:03:40-04:00,True,"2.02,9.01"
0001339970,aTYR PHARMA INC,0000950170-24-139633,2024-12-23,2024-12-23T16:42:08-05:00,True,"1.01,9.01"
0001339970,aTYR PHARMA INC,0000950170-24-135766,2024-12-12,2024-12-12T16:05:06-05:00,True,"5.02,9.01"
0001339970,aTYR PHARMA INC,0000950170-24-123256,2024-11-07,2024-11-07T16:03:40-05:00,True,"2.02,9.01"
0001339970,aTYR PHARMA INC,0000950170-24-096139,2024-08-13,2024-08-13T16:02:45-04:00,True,"2.02,9.01"
0001339970,aTYR PHARMA INC,0000950170-24-085058,2024-07-22,2024-07-22T08:30:15-04:00,False,8.01
0001339970,aTYR PHARMA INC,0000950170-24-065899,2024-05-29,2024-05-29T16:03:07-04:00,True,"5.02,5.05,5.07,8.01,9.01"
0001339970,aTYR PHARMA INC,0000950170-24-052058,2024-05-02,2024-05-02T16:04:01-04:00,True,"2.02,9.01"
0001339970,aTYR PHARMA INC,0000950170-24-031441,2024-03-14,2024-03-14T16:01:43-04:00,True,"2.02,9.01"
0001339970,aTYR PHARMA INC,0000950170-23-062020,2023-11-09,2023-11-09T16:06:34-05:00,True,"2.02,9.01"
0001339970,aTYR PHARMA INC,0000950170-23-049802,2023-09-26,2023-09-26T09:01:19-04:00,False,"7.01,8.01,9.01"
0001339970,aTYR PHARMA INC,0000950170-23-047360,2023-09-11,2023-09-11T08:04:08-04:00,False,8.01
0001339970,aTYR PHARMA INC,0000950170-23-040581,2023-08-09,2023-08-09T16:10:12-04:00,True,"2.02,9.01"
0001339970,aTYR PHARMA INC,0000950170-23-023257,2023-05-19,2023-05-19T16:17:01-04:00,True,"5.02,5.03,5.05,5.07,9.01"
0001339970,aTYR PHARMA INC,0000950170-23-019633,2023-05-09,2023-05-09T16:07:14-04:00,True,"2.02,9.01"
0001339970,aTYR PHARMA INC,0000950170-23-007341,2023-03-10,2023-03-10T17:01:10-05:00,True,7.01
0001339970,aTYR PHARMA INC,0000950170-23-007002,2023-03-09,2023-03-09T16:03:52-05:00,True,"2.02,9.01"
0001339970,aTYR PHARMA INC,0000950170-23-002384,2023-02-09,2023-02-09T16:48:04-05:00,True,"8.01,9.01"
0001339970,aTYR PHARMA INC,0000950170-23-001836,2023-02-06,2023-02-06T08:03:30-05:00,False,8.01
0001339970,aTYR PHARMA INC,0000950170-22-024480,2022-11-10,2022-11-10T16:15:06-05:00,True,"2.02,9.01"
0001339970,aTYR PHARMA INC,0000950170-22-017380,2022-08-15,2022-08-15T16:22:02-04:00,True,"2.02,9.01"
0001339970,aTYR PHARMA INC,0000950170-22-016670,2022-08-11,2022-08-11T08:27:00-04:00,False,8.01
0001339970,aTYR PHARMA INC,0001564590-22-020476,2022-05-17,2022-05-17T08:04:32-04:00,False,"8.01,9.01"
0001339970,aTYR PHARMA INC,0001564590-22-020382,2022-05-16,2022-05-16T16:05:54-04:00,True,"1.01,9.01"
0001339970,aTYR PHARMA INC,0001564590-22-018868,2022-05-09,2022-05-09T16:07:03-04:00,True,"2.02,9.01"
0001339970,aTYR PHARMA INC,0001564590-22-016548,2022-04-29,2022-04-28T19:32:40-04:00,True,"5.02,5.03,5.07,9.01"
0001339970,aTYR PHARMA INC,0001564590-22-015295,2022-04-22,2022-04-22T17:07:11-04:00,True,"1.01,1.02,9.01"
0001339970,aTYR PHARMA INC,0001564590-22-014285,2022-04-13,2022-04-13T08:09:23-04:00,False,"2.02,9.01"
0001339970,aTYR PHARMA INC,0001564590-22-010086,2022-03-14,2022-03-14T16:18:28-04:00,True,"2.02,9.01"
0001339970,aTYR PHARMA INC,0001564590-21-056179,2021-11-10,2021-11-10T16:07:01-05:00,True,9.01
0001339970,aTYR PHARMA INC,0001564590-21-048145,2021-09-16,2021-09-16T17:13:17-04:00,True,"8.01,9.01"
0001339970,aTYR PHARMA INC,0001564590-21-047679,2021-09-13,2021-09-13T08:30:49-04:00,False,"8.01,9.01"
0001339970,aTYR PHARMA INC,0001564590-21-043086,2021-08-10,2021-08-10T16:13:48-04:00,True,9.01
0001339970,aTYR PHARMA INC,0001564590-21-029613,2021-05-25,2021-05-25T08:04:36-04:00,False,9.01
0001339970,aTYR PHARMA INC,0001564590-21-027552,2021-05-13,2021-05-13T16:13:18-04:00,True,"2.02,9.01"
0001339970,aTYR PHARMA INC,0001564590-21-023319,2021-05-04,2021-05-04T16:03:45-04:00,True,"8.01,9.01"
0001339970,aTYR PHARMA INC,0001564590-21-014861,2021-03-23,2021-03-23T16:18:01-04:00,True,"2.02,9.01"
0001339970,aTYR PHARMA INC,0001564590-21-013011,2021-03-15,2021-03-15T08:09:17-04:00,False,"8.01,9.01"
0001339970,aTYR PHARMA INC,0001564590-21-005005,2021-02-09,2021-02-09T16:21:44-05:00,True,"8.01,9.01"
0001339970,aTYR PHARMA INC,0001564590-21-002003,2021-01-25,2021-01-25T08:05:15-05:00,False,"7.01,9.01"
0001339970,aTYR PHARMA INC,0001564590-21-001861,2021-01-22,2021-01-22T08:05:27-05:00,False,"7.01,9.01"
0001339970,aTYR PHARMA INC,0001564590-21-001138,2021-01-14,2021-01-14T08:05:18-05:00,False,"8.01,9.01"
0001339970,aTYR PHARMA INC,0001564590-21-000713,2021-01-11,2021-01-08T21:01:27-05:00,True,"7.01,9.01"
0001339970,aTYR PHARMA INC,0001564590-21-000167,2021-01-04,2021-01-04T16:20:55-05:00,True,"8.01,9.01"
0001339970,aTYR PHARMA INC,0001564590-20-053568,2020-11-12,2020-11-12T16:12:54-05:00,True,"2.02,9.01"
0001339970,aTYR PHARMA INC,0001564590-20-043349,2020-09-14,2020-09-14T08:05:37-04:00,False,"1.01,3.02,9.01"
0001339970,aTYR PHARMA INC,0001564590-20-040004,2020-08-13,2020-08-13T16:05:39-04:00,True,"2.02,9.01"
0001339970,aTYR PHARMA INC,0001564590-20-030026,2020-06-22,2020-06-22T09:00:35-04:00,False,"7.01,9.01"
0001339970,aTYR PHARMA INC,0001564590-20-026385,2020-05-20,2020-05-20T16:19:16-04:00,True,"8.01,9.01"
0001339970,aTYR PHARMA INC,0001564590-20-025993,2020-05-18,2020-05-18T16:00:41-04:00,True,"7.01,9.01"
0001339970,aTYR PHARMA INC,0001564590-20-024718,2020-05-12,2020-05-12T17:00:18-04:00,True,"2.02,9.01"
0001339970,aTYR PHARMA INC,0001564590-20-023612,2020-05-08,2020-05-08T16:42:10-04:00,True,"5.02,5.07,9.01"
0001339970,aTYR PHARMA INC,0001564590-20-017579,2020-04-21,2020-04-21T08:35:18-04:00,False,"8.01,9.01"
0001339970,aTYR PHARMA INC,0001564590-20-013193,2020-03-26,2020-03-26T16:06:04-04:00,True,"2.02,9.01"
0001339970,aTYR PHARMA INC,0001564590-20-007842,2020-02-28,2020-02-28T17:16:35-05:00,True,5.02
0001339970,aTYR PHARMA INC,0001564590-20-000247,2020-01-06,2020-01-06T09:05:26-05:00,False,"1.01,9.01"
0001339970,aTYR PHARMA INC,0001564590-19-045783,2019-12-12,2019-12-12T08:10:16-05:00,False,"8.01,9.01"
0001339970,aTYR PHARMA INC,0001564590-19-043514,2019-11-14,2019-11-14T16:05:22-05:00,True,"2.02,9.01"
0001339970,aTYR PHARMA INC,0001564590-19-032002,2019-08-14,2019-08-14T09:46:53-04:00,False,"2.02,9.01"
0001339970,aTYR PHARMA INC,0001564590-19-024170,2019-07-01,2019-07-01T09:00:42-04:00,False,"5.02,8.01,9.01"
0001339970,aTYR PHARMA INC,0001564590-19-024064,2019-06-28,2019-06-28T16:15:36-04:00,True,"3.03,5.03,8.01,9.01"
0001339970,aTYR PHARMA INC,0001564590-19-020089,2019-05-22,2019-05-21T20:45:10-04:00,True,"1.01,9.01"
0001339970,aTYR PHARMA INC,0001564590-19-019764,2019-05-20,2019-05-20T09:00:25-04:00,False,"7.01,9.01"
0001339970,aTYR PHARMA INC,0001564590-19-018835,2019-05-13,2019-05-13T16:15:20-04:00,True,"2.02,9.01"
0001339970,aTYR PHARMA INC,0001564590-19-018543,2019-05-10,2019-05-10T16:11:21-04:00,True,"5.02,5.07,9.01"
0001339970,aTYR PHARMA INC,0001564590-19-011319,2019-04-11,2019-04-11T08:30:46-04:00,False,"1.01,8.01,9.01"
0001339970,aTYR PHARMA INC,0001564590-19-009146,2019-03-25,2019-03-25T16:15:17-04:00,True,"2.02,9.01"
0001339970,aTYR PHARMA INC,0001564590-19-007103,2019-03-11,2019-03-11T09:00:28-04:00,False,"7.01,9.01"
0001339970,aTYR PHARMA INC,0001564590-19-004889,2019-02-27,2019-02-27T16:05:33-05:00,True,"7.01,9.01"
0001339970,aTYR PHARMA INC,0001564590-19-002427,2019-02-08,2019-02-08T16:05:22-05:00,True,3.01
0001262104,"Lite Strategy, Inc.",0001193125-25-335761,2025-12-30,2025-12-30T06:00:41-05:00,False,"5.02,9.01"
0001262104,"Lite Strategy, Inc.",0001193125-25-309593,2025-12-05,2025-12-05T16:00:24-05:00,True,"4.01,9.01"
0001262104,"Lite Strategy, Inc.",0001193125-25-286424,2025-11-18,2025-11-18T17:07:13-05:00,True,5.02
0001262104,"Lite Strategy, Inc.",0001193125-25-258474,2025-10-30,2025-10-30T16:00:27-04:00,True,"5.02,8.01,9.01"
0001262104,"Lite Strategy, Inc.",0001193125-25-203520,2025-09-15,2025-09-15T16:00:26-04:00,True,3.02
0001262104,"Lite Strategy, Inc.",0001262104-25-000009,2025-09-10,2025-09-10T09:00:27-04:00,False,"5.03,7.01,9.01"
0001262104,"Lite Strategy, Inc.",0000929638-25-003398,2025-09-04,2025-09-04T16:31:01-04:00,True,"1.01,2.03,9.01"
0001262104,"Lite Strategy, Inc.",0000950170-25-103990,2025-08-06,2025-08-06T16:05:34-04:00,True,5.02
0001262104,"Lite Strategy, Inc.",0000950170-25-102419,2025-08-05,2025-08-05T08:05:27-04:00,False,"7.01,8.01,9.01"
0001262104,"Lite Strategy, Inc.",0000950170-25-100341,2025-07-30,2025-07-30T16:40:42-04:00,True,3.02
0001262104,"Lite Strategy, Inc.",0001140361-25-026773,2025-07-22,2025-07-22T17:22:30-04:00,True,"1.01,1.02,3.02,5.02,8.01,9.01"
0001262104,"Lite Strategy, Inc.",0000950170-25-070298,2025-05-13,2025-05-13T16:05:16-04:00,True,"2.02,9.01"
0001262104,"Lite Strategy, Inc.",0000950170-25-035544,2025-03-07,2025-03-07T16:30:07-05:00,True,"5.02,9.01"
0001262104,"Lite Strategy, Inc.",0000950170-25-018820,2025-02-12,2025-02-12T16:05:08-05:00,True,"2.02,9.01"
0001262104,"Lite Strategy, Inc.",0000950170-25-011790,2025-01-31,2025-01-31T16:30:08-05:00,True,5.07
0001262104,"Lite Strategy, Inc.",0000950170-24-130593,2024-11-25,2024-11-25T16:30:07-05:00,True,5.08
0001262104,"Lite Strategy, Inc.",0000950170-24-127054,2024-11-14,2024-11-14T16:10:09-05:00,True,"2.02,9.01"
0001262104,"Lite Strategy, Inc.",0000950170-24-117406,2024-10-25,2024-10-25T16:05:08-04:00,True,"1.01,2.01,9.01"
0001262104,"Lite Strategy, Inc.",0000950170-24-108171,2024-09-19,2024-09-19T17:05:07-04:00,True,2.02
0001262104,"Lite Strategy, Inc.",0000950170-24-089939,2024-08-02,2024-08-02T16:05:09-04:00,True,"5.02,9.01"
0001262104,"Lite Strategy, Inc.",0000950170-24-087841,2024-07-30,2024-07-30T16:05:21-04:00,True,"7.01,9.01"
0001262104,"Lite Strategy, Inc.",0000950170-24-085347,2024-07-22,2024-07-22T17:25:09-04:00,True,"2.05,5.02,7.01,9.01"
0001262104,"Lite Strategy, Inc.",0000929638-24-002259,2024-06-25,2024-06-25T16:05:16-04:00,True,8.01
0001262104,"Lite Strategy, Inc.",0000950170-24-062739,2024-05-21,2024-05-21T13:00:22-04:00,False,"7.01,9.01"
0001262104,"Lite Strategy, Inc.",0000950170-24-056850,2024-05-09,2024-05-09T16:02:15-04:00,True,"2.02,9.01"
0001262104,"Lite Strategy, Inc.",0000950170-24-017875,2024-02-21,2024-02-21T16:00:17-05:00,True,"8.01,9.01"
0001262104,"Lite Strategy, Inc.",0000950170-24-014643,2024-02-13,2024-02-13T17:05:14-05:00,True,"2.02,9.01"
0001262104,"Lite Strategy, Inc.",0000950170-24-005013,2024-01-17,2024-01-17T16:00:08-05:00,True,5.02
0001262104,"Lite Strategy, Inc.",0000950170-23-073079,2023-12-26,2023-12-26T17:00:41-05:00,True,"4.01,9.01"
0001262104,"Lite Strategy, Inc.",0000950170-23-072612,2023-12-22,2023-12-22T16:00:10-05:00,True,"5.03,9.01"
0001262104,"Lite Strategy, Inc.",0000950170-23-071066,2023-12-18,2023-12-18T16:00:09-05:00,True,5.07
0001262104,"Lite Strategy, Inc.",0000950170-23-069381,2023-12-11,2023-12-11T16:00:09-05:00,True,"8.01,9.01"
0001262104,"Lite Strategy, Inc.",0000950170-23-062017,2023-11-09,2023-11-09T16:06:11-05:00,True,"2.02,9.01"
0001262104,"Lite Strategy, Inc.",0001193125-23-268167,2023-11-01,2023-11-01T16:01:55-04:00,True,"1.01,5.02,7.01,9.01"
0001262104,"Lite Strategy, Inc.",0001193125-23-249423,2023-10-03,2023-10-03T06:04:00-04:00,False,"1.01,3.03,5.03,7.01,9.01"
0001262104,"Lite Strategy, Inc.",0001193125-23-242526,2023-09-26,2023-09-26T16:31:01-04:00,True,"2.02,9.01"
0001262104,"Lite Strategy, Inc.",0001193125-23-196279,2023-07-27,2023-07-27T17:27:02-04:00,True,"5.02,9.01"
0001262104,"Lite Strategy, Inc.",0001193125-23-191945,2023-07-24,2023-07-24T09:16:29-04:00,False,"1.02,5.07,8.01,9.01"
0001262104,"Lite Strategy, Inc.",0001193125-23-189610,2023-07-19,2023-07-19T16:02:09-04:00,True,"1.02,8.01,9.01"
0001262104,"Lite Strategy, Inc.",0001193125-23-188930,2023-07-18,2023-07-18T17:20:27-04:00,True,"8.01,9.01"
0001262104,"Lite Strategy, Inc.",0001193125-23-188090,2023-07-17,2023-07-17T16:02:00-04:00,True,"8.01,9.01"
0001262104,"Lite Strategy, Inc.",0001193125-23-186570,2023-07-13,2023-07-13T16:15:59-04:00,True,"8.01,9.01"
0001262104,"Lite Strategy, Inc.",0001193125-23-183853,2023-07-07,2023-07-07T16:51:30-04:00,True,"8.01,9.01"
0001262104,"Lite Strategy, Inc.",0001193125-23-182031,2023-07-05,2023-07-05T17:07:06-04:00,True,"8.01,9.01"
0001262104,"Lite Strategy, Inc.",0001193125-23-178569,2023-06-29,2023-06-29T16:02:04-04:00,True,"8.01,9.01"
0001262104,"Lite Strategy, Inc.",0001193125-23-176628,2023-06-28,2023-06-28T06:07:29-04:00,False,"8.01,9.01"
0001262104,"Lite Strategy, Inc.",0001193125-23-169500,2023-06-20,2023-06-20T06:08:07-04:00,False,"7.01,9.01"
0001262104,"Lite Strategy, Inc.",0001193125-23-166013,2023-06-13,2023-06-13T16:01:54-04:00,True,"5.02,9.01"
0001262104,"Lite Strategy, Inc.",0001193125-23-159435,2023-06-02,2023-06-02T08:15:59-04:00,False,"5.02,9.01"
0001262104,"Lite Strategy, Inc.",0001193125-23-158451,2023-06-01,2023-06-01T08:16:51-04:00,False,"8.01,9.01"
0001262104,"Lite Strategy, Inc.",0001193125-23-156923,2023-05-31,2023-05-30T21:00:58-04:00,True,"8.01,9.01"
0001262104,"Lite Strategy, Inc.",0001193125-23-142119,2023-05-11,2023-05-11T16:46:53-04:00,True,"2.02,9.01"
0001262104,"Lite Strategy, Inc.",0001193125-23-102213,2023-04-14,2023-04-14T16:49:02-04:00,True,"3.03,5.03,8.01,9.01"
0001262104,"Lite Strategy, Inc.",0001193125-23-068392,2023-03-13,2023-03-13T06:05:30-04:00,False,7.01
0001262104,"Lite Strategy, Inc.",0001193125-23-046815,2023-02-23,2023-02-23T17:25:46-05:00,True,"1.01,5.02,5.03,7.01,9.01"
0001262104,"Lite Strategy, Inc.",0001193125-23-030087,2023-02-09,2023-02-09T16:21:06-05:00,True,"2.02,9.01"
0001262104,"Lite Strategy, Inc.",0001193125-23-003583,2023-01-06,2023-01-06T16:25:03-05:00,True,5.07
0001262104,"Lite Strategy, Inc.",0001193125-22-301019,2022-12-08,2022-12-08T16:04:13-05:00,True,"5.07,8.01,9.01"
0001262104,"Lite Strategy, Inc.",0001193125-22-284835,2022-11-14,2022-11-14T17:25:51-05:00,True,"2.02,9.01"
0001262104,"Lite Strategy, Inc.",0001193125-22-259691,2022-10-07,2022-10-07T17:17:58-04:00,True,5.02
0001262104,"Lite Strategy, Inc.",0001193125-22-245651,2022-09-15,2022-09-15T16:30:32-04:00,True,5.02
0001262104,"Lite Strategy, Inc.",0001193125-22-189565,2022-07-07,2022-07-07T17:23:02-04:00,True,"5.02,9.01"
0001262104,"Lite Strategy, Inc.",0001193125-22-157519,2022-05-23,2022-05-23T16:32:56-04:00,True,"2.02,9.01"
0001262104,"Lite Strategy, Inc.",0001193125-22-150171,2022-05-13,2022-05-13T16:33:42-04:00,True,"3.01,4.02"
0001262104,"Lite Strategy, Inc.",0001193125-22-084277,2022-03-25,2022-03-24T21:56:05-04:00,True,"8.01,9.01"
0001262104,"Lite Strategy, Inc.",0001193125-21-366182,2021-12-23,2021-12-23T16:06:54-05:00,True,"5.02,9.01"
0001262104,"Lite Strategy, Inc.",0001193125-21-361231,2021-12-17,2021-12-17T16:45:04-05:00,True,"5.03,5.07,9.01"
0001262104,"Lite Strategy, Inc.",0001193125-21-349142,2021-12-06,2021-12-06T17:22:02-05:00,True,"8.01,9.01"
0001262104,"Lite Strategy, Inc.",0001193125-21-342891,2021-11-30,2021-11-30T07:13:55-05:00,False,"8.01,9.01"
0001262104,"Lite Strategy, Inc.",0001193125-21-337594,2021-11-23,2021-11-23T08:14:04-05:00,False,"5.02,9.01"
0001262104,"Lite Strategy, Inc.",0001193125-21-237802,2021-08-05,2021-08-05T16:37:11-04:00,True,"5.02,9.01"
0001262104,"Lite Strategy, Inc.",0001193125-21-189193,2021-06-14,2021-06-11T19:28:07-04:00,True,"8.01,9.01"
0001262104,"Lite Strategy, Inc.",0001193125-21-144939,2021-04-30,2021-04-30T16:01:56-04:00,True,"5.02,8.01,9.01"
0001262104,"Lite Strategy, Inc.",0001193125-21-114670,2021-04-13,2021-04-13T16:04:10-04:00,True,"2.02,8.01,9.01"
0001262104,"Lite Strategy, Inc.",0001193125-20-320152,2020-12-17,2020-12-17T17:04:13-05:00,True,"5.02,5.07,9.01"
0001262104,"Lite Strategy, Inc.",0001193125-20-290299,2020-11-10,2020-11-10T17:11:29-05:00,True,"8.01,9.01"
0001262104,"Lite Strategy, Inc.",0001193125-20-185881,2020-07-02,2020-07-02T07:31:59-04:00,False,"8.01,9.01"
0001262104,"Lite Strategy, Inc.",0001193125-20-106585,2020-04-14,2020-04-14T13:26:58-04:00,False,"5.02,8.01,9.01"
0001262104,"Lite Strategy, Inc.",0001193125-20-105808,2020-04-14,2020-04-14T07:31:04-04:00,False,"1.01,1.02,8.01,9.01"
0001262104,"Lite Strategy, Inc.",0001193125-20-080639,2020-03-20,2020-03-20T16:05:35-04:00,True,"5.03,9.01"
0001262104,"Lite Strategy, Inc.",0001193125-19-316554,2019-12-18,2019-12-17T21:32:33-05:00,True,"8.01,9.01"
0001262104,"Lite Strategy, Inc.",0001193125-19-308280,2019-12-06,2019-12-06T16:17:56-05:00,True,5.07
0001262104,"Lite Strategy, Inc.",0001193125-19-189160,2019-07-03,2019-07-03T15:00:32-04:00,False,"5.02,8.01,9.01"
0001262104,"Lite Strategy, Inc.",0001193125-19-164088,2019-06-03,2019-06-03T16:06:03-04:00,True,"8.01,9.01"
0001534133,"CalciMedica, Inc.",0001193125-25-275888,2025-11-12,2025-11-12T07:15:30-05:00,False,"2.02,9.01"
0001534133,"CalciMedica, Inc.",0001193125-25-269526,2025-11-06,2025-11-06T16:11:13-05:00,True,"8.01,9.01"
0001534133,"CalciMedica, Inc.",0000950170-25-106918,2025-08-12,2025-08-12T07:30:28-04:00,False,"2.02,9.01"
0001534133,"CalciMedica, Inc.",0001193125-25-151234,2025-06-27,2025-06-27T16:01:25-04:00,True,"5.02,5.07,9.01"
0001534133,"CalciMedica, Inc.",0001193125-25-136297,2025-06-06,2025-06-06T07:00:21-04:00,False,"4.01,9.01"
0001534133,"CalciMedica, Inc.",0000950170-25-070910,2025-05-14,2025-05-14T07:30:09-04:00,False,"2.02,9.01"
0001534133,"CalciMedica, Inc.",0000950170-25-045729,2025-03-27,2025-03-27T07:30:09-04:00,False,"2.02,9.01"
0001534133,"CalciMedica, Inc.",0001193125-25-046225,2025-03-05,2025-03-05T07:08:25-05:00,False,"1.01,2.03,3.02,8.01,9.01"
0001534133,"CalciMedica, Inc.",0001193125-25-044830,2025-03-04,2025-03-04T07:05:24-05:00,False,"7.01,8.01,9.01"
0001534133,"CalciMedica, Inc.",0001193125-25-005654,2025-01-14,2025-01-14T07:05:46-05:00,False,5.02
0001534133,"CalciMedica, Inc.",0001193125-24-283105,2024-12-20,2024-12-20T16:06:00-05:00,True,"8.01,9.01"
0001534133,"CalciMedica, Inc.",0000950170-24-125933,2024-11-13,2024-11-13T07:15:08-05:00,False,"2.02,9.01"
0001534133,"CalciMedica, Inc.",0001193125-24-253754,2024-11-08,2024-11-08T08:46:28-05:00,False,5.02
0001534133,"CalciMedica, Inc.",0001193125-24-248761,2024-10-31,2024-10-31T16:48:00-04:00,True,"1.01,8.01,9.01"
0001534133,"CalciMedica, Inc.",0001193125-24-247643,2024-10-30,2024-10-30T16:56:52-04:00,True,"2.02,8.01,9.01"
0001534133,"CalciMedica, Inc.",0001193125-24-247004,2024-10-30,2024-10-30T07:24:04-04:00,False,"7.01,8.01,9.01"
0001534133,"CalciMedica, Inc.",0001193125-24-207754,2024-08-27,2024-08-27T16:05:32-04:00,True,"5.02,5.07,9.01"
0001534133,"CalciMedica, Inc.",0000950170-24-095450,2024-08-12,2024-08-12T16:15:08-04:00,True,"2.02,9.01"
0001534133,"CalciMedica, Inc.",0001193125-24-169805,2024-06-27,2024-06-27T08:45:55-04:00,False,"7.01,8.01,9.01"
0001534133,"CalciMedica, Inc.",0000950170-24-058730,2024-05-13,2024-05-13T16:39:24-04:00,True,"2.02,9.01"
0001534133,"CalciMedica, Inc.",0001193125-24-092036,2024-04-10,2024-04-10T17:12:30-04:00,True,"4.01,9.01"
0001534133,"CalciMedica, Inc.",0001193125-24-081584,2024-03-29,2024-03-29T08:35:33-04:00,False,"8.01,9.01"
0001534133,"CalciMedica, Inc.",0000950170-24-037609,2024-03-28,2024-03-28T07:15:12-04:00,False,"2.02,9.01"
0001534133,"CalciMedica, Inc.",0001193125-24-033981,2024-02-13,2024-02-13T17:30:00-05:00,True,"7.01,8.01,9.01"
0001534133,"CalciMedica, Inc.",0001193125-24-011738,2024-01-22,2024-01-22T08:42:01-05:00,False,"1.01,2.02,3.02,7.01,8.01,9.01"
0001534133,"CalciMedica, Inc.",0000950170-23-061514,2023-11-09,2023-11-09T07:05:34-05:00,False,"2.02,9.01"
0001534133,"CalciMedica, Inc.",0001193125-23-268948,2023-11-02,2023-11-02T09:26:00-04:00,False,"2.02,8.01,9.01"
0001534133,"CalciMedica, Inc.",0001193125-23-210794,2023-08-11,2023-08-11T16:28:30-04:00,True,"8.01,9.01"
0001534133,"CalciMedica, Inc.",0001193125-23-209160,2023-08-10,2023-08-10T17:02:57-04:00,True,"2.02,5.07,9.01"
0001534133,"CalciMedica, Inc.",0001193125-23-176143,2023-06-27,2023-06-27T16:06:02-04:00,True,5.08
0001534133,"CalciMedica, Inc.",0001193125-23-167330,2023-06-15,2023-06-15T06:15:33-04:00,False,"7.01,9.01"
0001534133,"CalciMedica, Inc.",0001193125-23-165409,2023-06-12,2023-06-12T17:02:53-04:00,True,"7.01,9.01"
0001534133,"CalciMedica, Inc.",0001193125-23-144226,2023-05-15,2023-05-15T08:14:57-04:00,False,"2.02,9.01"
0001534133,"CalciMedica, Inc.",0001193125-23-143456,2023-05-12,2023-05-12T16:03:00-04:00,True,4.02
0001534133,"CalciMedica, Inc.",0001193125-23-137097,2023-05-05,2023-05-05T16:09:11-04:00,True,"3.01,8.01"
0001534133,"CalciMedica, Inc.",0001193125-23-076714,2023-03-22,2023-03-22T16:18:04-04:00,True,"2.01,3.01,3.02,3.03,5.01,5.02,5.03,8.01,9.01"
0001534133,"CalciMedica, Inc.",0001193125-23-071452,2023-03-15,2023-03-15T17:03:53-04:00,True,"5.07,8.01"
0001534133,"CalciMedica, Inc.",0001193125-23-059999,2023-03-03,2023-03-03T16:04:13-05:00,True,"5.02,8.01"
0001534133,"CalciMedica, Inc.",0001193125-23-041092,2023-02-16,2023-02-16T16:23:57-05:00,True,"1.01,9.01"
0001534133,"CalciMedica, Inc.",0001193125-23-030003,2023-02-09,2023-02-09T16:06:02-05:00,True,"5.02,9.01"
0001534133,"CalciMedica, Inc.",0001193125-22-313722,2022-12-28,2022-12-28T16:02:37-05:00,True,3.01
0001534133,"CalciMedica, Inc.",0001193125-22-290485,2022-11-22,2022-11-22T07:51:03-05:00,False,"8.01,9.01"
0001534133,"CalciMedica, Inc.",0001193125-22-290244,2022-11-22,2022-11-21T21:49:03-05:00,True,"1.01,8.01,9.01"
0001534133,"CalciMedica, Inc.",0001193125-22-282783,2022-11-10,2022-11-10T17:12:00-05:00,True,"2.02,9.01"
0001534133,"CalciMedica, Inc.",0001193125-22-226891,2022-08-23,2022-08-23T06:10:35-04:00,False,"2.05,2.06"
0001534133,"CalciMedica, Inc.",0001564590-22-029131,2022-08-11,2022-08-11T16:21:00-04:00,True,"2.02,9.01"
0001534133,"CalciMedica, Inc.",0001193125-22-177682,2022-06-21,2022-06-21T16:31:04-04:00,True,3.01
0001534133,"CalciMedica, Inc.",0001193125-22-167298,2022-06-03,2022-06-03T16:02:41-04:00,True,5.07
0001534133,"CalciMedica, Inc.",0001564590-22-019256,2022-05-10,2022-05-10T16:00:38-04:00,True,"2.02,9.01"
0001534133,"CalciMedica, Inc.",0001564590-22-014650,2022-04-18,2022-04-18T16:48:17-04:00,True,"5.02,7.01,9.01"
0001534133,"CalciMedica, Inc.",0001564590-22-009674,2022-03-10,2022-03-10T16:33:31-05:00,True,"2.02,9.01"
0001534133,"CalciMedica, Inc.",0001564590-21-056399,2021-11-12,2021-11-12T06:21:23-05:00,False,"2.02,9.01"
0001534133,"CalciMedica, Inc.",0001564590-21-043495,2021-08-11,2021-08-11T16:51:01-04:00,True,"2.02,9.01"
0001534133,"CalciMedica, Inc.",0001564590-21-031782,2021-06-04,2021-06-04T16:13:04-04:00,True,5.07
0001534133,"CalciMedica, Inc.",0001564590-21-026971,2021-05-12,2021-05-12T16:00:32-04:00,True,"2.02,9.01"
0001534133,"CalciMedica, Inc.",0001564590-21-011230,2021-03-05,2021-03-05T15:20:06-05:00,False,"2.02,9.01"
0001534133,"CalciMedica, Inc.",0001564590-20-053600,2020-11-12,2020-11-12T16:24:34-05:00,True,"2.02,9.01"
0001074871,"Modular Medical, Inc.",0001213900-25-126825,2025-12-31,2025-12-31T08:47:40-05:00,False,"3.01,7.01,9.01"
0001074871,"Modular Medical, Inc.",0001213900-25-120759,2025-12-11,2025-12-11T17:00:24-05:00,True,"1.01,8.01,9.01"
0001074871,"Modular Medical, Inc.",0001213900-25-090336,2025-09-23,2025-09-23T08:30:42-04:00,False,"1.01,3.02,9.01"
0001074871,"Modular Medical, Inc.",0001213900-25-061072,2025-07-02,2025-07-02T17:00:27-04:00,True,3.01
0001074871,"Modular Medical, Inc.",0001213900-25-048276,2025-05-28,2025-05-28T16:05:30-04:00,True,"5.02,8.01,9.01"
0001074871,"Modular Medical, Inc.",0001013762-25-002793,2025-03-26,2025-03-26T17:03:12-04:00,True,"1.01,3.02,9.01"
0001074871,"Modular Medical, Inc.",0001213900-25-019397,2025-03-03,2025-03-03T16:05:17-05:00,True,"5.07,9.01"
0001074871,"Modular Medical, Inc.",0001213900-24-102121,2024-11-25,2024-11-25T15:39:55-05:00,False,"1.01,8.01,9.01"
0001074871,"Modular Medical, Inc.",0001213900-24-075772,2024-09-05,2024-09-05T06:06:43-04:00,False,"8.01,9.01"
0001074871,"Modular Medical, Inc.",0001213900-24-072999,2024-08-27,2024-08-27T16:31:04-04:00,True,"5.02,9.01"
0001074871,"Modular Medical, Inc.",0001213900-24-031921,2024-04-10,2024-04-10T17:29:00-04:00,True,"5.02,9.01"
0001074871,"Modular Medical, Inc.",0001213900-24-014985,2024-02-16,2024-02-16T17:27:54-05:00,True,"1.01,8.01,9.01"
0001074871,"Modular Medical, Inc.",0001213900-24-014542,2024-02-15,2024-02-15T16:01:39-05:00,True,"3.03,5.03,5.07,8.01,9.01"
0001074871,"Modular Medical, Inc.",0001213900-24-004669,2024-01-19,2024-01-19T08:30:34-05:00,False,"8.01,9.01"
0001074871,"Modular Medical, Inc.",0001213900-23-098330,2023-12-26,2023-12-22T19:36:21-05:00,True,"7.01,9.01"
0001074871,"Modular Medical, Inc.",0001213900-23-089664,2023-11-22,2023-11-22T17:26:05-05:00,True,"1.01,9.01"
0001074871,"Modular Medical, Inc.",0001013762-23-002171,2023-10-05,2023-10-05T16:29:26-04:00,True,"3.02,5.02,9.01"
0001074871,"Modular Medical, Inc.",0001213900-23-055629,2023-07-10,2023-07-10T06:01:30-04:00,False,"3.02,5.02,9.01"
0001074871,"Modular Medical, Inc.",0001213900-23-040917,2023-05-17,2023-05-17T17:21:40-04:00,True,"1.01,8.01,9.01"
0001074871,"Modular Medical, Inc.",0001019056-23-000039,2023-01-19,2023-01-19T16:30:30-05:00,True,"5.07,9.01"
0001074871,"Modular Medical, Inc.",0001019056-23-000027,2023-01-11,2023-01-11T16:48:21-05:00,True,"1.01,9.01"
0001074871,"Modular Medical, Inc.",0001019056-22-000518,2022-07-26,2022-07-26T09:00:55-04:00,False,"3.02,5.02,8.01,9.01"
0001074871,"Modular Medical, Inc.",0001019056-22-000516,2022-07-25,2022-07-22T17:44:16-04:00,True,8.01
0001074871,"Modular Medical, Inc.",0001019056-22-000448,2022-06-13,2022-06-13T08:32:33-04:00,False,"7.01,9.01"
0001074871,"Modular Medical, Inc.",0001019056-22-000371,2022-05-05,2022-05-05T17:00:32-04:00,True,"1.01,3.02,8.01,9.01"
0001074871,"Modular Medical, Inc.",0001019056-22-000321,2022-04-08,2022-04-08T07:21:40-04:00,False,"8.01,9.01"
0001074871,"Modular Medical, Inc.",0001019056-22-000236,2022-02-25,2022-02-25T15:59:27-05:00,False,"5.02,8.01,9.01"
0001074871,"Modular Medical, Inc.",0001019056-22-000231,2022-02-25,2022-02-24T19:52:42-05:00,True,"7.01,9.01"
0001074871,"Modular Medical, Inc.",0001019056-22-000180,2022-02-14,2022-02-14T11:29:18-05:00,False,"1.01,8.01,9.01"
0001074871,"Modular Medical, Inc.",0001019056-22-000025,2022-01-04,2022-01-04T15:12:26-05:00,False,"5.02,8.01,9.01"
0001074871,"Modular Medical, Inc.",0001019056-21-000626,2021-12-03,2021-12-03T17:11:37-05:00,True,"5.02,8.01,9.01"
0001074871,"Modular Medical, Inc.",0001019056-21-000620,2021-12-01,2021-12-01T09:26:00-05:00,False,"5.03,8.01,9.01"
0001074871,"Modular Medical, Inc.",0001019056-21-000551,2021-10-29,2021-10-29T15:46:12-04:00,False,"1.01,2.03,3.02,9.01"
0001074871,"Modular Medical, Inc.",0001019056-21-000508,2021-09-30,2021-09-30T13:31:13-04:00,False,"7.01,9.01"
0001074871,"Modular Medical, Inc.",0001019056-21-000496,2021-09-17,2021-09-17T17:01:30-04:00,True,5.02
0001074871,"Modular Medical, Inc.",0001019056-21-000475,2021-08-16,2021-08-16T14:44:42-04:00,False,"5.02,8.01,9.01"
0001074871,"Modular Medical, Inc.",0001019056-21-000320,2021-05-24,2021-05-24T15:00:17-04:00,False,5.02
0001074871,"Modular Medical, Inc.",0001019056-21-000292,2021-05-12,2021-05-12T16:05:19-04:00,True,"1.01,2.03,3.02,9.01"
0001074871,"Modular Medical, Inc.",0001019056-21-000212,2021-03-25,2021-03-25T14:04:06-04:00,False,"8.01,9.01"
0001074871,"Modular Medical, Inc.",0001019056-20-000364,2020-05-27,2020-05-27T16:12:25-04:00,True,"5.02,9.01"
0001074871,"Modular Medical, Inc.",0001019056-20-000315,2020-05-12,2020-05-12T13:23:40-04:00,False,"1.01,2.03,9.01"
0001074871,"Modular Medical, Inc.",0001019056-20-000222,2020-03-09,2020-03-09T16:00:25-04:00,True,5.02
0001074871,"Modular Medical, Inc.",0001019056-20-000044,2020-01-29,2020-01-29T16:00:27-05:00,True,5.02
0001074871,"Modular Medical, Inc.",0001019056-20-000010,2020-01-07,2020-01-06T20:36:10-05:00,True,5.02
0001401914,"Dare Bioscience, Inc.",0001493152-25-025491,2025-12-01,2025-12-01T08:01:48-05:00,False,"1.02,7.01,9.01"
0001401914,"Dare Bioscience, Inc.",0001493152-25-022277,2025-11-13,2025-11-13T16:01:57-05:00,True,"2.02,9.01"
0001401914,"Dare Bioscience, Inc.",0001493152-25-012516,2025-09-02,2025-09-02T08:00:48-04:00,False,"7.01,9.01"
0001401914,"Dare Bioscience, Inc.",0001641172-25-023971,2025-08-14,2025-08-14T16:01:56-04:00,True,"2.02,9.01"
0001401914,"Dare Bioscience, Inc.",0001493152-25-011402,2025-07-25,2025-07-25T08:00:27-04:00,False,8.01
0001401914,"Dare Bioscience, Inc.",0001641172-25-020295,2025-07-21,2025-07-18T17:48:56-04:00,True,8.01
0001401914,"Dare Bioscience, Inc.",0001641172-25-018894,2025-07-14,2025-07-14T08:01:40-04:00,False,"7.01,8.01,9.01"
0001401914,"Dare Bioscience, Inc.",0001641172-25-018393,2025-07-09,2025-07-09T16:05:37-04:00,True,"5.02,5.07,9.01"
0001401914,"Dare Bioscience, Inc.",0001641172-25-016374,2025-06-25,2025-06-25T08:00:42-04:00,False,8.01
0001401914,"Dare Bioscience, Inc.",0001641172-25-014238,2025-06-09,2025-06-09T08:00:40-04:00,False,"7.01,9.01"
0001401914,"Dare Bioscience, Inc.",0001641172-25-009939,2025-05-13,2025-05-13T16:01:37-04:00,True,"2.02,9.01"
0001401914,"Dare Bioscience, Inc.",0001641172-25-003887,2025-04-11,2025-04-11T17:15:09-04:00,True,8.01
0001401914,"Dare Bioscience, Inc.",0001641172-25-001682,2025-03-31,2025-03-31T16:01:25-04:00,True,"2.02,9.01"
0001401914,"Dare Bioscience, Inc.",0001493152-25-006958,2025-02-14,2025-02-14T17:10:15-05:00,True,3.01
0001401914,"Dare Bioscience, Inc.",0001493152-25-005533,2025-02-10,2025-02-10T08:01:08-05:00,False,"7.01,9.01"
0001401914,"Dare Bioscience, Inc.",0001493152-25-001871,2025-01-13,2025-01-13T08:01:35-05:00,False,"7.01,9.01"
0001401914,"Dare Bioscience, Inc.",0001493152-24-050117,2024-12-16,2024-12-16T08:05:12-05:00,False,"7.01,8.01,9.01"
0001401914,"Dare Bioscience, Inc.",0001493152-24-045860,2024-11-14,2024-11-14T16:10:33-05:00,True,"2.02,9.01"
0001401914,"Dare Bioscience, Inc.",0001493152-24-042455,2024-10-25,2024-10-25T08:01:13-04:00,False,"7.01,9.01"
0001401914,"Dare Bioscience, Inc.",0001493152-24-042193,2024-10-23,2024-10-23T12:31:39-04:00,False,"1.01,7.01,9.01"
0001401914,"Dare Bioscience, Inc.",0001493152-24-041796,2024-10-21,2024-10-21T17:00:35-04:00,True,"1.01,3.02,7.01,9.01"
0001401914,"Dare Bioscience, Inc.",0001493152-24-031252,2024-08-12,2024-08-12T16:01:31-04:00,True,"2.02,9.01"
0001401914,"Dare Bioscience, Inc.",0001493152-24-028443,2024-07-19,2024-07-19T08:05:26-04:00,False,"7.01,8.01,9.01"
0001401914,"Dare Bioscience, Inc.",0001493152-24-025435,2024-06-27,2024-06-27T16:15:21-04:00,True,"3.03,5.03,7.01,8.01,9.01"
0001401914,"Dare Bioscience, Inc.",0001493152-24-023097,2024-06-07,2024-06-07T16:05:32-04:00,True,5.07
0001401914,"Dare Bioscience, Inc.",0001493152-24-019087,2024-05-14,2024-05-14T08:05:24-04:00,False,"2.02,9.01"
0001401914,"Dare Bioscience, Inc.",0001493152-24-017147,2024-04-30,2024-04-30T07:45:36-04:00,False,"1.01,2.01,2.03,7.01,9.01"
0001401914,"Dare Bioscience, Inc.",0001493152-24-011615,2024-03-28,2024-03-28T08:05:19-04:00,False,"2.02,9.01"
0001401914,"Dare Bioscience, Inc.",0001493152-24-003984,2024-01-26,2024-01-26T17:15:12-05:00,True,"5.02,7.01,9.01"
0001401914,"Dare Bioscience, Inc.",0001493152-24-003071,2024-01-19,2024-01-19T16:30:23-05:00,True,3.01
0001401914,"Dare Bioscience, Inc.",0001493152-24-001663,2024-01-08,2024-01-08T08:00:38-05:00,False,"7.01,9.01"
0001401914,"Dare Bioscience, Inc.",0001493152-23-046056,2023-12-26,2023-12-26T08:05:34-05:00,False,"1.01,2.03,3.02,7.01,9.01"
0001401914,"Dare Bioscience, Inc.",0001493152-23-045515,2023-12-20,2023-12-20T08:05:38-05:00,False,"7.01,8.01,9.01"
0001401914,"Dare Bioscience, Inc.",0001493152-23-040112,2023-11-09,2023-11-09T17:15:11-05:00,True,"4.01,9.01"
0001401914,"Dare Bioscience, Inc.",0001493152-23-039997,2023-11-09,2023-11-09T08:05:21-05:00,False,"2.02,9.01"
0001401914,"Dare Bioscience, Inc.",0001493152-23-038952,2023-11-01,2023-11-01T08:05:35-04:00,False,"7.01,8.01,9.01"
0001401914,"Dare Bioscience, Inc.",0001493152-23-037290,2023-10-16,2023-10-16T08:15:35-04:00,False,"7.01,8.01,9.01"
0001401914,"Dare Bioscience, Inc.",0001493152-23-032197,2023-09-11,2023-09-11T08:15:50-04:00,False,"7.01,9.01"
0001401914,"Dare Bioscience, Inc.",0001493152-23-030659,2023-08-30,2023-08-30T16:05:19-04:00,True,"1.01,8.01,9.01"
0001401914,"Dare Bioscience, Inc.",0001493152-23-027449,2023-08-10,2023-08-10T08:05:24-04:00,False,"2.02,4.01,9.01"
0001401914,"Dare Bioscience, Inc.",0001401914-23-000042,2023-07-21,2023-07-21T16:01:36-04:00,True,3.01
0001401914,"Dare Bioscience, Inc.",0001493152-23-023364,2023-07-05,2023-07-05T08:05:17-04:00,False,"1.01,7.01,8.01,9.01"
0001401914,"Dare Bioscience, Inc.",0001493152-23-022075,2023-06-22,2023-06-22T08:00:11-04:00,False,5.07
0001401914,"Dare Bioscience, Inc.",0001493152-23-020081,2023-06-05,2023-06-05T08:05:32-04:00,False,"7.01,8.01,9.01"
0001401914,"Dare Bioscience, Inc.",0001493152-23-016287,2023-05-11,2023-05-11T08:10:19-04:00,False,"2.02,9.01"
0001401914,"Dare Bioscience, Inc.",0001493152-23-010311,2023-03-31,2023-03-31T16:22:55-04:00,True,"1.01,9.01"
0001401914,"Dare Bioscience, Inc.",0001493152-23-009600,2023-03-30,2023-03-30T08:05:26-04:00,False,"2.02,9.01"
0001401914,"Dare Bioscience, Inc.",0001493152-23-007352,2023-03-13,2023-03-13T08:20:35-04:00,False,"8.01,9.01"
0001401914,"Dare Bioscience, Inc.",0001493152-23-003634,2023-02-06,2023-02-06T08:00:43-05:00,False,"8.01,9.01"
0001401914,"Dare Bioscience, Inc.",0001493152-23-002809,2023-01-27,2023-01-27T17:15:35-05:00,True,"5.03,9.01"
0001401914,"Dare Bioscience, Inc.",0001493152-23-002389,2023-01-25,2023-01-25T08:00:26-05:00,False,8.01
0001401914,"Dare Bioscience, Inc.",0001493152-23-000904,2023-01-09,2023-01-09T08:05:44-05:00,False,"7.01,8.01,9.01"
0001401914,"Dare Bioscience, Inc.",0001493152-22-035781,2022-12-16,2022-12-16T17:10:14-05:00,True,3.01
0001401914,"Dare Bioscience, Inc.",0001493152-22-035118,2022-12-12,2022-12-12T08:05:18-05:00,False,"7.01,8.01,9.01"
0001401914,"Dare Bioscience, Inc.",0001493152-22-034410,2022-12-05,2022-12-05T07:45:20-05:00,False,8.01
0001401914,"Dare Bioscience, Inc.",0001493152-22-031629,2022-11-14,2022-11-14T08:05:35-05:00,False,"7.01,8.01,9.01"
0001401914,"Dare Bioscience, Inc.",0001401914-22-000085,2022-11-10,2022-11-09T17:41:17-05:00,True,"2.02,9.01"
0001401914,"Dare Bioscience, Inc.",0001493152-22-030305,2022-11-03,2022-11-03T09:15:44-04:00,False,"7.01,9.01"
0001401914,"Dare Bioscience, Inc.",0001493152-22-028519,2022-10-17,2022-10-17T08:05:49-04:00,False,"7.01,8.01,9.01"
0001401914,"Dare Bioscience, Inc.",0001493152-22-028049,2022-10-11,2022-10-11T09:00:17-04:00,False,"7.01,8.01,9.01"
0001401914,"Dare Bioscience, Inc.",0001401914-22-000079,2022-09-12,2022-09-09T17:44:14-04:00,True,"8.01,9.01"
0001401914,"Dare Bioscience, Inc.",0001493152-22-024228,2022-08-29,2022-08-29T08:05:32-04:00,False,"7.01,8.01,9.01"
0001401914,"Dare Bioscience, Inc.",0001493152-22-021699,2022-08-09,2022-08-09T08:05:34-04:00,False,"2.02,9.01"
0001401914,"Dare Bioscience, Inc.",0001493152-22-020205,2022-07-25,2022-07-25T09:00:54-04:00,False,"8.01,9.01"
0001401914,"Dare Bioscience, Inc.",0001493152-22-018820,2022-07-07,2022-07-07T17:00:35-04:00,True,8.01
0001401914,"Dare Bioscience, Inc.",0001493152-22-018170,2022-06-30,2022-06-30T08:05:27-04:00,False,"2.01,7.01,9.01"
0001401914,"Dare Bioscience, Inc.",0001493152-22-017652,2022-06-24,2022-06-24T08:05:38-04:00,False,"5.02,5.07,7.01,9.01"
0001401914,"Dare Bioscience, Inc.",0001401914-22-000054,2022-05-23,2022-05-20T17:37:03-04:00,True,"8.01,9.01"
0001401914,"Dare Bioscience, Inc.",0001401914-22-000046,2022-05-12,2022-05-11T17:37:43-04:00,True,"2.02,9.01"
0001401914,"Dare Bioscience, Inc.",0001401914-22-000024,2022-03-31,2022-03-31T08:05:27-04:00,False,"2.02,9.01"
0001401914,"Dare Bioscience, Inc.",0001401914-22-000022,2022-03-31,2022-03-31T07:28:54-04:00,False,"1.01,7.01,9.01"
0001401914,"Dare Bioscience, Inc.",0001401914-22-000015,2022-03-07,2022-03-04T17:40:25-05:00,True,"8.01,9.01"
0001401914,"Dare Bioscience, Inc.",0001401914-22-000012,2022-02-14,2022-02-11T17:40:49-05:00,True,"8.01,9.01"
0001401914,"Dare Bioscience, Inc.",0001401914-22-000003,2022-01-10,2022-01-07T17:38:12-05:00,True,"8.01,9.01"
0001401914,"Dare Bioscience, Inc.",0001401914-21-000144,2021-12-08,2021-12-08T16:05:09-05:00,True,"8.01,9.01"
0001401914,"Dare Bioscience, Inc.",0001401914-21-000140,2021-12-07,2021-12-07T16:16:55-05:00,True,8.01
0001401914,"Dare Bioscience, Inc.",0001401914-21-000131,2021-10-13,2021-10-13T16:03:11-04:00,True,"1.01,9.01"
0001401914,"Dare Bioscience, Inc.",0001401914-21-000125,2021-09-30,2021-09-29T17:46:54-04:00,True,"8.01,9.01"
0001401914,"Dare Bioscience, Inc.",0001401914-21-000122,2021-09-09,2021-09-08T18:23:40-04:00,True,"8.01,9.01"
0001401914,"Dare Bioscience, Inc.",0001401914-21-000114,2021-08-09,2021-08-09T08:07:49-04:00,False,"7.01,8.01,9.01"
0001401914,"Dare Bioscience, Inc.",0001401914-21-000112,2021-07-12,2021-07-09T17:34:03-04:00,True,"1.01,7.01,9.01"
0001401914,"Dare Bioscience, Inc.",0001401914-21-000109,2021-07-07,2021-07-06T18:11:32-04:00,True,1.01
0001401914,"Dare Bioscience, Inc.",0001401914-21-000106,2021-06-30,2021-06-29T17:41:18-04:00,True,"8.01,9.01"
0001401914,"Dare Bioscience, Inc.",0001401914-21-000088,2021-06-24,2021-06-24T16:04:28-04:00,True,5.07
0001401914,"Dare Bioscience, Inc.",0001401914-21-000085,2021-05-17,2021-05-17T16:10:39-04:00,True,"8.01,9.01"
0001401914,"Dare Bioscience, Inc.",0001401914-21-000064,2021-04-19,2021-04-19T08:54:50-04:00,False,"5.02,7.01,9.01"
0001401914,"Dare Bioscience, Inc.",0001401914-21-000061,2021-04-08,2021-04-08T16:03:52-04:00,True,"8.01,9.01"
0001401914,"Dare Bioscience, Inc.",0001401914-21-000055,2021-04-08,2021-04-07T18:01:19-04:00,True,"1.01,9.01"
0001401914,"Dare Bioscience, Inc.",0001401914-21-000030,2021-03-08,2021-03-08T16:45:25-05:00,True,"8.01,9.01"
0001401914,"Dare Bioscience, Inc.",0001401914-21-000026,2021-02-16,2021-02-12T17:33:38-05:00,True,"8.01,9.01"
0001401914,"Dare Bioscience, Inc.",0001401914-21-000021,2021-02-01,2021-02-01T16:08:02-05:00,True,5.02
0001401914,"Dare Bioscience, Inc.",0001401914-21-000017,2021-01-11,2021-01-11T07:45:40-05:00,False,"8.01,9.01"
0001401914,"Dare Bioscience, Inc.",0001401914-20-000126,2020-12-09,2020-12-09T16:03:07-05:00,True,"8.01,9.01"
0001401914,"Dare Bioscience, Inc.",0001401914-20-000124,2020-12-07,2020-12-07T08:09:06-05:00,False,"7.01,8.01,9.01"
0001401914,"Dare Bioscience, Inc.",0001401914-20-000122,2020-11-18,2020-11-18T16:04:16-05:00,True,"8.01,9.01"
0001401914,"Dare Bioscience, Inc.",0001401914-20-000114,2020-10-06,2020-10-06T16:06:09-04:00,True,"8.01,9.01"
0001401914,"Dare Bioscience, Inc.",0001401914-20-000109,2020-09-09,2020-09-09T16:03:44-04:00,True,"8.01,9.01"
0001401914,"Dare Bioscience, Inc.",0001401914-20-000085,2020-06-26,2020-06-26T16:22:52-04:00,True,5.07
0001401914,"Dare Bioscience, Inc.",0001401914-20-000081,2020-06-08,2020-06-05T17:52:37-04:00,True,"8.01,9.01"
0001401914,"Dare Bioscience, Inc.",0001401914-20-000077,2020-06-03,2020-06-03T16:07:54-04:00,True,"5.03,9.01"
0001401914,"Dare Bioscience, Inc.",0001401914-20-000054,2020-04-27,2020-04-24T18:36:04-04:00,True,"8.01,9.01"
0001401914,"Dare Bioscience, Inc.",0001401914-20-000052,2020-04-23,2020-04-23T16:04:02-04:00,True,"1.01,3.02,9.01"
0001401914,"Dare Bioscience, Inc.",0001401914-20-000038,2020-03-16,2020-03-16T16:10:36-04:00,True,"8.01,9.01"
0001401914,"Dare Bioscience, Inc.",0001401914-20-000022,2020-02-10,2020-02-10T16:03:11-05:00,True,"8.01,9.01"
0001401914,"Dare Bioscience, Inc.",0001401914-20-000020,2020-02-06,2020-02-06T08:52:49-05:00,False,"8.01,9.01"
0001401914,"Dare Bioscience, Inc.",0001401914-20-000018,2020-02-05,2020-02-04T18:08:33-05:00,True,8.01
0001401914,"Dare Bioscience, Inc.",0001401914-20-000012,2020-01-30,2020-01-30T08:54:36-05:00,False,"8.01,9.01"
0001401914,"Dare Bioscience, Inc.",0001401914-20-000007,2020-01-13,2020-01-13T07:17:59-05:00,False,"1.01,7.01,9.01"
0001401914,"Dare Bioscience, Inc.",0001401914-20-000003,2020-01-09,2020-01-08T17:39:53-05:00,True,"8.01,9.01"
0001401914,"Dare Bioscience, Inc.",0001401914-19-000109,2019-12-26,2019-12-26T16:09:35-05:00,True,3.01
0001401914,"Dare Bioscience, Inc.",0001401914-19-000102,2019-11-22,2019-11-22T16:05:25-05:00,True,3.01
0001401914,"Dare Bioscience, Inc.",0001401914-19-000097,2019-11-21,2019-11-21T09:08:56-05:00,False,"2.01,3.02,5.02,7.01,9.01"
0001401914,"Dare Bioscience, Inc.",0001401914-19-000088,2019-11-12,2019-11-12T07:34:31-05:00,False,"1.01,3.02,7.01,9.01"
0001401914,"Dare Bioscience, Inc.",0001401914-19-000086,2019-10-02,2019-10-02T16:04:28-04:00,True,"8.01,9.01"
0001401914,"Dare Bioscience, Inc.",0001401914-19-000084,2019-09-09,2019-09-06T17:59:45-04:00,True,"8.01,9.01"
0001401914,"Dare Bioscience, Inc.",0001401914-19-000080,2019-08-14,2019-08-14T16:02:55-04:00,True,"2.02,9.01"
0001401914,"Dare Bioscience, Inc.",0001401914-19-000074,2019-07-22,2019-07-22T17:15:14-04:00,True,"8.01,9.01"
0001401914,"Dare Bioscience, Inc.",0001401914-19-000071,2019-07-15,2019-07-15T16:04:02-04:00,True,5.02
0001401914,"Dare Bioscience, Inc.",0001628280-19-008388,2019-06-27,2019-06-27T09:00:38-04:00,False,3.01
0001401914,"Dare Bioscience, Inc.",0001401914-19-000068,2019-06-14,2019-06-14T16:15:29-04:00,True,5.07
0001401914,"Dare Bioscience, Inc.",0001401914-19-000058,2019-06-03,2019-06-03T16:06:32-04:00,True,"8.01,9.01"
0001401914,"Dare Bioscience, Inc.",0001401914-19-000050,2019-05-20,2019-05-20T16:20:06-04:00,True,"8.01,9.01"
0001401914,"Dare Bioscience, Inc.",0001401914-19-000047,2019-05-14,2019-05-14T16:03:43-04:00,True,"2.02,9.01"
0001401914,"Dare Bioscience, Inc.",0001401914-19-000034,2019-04-22,2019-04-22T16:03:17-04:00,True,8.01
0001401914,"Dare Bioscience, Inc.",0001401914-19-000032,2019-04-12,2019-04-12T16:05:33-04:00,True,8.01
0001401914,"Dare Bioscience, Inc.",0001401914-19-000029,2019-04-11,2019-04-11T16:25:38-04:00,True,8.01
0001401914,"Dare Bioscience, Inc.",0001401914-19-000023,2019-04-09,2019-04-09T08:50:06-04:00,False,"1.01,8.01,9.01"
0001401914,"Dare Bioscience, Inc.",0001401914-19-000017,2019-04-01,2019-04-01T16:47:25-04:00,True,"8.01,9.01"
0001401914,"Dare Bioscience, Inc.",0001401914-19-000008,2019-03-05,2019-03-05T08:45:39-05:00,False,"8.01,9.01"
0001401914,"Dare Bioscience, Inc.",0001401914-19-000006,2019-02-11,2019-02-11T16:09:20-05:00,True,"8.01,9.01"
0001401914,"Dare Bioscience, Inc.",0001401914-19-000003,2019-02-05,2019-02-05T11:04:10-05:00,False,"8.01,9.01"
0001401914,"Dare Bioscience, Inc.",0001564590-19-000281,2019-01-07,2019-01-07T08:00:55-05:00,False,"8.01,9.01"
0001411690,"Bionano Genomics, Inc.",0001411690-25-000092,2025-11-13,2025-11-13T16:04:07-05:00,True,"2.02,9.01"
0001411690,"Bionano Genomics, Inc.",0001140361-25-035286,2025-09-18,2025-09-17T18:02:26-04:00,True,"1.01,8.01,9.01"
0001411690,"Bionano Genomics, Inc.",0001411690-25-000082,2025-08-14,2025-08-14T16:04:18-04:00,True,"2.02,9.01"
0001411690,"Bionano Genomics, Inc.",0001411690-25-000073,2025-06-13,2025-06-13T16:24:27-04:00,True,"5.02,5.07"
0001411690,"Bionano Genomics, Inc.",0001411690-25-000045,2025-05-14,2025-05-14T16:09:51-04:00,True,"2.02,9.01"
0001411690,"Bionano Genomics, Inc.",0001411690-25-000036,2025-03-31,2025-03-31T16:03:50-04:00,True,"2.02,9.01"
0001411690,"Bionano Genomics, Inc.",0001140361-25-005427,2025-02-21,2025-02-21T16:20:40-05:00,True,"1.01,9.01"
0001411690,"Bionano Genomics, Inc.",0001140361-25-003762,2025-02-10,2025-02-10T17:16:12-05:00,True,1.02
0001411690,"Bionano Genomics, Inc.",0001411690-25-000008,2025-01-27,2025-01-27T16:05:39-05:00,True,"3.03,5.03,7.01,9.01"
0001411690,"Bionano Genomics, Inc.",0001411690-25-000005,2025-01-16,2025-01-16T16:36:40-05:00,True,5.07
0001411690,"Bionano Genomics, Inc.",0001411690-25-000003,2025-01-13,2025-01-13T16:11:06-05:00,True,"2.02,9.01"
0001411690,"Bionano Genomics, Inc.",0001140361-25-000296,2025-01-06,2025-01-06T07:10:36-05:00,False,"1.01,7.01,8.01,9.01"
0001411690,"Bionano Genomics, Inc.",0001140361-25-000132,2025-01-03,2025-01-03T08:30:17-05:00,False,"1.01,3.02,7.01,9.01"
0001411690,"Bionano Genomics, Inc.",0001411690-24-000066,2024-12-02,2024-12-02T16:54:52-05:00,True,5.07
0001411690,"Bionano Genomics, Inc.",0001411690-24-000060,2024-11-13,2024-11-13T16:03:33-05:00,True,"2.02,9.01"
0001411690,"Bionano Genomics, Inc.",0001140361-24-044715,2024-10-31,2024-10-31T08:50:00-04:00,False,"1.01,7.01,8.01,9.01"
0001411690,"Bionano Genomics, Inc.",0001140361-24-043244,2024-10-10,2024-10-10T08:10:14-04:00,False,"2.02,9.01"
0001411690,"Bionano Genomics, Inc.",0001140361-24-040508,2024-09-09,2024-09-09T08:00:18-04:00,False,"2.05,5.02,7.01,9.01"
0001411690,"Bionano Genomics, Inc.",0001411690-24-000046,2024-08-07,2024-08-07T16:14:22-04:00,True,"2.02,9.01"
0001411690,"Bionano Genomics, Inc.",0001411690-24-000044,2024-07-18,2024-07-18T16:17:58-04:00,True,3.01
0001411690,"Bionano Genomics, Inc.",0001140361-24-032559,2024-07-08,2024-07-08T06:16:32-04:00,False,"1.01,3.02,7.01,8.01,9.01"
0001411690,"Bionano Genomics, Inc.",0001411690-24-000040,2024-06-21,2024-06-21T16:01:44-04:00,True,5.07
0001411690,"Bionano Genomics, Inc.",0001140361-24-027553,2024-05-28,2024-05-28T08:15:32-04:00,False,"1.01,1.02,2.03,3.02,7.01,8.01,9.01"
0001411690,"Bionano Genomics, Inc.",0001411690-24-000020,2024-05-08,2024-05-08T16:02:28-04:00,True,"2.02,2.05,9.01"
0001411690,"Bionano Genomics, Inc.",0001140361-24-018645,2024-04-08,2024-04-08T16:56:24-04:00,True,"8.01,9.01"
0001411690,"Bionano Genomics, Inc.",0001140361-24-018181,2024-04-05,2024-04-05T09:29:33-04:00,False,"1.01,7.01,9.01"
0001411690,"Bionano Genomics, Inc.",0001411690-24-000004,2024-03-05,2024-03-05T16:23:48-05:00,True,"2.02,2.05,9.01"
0001411690,"Bionano Genomics, Inc.",0001140361-24-009930,2024-02-28,2024-02-28T08:16:10-05:00,False,"1.01,7.01,9.01"
0001411690,"Bionano Genomics, Inc.",0001140361-24-001200,2024-01-08,2024-01-08T08:10:41-05:00,False,"2.02,9.01"
0001411690,"Bionano Genomics, Inc.",0001140361-23-054553,2023-11-24,2023-11-24T13:05:25-05:00,False,9.01
0001411690,"Bionano Genomics, Inc.",0001411690-23-000080,2023-11-08,2023-11-08T16:02:28-05:00,True,"2.02,7.01,9.01"
0001411690,"Bionano Genomics, Inc.",0001140361-23-047688,2023-10-11,2023-10-11T08:17:53-04:00,False,"1.01,2.02,2.03,2.05,3.02,7.01,9.01"
0001411690,"Bionano Genomics, Inc.",0001140361-23-039417,2023-08-14,2023-08-14T08:10:43-04:00,False,"5.02,7.01,9.01"
0001411690,"Bionano Genomics, Inc.",0001411690-23-000067,2023-08-09,2023-08-09T16:06:24-04:00,True,"2.02,9.01"
0001411690,"Bionano Genomics, Inc.",0001140361-23-038095,2023-08-04,2023-08-04T16:37:30-04:00,True,"3.03,5.03,9.01"
0001411690,"Bionano Genomics, Inc.",0001140361-23-035093,2023-07-19,2023-07-18T21:13:06-04:00,True,9.01
0001411690,"Bionano Genomics, Inc.",0001140361-23-030262,2023-06-16,2023-06-16T16:15:37-04:00,True,5.07
0001411690,"Bionano Genomics, Inc.",0001140361-23-028021,2023-06-02,2023-06-02T16:05:38-04:00,True,3.01
0001411690,"Bionano Genomics, Inc.",0001411690-23-000022,2023-05-09,2023-05-09T16:04:01-04:00,True,"2.02,9.01"
0001411690,"Bionano Genomics, Inc.",0001140361-23-019943,2023-04-24,2023-04-24T17:20:24-04:00,True,"2.02,9.01"
0001411690,"Bionano Genomics, Inc.",0001140361-23-018454,2023-04-14,2023-04-14T16:05:19-04:00,True,"1.01,3.02,3.03,5.03,9.01"
0001411690,"Bionano Genomics, Inc.",0001140361-23-011289,2023-03-13,2023-03-13T07:30:40-04:00,False,8.01
0001411690,"Bionano Genomics, Inc.",0001411690-23-000008,2023-03-09,2023-03-09T16:03:05-05:00,True,"2.02,9.01"
0001411690,"Bionano Genomics, Inc.",0001140361-23-004345,2023-02-03,2023-02-03T08:30:28-05:00,False,"2.02,8.01"
0001411690,"Bionano Genomics, Inc.",0001140361-23-000651,2023-01-05,2023-01-05T16:15:25-05:00,True,"2.02,9.01"
0001411690,"Bionano Genomics, Inc.",0001140361-22-043729,2022-11-30,2022-11-30T16:20:56-05:00,True,2.01
0001411690,"Bionano Genomics, Inc.",0001140361-22-043393,2022-11-29,2022-11-29T08:00:32-05:00,False,"8.01,9.01"
0001411690,"Bionano Genomics, Inc.",0001140361-22-043313,2022-11-28,2022-11-28T17:02:16-05:00,True,"1.01,7.01,8.01,9.01"
0001411690,"Bionano Genomics, Inc.",0001140361-22-042327,2022-11-18,2022-11-18T16:45:32-05:00,True,5.02
0001411690,"Bionano Genomics, Inc.",0001411690-22-000028,2022-11-03,2022-11-03T16:04:59-04:00,True,"2.02,9.01"
0001411690,"Bionano Genomics, Inc.",0001411690-22-000020,2022-08-04,2022-08-04T16:03:01-04:00,True,"2.02,9.01"
0001411690,"Bionano Genomics, Inc.",0001140361-22-022621,2022-06-10,2022-06-10T16:51:49-04:00,True,5.07
0001411690,"Bionano Genomics, Inc.",0001411690-22-000012,2022-05-05,2022-05-05T16:01:02-04:00,True,"2.02,9.01"
0001411690,"Bionano Genomics, Inc.",0001411690-22-000006,2022-03-01,2022-03-01T16:04:47-05:00,True,"2.02,9.01"
0001411690,"Bionano Genomics, Inc.",0001140361-22-006392,2022-02-23,2022-02-23T16:15:32-05:00,True,5.02
0001411690,"Bionano Genomics, Inc.",0001140361-22-001415,2022-01-12,2022-01-12T08:30:17-05:00,False,"2.02,9.01"
0001411690,"Bionano Genomics, Inc.",0001140361-21-043432,2021-12-30,2021-12-30T16:56:00-05:00,True,1.01
0001411690,"Bionano Genomics, Inc.",0001140361-21-042925,2021-12-23,2021-12-23T16:05:24-05:00,True,5.02
0001411690,"Bionano Genomics, Inc.",0001411690-21-000029,2021-11-04,2021-11-04T16:05:05-04:00,True,"2.02,8.01,9.01"
0001411690,"Bionano Genomics, Inc.",0001140361-21-034888,2021-10-19,2021-10-19T16:05:55-04:00,True,"2.01,9.01"
0001411690,"Bionano Genomics, Inc.",0001140361-21-034291,2021-10-12,2021-10-12T08:05:44-04:00,False,"1.01,3.02,7.01,8.01,9.01"
0001411690,"Bionano Genomics, Inc.",0001411690-21-000022,2021-08-04,2021-08-04T16:02:39-04:00,True,"2.02,8.01,9.01"
0001411690,"Bionano Genomics, Inc.",0001140361-21-020659,2021-06-11,2021-06-11T16:39:45-04:00,True,5.07
0001411690,"Bionano Genomics, Inc.",0001140361-21-017479,2021-05-14,2021-05-14T17:26:50-04:00,True,1.02
0001411690,"Bionano Genomics, Inc.",0001411690-21-000012,2021-05-13,2021-05-13T16:01:07-04:00,True,"2.02,8.01,9.01"
0001411690,"Bionano Genomics, Inc.",0001140361-21-009777,2021-03-24,2021-03-24T16:11:37-04:00,True,"8.01,9.01"
0001411690,"Bionano Genomics, Inc.",0001411690-21-000002,2021-03-23,2021-03-23T16:04:46-04:00,True,"2.02,8.01,9.01"
0001411690,"Bionano Genomics, Inc.",0001140361-21-005487,2021-02-19,2021-02-19T16:05:43-05:00,True,1.01
0001411690,"Bionano Genomics, Inc.",0001140361-21-001667,2021-01-21,2021-01-21T06:06:21-05:00,False,"8.01,9.01"
0001411690,"Bionano Genomics, Inc.",0001140361-21-001495,2021-01-20,2021-01-19T17:59:42-05:00,True,"2.02,8.01"
0001411690,"Bionano Genomics, Inc.",0001140361-21-000749,2021-01-11,2021-01-11T08:37:55-05:00,False,"8.01,9.01"
0001411690,"Bionano Genomics, Inc.",0001140361-21-000504,2021-01-07,2021-01-07T16:41:03-05:00,True,"2.02,8.01,9.01"
0001411690,"Bionano Genomics, Inc.",0001140361-21-000003,2021-01-04,2021-01-04T06:03:16-05:00,False,8.01
0001411690,"Bionano Genomics, Inc.",0001411690-20-000020,2020-11-12,2020-11-12T16:31:49-05:00,True,"2.02,9.01"
0001411690,"Bionano Genomics, Inc.",0001140361-20-023071,2020-10-15,2020-10-15T17:26:48-04:00,True,"2.02,9.01"
0001411690,"Bionano Genomics, Inc.",0001140361-20-019673,2020-09-02,2020-09-02T17:12:53-04:00,True,5.07
0001411690,"Bionano Genomics, Inc.",0001140361-20-019070,2020-08-26,2020-08-26T08:05:59-04:00,False,"5.02,8.01,9.01"
0001411690,"Bionano Genomics, Inc.",0001140361-20-018910,2020-08-24,2020-08-24T07:35:16-04:00,False,"1.01,2.01,2.02,2.03,3.02,8.01,9.01"
0001411690,"Bionano Genomics, Inc.",0001140361-20-018395,2020-08-14,2020-08-14T06:28:59-04:00,False,"8.01,9.01"
0001411690,"Bionano Genomics, Inc.",0001411690-20-000015,2020-08-13,2020-08-13T16:04:46-04:00,True,"2.02,9.01"
0001411690,"Bionano Genomics, Inc.",0001140361-20-015357,2020-07-02,2020-07-02T16:05:43-04:00,True,5.07
0001411690,"Bionano Genomics, Inc.",0001140361-20-014330,2020-06-19,2020-06-19T16:30:31-04:00,True,5.02
0001411690,"Bionano Genomics, Inc.",0001411690-20-000010,2020-06-18,2020-06-18T16:02:36-04:00,True,"2.02,9.01"
0001411690,"Bionano Genomics, Inc.",0001140361-20-011663,2020-05-14,2020-05-14T17:28:20-04:00,True,"2.02,8.01,9.01"
0001411690,"Bionano Genomics, Inc.",0001140361-20-010645,2020-05-05,2020-05-04T19:47:10-04:00,True,"4.01,5.02,9.01"
0001411690,"Bionano Genomics, Inc.",0001140361-20-009707,2020-04-24,2020-04-24T16:35:20-04:00,True,3.01
0001411690,"Bionano Genomics, Inc.",0001140361-20-009285,2020-04-20,2020-04-20T16:22:46-04:00,True,"2.03,5.02"
0001411690,"Bionano Genomics, Inc.",0001140361-20-008106,2020-04-06,2020-04-06T16:00:35-04:00,True,8.01
0001411690,"Bionano Genomics, Inc.",0001411690-20-000003,2020-03-05,2020-03-05T16:00:11-05:00,True,"2.02,9.01"
0001411690,"Bionano Genomics, Inc.",0001140361-20-004556,2020-03-02,2020-03-02T17:14:56-05:00,True,"1.01,3.02,3.03,9.01"
0001411690,"Bionano Genomics, Inc.",0001140361-20-001848,2020-01-30,2020-01-30T16:05:16-05:00,True,8.01
0001411690,"Bionano Genomics, Inc.",0001140361-19-022075,2019-12-06,2019-12-06T16:16:44-05:00,True,5.02
0001411690,"Bionano Genomics, Inc.",0001140361-19-021647,2019-11-27,2019-11-27T17:00:57-05:00,True,5.02
0001411690,"Bionano Genomics, Inc.",0001411690-19-000014,2019-11-07,2019-11-07T16:02:04-05:00,True,"2.02,9.01"
0001411690,"Bionano Genomics, Inc.",0001140361-19-018941,2019-10-23,2019-10-23T16:56:59-04:00,True,8.01
0001411690,"Bionano Genomics, Inc.",0001140361-19-018567,2019-10-17,2019-10-17T09:13:18-04:00,False,"2.02,3.02"
0001411690,"Bionano Genomics, Inc.",0001140361-19-016942,2019-09-19,2019-09-19T06:04:17-04:00,False,8.01
0001411690,"Bionano Genomics, Inc.",0001411690-19-000007,2019-08-22,2019-08-22T16:47:50-04:00,True,"3.01,5.02"
0001411690,"Bionano Genomics, Inc.",0001628280-19-010446,2019-08-08,2019-08-08T16:01:26-04:00,True,"2.02,9.01"
0001411690,"Bionano Genomics, Inc.",0001193125-19-170196,2019-06-11,2019-06-11T16:13:30-04:00,True,"5.02,5.07"
0001411690,"Bionano Genomics, Inc.",0001628280-19-007214,2019-05-28,2019-05-24T19:00:59-04:00,True,2.03
0001411690,"Bionano Genomics, Inc.",0001628280-19-006444,2019-05-09,2019-05-09T16:18:54-04:00,True,"2.02,9.01"
0001411690,"Bionano Genomics, Inc.",0001193125-19-083584,2019-03-22,2019-03-22T16:30:32-04:00,True,1.02
0001411690,"Bionano Genomics, Inc.",0001193125-19-074842,2019-03-14,2019-03-14T16:25:35-04:00,True,"1.01,3.02,3.03,9.01"
0001411690,"Bionano Genomics, Inc.",0001628280-19-002957,2019-03-14,2019-03-14T16:04:17-04:00,True,"2.02,9.01"
0001411690,"Bionano Genomics, Inc.",0001193125-19-017154,2019-01-25,2019-01-25T16:32:35-05:00,True,"3.03,8.01"
0001372514,KIORA PHARMACEUTICALS INC,0001372514-25-000079,2025-11-07,2025-11-07T06:02:34-05:00,False,"2.02,9.01"
0001372514,KIORA PHARMACEUTICALS INC,0001372514-25-000068,2025-08-13,2025-08-12T18:00:51-04:00,True,7.01
0001372514,KIORA PHARMACEUTICALS INC,0001372514-25-000064,2025-08-08,2025-08-08T07:14:26-04:00,False,"2.02,9.01"
0001372514,KIORA PHARMACEUTICALS INC,0001372514-25-000053,2025-06-04,2025-06-04T14:34:24-04:00,False,"5.07,9.01"
0001372514,KIORA PHARMACEUTICALS INC,0001372514-25-000050,2025-06-03,2025-06-03T07:00:35-04:00,False,"1.01,7.01,9.01"
0001372514,KIORA PHARMACEUTICALS INC,0001372514-25-000045,2025-05-09,2025-05-09T07:02:08-04:00,False,"2.02,9.01"
0001372514,KIORA PHARMACEUTICALS INC,0001372514-25-000014,2025-03-25,2025-03-25T07:00:31-04:00,False,"2.02,9.01"
0001372514,KIORA PHARMACEUTICALS INC,0001372514-25-000003,2025-01-15,2025-01-15T17:22:54-05:00,True,"5.02,9.01"
0001372514,KIORA PHARMACEUTICALS INC,0001372514-24-000121,2024-11-08,2024-11-08T07:01:54-05:00,False,"2.02,9.01"
0001372514,KIORA PHARMACEUTICALS INC,0001372514-24-000117,2024-10-29,2024-10-29T07:00:23-04:00,False,"7.01,9.01"
0001372514,KIORA PHARMACEUTICALS INC,0001372514-24-000105,2024-08-09,2024-08-09T07:01:49-04:00,False,"2.02,9.01"
0001372514,KIORA PHARMACEUTICALS INC,0001372514-24-000099,2024-07-30,2024-07-30T07:02:02-04:00,False,"8.01,9.01"
0001372514,KIORA PHARMACEUTICALS INC,0001372514-24-000068,2024-07-01,2024-07-01T07:00:32-04:00,False,"5.02,7.01,8.01,9.01"
0001372514,KIORA PHARMACEUTICALS INC,0001372514-24-000057,2024-06-07,2024-06-07T07:02:21-04:00,False,"3.03,5.03,8.01,9.01"
0001372514,KIORA PHARMACEUTICALS INC,0001372514-24-000054,2024-05-10,2024-05-10T07:01:40-04:00,False,"2.02,9.01"
0001372514,KIORA PHARMACEUTICALS INC,0001372514-24-000039,2024-05-03,2024-05-02T17:56:53-04:00,True,"5.03,5.07,9.01"
0001372514,KIORA PHARMACEUTICALS INC,0001372514-24-000027,2024-03-25,2024-03-25T07:03:36-04:00,False,"2.02,9.01"
0001372514,KIORA PHARMACEUTICALS INC,0001372514-24-000013,2024-02-12,2024-02-12T17:23:39-05:00,True,"7.01,9.01"
0001372514,KIORA PHARMACEUTICALS INC,0001372514-24-000010,2024-02-01,2024-02-01T07:01:30-05:00,False,"1.01,3.02,7.01,9.01"
0001372514,KIORA PHARMACEUTICALS INC,0001372514-24-000007,2024-01-31,2024-01-31T17:14:40-05:00,True,"1.01,7.01,9.01"
0001372514,KIORA PHARMACEUTICALS INC,0001372514-24-000002,2024-01-16,2024-01-16T17:16:29-05:00,True,3.01
0001372514,KIORA PHARMACEUTICALS INC,0001372514-23-000160,2023-11-09,2023-11-09T07:02:00-05:00,False,"7.01,9.01"
0001372514,KIORA PHARMACEUTICALS INC,0001372514-23-000159,2023-11-09,2023-11-09T07:01:33-05:00,False,"2.02,9.01"
0001372514,KIORA PHARMACEUTICALS INC,0001372514-23-000154,2023-11-06,2023-11-06T06:05:28-05:00,False,9.01
0001372514,KIORA PHARMACEUTICALS INC,0001372514-23-000132,2023-09-28,2023-09-27T19:06:57-04:00,True,5.07
0001372514,KIORA PHARMACEUTICALS INC,0001372514-23-000129,2023-09-21,2023-09-21T07:00:27-04:00,False,"5.02,8.01,9.01"
0001372514,KIORA PHARMACEUTICALS INC,0001372514-23-000125,2023-09-01,2023-09-01T07:00:16-04:00,False,"8.01,9.01"
0001372514,KIORA PHARMACEUTICALS INC,0001372514-23-000118,2023-08-08,2023-08-08T07:14:26-04:00,False,"2.02,9.01"
0001372514,KIORA PHARMACEUTICALS INC,0001372514-23-000112,2023-08-01,2023-08-01T07:00:19-04:00,False,"5.02,7.01,9.01"
0001372514,KIORA PHARMACEUTICALS INC,0001372514-23-000107,2023-07-20,2023-07-20T17:01:24-04:00,True,3.01
0001372514,KIORA PHARMACEUTICALS INC,0001372514-23-000103,2023-06-21,2023-06-21T16:25:08-04:00,True,5.07
0001372514,KIORA PHARMACEUTICALS INC,0001372514-23-000101,2023-06-15,2023-06-15T16:59:00-04:00,True,"1.01,8.01,9.01"
0001372514,KIORA PHARMACEUTICALS INC,0001372514-23-000097,2023-06-06,2023-06-06T16:52:21-04:00,True,"1.01,5.03,8.01,9.01"
0001372514,KIORA PHARMACEUTICALS INC,0001372514-23-000070,2023-05-09,2023-05-09T07:02:48-04:00,False,"2.02,9.01"
0001372514,KIORA PHARMACEUTICALS INC,0001372514-23-000057,2023-04-27,2023-04-27T14:55:53-04:00,False,"8.01,9.01"
0001372514,KIORA PHARMACEUTICALS INC,0001372514-23-000053,2023-03-30,2023-03-30T07:02:03-04:00,False,"4.01,9.01"
0001372514,KIORA PHARMACEUTICALS INC,0001372514-23-000051,2023-03-23,2023-03-23T07:03:27-04:00,False,"2.02,9.01"
0001372514,KIORA PHARMACEUTICALS INC,0001372514-23-000010,2023-02-07,2023-02-07T07:01:56-05:00,False,"8.01,9.01"
0001372514,KIORA PHARMACEUTICALS INC,0001372514-23-000008,2023-02-03,2023-02-03T07:01:58-05:00,False,"1.01,3.02,8.01,9.01"
0001372514,KIORA PHARMACEUTICALS INC,0001104659-23-002295,2023-01-09,2023-01-09T16:31:34-05:00,True,"7.01,9.01"
0001372514,KIORA PHARMACEUTICALS INC,0001104659-23-000363,2023-01-03,2023-01-03T16:31:06-05:00,True,8.01
0001372514,KIORA PHARMACEUTICALS INC,0001104659-22-120486,2022-11-21,2022-11-21T07:00:23-05:00,False,"1.01,3.02,3.03,8.01,9.01"
0001372514,KIORA PHARMACEUTICALS INC,0001104659-22-108263,2022-10-13,2022-10-13T06:45:24-04:00,False,"8.01,9.01"
0001372514,KIORA PHARMACEUTICALS INC,0001104659-22-102816,2022-09-26,2022-09-26T06:45:56-04:00,False,"3.03,5.03,8.01,9.01"
0001372514,KIORA PHARMACEUTICALS INC,0001104659-22-102697,2022-09-23,2022-09-23T16:30:46-04:00,True,5.07
0001372514,KIORA PHARMACEUTICALS INC,0001104659-22-100852,2022-09-16,2022-09-16T16:30:33-04:00,True,"5.02,5.07,8.01,9.01"
0001372514,KIORA PHARMACEUTICALS INC,0001104659-22-094445,2022-08-25,2022-08-25T16:33:02-04:00,True,3.01
0001372514,KIORA PHARMACEUTICALS INC,0001104659-22-086182,2022-08-04,2022-08-04T16:36:37-04:00,True,"5.03,9.01"
0001372514,KIORA PHARMACEUTICALS INC,0001104659-22-082802,2022-07-26,2022-07-26T16:31:04-04:00,True,"1.01,5.03,8.01,9.01"
0001372514,KIORA PHARMACEUTICALS INC,0001104659-22-073063,2022-06-21,2022-06-21T17:19:05-04:00,True,5.02
0001372514,KIORA PHARMACEUTICALS INC,0001104659-22-066571,2022-05-31,2022-05-31T16:30:25-04:00,True,"3.01,7.01,9.01"
0001372514,KIORA PHARMACEUTICALS INC,0001104659-22-063871,2022-05-23,2022-05-23T16:30:21-04:00,True,"4.02,9.01"
0001372514,KIORA PHARMACEUTICALS INC,0001104659-22-049935,2022-04-26,2022-04-26T06:51:30-04:00,False,"5.02,9.01"
0001372514,KIORA PHARMACEUTICALS INC,0001104659-22-037086,2022-03-23,2022-03-23T17:00:42-04:00,True,5.02
0001372514,KIORA PHARMACEUTICALS INC,0001104659-22-028121,2022-02-28,2022-02-28T16:30:40-05:00,True,"3.01,5.02"
0001372514,KIORA PHARMACEUTICALS INC,0001104659-22-023200,2022-02-14,2022-02-14T17:20:37-05:00,True,5.02
0001372514,KIORA PHARMACEUTICALS INC,0001104659-22-010000,2022-02-01,2022-02-01T06:45:27-05:00,False,"5.02,7.01,9.01"
0001372514,KIORA PHARMACEUTICALS INC,0001104659-22-002825,2022-01-11,2022-01-10T17:58:16-05:00,True,"7.01,9.01"
0001372514,KIORA PHARMACEUTICALS INC,0001104659-21-149776,2021-12-15,2021-12-15T07:00:47-05:00,False,"5.02,7.01,9.01"
0001372514,KIORA PHARMACEUTICALS INC,0001104659-21-149386,2021-12-14,2021-12-14T07:02:29-05:00,False,"8.01,9.01"
0001372514,KIORA PHARMACEUTICALS INC,0001104659-21-135333,2021-11-08,2021-11-08T07:32:56-05:00,False,"5.03,8.01,9.01"
0001372514,KIORA PHARMACEUTICALS INC,0001104659-21-129738,2021-10-26,2021-10-26T07:00:59-04:00,False,"1.01,2.01,3.02,5.02,7.01,9.01"
0001372514,KIORA PHARMACEUTICALS INC,0001104659-21-115504,2021-09-14,2021-09-14T16:20:01-04:00,True,"7.01,9.01"
0001372514,KIORA PHARMACEUTICALS INC,0001104659-21-109807,2021-08-26,2021-08-26T16:16:30-04:00,True,5.02
0001372514,KIORA PHARMACEUTICALS INC,0001104659-21-102512,2021-08-10,2021-08-10T06:55:46-04:00,False,"1.01,3.02,8.01,9.01"
0001372514,KIORA PHARMACEUTICALS INC,0001104659-21-099777,2021-08-04,2021-08-04T06:55:31-04:00,False,5.02
0001372514,KIORA PHARMACEUTICALS INC,0001104659-21-095852,2021-07-26,2021-07-26T16:18:13-04:00,True,"5.02,7.01,9.01"
0001372514,KIORA PHARMACEUTICALS INC,0001104659-21-085746,2021-06-25,2021-06-25T16:31:01-04:00,True,5.07
0001372514,KIORA PHARMACEUTICALS INC,0001104659-21-072696,2021-05-27,2021-05-27T07:01:14-04:00,False,"7.01,9.01"
0001372514,KIORA PHARMACEUTICALS INC,0001104659-21-045169,2021-04-01,2021-04-01T06:55:38-04:00,False,"5.02,7.01,9.01"
0001372514,KIORA PHARMACEUTICALS INC,0001104659-21-009669,2021-02-01,2021-02-01T06:55:17-05:00,False,"5.02,8.01,9.01"
0001372514,KIORA PHARMACEUTICALS INC,0001104659-21-001243,2021-01-06,2021-01-06T06:55:07-05:00,False,"1.01,3.02,8.01,9.01"
0001372514,KIORA PHARMACEUTICALS INC,0001104659-20-137679,2020-12-21,2020-12-21T06:55:40-05:00,False,"1.01,2.01,3.02,5.03,8.01,9.01"
0001372514,KIORA PHARMACEUTICALS INC,0001104659-20-104579,2020-09-14,2020-09-14T06:50:21-04:00,False,"7.01,9.01"
0001372514,KIORA PHARMACEUTICALS INC,0001104659-20-077470,2020-06-26,2020-06-26T16:16:33-04:00,True,"5.03,5.07,9.01"
0001372514,KIORA PHARMACEUTICALS INC,0001104659-20-067975,2020-06-01,2020-06-01T06:55:24-04:00,False,"7.01,9.01"
0001372514,KIORA PHARMACEUTICALS INC,0001104659-20-040798,2020-03-31,2020-03-31T06:55:34-04:00,False,"8.01,9.01"
0001372514,KIORA PHARMACEUTICALS INC,0001104659-20-037762,2020-03-24,2020-03-24T16:15:29-04:00,True,"5.02,9.01"
0001372514,KIORA PHARMACEUTICALS INC,0001104659-20-003056,2020-01-10,2020-01-10T16:16:33-05:00,True,5.02
0001372514,KIORA PHARMACEUTICALS INC,0001104659-20-000963,2020-01-03,2020-01-03T17:08:42-05:00,True,5.02
0001372514,KIORA PHARMACEUTICALS INC,0001104659-19-077311,2019-12-31,2019-12-31T16:05:34-05:00,True,"1.01,3.02,8.01,9.01"
0001372514,KIORA PHARMACEUTICALS INC,0001104659-19-073250,2019-12-17,2019-12-17T08:41:46-05:00,False,"8.01,9.01"
0001372514,KIORA PHARMACEUTICALS INC,0001104659-19-069209,2019-12-03,2019-12-03T06:55:15-05:00,False,"5.02,9.01"
0001372514,KIORA PHARMACEUTICALS INC,0001104659-19-068757,2019-12-02,2019-12-02T06:55:21-05:00,False,"8.01,9.01"
0001372514,KIORA PHARMACEUTICALS INC,0001104659-19-066395,2019-11-22,2019-11-22T06:55:24-05:00,False,"8.01,9.01"
0001372514,KIORA PHARMACEUTICALS INC,0001144204-19-046375,2019-09-30,2019-09-30T06:55:40-04:00,False,"1.01,3.02,8.01,9.01"
0001372514,KIORA PHARMACEUTICALS INC,0001144204-19-045543,2019-09-23,2019-09-23T06:57:20-04:00,False,"8.01,9.01"
0001372514,KIORA PHARMACEUTICALS INC,0001144204-19-043861,2019-09-09,2019-09-09T06:50:45-04:00,False,"7.01,9.01"
0001372514,KIORA PHARMACEUTICALS INC,0001144204-19-042362,2019-08-29,2019-08-29T12:45:16-04:00,False,"3.03,5.03,8.01,9.01"
0001372514,KIORA PHARMACEUTICALS INC,0001144204-19-040192,2019-08-15,2019-08-15T06:55:39-04:00,False,5.02
0001372514,KIORA PHARMACEUTICALS INC,0001144204-19-031718,2019-06-20,2019-06-20T16:15:48-04:00,True,5.07
0001372514,KIORA PHARMACEUTICALS INC,0001144204-19-025771,2019-05-14,2019-05-14T06:55:54-04:00,False,"8.01,9.01"
0001372514,KIORA PHARMACEUTICALS INC,0001144204-19-015595,2019-03-22,2019-03-22T16:30:23-04:00,True,3.01
0001516551,"Skye Bioscience, Inc.",0001628280-25-058729,2025-12-23,2025-12-23T16:04:14-05:00,True,1.01
0001516551,"Skye Bioscience, Inc.",0001628280-25-051035,2025-11-10,2025-11-10T16:10:06-05:00,True,"2.02,9.01"
0001516551,"Skye Bioscience, Inc.",0001628280-25-044223,2025-10-06,2025-10-06T08:18:06-04:00,False,"7.01,9.01"
0001516551,"Skye Bioscience, Inc.",0001516551-25-000050,2025-08-07,2025-08-07T16:06:54-04:00,True,"2.02,9.01"
0001516551,"Skye Bioscience, Inc.",0001516551-25-000046,2025-06-11,2025-06-11T17:13:32-04:00,True,"4.01,5.07,9.01"
0001516551,"Skye Bioscience, Inc.",0001516551-25-000043,2025-05-08,2025-05-08T16:05:16-04:00,True,"2.02,9.01"
0001516551,"Skye Bioscience, Inc.",0001516551-25-000028,2025-03-20,2025-03-20T16:04:10-04:00,True,"2.02,9.01"
0001516551,"Skye Bioscience, Inc.",0001516551-25-000002,2025-02-26,2025-02-26T17:27:32-05:00,True,"5.02,9.01"
0001516551,"Skye Bioscience, Inc.",0001516551-24-000108,2024-11-07,2024-11-07T16:03:46-05:00,True,"2.02,9.01"
0001516551,"Skye Bioscience, Inc.",0001516551-24-000093,2024-10-29,2024-10-29T17:25:22-04:00,True,"5.02,8.01,9.01"
0001516551,"Skye Bioscience, Inc.",0001516551-24-000091,2024-10-24,2024-10-24T16:59:55-04:00,True,"5.02,5.07,9.01"
0001516551,"Skye Bioscience, Inc.",0001516551-24-000085,2024-09-04,2024-09-04T17:59:16-04:00,True,"5.02,7.01,9.01"
0001516551,"Skye Bioscience, Inc.",0001516551-24-000064,2024-07-03,2024-07-03T07:05:55-04:00,False,"5.02,7.01,9.01"
0001516551,"Skye Bioscience, Inc.",0001516551-24-000059,2024-06-10,2024-06-10T09:27:39-04:00,False,"8.01,9.01"
0001516551,"Skye Bioscience, Inc.",0001516551-24-000052,2024-04-03,2024-04-03T17:07:54-04:00,True,"7.01,9.01"
0001516551,"Skye Bioscience, Inc.",0001516551-24-000045,2024-03-13,2024-03-13T16:13:01-04:00,True,"1.01,3.02,9.01"
0001516551,"Skye Bioscience, Inc.",0001516551-24-000034,2024-03-04,2024-03-04T16:23:48-05:00,True,"5.02,8.01,9.01"
0001516551,"Skye Bioscience, Inc.",0001516551-24-000008,2024-02-12,2024-02-12T16:18:20-05:00,True,"8.01,9.01"
0001516551,"Skye Bioscience, Inc.",0001516551-24-000002,2024-01-29,2024-01-29T08:02:44-05:00,False,"1.01,3.02,7.01,8.01,9.01"
0001516551,"Skye Bioscience, Inc.",0001516551-23-000103,2023-12-05,2023-12-05T17:04:04-05:00,True,"1.01,1.02,9.01"
0001516551,"Skye Bioscience, Inc.",0001516551-23-000083,2023-11-07,2023-11-06T20:21:57-05:00,True,"5.03,9.01"
0001516551,"Skye Bioscience, Inc.",0001516551-23-000079,2023-10-03,2023-10-03T16:34:25-04:00,True,"5.02,8.01,9.01"
0001516551,"Skye Bioscience, Inc.",0001516551-23-000073,2023-09-07,2023-09-07T13:15:02-04:00,False,"3.03,5.03,7.01,9.01"
0001516551,"Skye Bioscience, Inc.",0001516551-23-000046,2023-08-21,2023-08-21T08:36:49-04:00,False,"1.01,2.01,2.03,3.02,5.02,7.01,9.01"
0001516551,"Skye Bioscience, Inc.",0001516551-23-000027,2023-02-23,2023-02-23T17:18:02-05:00,True,"1.01,1.02,3.02,9.01"
0001516551,"Skye Bioscience, Inc.",0001516551-23-000020,2023-02-16,2023-02-16T17:16:29-05:00,True,"5.02,8.01,9.01"
0001516551,"Skye Bioscience, Inc.",0001516551-23-000018,2023-02-15,2023-02-15T16:26:04-05:00,True,"1.01,2.01,8.01,9.01"
0001516551,"Skye Bioscience, Inc.",0001516551-23-000016,2023-01-27,2023-01-26T21:22:29-05:00,True,"1.01,7.01,9.01"
0001516551,"Skye Bioscience, Inc.",0001516551-23-000004,2023-01-06,2023-01-06T16:57:42-05:00,True,"1.01,5.02,9.01"
0001516551,"Skye Bioscience, Inc.",0001516551-22-000054,2022-12-19,2022-12-16T18:40:24-05:00,True,"1.01,9.01"
0001516551,"Skye Bioscience, Inc.",0001516551-22-000052,2022-11-23,2022-11-23T17:23:50-05:00,True,"1.01,3.03,9.01"
0001516551,"Skye Bioscience, Inc.",0001516551-22-000037,2022-10-19,2022-10-18T17:44:24-04:00,True,"1.01,2.03,9.01"
0001516551,"Skye Bioscience, Inc.",0001516551-22-000033,2022-10-03,2022-10-03T17:14:53-04:00,True,"4.01,5.07,7.01,9.01"
0001516551,"Skye Bioscience, Inc.",0001516551-22-000018,2022-07-21,2022-07-20T19:01:03-04:00,True,"1.01,9.01"
0001516551,"Skye Bioscience, Inc.",0001516551-22-000016,2022-06-17,2022-06-17T17:22:30-04:00,True,"1.01,4.01,5.02,9.01"
0001516551,"Skye Bioscience, Inc.",0001516551-22-000013,2022-05-23,2022-05-23T17:05:06-04:00,True,"1.01,5.02,9.01"
0001516551,"Skye Bioscience, Inc.",0001516551-22-000010,2022-05-12,2022-05-12T09:08:42-04:00,False,"1.01,3.02,5.02,8.01,9.01"
0001516551,"Skye Bioscience, Inc.",0001516551-21-000031,2021-12-20,2021-12-20T17:25:25-05:00,True,"5.02,8.01,9.01"
0001516551,"Skye Bioscience, Inc.",0001516551-21-000017,2021-10-15,2021-10-15T17:05:10-04:00,True,"1.01,8.01,9.01"
0001516551,"Skye Bioscience, Inc.",0001516551-21-000015,2021-10-06,2021-10-05T20:43:42-04:00,True,"5.02,8.01,9.01"
0001516551,"Skye Bioscience, Inc.",0001516551-21-000009,2021-09-30,2021-09-29T19:29:45-04:00,True,"7.01,9.01"
0001516551,"Skye Bioscience, Inc.",0001640334-21-002419,2021-09-28,2021-09-28T08:45:42-04:00,False,"1.01,8.01,9.01"
0001516551,"Skye Bioscience, Inc.",0001628280-21-018623,2021-09-15,2021-09-14T20:08:06-04:00,True,"5.02,8.01,9.01"
0001516551,"Skye Bioscience, Inc.",0001640334-21-001671,2021-07-26,2021-07-26T12:40:36-04:00,False,"5.02,8.01,9.01"
0001516551,"Skye Bioscience, Inc.",0001640334-21-001618,2021-07-22,2021-07-22T08:00:18-04:00,False,"1.01,3.02,9.01"
0001516551,"Skye Bioscience, Inc.",0001640334-21-000270,2021-02-03,2021-02-03T17:16:02-05:00,True,5.07
0001516551,"Skye Bioscience, Inc.",0001640334-21-000128,2021-01-19,2021-01-19T10:57:38-05:00,False,"5.03,8.01,9.01"
0001516551,"Skye Bioscience, Inc.",0001640334-20-002408,2020-09-28,2020-09-25T19:31:15-04:00,True,5.02
0001516551,"Skye Bioscience, Inc.",0001640334-20-002056,2020-08-12,2020-08-12T16:41:53-04:00,True,"5.02,8.01,9.01"
0001516551,"Skye Bioscience, Inc.",0001640334-20-001960,2020-08-05,2020-08-04T20:00:01-04:00,True,"1.01,8.01,9.01"
0001516551,"Skye Bioscience, Inc.",0001640334-20-001567,2020-06-22,2020-06-22T17:27:15-04:00,True,2.03
0001516551,"Skye Bioscience, Inc.",0001640334-20-000959,2020-04-29,2020-04-29T16:37:28-04:00,True,"1.01,2.03,5.02,9.01"
0001516551,"Skye Bioscience, Inc.",0001640334-19-002653,2019-12-23,2019-12-20T20:10:43-05:00,True,"1.01,1.02,5.02,8.01,9.01"
0001516551,"Skye Bioscience, Inc.",0001640334-19-002436,2019-11-21,2019-11-21T17:21:03-05:00,True,"1.01,8.01,9.01"
0001516551,"Skye Bioscience, Inc.",0001640334-19-002423,2019-11-20,2019-11-20T06:03:35-05:00,False,5.07
0001516551,"Skye Bioscience, Inc.",0001640334-19-001760,2019-08-27,2019-08-27T17:03:40-04:00,True,"1.01,9.01"
0001516551,"Skye Bioscience, Inc.",0001640334-19-001741,2019-08-23,2019-08-23T07:42:39-04:00,False,8.01
0001516551,"Skye Bioscience, Inc.",0001640334-19-001557,2019-08-08,2019-08-08T17:27:02-04:00,True,"1.01,1.02,9.01"
0001516551,"Skye Bioscience, Inc.",0001640334-19-001000,2019-05-29,2019-05-29T16:53:17-04:00,True,"1.01,7.01,9.01"
0001516551,"Skye Bioscience, Inc.",0001640334-19-000473,2019-04-01,2019-04-01T06:38:21-04:00,False,"2.03,3.02"
0001516551,"Skye Bioscience, Inc.",0001640334-19-000432,2019-03-25,2019-03-25T16:15:53-04:00,True,"5.03,8.01,9.01"
0001516551,"Skye Bioscience, Inc.",0001640334-19-000347,2019-03-04,2019-03-04T16:53:05-05:00,True,"1.01,7.01,9.01"
0001516551,"Skye Bioscience, Inc.",0001640334-19-000140,2019-02-01,2019-02-01T16:43:38-05:00,True,"2.03,3.02"
0001716947,"Ensysce Biosciences, Inc.",0001493152-25-023933,2025-11-17,2025-11-17T17:29:37-05:00,True,"1.01,3.02,5.03,8.01,9.01"
0001716947,"Ensysce Biosciences, Inc.",0001493152-25-023492,2025-11-14,2025-11-14T16:15:31-05:00,True,"2.02,9.01"
0001716947,"Ensysce Biosciences, Inc.",0001641172-25-023500,2025-08-13,2025-08-13T16:20:48-04:00,True,"2.02,9.01"
0001716947,"Ensysce Biosciences, Inc.",0001641172-25-013853,2025-06-05,2025-06-05T17:02:58-04:00,True,"4.01,9.01"
0001716947,"Ensysce Biosciences, Inc.",0001641172-25-009949,2025-05-13,2025-05-13T16:15:12-04:00,True,"2.02,9.01"
0001716947,"Ensysce Biosciences, Inc.",0001641172-25-006009,2025-04-24,2025-04-24T16:27:20-04:00,True,"1.01,3.02,8.01,9.01"
0001716947,"Ensysce Biosciences, Inc.",0001641172-25-002087,2025-04-01,2025-04-01T16:30:10-04:00,True,"8.01,9.01"
0001716947,"Ensysce Biosciences, Inc.",0001641172-25-001751,2025-03-31,2025-03-31T16:20:36-04:00,True,"1.01,3.02,8.01,9.01"
0001716947,"Ensysce Biosciences, Inc.",0001493152-25-009695,2025-03-10,2025-03-10T16:15:34-04:00,True,"2.02,9.01"
0001716947,"Ensysce Biosciences, Inc.",0001493152-25-004880,2025-02-04,2025-02-04T17:29:33-05:00,True,"1.01,9.01"
0001716947,"Ensysce Biosciences, Inc.",0001493152-24-048497,2024-12-03,2024-12-03T16:15:23-05:00,True,"5.03,9.01"
0001716947,"Ensysce Biosciences, Inc.",0001493152-24-047149,2024-11-21,2024-11-21T16:15:24-05:00,True,5.07
0001716947,"Ensysce Biosciences, Inc.",0001493152-24-044760,2024-11-12,2024-11-12T16:15:21-05:00,True,"2.02,9.01"
0001716947,"Ensysce Biosciences, Inc.",0001493152-24-041589,2024-10-18,2024-10-18T16:56:08-04:00,True,"5.03,9.01"
0001716947,"Ensysce Biosciences, Inc.",0001493152-24-034451,2024-08-30,2024-08-29T20:54:45-04:00,True,"1.01,3.02,8.01,9.01"
0001716947,"Ensysce Biosciences, Inc.",0001493152-24-033731,2024-08-23,2024-08-23T16:30:33-04:00,True,3.01
0001716947,"Ensysce Biosciences, Inc.",0001493152-24-032272,2024-08-14,2024-08-14T16:32:17-04:00,True,"2.02,9.01"
0001716947,"Ensysce Biosciences, Inc.",0001493152-24-021456,2024-05-28,2024-05-28T08:10:33-04:00,False,"8.01,9.01"
0001716947,"Ensysce Biosciences, Inc.",0001493152-24-018793,2024-05-13,2024-05-13T08:10:40-04:00,False,"2.02,9.01"
0001716947,"Ensysce Biosciences, Inc.",0001493152-24-018482,2024-05-09,2024-05-09T16:40:37-04:00,True,8.01
0001716947,"Ensysce Biosciences, Inc.",0001493152-24-011871,2024-03-29,2024-03-29T08:00:36-04:00,False,3.01
0001716947,"Ensysce Biosciences, Inc.",0001493152-24-010014,2024-03-15,2024-03-15T08:10:31-04:00,False,"2.02,9.01"
0001716947,"Ensysce Biosciences, Inc.",0001493152-24-006773,2024-02-14,2024-02-14T17:27:47-05:00,True,"1.01,3.02,8.01,9.01"
0001716947,"Ensysce Biosciences, Inc.",0001493152-23-046578,2023-12-29,2023-12-29T16:15:30-05:00,True,8.01
0001716947,"Ensysce Biosciences, Inc.",0001493152-23-045413,2023-12-19,2023-12-19T16:24:52-05:00,True,"8.01,9.01"
0001716947,"Ensysce Biosciences, Inc.",0001493152-23-043009,2023-11-29,2023-11-29T09:24:43-05:00,False,"1.01,2.03,3.02,7.01,9.01"
0001716947,"Ensysce Biosciences, Inc.",0001493152-23-041881,2023-11-17,2023-11-17T16:15:40-05:00,True,3.01
0001716947,"Ensysce Biosciences, Inc.",0001493152-23-040100,2023-11-09,2023-11-09T17:02:56-05:00,True,"2.02,9.01"
0001716947,"Ensysce Biosciences, Inc.",0001493152-23-038049,2023-10-24,2023-10-24T07:59:13-04:00,False,"1.01,2.03,3.02,7.01,9.01"
0001716947,"Ensysce Biosciences, Inc.",0001493152-23-030391,2023-08-28,2023-08-28T17:20:56-04:00,True,5.07
0001716947,"Ensysce Biosciences, Inc.",0001493152-23-027730,2023-08-11,2023-08-11T08:10:24-04:00,False,"2.02,9.01"
0001716947,"Ensysce Biosciences, Inc.",0001493152-23-021113,2023-06-14,2023-06-13T18:12:03-04:00,True,"8.01,9.01"
0001716947,"Ensysce Biosciences, Inc.",0001493152-23-019987,2023-06-02,2023-06-02T16:35:35-04:00,True,8.01
0001716947,"Ensysce Biosciences, Inc.",0001493152-23-017038,2023-05-15,2023-05-15T11:05:44-04:00,False,"1.01,8.01,9.01"
0001716947,"Ensysce Biosciences, Inc.",0001493152-23-011751,2023-04-10,2023-04-10T17:07:24-04:00,True,"4.01,9.01"
0001716947,"Ensysce Biosciences, Inc.",0001493152-23-009856,2023-03-31,2023-03-30T17:48:03-04:00,True,"2.02,9.01"
0001716947,"Ensysce Biosciences, Inc.",0001493152-23-009637,2023-03-30,2023-03-30T12:31:55-04:00,False,"5.03,9.01"
0001716947,"Ensysce Biosciences, Inc.",0001493152-23-008904,2023-03-24,2023-03-24T16:44:59-04:00,True,"5.07,9.01"
0001716947,"Ensysce Biosciences, Inc.",0001493152-23-003873,2023-02-07,2023-02-07T17:14:59-05:00,True,"1.01,3.02,3.03,5.03,8.01,9.01"
0001716947,"Ensysce Biosciences, Inc.",0001493152-23-003270,2023-02-01,2023-02-01T13:17:34-05:00,False,"3.03,5.03,7.01,9.01"
0001716947,"Ensysce Biosciences, Inc.",0001493152-23-003036,2023-01-31,2023-01-30T21:19:07-05:00,True,3.01
0001716947,"Ensysce Biosciences, Inc.",0001493152-23-001811,2023-01-19,2023-01-18T19:15:53-05:00,True,"8.01,9.01"
0001716947,"Ensysce Biosciences, Inc.",0001493152-23-001345,2023-01-13,2023-01-13T06:15:15-05:00,False,"1.01,2.03,3.02,9.01"
0001716947,"Ensysce Biosciences, Inc.",0001493152-22-035782,2022-12-16,2022-12-16T17:10:23-05:00,True,"3.01,9.01"
0001716947,"Ensysce Biosciences, Inc.",0001493152-22-034836,2022-12-08,2022-12-08T10:19:59-05:00,False,"1.01,8.01,9.01"
0001716947,"Ensysce Biosciences, Inc.",0001493152-22-031763,2022-11-14,2022-11-14T12:04:31-05:00,False,"8.01,9.01"
0001716947,"Ensysce Biosciences, Inc.",0001493152-22-029729,2022-10-27,2022-10-27T16:41:25-04:00,True,"5.03,9.01"
0001716947,"Ensysce Biosciences, Inc.",0001493152-22-026325,2022-09-20,2022-09-20T09:42:32-04:00,False,"1.01,2.03,9.01"
0001716947,"Ensysce Biosciences, Inc.",0001493152-22-026119,2022-09-16,2022-09-16T17:19:39-04:00,True,"5.02,9.01"
0001716947,"Ensysce Biosciences, Inc.",0001493152-22-025380,2022-09-08,2022-09-08T16:39:30-04:00,True,"5.07,7.01,9.01"
0001716947,"Ensysce Biosciences, Inc.",0001493152-22-022116,2022-08-11,2022-08-11T16:53:34-04:00,True,"2.02,9.01"
0001716947,"Ensysce Biosciences, Inc.",0001493152-22-021792,2022-08-09,2022-08-09T17:14:28-04:00,True,"1.01,2.03,3.02,7.01,9.01"
0001716947,"Ensysce Biosciences, Inc.",0001493152-22-020943,2022-08-02,2022-08-02T09:43:58-04:00,False,"1.01,2.03,3.02,9.01"
0001716947,"Ensysce Biosciences, Inc.",0001493152-22-018686,2022-07-06,2022-07-06T16:15:38-04:00,True,"1.01,2.03,3.02,7.01,9.01"
0001716947,"Ensysce Biosciences, Inc.",0001493152-22-017834,2022-06-27,2022-06-27T16:15:18-04:00,True,5.07
0001716947,"Ensysce Biosciences, Inc.",0001493152-22-017194,2022-06-17,2022-06-17T17:22:12-04:00,True,"3.01,7.01"
0001716947,"Ensysce Biosciences, Inc.",0001493152-22-014090,2022-05-17,2022-05-17T07:31:38-04:00,False,"8.01,9.01"
0001716947,"Ensysce Biosciences, Inc.",0001493152-22-013062,2022-05-12,2022-05-12T16:39:56-04:00,True,"2.02,9.01"
0001716947,"Ensysce Biosciences, Inc.",0001493152-22-012251,2022-05-05,2022-05-05T16:29:27-04:00,True,"7.01,8.01,9.01"
0001716947,"Ensysce Biosciences, Inc.",0001493152-22-008590,2022-03-31,2022-03-31T17:28:53-04:00,True,"2.02,9.01"
0001716947,"Ensysce Biosciences, Inc.",0001493152-22-003481,2022-02-08,2022-02-08T16:28:37-05:00,True,"5.02,7.01,9.01"
0001716947,"Ensysce Biosciences, Inc.",0001493152-22-002364,2022-01-27,2022-01-27T08:24:44-05:00,False,"5.07,7.01,9.01"
0001716947,"Ensysce Biosciences, Inc.",0001493152-22-001379,2022-01-18,2022-01-18T06:07:15-05:00,False,"1.01,2.03,3.02,9.01"
0001716947,"Ensysce Biosciences, Inc.",0001493152-21-032515,2021-12-27,2021-12-27T16:18:22-05:00,True,"1.01,2.03,3.02,9.01"
0001716947,"Ensysce Biosciences, Inc.",0001493152-21-029003,2021-11-16,2021-11-16T17:22:34-05:00,True,"2.02,9.01"
0001716947,"Ensysce Biosciences, Inc.",0001493152-21-027784,2021-11-10,2021-11-10T10:40:04-05:00,False,"1.01,2.03,3.02,7.01,9.01"
0001716947,"Ensysce Biosciences, Inc.",0001493152-21-023828,2021-09-27,2021-09-27T13:47:19-04:00,False,"1.01,2.03,3.02,7.01,9.01"
0001716947,"Ensysce Biosciences, Inc.",0001493152-21-020290,2021-08-17,2021-08-16T17:41:24-04:00,True,"2.02,9.01"
0001716947,"Ensysce Biosciences, Inc.",0001493152-21-017401,2021-07-21,2021-07-21T08:50:48-04:00,False,"7.01,9.01"
0001716947,"Ensysce Biosciences, Inc.",0001493152-21-016422,2021-07-08,2021-07-08T08:30:32-04:00,False,"7.01,9.01"
0001716947,"Ensysce Biosciences, Inc.",0001493152-21-016378,2021-07-07,2021-07-07T17:20:48-04:00,True,"1.01,2.01,3.03,4.01,5.01,5.02,5.03,5.06,9.01"
0001716947,"Ensysce Biosciences, Inc.",0001493152-21-015864,2021-07-01,2021-07-01T17:12:11-04:00,True,"7.01,9.01"
0001716947,"Ensysce Biosciences, Inc.",0001493152-21-015806,2021-07-01,2021-07-01T08:30:41-04:00,False,"7.01,8.01,9.01"
0001716947,"Ensysce Biosciences, Inc.",0001493152-21-015483,2021-06-29,2021-06-29T08:00:36-04:00,False,5.07
0001716947,"Ensysce Biosciences, Inc.",0001493152-21-014072,2021-06-11,2021-06-11T06:19:41-04:00,False,"1.01,3.02"
0001716947,"Ensysce Biosciences, Inc.",0001493152-21-013365,2021-06-01,2021-06-01T17:15:47-04:00,True,"3.01,7.01,9.01"
0001716947,"Ensysce Biosciences, Inc.",0001493152-21-011527,2021-05-14,2021-05-14T16:30:30-04:00,True,4.02
0001716947,"Ensysce Biosciences, Inc.",0001493152-21-010710,2021-05-07,2021-05-07T08:38:04-04:00,False,"7.01,9.01"
0001716947,"Ensysce Biosciences, Inc.",0001493152-21-009990,2021-04-29,2021-04-29T09:00:41-04:00,False,"7.01,9.01"
0001716947,"Ensysce Biosciences, Inc.",0001213900-21-011702,2021-02-25,2021-02-25T17:01:10-05:00,True,"1.01,2.03,3.02,9.01"
0001716947,"Ensysce Biosciences, Inc.",0001213900-21-010229,2021-02-18,2021-02-18T09:27:01-05:00,False,"7.01,9.01"
0001716947,"Ensysce Biosciences, Inc.",0001213900-21-006660,2021-02-04,2021-02-04T08:00:18-05:00,False,"7.01,9.01"
0001716947,"Ensysce Biosciences, Inc.",0001213900-21-006308,2021-02-03,2021-02-03T07:01:03-05:00,False,"7.01,9.01"
0001716947,"Ensysce Biosciences, Inc.",0001213900-21-006194,2021-02-02,2021-02-02T16:43:51-05:00,True,"7.01,9.01"
0001716947,"Ensysce Biosciences, Inc.",0001213900-21-005974,2021-02-02,2021-02-02T08:13:21-05:00,False,"1.01,3.02,9.01"
0001716947,"Ensysce Biosciences, Inc.",0001213900-21-005594,2021-02-01,2021-02-01T08:17:37-05:00,False,"7.01,8.01,9.01"
0001716947,"Ensysce Biosciences, Inc.",0001213900-20-039998,2020-11-30,2020-11-30T17:03:26-05:00,True,"1.01,2.03,3.01,3.02,5.03,5.07,9.01"
0001716947,"Ensysce Biosciences, Inc.",0001213900-20-034036,2020-10-29,2020-10-29T17:28:00-04:00,True,"1.01,2.03,3.02,9.01"
0001716947,"Ensysce Biosciences, Inc.",0001213900-20-017608,2020-07-16,2020-07-16T07:30:18-04:00,False,1.02
0001716947,"Ensysce Biosciences, Inc.",0001213900-20-016355,2020-06-30,2020-06-30T17:25:17-04:00,True,"1.01,5.01,5.03,5.07,9.01"
0001716947,"Ensysce Biosciences, Inc.",0001213900-20-008230,2020-03-31,2020-03-31T16:30:12-04:00,True,"1.01,5.03,9.01"
0001716947,"Ensysce Biosciences, Inc.",0001213900-20-007565,2020-03-27,2020-03-26T21:33:32-04:00,True,5.07
0001716947,"Ensysce Biosciences, Inc.",0001193125-20-061642,2020-03-04,2020-03-04T16:21:06-05:00,True,8.01
0001716947,"Ensysce Biosciences, Inc.",0001193125-20-041309,2020-02-19,2020-02-19T07:02:21-05:00,False,"7.01,9.01"
0001716947,"Ensysce Biosciences, Inc.",0001193125-20-031371,2020-02-11,2020-02-11T16:30:51-05:00,True,"7.01,9.01"
0001716947,"Ensysce Biosciences, Inc.",0001193125-20-026122,2020-02-06,2020-02-06T07:01:33-05:00,False,8.01
0001716947,"Ensysce Biosciences, Inc.",0001193125-20-021690,2020-01-31,2020-01-31T17:28:03-05:00,True,"1.01,9.01"
0001716947,"Ensysce Biosciences, Inc.",0001213900-20-001823,2020-01-27,2020-01-27T07:01:05-05:00,False,"7.01,9.01"
0001716947,"Ensysce Biosciences, Inc.",0001213900-20-001300,2020-01-17,2020-01-17T16:32:26-05:00,True,"2.03,3.02,9.01"
0001716947,"Ensysce Biosciences, Inc.",0001213900-20-000519,2020-01-08,2020-01-08T16:18:49-05:00,True,"7.01,9.01"
0001716947,"Ensysce Biosciences, Inc.",0001213900-20-000367,2020-01-07,2020-01-07T16:02:18-05:00,True,"7.01,9.01"
0001716947,"Ensysce Biosciences, Inc.",0001213900-20-000220,2020-01-06,2020-01-06T08:43:56-05:00,False,"7.01,8.01,9.01"
0001716947,"Ensysce Biosciences, Inc.",0001213900-19-027232,2019-12-31,2019-12-31T08:38:43-05:00,False,"1.01,9.01"
0001716947,"Ensysce Biosciences, Inc.",0001213900-19-027124,2019-12-30,2019-12-27T19:20:08-05:00,True,"7.01,9.01"
0001716947,"Ensysce Biosciences, Inc.",0001213900-19-025565,2019-12-09,2019-12-06T19:29:04-05:00,True,"1.01,2.03,5.03,9.01"
0001716947,"Ensysce Biosciences, Inc.",0001213900-19-025224,2019-12-03,2019-12-03T17:00:23-05:00,True,5.07
0001853816,"Dermata Therapeutics, Inc.",0001493152-25-029364,2025-12-29,2025-12-29T16:05:50-05:00,True,"1.01,3.02,8.01,9.01"
0001853816,"Dermata Therapeutics, Inc.",0001493152-25-023942,2025-11-18,2025-11-17T18:15:24-05:00,True,1.02
0001853816,"Dermata Therapeutics, Inc.",0001493152-25-023419,2025-11-14,2025-11-14T16:05:37-05:00,True,"2.02,7.01,9.01"
0001853816,"Dermata Therapeutics, Inc.",0001493152-25-021255,2025-11-07,2025-11-07T16:05:49-05:00,True,"8.01,9.01"
0001853816,"Dermata Therapeutics, Inc.",0001493152-25-013815,2025-09-17,2025-09-17T06:05:11-04:00,False,8.01
0001853816,"Dermata Therapeutics, Inc.",0001493152-25-012952,2025-09-10,2025-09-10T08:00:53-04:00,False,8.01
0001853816,"Dermata Therapeutics, Inc.",0001641172-25-025405,2025-08-25,2025-08-25T17:00:11-04:00,True,8.01
0001853816,"Dermata Therapeutics, Inc.",0001641172-25-023570,2025-08-13,2025-08-13T17:01:14-04:00,True,"2.02,7.01,9.01"
0001853816,"Dermata Therapeutics, Inc.",0001641172-25-021501,2025-07-30,2025-07-30T09:00:10-04:00,False,"3.03,5.03,9.01"
0001853816,"Dermata Therapeutics, Inc.",0001641172-25-019760,2025-07-16,2025-07-15T17:45:27-04:00,True,5.07
0001853816,"Dermata Therapeutics, Inc.",0001641172-25-018042,2025-07-07,2025-07-07T17:25:33-04:00,True,3.01
0001853816,"Dermata Therapeutics, Inc.",0001641172-25-013823,2025-06-05,2025-06-05T16:31:22-04:00,True,"4.01,9.01"
0001853816,"Dermata Therapeutics, Inc.",0001641172-25-011873,2025-05-21,2025-05-21T09:00:09-04:00,False,"7.01,8.01"
0001853816,"Dermata Therapeutics, Inc.",0001641172-25-011286,2025-05-16,2025-05-16T17:20:09-04:00,True,3.01
0001853816,"Dermata Therapeutics, Inc.",0001641172-25-010112,2025-05-14,2025-05-14T09:01:36-04:00,False,"2.02,7.01,9.01"
0001853816,"Dermata Therapeutics, Inc.",0001654954-25-004265,2025-04-15,2025-04-15T08:30:36-04:00,False,"7.01,8.01,9.01"
0001853816,"Dermata Therapeutics, Inc.",0001654954-25-003552,2025-03-28,2025-03-28T17:01:04-04:00,True,"1.01,3.02,3.03,9.01"
0001853816,"Dermata Therapeutics, Inc.",0001654954-25-003372,2025-03-27,2025-03-27T08:00:59-04:00,False,"7.01,8.01,9.01"
0001853816,"Dermata Therapeutics, Inc.",0001654954-25-003305,2025-03-25,2025-03-25T17:29:13-04:00,True,3.01
0001853816,"Dermata Therapeutics, Inc.",0001654954-25-002886,2025-03-17,2025-03-17T16:17:45-04:00,True,"2.02,7.01,9.01"
0001853816,"Dermata Therapeutics, Inc.",0001654954-25-000681,2025-01-23,2025-01-23T16:16:32-05:00,True,"1.01,3.02,8.01,9.01"
0001853816,"Dermata Therapeutics, Inc.",0001654954-25-000570,2025-01-21,2025-01-21T08:05:55-05:00,False,"1.01,7.01,9.01"
0001853816,"Dermata Therapeutics, Inc.",0001654954-24-014289,2024-11-14,2024-11-13T18:03:44-05:00,True,"2.02,7.01,9.01"
0001853816,"Dermata Therapeutics, Inc.",0001654954-24-012031,2024-09-17,2024-09-17T17:25:17-04:00,True,"1.01,3.02,8.01,9.01"
0001853816,"Dermata Therapeutics, Inc.",0001654954-24-010104,2024-08-07,2024-08-07T16:06:20-04:00,True,"2.02,7.01,9.01"
0001853816,"Dermata Therapeutics, Inc.",0001654954-24-009903,2024-08-02,2024-08-02T17:16:49-04:00,True,"8.01,9.01"
0001853816,"Dermata Therapeutics, Inc.",0001654954-24-007532,2024-06-07,2024-06-07T17:11:51-04:00,True,"1.01,9.01"
0001853816,"Dermata Therapeutics, Inc.",0001654954-24-007369,2024-06-05,2024-06-05T09:02:59-04:00,False,8.01
0001853816,"Dermata Therapeutics, Inc.",0001654954-24-006912,2024-05-24,2024-05-24T16:06:17-04:00,True,3.01
0001853816,"Dermata Therapeutics, Inc.",0001654954-24-006608,2024-05-17,2024-05-17T16:09:20-04:00,True,"1.01,3.02,3.03,9.01"
0001853816,"Dermata Therapeutics, Inc.",0001654954-24-006396,2024-05-15,2024-05-15T16:06:40-04:00,True,"2.02,7.01,9.01"
0001853816,"Dermata Therapeutics, Inc.",0001654954-24-006312,2024-05-15,2024-05-15T09:00:42-04:00,False,"3.01,8.01"
0001853816,"Dermata Therapeutics, Inc.",0001654954-24-006133,2024-05-14,2024-05-14T09:16:14-04:00,False,"3.03,5.03,9.01"
0001853816,"Dermata Therapeutics, Inc.",0001654954-24-005715,2024-05-07,2024-05-07T17:10:15-04:00,True,"5.02,5.07,9.01"
0001853816,"Dermata Therapeutics, Inc.",0001654954-24-003500,2024-03-21,2024-03-21T16:05:28-04:00,True,"2.02,7.01,9.01"
0001853816,"Dermata Therapeutics, Inc.",0001654954-24-000520,2024-01-12,2024-01-12T16:06:12-05:00,True,5.07
0001853816,"Dermata Therapeutics, Inc.",0001654954-23-014542,2023-11-17,2023-11-17T16:06:04-05:00,True,"1.01,3.02,3.03,9.01"
0001853816,"Dermata Therapeutics, Inc.",0001654954-23-014446,2023-11-16,2023-11-15T18:16:29-05:00,True,3.01
0001853816,"Dermata Therapeutics, Inc.",0001654954-23-014015,2023-11-09,2023-11-09T16:08:14-05:00,True,"2.02,4.01,7.01,9.01"
0001853816,"Dermata Therapeutics, Inc.",0001654954-23-010489,2023-08-10,2023-08-10T16:18:20-04:00,True,"2.02,7.01,9.01"
0001853816,"Dermata Therapeutics, Inc.",0001654954-23-010092,2023-08-03,2023-08-03T16:31:21-04:00,True,"4.01,5.02,5.07,9.01"
0001853816,"Dermata Therapeutics, Inc.",0001654954-23-007177,2023-05-24,2023-05-24T17:13:36-04:00,True,"1.01,3.02,7.01,9.01"
0001853816,"Dermata Therapeutics, Inc.",0001654954-23-006209,2023-05-11,2023-05-11T16:07:03-04:00,True,"2.02,7.01,9.01"
0001853816,"Dermata Therapeutics, Inc.",0001654954-23-003722,2023-03-28,2023-03-28T16:06:16-04:00,True,8.01
0001853816,"Dermata Therapeutics, Inc.",0001654954-23-003181,2023-03-20,2023-03-20T16:36:29-04:00,True,"1.01,7.01,9.01"
0001853816,"Dermata Therapeutics, Inc.",0001654954-23-002711,2023-03-13,2023-03-13T13:16:44-04:00,False,"3.03,5.03,9.01"
0001853816,"Dermata Therapeutics, Inc.",0001654954-23-001927,2023-02-21,2023-02-21T16:10:09-05:00,True,"2.02,7.01,9.01"
0001853816,"Dermata Therapeutics, Inc.",0001654954-23-001476,2023-02-08,2023-02-08T16:05:34-05:00,True,5.07
0001853816,"Dermata Therapeutics, Inc.",0001654954-22-016569,2022-12-15,2022-12-15T16:05:40-05:00,True,"3.01,8.01"
0001853816,"Dermata Therapeutics, Inc.",0001654954-22-016099,2022-12-05,2022-12-05T09:01:47-05:00,False,"7.01,8.01,9.01"
0001853816,"Dermata Therapeutics, Inc.",0001654954-22-015036,2022-11-10,2022-11-10T17:22:39-05:00,True,"2.02,7.01,9.01"
0001853816,"Dermata Therapeutics, Inc.",0001654954-22-012918,2022-09-23,2022-09-23T16:05:51-04:00,True,"5.03,9.01"
0001853816,"Dermata Therapeutics, Inc.",0001654954-22-011373,2022-08-15,2022-08-15T16:20:13-04:00,True,"2.02,7.01,9.01"
0001853816,"Dermata Therapeutics, Inc.",0001654954-22-009535,2022-07-11,2022-07-11T17:10:36-04:00,True,"5.03,5.07,9.01"
0001853816,"Dermata Therapeutics, Inc.",0001654954-22-008770,2022-06-24,2022-06-24T17:00:37-04:00,True,5.02
0001853816,"Dermata Therapeutics, Inc.",0001654954-22-008628,2022-06-22,2022-06-22T17:08:20-04:00,True,3.01
0001853816,"Dermata Therapeutics, Inc.",0001654954-22-007063,2022-05-17,2022-05-17T16:07:49-04:00,True,8.01
0001853816,"Dermata Therapeutics, Inc.",0001654954-22-006969,2022-05-16,2022-05-16T16:09:15-04:00,True,"2.02,7.01,9.01"
0001853816,"Dermata Therapeutics, Inc.",0001654954-22-005375,2022-04-25,2022-04-25T16:45:41-04:00,True,"1.01,3.02,8.01,9.01"
0001853816,"Dermata Therapeutics, Inc.",0001654954-22-003871,2022-03-28,2022-03-28T08:34:49-04:00,False,"2.02,7.01,9.01"
0001853816,"Dermata Therapeutics, Inc.",0001654954-22-002423,2022-03-02,2022-03-02T17:25:43-05:00,True,8.01
0001853816,"Dermata Therapeutics, Inc.",0001654954-22-001134,2022-02-04,2022-02-04T16:46:42-05:00,True,8.01
0001853816,"Dermata Therapeutics, Inc.",0001654954-22-000428,2022-01-13,2022-01-13T08:30:48-05:00,False,"5.02,7.01,9.01"
0001853816,"Dermata Therapeutics, Inc.",0001654954-21-013038,2021-12-10,2021-12-10T14:01:11-05:00,False,"5.02,9.01"
0001853816,"Dermata Therapeutics, Inc.",0001654954-21-012446,2021-11-19,2021-11-19T09:06:21-05:00,False,"7.01,8.01"
0001853816,"Dermata Therapeutics, Inc.",0001654954-21-012224,2021-11-15,2021-11-15T16:20:39-05:00,True,"2.02,7.01,9.01"
0001853816,"Dermata Therapeutics, Inc.",0001654954-21-010436,2021-09-27,2021-09-27T16:06:11-04:00,True,"2.02,7.01,9.01"
0001853816,"Dermata Therapeutics, Inc.",0001193125-21-263316,2021-09-01,2021-09-01T16:50:35-04:00,True,"5.02,7.01,9.01"
0001826892,"BioAtla, Inc.",0001193125-25-337646,2025-12-31,2025-12-31T07:15:24-05:00,False,"1.01,3.02,7.01,9.01"
0001826892,"BioAtla, Inc.",0001193125-25-337078,2025-12-30,2025-12-30T16:05:35-05:00,True,"5.07,8.01"
0001826892,"BioAtla, Inc.",0001193125-25-290474,2025-11-21,2025-11-21T06:15:33-05:00,False,"1.01,2.03,9.01"
0001826892,"BioAtla, Inc.",0001193125-25-280141,2025-11-13,2025-11-13T16:06:20-05:00,True,"2.02,9.01"
0001826892,"BioAtla, Inc.",0001193125-25-211305,2025-09-22,2025-09-22T16:10:07-04:00,True,8.01
0001826892,"BioAtla, Inc.",0000950170-25-105000,2025-08-07,2025-08-07T16:06:58-04:00,True,"2.02,9.01"
0001826892,"BioAtla, Inc.",0000950170-25-088499,2025-06-20,2025-06-20T16:06:53-04:00,True,"5.02,5.07"
0001826892,"BioAtla, Inc.",0000950170-25-073688,2025-05-16,2025-05-16T17:05:56-04:00,True,3.01
0001826892,"BioAtla, Inc.",0000950170-25-064415,2025-05-06,2025-05-06T16:01:37-04:00,True,"2.02,9.01"
0001826892,"BioAtla, Inc.",0000950170-25-046065,2025-03-27,2025-03-27T16:09:17-04:00,True,"2.02,2.05,9.01"
0001826892,"BioAtla, Inc.",0000950170-25-039400,2025-03-14,2025-03-14T16:05:07-04:00,True,5.02
0001826892,"BioAtla, Inc.",0000950170-25-016321,2025-02-07,2025-02-07T16:25:15-05:00,True,3.01
0001826892,"BioAtla, Inc.",0001193125-24-283212,2024-12-20,2024-12-20T16:51:59-05:00,True,"1.01,7.01,9.01"
0001826892,"BioAtla, Inc.",0001193125-24-282547,2024-12-20,2024-12-20T08:50:36-05:00,False,"7.01,9.01"
0001826892,"BioAtla, Inc.",0000950170-24-123281,2024-11-07,2024-11-07T16:05:19-05:00,True,"2.02,9.01"
0001826892,"BioAtla, Inc.",0001193125-24-223282,2024-09-23,2024-09-23T07:48:31-04:00,False,"1.01,9.01"
0001826892,"BioAtla, Inc.",0000950170-24-093888,2024-08-08,2024-08-08T16:05:18-04:00,True,"2.02,9.01"
0001826892,"BioAtla, Inc.",0000950170-24-073139,2024-06-13,2024-06-13T17:11:14-04:00,True,5.07
0001826892,"BioAtla, Inc.",0000950170-24-061616,2024-05-17,2024-05-17T16:05:22-04:00,True,8.01
0001826892,"BioAtla, Inc.",0000950170-24-059508,2024-05-14,2024-05-14T16:05:16-04:00,True,"2.02,9.01"
0001826892,"BioAtla, Inc.",0000950170-24-047595,2024-04-24,2024-04-24T16:15:17-04:00,True,"5.03,9.01"
0001826892,"BioAtla, Inc.",0000950170-24-036395,2024-03-26,2024-03-26T16:01:11-04:00,True,"2.02,9.01"
0001826892,"BioAtla, Inc.",0000950170-24-017881,2024-02-21,2024-02-21T16:01:12-05:00,True,5.02
0001826892,"BioAtla, Inc.",0000950170-24-013807,2024-02-12,2024-02-12T16:01:17-05:00,True,8.01
0001826892,"BioAtla, Inc.",0001193125-24-004912,2024-01-09,2024-01-09T09:01:12-05:00,False,"7.01,9.01"
0001826892,"BioAtla, Inc.",0001193125-24-004539,2024-01-08,2024-01-08T17:11:00-05:00,True,"5.03,9.01"
0001826892,"BioAtla, Inc.",0001193125-23-293959,2023-12-13,2023-12-13T08:31:30-05:00,False,"7.01,8.01,9.01"
0001826892,"BioAtla, Inc.",0001193125-23-288019,2023-12-04,2023-12-04T09:01:00-05:00,False,"8.01,9.01"
0001826892,"BioAtla, Inc.",0000950170-23-060210,2023-11-07,2023-11-07T16:02:09-05:00,True,"2.02,9.01"
0001826892,"BioAtla, Inc.",0000950170-23-036440,2023-08-01,2023-08-01T16:02:00-04:00,True,"2.02,9.01"
0001826892,"BioAtla, Inc.",0000950170-23-028007,2023-06-14,2023-06-14T17:01:03-04:00,True,5.07
0001826892,"BioAtla, Inc.",0000950170-23-021212,2023-05-11,2023-05-11T16:06:12-04:00,True,"2.02,9.01"
0001826892,"BioAtla, Inc.",0000950170-23-009469,2023-03-23,2023-03-23T16:02:45-04:00,True,"2.02,9.01"
0001826892,"BioAtla, Inc.",0000950170-23-007213,2023-03-10,2023-03-10T14:32:03-05:00,False,7.01
0001826892,"BioAtla, Inc.",0001193125-23-049760,2023-02-27,2023-02-27T08:32:02-05:00,False,"5.02,9.01"
0001826892,"BioAtla, Inc.",0000950170-23-002910,2023-02-15,2023-02-15T16:30:57-05:00,True,5.02
0001826892,"BioAtla, Inc.",0001193125-23-003550,2023-01-06,2023-01-06T16:14:07-05:00,True,"1.01,9.01"
0001826892,"BioAtla, Inc.",0001193125-22-279214,2022-11-07,2022-11-07T17:05:59-05:00,True,"1.01,9.01"
0001826892,"BioAtla, Inc.",0001193125-22-277328,2022-11-04,2022-11-04T06:08:34-04:00,False,"8.01,9.01"
0001826892,"BioAtla, Inc.",0000950170-22-021833,2022-11-03,2022-11-03T16:03:10-04:00,True,"2.02,9.01"
0001826892,"BioAtla, Inc.",0000950170-22-018700,2022-09-21,2022-09-21T09:03:20-04:00,False,"5.02,9.01"
0001826892,"BioAtla, Inc.",0000950170-22-016024,2022-08-09,2022-08-09T16:02:44-04:00,True,"2.02,9.01"
0001826892,"BioAtla, Inc.",0000950170-22-011774,2022-06-17,2022-06-17T09:01:41-04:00,False,5.07
0001826892,"BioAtla, Inc.",0001193125-22-168316,2022-06-06,2022-06-06T16:05:56-04:00,True,5.02
0001826892,"BioAtla, Inc.",0000950170-22-007371,2022-05-04,2022-05-04T16:01:49-04:00,True,"2.02,9.01"
0001826892,"BioAtla, Inc.",0001193125-22-101666,2022-04-11,2022-04-11T16:13:47-04:00,True,"7.01,9.01"
0001826892,"BioAtla, Inc.",0001193125-22-054400,2022-02-25,2022-02-25T16:07:47-05:00,True,5.02
0001826892,"BioAtla, Inc.",0000950170-22-000220,2022-01-11,2022-01-10T17:31:55-05:00,True,"1.01,9.01"
0001826892,"BioAtla, Inc.",0001193125-21-363150,2021-12-21,2021-12-21T09:16:01-05:00,False,"5.02,9.01"
0001826892,"BioAtla, Inc.",0001193125-21-335170,2021-11-19,2021-11-19T16:15:57-05:00,True,1.02
0001826892,"BioAtla, Inc.",0000950170-21-001919,2021-09-29,2021-09-29T08:27:35-04:00,False,"1.01,3.02,9.01"
0001826892,"BioAtla, Inc.",0000950170-21-000359,2021-06-17,2021-06-16T21:01:59-04:00,True,5.07
0001826892,"BioAtla, Inc.",0001193125-21-034551,2021-02-09,2021-02-09T17:00:52-05:00,True,5.02
0001826892,"BioAtla, Inc.",0001193125-20-321571,2020-12-18,2020-12-18T16:41:59-05:00,True,"5.03,9.01"
0001510964,"CV Sciences, Inc.",0001193125-25-280116,2025-11-13,2025-11-13T16:04:08-05:00,True,"2.02,7.01,9.01"
0001510964,"CV Sciences, Inc.",0001193125-25-237188,2025-10-10,2025-10-10T17:05:25-04:00,True,"1.01,9.01"
0001510964,"CV Sciences, Inc.",0001193125-25-207436,2025-09-18,2025-09-18T16:24:23-04:00,True,"1.01,9.01"
0001510964,"CV Sciences, Inc.",0000950170-25-107984,2025-08-13,2025-08-13T16:01:09-04:00,True,"2.02,7.01,9.01"
0001510964,"CV Sciences, Inc.",0000950170-25-081934,2025-06-05,2025-06-04T20:34:39-04:00,True,"5.07,9.01"
0001510964,"CV Sciences, Inc.",0000950170-25-071347,2025-05-14,2025-05-14T16:01:33-04:00,True,"2.02,7.01,9.01"
0001510964,"CV Sciences, Inc.",0000950170-25-045761,2025-03-27,2025-03-27T09:25:48-04:00,False,"2.02,7.01,9.01"
0001510964,"CV Sciences, Inc.",0000950170-25-023618,2025-02-20,2025-02-19T20:44:14-05:00,True,"1.01,9.01"
0001510964,"CV Sciences, Inc.",0000950170-25-022630,2025-02-19,2025-02-18T19:06:54-05:00,True,8.01
0001510964,"CV Sciences, Inc.",0000950170-25-018048,2025-02-11,2025-02-11T17:04:30-05:00,True,1.02
0001510964,"CV Sciences, Inc.",0000950170-24-130576,2024-11-25,2024-11-25T16:17:49-05:00,True,8.01
0001510964,"CV Sciences, Inc.",0000950170-24-129750,2024-11-21,2024-11-21T16:38:16-05:00,True,"1.01,3.02,7.01,9.01"
0001510964,"CV Sciences, Inc.",0000950170-24-126787,2024-11-14,2024-11-14T09:17:00-05:00,False,"2.02,7.01,9.01"
0001510964,"CV Sciences, Inc.",0000950170-24-095801,2024-08-13,2024-08-13T09:28:43-04:00,False,"2.02,7.01,9.01"
0001510964,"CV Sciences, Inc.",0000950170-24-082225,2024-07-09,2024-07-08T19:12:05-04:00,True,"1.01,9.01"
0001510964,"CV Sciences, Inc.",0000950170-24-076955,2024-06-25,2024-06-24T18:25:48-04:00,True,"5.02,9.01"
0001510964,"CV Sciences, Inc.",0000950170-24-069998,2024-06-07,2024-06-06T17:31:32-04:00,True,"5.07,9.01"
0001510964,"CV Sciences, Inc.",0000950170-24-059152,2024-05-14,2024-05-14T09:10:34-04:00,False,"2.02,7.01,9.01"
0001510964,"CV Sciences, Inc.",0000950170-24-058981,2024-05-14,2024-05-13T19:38:58-04:00,True,"1.01,3.02,7.01"
0001510964,"CV Sciences, Inc.",0000950170-24-037652,2024-03-28,2024-03-28T09:20:52-04:00,False,"2.02,7.01,9.01"
0001510964,"CV Sciences, Inc.",0001510964-23-000042,2023-12-12,2023-12-12T09:36:49-05:00,False,"1.01,3.02,7.01,9.01"
0001510964,"CV Sciences, Inc.",0001510964-23-000036,2023-11-14,2023-11-14T09:18:33-05:00,False,"2.02,7.01,9.01"
0001510964,"CV Sciences, Inc.",0001510964-23-000030,2023-08-14,2023-08-14T09:32:15-04:00,False,"2.02,7.01,9.01"
0001510964,"CV Sciences, Inc.",0001510964-23-000026,2023-06-05,2023-06-05T16:52:45-04:00,True,"5.02,5.07,9.01"
0001510964,"CV Sciences, Inc.",0001510964-23-000022,2023-05-15,2023-05-15T09:10:50-04:00,False,"2.02,7.01,9.01"
0001510964,"CV Sciences, Inc.",0001510964-23-000012,2023-03-29,2023-03-29T09:08:15-04:00,False,"2.02,7.01,9.01"
0001510964,"CV Sciences, Inc.",0001510964-23-000003,2023-03-02,2023-03-02T16:34:16-05:00,True,"7.01,8.01,9.01"
0001510964,"CV Sciences, Inc.",0001510964-22-000085,2022-11-14,2022-11-14T09:12:56-05:00,False,"2.02,7.01,9.01"
0001510964,"CV Sciences, Inc.",0001510964-22-000079,2022-10-25,2022-10-25T16:20:41-04:00,True,5.02
0001510964,"CV Sciences, Inc.",0001510964-22-000076,2022-09-27,2022-09-27T16:08:08-04:00,True,"7.01,8.01,9.01"
0001510964,"CV Sciences, Inc.",0001510964-22-000072,2022-08-25,2022-08-24T19:04:33-04:00,True,"1.01,1.02,7.01,9.01"
0001510964,"CV Sciences, Inc.",0001510964-22-000065,2022-08-15,2022-08-15T09:06:52-04:00,False,"2.02,7.01,9.01"
0001510964,"CV Sciences, Inc.",0001510964-22-000058,2022-07-27,2022-07-27T16:04:34-04:00,True,5.02
0001510964,"CV Sciences, Inc.",0001510964-22-000051,2022-06-06,2022-06-06T16:01:40-04:00,True,8.01
0001510964,"CV Sciences, Inc.",0001510964-22-000048,2022-06-01,2022-06-01T16:06:42-04:00,True,"5.02,5.07"
0001510964,"CV Sciences, Inc.",0001510964-22-000045,2022-05-24,2022-05-24T16:52:41-04:00,True,"1.01,2.04,9.01"
0001510964,"CV Sciences, Inc.",0001510964-22-000040,2022-05-16,2022-05-16T09:15:10-04:00,False,"2.02,7.01,9.01"
0001510964,"CV Sciences, Inc.",0001510964-22-000023,2022-04-01,2022-03-31T20:15:12-04:00,True,"1.01,3.03,5.03,9.01"
0001510964,"CV Sciences, Inc.",0001510964-22-000016,2022-03-31,2022-03-31T16:10:08-04:00,True,"2.02,7.01,9.01"
0001510964,"CV Sciences, Inc.",0001510964-22-000008,2022-03-28,2022-03-28T08:55:52-04:00,False,"1.01,2.03,8.01,9.01"
0001510964,"CV Sciences, Inc.",0001510964-21-000087,2021-12-21,2021-12-21T16:02:26-05:00,True,"5.02,9.01"
0001510964,"CV Sciences, Inc.",0001510964-21-000082,2021-11-30,2021-11-30T17:13:18-05:00,True,"4.01,7.01,9.01"
0001510964,"CV Sciences, Inc.",0001510964-21-000075,2021-11-15,2021-11-15T17:21:13-05:00,True,"1.01,2.03,8.01,9.01"
0001510964,"CV Sciences, Inc.",0001510964-21-000065,2021-11-15,2021-11-15T08:08:51-05:00,False,"2.02,7.01,9.01"
0001510964,"CV Sciences, Inc.",0001510964-21-000062,2021-09-30,2021-09-30T17:03:27-04:00,True,5.02
0001510964,"CV Sciences, Inc.",0001510964-21-000060,2021-09-13,2021-09-13T16:18:30-04:00,True,1.02
0001510964,"CV Sciences, Inc.",0001510964-21-000056,2021-08-12,2021-08-12T16:07:47-04:00,True,"2.02,7.01,9.01"
0001510964,"CV Sciences, Inc.",0001510964-21-000052,2021-07-30,2021-07-30T16:35:35-04:00,True,"5.02,9.01"
0001510964,"CV Sciences, Inc.",0001510964-21-000049,2021-06-29,2021-06-29T17:17:42-04:00,True,"5.02,9.01"
0001510964,"CV Sciences, Inc.",0001510964-21-000045,2021-06-14,2021-06-14T16:40:11-04:00,True,"5.03,9.01"
0001510964,"CV Sciences, Inc.",0001510964-21-000032,2021-06-02,2021-06-02T16:35:55-04:00,True,"5.02,5.07"
0001510964,"CV Sciences, Inc.",0001510964-21-000026,2021-05-13,2021-05-13T16:09:46-04:00,True,"2.02,7.01,9.01"
0001510964,"CV Sciences, Inc.",0001510964-21-000010,2021-03-18,2021-03-18T16:08:25-04:00,True,"2.02,7.01,9.01"
0001510964,"CV Sciences, Inc.",0001510964-20-000082,2020-12-08,2020-12-07T21:05:39-05:00,True,"1.01,8.01,9.01"
0001510964,"CV Sciences, Inc.",0001510964-20-000072,2020-11-05,2020-11-05T16:13:53-05:00,True,"2.02,7.01,9.01"
0001510964,"CV Sciences, Inc.",0001510964-20-000064,2020-08-06,2020-08-06T16:07:38-04:00,True,"2.02,7.01,9.01"
0001510964,"CV Sciences, Inc.",0001510964-20-000062,2020-07-31,2020-07-31T16:56:54-04:00,True,5.02
0001510964,"CV Sciences, Inc.",0001510964-20-000060,2020-06-22,2020-06-19T18:16:46-04:00,True,"5.02,5.07"
0001510964,"CV Sciences, Inc.",0001510964-20-000045,2020-05-20,2020-05-20T16:40:53-04:00,True,"8.01,9.01"
0001510964,"CV Sciences, Inc.",0001510964-20-000039,2020-05-08,2020-05-08T08:08:47-04:00,False,"2.02,7.01,9.01"
0001510964,"CV Sciences, Inc.",0001510964-20-000031,2020-04-21,2020-04-20T17:59:24-04:00,True,"1.01,2.03,9.01"
0001510964,"CV Sciences, Inc.",0001510964-20-000020,2020-03-25,2020-03-25T16:18:48-04:00,True,5.02
0001510964,"CV Sciences, Inc.",0001510964-20-000010,2020-03-16,2020-03-16T16:07:49-04:00,True,"2.02,7.01,9.01"
0001510964,"CV Sciences, Inc.",0001510964-19-000076,2019-11-21,2019-11-21T16:17:05-05:00,True,5.02
0001510964,"CV Sciences, Inc.",0001510964-19-000064,2019-11-05,2019-11-05T16:03:46-05:00,True,"2.02,7.01,9.01"
0001510964,"CV Sciences, Inc.",0001510964-19-000057,2019-10-30,2019-10-30T16:01:35-04:00,True,"5.02,7.01,9.01"
0001510964,"CV Sciences, Inc.",0001510964-19-000054,2019-10-22,2019-10-22T16:20:21-04:00,True,"5.02,7.01,9.01"
0001510964,"CV Sciences, Inc.",0001510964-19-000052,2019-09-20,2019-09-19T17:44:35-04:00,True,"8.01,9.01"
0001510964,"CV Sciences, Inc.",0001510964-19-000049,2019-08-27,2019-08-27T16:07:28-04:00,True,"5.02,7.01,9.01"
0001510964,"CV Sciences, Inc.",0001510964-19-000040,2019-08-06,2019-08-06T16:04:53-04:00,True,"2.02,7.01,9.01"
0001510964,"CV Sciences, Inc.",0001510964-19-000036,2019-07-08,2019-07-08T16:58:50-04:00,True,8.01
0001510964,"CV Sciences, Inc.",0001510964-19-000032,2019-06-25,2019-06-24T19:18:18-04:00,True,5.02
0001510964,"CV Sciences, Inc.",0001510964-19-000029,2019-06-17,2019-06-14T21:25:05-04:00,True,"5.02,5.07,9.01"
0001510964,"CV Sciences, Inc.",0001510964-19-000025,2019-05-08,2019-05-08T16:08:20-04:00,True,"2.02,7.01,9.01"
0001510964,"CV Sciences, Inc.",0001510964-19-000014,2019-04-15,2019-04-15T16:10:12-04:00,True,"4.01,9.01"
0001510964,"CV Sciences, Inc.",0001510964-19-000011,2019-04-02,2019-04-02T16:49:38-04:00,True,8.01
0001510964,"CV Sciences, Inc.",0001510964-19-000009,2019-03-21,2019-03-21T16:58:06-04:00,True,"5.02,7.01,9.01"
0001510964,"CV Sciences, Inc.",0001510964-19-000006,2019-03-12,2019-03-12T16:09:01-04:00,True,"2.02,7.01"
0001510964,"CV Sciences, Inc.",0001683168-19-000175,2019-01-23,2019-01-23T08:13:03-05:00,False,5.02
0001510964,"CV Sciences, Inc.",0001683168-19-000034,2019-01-08,2019-01-08T08:45:13-05:00,False,"5.02,7.01,9.01"
0001810560,"REVELATION BIOSCIENCES, INC.",0001193125-25-306915,2025-12-03,2025-12-03T17:01:56-05:00,True,"3.03,5.07,8.01,9.01"
0001810560,"REVELATION BIOSCIENCES, INC.",0001193125-25-269696,2025-11-06,2025-11-06T16:28:00-05:00,True,"2.02,9.01"
0001810560,"REVELATION BIOSCIENCES, INC.",0001193125-25-256367,2025-10-29,2025-10-29T16:20:21-04:00,True,"7.01,9.01"
0001810560,"REVELATION BIOSCIENCES, INC.",0001193125-25-240400,2025-10-15,2025-10-15T17:06:30-04:00,True,"7.01,9.01"
0001810560,"REVELATION BIOSCIENCES, INC.",0001193125-25-203750,2025-09-15,2025-09-15T17:02:40-04:00,True,"1.01,3.02,3.03,8.01,9.01"
0001810560,"REVELATION BIOSCIENCES, INC.",0001810560-25-000006,2025-09-09,2025-09-09T08:02:12-04:00,False,"8.01,9.01"
0001810560,"REVELATION BIOSCIENCES, INC.",0000950170-25-105485,2025-08-08,2025-08-08T08:10:23-04:00,False,"2.02,9.01"
0001810560,"REVELATION BIOSCIENCES, INC.",0000950170-25-094789,2025-07-09,2025-07-09T16:17:31-04:00,True,"3.03,5.03,8.01,9.01"
0001810560,"REVELATION BIOSCIENCES, INC.",0000950170-25-089972,2025-06-25,2025-06-25T16:26:46-04:00,True,"5.07,8.01"
0001810560,"REVELATION BIOSCIENCES, INC.",0000950170-25-081604,2025-06-04,2025-06-04T16:05:23-04:00,True,"1.01,3.03,8.01,9.01"
0001810560,"REVELATION BIOSCIENCES, INC.",0000950170-25-078340,2025-05-28,2025-05-28T16:14:23-04:00,True,"5.02,8.01"
0001810560,"REVELATION BIOSCIENCES, INC.",0000950170-25-067043,2025-05-08,2025-05-08T16:21:54-04:00,True,"2.02,9.01"
0001810560,"REVELATION BIOSCIENCES, INC.",0000950170-25-040294,2025-03-17,2025-03-17T16:17:14-04:00,True,8.01
0001810560,"REVELATION BIOSCIENCES, INC.",0000950170-25-034689,2025-03-06,2025-03-06T16:19:41-05:00,True,"2.02,9.01"
0001810560,"REVELATION BIOSCIENCES, INC.",0000950170-25-025626,2025-02-24,2025-02-24T16:12:08-05:00,True,"8.01,9.01"
0001810560,"REVELATION BIOSCIENCES, INC.",0000950170-25-017882,2025-02-11,2025-02-11T16:05:25-05:00,True,"8.01,9.01"
0001810560,"REVELATION BIOSCIENCES, INC.",0000950170-25-011197,2025-01-30,2025-01-30T17:19:05-05:00,True,"3.03,5.03,9.01"
0001810560,"REVELATION BIOSCIENCES, INC.",0000950170-25-007303,2025-01-21,2025-01-21T16:31:27-05:00,True,"5.07,8.01,9.01"
0001810560,"REVELATION BIOSCIENCES, INC.",0000950170-25-002828,2025-01-07,2025-01-07T16:05:18-05:00,True,"3.01,8.01,9.01"
0001810560,"REVELATION BIOSCIENCES, INC.",0000950170-24-135895,2024-12-12,2024-12-12T17:20:49-05:00,True,"8.01,9.01"
0001810560,"REVELATION BIOSCIENCES, INC.",0000950170-24-134064,2024-12-06,2024-12-06T16:03:58-05:00,True,"1.01,3.02,3.03,8.01,9.01"
0001810560,"REVELATION BIOSCIENCES, INC.",0000950170-24-124141,2024-11-08,2024-11-08T16:25:20-05:00,True,"2.02,9.01"
0001810560,"REVELATION BIOSCIENCES, INC.",0000950170-24-115955,2024-10-21,2024-10-21T16:19:21-04:00,True,"3.01,9.01"
0001810560,"REVELATION BIOSCIENCES, INC.",0000950170-24-109998,2024-09-27,2024-09-27T16:09:26-04:00,True,"8.01,9.01"
0001810560,"REVELATION BIOSCIENCES, INC.",0000950170-24-100550,2024-08-26,2024-08-26T16:25:36-04:00,True,"1.01,3.02,3.03,8.01,9.01"
0001810560,"REVELATION BIOSCIENCES, INC.",0000950170-24-098505,2024-08-19,2024-08-19T16:05:12-04:00,True,3.01
0001810560,"REVELATION BIOSCIENCES, INC.",0000950170-24-094788,2024-08-09,2024-08-09T16:24:37-04:00,True,"2.02,9.01"
0001810560,"REVELATION BIOSCIENCES, INC.",0000950170-24-089966,2024-08-02,2024-08-02T16:11:50-04:00,True,"8.01,9.01"
0001810560,"REVELATION BIOSCIENCES, INC.",0000950170-24-076761,2024-06-24,2024-06-24T16:28:06-04:00,True,"8.01,9.01"
0001810560,"REVELATION BIOSCIENCES, INC.",0000950170-24-061061,2024-05-16,2024-05-16T16:03:41-04:00,True,"5.07,9.01"
0001810560,"REVELATION BIOSCIENCES, INC.",0000950170-24-057927,2024-05-10,2024-05-10T16:57:19-04:00,True,"2.02,9.01"
0001810560,"REVELATION BIOSCIENCES, INC.",0000950170-24-035376,2024-03-22,2024-03-22T16:22:29-04:00,True,"2.02,9.01"
0001810560,"REVELATION BIOSCIENCES, INC.",0000950170-24-029611,2024-03-12,2024-03-11T21:53:19-04:00,True,"7.01,8.01,9.01"
0001810560,"REVELATION BIOSCIENCES, INC.",0000950170-24-012748,2024-02-08,2024-02-08T16:01:23-05:00,True,"1.01,3.03,8.01,9.01"
0001810560,"REVELATION BIOSCIENCES, INC.",0000950170-24-008972,2024-01-30,2024-01-30T17:21:32-05:00,True,"7.01,9.01"
0001810560,"REVELATION BIOSCIENCES, INC.",0000950170-24-006510,2024-01-23,2024-01-23T16:18:01-05:00,True,"3.03,5.03"
0001810560,"REVELATION BIOSCIENCES, INC.",0000950170-24-006051,2024-01-22,2024-01-22T16:01:09-05:00,True,"5.07,9.01"
0001810560,"REVELATION BIOSCIENCES, INC.",0000950170-23-063019,2023-11-13,2023-11-13T16:30:16-05:00,True,"2.02,9.01"
0001810560,"REVELATION BIOSCIENCES, INC.",0000950170-23-053115,2023-10-12,2023-10-12T16:26:53-04:00,True,"7.01,8.01,9.01"
0001810560,"REVELATION BIOSCIENCES, INC.",0000950170-23-051141,2023-10-02,2023-10-02T16:24:12-04:00,True,"5.02,7.01,9.01"
0001810560,"REVELATION BIOSCIENCES, INC.",0000950170-23-041889,2023-08-11,2023-08-11T16:30:48-04:00,True,"2.02,9.01"
0001810560,"REVELATION BIOSCIENCES, INC.",0000950170-23-041840,2023-08-11,2023-08-11T16:05:39-04:00,True,3.01
0001810560,"REVELATION BIOSCIENCES, INC.",0000950170-23-033021,2023-07-14,2023-07-14T16:51:55-04:00,True,5.07
0001810560,"REVELATION BIOSCIENCES, INC.",0000950170-23-032233,2023-07-07,2023-07-07T16:07:07-04:00,True,"5.03,9.01"
0001810560,"REVELATION BIOSCIENCES, INC.",0000950170-23-030766,2023-06-29,2023-06-29T16:23:53-04:00,True,"7.01,9.01"
0001810560,"REVELATION BIOSCIENCES, INC.",0000950170-23-027498,2023-06-12,2023-06-12T16:20:49-04:00,True,"7.01,9.01"
0001810560,"REVELATION BIOSCIENCES, INC.",0000950170-23-024262,2023-05-25,2023-05-25T16:32:30-04:00,True,"7.01,9.01"
0001810560,"REVELATION BIOSCIENCES, INC.",0000950170-23-023380,2023-05-22,2023-05-22T13:22:28-04:00,False,"2.02,7.01,9.01"
0001810560,"REVELATION BIOSCIENCES, INC.",0000950170-23-011612,2023-04-03,2023-04-03T16:33:40-04:00,True,"2.02,7.01,9.01"
0001810560,"REVELATION BIOSCIENCES, INC.",0000950170-23-003213,2023-02-17,2023-02-17T16:13:29-05:00,True,8.01
0001810560,"REVELATION BIOSCIENCES, INC.",0000950170-23-002652,2023-02-13,2023-02-13T17:30:20-05:00,True,"1.01,3.03,7.01,9.01"
0001810560,"REVELATION BIOSCIENCES, INC.",0000950170-23-001502,2023-01-31,2023-01-31T17:09:13-05:00,True,"3.03,5.03,5.07,7.01,9.01"
0001810560,"REVELATION BIOSCIENCES, INC.",0000950170-23-000613,2023-01-10,2023-01-10T16:07:17-05:00,True,"7.01,9.01"
0001810560,"REVELATION BIOSCIENCES, INC.",0000950170-23-000608,2023-01-10,2023-01-10T16:02:33-05:00,True,"8.01,9.01"
0001810560,"REVELATION BIOSCIENCES, INC.",0000950170-22-026866,2022-12-21,2022-12-21T16:11:28-05:00,True,"1.01,3.02,3.03,5.03,9.01"
0001810560,"REVELATION BIOSCIENCES, INC.",0000950170-22-026382,2022-12-12,2022-12-12T16:02:28-05:00,True,3.01
0001810560,"REVELATION BIOSCIENCES, INC.",0001213900-22-075030,2022-11-25,2022-11-25T06:11:54-05:00,False,3.01
0001810560,"REVELATION BIOSCIENCES, INC.",0000950170-22-024560,2022-11-10,2022-11-10T17:00:58-05:00,True,"2.02,7.01,9.01"
0001810560,"REVELATION BIOSCIENCES, INC.",0000950170-22-020014,2022-10-25,2022-10-25T16:01:56-04:00,True,"7.01,9.01"
0001810560,"REVELATION BIOSCIENCES, INC.",0000950170-22-019354,2022-10-06,2022-10-06T16:02:13-04:00,True,"7.01,9.01"
0001810560,"REVELATION BIOSCIENCES, INC.",0000950170-22-017552,2022-08-17,2022-08-17T16:32:31-04:00,True,"2.02,7.01,9.01"
0001810560,"REVELATION BIOSCIENCES, INC.",0000950170-22-013698,2022-08-01,2022-08-01T17:09:54-04:00,True,"1.01,8.01,9.01"
0001810560,"REVELATION BIOSCIENCES, INC.",0000950170-22-011469,2022-06-10,2022-06-10T16:00:39-04:00,True,3.01
0001810560,"REVELATION BIOSCIENCES, INC.",0000950170-22-010946,2022-05-31,2022-05-31T16:46:11-04:00,True,3.01
0001810560,"REVELATION BIOSCIENCES, INC.",0000950170-22-010146,2022-05-17,2022-05-16T18:34:26-04:00,True,"2.02,9.01"
0001810560,"REVELATION BIOSCIENCES, INC.",0001213900-22-024526,2022-05-06,2022-05-06T16:05:48-04:00,True,"4.01,9.01"
0001810560,"REVELATION BIOSCIENCES, INC.",0001213900-22-012515,2022-03-15,2022-03-15T15:09:52-04:00,False,"7.01,9.01"
0001810560,"REVELATION BIOSCIENCES, INC.",0001213900-22-006506,2022-02-11,2022-02-10T17:45:44-05:00,True,"7.01,9.01"
0001810560,"REVELATION BIOSCIENCES, INC.",0001213900-22-003972,2022-01-27,2022-01-27T16:05:17-05:00,True,"1.01,3.02,7.01,9.01"
0001810560,"REVELATION BIOSCIENCES, INC.",0001213900-22-002152,2022-01-14,2022-01-14T16:28:56-05:00,True,"2.01,3.02,5.01,5.02,5.03,5.06,9.01"
0001810560,"REVELATION BIOSCIENCES, INC.",0001213900-22-001924,2022-01-13,2022-01-13T15:53:16-05:00,False,"7.01,9.01"
0001810560,"REVELATION BIOSCIENCES, INC.",0001213900-22-001766,2022-01-12,2022-01-12T16:49:37-05:00,True,"5.03,5.07,9.01"
0001810560,"REVELATION BIOSCIENCES, INC.",0001213900-21-067371,2021-12-23,2021-12-23T17:27:56-05:00,True,"1.01,2.03,7.01,8.01,9.01"
0001810560,"REVELATION BIOSCIENCES, INC.",0001213900-21-065969,2021-12-17,2021-12-17T15:31:52-05:00,False,8.01
0001810560,"REVELATION BIOSCIENCES, INC.",0001213900-21-062013,2021-11-24,2021-11-24T17:17:41-05:00,True,8.01
0001810560,"REVELATION BIOSCIENCES, INC.",0001213900-21-053548,2021-10-19,2021-10-19T17:23:21-04:00,True,"1.01,2.03,8.01,9.01"
0001810560,"REVELATION BIOSCIENCES, INC.",0001213900-21-052510,2021-10-13,2021-10-12T20:39:20-04:00,True,"5.03,5.07,7.01,9.01"
0001810560,"REVELATION BIOSCIENCES, INC.",0001213900-21-049595,2021-09-23,2021-09-23T17:22:40-04:00,True,"1.01,2.03,5.03,8.01,9.01"
0001810560,"REVELATION BIOSCIENCES, INC.",0001213900-21-046426,2021-09-02,2021-09-02T17:11:30-04:00,True,"1.01,9.01"
0001810560,"REVELATION BIOSCIENCES, INC.",0001213900-21-045753,2021-08-31,2021-08-31T06:06:31-04:00,False,"7.01,9.01"
0001810560,"REVELATION BIOSCIENCES, INC.",0001213900-21-032735,2021-06-16,2021-06-16T16:43:00-04:00,True,4.02
0001810560,"REVELATION BIOSCIENCES, INC.",0001213900-21-030290,2021-06-01,2021-06-01T16:31:29-04:00,True,"3.01,8.01,9.01"
0001810560,"REVELATION BIOSCIENCES, INC.",0001213900-21-011105,2021-02-23,2021-02-23T16:00:12-05:00,True,5.02
0001810560,"REVELATION BIOSCIENCES, INC.",0001213900-20-036166,2020-11-10,2020-11-10T16:05:45-05:00,True,"8.01,9.01"
0001810560,"REVELATION BIOSCIENCES, INC.",0001213900-20-032103,2020-10-19,2020-10-19T17:30:03-04:00,True,"1.01,9.01"
0001810560,"REVELATION BIOSCIENCES, INC.",0001213900-20-031128,2020-10-13,2020-10-13T17:20:38-04:00,True,"1.01,3.02,5.03,8.01,9.01"
0001355790,International Stem Cell CORP,0001683168-25-008521,2025-11-18,2025-11-18T17:18:02-05:00,True,5.07
0001355790,International Stem Cell CORP,0001683168-25-007018,2025-09-16,2025-09-16T09:57:40-04:00,False,"1.01,2.03,9.01"
0001355790,International Stem Cell CORP,0001683168-24-006436,2024-09-17,2024-09-16T19:01:51-04:00,True,"1.01,2.03,9.01"
0001355790,International Stem Cell CORP,0001683168-23-006510,2023-09-18,2023-09-18T08:01:30-04:00,False,"1.01,2.03,9.01"
0001355790,International Stem Cell CORP,0001683168-23-004312,2023-06-21,2023-06-21T14:07:59-04:00,False,5.07
0001355790,International Stem Cell CORP,0001683168-23-001546,2023-03-16,2023-03-16T14:13:38-04:00,False,"1.01,2.03,9.01"
0001355790,International Stem Cell CORP,0001683168-22-006449,2022-09-16,2022-09-16T14:18:25-04:00,False,"1.01,2.03,9.01"
0001355790,International Stem Cell CORP,0001683168-22-004317,2022-06-14,2022-06-13T19:25:22-04:00,True,5.07
0001355790,International Stem Cell CORP,0001683168-22-003021,2022-04-29,2022-04-29T07:51:38-04:00,False,5.02
0001355790,International Stem Cell CORP,0001564590-22-008509,2022-03-03,2022-03-03T16:00:35-05:00,True,"1.01,2.03,9.01"
0001355790,International Stem Cell CORP,0001564590-22-003423,2022-02-02,2022-02-01T18:14:23-05:00,True,5.02
0001355790,International Stem Cell CORP,0001564590-22-001352,2022-01-14,2022-01-14T16:12:48-05:00,True,"1.01,2.03,9.01"
0001355790,International Stem Cell CORP,0001564590-21-061431,2021-12-28,2021-12-28T16:17:23-05:00,True,1.02
0001355790,International Stem Cell CORP,0001564590-21-053192,2021-11-01,2021-11-01T16:43:59-04:00,True,1.01
0001355790,International Stem Cell CORP,0001564590-21-035333,2021-06-30,2021-06-30T16:00:29-04:00,True,"5.03,9.01"
0001355790,International Stem Cell CORP,0001564590-21-032797,2021-06-14,2021-06-14T16:42:28-04:00,True,5.07
0001355790,International Stem Cell CORP,0001564590-21-011478,2021-03-08,2021-03-08T16:02:30-05:00,True,"1.01,2.03,9.01"
0001355790,International Stem Cell CORP,0001564590-21-001473,2021-01-19,2021-01-19T16:00:49-05:00,True,"1.01,2.03,9.01"
0001355790,International Stem Cell CORP,0001193125-20-182621,2020-06-29,2020-06-29T18:37:04-04:00,True,5.07
0001355790,International Stem Cell CORP,0001193125-20-141404,2020-05-13,2020-05-13T13:39:32-04:00,False,8.01
0001355790,International Stem Cell CORP,0001564590-20-019252,2020-04-28,2020-04-28T16:35:29-04:00,True,8.01
0001355790,International Stem Cell CORP,0001564590-20-014239,2020-03-30,2020-03-30T16:42:13-04:00,True,8.01
0001355790,International Stem Cell CORP,0001193125-19-318940,2019-12-19,2019-12-19T14:50:56-05:00,False,"1.01,2.03,9.01"
0001355790,International Stem Cell CORP,0001193125-19-206987,2019-07-30,2019-07-30T15:43:56-04:00,False,"4.01,9.01"
0001355790,International Stem Cell CORP,0001193125-19-168056,2019-06-07,2019-06-07T14:55:55-04:00,False,5.07
0001355790,International Stem Cell CORP,0001193125-19-115027,2019-04-23,2019-04-23T16:32:32-04:00,True,"1.01,9.01"
0001355790,International Stem Cell CORP,0001193125-19-014844,2019-01-23,2019-01-23T16:25:34-05:00,True,"1.01,3.02,9.01"
0001824293,"GRI Bio, Inc.",0001628280-25-056751,2025-12-12,2025-12-12T16:05:13-05:00,True,"8.01,9.01"
0001824293,"GRI Bio, Inc.",0001628280-25-056659,2025-12-12,2025-12-12T08:30:17-05:00,False,"1.01,9.01"
0001824293,"GRI Bio, Inc.",0001824293-25-000167,2025-12-10,2025-12-10T16:05:59-05:00,True,"8.01,9.01"
0001824293,"GRI Bio, Inc.",0001824293-25-000160,2025-12-08,2025-12-08T08:00:31-05:00,False,8.01
0001824293,"GRI Bio, Inc.",0001824293-25-000155,2025-12-02,2025-12-02T08:00:54-05:00,False,3.01
0001824293,"GRI Bio, Inc.",0001824293-25-000126,2025-08-20,2025-08-20T09:28:49-04:00,False,"7.01,9.01"
0001824293,"GRI Bio, Inc.",0001824293-25-000096,2025-08-13,2025-08-13T16:16:39-04:00,True,"5.02,5.07,9.01"
0001824293,"GRI Bio, Inc.",0001824293-25-000094,2025-07-31,2025-07-31T09:02:46-04:00,False,"8.01,9.01"
0001824293,"GRI Bio, Inc.",0001824293-25-000082,2025-06-26,2025-06-26T08:01:08-04:00,False,"7.01,9.01"
0001824293,"GRI Bio, Inc.",0001824293-25-000079,2025-05-23,2025-05-23T07:16:47-04:00,False,"8.01,9.01"
0001824293,"GRI Bio, Inc.",0001824293-25-000072,2025-05-15,2025-05-15T08:35:54-04:00,False,"2.02,9.01"
0001824293,"GRI Bio, Inc.",0001824293-25-000063,2025-05-05,2025-05-05T07:35:49-04:00,False,"8.01,9.01"
0001824293,"GRI Bio, Inc.",0001824293-25-000058,2025-04-16,2025-04-15T18:14:17-04:00,True,"4.01,9.01"
0001824293,"GRI Bio, Inc.",0001628280-25-016066,2025-04-02,2025-04-02T08:29:59-04:00,False,"1.01,8.01,9.01"
0001824293,"GRI Bio, Inc.",0001824293-25-000053,2025-03-17,2025-03-17T08:06:41-04:00,False,"2.02,9.01"
0001824293,"GRI Bio, Inc.",0001824293-25-000045,2025-03-11,2025-03-11T08:37:05-04:00,False,"3.01,8.01,9.01"
0001824293,"GRI Bio, Inc.",0001824293-25-000042,2025-02-19,2025-02-19T16:08:43-05:00,True,"3.03,5.03,8.01,9.01"
0001824293,"GRI Bio, Inc.",0001824293-25-000039,2025-02-11,2025-02-11T16:05:15-05:00,True,5.07
0001824293,"GRI Bio, Inc.",0001824293-24-000159,2024-12-20,2024-12-20T16:05:58-05:00,True,"8.01,9.01"
0001824293,"GRI Bio, Inc.",0001824293-24-000153,2024-11-14,2024-11-14T16:24:37-05:00,True,"2.02,9.01"
0001824293,"GRI Bio, Inc.",0001824293-24-000143,2024-10-24,2024-10-24T08:35:47-04:00,False,"8.01,9.01"
0001824293,"GRI Bio, Inc.",0001824293-24-000141,2024-10-22,2024-10-22T16:21:46-04:00,True,"1.01,3.02,3.03,8.01,9.01"
0001824293,"GRI Bio, Inc.",0001824293-24-000133,2024-09-11,2024-09-10T18:37:20-04:00,True,3.01
0001824293,"GRI Bio, Inc.",0001824293-24-000129,2024-09-06,2024-09-06T16:15:15-04:00,True,5.07
0001824293,"GRI Bio, Inc.",0001824293-24-000116,2024-08-23,2024-08-23T16:05:11-04:00,True,5.07
0001824293,"GRI Bio, Inc.",0001824293-24-000107,2024-08-14,2024-08-14T08:07:50-04:00,False,"2.02,7.01,9.01"
0001824293,"GRI Bio, Inc.",0001824293-24-000094,2024-07-26,2024-07-26T16:07:43-04:00,True,"8.01,9.01"
0001824293,"GRI Bio, Inc.",0001824293-24-000084,2024-07-19,2024-07-19T16:03:19-04:00,True,"8.01,9.01"
0001824293,"GRI Bio, Inc.",0001824293-24-000078,2024-07-08,2024-07-08T09:07:05-04:00,False,"3.01,8.01,9.01"
0001824293,"GRI Bio, Inc.",0001628280-24-030244,2024-06-27,2024-06-27T08:05:57-04:00,False,"1.01,8.01,9.01"
0001824293,"GRI Bio, Inc.",0001824293-24-000070,2024-06-18,2024-06-18T16:48:10-04:00,True,"5.02,9.01"
0001824293,"GRI Bio, Inc.",0001824293-24-000060,2024-06-14,2024-06-14T08:08:20-04:00,False,"3.03,5.03,8.01,9.01"
0001824293,"GRI Bio, Inc.",0001824293-24-000057,2024-06-07,2024-06-07T16:06:52-04:00,True,5.07
0001824293,"GRI Bio, Inc.",0001824293-24-000055,2024-05-22,2024-05-22T16:45:29-04:00,True,3.01
0001824293,"GRI Bio, Inc.",0001824293-24-000052,2024-05-20,2024-05-20T16:13:23-04:00,True,"1.01,9.01"
0001824293,"GRI Bio, Inc.",0001824293-24-000049,2024-05-13,2024-05-13T08:02:59-04:00,False,"2.02,7.01,9.01"
0001824293,"GRI Bio, Inc.",0001824293-24-000037,2024-04-01,2024-04-01T09:13:53-04:00,False,"2.02,9.01"
0001824293,"GRI Bio, Inc.",0001628280-24-003067,2024-02-02,2024-02-02T16:23:00-05:00,True,"1.01,8.01,9.01"
0001824293,"GRI Bio, Inc.",0001824293-24-000023,2024-01-30,2024-01-30T08:12:42-05:00,False,"3.03,5.03,8.01,9.01"
0001824293,"GRI Bio, Inc.",0001824293-24-000018,2024-01-19,2024-01-19T16:15:15-05:00,True,5.07
0001824293,"GRI Bio, Inc.",0001824293-24-000014,2024-01-16,2024-01-16T08:45:50-05:00,False,"7.01,9.01"
0001824293,"GRI Bio, Inc.",0001824293-24-000007,2024-01-08,2024-01-05T19:05:11-05:00,True,3.01
0001824293,"GRI Bio, Inc.",0001824293-23-000179,2023-12-05,2023-12-05T09:07:52-05:00,False,"8.01,9.01"
0001824293,"GRI Bio, Inc.",0001824293-23-000177,2023-11-27,2023-11-27T08:38:43-05:00,False,8.01
0001824293,"GRI Bio, Inc.",0001824293-23-000175,2023-11-24,2023-11-24T16:04:14-05:00,True,3.01
0001824293,"GRI Bio, Inc.",0001824293-23-000172,2023-11-15,2023-11-15T08:07:13-05:00,False,"2.02,9.01"
0001824293,"GRI Bio, Inc.",0001824293-23-000166,2023-11-01,2023-11-01T08:45:57-04:00,False,7.01
0001824293,"GRI Bio, Inc.",0001824293-23-000161,2023-08-25,2023-08-25T16:42:52-04:00,True,"7.01,9.01"
0001824293,"GRI Bio, Inc.",0001824293-23-000159,2023-08-23,2023-08-23T09:07:49-04:00,False,"1.01,2.01,8.01,9.01"
0001824293,"GRI Bio, Inc.",0001824293-23-000145,2023-08-14,2023-08-14T08:06:42-04:00,False,"2.02,9.01"
0001824293,"GRI Bio, Inc.",0001824293-23-000142,2023-07-07,2023-07-07T16:03:03-04:00,True,5.07
0001824293,"GRI Bio, Inc.",0001824293-23-000116,2023-04-27,2023-04-27T09:12:07-04:00,False,"8.01,9.01"
0001824293,"GRI Bio, Inc.",0001824293-23-000114,2023-04-27,2023-04-27T08:40:36-04:00,False,"7.01,9.01"
0001824293,"GRI Bio, Inc.",0001824293-23-000073,2023-04-21,2023-04-21T17:14:39-04:00,True,"1.01,2.01,3.03,4.01,5.01,5.02,5.03,8.01,9.01"
0001824293,"GRI Bio, Inc.",0001824293-23-000065,2023-04-21,2023-04-20T19:38:47-04:00,True,"5.07,8.01,9.01"
0001824293,"GRI Bio, Inc.",0001824293-23-000062,2023-04-12,2023-04-12T16:06:39-04:00,True,"5.07,8.01,9.01"
0001824293,"GRI Bio, Inc.",0001824293-23-000056,2023-04-07,2023-04-07T08:24:20-04:00,False,8.01
0001824293,"GRI Bio, Inc.",0001824293-23-000043,2023-04-04,2023-04-04T09:01:12-04:00,False,"8.01,9.01"
0001824293,"GRI Bio, Inc.",0001824293-23-000033,2023-03-31,2023-03-31T16:35:00-04:00,True,8.01
0001824293,"GRI Bio, Inc.",0001824293-23-000022,2023-03-02,2023-03-02T16:07:08-05:00,True,3.01
0001824293,"GRI Bio, Inc.",0001824293-23-000018,2023-02-24,2023-02-24T07:34:44-05:00,False,"2.02,9.01"
0001824293,"GRI Bio, Inc.",0001824293-23-000010,2023-01-11,2023-01-11T08:30:26-05:00,False,"8.01,9.01"
0001824293,"GRI Bio, Inc.",0001824293-22-000084,2022-12-29,2022-12-29T16:06:16-05:00,True,3.01
0001824293,"GRI Bio, Inc.",0001628280-22-031808,2022-12-13,2022-12-13T16:09:38-05:00,True,"1.01,8.01,9.01"
0001824293,"GRI Bio, Inc.",0001824293-22-000079,2022-11-03,2022-11-03T16:32:25-04:00,True,"2.02,9.01"
0001824293,"GRI Bio, Inc.",0001824293-22-000070,2022-07-28,2022-07-28T08:04:23-04:00,False,"2.02,9.01"
0001824293,"GRI Bio, Inc.",0001824293-22-000066,2022-07-26,2022-07-26T16:12:05-04:00,True,"1.01,9.01"
0001824293,"GRI Bio, Inc.",0001824293-22-000064,2022-07-13,2022-07-13T16:14:39-04:00,True,5.07
0001824293,"GRI Bio, Inc.",0001824293-22-000059,2022-06-28,2022-06-28T16:06:03-04:00,True,3.01
0001824293,"GRI Bio, Inc.",0001824293-22-000050,2022-06-10,2022-06-10T08:30:24-04:00,False,5.07
0001824293,"GRI Bio, Inc.",0001824293-22-000039,2022-05-18,2022-05-18T17:07:50-04:00,True,"3.02,5.03,8.01,9.01"
0001824293,"GRI Bio, Inc.",0001628280-22-014382,2022-05-13,2022-05-13T17:12:21-04:00,True,"1.01,8.01,9.01"
0001824293,"GRI Bio, Inc.",0001824293-22-000036,2022-05-12,2022-05-12T08:37:17-04:00,False,"8.01,9.01"
0001824293,"GRI Bio, Inc.",0001824293-22-000032,2022-05-09,2022-05-09T16:08:48-04:00,True,"2.02,9.01"
0001824293,"GRI Bio, Inc.",0001824293-22-000024,2022-04-22,2022-04-22T09:17:53-04:00,False,"5.02,8.01,9.01"
0001824293,"GRI Bio, Inc.",0001824293-22-000021,2022-03-30,2022-03-30T09:26:39-04:00,False,5.02
0001824293,"GRI Bio, Inc.",0001824293-22-000019,2022-03-21,2022-03-21T07:01:45-04:00,False,"8.01,9.01"
0001824293,"GRI Bio, Inc.",0001824293-22-000007,2022-02-28,2022-02-28T16:08:39-05:00,True,"5.02,9.01"
0001824293,"GRI Bio, Inc.",0001824293-22-000005,2022-02-14,2022-02-14T16:23:32-05:00,True,"2.02,9.01"
0001824293,"GRI Bio, Inc.",0001824293-21-000024,2021-12-23,2021-12-23T08:36:05-05:00,False,"8.01,9.01"
0001824293,"GRI Bio, Inc.",0001824293-21-000018,2021-11-12,2021-11-12T08:06:30-05:00,False,"2.02,8.01,9.01"
0001824293,"GRI Bio, Inc.",0001824293-21-000013,2021-10-12,2021-10-12T09:02:50-04:00,False,"8.01,9.01"
0001824293,"GRI Bio, Inc.",0001824293-21-000009,2021-08-10,2021-08-10T08:06:21-04:00,False,"2.02,9.01"
0001824293,"GRI Bio, Inc.",0001104659-21-065545,2021-05-13,2021-05-13T08:45:34-04:00,False,"2.02,5.02,9.01"
0001824293,"GRI Bio, Inc.",0001104659-21-054500,2021-04-23,2021-04-23T16:40:32-04:00,True,5.02
0001824293,"GRI Bio, Inc.",0001104659-21-049886,2021-04-14,2021-04-13T19:30:31-04:00,True,"8.01,9.01"
0001824293,"GRI Bio, Inc.",0001104659-21-029269,2021-02-26,2021-02-26T16:37:36-05:00,True,"7.01,9.01"
0001824293,"GRI Bio, Inc.",0001104659-21-022369,2021-02-16,2021-02-16T06:02:26-05:00,False,"1.01,3.02,5.03,8.01,9.01"
0001497253,"VivoSim Labs, INC.",0001193125-25-324794,2025-12-18,2025-12-18T16:05:25-05:00,True,"5.07,9.01"
0001497253,"VivoSim Labs, INC.",0000950170-25-108447,2025-08-14,2025-08-14T08:06:27-04:00,False,"5.02,7.01,9.01"
0001497253,"VivoSim Labs, INC.",0000950170-25-063979,2025-05-06,2025-05-06T08:05:09-04:00,False,"8.01,9.01"
0001497253,"VivoSim Labs, INC.",0000950170-25-057685,2025-04-24,2025-04-24T08:30:13-04:00,False,"5.03,7.01,8.01,9.01"
0001497253,"VivoSim Labs, INC.",0000950170-25-056974,2025-04-23,2025-04-23T08:06:08-04:00,False,"7.01,9.01"
0001497253,"VivoSim Labs, INC.",0000950170-25-048888,2025-04-02,2025-04-02T08:06:07-04:00,False,"2.02,7.01,8.01,9.01"
0001497253,"VivoSim Labs, INC.",0000950170-25-045740,2025-03-27,2025-03-27T08:05:09-04:00,False,"7.01,9.01"
0001497253,"VivoSim Labs, INC.",0000950170-25-044801,2025-03-26,2025-03-26T08:05:08-04:00,False,"2.01,5.02,8.01,9.01"
0001497253,"VivoSim Labs, INC.",0000950170-25-042903,2025-03-21,2025-03-21T08:05:08-04:00,False,"3.03,5.03,9.01"
0001497253,"VivoSim Labs, INC.",0000950170-25-041749,2025-03-19,2025-03-19T08:06:08-04:00,False,"7.01,9.01"
0001497253,"VivoSim Labs, INC.",0000950170-25-034181,2025-03-06,2025-03-06T08:05:09-05:00,False,"8.01,9.01"
0001497253,"VivoSim Labs, INC.",0000950170-25-026097,2025-02-25,2025-02-25T08:06:08-05:00,False,"1.01,3.01,8.01,9.01"
0001497253,"VivoSim Labs, INC.",0000950170-25-006819,2025-01-17,2025-01-17T17:30:31-05:00,True,"3.01,9.01"
0001497253,"VivoSim Labs, INC.",0000950170-24-141323,2024-12-31,2024-12-31T08:05:06-05:00,False,"5.02,9.01"
0001497253,"VivoSim Labs, INC.",0000950170-24-129965,2024-11-22,2024-11-22T08:05:29-05:00,False,"5.02,5.07,9.01"
0001497253,"VivoSim Labs, INC.",0000950170-24-094736,2024-08-09,2024-08-09T16:05:08-04:00,True,"5.02,9.01"
0001497253,"VivoSim Labs, INC.",0000950170-24-086026,2024-07-24,2024-07-24T16:05:07-04:00,True,"3.01,9.01"
0001497253,"VivoSim Labs, INC.",0000950170-24-058805,2024-05-13,2024-05-13T17:00:35-04:00,True,"1.01,8.01,9.01"
0001497253,"VivoSim Labs, INC.",0000950170-24-050906,2024-05-01,2024-05-01T08:05:17-04:00,False,"7.01,9.01"
0001497253,"VivoSim Labs, INC.",0000950170-24-046879,2024-04-23,2024-04-23T16:05:11-04:00,True,"8.01,9.01"
0001497253,"VivoSim Labs, INC.",0000950170-24-011954,2024-02-07,2024-02-07T08:05:17-05:00,False,"7.01,9.01"
0001497253,"VivoSim Labs, INC.",0000950170-23-073581,2023-12-28,2023-12-28T16:05:09-05:00,True,"3.02,8.01,9.01"
0001497253,"VivoSim Labs, INC.",0000950170-23-058528,2023-11-03,2023-11-03T08:05:08-04:00,False,"5.02,5.07,9.01"
0001497253,"VivoSim Labs, INC.",0000950170-23-047720,2023-09-12,2023-09-12T16:11:21-04:00,True,"5.02,9.01"
0001497253,"VivoSim Labs, INC.",0001193125-23-228012,2023-09-05,2023-09-05T06:04:28-04:00,False,"4.01,9.01"
0001497253,"VivoSim Labs, INC.",0001193125-23-218056,2023-08-22,2023-08-22T16:45:59-04:00,True,"2.05,5.02,9.01"
0001497253,"VivoSim Labs, INC.",0001193125-23-192276,2023-07-24,2023-07-24T16:27:00-04:00,True,"4.01,9.01"
0001497253,"VivoSim Labs, INC.",0001193125-23-071465,2023-03-15,2023-03-15T17:14:30-04:00,True,"1.01,9.01"
0001497253,"VivoSim Labs, INC.",0001564590-22-034280,2022-10-14,2022-10-14T16:07:36-04:00,True,"5.02,5.07,9.01"
0001497253,"VivoSim Labs, INC.",0001564590-22-031015,2022-09-06,2022-09-06T08:06:27-04:00,False,"8.01,9.01"
0001497253,"VivoSim Labs, INC.",0001564590-22-009633,2022-03-10,2022-03-10T16:05:47-05:00,True,"5.02,9.01"
0001497253,"VivoSim Labs, INC.",0001564590-22-007614,2022-02-28,2022-02-28T16:07:30-05:00,True,"1.01,7.01,9.01"
0001497253,"VivoSim Labs, INC.",0001564590-21-057764,2021-11-19,2021-11-19T16:05:54-05:00,True,"1.01,9.01"
0001497253,"VivoSim Labs, INC.",0001564590-21-050320,2021-10-06,2021-10-06T16:47:57-04:00,True,"5.02,5.07,9.01"
0001497253,"VivoSim Labs, INC.",0001564590-21-049835,2021-10-01,2021-10-01T16:05:50-04:00,True,"5.03,9.01"
0001497253,"VivoSim Labs, INC.",0001193125-21-276145,2021-09-17,2021-09-17T16:13:03-04:00,True,"8.01,9.01"
0001497253,"VivoSim Labs, INC.",0001564590-21-027528,2021-05-13,2021-05-13T16:05:33-04:00,True,5.02
0001497253,"VivoSim Labs, INC.",0001564590-21-019401,2021-04-19,2021-04-19T16:05:27-04:00,True,5.02
0001497253,"VivoSim Labs, INC.",0001193125-21-076214,2021-03-10,2021-03-10T16:08:00-05:00,True,"5.02,9.01"
0001497253,"VivoSim Labs, INC.",0001564590-20-058969,2020-12-31,2020-12-31T16:05:12-05:00,True,"1.01,9.01"
0001497253,"VivoSim Labs, INC.",0001564590-20-055281,2020-11-25,2020-11-25T17:25:16-05:00,True,"1.01,9.01"
0001497253,"VivoSim Labs, INC.",0001564590-20-043777,2020-09-17,2020-09-17T08:05:38-04:00,False,"5.02,5.07,9.01"
0001497253,"VivoSim Labs, INC.",0001564590-20-042513,2020-09-03,2020-09-03T16:05:22-04:00,True,"3.01,5.02,9.01"
0001497253,"VivoSim Labs, INC.",0001564590-20-040374,2020-08-17,2020-08-17T08:05:52-04:00,False,"3.03,5.03,8.01,9.01"
0001497253,"VivoSim Labs, INC.",0001193125-20-193012,2020-07-15,2020-07-15T08:32:30-04:00,False,"1.01,5.02,9.01"
0001497253,"VivoSim Labs, INC.",0001564590-20-026401,2020-05-20,2020-05-20T17:00:26-04:00,True,"5.02,9.01"
0001497253,"VivoSim Labs, INC.",0001564590-20-015914,2020-04-08,2020-04-08T16:32:25-04:00,True,"1.02,5.07,8.01,9.01"
0001497253,"VivoSim Labs, INC.",0001564590-20-014668,2020-04-01,2020-04-01T09:17:36-04:00,False,"8.01,9.01"
0001497253,"VivoSim Labs, INC.",0001564590-20-013657,2020-03-27,2020-03-27T17:07:33-04:00,True,"5.07,8.01,9.01"
0001497253,"VivoSim Labs, INC.",0001193125-20-080822,2020-03-20,2020-03-20T17:21:03-04:00,True,"8.01,9.01"
0001497253,"VivoSim Labs, INC.",0001193125-20-017570,2020-01-29,2020-01-29T06:17:03-05:00,False,"1.01,9.01"
0001497253,"VivoSim Labs, INC.",0001193125-19-325309,2019-12-30,2019-12-30T06:12:03-05:00,False,"3.01,8.01"
0001497253,"VivoSim Labs, INC.",0001193125-19-314613,2019-12-16,2019-12-16T08:04:04-05:00,False,"1.01,5.02,8.01,9.01"
0001497253,"VivoSim Labs, INC.",0001564590-19-036804,2019-10-11,2019-10-10T18:43:00-04:00,True,"5.03,9.01"
0001497253,"VivoSim Labs, INC.",0001564590-19-036322,2019-10-03,2019-10-03T08:05:29-04:00,False,"8.01,9.01"
0001497253,"VivoSim Labs, INC.",0001564590-19-034174,2019-09-05,2019-09-05T16:05:24-04:00,True,5.07
0001497253,"VivoSim Labs, INC.",0001564590-19-029710,2019-08-07,2019-08-07T09:07:22-04:00,False,"8.01,9.01"
0001497253,"VivoSim Labs, INC.",0001564590-19-024686,2019-07-09,2019-07-09T16:15:19-04:00,True,5.02
0001497253,"VivoSim Labs, INC.",0001564590-19-023952,2019-06-28,2019-06-28T08:06:26-04:00,False,3.01
0001497253,"VivoSim Labs, INC.",0001564590-19-020163,2019-05-22,2019-05-22T16:05:29-04:00,True,"2.02,9.01"
0001497253,"VivoSim Labs, INC.",0001564590-19-003359,2019-02-20,2019-02-20T08:05:38-05:00,False,"5.02,9.01"
0001497253,"VivoSim Labs, INC.",0001564590-19-002285,2019-02-07,2019-02-07T16:13:06-05:00,True,"2.02,9.01"
0001855485,"Calidi Biotherapeutics, Inc.",0001493152-25-022349,2025-11-13,2025-11-13T16:30:50-05:00,True,"2.02,7.01,9.01"
0001855485,"Calidi Biotherapeutics, Inc.",0001493152-25-021418,2025-11-10,2025-11-10T08:30:53-05:00,False,"7.01,8.01,9.01"
0001855485,"Calidi Biotherapeutics, Inc.",0001493152-25-020390,2025-10-31,2025-10-31T16:15:25-04:00,True,"1.01,1.02,2.01,9.01"
0001855485,"Calidi Biotherapeutics, Inc.",0001493152-25-019353,2025-10-24,2025-10-24T17:16:07-04:00,True,"7.01,8.01,9.01"
0001855485,"Calidi Biotherapeutics, Inc.",0001493152-25-014293,2025-09-19,2025-09-19T17:00:14-04:00,True,"1.01,5.02,9.01"
0001855485,"Calidi Biotherapeutics, Inc.",0001641172-25-026066,2025-08-29,2025-08-29T17:20:03-04:00,True,"7.01,9.01"
0001855485,"Calidi Biotherapeutics, Inc.",0001641172-25-025273,2025-08-22,2025-08-22T17:27:23-04:00,True,"1.01,8.01,9.01"
0001855485,"Calidi Biotherapeutics, Inc.",0001641172-25-024190,2025-08-14,2025-08-14T17:18:36-04:00,True,"1.01,5.02,9.01"
0001855485,"Calidi Biotherapeutics, Inc.",0001641172-25-022791,2025-08-08,2025-08-08T16:35:14-04:00,True,"2.02,7.01,9.01"
0001855485,"Calidi Biotherapeutics, Inc.",0001641172-25-022592,2025-08-07,2025-08-07T16:31:17-04:00,True,"3.03,5.03,9.01"
0001855485,"Calidi Biotherapeutics, Inc.",0001641172-25-021039,2025-07-25,2025-07-25T17:00:32-04:00,True,"5.02,7.01,8.01,9.01"
0001855485,"Calidi Biotherapeutics, Inc.",0001641172-25-018808,2025-07-11,2025-07-11T17:10:00-04:00,True,5.07
0001855485,"Calidi Biotherapeutics, Inc.",0001641172-25-018553,2025-07-10,2025-07-10T13:02:07-04:00,False,"1.01,3.02,7.01,9.01"
0001855485,"Calidi Biotherapeutics, Inc.",0001641172-25-010348,2025-05-14,2025-05-14T17:00:33-04:00,True,"2.02,7.01,9.01"
0001855485,"Calidi Biotherapeutics, Inc.",0001641172-25-008365,2025-05-02,2025-05-02T16:30:13-04:00,True,"4.01,9.01"
0001855485,"Calidi Biotherapeutics, Inc.",0001641172-25-005777,2025-04-23,2025-04-23T08:10:13-04:00,False,"1.01,5.02,7.01,8.01,9.01"
0001855485,"Calidi Biotherapeutics, Inc.",0001641172-25-003501,2025-04-10,2025-04-09T21:57:43-04:00,True,"7.01,9.01"
0001855485,"Calidi Biotherapeutics, Inc.",0001641172-25-001969,2025-04-01,2025-04-01T06:07:00-04:00,False,"1.01,3.02,8.01,9.01"
0001855485,"Calidi Biotherapeutics, Inc.",0001641172-25-001822,2025-03-31,2025-03-31T16:59:31-04:00,True,"2.02,7.01,9.01"
0001855485,"Calidi Biotherapeutics, Inc.",0001493152-25-009731,2025-03-10,2025-03-10T17:21:53-04:00,True,"7.01,9.01"
0001855485,"Calidi Biotherapeutics, Inc.",0001493152-25-004887,2025-02-05,2025-02-04T18:15:51-05:00,True,"8.01,9.01"
0001855485,"Calidi Biotherapeutics, Inc.",0001493152-25-003916,2025-01-28,2025-01-28T08:30:32-05:00,False,"1.02,2.02,7.01,9.01"
0001855485,"Calidi Biotherapeutics, Inc.",0001493152-25-001711,2025-01-10,2025-01-10T16:24:52-05:00,True,"8.01,9.01"
0001855485,"Calidi Biotherapeutics, Inc.",0001493152-25-001567,2025-01-10,2025-01-10T08:30:38-05:00,False,"1.01,3.02,7.01,8.01,9.01"
0001855485,"Calidi Biotherapeutics, Inc.",0001493152-24-046434,2024-11-18,2024-11-18T08:10:35-05:00,False,"7.01,9.01"
0001855485,"Calidi Biotherapeutics, Inc.",0001493152-24-046330,2024-11-15,2024-11-15T17:02:23-05:00,True,"1.01,3.02,8.01,9.01"
0001855485,"Calidi Biotherapeutics, Inc.",0001493152-24-044932,2024-11-13,2024-11-12T20:25:44-05:00,True,"2.02,7.01,9.01"
0001855485,"Calidi Biotherapeutics, Inc.",0001493152-24-042406,2024-10-24,2024-10-24T17:18:07-04:00,True,"1.01,3.02,8.01,9.01"
0001855485,"Calidi Biotherapeutics, Inc.",0001493152-24-041633,2024-10-18,2024-10-18T17:29:57-04:00,True,"7.01,9.01"
0001855485,"Calidi Biotherapeutics, Inc.",0001493152-24-041623,2024-10-18,2024-10-18T17:25:48-04:00,True,"3.01,7.01,9.01"
0001855485,"Calidi Biotherapeutics, Inc.",0001493152-24-040953,2024-10-11,2024-10-11T17:05:23-04:00,True,"1.01,9.01"
0001855485,"Calidi Biotherapeutics, Inc.",0001493152-24-038718,2024-09-30,2024-09-30T09:10:10-04:00,False,"7.01,9.01"
0001855485,"Calidi Biotherapeutics, Inc.",0001493152-24-037858,2024-09-24,2024-09-23T18:10:59-04:00,True,5.07
0001855485,"Calidi Biotherapeutics, Inc.",0001493152-24-035939,2024-09-12,2024-09-12T06:12:24-04:00,False,"7.01,9.01"
0001855485,"Calidi Biotherapeutics, Inc.",0001493152-24-033579,2024-08-22,2024-08-22T17:16:09-04:00,True,"7.01,9.01"
0001855485,"Calidi Biotherapeutics, Inc.",0001493152-24-033215,2024-08-20,2024-08-20T06:04:17-04:00,False,"5.02,8.01"
0001855485,"Calidi Biotherapeutics, Inc.",0001493152-24-031718,2024-08-14,2024-08-13T17:48:18-04:00,True,"2.02,7.01,9.01"
0001855485,"Calidi Biotherapeutics, Inc.",0001493152-24-029384,2024-07-29,2024-07-29T09:15:16-04:00,False,"1.01,3.02,7.01,9.01"
0001855485,"Calidi Biotherapeutics, Inc.",0001493152-24-027867,2024-07-15,2024-07-15T16:58:36-04:00,True,"5.03,9.01"
0001855485,"Calidi Biotherapeutics, Inc.",0001493152-24-026477,2024-07-08,2024-07-08T16:30:15-04:00,True,"1.01,2.03,9.01"
0001855485,"Calidi Biotherapeutics, Inc.",0001493152-24-026374,2024-07-05,2024-07-05T16:30:20-04:00,True,"7.01,9.01"
0001855485,"Calidi Biotherapeutics, Inc.",0001493152-24-025267,2024-06-26,2024-06-26T16:15:42-04:00,True,"5.02,9.01"
0001855485,"Calidi Biotherapeutics, Inc.",0001493152-24-023520,2024-06-12,2024-06-11T19:14:12-04:00,True,"5.07,9.01"
0001855485,"Calidi Biotherapeutics, Inc.",0001493152-24-022572,2024-06-04,2024-06-04T17:00:25-04:00,True,"1.01,3.02,9.01"
0001855485,"Calidi Biotherapeutics, Inc.",0001493152-24-022229,2024-05-31,2024-05-31T17:00:37-04:00,True,"1.01,3.02,7.01,9.01"
0001855485,"Calidi Biotherapeutics, Inc.",0001493152-24-020443,2024-05-17,2024-05-17T16:35:02-04:00,True,"5.02,9.01"
0001855485,"Calidi Biotherapeutics, Inc.",0001493152-24-020222,2024-05-16,2024-05-16T16:01:21-04:00,True,5.02
0001855485,"Calidi Biotherapeutics, Inc.",0001493152-24-019358,2024-05-15,2024-05-14T21:01:22-04:00,True,"2.02,7.01,9.01"
0001855485,"Calidi Biotherapeutics, Inc.",0001493152-24-015397,2024-04-19,2024-04-19T17:25:52-04:00,True,"7.01,9.01"
0001855485,"Calidi Biotherapeutics, Inc.",0001493152-24-015390,2024-04-19,2024-04-19T17:20:14-04:00,True,"1.01,7.01,8.01,9.01"
0001855485,"Calidi Biotherapeutics, Inc.",0001493152-24-015220,2024-04-18,2024-04-18T17:00:15-04:00,True,"1.01,9.01"
0001855485,"Calidi Biotherapeutics, Inc.",0001493152-24-012176,2024-04-01,2024-04-01T09:00:29-04:00,False,"1.01,9.01"
0001855485,"Calidi Biotherapeutics, Inc.",0001493152-24-010208,2024-03-18,2024-03-18T08:41:04-04:00,False,"2.02,7.01,9.01"
0001855485,"Calidi Biotherapeutics, Inc.",0001493152-24-009678,2024-03-12,2024-03-12T16:51:30-04:00,True,"1.01,1.02,2.03,3.02,9.01"
0001855485,"Calidi Biotherapeutics, Inc.",0001493152-24-008601,2024-03-01,2024-03-01T17:24:28-05:00,True,"5.03,9.01"
0001855485,"Calidi Biotherapeutics, Inc.",0001493152-24-008203,2024-02-28,2024-02-28T16:42:45-05:00,True,"7.01,9.01"
0001855485,"Calidi Biotherapeutics, Inc.",0001493152-24-005808,2024-02-12,2024-02-12T06:30:32-05:00,False,"3.02,8.01,9.01"
0001855485,"Calidi Biotherapeutics, Inc.",0001493152-24-005220,2024-02-07,2024-02-07T13:06:39-05:00,False,"2.02,7.01"
0001855485,"Calidi Biotherapeutics, Inc.",0001493152-24-004619,2024-02-01,2024-02-01T17:00:41-05:00,True,"1.01,2.03,3.02,9.01"
0001855485,"Calidi Biotherapeutics, Inc.",0001493152-24-001661,2024-01-08,2024-01-08T08:00:30-05:00,False,"7.01,9.01"
0001855485,"Calidi Biotherapeutics, Inc.",0001493152-24-001163,2024-01-05,2024-01-05T08:00:32-05:00,False,"7.01,9.01"
0001855485,"Calidi Biotherapeutics, Inc.",0001493152-23-045437,2023-12-19,2023-12-19T17:00:51-05:00,True,7.01
0001855485,"Calidi Biotherapeutics, Inc.",0001493152-23-044598,2023-12-12,2023-12-12T17:17:37-05:00,True,"1.01,3.02,5.02,9.01"
0001855485,"Calidi Biotherapeutics, Inc.",0001493152-23-043727,2023-12-05,2023-12-05T17:00:24-05:00,True,5.02
0001855485,"Calidi Biotherapeutics, Inc.",0001493152-23-041223,2023-11-14,2023-11-14T16:51:02-05:00,True,"2.02,7.01,9.01"
0001855485,"Calidi Biotherapeutics, Inc.",0001493152-23-038596,2023-10-30,2023-10-30T06:30:35-04:00,False,"1.01,5.02,7.01,9.01"
0001855485,"Calidi Biotherapeutics, Inc.",0001493152-23-038547,2023-10-27,2023-10-27T17:00:22-04:00,True,"5.02,9.01"
0001855485,"Calidi Biotherapeutics, Inc.",0001493152-23-037376,2023-10-16,2023-10-16T16:58:30-04:00,True,5.02
0001855485,"Calidi Biotherapeutics, Inc.",0001193125-23-237077,2023-09-19,2023-09-18T19:12:11-04:00,True,"1.01,2.01,3.03,4.01,5.01,5.02,5.03,5.05,5.06,9.01"
0001855485,"Calidi Biotherapeutics, Inc.",0001193125-23-232609,2023-09-11,2023-09-11T17:29:34-04:00,True,"8.01,9.01"
0001855485,"Calidi Biotherapeutics, Inc.",0001193125-23-225571,2023-08-31,2023-08-31T08:46:35-04:00,False,"1.01,9.01"
0001855485,"Calidi Biotherapeutics, Inc.",0001193125-23-222968,2023-08-29,2023-08-29T07:03:05-04:00,False,"1.01,5.07,8.01,9.01"
0001855485,"Calidi Biotherapeutics, Inc.",0001193125-23-220122,2023-08-24,2023-08-24T16:14:06-04:00,True,"8.01,9.01"
0001855485,"Calidi Biotherapeutics, Inc.",0001193125-23-218005,2023-08-22,2023-08-22T16:14:02-04:00,True,"8.01,9.01"
0001855485,"Calidi Biotherapeutics, Inc.",0001193125-23-216394,2023-08-21,2023-08-21T06:06:32-04:00,False,8.01
0001855485,"Calidi Biotherapeutics, Inc.",0001193125-23-213869,2023-08-16,2023-08-16T07:51:15-04:00,False,"7.01,9.01"
0001855485,"Calidi Biotherapeutics, Inc.",0001193125-23-173151,2023-06-23,2023-06-23T07:41:03-04:00,False,"1.01,7.01,9.01"
0001855485,"Calidi Biotherapeutics, Inc.",0001193125-23-169071,2023-06-16,2023-06-16T16:44:57-04:00,True,8.01
0001855485,"Calidi Biotherapeutics, Inc.",0001193125-23-100724,2023-04-13,2023-04-13T17:23:56-04:00,True,"1.01,9.01"
0001855485,"Calidi Biotherapeutics, Inc.",0001193125-23-032729,2023-02-10,2023-02-10T16:41:14-05:00,True,"1.01,7.01,9.01"
0001855485,"Calidi Biotherapeutics, Inc.",0001193125-23-004705,2023-01-09,2023-01-09T15:37:28-05:00,False,"1.01,7.01,9.01"
0001855485,"Calidi Biotherapeutics, Inc.",0001193125-22-311947,2022-12-27,2022-12-23T21:25:36-05:00,True,5.02
0001855485,"Calidi Biotherapeutics, Inc.",0001193125-22-305908,2022-12-15,2022-12-15T16:16:23-05:00,True,"8.01,9.01"
0001855485,"Calidi Biotherapeutics, Inc.",0001193125-22-283885,2022-11-14,2022-11-14T09:16:03-05:00,False,"3.01,7.01,9.01"
0001855485,"Calidi Biotherapeutics, Inc.",0001193125-22-246494,2022-09-16,2022-09-16T17:18:05-04:00,True,"1.01,2.03,5.02,5.03,5.07,7.01,9.01"
0001855485,"Calidi Biotherapeutics, Inc.",0001193125-22-242078,2022-09-09,2022-09-09T17:18:07-04:00,True,"8.01,9.01"
0001855485,"Calidi Biotherapeutics, Inc.",0001193125-21-311401,2021-10-28,2021-10-28T16:44:01-04:00,True,"8.01,9.01"
0001855485,"Calidi Biotherapeutics, Inc.",0001193125-21-277439,2021-09-20,2021-09-20T17:26:59-04:00,True,"8.01,9.01"
0001855485,"Calidi Biotherapeutics, Inc.",0001193125-21-273980,2021-09-15,2021-09-15T16:21:59-04:00,True,"8.01,9.01"
0001621221,"ARTELO BIOSCIENCES, INC.",0001640334-25-002210,2025-11-25,2025-11-25T16:05:41-05:00,True,3.01
0001621221,"ARTELO BIOSCIENCES, INC.",0001640334-25-002118,2025-11-14,2025-11-14T16:07:43-05:00,True,"5.03,9.01"
0001621221,"ARTELO BIOSCIENCES, INC.",0001640334-25-001930,2025-10-31,2025-10-31T08:00:49-04:00,False,"1.01,2.03,3.02,9.01"
0001621221,"ARTELO BIOSCIENCES, INC.",0001640334-25-001880,2025-10-27,2025-10-27T08:00:51-04:00,False,"5.02,9.01"
0001621221,"ARTELO BIOSCIENCES, INC.",0001640334-25-001856,2025-10-17,2025-10-17T16:30:34-04:00,True,"1.01,9.01"
0001621221,"ARTELO BIOSCIENCES, INC.",0001640334-25-001766,2025-10-01,2025-10-01T17:28:39-04:00,True,"1.01,7.01,9.01"
0001621221,"ARTELO BIOSCIENCES, INC.",0001640334-25-001680,2025-09-15,2025-09-15T16:15:31-04:00,True,"8.01,9.01"
0001621221,"ARTELO BIOSCIENCES, INC.",0001640334-25-001660,2025-09-10,2025-09-10T08:00:37-04:00,False,"5.03,9.01"
0001621221,"ARTELO BIOSCIENCES, INC.",0001640334-25-001642,2025-09-05,2025-09-05T17:15:32-04:00,True,"1.01,7.01,9.01"
0001621221,"ARTELO BIOSCIENCES, INC.",0001640334-25-001617,2025-09-03,2025-09-03T17:29:52-04:00,True,8.01
0001621221,"ARTELO BIOSCIENCES, INC.",0001640334-25-001613,2025-08-29,2025-08-29T16:43:38-04:00,True,5.07
0001621221,"ARTELO BIOSCIENCES, INC.",0001640334-25-001570,2025-08-20,2025-08-20T16:30:29-04:00,True,"1.02,9.01"
0001621221,"ARTELO BIOSCIENCES, INC.",0001640334-25-001375,2025-08-07,2025-08-07T16:02:49-04:00,True,"1.01,3.02,9.01"
0001621221,"ARTELO BIOSCIENCES, INC.",0001640334-25-001334,2025-08-04,2025-08-04T07:39:05-04:00,False,"1.01,3.02,7.01,8.01,9.01"
0001621221,"ARTELO BIOSCIENCES, INC.",0001640334-25-001240,2025-07-18,2025-07-18T16:35:54-04:00,True,"1.01,9.01"
0001621221,"ARTELO BIOSCIENCES, INC.",0001640334-25-001184,2025-07-11,2025-07-11T16:36:40-04:00,True,"2.02,8.01,9.01"
0001621221,"ARTELO BIOSCIENCES, INC.",0001640334-25-001062,2025-06-26,2025-06-26T08:00:25-04:00,False,"1.01,3.02,7.01,9.01"
0001621221,"ARTELO BIOSCIENCES, INC.",0001640334-25-001046,2025-06-13,2025-06-13T17:10:52-04:00,True,"3.03,5.03,8.01,9.01"
0001621221,"ARTELO BIOSCIENCES, INC.",0001640334-25-000935,2025-05-23,2025-05-23T16:30:39-04:00,True,3.01
0001621221,"ARTELO BIOSCIENCES, INC.",0001640334-25-000732,2025-05-01,2025-05-01T16:24:33-04:00,True,"1.01,3.02,9.01"
0001621221,"ARTELO BIOSCIENCES, INC.",0001640334-25-000719,2025-04-29,2025-04-29T16:11:06-04:00,True,3.01
0001621221,"ARTELO BIOSCIENCES, INC.",0001640334-24-001915,2024-12-20,2024-12-20T16:45:14-05:00,True,5.07
0001621221,"ARTELO BIOSCIENCES, INC.",0001640334-24-000345,2024-03-04,2024-03-04T16:23:07-05:00,True,5.02
0001621221,"ARTELO BIOSCIENCES, INC.",0001640334-23-001479,2023-08-08,2023-08-08T16:34:15-04:00,True,5.02
0001621221,"ARTELO BIOSCIENCES, INC.",0001640334-23-001207,2023-07-03,2023-07-03T14:15:01-04:00,False,5.07
0001621221,"ARTELO BIOSCIENCES, INC.",0001640334-23-000694,2023-04-21,2023-04-21T16:30:21-04:00,True,"5.03,9.01"
0001621221,"ARTELO BIOSCIENCES, INC.",0001640334-23-000334,2023-03-13,2023-03-13T06:17:41-04:00,False,7.01
0001621221,"ARTELO BIOSCIENCES, INC.",0001640334-22-002036,2022-09-16,2022-09-16T17:24:16-04:00,True,"5.03,5.07"
0001621221,"ARTELO BIOSCIENCES, INC.",0001640334-22-001896,2022-08-25,2022-08-25T09:00:27-04:00,False,8.01
0001621221,"ARTELO BIOSCIENCES, INC.",0001640334-22-001683,2022-08-09,2022-08-09T08:05:56-04:00,False,"3.03,5.03,8.01,9.01"
0001621221,"ARTELO BIOSCIENCES, INC.",0001640334-22-001477,2022-07-12,2022-07-12T16:15:23-04:00,True,5.07
0001621221,"ARTELO BIOSCIENCES, INC.",0001640334-22-001024,2022-05-16,2022-05-16T08:20:54-04:00,False,"1.01,3.02,9.01"
0001621221,"ARTELO BIOSCIENCES, INC.",0001640334-22-000506,2022-03-16,2022-03-16T06:05:56-04:00,False,8.01
0001621221,"ARTELO BIOSCIENCES, INC.",0001640334-22-000444,2022-03-10,2022-03-09T19:15:17-05:00,True,"5.02,5.03,8.01,9.01"
0001621221,"ARTELO BIOSCIENCES, INC.",0001640334-21-003064,2021-12-07,2021-12-07T16:40:09-05:00,True,5.02
0001621221,"ARTELO BIOSCIENCES, INC.",0001640334-21-002236,2021-09-17,2021-09-17T16:29:13-04:00,True,"3.01,5.03"
0001621221,"ARTELO BIOSCIENCES, INC.",0001640334-21-001665,2021-07-26,2021-07-26T08:30:19-04:00,False,5.02
0001621221,"ARTELO BIOSCIENCES, INC.",0001640334-21-001601,2021-07-20,2021-07-19T20:20:28-04:00,True,5.07
0001621221,"ARTELO BIOSCIENCES, INC.",0001640334-21-001570,2021-07-15,2021-07-14T21:25:44-04:00,True,"5.03,9.01"
0001621221,"ARTELO BIOSCIENCES, INC.",0001640334-21-000821,2021-04-09,2021-04-09T16:33:14-04:00,True,"1.01,1.02,9.01"
0001621221,"ARTELO BIOSCIENCES, INC.",0001640334-21-000544,2021-03-09,2021-03-09T16:35:17-05:00,True,5.02
0001621221,"ARTELO BIOSCIENCES, INC.",0001640334-21-000370,2021-02-17,2021-02-17T16:51:40-05:00,True,5.02
0001621221,"ARTELO BIOSCIENCES, INC.",0001640334-21-000356,2021-02-16,2021-02-16T17:25:05-05:00,True,8.01
0001621221,"ARTELO BIOSCIENCES, INC.",0001640334-20-003010,2020-12-04,2020-12-04T17:00:41-05:00,True,5.07
0001621221,"ARTELO BIOSCIENCES, INC.",0001640334-20-002991,2020-12-02,2020-12-02T16:05:56-05:00,True,5.02
0001621221,"ARTELO BIOSCIENCES, INC.",0001640334-20-002910,2020-11-20,2020-11-20T16:09:57-05:00,True,3.01
0001621221,"ARTELO BIOSCIENCES, INC.",0001640334-20-002559,2020-10-14,2020-10-14T16:15:58-04:00,True,"1.01,8.01,9.01"
0001621221,"ARTELO BIOSCIENCES, INC.",0001640334-20-001760,2020-07-14,2020-07-14T09:21:08-04:00,False,"8.01,9.01"
0001621221,"ARTELO BIOSCIENCES, INC.",0001640334-20-001606,2020-06-26,2020-06-26T16:19:37-04:00,True,8.01
0001621221,"ARTELO BIOSCIENCES, INC.",0001640334-20-001568,2020-06-22,2020-06-22T17:27:53-04:00,True,5.07
0001621221,"ARTELO BIOSCIENCES, INC.",0001640334-20-000835,2020-04-15,2020-04-14T21:31:32-04:00,True,"1.01,9.01"
0001621221,"ARTELO BIOSCIENCES, INC.",0001640334-20-000473,2020-03-11,2020-03-11T16:30:20-04:00,True,5.02
0001621221,"ARTELO BIOSCIENCES, INC.",0001640334-20-000210,2020-02-07,2020-02-07T06:05:10-05:00,False,8.01
0001621221,"ARTELO BIOSCIENCES, INC.",0001640334-20-000073,2020-01-14,2020-01-14T07:43:33-05:00,False,"2.02,9.01"
0001621221,"ARTELO BIOSCIENCES, INC.",0001640334-19-002544,2019-12-06,2019-12-06T16:13:10-05:00,True,5.02
0001621221,"ARTELO BIOSCIENCES, INC.",0001640334-19-002370,2019-11-15,2019-11-15T16:56:19-05:00,True,"7.01,9.01"
0001621221,"ARTELO BIOSCIENCES, INC.",0001640334-19-001804,2019-09-06,2019-09-06T16:36:57-04:00,True,5.02
0001621221,"ARTELO BIOSCIENCES, INC.",0001640334-19-001363,2019-07-15,2019-07-15T16:30:40-04:00,True,"2.02,9.01"
0001621221,"ARTELO BIOSCIENCES, INC.",0001640334-19-001230,2019-06-25,2019-06-25T16:05:50-04:00,True,"1.01,5.03,8.01,9.01"
0001621221,"ARTELO BIOSCIENCES, INC.",0001640334-19-000730,2019-04-30,2019-04-30T17:05:15-04:00,True,"1.01,3.02,8.01"
0001621221,"ARTELO BIOSCIENCES, INC.",0001640334-19-000362,2019-03-08,2019-03-07T20:16:46-05:00,True,8.01
0001621221,"ARTELO BIOSCIENCES, INC.",0001640334-19-000358,2019-03-07,2019-03-06T19:08:35-05:00,True,5.02
0000882291,AETHLON MEDICAL INC,0001683168-25-008953,2025-12-08,2025-12-05T18:03:31-05:00,True,"1.01,3.03,7.01,9.01"
0000882291,AETHLON MEDICAL INC,0001683168-25-008257,2025-11-12,2025-11-12T16:16:00-05:00,True,"2.02,7.01,9.01"
0000882291,AETHLON MEDICAL INC,0001683168-25-008001,2025-11-06,2025-11-06T09:15:28-05:00,False,8.01
0000882291,AETHLON MEDICAL INC,0001683168-25-007719,2025-10-22,2025-10-22T16:15:41-04:00,True,3.01
0000882291,AETHLON MEDICAL INC,0001683168-25-007586,2025-10-16,2025-10-16T09:15:27-04:00,False,"3.03,5.03,9.01"
0000882291,AETHLON MEDICAL INC,0001683168-25-006917,2025-09-12,2025-09-12T16:10:36-04:00,True,8.01
0000882291,AETHLON MEDICAL INC,0001683168-25-006788,2025-09-09,2025-09-09T16:10:42-04:00,True,"1.01,8.01,9.01"
0000882291,AETHLON MEDICAL INC,0001683168-25-006360,2025-08-21,2025-08-21T14:34:05-04:00,False,"7.01,9.01"
0000882291,AETHLON MEDICAL INC,0001683168-25-006042,2025-08-13,2025-08-13T16:15:34-04:00,True,"2.02,7.01,9.01"
0000882291,AETHLON MEDICAL INC,0001683168-25-004784,2025-06-27,2025-06-27T13:04:24-04:00,False,"2.02,7.01,9.01"
0000882291,AETHLON MEDICAL INC,0001683168-25-004248,2025-06-05,2025-06-05T08:30:54-04:00,False,8.01
0000882291,AETHLON MEDICAL INC,0001683168-25-003490,2025-05-13,2025-05-13T16:10:27-04:00,True,5.07
0000882291,AETHLON MEDICAL INC,0001683168-25-001631,2025-03-17,2025-03-17T08:00:36-04:00,False,"1.01,3.02,3.03,9.01"
0000882291,AETHLON MEDICAL INC,0001683168-25-000957,2025-02-12,2025-02-12T16:15:12-05:00,True,"2.02,7.01,9.01"
0000882291,AETHLON MEDICAL INC,0001683168-25-000150,2025-01-08,2025-01-08T08:20:20-05:00,False,3.01
0000882291,AETHLON MEDICAL INC,0001683168-24-008868,2024-12-20,2024-12-20T08:01:08-05:00,False,"8.01,9.01"
0000882291,AETHLON MEDICAL INC,0001683168-24-007972,2024-11-13,2024-11-13T16:15:30-05:00,True,"2.02,7.01,9.01"
0000882291,AETHLON MEDICAL INC,0001683168-24-007858,2024-11-12,2024-11-12T09:00:08-05:00,False,"8.01,9.01"
0000882291,AETHLON MEDICAL INC,0001683168-24-006896,2024-10-03,2024-10-03T16:44:19-04:00,True,5.02
0000882291,AETHLON MEDICAL INC,0001683168-24-006850,2024-10-02,2024-10-02T17:00:09-04:00,True,"5.02,5.07,9.01"
0000882291,AETHLON MEDICAL INC,0001683168-24-006522,2024-09-19,2024-09-19T08:01:08-04:00,False,"8.01,9.01"
0000882291,AETHLON MEDICAL INC,0001683168-24-005697,2024-08-14,2024-08-14T16:15:21-04:00,True,"2.02,7.01,9.01"
0000882291,AETHLON MEDICAL INC,0001683168-24-005445,2024-08-12,2024-08-12T08:01:08-04:00,False,"8.01,9.01"
0000882291,AETHLON MEDICAL INC,0001683168-24-004660,2024-07-03,2024-07-03T16:27:48-04:00,True,"4.01,9.01"
0000882291,AETHLON MEDICAL INC,0001683168-24-004526,2024-06-27,2024-06-27T16:20:21-04:00,True,"2.02,9.01"
0000882291,AETHLON MEDICAL INC,0001683168-24-003812,2024-05-24,2024-05-24T13:24:31-04:00,False,8.01
0000882291,AETHLON MEDICAL INC,0001683168-24-003612,2024-05-17,2024-05-17T16:05:28-04:00,True,"8.01,9.01"
0000882291,AETHLON MEDICAL INC,0001683168-24-003191,2024-05-10,2024-05-10T08:01:40-04:00,False,"8.01,9.01"
0000882291,AETHLON MEDICAL INC,0001683168-24-002672,2024-04-25,2024-04-25T08:00:15-04:00,False,"8.01,9.01"
0000882291,AETHLON MEDICAL INC,0001683168-24-000985,2024-02-14,2024-02-14T16:15:41-05:00,True,"2.02,9.01"
0000882291,AETHLON MEDICAL INC,0001683168-23-008454,2023-11-27,2023-11-27T07:49:31-05:00,False,"5.02,9.01"
0000882291,AETHLON MEDICAL INC,0001683168-23-008131,2023-11-14,2023-11-14T16:15:39-05:00,True,"2.02,9.01"
0000882291,AETHLON MEDICAL INC,0001683168-23-007912,2023-11-13,2023-11-13T08:01:36-05:00,False,5.02
0000882291,AETHLON MEDICAL INC,0001683168-23-006959,2023-10-04,2023-10-04T17:05:12-04:00,True,"8.01,9.01"
0000882291,AETHLON MEDICAL INC,0001683168-23-006511,2023-09-18,2023-09-18T09:00:08-04:00,False,5.07
0000882291,AETHLON MEDICAL INC,0001683168-23-005510,2023-08-10,2023-08-10T16:20:32-04:00,True,"2.02,9.01"
0000882291,AETHLON MEDICAL INC,0001683168-23-004695,2023-07-06,2023-07-06T16:15:10-04:00,True,5.02
0000882291,AETHLON MEDICAL INC,0001683168-23-004477,2023-06-28,2023-06-28T16:32:20-04:00,True,"2.02,9.01"
0000882291,AETHLON MEDICAL INC,0001683168-23-002609,2023-04-25,2023-04-25T13:48:00-04:00,False,8.01
0000882291,AETHLON MEDICAL INC,0001683168-23-000813,2023-02-13,2023-02-13T16:10:21-05:00,True,"2.02,9.01"
0000882291,AETHLON MEDICAL INC,0001683168-22-007719,2022-11-14,2022-11-14T16:19:01-05:00,True,"2.02,9.01"
0000882291,AETHLON MEDICAL INC,0001683168-22-007102,2022-10-27,2022-10-27T16:15:14-04:00,True,3.01
0000882291,AETHLON MEDICAL INC,0001683168-22-006679,2022-09-29,2022-09-29T16:19:52-04:00,True,"8.01,9.01"
0000882291,AETHLON MEDICAL INC,0001683168-22-006676,2022-09-29,2022-09-29T16:05:16-04:00,True,8.01
0000882291,AETHLON MEDICAL INC,0001683168-22-006480,2022-09-19,2022-09-19T17:00:14-04:00,True,"5.02,5.03,5.07,8.01,9.01"
0000882291,AETHLON MEDICAL INC,0001683168-22-005470,2022-08-09,2022-08-09T16:16:04-04:00,True,"2.02,9.01"
0000882291,AETHLON MEDICAL INC,0001683168-22-004635,2022-06-28,2022-06-28T16:15:15-04:00,True,"2.02,9.01"
0000882291,AETHLON MEDICAL INC,0001683168-22-001956,2022-03-28,2022-03-28T09:15:13-04:00,False,5.02
0000882291,AETHLON MEDICAL INC,0001683168-22-001925,2022-03-24,2022-03-24T16:39:49-04:00,True,"1.01,9.01"
0000882291,AETHLON MEDICAL INC,0001683168-22-000988,2022-02-14,2022-02-14T16:15:52-05:00,True,"2.02,9.01"
0000882291,AETHLON MEDICAL INC,0001683168-21-005352,2021-11-09,2021-11-09T16:15:52-05:00,True,"2.02,9.01"
0000882291,AETHLON MEDICAL INC,0001683168-21-005176,2021-11-01,2021-11-01T17:15:26-04:00,True,1.01
0000882291,AETHLON MEDICAL INC,0001683168-21-004323,2021-09-17,2021-09-16T19:22:20-04:00,True,5.07
0000882291,AETHLON MEDICAL INC,0001683168-21-003355,2021-08-09,2021-08-09T16:20:59-04:00,True,"2.02,9.01"
0000882291,AETHLON MEDICAL INC,0001683168-21-002804,2021-07-01,2021-07-01T16:15:24-04:00,True,5.02
0000882291,AETHLON MEDICAL INC,0001683168-21-002706,2021-06-24,2021-06-24T16:20:09-04:00,True,"2.02,9.01"
0000882291,AETHLON MEDICAL INC,0001683168-21-002493,2021-06-11,2021-06-11T17:28:14-04:00,True,"8.01,9.01"
0000882291,AETHLON MEDICAL INC,0001683168-21-001017,2021-03-22,2021-03-22T17:02:20-04:00,True,"1.01,9.01"
0000882291,AETHLON MEDICAL INC,0001683168-21-000474,2021-02-10,2021-02-10T16:20:20-05:00,True,"2.02,9.01"
0000882291,AETHLON MEDICAL INC,0001683168-21-000070,2021-01-11,2021-01-11T09:00:08-05:00,False,"7.01,9.01"
0000882291,AETHLON MEDICAL INC,0001683168-20-004255,2020-12-10,2020-12-10T16:30:06-05:00,True,1.01
0000882291,AETHLON MEDICAL INC,0001683168-20-003665,2020-11-03,2020-11-03T16:15:06-05:00,True,"4.01,5.02,8.01,9.01"
0000882291,AETHLON MEDICAL INC,0001683168-20-003582,2020-10-28,2020-10-28T16:20:14-04:00,True,"2.02,9.01"
0000882291,AETHLON MEDICAL INC,0001683168-20-003129,2020-09-15,2020-09-15T16:15:07-04:00,True,"5.02,5.07,9.01"
0000882291,AETHLON MEDICAL INC,0001683168-20-002623,2020-08-11,2020-08-11T16:16:19-04:00,True,"2.02,9.01"
0000882291,AETHLON MEDICAL INC,0001683168-20-002063,2020-06-25,2020-06-25T16:17:25-04:00,True,"2.02,9.01"
0000882291,AETHLON MEDICAL INC,0001683168-20-000904,2020-03-23,2020-03-23T13:00:11-04:00,False,"5.02,9.01"
0000882291,AETHLON MEDICAL INC,0001683168-20-000558,2020-02-21,2020-02-21T17:05:30-05:00,True,5.02
0000882291,AETHLON MEDICAL INC,0001683168-20-000436,2020-02-10,2020-02-10T16:20:19-05:00,True,"2.02,5.05,9.01"
0000882291,AETHLON MEDICAL INC,0001683168-20-000229,2020-01-22,2020-01-22T17:00:09-05:00,True,3.02
0000882291,AETHLON MEDICAL INC,0001683168-20-000188,2020-01-17,2020-01-17T17:29:07-05:00,True,"1.01,8.01,9.01"
0000882291,AETHLON MEDICAL INC,0001683168-19-004031,2019-12-19,2019-12-19T13:49:49-05:00,False,8.01
0000882291,AETHLON MEDICAL INC,0001683168-19-003420,2019-11-01,2019-11-01T16:15:40-04:00,True,"2.02,9.01"
0000882291,AETHLON MEDICAL INC,0001683168-19-003245,2019-10-15,2019-10-15T08:01:46-04:00,False,"5.07,8.01,9.01"
0000882291,AETHLON MEDICAL INC,0001683168-19-003151,2019-10-03,2019-10-03T08:31:13-04:00,False,"8.01,9.01"
0000882291,AETHLON MEDICAL INC,0001683168-19-003033,2019-09-24,2019-09-24T10:59:34-04:00,False,"8.01,9.01"
0000882291,AETHLON MEDICAL INC,0001683168-19-002931,2019-09-16,2019-09-16T09:30:10-04:00,False,"1.01,9.01"
0000882291,AETHLON MEDICAL INC,0001683168-19-002910,2019-09-12,2019-09-12T17:00:10-04:00,True,"5.03,9.01"
0000882291,AETHLON MEDICAL INC,0001683168-19-002527,2019-08-12,2019-08-09T19:55:16-04:00,True,"1.01,9.01"
0000882291,AETHLON MEDICAL INC,0001683168-19-002168,2019-07-11,2019-07-11T17:15:10-04:00,True,3.01
0000882291,AETHLON MEDICAL INC,0001683168-19-001416,2019-05-08,2019-05-08T17:00:11-04:00,True,"1.01,3.01,3.03,9.01"
0000882291,AETHLON MEDICAL INC,0001683168-19-001084,2019-04-17,2019-04-17T08:27:10-04:00,False,"8.01,9.01"
0000882291,AETHLON MEDICAL INC,0001683168-19-000797,2019-03-27,2019-03-27T17:14:11-04:00,True,5.07
0000882291,AETHLON MEDICAL INC,0001683168-19-000324,2019-02-11,2019-02-11T16:15:25-05:00,True,"2.02,9.01"
0001618835,"Evofem Biosciences, Inc.",0001493152-25-025172,2025-11-26,2025-11-26T16:49:01-05:00,True,"5.03,5.07,9.01"
0001618835,"Evofem Biosciences, Inc.",0001493152-25-022318,2025-11-13,2025-11-13T16:19:07-05:00,True,"2.02,9.01"
0001618835,"Evofem Biosciences, Inc.",0001493152-25-018687,2025-10-20,2025-10-20T17:22:48-04:00,True,"1.02,5.07,7.01,9.01"
0001618835,"Evofem Biosciences, Inc.",0001493152-25-018454,2025-10-17,2025-10-17T16:05:44-04:00,True,"1.01,9.01"
0001618835,"Evofem Biosciences, Inc.",0001641172-25-025530,2025-08-26,2025-08-26T16:13:01-04:00,True,"1.01,3.03,5.03,9.01"
0001618835,"Evofem Biosciences, Inc.",0001641172-25-023740,2025-08-14,2025-08-14T08:48:40-04:00,False,"2.02,9.01"
0001618835,"Evofem Biosciences, Inc.",0001641172-25-017563,2025-07-02,2025-07-02T16:14:07-04:00,True,"1.01,3.02,9.01"
0001618835,"Evofem Biosciences, Inc.",0001641172-25-011962,2025-05-22,2025-05-22T06:05:34-04:00,False,"1.01,7.01,9.01"
0001618835,"Evofem Biosciences, Inc.",0001641172-25-010526,2025-05-15,2025-05-15T08:05:12-04:00,False,"2.02,9.01"
0001618835,"Evofem Biosciences, Inc.",0001641172-25-009248,2025-05-08,2025-05-08T16:05:12-04:00,True,"1.01,9.01"
0001618835,"Evofem Biosciences, Inc.",0001641172-25-004599,2025-04-14,2025-04-14T17:13:09-04:00,True,"1.01,9.01"
0001618835,"Evofem Biosciences, Inc.",0001641172-25-002583,2025-04-03,2025-04-03T16:32:48-04:00,True,"1.01,9.01"
0001618835,"Evofem Biosciences, Inc.",0001641172-25-000742,2025-03-26,2025-03-26T16:05:33-04:00,True,"1.01,9.01"
0001618835,"Evofem Biosciences, Inc.",0001641172-25-000209,2025-03-24,2025-03-24T08:30:34-04:00,False,"2.02,7.01,9.01"
0001618835,"Evofem Biosciences, Inc.",0001493152-25-001682,2025-01-10,2025-01-10T16:05:26-05:00,True,3.01
0001618835,"Evofem Biosciences, Inc.",0001493152-24-051174,2024-12-23,2024-12-23T06:05:53-05:00,False,8.01
0001618835,"Evofem Biosciences, Inc.",0001493152-24-047613,2024-11-25,2024-11-25T16:13:19-05:00,True,"1.01,9.01"
0001618835,"Evofem Biosciences, Inc.",0001493152-24-046043,2024-11-14,2024-11-14T17:11:01-05:00,True,"2.02,9.01"
0001618835,"Evofem Biosciences, Inc.",0001493152-24-043757,2024-11-06,2024-11-06T08:05:59-05:00,False,"1.01,9.01"
0001618835,"Evofem Biosciences, Inc.",0001493152-24-043241,2024-10-31,2024-10-31T17:20:02-04:00,True,"1.01,1.02,2.04,9.01"
0001618835,"Evofem Biosciences, Inc.",0001493152-24-042605,2024-10-28,2024-10-28T08:15:24-04:00,False,"1.01,3.02,9.01"
0001618835,"Evofem Biosciences, Inc.",0001493152-24-039392,2024-10-03,2024-10-03T16:36:56-04:00,True,"1.01,2.04,3.02,9.01"
0001618835,"Evofem Biosciences, Inc.",0001493152-24-038113,2024-09-25,2024-09-25T16:15:29-04:00,True,"1.01,3.02,9.01"
0001618835,"Evofem Biosciences, Inc.",0001493152-24-035285,2024-09-06,2024-09-06T16:00:17-04:00,True,"1.01,9.01"
0001618835,"Evofem Biosciences, Inc.",0001493152-24-034623,2024-08-30,2024-08-30T17:04:02-04:00,True,3.01
0001618835,"Evofem Biosciences, Inc.",0001493152-24-033265,2024-08-20,2024-08-20T16:05:29-04:00,True,"1.01,9.01"
0001618835,"Evofem Biosciences, Inc.",0001493152-24-031835,2024-08-14,2024-08-14T07:00:25-04:00,False,"2.02,9.01"
0001618835,"Evofem Biosciences, Inc.",0001493152-24-028818,2024-07-23,2024-07-23T16:30:11-04:00,True,"1.01,3.02,7.01,9.01"
0001618835,"Evofem Biosciences, Inc.",0001493152-24-028352,2024-07-18,2024-07-18T16:35:32-04:00,True,"1.01,8.01,9.01"
0001618835,"Evofem Biosciences, Inc.",0001493152-24-028348,2024-07-18,2024-07-18T16:30:28-04:00,True,"1.01,9.01"
0001618835,"Evofem Biosciences, Inc.",0001493152-24-028280,2024-07-18,2024-07-18T08:15:48-04:00,False,"7.01,9.01"
0001618835,"Evofem Biosciences, Inc.",0001493152-24-025289,2024-06-26,2024-06-26T16:46:23-04:00,True,"3.03,5.03,5.07,9.01"
0001618835,"Evofem Biosciences, Inc.",0001493152-24-019433,2024-05-15,2024-05-15T06:50:31-04:00,False,"2.02,9.01"
0001618835,"Evofem Biosciences, Inc.",0001493152-24-017598,2024-05-02,2024-05-02T17:28:50-04:00,True,"1.01,1.02,9.01"
0001618835,"Evofem Biosciences, Inc.",0001493152-24-011787,2024-03-28,2024-03-28T17:11:11-04:00,True,"7.01,9.01"
0001618835,"Evofem Biosciences, Inc.",0001493152-24-011402,2024-03-27,2024-03-27T08:36:37-04:00,False,"2.02,9.01"
0001618835,"Evofem Biosciences, Inc.",0001493152-24-009063,2024-03-06,2024-03-06T17:14:53-05:00,True,"1.01,8.01,9.01"
0001618835,"Evofem Biosciences, Inc.",0001493152-24-004575,2024-02-01,2024-02-01T09:05:13-05:00,False,"2.02,9.01"
0001618835,"Evofem Biosciences, Inc.",0001493152-24-004506,2024-01-31,2024-01-31T16:26:38-05:00,True,"1.01,9.01"
0001618835,"Evofem Biosciences, Inc.",0001493152-24-002087,2024-01-11,2024-01-11T16:53:38-05:00,True,"1.01,9.01"
0001618835,"Evofem Biosciences, Inc.",0001493152-23-046163,2023-12-27,2023-12-26T17:37:31-05:00,True,"1.01,9.01"
0001618835,"Evofem Biosciences, Inc.",0001493152-23-044597,2023-12-12,2023-12-12T17:17:03-05:00,True,"1.01,1.02,5.03,7.01,9.01"
0001618835,"Evofem Biosciences, Inc.",0001493152-23-044012,2023-12-07,2023-12-07T16:05:18-05:00,True,"1.01,9.01"
0001618835,"Evofem Biosciences, Inc.",0001493152-23-040762,2023-11-14,2023-11-14T07:00:27-05:00,False,"2.02,9.01"
0001618835,"Evofem Biosciences, Inc.",0001493152-23-038044,2023-10-24,2023-10-24T07:40:26-04:00,False,"2.02,9.01"
0001618835,"Evofem Biosciences, Inc.",0001493152-23-035239,2023-10-03,2023-10-03T16:07:45-04:00,True,"1.01,9.01"
0001618835,"Evofem Biosciences, Inc.",0001493152-23-033841,2023-09-27,2023-09-27T08:50:10-04:00,False,"8.01,9.01"
0001618835,"Evofem Biosciences, Inc.",0001493152-23-032781,2023-09-15,2023-09-15T16:49:20-04:00,True,"5.03,5.07,9.01"
0001618835,"Evofem Biosciences, Inc.",0001493152-23-032195,2023-09-11,2023-09-11T08:01:21-04:00,False,"1.01,2.03,9.01"
0001618835,"Evofem Biosciences, Inc.",0001493152-23-030365,2023-08-28,2023-08-28T16:30:17-04:00,True,"7.01,9.01"
0001618835,"Evofem Biosciences, Inc.",0001493152-23-028670,2023-08-14,2023-08-14T17:25:05-04:00,True,"2.02,9.01"
0001618835,"Evofem Biosciences, Inc.",0001493152-23-027642,2023-08-10,2023-08-10T17:29:01-04:00,True,"1.01,5.03,5.07,9.01"
0001618835,"Evofem Biosciences, Inc.",0001493152-23-024717,2023-07-17,2023-07-17T16:05:18-04:00,True,"3.03,4.01,5.03,9.01"
0001618835,"Evofem Biosciences, Inc.",0001493152-23-024134,2023-07-10,2023-07-10T17:16:31-04:00,True,"1.01,9.01"
0001618835,"Evofem Biosciences, Inc.",0001493152-23-021840,2023-06-20,2023-06-20T16:00:15-04:00,True,"5.07,9.01"
0001618835,"Evofem Biosciences, Inc.",0001493152-23-021642,2023-06-16,2023-06-16T16:01:37-04:00,True,"2.02,9.01"
0001618835,"Evofem Biosciences, Inc.",0001493152-23-019752,2023-06-01,2023-06-01T08:36:15-04:00,False,"2.02,9.01"
0001618835,"Evofem Biosciences, Inc.",0001493152-23-017984,2023-05-17,2023-05-17T17:13:44-04:00,True,"5.03,7.01,9.01"
0001618835,"Evofem Biosciences, Inc.",0001493152-23-015641,2023-05-05,2023-05-05T17:00:15-04:00,True,8.01
0001618835,"Evofem Biosciences, Inc.",0001493152-23-014059,2023-04-28,2023-04-28T06:50:37-04:00,False,"2.02,9.01"
0001618835,"Evofem Biosciences, Inc.",0001493152-23-012220,2023-04-14,2023-04-14T09:05:24-04:00,False,"5.02,7.01,9.01"
0001618835,"Evofem Biosciences, Inc.",0001493152-23-011771,2023-04-10,2023-04-10T17:26:12-04:00,True,"1.01,5.02,9.01"
0001618835,"Evofem Biosciences, Inc.",0001618835-23-000019,2023-03-24,2023-03-24T16:01:16-04:00,True,"1.01,9.01"
0001618835,"Evofem Biosciences, Inc.",0001618835-23-000018,2023-03-21,2023-03-20T21:55:55-04:00,True,"2.05,5.02,8.01"
0001618835,"Evofem Biosciences, Inc.",0001618835-23-000017,2023-03-17,2023-03-16T19:07:00-04:00,True,5.07
0001618835,"Evofem Biosciences, Inc.",0001618835-23-000016,2023-03-14,2023-03-14T09:00:32-04:00,False,"1.01,8.01"
0001618835,"Evofem Biosciences, Inc.",0001618835-23-000015,2023-03-10,2023-03-10T17:27:45-05:00,True,"2.04,7.01"
0001618835,"Evofem Biosciences, Inc.",0001618835-23-000014,2023-03-09,2023-03-09T16:01:52-05:00,True,"1.01,5.02,7.01"
0001618835,"Evofem Biosciences, Inc.",0001618835-23-000012,2023-02-24,2023-02-23T20:59:02-05:00,True,"8.01,9.01"
0001618835,"Evofem Biosciences, Inc.",0001618835-23-000011,2023-02-23,2023-02-23T15:29:47-05:00,False,"1.01,9.01"
0001618835,"Evofem Biosciences, Inc.",0001618835-23-000009,2023-02-16,2023-02-16T16:49:12-05:00,True,5.02
0001618835,"Evofem Biosciences, Inc.",0001618835-23-000005,2023-01-12,2023-01-12T14:22:32-05:00,False,8.01
0001618835,"Evofem Biosciences, Inc.",0001618835-23-000004,2023-01-10,2023-01-10T08:38:02-05:00,False,8.01
0001618835,"Evofem Biosciences, Inc.",0001618835-23-000003,2023-01-09,2023-01-09T11:10:14-05:00,False,8.01
0001618835,"Evofem Biosciences, Inc.",0001618835-22-000212,2022-12-30,2022-12-30T09:25:03-05:00,False,"8.01,9.01"
0001618835,"Evofem Biosciences, Inc.",0001618835-22-000211,2022-12-21,2022-12-21T17:27:24-05:00,True,"1.01,5.02,5.03,9.01"
0001618835,"Evofem Biosciences, Inc.",0001618835-22-000204,2022-11-02,2022-11-01T21:06:20-04:00,True,"2.05,9.01"
0001618835,"Evofem Biosciences, Inc.",0001618835-22-000200,2022-10-14,2022-10-14T16:13:49-04:00,True,5.02
0001618835,"Evofem Biosciences, Inc.",0001618835-22-000196,2022-10-12,2022-10-11T21:23:56-04:00,True,"8.01,9.01"
0001618835,"Evofem Biosciences, Inc.",0001618835-22-000192,2022-10-06,2022-10-06T16:16:34-04:00,True,"3.01,9.01"
0001618835,"Evofem Biosciences, Inc.",0001618835-22-000189,2022-10-05,2022-10-05T16:05:16-04:00,True,"7.01,9.01"
0001618835,"Evofem Biosciences, Inc.",0001618835-22-000172,2022-09-16,2022-09-16T06:00:53-04:00,False,"1.01,2.03,2.04,3.02,8.01,9.01"
0001618835,"Evofem Biosciences, Inc.",0001618835-22-000158,2022-08-10,2022-08-10T08:52:21-04:00,False,3.01
0001618835,"Evofem Biosciences, Inc.",0001618835-22-000153,2022-08-04,2022-08-04T17:01:52-04:00,True,"7.01,9.01"
0001618835,"Evofem Biosciences, Inc.",0001618835-22-000151,2022-08-04,2022-08-04T16:38:37-04:00,True,"2.02,9.01"
0001618835,"Evofem Biosciences, Inc.",0001618835-22-000142,2022-08-03,2022-08-03T08:24:25-04:00,False,"5.02,9.01"
0001618835,"Evofem Biosciences, Inc.",0001618835-22-000138,2022-06-14,2022-06-14T16:15:28-04:00,True,8.01
0001618835,"Evofem Biosciences, Inc.",0001618835-22-000132,2022-05-31,2022-05-31T16:02:43-04:00,True,1.01
0001618835,"Evofem Biosciences, Inc.",0001618835-22-000128,2022-05-26,2022-05-26T14:16:53-04:00,False,"7.01,9.01"
0001618835,"Evofem Biosciences, Inc.",0001618835-22-000125,2022-05-23,2022-05-20T19:55:26-04:00,True,"1.01,8.01,9.01"
0001618835,"Evofem Biosciences, Inc.",0001618835-22-000116,2022-05-20,2022-05-20T06:01:47-04:00,False,1.02
0001618835,"Evofem Biosciences, Inc.",0001618835-22-000112,2022-05-12,2022-05-12T08:01:41-04:00,False,"7.01,9.01"
0001618835,"Evofem Biosciences, Inc.",0001618835-22-000097,2022-05-05,2022-05-05T09:03:41-04:00,False,"1.01,2.03,3.02,5.03,5.07,8.01,9.01"
0001618835,"Evofem Biosciences, Inc.",0001618835-22-000095,2022-05-04,2022-05-04T16:05:16-04:00,True,"2.02,9.01"
0001618835,"Evofem Biosciences, Inc.",0001618835-22-000088,2022-04-07,2022-04-07T06:51:41-04:00,False,"3.01,8.01,9.01"
0001618835,"Evofem Biosciences, Inc.",0001618835-22-000082,2022-04-07,2022-04-06T19:36:10-04:00,True,"1.01,2.03,9.01"
0001618835,"Evofem Biosciences, Inc.",0001618835-22-000073,2022-03-24,2022-03-24T16:03:08-04:00,True,"1.01,3.03,5.03,9.01"
0001618835,"Evofem Biosciences, Inc.",0001618835-22-000069,2022-03-21,2022-03-21T16:35:19-04:00,True,"1.01,2.03,9.01"
0001618835,"Evofem Biosciences, Inc.",0001618835-22-000040,2022-03-03,2022-03-03T16:11:56-05:00,True,"2.02,9.01"
0001618835,"Evofem Biosciences, Inc.",0001618835-22-000037,2022-03-01,2022-03-01T10:53:13-05:00,False,"1.01,2.03,9.01"
0001618835,"Evofem Biosciences, Inc.",0001618835-22-000033,2022-02-28,2022-02-28T16:01:40-05:00,True,3.01
0001618835,"Evofem Biosciences, Inc.",0001618835-22-000019,2022-02-16,2022-02-16T06:22:30-05:00,False,"1.01,9.01"
0001618835,"Evofem Biosciences, Inc.",0001618835-22-000016,2022-02-15,2022-02-15T16:10:39-05:00,True,"7.01,9.01"
0001618835,"Evofem Biosciences, Inc.",0001618835-22-000012,2022-01-19,2022-01-19T09:01:38-05:00,False,"2.02,9.01"
0001618835,"Evofem Biosciences, Inc.",0001618835-22-000008,2022-01-13,2022-01-13T08:43:21-05:00,False,"1.01,2.03,9.01"
0001618835,"Evofem Biosciences, Inc.",0001618835-21-000266,2021-12-15,2021-12-15T16:01:27-05:00,True,"5.03,5.07,9.01"
0001618835,"Evofem Biosciences, Inc.",0001618835-21-000258,2021-12-09,2021-12-09T08:00:32-05:00,False,"7.01,9.01"
0001618835,"Evofem Biosciences, Inc.",0001618835-21-000252,2021-12-08,2021-12-08T06:30:26-05:00,False,"8.01,9.01"
0001618835,"Evofem Biosciences, Inc.",0001618835-21-000248,2021-11-22,2021-11-22T06:50:23-05:00,False,"1.01,2.03,8.01,9.01"
0001618835,"Evofem Biosciences, Inc.",0001618835-21-000245,2021-11-19,2021-11-19T16:10:26-05:00,True,5.02
0001618835,"Evofem Biosciences, Inc.",0001618835-21-000241,2021-11-15,2021-11-15T16:25:50-05:00,True,"7.01,9.01"
0001618835,"Evofem Biosciences, Inc.",0001618835-21-000239,2021-11-15,2021-11-15T16:01:59-05:00,True,"2.02,9.01"
0001618835,"Evofem Biosciences, Inc.",0001618835-21-000221,2021-10-26,2021-10-26T16:01:42-04:00,True,1.01
0001618835,"Evofem Biosciences, Inc.",0001618835-21-000218,2021-10-20,2021-10-20T08:00:52-04:00,False,"2.02,9.01"
0001618835,"Evofem Biosciences, Inc.",0001618835-21-000215,2021-10-12,2021-10-12T16:02:58-04:00,True,"1.01,8.01,9.01"
0001618835,"Evofem Biosciences, Inc.",0001618835-21-000212,2021-10-12,2021-10-12T06:04:12-04:00,False,"1.01,5.03,8.01,9.01"
0001618835,"Evofem Biosciences, Inc.",0001618835-21-000209,2021-10-06,2021-10-06T08:02:57-04:00,False,"7.01,9.01"
0001618835,"Evofem Biosciences, Inc.",0001618835-21-000190,2021-09-10,2021-09-10T08:38:53-04:00,False,"7.01,9.01"
0001618835,"Evofem Biosciences, Inc.",0001618835-21-000186,2021-08-27,2021-08-27T06:02:11-04:00,False,3.01
0001618835,"Evofem Biosciences, Inc.",0001618835-21-000174,2021-08-11,2021-08-11T16:21:46-04:00,True,"2.02,9.01"
0001618835,"Evofem Biosciences, Inc.",0001618835-21-000142,2021-06-04,2021-06-04T10:30:24-04:00,False,"7.01,9.01"
0001618835,"Evofem Biosciences, Inc.",0001618835-21-000127,2021-05-19,2021-05-19T16:02:26-04:00,True,"1.01,8.01,9.01"
0001618835,"Evofem Biosciences, Inc.",0001618835-21-000101,2021-05-12,2021-05-12T17:00:48-04:00,True,5.07
0001618835,"Evofem Biosciences, Inc.",0001618835-21-000098,2021-05-06,2021-05-06T16:01:18-04:00,True,"2.02,9.01"
0001618835,"Evofem Biosciences, Inc.",0001618835-21-000091,2021-04-07,2021-04-07T16:52:50-04:00,True,"7.01,9.01"
0001618835,"Evofem Biosciences, Inc.",0001618835-21-000075,2021-03-25,2021-03-25T16:16:35-04:00,True,"8.01,9.01"
0001618835,"Evofem Biosciences, Inc.",0001618835-21-000049,2021-03-08,2021-03-08T08:57:51-05:00,False,"7.01,9.01"
0001618835,"Evofem Biosciences, Inc.",0001618835-21-000046,2021-03-04,2021-03-04T16:29:41-05:00,True,"7.01,9.01"
0001618835,"Evofem Biosciences, Inc.",0001618835-21-000039,2021-03-04,2021-03-04T16:00:21-05:00,True,"2.02,9.01"
0001618835,"Evofem Biosciences, Inc.",0001618835-21-000022,2021-02-22,2021-02-22T06:12:00-05:00,False,"7.01,9.01"
0001618835,"Evofem Biosciences, Inc.",0001618835-21-000018,2021-02-05,2021-02-05T08:02:21-05:00,False,"7.01,9.01"
0001618835,"Evofem Biosciences, Inc.",0001618835-20-000250,2020-12-01,2020-12-01T16:05:33-05:00,True,"7.01,9.01"
0001618835,"Evofem Biosciences, Inc.",0001618835-20-000244,2020-11-18,2020-11-18T17:04:39-05:00,True,"7.01,9.01"
0001618835,"Evofem Biosciences, Inc.",0001618835-20-000241,2020-11-09,2020-11-09T16:04:09-05:00,True,"2.02,9.01"
0001618835,"Evofem Biosciences, Inc.",0001618835-20-000226,2020-10-15,2020-10-15T08:05:18-04:00,False,"1.01,2.03,3.02,8.01,9.01"
0001618835,"Evofem Biosciences, Inc.",0001618835-20-000222,2020-09-14,2020-09-14T15:21:07-04:00,False,"7.01,9.01"
0001618835,"Evofem Biosciences, Inc.",0001618835-20-000214,2020-08-04,2020-08-04T08:01:08-04:00,False,"2.02,9.01"
0001618835,"Evofem Biosciences, Inc.",0001618835-20-000200,2020-06-18,2020-06-18T16:24:41-04:00,True,5.07
0001618835,"Evofem Biosciences, Inc.",0001618835-20-000192,2020-06-09,2020-06-09T17:09:28-04:00,True,"2.03,3.02,9.01"
0001618835,"Evofem Biosciences, Inc.",0001618835-20-000178,2020-06-03,2020-06-03T16:52:29-04:00,True,"8.01,9.01"
0001618835,"Evofem Biosciences, Inc.",0001618835-20-000169,2020-06-02,2020-06-02T16:21:23-04:00,True,"1.02,8.01,9.01"
0001618835,"Evofem Biosciences, Inc.",0001618835-20-000149,2020-05-22,2020-05-22T16:05:23-04:00,True,"8.01,9.01"
0001618835,"Evofem Biosciences, Inc.",0001618835-20-000124,2020-05-12,2020-05-12T16:11:16-04:00,True,"5.02,5.07,9.01"
0001618835,"Evofem Biosciences, Inc.",0001618835-20-000103,2020-05-06,2020-05-06T08:01:59-04:00,False,"2.02,9.01"
0001618835,"Evofem Biosciences, Inc.",0001618835-20-000084,2020-04-28,2020-04-28T07:59:30-04:00,False,"8.01,9.01"
0001618835,"Evofem Biosciences, Inc.",0001618835-20-000081,2020-04-27,2020-04-27T08:00:41-04:00,False,"1.01,2.03,3.02,8.01,9.01"
0001618835,"Evofem Biosciences, Inc.",0001618835-20-000076,2020-04-17,2020-04-17T16:17:07-04:00,True,1.01
0001618835,"Evofem Biosciences, Inc.",0001618835-20-000057,2020-03-25,2020-03-25T17:00:36-04:00,True,"1.01,3.03,5.03,8.01,9.01"
0001618835,"Evofem Biosciences, Inc.",0001618835-20-000045,2020-03-12,2020-03-12T08:00:54-04:00,False,"2.02,9.01"
0001618835,"Evofem Biosciences, Inc.",0001618835-20-000033,2020-02-26,2020-02-26T08:30:31-05:00,False,"5.02,9.01"
0001618835,"Evofem Biosciences, Inc.",0001618835-20-000007,2020-01-10,2020-01-10T16:06:55-05:00,True,"7.01,9.01"
0001618835,"Evofem Biosciences, Inc.",0001618835-19-000217,2019-12-16,2019-12-16T16:35:07-05:00,True,5.02
0001618835,"Evofem Biosciences, Inc.",0001618835-19-000208,2019-12-02,2019-12-02T06:50:35-05:00,False,"8.01,9.01"
0001618835,"Evofem Biosciences, Inc.",0001618835-19-000192,2019-11-26,2019-11-26T07:30:20-05:00,False,"8.01,9.01"
0001618835,"Evofem Biosciences, Inc.",0001618835-19-000167,2019-11-06,2019-11-06T16:06:01-05:00,True,"2.02,9.01"
0001618835,"Evofem Biosciences, Inc.",0001628280-19-012268,2019-10-11,2019-10-11T16:29:24-04:00,True,1.01
0001618835,"Evofem Biosciences, Inc.",0001618835-19-000160,2019-09-04,2019-09-04T09:07:52-04:00,False,"7.01,9.01"
0001618835,"Evofem Biosciences, Inc.",0001618835-19-000144,2019-08-05,2019-08-05T16:11:38-04:00,True,"2.02,9.01"
0001618835,"Evofem Biosciences, Inc.",0001618835-19-000114,2019-06-10,2019-06-10T16:01:24-04:00,True,"3.02,5.02,8.01,9.01"
0001618835,"Evofem Biosciences, Inc.",0001618835-19-000096,2019-06-05,2019-06-05T17:07:19-04:00,True,"5.02,5.07,9.01"
0001618835,"Evofem Biosciences, Inc.",0001618835-19-000085,2019-05-07,2019-05-07T06:13:00-04:00,False,"2.02,9.01"
0001618835,"Evofem Biosciences, Inc.",0001618835-19-000058,2019-04-11,2019-04-11T17:16:31-04:00,True,"1.01,3.02,5.02,8.01,9.01"
0001618835,"Evofem Biosciences, Inc.",0001618835-19-000027,2019-03-01,2019-02-28T21:22:44-05:00,True,"2.02,9.01"
0001618835,"Evofem Biosciences, Inc.",0001618835-19-000009,2019-02-11,2019-02-11T16:12:43-05:00,True,"1.01,3.02,3.03,9.01"
0001618835,"Evofem Biosciences, Inc.",0001618835-19-000005,2019-01-07,2019-01-07T06:11:02-05:00,False,"7.01,9.01"
0001618835,"Evofem Biosciences, Inc.",0001618835-19-000003,2019-01-03,2019-01-03T08:00:23-05:00,False,"8.01,9.01"
0001514946,"AXIM BIOTECHNOLOGIES, INC.",0001096906-24-002002,2024-10-15,2024-10-15T12:44:28-04:00,False,"5.01,5.02"
0001514946,"AXIM BIOTECHNOLOGIES, INC.",0001096906-24-000539,2024-03-21,2024-03-21T11:47:08-04:00,False,"1.01,2.03,9.01"
0001514946,"AXIM BIOTECHNOLOGIES, INC.",0001096906-24-000199,2024-02-13,2024-02-13T12:16:17-05:00,False,"1.01,3.02"
0001514946,"AXIM BIOTECHNOLOGIES, INC.",0001096906-23-002456,2023-12-28,2023-12-28T06:59:09-05:00,False,"1.01,3.02,9.01"
0001514946,"AXIM BIOTECHNOLOGIES, INC.",0001096906-23-001228,2023-06-02,2023-06-02T10:51:43-04:00,False,"1.01,9.01"
0001514946,"AXIM BIOTECHNOLOGIES, INC.",0001096906-23-001206,2023-05-30,2023-05-30T11:50:28-04:00,False,"1.01,2.03,9.01"
0001514946,"AXIM BIOTECHNOLOGIES, INC.",0001096906-23-001188,2023-05-25,2023-05-25T12:04:19-04:00,False,"5.02,9.01"
0001514946,"AXIM BIOTECHNOLOGIES, INC.",0001096906-23-000219,2023-01-27,2023-01-27T11:07:23-05:00,False,"1.01,2.03,9.01"
0001514946,"AXIM BIOTECHNOLOGIES, INC.",0001096906-22-002280,2022-09-19,2022-09-19T12:14:42-04:00,False,"1.01,7.01,9.01"
0001514946,"AXIM BIOTECHNOLOGIES, INC.",0001096906-22-002035,2022-08-29,2022-08-29T11:08:10-04:00,False,"1.01,3.02,9.01"
0001514946,"AXIM BIOTECHNOLOGIES, INC.",0001096906-22-000524,2022-03-09,2022-03-09T11:37:53-05:00,False,"1.02,7.01,9.01"
0001514946,"AXIM BIOTECHNOLOGIES, INC.",0001096906-22-000353,2022-02-16,2022-02-16T11:33:40-05:00,False,"1.01,1.02,2.03,3.02,9.01"
0001514946,"AXIM BIOTECHNOLOGIES, INC.",0001096906-22-000092,2022-01-12,2022-01-11T13:27:40-05:00,False,5.02
0001514946,"AXIM BIOTECHNOLOGIES, INC.",0001096906-22-000068,2022-01-07,2022-01-07T11:21:30-05:00,False,5.02
0001514946,"AXIM BIOTECHNOLOGIES, INC.",0001096906-21-001784,2021-08-04,2021-08-03T14:02:08-04:00,False,"1.01,7.01,9.01"
0001514946,"AXIM BIOTECHNOLOGIES, INC.",0001078782-21-000441,2021-05-14,2021-05-14T12:07:59-04:00,False,"1.01,9.01"
0001514946,"AXIM BIOTECHNOLOGIES, INC.",0001078782-20-000562,2020-07-24,2020-07-23T14:07:27-04:00,False,"5.02,5.03,9.01"
0001514946,"AXIM BIOTECHNOLOGIES, INC.",0001078782-20-000333,2020-05-14,2020-05-14T13:06:43-04:00,False,8.01
0001514946,"AXIM BIOTECHNOLOGIES, INC.",0001078782-20-000320,2020-05-13,2020-05-12T17:29:40-04:00,True,"7.01,8.01,9.01"
0001514946,"AXIM BIOTECHNOLOGIES, INC.",0001078782-20-000318,2020-05-12,2020-05-12T13:02:21-04:00,False,"1.01,2.01,2.03,3.02,5.02"
0001514946,"AXIM BIOTECHNOLOGIES, INC.",0001078782-20-000203,2020-03-27,2020-03-27T13:17:00-04:00,False,8.01
0001514946,"AXIM BIOTECHNOLOGIES, INC.",0001078782-20-000186,2020-03-19,2020-03-18T17:24:50-04:00,True,"1.01,2.01,3.02,7.01,9.01"
0001514946,"AXIM BIOTECHNOLOGIES, INC.",0001078782-20-000007,2020-01-08,2020-01-08T09:26:21-05:00,False,"1.01,7.01,9.01"
0001514946,"AXIM BIOTECHNOLOGIES, INC.",0001078782-19-000919,2019-12-17,2019-12-16T15:01:37-05:00,False,"1.01,9.01"
0001514946,"AXIM BIOTECHNOLOGIES, INC.",0001078782-19-000576,2019-07-09,2019-07-09T11:39:25-04:00,False,"1.01,7.01,9.01"
0001514946,"AXIM BIOTECHNOLOGIES, INC.",0001078782-19-000493,2019-06-04,2019-06-03T15:02:52-04:00,False,"1.01,7.01,9.01"
0001514946,"AXIM BIOTECHNOLOGIES, INC.",0001078782-19-000366,2019-04-23,2019-04-23T12:58:40-04:00,False,"1.01,7.01,9.01"
0001514946,"AXIM BIOTECHNOLOGIES, INC.",0001078782-19-000294,2019-04-04,2019-04-04T08:07:06-04:00,False,"5.02,7.01"
0001514946,"AXIM BIOTECHNOLOGIES, INC.",0001078782-19-000177,2019-02-26,2019-02-26T10:29:52-05:00,False,"5.01,9.01"
0001514946,"AXIM BIOTECHNOLOGIES, INC.",0001078782-19-000057,2019-01-15,2019-01-15T06:25:31-05:00,False,"7.01,9.01"
0001514946,"AXIM BIOTECHNOLOGIES, INC.",0001078782-19-000021,2019-01-08,2019-01-08T05:16:37-05:00,False,"5.02,7.01,9.01"
