accession,cik,name,filing_date,acceptance_et,after_hours,items,llm_label
0001093557-25-000264,0001093557,DEXCOM INC,2025-10-27,2025-10-27T16:15:56-04:00,True,"5.02,7.01,9.01",OTHER
0001093557-25-000050,0001093557,DEXCOM INC,2025-03-10,2025-03-10T08:31:23-04:00,False,"5.02,7.01",OTHER
0001093557-25-000047,0001093557,DEXCOM INC,2025-03-07,2025-03-07T16:30:19-05:00,True,"7.01,8.01",REGULATORY
0001093557-23-000157,0001093557,DEXCOM INC,2023-06-26,2023-06-23T18:04:12-04:00,True,"7.01,9.01",PRESENTATION
0001193125-22-173521,0000943819,RESMED INC,2022-06-14,2022-06-14T09:07:06-04:00,False,"1.01,7.01,9.01",OTHER
0001110803-25-000032,0001110803,"ILLUMINA, INC.",2025-03-25,2025-03-25T16:15:56-04:00,True,"5.02,7.01,9.01",OTHER
0001110803-25-000025,0001110803,"ILLUMINA, INC.",2025-03-10,2025-03-10T16:47:17-04:00,True,"7.01,9.01",OTHER
0001110803-24-000013,0001110803,"ILLUMINA, INC.",2024-04-12,2024-04-12T09:01:14-04:00,False,7.01,REGULATORY
0000950157-24-000591,0001110803,"ILLUMINA, INC.",2024-04-09,2024-04-09T16:15:49-04:00,True,"5.02,7.01,9.01",OTHER
0001193125-22-284674,0001110803,"ILLUMINA, INC.",2022-11-14,2022-11-14T16:32:29-05:00,True,7.01,OTHER
0001193125-22-258375,0001110803,"ILLUMINA, INC.",2022-10-06,2022-10-05T19:45:33-04:00,True,7.01,OTHER
0001110803-20-000005,0001110803,"ILLUMINA, INC.",2020-01-02,2020-01-02T16:07:45-05:00,True,"1.01,1.02,7.01,9.01",OTHER
0000914475-25-000081,0000914475,NEUROCRINE BIOSCIENCES INC,2025-04-04,2025-04-04T08:02:40-04:00,False,"5.02,7.01,9.01",OTHER
0000914475-25-000006,0000914475,NEUROCRINE BIOSCIENCES INC,2025-01-27,2025-01-27T16:12:01-05:00,True,"1.01,7.01,9.01",OTHER
0000914475-24-000199,0000914475,NEUROCRINE BIOSCIENCES INC,2024-08-28,2024-08-28T07:00:59-04:00,False,"7.01,8.01,9.01",CLINICAL
0000914475-22-000050,0000914475,NEUROCRINE BIOSCIENCES INC,2022-08-30,2022-08-30T08:01:13-04:00,False,7.01,OTHER
0000914475-20-000029,0000914475,NEUROCRINE BIOSCIENCES INC,2020-09-10,2020-09-10T08:30:42-04:00,False,"7.01,9.01",PRESENTATION
0001193125-19-121779,0000914475,NEUROCRINE BIOSCIENCES INC,2019-04-26,2019-04-26T13:45:55-04:00,False,7.01,OTHER
0001159036-25-000039,0001159036,"HALOZYME THERAPEUTICS, INC.",2025-10-14,2025-10-14T06:45:15-04:00,False,"7.01,9.01",OTHER
0001193125-25-225853,0001159036,"HALOZYME THERAPEUTICS, INC.",2025-10-01,2025-10-01T07:06:21-04:00,False,"7.01,9.01",OTHER
0001159036-23-000020,0001159036,"HALOZYME THERAPEUTICS, INC.",2023-03-16,2023-03-15T18:28:28-04:00,True,"7.01,9.01",OTHER
0001159036-23-000004,0001159036,"HALOZYME THERAPEUTICS, INC.",2023-01-10,2023-01-10T17:16:42-05:00,True,"2.02,7.01,9.01",OTHER
0001193125-22-158531,0001159036,"HALOZYME THERAPEUTICS, INC.",2022-05-24,2022-05-24T16:16:56-04:00,True,"1.01,2.01,2.03,7.01,9.01",OTHER
0001193125-22-104452,0001159036,"HALOZYME THERAPEUTICS, INC.",2022-04-13,2022-04-13T17:18:14-04:00,True,"1.01,7.01,9.01",OTHER
0001159036-22-000002,0001159036,"HALOZYME THERAPEUTICS, INC.",2022-01-10,2022-01-10T08:12:12-05:00,False,"2.02,7.01,9.01",OTHER
0001159036-21-000006,0001159036,"HALOZYME THERAPEUTICS, INC.",2021-01-13,2021-01-13T17:11:52-05:00,True,"2.02,7.01,9.01",PRESENTATION
0001159036-20-000004,0001159036,"HALOZYME THERAPEUTICS, INC.",2020-01-16,2020-01-16T16:25:33-05:00,True,"7.01,9.01",PRESENTATION
0001159036-19-000046,0001159036,"HALOZYME THERAPEUTICS, INC.",2019-09-04,2019-09-04T11:20:23-04:00,False,"7.01,9.01",PRESENTATION
0001159036-19-000002,0001159036,"HALOZYME THERAPEUTICS, INC.",2019-01-09,2019-01-09T17:04:14-05:00,True,"7.01,9.01",PRESENTATION
0001140361-25-041225,0000874015,IONIS PHARMACEUTICALS INC,2025-11-10,2025-11-10T06:04:26-05:00,False,"7.01,8.01,9.01",CLINICAL
0001140361-25-035634,0000874015,IONIS PHARMACEUTICALS INC,2025-09-22,2025-09-22T07:05:51-04:00,False,"7.01,8.01,9.01",CLINICAL
0001140361-25-033541,0000874015,IONIS PHARMACEUTICALS INC,2025-09-02,2025-09-02T07:05:42-04:00,False,"7.01,8.01,9.01",CLINICAL
0001140361-25-032176,0000874015,IONIS PHARMACEUTICALS INC,2025-08-21,2025-08-21T14:01:34-04:00,False,"7.01,8.01,9.01",REGULATORY
0001658247-25-000008,0001658247,"Crinetics Pharmaceuticals, Inc.",2025-09-26,2025-09-25T17:36:34-04:00,True,"7.01,8.01,9.01",REGULATORY
0000950170-25-091613,0001658247,"Crinetics Pharmaceuticals, Inc.",2025-06-30,2025-06-30T16:26:17-04:00,True,"7.01,9.01",PRESENTATION
0000950170-25-090405,0001658247,"Crinetics Pharmaceuticals, Inc.",2025-06-26,2025-06-26T16:16:14-04:00,True,"7.01,8.01,9.01",PRESENTATION
0000950170-25-025248,0001658247,"Crinetics Pharmaceuticals, Inc.",2025-02-24,2025-02-24T08:50:52-05:00,False,"5.02,7.01,9.01",OTHER
0000950170-25-005435,0001658247,"Crinetics Pharmaceuticals, Inc.",2025-01-14,2025-01-14T17:02:31-05:00,True,"7.01,9.01",PRESENTATION
0000950170-25-003801,0001658247,"Crinetics Pharmaceuticals, Inc.",2025-01-10,2025-01-10T07:34:34-05:00,False,"7.01,8.01,9.01",CLINICAL
0000950170-24-136680,0001658247,"Crinetics Pharmaceuticals, Inc.",2024-12-16,2024-12-16T16:32:46-05:00,True,"5.02,7.01,9.01",OTHER
0001193125-24-153075,0001658247,"Crinetics Pharmaceuticals, Inc.",2024-06-03,2024-06-03T16:35:07-04:00,True,"7.01,8.01,9.01",CLINICAL
0001193125-24-144484,0001658247,"Crinetics Pharmaceuticals, Inc.",2024-05-22,2024-05-22T08:23:34-04:00,False,"7.01,9.01",CLINICAL
0000950170-24-055872,0001658247,"Crinetics Pharmaceuticals, Inc.",2024-05-08,2024-05-08T17:00:28-04:00,True,7.01,PRESENTATION
0001193125-24-070706,0001658247,"Crinetics Pharmaceuticals, Inc.",2024-03-19,2024-03-19T06:31:10-04:00,False,"7.01,8.01,9.01",CLINICAL
0001193125-24-065913,0001658247,"Crinetics Pharmaceuticals, Inc.",2024-03-12,2024-03-12T16:25:02-04:00,True,"7.01,8.01,9.01",CLINICAL
0001193125-24-003929,0001658247,"Crinetics Pharmaceuticals, Inc.",2024-01-08,2024-01-08T08:03:59-05:00,False,"7.01,9.01",PRESENTATION
0000950170-23-071084,0001658247,"Crinetics Pharmaceuticals, Inc.",2023-12-18,2023-12-18T16:12:21-05:00,True,"7.01,8.01,9.01",CLINICAL
0001193125-23-231899,0001658247,"Crinetics Pharmaceuticals, Inc.",2023-09-11,2023-09-11T06:05:58-04:00,False,"7.01,8.01,9.01",CLINICAL
0000950170-23-000460,0001658247,"Crinetics Pharmaceuticals, Inc.",2023-01-09,2023-01-09T08:43:33-05:00,False,"7.01,9.01",PRESENTATION
0000950170-22-010602,0001658247,"Crinetics Pharmaceuticals, Inc.",2022-05-25,2022-05-25T07:02:50-04:00,False,"7.01,8.01,9.01",PRESENTATION
0000950170-22-005041,0001658247,"Crinetics Pharmaceuticals, Inc.",2022-03-30,2022-03-30T16:05:24-04:00,True,"2.02,7.01,9.01",CLINICAL
0001564590-21-048031,0001658247,"Crinetics Pharmaceuticals, Inc.",2021-09-15,2021-09-15T16:05:54-04:00,True,"7.01,8.01,9.01",CLINICAL
0001564590-21-043067,0001658247,"Crinetics Pharmaceuticals, Inc.",2021-08-10,2021-08-10T16:05:52-04:00,True,"2.02,7.01,8.01,9.01",CLINICAL
0001564590-20-047499,0001658247,"Crinetics Pharmaceuticals, Inc.",2020-10-26,2020-10-26T06:55:33-04:00,False,"7.01,8.01,9.01",CLINICAL
0001193125-20-099551,0001658247,"Crinetics Pharmaceuticals, Inc.",2020-04-06,2020-04-06T16:35:59-04:00,True,"7.01,8.01,9.01",CLINICAL
0001193125-25-164789,0001326110,"ImmunityBio, Inc.",2025-07-25,2025-07-25T06:23:30-04:00,False,"1.01,2.02,7.01,8.01,9.01",OTHER
0001193125-25-075102,0001326110,"ImmunityBio, Inc.",2025-04-08,2025-04-08T07:45:29-04:00,False,"1.01,7.01,9.01",OTHER
0001326110-24-000040,0001326110,"ImmunityBio, Inc.",2024-04-23,2024-04-23T06:17:01-04:00,False,"7.01,8.01,9.01",REGULATORY
0001193125-22-302356,0001326110,"ImmunityBio, Inc.",2022-12-12,2022-12-12T09:07:06-05:00,False,"1.01,2.02,2.03,7.01,8.01,9.01",OTHER
0001193125-22-285314,0001326110,"ImmunityBio, Inc.",2022-11-15,2022-11-15T08:42:15-05:00,False,"7.01,8.01,9.01",PRESENTATION
0001193125-22-042967,0001326110,"ImmunityBio, Inc.",2022-02-15,2022-02-15T09:00:33-05:00,False,"1.01,2.01,7.01,9.01",OTHER
0001193125-22-007333,0001326110,"ImmunityBio, Inc.",2022-01-12,2022-01-12T08:35:57-05:00,False,"1.01,7.01,9.01",OTHER
0001193125-21-361818,0001326110,"ImmunityBio, Inc.",2021-12-20,2021-12-20T09:07:02-05:00,False,"1.01,2.03,5.03,7.01,9.01",OTHER
0001193125-21-182190,0001326110,"ImmunityBio, Inc.",2021-06-04,2021-06-04T08:30:52-04:00,False,"7.01,9.01",PRESENTATION
0001193125-21-084244,0001326110,"ImmunityBio, Inc.",2021-03-17,2021-03-17T17:24:15-04:00,True,"7.01,9.01",PRESENTATION
0001193125-21-075243,0001326110,"ImmunityBio, Inc.",2021-03-10,2021-03-09T21:58:48-05:00,True,"2.01,2.03,5.02,5.03,5.07,7.01,8.01,9.01",OTHER
0001193125-21-007807,0001326110,"ImmunityBio, Inc.",2021-01-13,2021-01-13T09:17:38-05:00,False,"7.01,9.01",PRESENTATION
0000950170-25-004613,0001761918,"Erasca, Inc.",2025-01-13,2025-01-13T09:10:29-05:00,False,"7.01,9.01",PRESENTATION
0001193125-24-080630,0001761918,"Erasca, Inc.",2024-03-28,2024-03-28T16:14:07-04:00,True,"1.01,3.02,7.01,9.01",OTHER
0000950170-24-003199,0001761918,"Erasca, Inc.",2024-01-09,2024-01-09T09:00:57-05:00,False,"7.01,9.01",PRESENTATION
0001193125-23-004264,0001761918,"Erasca, Inc.",2023-01-09,2023-01-09T09:16:33-05:00,False,"7.01,9.01",PRESENTATION
0001193125-25-324830,0000886163,LIGAND PHARMACEUTICALS INC,2025-12-18,2025-12-18T16:11:52-05:00,True,7.01,OTHER
0000886163-25-000042,0000886163,LIGAND PHARMACEUTICALS INC,2025-07-02,2025-07-02T07:10:18-04:00,False,"7.01,9.01",OTHER
0000886163-25-000020,0000886163,LIGAND PHARMACEUTICALS INC,2025-04-17,2025-04-17T06:08:08-04:00,False,"7.01,9.01",OTHER
0000886163-25-000003,0000886163,LIGAND PHARMACEUTICALS INC,2025-02-25,2025-02-25T16:02:36-05:00,True,"1.01,7.01,9.01",OTHER
0000886163-24-000053,0000886163,LIGAND PHARMACEUTICALS INC,2024-07-08,2024-07-08T07:38:30-04:00,False,"1.01,7.01,9.01",OTHER
0000886163-22-000097,0000886163,LIGAND PHARMACEUTICALS INC,2022-06-29,2022-06-29T17:17:35-04:00,True,"5.02,7.01,9.01",OTHER
0001104659-22-072614,0000886163,LIGAND PHARMACEUTICALS INC,2022-06-21,2022-06-21T06:19:40-04:00,False,"7.01,9.01",PRESENTATION
0000886163-21-000102,0000886163,LIGAND PHARMACEUTICALS INC,2021-07-14,2021-07-14T16:08:33-04:00,True,"5.02,7.01,8.01,9.01",OTHER
0000886163-20-000110,0000886163,LIGAND PHARMACEUTICALS INC,2020-10-20,2020-10-20T10:52:40-04:00,False,"2.02,7.01,9.01",PRESENTATION
0000886163-20-000108,0000886163,LIGAND PHARMACEUTICALS INC,2020-10-13,2020-10-13T08:44:02-04:00,False,"1.01,7.01,9.01",OTHER
0001193125-20-260585,0000886163,LIGAND PHARMACEUTICALS INC,2020-10-01,2020-10-01T08:42:02-04:00,False,"1.01,2.01,7.01,9.01",OTHER
0000886163-19-000186,0000886163,LIGAND PHARMACEUTICALS INC,2019-10-16,2019-10-16T08:57:32-04:00,False,"5.02,7.01,9.01",OTHER
0000886163-19-000049,0000886163,LIGAND PHARMACEUTICALS INC,2019-03-12,2019-03-12T10:02:16-04:00,False,"7.01,9.01",PRESENTATION
0000886163-19-000043,0000886163,LIGAND PHARMACEUTICALS INC,2019-03-05,2019-03-05T17:16:42-05:00,True,"1.01,7.01,9.01",PRESENTATION
0001193125-21-105632,0001070494,ACADIA PHARMACEUTICALS INC,2021-04-05,2021-04-05T08:08:55-04:00,False,"7.01,8.01,9.01",REGULATORY
0001607678-25-000003,0001607678,"Viking Therapeutics, Inc.",2025-08-19,2025-08-19T07:09:43-04:00,False,"7.01,9.01",CLINICAL
0000950170-24-120267,0001607678,"Viking Therapeutics, Inc.",2024-11-04,2024-11-04T06:31:16-05:00,False,"7.01,9.01",CLINICAL
0000950170-24-068297,0001607678,"Viking Therapeutics, Inc.",2024-06-04,2024-06-04T07:10:11-04:00,False,"7.01,9.01",CLINICAL
0000950170-24-036151,0001607678,"Viking Therapeutics, Inc.",2024-03-26,2024-03-26T07:08:14-04:00,False,"7.01,9.01",CLINICAL
0000950170-24-020616,0001607678,"Viking Therapeutics, Inc.",2024-02-27,2024-02-27T07:04:52-05:00,False,"7.01,9.01",CLINICAL
0000950170-23-010112,0001607678,"Viking Therapeutics, Inc.",2023-03-28,2023-03-28T07:10:29-04:00,False,"7.01,9.01",OTHER
0000950170-23-010108,0001607678,"Viking Therapeutics, Inc.",2023-03-28,2023-03-28T06:42:19-04:00,False,"7.01,9.01",CLINICAL
0001564590-20-011413,0001607678,"Viking Therapeutics, Inc.",2020-03-17,2020-03-17T16:20:30-04:00,True,7.01,OTHER
0001193125-25-146905,0001823239,"MARAVAI LIFESCIENCES HOLDINGS, INC.",2025-06-25,2025-06-25T16:13:09-04:00,True,"5.02,7.01,9.01",OTHER
0001193125-25-137478,0001823239,"MARAVAI LIFESCIENCES HOLDINGS, INC.",2025-06-09,2025-06-09T08:40:50-04:00,False,"5.02,7.01,9.01",OTHER
0001823239-25-000059,0001823239,"MARAVAI LIFESCIENCES HOLDINGS, INC.",2025-03-20,2025-03-20T16:34:12-04:00,True,7.01,OTHER
0001823239-25-000028,0001823239,"MARAVAI LIFESCIENCES HOLDINGS, INC.",2025-02-25,2025-02-24T20:43:29-05:00,True,"2.02,7.01,9.01",OTHER
0001823239-24-000124,0001823239,"MARAVAI LIFESCIENCES HOLDINGS, INC.",2024-12-05,2024-12-05T16:07:27-05:00,True,"5.02,7.01",OTHER
0001823239-24-000091,0001823239,"MARAVAI LIFESCIENCES HOLDINGS, INC.",2024-07-29,2024-07-29T16:11:14-04:00,True,"5.02,7.01",OTHER
0001823239-23-000077,0001823239,"MARAVAI LIFESCIENCES HOLDINGS, INC.",2023-07-27,2023-07-27T16:11:00-04:00,True,"5.02,7.01,9.01",OTHER
0001823239-23-000072,0001823239,"MARAVAI LIFESCIENCES HOLDINGS, INC.",2023-07-20,2023-07-20T16:08:09-04:00,True,"5.02,7.01",OTHER
0001823239-23-000017,0001823239,"MARAVAI LIFESCIENCES HOLDINGS, INC.",2023-03-10,2023-03-10T16:07:41-05:00,True,7.01,OTHER
0001193125-22-296553,0001823239,"MARAVAI LIFESCIENCES HOLDINGS, INC.",2022-12-01,2022-12-01T16:26:04-05:00,True,"5.02,7.01,9.01",OTHER
0001823239-22-000052,0001823239,"MARAVAI LIFESCIENCES HOLDINGS, INC.",2022-10-19,2022-10-19T16:05:25-04:00,True,"5.02,7.01,9.01",OTHER
0001823239-22-000048,0001823239,"MARAVAI LIFESCIENCES HOLDINGS, INC.",2022-10-03,2022-10-03T16:07:22-04:00,True,"5.02,7.01,9.01",OTHER
0001823239-22-000006,0001823239,"MARAVAI LIFESCIENCES HOLDINGS, INC.",2022-01-28,2022-01-28T08:03:55-05:00,False,"7.01,9.01",OTHER
0001370053-25-000103,0001370053,"ANAPTYSBIO, INC",2025-11-26,2025-11-26T16:00:38-05:00,True,"7.01,9.01",OTHER
0001370053-25-000091,0001370053,"ANAPTYSBIO, INC",2025-11-10,2025-11-10T09:10:20-05:00,False,"7.01,8.01,9.01",CLINICAL
0001370053-25-000083,0001370053,"ANAPTYSBIO, INC",2025-10-14,2025-10-14T16:33:51-04:00,True,"7.01,9.01",PRESENTATION
0001370053-25-000081,0001370053,"ANAPTYSBIO, INC",2025-09-29,2025-09-29T16:29:55-04:00,True,"7.01,8.01,9.01",OTHER
0001370053-25-000052,0001370053,"ANAPTYSBIO, INC",2025-06-03,2025-06-03T17:20:42-04:00,True,"7.01,8.01",CLINICAL
0001370053-25-000014,0001370053,"ANAPTYSBIO, INC",2025-02-19,2025-02-19T17:10:30-05:00,True,7.01,PRESENTATION
0001370053-25-000010,0001370053,"ANAPTYSBIO, INC",2025-02-12,2025-02-12T08:30:37-05:00,False,"7.01,8.01",CLINICAL
0001370053-25-000002,0001370053,"ANAPTYSBIO, INC",2025-02-03,2025-02-03T08:55:32-05:00,False,"1.01,7.01",OTHER
0001370053-24-000003,0001370053,"ANAPTYSBIO, INC",2024-01-05,2024-01-05T16:09:38-05:00,True,"2.02,7.01,9.01",PRESENTATION
0001370053-23-000069,0001370053,"ANAPTYSBIO, INC",2023-11-27,2023-11-27T16:17:25-05:00,True,"1.01,7.01",OTHER
0001370053-23-000058,0001370053,"ANAPTYSBIO, INC",2023-10-25,2023-10-25T16:43:03-04:00,True,"7.01,9.01",PRESENTATION
0001370053-23-000054,0001370053,"ANAPTYSBIO, INC",2023-10-10,2023-10-10T09:01:13-04:00,False,"7.01,9.01",CLINICAL
0001370053-23-000005,0001370053,"ANAPTYSBIO, INC",2023-01-05,2023-01-05T16:12:16-05:00,True,"2.02,7.01,9.01",OTHER
0001370053-22-000064,0001370053,"ANAPTYSBIO, INC",2022-11-08,2022-11-08T16:08:53-05:00,True,"2.02,7.01,9.01",OTHER
0001370053-22-000052,0001370053,"ANAPTYSBIO, INC",2022-09-12,2022-09-12T07:32:57-04:00,False,"1.01,7.01,9.01",OTHER
0001370053-22-000049,0001370053,"ANAPTYSBIO, INC",2022-08-31,2022-08-31T16:19:39-04:00,True,"7.01,9.01",CLINICAL
0001370053-22-000019,0001370053,"ANAPTYSBIO, INC",2022-04-27,2022-04-27T16:18:20-04:00,True,"7.01,9.01",CLINICAL
0001370053-22-000014,0001370053,"ANAPTYSBIO, INC",2022-03-14,2022-03-14T16:26:20-04:00,True,"7.01,9.01",CLINICAL
0001370053-21-000072,0001370053,"ANAPTYSBIO, INC",2021-11-15,2021-11-15T09:05:10-05:00,False,"7.01,9.01",CLINICAL
0001370053-21-000060,0001370053,"ANAPTYSBIO, INC",2021-10-04,2021-10-04T09:00:42-04:00,False,"7.01,9.01",CLINICAL
0001370053-21-000046,0001370053,"ANAPTYSBIO, INC",2021-06-03,2021-06-02T19:11:46-04:00,True,"7.01,9.01",PRESENTATION
0001370053-21-000022,0001370053,"ANAPTYSBIO, INC",2021-03-08,2021-03-08T08:05:17-05:00,False,"7.01,9.01",CLINICAL
0001370053-21-000003,0001370053,"ANAPTYSBIO, INC",2021-01-11,2021-01-11T10:26:48-05:00,False,"2.02,7.01,9.01",PRESENTATION
0001370053-20-000053,0001370053,"ANAPTYSBIO, INC",2020-10-13,2020-10-13T09:05:48-04:00,False,"7.01,9.01",CLINICAL
0001370053-20-000050,0001370053,"ANAPTYSBIO, INC",2020-08-10,2020-08-10T08:06:30-04:00,False,"2.02,7.01,9.01",CLINICAL
0001370053-20-000003,0001370053,"ANAPTYSBIO, INC",2020-01-15,2020-01-15T10:11:51-05:00,False,"7.01,9.01",PRESENTATION
0001370053-19-000041,0001370053,"ANAPTYSBIO, INC",2019-11-08,2019-11-08T08:05:42-05:00,False,"2.02,7.01,9.01",CLINICAL
0001370053-19-000035,0001370053,"ANAPTYSBIO, INC",2019-09-30,2019-09-30T16:18:56-04:00,True,"7.01,9.01",CLINICAL
0001438133-20-000098,0001438133,TANDEM DIABETES CARE INC,2020-06-25,2020-06-24T20:15:36-04:00,True,7.01,OTHER
0001193125-24-243475,0001863127,"Tyra Biosciences, Inc.",2024-10-25,2024-10-25T08:01:32-04:00,False,"5.02,7.01,8.01,9.01",CLINICAL
0001193125-24-023367,0001863127,"Tyra Biosciences, Inc.",2024-02-05,2024-02-05T06:05:32-05:00,False,"1.01,3.02,7.01,9.01",OTHER
0001193125-21-318435,0001863127,"Tyra Biosciences, Inc.",2021-11-03,2021-11-03T16:16:37-04:00,True,"2.02,7.01,9.01",OTHER
0002007919-25-000097,0002007919,"Inhibrx Biosciences, Inc.",2025-12-16,2025-12-16T17:00:04-05:00,True,"7.01,8.01,9.01",CLINICAL
0002007919-25-000089,0002007919,"Inhibrx Biosciences, Inc.",2025-10-23,2025-10-23T16:05:56-04:00,True,"7.01,8.01,9.01",CLINICAL
0002007919-25-000007,0002007919,"Inhibrx Biosciences, Inc.",2025-01-21,2025-01-21T17:03:34-05:00,True,"7.01,8.01,9.01",CLINICAL
0002007919-25-000003,0002007919,"Inhibrx Biosciences, Inc.",2025-01-13,2025-01-13T16:18:50-05:00,True,"1.01,2.03,3.02,7.01,9.01",OTHER
0002007919-24-000031,0002007919,"Inhibrx Biosciences, Inc.",2024-08-13,2024-08-13T16:09:15-04:00,True,"2.02,7.01,9.01",OTHER
0002007919-24-000016,0002007919,"Inhibrx Biosciences, Inc.",2024-06-17,2024-06-17T16:03:05-04:00,True,"7.01,9.01",PRESENTATION
0001104659-24-065140,0002007919,"Inhibrx Biosciences, Inc.",2024-05-24,2024-05-24T16:21:16-04:00,True,"7.01,9.01",OTHER
0000950170-24-088609,0001350653,"Alphatec Holdings, Inc.",2024-07-31,2024-07-31T16:20:42-04:00,True,"2.02,5.02,7.01,9.01",OTHER
0000950170-24-033642,0001350653,"Alphatec Holdings, Inc.",2024-03-19,2024-03-19T17:05:17-04:00,True,7.01,PRESENTATION
0001193125-23-264201,0001350653,"Alphatec Holdings, Inc.",2023-10-27,2023-10-26T17:31:33-04:00,True,"1.01,7.01,9.01",OTHER
0001193125-23-261657,0001350653,"Alphatec Holdings, Inc.",2023-10-24,2023-10-24T16:05:56-04:00,True,"2.02,7.01,9.01",OTHER
0000950170-23-053803,0001350653,"Alphatec Holdings, Inc.",2023-10-17,2023-10-17T17:05:30-04:00,True,"5.02,7.01,9.01",OTHER
0000950170-23-007469,0001350653,"Alphatec Holdings, Inc.",2023-03-13,2023-03-13T09:05:53-04:00,False,7.01,OTHER
0001564590-22-021227,0001350653,"Alphatec Holdings, Inc.",2022-05-25,2022-05-25T10:58:52-04:00,False,"7.01,9.01",PRESENTATION
0001564590-21-037967,0001350653,"Alphatec Holdings, Inc.",2021-07-26,2021-07-26T16:45:44-04:00,True,"5.02,7.01,9.01",OTHER
0001564590-21-033642,0001350653,"Alphatec Holdings, Inc.",2021-06-21,2021-06-21T16:36:27-04:00,True,"5.02,5.07,7.01,9.01",OTHER
0001564590-21-028554,0001350653,"Alphatec Holdings, Inc.",2021-05-18,2021-05-18T09:14:20-04:00,False,"2.01,7.01,9.01",OTHER
0001564590-21-000928,0001350653,"Alphatec Holdings, Inc.",2021-01-12,2021-01-12T09:15:28-05:00,False,"2.02,7.01,9.01",OTHER
0001193125-20-319487,0001350653,"Alphatec Holdings, Inc.",2020-12-17,2020-12-17T06:07:07-05:00,False,"1.01,2.03,3.02,7.01,9.01",OTHER
0001564590-20-018698,0001350653,"Alphatec Holdings, Inc.",2020-04-27,2020-04-27T09:00:34-04:00,False,"1.01,1.02,2.03,7.01,9.01",OTHER
0001564590-20-015828,0001350653,"Alphatec Holdings, Inc.",2020-04-08,2020-04-08T09:00:21-04:00,False,"2.02,2.03,7.01,9.01",OTHER
0001193125-20-054035,0001350653,"Alphatec Holdings, Inc.",2020-02-28,2020-02-28T06:25:11-05:00,False,"1.01,3.02,7.01,9.01",OTHER
0000950170-24-132302,0001817713,"Janux Therapeutics, Inc.",2024-12-02,2024-12-02T17:10:46-05:00,True,"7.01,8.01,9.01",CLINICAL
0000950170-24-020183,0001817713,"Janux Therapeutics, Inc.",2024-02-26,2024-02-26T16:23:58-05:00,True,"7.01,9.01",CLINICAL
0001193125-23-187702,0001817713,"Janux Therapeutics, Inc.",2023-07-17,2023-07-17T08:06:01-04:00,False,"2.02,7.01,8.01,9.01",CLINICAL
0001193125-23-067513,0001422143,"Kura Oncology, Inc.",2023-03-10,2023-03-10T15:25:33-05:00,False,7.01,OTHER
0001193125-22-276373,0001422143,"Kura Oncology, Inc.",2022-11-03,2022-11-03T07:16:03-04:00,False,"1.01,2.03,3.02,7.01,9.01",OTHER
0001564590-20-050279,0001422143,"Kura Oncology, Inc.",2020-11-04,2020-11-04T11:23:46-05:00,False,"7.01,9.01",CLINICAL
0001564590-20-000890,0001422143,"Kura Oncology, Inc.",2020-01-13,2020-01-13T08:00:38-05:00,False,"7.01,9.01",PRESENTATION
0001564590-19-000287,0001422143,"Kura Oncology, Inc.",2019-01-07,2019-01-07T08:30:47-05:00,False,"7.01,9.01",PRESENTATION
0001193125-25-273317,0001906324,QuidelOrtho Corp,2025-11-10,2025-11-10T08:02:30-05:00,False,"7.01,9.01",OTHER
0001906324-24-000025,0001906324,QuidelOrtho Corp,2024-05-07,2024-05-07T16:14:37-04:00,True,"5.02,7.01,9.01",OTHER
0001906324-24-000006,0001906324,QuidelOrtho Corp,2024-02-16,2024-02-16T07:00:20-05:00,False,7.01,OTHER
0001906324-22-000004,0001906324,QuidelOrtho Corp,2022-07-07,2022-07-07T17:02:26-04:00,True,"7.01,9.01",OTHER
0000950170-25-105008,0001807120,"Design Therapeutics, Inc.",2025-08-07,2025-08-07T16:08:29-04:00,True,"2.02,7.01",CLINICAL
0000950170-25-004612,0001807120,"Design Therapeutics, Inc.",2025-01-13,2025-01-13T09:09:12-05:00,False,"7.01,9.01",NO_TEXT
0001140361-25-032295,0001124105,"GYRE THERAPEUTICS, INC.",2025-08-22,2025-08-22T07:05:42-04:00,False,"5.02,7.01,9.01",OTHER
0000950170-25-106525,0001124105,"GYRE THERAPEUTICS, INC.",2025-08-11,2025-08-11T16:00:57-04:00,True,"2.02,5.02,7.01,9.01",OTHER
0001140361-25-020157,0001124105,"GYRE THERAPEUTICS, INC.",2025-05-22,2025-05-22T16:01:49-04:00,True,"7.01,8.01,9.01",CLINICAL
0001140361-25-015880,0001124105,"GYRE THERAPEUTICS, INC.",2025-04-28,2025-04-28T07:05:24-04:00,False,"7.01,9.01",PRESENTATION
0001140361-25-004957,0001124105,"GYRE THERAPEUTICS, INC.",2025-02-18,2025-02-18T06:01:21-05:00,False,"2.02,7.01,9.01",OTHER
0001140361-25-000292,0001124105,"GYRE THERAPEUTICS, INC.",2025-01-06,2025-01-06T07:05:30-05:00,False,"5.02,7.01,9.01",OTHER
0001140361-24-036404,0001124105,"GYRE THERAPEUTICS, INC.",2024-08-08,2024-08-08T16:14:43-04:00,True,"5.02,7.01,8.01,9.01",OTHER
0001140361-24-028106,0001124105,"GYRE THERAPEUTICS, INC.",2024-05-30,2024-05-30T16:05:20-04:00,True,"7.01,8.01,9.01",REGULATORY
0001140361-24-024799,0001124105,"GYRE THERAPEUTICS, INC.",2024-05-08,2024-05-08T08:00:22-04:00,False,"7.01,8.01,9.01",OTHER
0001140361-24-014493,0001124105,"GYRE THERAPEUTICS, INC.",2024-03-21,2024-03-21T07:15:51-04:00,False,"5.02,7.01,9.01",OTHER
0001140361-24-008051,0001124105,"GYRE THERAPEUTICS, INC.",2024-02-14,2024-02-14T17:16:03-05:00,True,"2.02,7.01,9.01",OTHER
0001140361-23-056503,0001124105,"GYRE THERAPEUTICS, INC.",2023-12-06,2023-12-06T16:01:15-05:00,True,"7.01,9.01",OTHER
0001140361-23-053086,0001124105,"GYRE THERAPEUTICS, INC.",2023-11-14,2023-11-14T07:01:22-05:00,False,"7.01,9.01",OTHER
0001140361-23-052715,0001124105,"GYRE THERAPEUTICS, INC.",2023-11-13,2023-11-13T07:01:19-05:00,False,"7.01,9.01",OTHER
0001140361-23-051485,0001124105,"GYRE THERAPEUTICS, INC.",2023-11-06,2023-11-06T06:06:32-05:00,False,"7.01,9.01",OTHER
0001140361-23-050292,0001124105,"GYRE THERAPEUTICS, INC.",2023-10-30,2023-10-30T17:17:21-04:00,True,"1.01,2.01,3.02,3.03,5.01,5.02,5.03,5.05,7.01,9.01",OTHER
0001140361-23-050007,0001124105,"GYRE THERAPEUTICS, INC.",2023-10-27,2023-10-27T17:27:49-04:00,True,"7.01,9.01",OTHER
0001140361-23-012659,0001124105,"GYRE THERAPEUTICS, INC.",2023-03-21,2023-03-21T06:03:53-04:00,False,"7.01,9.01",PRESENTATION
0001140361-22-046943,0001124105,"GYRE THERAPEUTICS, INC.",2022-12-27,2022-12-27T07:00:33-05:00,False,"1.01,2.01,3.02,5.02,5.03,7.01,8.01,9.01",OTHER
0001140361-22-025671,0001124105,"GYRE THERAPEUTICS, INC.",2022-07-11,2022-07-11T10:45:57-04:00,False,"7.01,9.01",INVALID:I need to see the actual content of Exhi
0001193125-22-007230,0001124105,"GYRE THERAPEUTICS, INC.",2022-01-12,2022-01-12T06:31:09-05:00,False,"7.01,9.01",PRESENTATION
0001193125-21-285231,0001124105,"GYRE THERAPEUTICS, INC.",2021-09-28,2021-09-28T13:22:00-04:00,False,"7.01,9.01",PRESENTATION
0001193125-21-265927,0001124105,"GYRE THERAPEUTICS, INC.",2021-09-07,2021-09-07T06:07:20-04:00,False,"7.01,9.01",PRESENTATION
0001193125-21-237049,0001124105,"GYRE THERAPEUTICS, INC.",2021-08-05,2021-08-05T08:07:16-04:00,False,"2.02,7.01,9.01",OTHER
0001193125-21-218332,0001124105,"GYRE THERAPEUTICS, INC.",2021-07-19,2021-07-19T12:24:00-04:00,False,"7.01,9.01",PRESENTATION
0001193125-21-152579,0001124105,"GYRE THERAPEUTICS, INC.",2021-05-06,2021-05-06T08:06:54-04:00,False,"2.02,7.01,9.01",OTHER
0001193125-21-150867,0001124105,"GYRE THERAPEUTICS, INC.",2021-05-05,2021-05-05T08:06:01-04:00,False,"7.01,9.01",CLINICAL
0001193125-21-066564,0001124105,"GYRE THERAPEUTICS, INC.",2021-03-03,2021-03-03T07:01:19-05:00,False,"7.01,9.01",PRESENTATION
0001193125-21-017716,0001124105,"GYRE THERAPEUTICS, INC.",2021-01-26,2021-01-26T16:16:14-05:00,True,"7.01,9.01",PRESENTATION
0001193125-20-316662,0001124105,"GYRE THERAPEUTICS, INC.",2020-12-14,2020-12-14T11:50:50-05:00,False,"7.01,9.01",PRESENTATION
0001193125-20-295393,0001124105,"GYRE THERAPEUTICS, INC.",2020-11-17,2020-11-17T06:07:07-05:00,False,"7.01,9.01",PRESENTATION
0001193125-20-248122,0001124105,"GYRE THERAPEUTICS, INC.",2020-09-17,2020-09-17T16:52:07-04:00,True,"7.01,9.01",PRESENTATION
0001193125-20-172413,0001124105,"GYRE THERAPEUTICS, INC.",2020-06-18,2020-06-18T16:02:13-04:00,True,"7.01,9.01",PRESENTATION
0001193125-20-027470,0001124105,"GYRE THERAPEUTICS, INC.",2020-02-07,2020-02-07T08:39:40-05:00,False,"7.01,9.01",PRESENTATION
0001193125-20-003521,0001124105,"GYRE THERAPEUTICS, INC.",2020-01-08,2020-01-08T08:30:43-05:00,False,"7.01,9.01",PRESENTATION
0001437749-25-029349,0001855175,"Contineum Therapeutics, Inc.",2025-09-18,2025-09-18T08:16:26-04:00,False,"7.01,8.01,9.01",CLINICAL
0001193125-25-273107,0001671858,"ARS Pharmaceuticals, Inc.",2025-11-10,2025-11-10T06:02:51-05:00,False,"2.02,7.01,9.01",OTHER
0000950170-25-107617,0001671858,"ARS Pharmaceuticals, Inc.",2025-08-13,2025-08-13T07:02:11-04:00,False,"2.02,7.01,9.01",OTHER
0001193125-25-005014,0001671858,"ARS Pharmaceuticals, Inc.",2025-01-13,2025-01-13T08:08:13-05:00,False,"2.02,7.01,9.01",OTHER
0001193125-24-198384,0001671858,"ARS Pharmaceuticals, Inc.",2024-08-12,2024-08-12T07:59:39-04:00,False,"7.01,8.01,9.01",PRESENTATION
0001193125-24-172166,0001671858,"ARS Pharmaceuticals, Inc.",2024-06-28,2024-06-28T15:15:56-04:00,False,"7.01,9.01",PRESENTATION
0001193125-24-171204,0001671858,"ARS Pharmaceuticals, Inc.",2024-06-28,2024-06-28T06:46:32-04:00,False,"7.01,8.01,9.01",PRESENTATION
0001193125-24-135721,0001671858,"ARS Pharmaceuticals, Inc.",2024-05-10,2024-05-10T07:01:05-04:00,False,"7.01,9.01",PRESENTATION
0001193125-24-061842,0001671858,"ARS Pharmaceuticals, Inc.",2024-03-07,2024-03-07T12:56:52-05:00,False,"2.02,7.01,9.01",PRESENTATION
0001193125-23-241345,0001671858,"ARS Pharmaceuticals, Inc.",2023-09-25,2023-09-25T16:17:04-04:00,True,"7.01,9.01",PRESENTATION
0001193125-23-146147,0001671858,"ARS Pharmaceuticals, Inc.",2023-05-16,2023-05-16T16:31:16-04:00,True,"7.01,9.01",PRESENTATION
0001193125-23-139053,0001671858,"ARS Pharmaceuticals, Inc.",2023-05-09,2023-05-09T09:12:20-04:00,False,"7.01,9.01",REGULATORY
0001193125-23-068584,0001671858,"ARS Pharmaceuticals, Inc.",2023-03-13,2023-03-13T09:26:06-04:00,False,"7.01,9.01",PRESENTATION
0001193125-23-036914,0001671858,"ARS Pharmaceuticals, Inc.",2023-02-14,2023-02-14T06:12:16-05:00,False,"2.02,7.01,9.01",PRESENTATION
0001193125-22-299482,0001671858,"ARS Pharmaceuticals, Inc.",2022-12-06,2022-12-06T17:07:27-05:00,True,"7.01,9.01",PRESENTATION
0001193125-21-274662,0001671858,"ARS Pharmaceuticals, Inc.",2021-09-16,2021-09-16T07:37:13-04:00,False,"7.01,9.01",PRESENTATION
0001193125-21-270925,0001671858,"ARS Pharmaceuticals, Inc.",2021-09-13,2021-09-13T08:06:03-04:00,False,"7.01,9.01",CLINICAL
0001104659-25-087286,0001855644,Zura Bio Ltd,2025-09-04,2025-09-04T06:32:35-04:00,False,"7.01,9.01",PRESENTATION
0001104659-25-080521,0001855644,Zura Bio Ltd,2025-08-20,2025-08-20T07:03:35-04:00,False,"7.01,9.01",PRESENTATION
0001104659-25-064427,0001855644,Zura Bio Ltd,2025-07-01,2025-07-01T07:47:29-04:00,False,"5.02,7.01,9.01",OTHER
0001104659-25-056205,0001855644,Zura Bio Ltd,2025-06-04,2025-06-04T06:30:40-04:00,False,"7.01,9.01",PRESENTATION
0001104659-25-052682,0001855644,Zura Bio Ltd,2025-05-27,2025-05-27T06:45:30-04:00,False,"7.01,9.01",PRESENTATION
0001104659-25-050715,0001855644,Zura Bio Ltd,2025-05-20,2025-05-20T06:35:21-04:00,False,"7.01,9.01",CLINICAL
0001104659-25-027815,0001855644,Zura Bio Ltd,2025-03-25,2025-03-25T16:59:38-04:00,True,"7.01,9.01",PRESENTATION
0001104659-25-016345,0001855644,Zura Bio Ltd,2025-02-24,2025-02-24T06:45:32-05:00,False,"7.01,9.01",PRESENTATION
0001104659-25-002833,0001855644,Zura Bio Ltd,2025-01-13,2025-01-13T06:45:39-05:00,False,"7.01,9.01",PRESENTATION
0001104659-24-131037,0001855644,Zura Bio Ltd,2024-12-23,2024-12-23T06:45:28-05:00,False,"7.01,9.01",CLINICAL
0001104659-24-122350,0001855644,Zura Bio Ltd,2024-11-25,2024-11-25T06:45:19-05:00,False,"7.01,9.01",OTHER
0001104659-24-119079,0001855644,Zura Bio Ltd,2024-11-14,2024-11-14T16:45:45-05:00,True,"7.01,9.01",REGULATORY
0001104659-24-112402,0001855644,Zura Bio Ltd,2024-10-30,2024-10-30T06:50:20-04:00,False,"7.01,9.01",PRESENTATION
0001104659-24-098158,0001855644,Zura Bio Ltd,2024-09-09,2024-09-09T16:22:58-04:00,True,"7.01,9.01",PRESENTATION
0001104659-24-095960,0001855644,Zura Bio Ltd,2024-09-03,2024-09-03T06:30:27-04:00,False,"7.01,9.01",PRESENTATION
0001104659-24-089167,0001855644,Zura Bio Ltd,2024-08-14,2024-08-14T06:10:47-04:00,False,"7.01,9.01",PRESENTATION
0001104659-24-071445,0001855644,Zura Bio Ltd,2024-06-14,2024-06-14T06:04:41-04:00,False,"7.01,9.01",CLINICAL
0001104659-24-068813,0001855644,Zura Bio Ltd,2024-06-06,2024-06-06T06:03:04-04:00,False,"7.01,9.01",OTHER
0001104659-24-067368,0001855644,Zura Bio Ltd,2024-06-03,2024-06-03T06:02:36-04:00,False,"7.01,9.01",PRESENTATION
0001104659-24-065741,0001855644,Zura Bio Ltd,2024-05-29,2024-05-29T06:05:16-04:00,False,"7.01,9.01",PRESENTATION
0001104659-24-050169,0001855644,Zura Bio Ltd,2024-04-23,2024-04-22T20:21:55-04:00,True,"1.01,3.02,7.01,8.01,9.01",PRESENTATION
0001104659-24-044442,0001855644,Zura Bio Ltd,2024-04-08,2024-04-08T06:04:51-04:00,False,"7.01,9.01",OTHER
0001104659-24-032636,0001855644,Zura Bio Ltd,2024-03-11,2024-03-11T06:04:53-04:00,False,"7.01,9.01",PRESENTATION
0001104659-24-030193,0001855644,Zura Bio Ltd,2024-03-04,2024-03-04T06:03:09-05:00,False,"7.01,9.01",PRESENTATION
0001104659-24-009658,0001855644,Zura Bio Ltd,2024-02-02,2024-02-02T06:02:07-05:00,False,"7.01,9.01",PRESENTATION
0001104659-24-003374,0001855644,Zura Bio Ltd,2024-01-11,2024-01-11T17:25:15-05:00,True,"7.01,9.01",PRESENTATION
0001104659-24-001984,0001855644,Zura Bio Ltd,2024-01-08,2024-01-08T06:03:32-05:00,False,"5.02,7.01,9.01",OTHER
0001104659-24-000494,0001855644,Zura Bio Ltd,2024-01-03,2024-01-03T06:04:01-05:00,False,"7.01,9.01",PRESENTATION
0001104659-23-122982,0001855644,Zura Bio Ltd,2023-12-04,2023-12-04T06:06:24-05:00,False,"7.01,9.01",PRESENTATION
0001104659-23-117491,0001855644,Zura Bio Ltd,2023-11-14,2023-11-14T06:02:27-05:00,False,"7.01,9.01",OTHER
0001104659-23-111447,0001855644,Zura Bio Ltd,2023-10-25,2023-10-25T16:30:24-04:00,True,"7.01,9.01",PRESENTATION
0001104659-23-100797,0001855644,Zura Bio Ltd,2023-09-14,2023-09-14T16:23:38-04:00,True,"7.01,9.01",OTHER
0001104659-23-084834,0001855644,Zura Bio Ltd,2023-07-27,2023-07-27T17:07:15-04:00,True,"7.01,9.01",PRESENTATION
0001104659-23-074042,0001855644,Zura Bio Ltd,2023-06-23,2023-06-23T08:30:34-04:00,False,"7.01,9.01",OTHER
0001104659-23-071336,0001855644,Zura Bio Ltd,2023-06-15,2023-06-14T21:31:00-04:00,True,"7.01,9.01",PRESENTATION
0001104659-23-068333,0001855644,Zura Bio Ltd,2023-06-06,2023-06-06T08:00:21-04:00,False,"3.02,7.01,9.01",OTHER
0001104659-23-050799,0001855644,Zura Bio Ltd,2023-04-27,2023-04-27T08:53:39-04:00,False,"7.01,9.01",OTHER
0001104659-23-045620,0001855644,Zura Bio Ltd,2023-04-14,2023-04-14T16:30:50-04:00,True,"7.01,9.01",OTHER
0001104659-23-037779,0001855644,Zura Bio Ltd,2023-03-28,2023-03-28T17:11:51-04:00,True,"7.01,8.01,9.01",OTHER
0001104659-23-034751,0001855644,Zura Bio Ltd,2023-03-21,2023-03-21T09:24:14-04:00,False,"7.01,9.01",OTHER
0001104659-23-033380,0001855644,Zura Bio Ltd,2023-03-16,2023-03-16T17:24:05-04:00,True,"5.07,7.01,9.01",OTHER
0001104659-23-032379,0001855644,Zura Bio Ltd,2023-03-15,2023-03-14T17:32:29-04:00,True,"7.01,8.01,9.01",OTHER
0001104659-23-027962,0001855644,Zura Bio Ltd,2023-03-02,2023-03-02T16:41:29-05:00,True,"7.01,9.01",OTHER
0001104659-22-072223,0001855644,Zura Bio Ltd,2022-06-17,2022-06-17T09:27:19-04:00,False,"1.01,3.02,7.01,9.01",OTHER
0001104659-21-093483,0001855644,Zura Bio Ltd,2021-07-19,2021-07-19T16:32:23-04:00,True,"1.01,3.02,5.03,7.01,9.01",OTHER
0001193125-25-275902,0001817241,"Artiva Biotherapeutics, Inc.",2025-11-12,2025-11-12T07:22:26-05:00,False,"7.01,8.01,9.01",CLINICAL
0001193125-25-290003,0001285550,"ClearPoint Neuro, Inc.",2025-11-20,2025-11-20T17:08:53-05:00,True,"1.01,2.01,3.02,7.01,9.01",OTHER
0001193125-25-270019,0001285550,"ClearPoint Neuro, Inc.",2025-11-06,2025-11-06T16:57:14-05:00,True,"2.02,7.01,9.01",OTHER
0001193125-25-269992,0001285550,"ClearPoint Neuro, Inc.",2025-11-06,2025-11-06T16:52:00-05:00,True,"1.01,7.01,9.01",OTHER
0001285550-25-000010,0001285550,"ClearPoint Neuro, Inc.",2025-08-12,2025-08-12T16:05:43-04:00,True,"2.02,7.01,9.01",OTHER
0000950170-25-070346,0001285550,"ClearPoint Neuro, Inc.",2025-05-13,2025-05-13T16:10:39-04:00,True,"2.02,7.01,9.01",OTHER
0000950170-25-027716,0001285550,"ClearPoint Neuro, Inc.",2025-02-26,2025-02-26T16:05:29-05:00,True,"2.02,7.01,9.01",OTHER
0001285550-24-000120,0001285550,"ClearPoint Neuro, Inc.",2024-11-07,2024-11-07T16:07:25-05:00,True,"2.02,7.01,9.01",OTHER
0001285550-24-000107,0001285550,"ClearPoint Neuro, Inc.",2024-08-26,2024-08-26T16:06:23-04:00,True,"7.01,9.01",OTHER
0001285550-24-000097,0001285550,"ClearPoint Neuro, Inc.",2024-08-07,2024-08-07T16:05:59-04:00,True,"2.02,7.01,9.01",OTHER
0001285550-24-000049,0001285550,"ClearPoint Neuro, Inc.",2024-05-07,2024-05-07T16:05:59-04:00,True,"2.02,7.01,9.01",OTHER
0001285550-24-000030,0001285550,"ClearPoint Neuro, Inc.",2024-03-12,2024-03-12T16:05:31-04:00,True,"2.02,7.01,9.01",OTHER
0001285550-24-000016,0001285550,"ClearPoint Neuro, Inc.",2024-01-08,2024-01-08T16:07:25-05:00,True,"2.02,7.01,9.01",OTHER
0001285550-23-000114,0001285550,"ClearPoint Neuro, Inc.",2023-11-09,2023-11-09T16:05:50-05:00,True,"2.02,7.01,9.01",OTHER
0001285550-23-000096,0001285550,"ClearPoint Neuro, Inc.",2023-08-08,2023-08-08T16:06:36-04:00,True,"2.02,7.01,9.01",OTHER
0001285550-23-000045,0001285550,"ClearPoint Neuro, Inc.",2023-05-11,2023-05-11T16:06:15-04:00,True,"2.02,7.01,9.01",OTHER
0001285550-23-000010,0001285550,"ClearPoint Neuro, Inc.",2023-01-11,2023-01-11T08:01:24-05:00,False,"2.02,7.01,9.01",OTHER
0001285550-22-000076,0001285550,"ClearPoint Neuro, Inc.",2022-11-08,2022-11-08T16:05:16-05:00,True,"2.02,7.01,9.01",OTHER
0001285550-22-000054,0001285550,"ClearPoint Neuro, Inc.",2022-09-20,2022-09-20T16:07:33-04:00,True,"5.02,7.01,9.01",OTHER
0001285550-22-000041,0001285550,"ClearPoint Neuro, Inc.",2022-08-09,2022-08-09T16:16:28-04:00,True,"2.02,7.01,9.01",OTHER
0001171520-22-000305,0001285550,"ClearPoint Neuro, Inc.",2022-05-11,2022-05-11T16:05:35-04:00,True,"2.02,7.01,9.01",OTHER
0001171520-22-000133,0001285550,"ClearPoint Neuro, Inc.",2022-02-15,2022-02-15T16:05:27-05:00,True,"2.02,7.01,9.01",OTHER
0001171520-22-000126,0001285550,"ClearPoint Neuro, Inc.",2022-02-14,2022-02-14T16:05:28-05:00,True,"2.02,7.01,9.01",OTHER
0001171520-21-000516,0001285550,"ClearPoint Neuro, Inc.",2021-11-09,2021-11-09T16:07:36-05:00,True,"2.02,7.01,9.01",OTHER
0001171520-21-000432,0001285550,"ClearPoint Neuro, Inc.",2021-11-02,2021-11-02T16:42:42-04:00,True,"5.02,7.01,9.01",OTHER
0001171520-21-000344,0001285550,"ClearPoint Neuro, Inc.",2021-08-10,2021-08-10T16:06:02-04:00,True,"2.02,7.01,9.01",OTHER
0001171520-21-000304,0001285550,"ClearPoint Neuro, Inc.",2021-07-15,2021-07-15T16:40:22-04:00,True,"5.02,7.01,9.01",OTHER
0001171520-21-000229,0001285550,"ClearPoint Neuro, Inc.",2021-06-04,2021-06-04T07:30:05-04:00,False,"5.07,7.01,9.01",OTHER
0001171520-21-000210,0001285550,"ClearPoint Neuro, Inc.",2021-05-25,2021-05-25T08:00:31-04:00,False,"7.01,9.01",NO_TEXT
0001171520-21-000201,0001285550,"ClearPoint Neuro, Inc.",2021-05-12,2021-05-12T08:00:24-04:00,False,"7.01,9.01",NO_TEXT
0001171520-21-000165,0001285550,"ClearPoint Neuro, Inc.",2021-04-13,2021-04-13T16:12:38-04:00,True,"5.02,7.01,9.01",OTHER
0001171520-21-000094,0001285550,"ClearPoint Neuro, Inc.",2021-02-19,2021-02-19T17:00:53-05:00,True,"1.01,7.01,9.01",NO_TEXT
0001171520-21-000039,0001285550,"ClearPoint Neuro, Inc.",2021-02-05,2021-02-05T08:08:26-05:00,False,"5.02,7.01,9.01",OTHER
0001171520-20-000486,0001285550,"ClearPoint Neuro, Inc.",2020-12-29,2020-12-29T16:24:08-05:00,True,"1.01,2.03,3.02,7.01,9.01",OTHER
0001171520-20-000451,0001285550,"ClearPoint Neuro, Inc.",2020-11-10,2020-11-10T16:10:24-05:00,True,"2.02,7.01,9.01",OTHER
0001420506-20-001011,0001285550,"ClearPoint Neuro, Inc.",2020-09-14,2020-09-14T16:22:11-04:00,True,"5.02,7.01,9.01",OTHER
0001171520-20-000364,0001285550,"ClearPoint Neuro, Inc.",2020-08-12,2020-08-12T16:08:44-04:00,True,"2.02,7.01,9.01",OTHER
0001171520-20-000230,0001285550,"ClearPoint Neuro, Inc.",2020-05-20,2020-05-20T16:08:16-04:00,True,"7.01,9.01",NO_TEXT
0001171520-20-000222,0001285550,"ClearPoint Neuro, Inc.",2020-05-13,2020-05-13T06:05:06-04:00,False,"2.02,7.01,9.01",OTHER
0001171520-20-000182,0001285550,"ClearPoint Neuro, Inc.",2020-04-17,2020-04-17T08:17:51-04:00,False,"5.02,7.01,9.01",OTHER
0001171520-20-000178,0001285550,"ClearPoint Neuro, Inc.",2020-04-16,2020-04-16T08:05:05-04:00,False,"2.02,7.01,9.01",OTHER
0001171520-20-000124,0001285550,"ClearPoint Neuro, Inc.",2020-02-14,2020-02-14T09:01:39-05:00,False,"7.01,9.01",OTHER
0001171520-20-000061,0001285550,"ClearPoint Neuro, Inc.",2020-02-12,2020-02-12T08:00:29-05:00,False,"5.03,7.01,9.01",OTHER
0001171520-20-000041,0001285550,"ClearPoint Neuro, Inc.",2020-01-29,2020-01-29T16:42:25-05:00,True,"1.01,2.03,3.02,7.01,9.01",OTHER
0001171520-20-000014,0001285550,"ClearPoint Neuro, Inc.",2020-01-13,2020-01-13T08:05:12-05:00,False,"1.01,2.02,2.03,3.02,7.01,9.01",OTHER
0001171520-19-000351,0001285550,"ClearPoint Neuro, Inc.",2019-12-09,2019-12-09T16:27:09-05:00,True,"7.01,9.01",NO_TEXT
0001171520-19-000341,0001285550,"ClearPoint Neuro, Inc.",2019-11-26,2019-11-26T08:00:09-05:00,False,"3.01,7.01,9.01",OTHER
0001534424-19-000248,0001285550,"ClearPoint Neuro, Inc.",2019-08-28,2019-08-28T17:00:24-04:00,True,"7.01,9.01",NO_TEXT
0001534424-19-000225,0001285550,"ClearPoint Neuro, Inc.",2019-08-06,2019-08-06T16:08:35-04:00,True,"5.02,7.01,9.01",OTHER
0001534424-19-000188,0001285550,"ClearPoint Neuro, Inc.",2019-07-01,2019-07-01T08:11:29-04:00,False,"7.01,9.01",OTHER
0001534424-19-000147,0001285550,"ClearPoint Neuro, Inc.",2019-05-17,2019-05-17T16:10:20-04:00,True,"1.01,3.02,5.02,7.01,8.01,9.01",OTHER
0001534424-19-000135,0001285550,"ClearPoint Neuro, Inc.",2019-05-09,2019-05-09T16:09:46-04:00,True,"1.01,3.02,5.02,7.01,9.01",OTHER
0001534424-19-000086,0001285550,"ClearPoint Neuro, Inc.",2019-03-11,2019-03-11T16:05:21-04:00,True,"2.02,7.01,9.01",OTHER
0001104659-25-118934,0001133869,"CAPRICOR THERAPEUTICS, INC.",2025-12-05,2025-12-05T17:07:48-05:00,True,"7.01,8.01,9.01",OTHER
0001104659-25-117981,0001133869,"CAPRICOR THERAPEUTICS, INC.",2025-12-03,2025-12-03T09:29:14-05:00,False,"7.01,9.01",CLINICAL
0001104659-25-117947,0001133869,"CAPRICOR THERAPEUTICS, INC.",2025-12-03,2025-12-03T07:21:12-05:00,False,"7.01,8.01,9.01",CLINICAL
0001558370-25-009186,0001133869,"CAPRICOR THERAPEUTICS, INC.",2025-07-11,2025-07-11T06:35:49-04:00,False,"7.01,9.01",REGULATORY
0001558370-25-002097,0001133869,"CAPRICOR THERAPEUTICS, INC.",2025-03-04,2025-03-04T07:05:10-05:00,False,"7.01,9.01",REGULATORY
0001558370-24-013357,0001133869,"CAPRICOR THERAPEUTICS, INC.",2024-10-17,2024-10-17T06:01:22-04:00,False,"1.01,7.01,9.01",OTHER
0001558370-24-013207,0001133869,"CAPRICOR THERAPEUTICS, INC.",2024-10-09,2024-10-09T09:16:15-04:00,False,"7.01,8.01,9.01",REGULATORY
0001558370-24-012983,0001133869,"CAPRICOR THERAPEUTICS, INC.",2024-09-24,2024-09-24T16:01:21-04:00,True,"7.01,9.01",REGULATORY
0001558370-24-012836,0001133869,"CAPRICOR THERAPEUTICS, INC.",2024-09-17,2024-09-17T09:15:10-04:00,False,"1.01,3.02,7.01,9.01",OTHER
0001558370-24-006020,0001133869,"CAPRICOR THERAPEUTICS, INC.",2024-04-29,2024-04-29T09:25:17-04:00,False,"7.01,9.01",PRESENTATION
0001558370-23-016171,0001133869,"CAPRICOR THERAPEUTICS, INC.",2023-09-29,2023-09-29T17:00:37-04:00,True,"1.01,7.01,9.01",OTHER
0001558370-23-016149,0001133869,"CAPRICOR THERAPEUTICS, INC.",2023-09-29,2023-09-29T07:30:29-04:00,False,"7.01,8.01,9.01",REGULATORY
0001558370-22-010449,0001133869,"CAPRICOR THERAPEUTICS, INC.",2022-06-29,2022-06-29T17:00:26-04:00,True,"7.01,9.01",CLINICAL
0001104659-21-119139,0001133869,"CAPRICOR THERAPEUTICS, INC.",2021-09-24,2021-09-24T11:31:00-04:00,False,"7.01,8.01,9.01",CLINICAL
0001104659-21-034985,0001133869,"CAPRICOR THERAPEUTICS, INC.",2021-03-11,2021-03-11T16:01:13-05:00,True,"2.02,7.01,9.01",OTHER
0001104659-20-066994,0001133869,"CAPRICOR THERAPEUTICS, INC.",2020-05-28,2020-05-28T15:00:37-04:00,False,"7.01,9.01",INVALID:I'd be happy to help classify this SEC 
0001104659-20-062419,0001133869,"CAPRICOR THERAPEUTICS, INC.",2020-05-15,2020-05-15T14:00:39-04:00,False,"7.01,9.01",PRESENTATION
0001104659-20-060930,0001133869,"CAPRICOR THERAPEUTICS, INC.",2020-05-13,2020-05-13T17:03:12-04:00,True,"7.01,9.01",CLINICAL
0001104659-20-031538,0001133869,"CAPRICOR THERAPEUTICS, INC.",2020-03-11,2020-03-10T20:38:49-04:00,True,"7.01,9.01",PRESENTATION
0001104659-19-073161,0001133869,"CAPRICOR THERAPEUTICS, INC.",2019-12-17,2019-12-16T20:07:34-05:00,True,"7.01,9.01",PRESENTATION
0001104659-19-064252,0001133869,"CAPRICOR THERAPEUTICS, INC.",2019-11-14,2019-11-14T16:30:51-05:00,True,"7.01,9.01",PRESENTATION
0001144204-19-047446,0001133869,"CAPRICOR THERAPEUTICS, INC.",2019-10-07,2019-10-07T10:25:34-04:00,False,"7.01,9.01",CLINICAL
0001144204-19-034770,0001133869,"CAPRICOR THERAPEUTICS, INC.",2019-07-16,2019-07-16T06:02:09-04:00,False,"7.01,9.01",PRESENTATION
0001725160-25-000159,0001725160,"Zentalis Pharmaceuticals, Inc.",2025-11-10,2025-11-10T16:11:02-05:00,True,"2.02,7.01,9.01",OTHER
0001725160-25-000154,0001725160,"Zentalis Pharmaceuticals, Inc.",2025-08-26,2025-08-26T16:08:57-04:00,True,"5.02,7.01,9.01",OTHER
0001725160-25-000147,0001725160,"Zentalis Pharmaceuticals, Inc.",2025-08-06,2025-08-06T16:08:42-04:00,True,"2.02,7.01",OTHER
0001725160-25-000119,0001725160,"Zentalis Pharmaceuticals, Inc.",2025-06-02,2025-06-02T06:02:38-04:00,False,"7.01,9.01",CLINICAL
0001725160-25-000108,0001725160,"Zentalis Pharmaceuticals, Inc.",2025-05-20,2025-05-20T06:01:40-04:00,False,"7.01,9.01",PRESENTATION
0001725160-25-000082,0001725160,"Zentalis Pharmaceuticals, Inc.",2025-04-28,2025-04-28T06:02:15-04:00,False,"7.01,9.01",PRESENTATION
0001628280-25-012899,0001725160,"Zentalis Pharmaceuticals, Inc.",2025-03-17,2025-03-17T06:13:38-04:00,False,"7.01,9.01",CLINICAL
0001725160-25-000013,0001725160,"Zentalis Pharmaceuticals, Inc.",2025-01-29,2025-01-29T09:18:14-05:00,False,"7.01,8.01,9.01",PRESENTATION
0001725160-25-000006,0001725160,"Zentalis Pharmaceuticals, Inc.",2025-01-28,2025-01-28T16:07:25-05:00,True,"2.05,7.01,8.01,9.01",OTHER
0001725160-24-000177,0001725160,"Zentalis Pharmaceuticals, Inc.",2024-11-13,2024-11-13T08:06:01-05:00,False,"5.02,7.01,9.01",OTHER
0001725160-24-000161,0001725160,"Zentalis Pharmaceuticals, Inc.",2024-09-16,2024-09-16T07:02:19-04:00,False,"7.01,8.01,9.01",REGULATORY
0001725160-24-000131,0001725160,"Zentalis Pharmaceuticals, Inc.",2024-06-03,2024-06-03T07:00:53-04:00,False,"7.01,9.01",PRESENTATION
0001725160-24-000082,0001725160,"Zentalis Pharmaceuticals, Inc.",2024-04-09,2024-04-09T16:30:50-04:00,True,"7.01,9.01",PRESENTATION
0001725160-24-000012,0001725160,"Zentalis Pharmaceuticals, Inc.",2024-01-25,2024-01-25T07:03:19-05:00,False,"3.01,5.02,7.01,9.01",OTHER
0001725160-24-000007,0001725160,"Zentalis Pharmaceuticals, Inc.",2024-01-08,2024-01-08T07:03:29-05:00,False,"7.01,8.01,9.01",OTHER
0001725160-23-000195,0001725160,"Zentalis Pharmaceuticals, Inc.",2023-11-06,2023-11-06T09:04:15-05:00,False,"2.02,7.01,9.01",OTHER
0001725160-23-000161,0001725160,"Zentalis Pharmaceuticals, Inc.",2023-09-13,2023-09-13T07:00:34-04:00,False,"7.01,9.01",PRESENTATION
0001725160-23-000157,0001725160,"Zentalis Pharmaceuticals, Inc.",2023-08-09,2023-08-09T16:15:16-04:00,True,"7.01,9.01",PRESENTATION
0001725160-23-000131,0001725160,"Zentalis Pharmaceuticals, Inc.",2023-06-06,2023-06-06T09:10:13-04:00,False,"7.01,8.01,9.01",CLINICAL
0001725160-23-000129,0001725160,"Zentalis Pharmaceuticals, Inc.",2023-06-05,2023-06-05T14:24:49-04:00,False,"7.01,8.01,9.01",CLINICAL
0001725160-23-000119,0001725160,"Zentalis Pharmaceuticals, Inc.",2023-05-26,2023-05-26T12:38:56-04:00,False,"7.01,8.01,9.01",CLINICAL
0001725160-23-000073,0001725160,"Zentalis Pharmaceuticals, Inc.",2023-04-26,2023-04-26T17:00:46-04:00,True,"7.01,8.01,9.01",CLINICAL
0001725160-23-000063,0001725160,"Zentalis Pharmaceuticals, Inc.",2023-04-17,2023-04-17T09:07:43-04:00,False,"7.01,8.01,9.01",OTHER
0001725160-23-000057,0001725160,"Zentalis Pharmaceuticals, Inc.",2023-03-10,2023-03-10T16:33:09-05:00,True,7.01,OTHER
0001725160-23-000047,0001725160,"Zentalis Pharmaceuticals, Inc.",2023-03-01,2023-03-01T07:05:58-05:00,False,"2.02,7.01",OTHER
0001725160-23-000006,0001725160,"Zentalis Pharmaceuticals, Inc.",2023-01-09,2023-01-09T07:00:50-05:00,False,"7.01,9.01",PRESENTATION
0001725160-22-000199,0001725160,"Zentalis Pharmaceuticals, Inc.",2022-11-09,2022-11-09T07:04:30-05:00,False,"2.02,7.01",OTHER
0001725160-22-000154,0001725160,"Zentalis Pharmaceuticals, Inc.",2022-08-09,2022-08-09T16:07:57-04:00,True,"2.02,7.01",OTHER
0001725160-22-000076,0001725160,"Zentalis Pharmaceuticals, Inc.",2022-04-11,2022-04-11T16:43:35-04:00,True,"7.01,8.01,9.01",CLINICAL
0001725160-22-000072,0001725160,"Zentalis Pharmaceuticals, Inc.",2022-04-08,2022-04-08T17:05:51-04:00,True,"7.01,8.01",CLINICAL
0001493152-24-004066,0001357459,"PALISADE BIO, INC.",2024-01-29,2024-01-29T08:30:40-05:00,False,"7.01,9.01",OTHER
0001493152-23-039651,0001357459,"PALISADE BIO, INC.",2023-11-07,2023-11-07T09:00:20-05:00,False,"7.01,9.01",NO_TEXT
0001493152-22-025929,0001357459,"PALISADE BIO, INC.",2022-09-15,2022-09-15T08:35:37-04:00,False,"2.05,7.01,9.01",OTHER
0000950170-22-006965,0001357459,"PALISADE BIO, INC.",2022-05-03,2022-05-03T09:15:59-04:00,False,"7.01,9.01",PRESENTATION
0000950170-22-003857,0001357459,"PALISADE BIO, INC.",2022-03-16,2022-03-16T11:09:42-04:00,False,"7.01,9.01",PRESENTATION
0000950170-22-001894,0001357459,"PALISADE BIO, INC.",2022-02-24,2022-02-24T11:49:36-05:00,False,"7.01,9.01",PRESENTATION
0000950170-22-000225,0001357459,"PALISADE BIO, INC.",2022-01-11,2022-01-10T20:28:04-05:00,True,"7.01,9.01",PRESENTATION
0001193125-21-310493,0001357459,"PALISADE BIO, INC.",2021-10-28,2021-10-28T09:02:13-04:00,False,"7.01,9.01",PRESENTATION
0001171843-21-006440,0001357459,"PALISADE BIO, INC.",2021-09-13,2021-09-13T08:00:56-04:00,False,"7.01,9.01",PRESENTATION
0001171843-21-003941,0001357459,"PALISADE BIO, INC.",2021-06-01,2021-06-01T17:24:59-04:00,True,"7.01,9.01",PRESENTATION
0001171843-21-002837,0001357459,"PALISADE BIO, INC.",2021-04-28,2021-04-28T08:00:44-04:00,False,"7.01,9.01",PRESENTATION
0001171843-20-006367,0001357459,"PALISADE BIO, INC.",2020-09-09,2020-09-09T17:01:05-04:00,True,"5.07,7.01",OTHER
0001171843-20-005791,0001357459,"PALISADE BIO, INC.",2020-08-10,2020-08-10T17:13:27-04:00,True,"5.07,7.01,8.01,9.01",OTHER
0001171843-20-003925,0001357459,"PALISADE BIO, INC.",2020-05-21,2020-05-21T15:10:55-04:00,False,7.01,OTHER
0001171843-20-001209,0001357459,"PALISADE BIO, INC.",2020-02-24,2020-02-24T14:17:20-05:00,False,"7.01,9.01",PRESENTATION
0001171843-20-000433,0001357459,"PALISADE BIO, INC.",2020-01-23,2020-01-23T10:34:45-05:00,False,7.01,OTHER
0001171843-20-000299,0001357459,"PALISADE BIO, INC.",2020-01-16,2020-01-16T17:14:50-05:00,True,"7.01,9.01",PRESENTATION
0001171843-19-007138,0001357459,"PALISADE BIO, INC.",2019-11-04,2019-11-04T15:56:08-05:00,False,"7.01,9.01",PRESENTATION
0001171843-19-006101,0001357459,"PALISADE BIO, INC.",2019-09-24,2019-09-24T16:52:08-04:00,True,7.01,OTHER
0001193805-25-001499,0001768224,Arcturus Therapeutics Holdings Inc.,2025-10-22,2025-10-22T07:50:46-04:00,False,"7.01,8.01,9.01",CLINICAL
0001193805-25-001368,0001768224,Arcturus Therapeutics Holdings Inc.,2025-09-26,2025-09-26T06:01:41-04:00,False,"7.01,9.01",OTHER
0001193805-25-001247,0001768224,Arcturus Therapeutics Holdings Inc.,2025-08-29,2025-08-29T06:00:56-04:00,False,"7.01,9.01",REGULATORY
0001193805-25-000946,0001768224,Arcturus Therapeutics Holdings Inc.,2025-06-30,2025-06-30T16:05:54-04:00,True,"7.01,9.01",CLINICAL
0001193805-24-001023,0001768224,Arcturus Therapeutics Holdings Inc.,2024-08-13,2024-08-13T07:54:14-04:00,False,"7.01,9.01",INVALID:I don't have access to the actual conten
0001193805-24-000842,0001768224,Arcturus Therapeutics Holdings Inc.,2024-06-24,2024-06-24T16:07:32-04:00,True,"5.02,7.01,9.01",OTHER
0001193805-24-000392,0001768224,Arcturus Therapeutics Holdings Inc.,2024-03-19,2024-03-19T06:00:29-04:00,False,"7.01,9.01",CLINICAL
0001193805-23-000984,0001768224,Arcturus Therapeutics Holdings Inc.,2023-07-14,2023-07-14T07:53:41-04:00,False,7.01,CLINICAL
0001193805-23-000929,0001768224,Arcturus Therapeutics Holdings Inc.,2023-06-30,2023-06-30T08:28:35-04:00,False,"7.01,9.01",REGULATORY
0001193805-23-000619,0001768224,Arcturus Therapeutics Holdings Inc.,2023-04-28,2023-04-28T06:00:59-04:00,False,"7.01,9.01",REGULATORY
0001193805-23-000532,0001768224,Arcturus Therapeutics Holdings Inc.,2023-04-11,2023-04-11T09:00:25-04:00,False,"7.01,9.01",OTHER
0001193805-22-001719,0001768224,Arcturus Therapeutics Holdings Inc.,2022-12-13,2022-12-13T16:14:42-05:00,True,"5.02,7.01,9.01",OTHER
0001193805-22-001712,0001768224,Arcturus Therapeutics Holdings Inc.,2022-12-13,2022-12-13T08:33:21-05:00,False,"7.01,9.01",CLINICAL
0001193805-22-000036,0001768224,Arcturus Therapeutics Holdings Inc.,2022-01-11,2022-01-11T07:00:23-05:00,False,7.01,REGULATORY
0001193805-21-001738,0001768224,Arcturus Therapeutics Holdings Inc.,2021-12-13,2021-12-13T17:17:45-05:00,True,"5.02,5.05,7.01,9.01",OTHER
0001193805-21-001134,0001768224,Arcturus Therapeutics Holdings Inc.,2021-08-09,2021-08-09T16:02:19-04:00,True,"2.02,7.01,9.01",OTHER
0001193805-21-000630,0001768224,Arcturus Therapeutics Holdings Inc.,2021-05-10,2021-05-10T16:21:09-04:00,True,"2.02,7.01,9.01",CLINICAL
0001193805-21-000289,0001768224,Arcturus Therapeutics Holdings Inc.,2021-03-01,2021-03-01T16:20:47-05:00,True,"2.02,7.01,9.01",CLINICAL
0001193805-20-001508,0001768224,Arcturus Therapeutics Holdings Inc.,2020-12-08,2020-12-08T09:01:14-05:00,False,"1.01,7.01,9.01",OTHER
0001193805-20-001052,0001768224,Arcturus Therapeutics Holdings Inc.,2020-08-18,2020-08-18T16:01:19-04:00,True,"1.01,7.01,9.01",OTHER
0001193805-20-000704,0001768224,Arcturus Therapeutics Holdings Inc.,2020-06-18,2020-06-18T13:15:19-04:00,False,"7.01,9.01",INVALID:I don't have access to the actual conten
0001193805-20-000622,0001768224,Arcturus Therapeutics Holdings Inc.,2020-05-21,2020-05-21T16:34:45-04:00,True,"3.02,7.01,9.01",OTHER
0001193805-20-000030,0001768224,Arcturus Therapeutics Holdings Inc.,2020-01-10,2020-01-10T16:30:53-05:00,True,"7.01,9.01",INVALID:I don't have access to the actual conten
0001193125-19-287260,0001768224,Arcturus Therapeutics Holdings Inc.,2019-11-07,2019-11-07T16:01:05-05:00,True,"7.01,9.01",PRESENTATION
0001193125-19-257389,0001768224,Arcturus Therapeutics Holdings Inc.,2019-09-27,2019-09-27T16:25:33-04:00,True,"1.01,7.01,9.01",OTHER
0001193125-19-221871,0001768224,Arcturus Therapeutics Holdings Inc.,2019-08-15,2019-08-15T08:09:03-04:00,False,"7.01,9.01",OTHER
0001193125-19-212594,0001768224,Arcturus Therapeutics Holdings Inc.,2019-08-05,2019-08-05T09:14:03-04:00,False,"1.01,7.01,9.01",OTHER
0001193125-19-212082,0001768224,Arcturus Therapeutics Holdings Inc.,2019-08-02,2019-08-02T16:29:33-04:00,True,"1.01,7.01,9.01",OTHER
0001193125-19-176908,0001768224,Arcturus Therapeutics Holdings Inc.,2019-06-20,2019-06-20T06:06:04-04:00,False,"1.01,3.02,5.02,7.01,9.01",OTHER
0001193125-19-176112,0001768224,Arcturus Therapeutics Holdings Inc.,2019-06-19,2019-06-19T09:31:46-04:00,False,"7.01,9.01",PRESENTATION
0001193125-25-250674,0001434316,FATE THERAPEUTICS INC,2025-10-27,2025-10-27T07:00:13-04:00,False,"7.01,8.01,9.01",CLINICAL
0001193125-25-238989,0001434316,FATE THERAPEUTICS INC,2025-10-14,2025-10-14T16:02:55-04:00,True,"5.02,7.01,9.01",OTHER
0001193125-25-132301,0001434316,FATE THERAPEUTICS INC,2025-05-30,2025-05-30T17:15:02-04:00,True,"5.02,5.03,5.07,7.01,9.01",OTHER
0001193125-24-268003,0001434316,FATE THERAPEUTICS INC,2024-11-29,2024-11-29T14:33:53-05:00,False,"5.02,7.01,9.01",OTHER
0001193125-24-189911,0001434316,FATE THERAPEUTICS INC,2024-07-31,2024-07-31T16:03:29-04:00,True,"5.02,7.01,9.01",OTHER
0001193125-24-134840,0001434316,FATE THERAPEUTICS INC,2024-05-09,2024-05-09T09:01:04-04:00,False,"7.01,8.01,9.01",CLINICAL
0000950170-22-022488,0001434316,FATE THERAPEUTICS INC,2022-11-07,2022-11-07T13:21:26-05:00,False,"1.01,7.01,9.01",OTHER
0000950170-22-012381,0001434316,FATE THERAPEUTICS INC,2022-06-30,2022-06-30T16:06:42-04:00,True,"1.01,7.01,9.01",OTHER
0001193125-21-235830,0001434316,FATE THERAPEUTICS INC,2021-08-04,2021-08-04T09:20:33-04:00,False,"5.02,7.01,9.01",OTHER
0001564590-20-040672,0001434316,FATE THERAPEUTICS INC,2020-08-19,2020-08-19T16:01:20-04:00,True,"5.02,5.03,7.01,9.01",OTHER
0001564590-20-021242,0001434316,FATE THERAPEUTICS INC,2020-05-05,2020-05-05T16:03:18-04:00,True,"5.02,5.07,7.01,9.01",OTHER
0001564590-20-015011,0001434316,FATE THERAPEUTICS INC,2020-04-02,2020-04-02T16:55:58-04:00,True,"1.01,3.02,7.01,8.01,9.01",OTHER
0001564590-19-025146,0001434316,FATE THERAPEUTICS INC,2019-07-17,2019-07-17T16:03:21-04:00,True,"5.02,7.01,9.01",OTHER
0001564590-19-008253,0001434316,FATE THERAPEUTICS INC,2019-03-18,2019-03-18T16:01:24-04:00,True,"5.02,7.01,9.01",OTHER
0000950170-25-111319,0000876343,"Lineage Cell Therapeutics, Inc.",2025-08-26,2025-08-26T09:14:05-04:00,False,"7.01,8.01,9.01",OTHER
0000950170-25-088738,0000876343,"Lineage Cell Therapeutics, Inc.",2025-06-23,2025-06-23T09:26:11-04:00,False,"7.01,8.01,9.01",CLINICAL
0000950170-25-009227,0000876343,"Lineage Cell Therapeutics, Inc.",2025-01-27,2025-01-27T16:30:09-05:00,True,"5.07,7.01,8.01,9.01",OTHER
0000950170-24-129402,0000876343,"Lineage Cell Therapeutics, Inc.",2024-11-20,2024-11-20T17:08:36-05:00,True,"1.01,7.01,8.01,9.01",OTHER
0001493152-23-002127,0000876343,"Lineage Cell Therapeutics, Inc.",2023-01-23,2023-01-23T08:00:45-05:00,False,"7.01,9.01",NO_TEXT
0001493152-22-012893,0000876343,"Lineage Cell Therapeutics, Inc.",2022-05-12,2022-05-11T19:54:49-04:00,True,"7.01,8.01,9.01",CLINICAL
0001493152-21-031964,0000876343,"Lineage Cell Therapeutics, Inc.",2021-12-20,2021-12-20T06:06:13-05:00,False,"1.01,7.01,9.01",OTHER
0001493152-21-031281,0000876343,"Lineage Cell Therapeutics, Inc.",2021-12-13,2021-12-13T16:10:29-05:00,True,"7.01,8.01,9.01",CLINICAL
0001493152-21-024236,0000876343,"Lineage Cell Therapeutics, Inc.",2021-09-30,2021-09-30T17:29:25-04:00,True,"7.01,8.01,9.01",CLINICAL
0001493152-21-013294,0000876343,"Lineage Cell Therapeutics, Inc.",2021-06-01,2021-06-01T07:00:14-04:00,False,"7.01,8.01,9.01",CLINICAL
0001493152-21-010348,0000876343,"Lineage Cell Therapeutics, Inc.",2021-05-03,2021-05-03T17:00:18-04:00,True,"7.01,8.01,9.01",CLINICAL
0001493152-21-000268,0000876343,"Lineage Cell Therapeutics, Inc.",2021-01-06,2021-01-06T09:00:29-05:00,False,"7.01,9.01",NO_TEXT
0001493152-20-000483,0000876343,"Lineage Cell Therapeutics, Inc.",2020-01-13,2020-01-13T06:07:14-05:00,False,"7.01,9.01",INVALID:I don't have access to the actual conten
0001193125-25-100447,0001274737,EXAGEN INC.,2025-04-28,2025-04-28T16:05:13-04:00,True,"1.01,2.03,3.02,7.01,9.01",OTHER
0001274737-23-000004,0001274737,EXAGEN INC.,2023-01-23,2023-01-23T09:00:18-05:00,False,"5.03,7.01,9.01",OTHER
0001274737-23-000002,0001274737,EXAGEN INC.,2023-01-09,2023-01-09T09:00:29-05:00,False,"2.02,7.01,8.01,9.01",OTHER
0001274737-22-000067,0001274737,EXAGEN INC.,2022-10-20,2022-10-20T16:05:41-04:00,True,"5.02,7.01,9.01",OTHER
0001274737-22-000003,0001274737,EXAGEN INC.,2022-01-10,2022-01-10T08:25:26-05:00,False,"7.01,9.01",PRESENTATION
0001815776-25-000062,0001815776,"LENZ Therapeutics, Inc.",2025-09-30,2025-09-30T08:06:43-04:00,False,"7.01,8.01,9.01",OTHER
0001815776-25-000025,0001815776,"LENZ Therapeutics, Inc.",2025-04-15,2025-04-15T08:37:38-04:00,False,"2.02,7.01,8.01",PRESENTATION
0001815776-24-000049,0001815776,"LENZ Therapeutics, Inc.",2024-07-15,2024-07-15T08:22:04-04:00,False,"1.01,3.02,7.01,9.01",OTHER
0001628280-24-012633,0001815776,"LENZ Therapeutics, Inc.",2024-03-22,2024-03-21T20:22:01-04:00,True,"2.01,3.02,3.03,4.01,5.01,5.02,5.03,5.05,5.06,7.01,9.01",OTHER
0001193125-24-071353,0001815776,"LENZ Therapeutics, Inc.",2024-03-19,2024-03-19T16:31:05-04:00,True,"7.01,9.01",OTHER
0001193125-24-063785,0001815776,"LENZ Therapeutics, Inc.",2024-03-08,2024-03-08T17:13:02-05:00,True,"7.01,9.01",OTHER
0001193125-23-277555,0001815776,"LENZ Therapeutics, Inc.",2023-11-15,2023-11-15T08:06:35-05:00,False,"1.01,3.02,5.01,5.02,7.01,9.01",OTHER
0000950170-23-029499,0001815776,"LENZ Therapeutics, Inc.",2023-06-23,2023-06-23T07:05:14-04:00,False,"5.02,7.01,9.01",OTHER
0001564590-21-057384,0001815776,"LENZ Therapeutics, Inc.",2021-11-17,2021-11-17T09:23:33-05:00,False,"7.01,8.01,9.01",OTHER
0001193125-25-177510,0001746466,"Equillium, Inc.",2025-08-11,2025-08-11T08:35:17-04:00,False,"1.01,3.02,7.01,9.01",OTHER
0001193125-25-172207,0001746466,"Equillium, Inc.",2025-08-04,2025-08-04T08:35:59-04:00,False,"1.01,2.02,7.01,8.01,9.01",OTHER
0001193125-23-256538,0001746466,"Equillium, Inc.",2023-10-16,2023-10-16T08:05:52-04:00,False,"7.01,8.01,9.01",PRESENTATION
0000950170-22-002895,0001746466,"Equillium, Inc.",2022-03-04,2022-03-04T14:00:20-05:00,False,"7.01,9.01",REGULATORY
0001193125-22-043939,0001746466,"Equillium, Inc.",2022-02-16,2022-02-16T07:01:11-05:00,False,"1.01,2.01,2.03,3.02,7.01,8.01,9.01",OTHER
0000950170-21-000445,0001746466,"Equillium, Inc.",2021-07-12,2021-07-12T16:00:54-04:00,True,"7.01,9.01",REGULATORY
0000950170-21-000344,0001746466,"Equillium, Inc.",2021-06-11,2021-06-11T07:00:33-04:00,False,"7.01,9.01",CLINICAL
0000950170-21-000338,0001746466,"Equillium, Inc.",2021-06-10,2021-06-10T11:13:29-04:00,False,"7.01,9.01",CLINICAL
0000950170-21-000318,0001746466,"Equillium, Inc.",2021-06-07,2021-06-07T15:13:20-04:00,False,"7.01,9.01",OTHER
0001564590-21-016669,0001746466,"Equillium, Inc.",2021-03-30,2021-03-30T16:52:34-04:00,True,"7.01,9.01",CLINICAL
0001564590-21-013009,0001746466,"Equillium, Inc.",2021-03-15,2021-03-15T08:02:22-04:00,False,"7.01,9.01",CLINICAL
0001564590-21-011597,0001746466,"Equillium, Inc.",2021-03-09,2021-03-09T07:00:15-05:00,False,"7.01,9.01",PRESENTATION
0001564590-21-005752,0001746466,"Equillium, Inc.",2021-02-12,2021-02-12T15:05:28-05:00,False,"7.01,9.01",CLINICAL
0001193125-20-322379,0001746466,"Equillium, Inc.",2020-12-21,2020-12-21T08:06:28-05:00,False,"1.01,5.02,7.01,9.01",OTHER
0001193125-20-311281,0001746466,"Equillium, Inc.",2020-12-07,2020-12-07T09:24:28-05:00,False,"7.01,9.01",CLINICAL
0001193125-20-310114,0001746466,"Equillium, Inc.",2020-12-04,2020-12-04T09:07:49-05:00,False,"7.01,9.01",PRESENTATION
0001193125-20-304969,0001746466,"Equillium, Inc.",2020-11-30,2020-11-30T08:01:52-05:00,False,"7.01,9.01",PRESENTATION
0001193125-20-303087,0001746466,"Equillium, Inc.",2020-11-25,2020-11-25T08:01:28-05:00,False,"7.01,9.01",OTHER
0001193125-20-215058,0001746466,"Equillium, Inc.",2020-08-10,2020-08-10T17:21:51-04:00,True,"7.01,8.01,9.01",CLINICAL
0001564590-19-036089,0001746466,"Equillium, Inc.",2019-10-01,2019-10-01T16:10:27-04:00,True,"1.01,2.03,3.02,7.01,8.01,9.01",PRESENTATION
0001193125-19-130143,0001746466,"Equillium, Inc.",2019-05-01,2019-04-30T18:40:14-04:00,True,"7.01,9.01",PRESENTATION
0001193125-19-051928,0001746466,"Equillium, Inc.",2019-02-26,2019-02-26T16:05:13-05:00,True,"2.02,7.01,8.01,9.01",PRESENTATION
0001193125-25-264748,0001774857,"Aardvark Therapeutics, Inc.",2025-11-04,2025-11-04T16:19:58-05:00,True,"7.01,8.01,9.01",CLINICAL
0001728117-25-000040,0001728117,"Gossamer Bio, Inc.",2025-06-16,2025-06-16T07:31:12-04:00,False,"7.01,8.01,9.01",OTHER
0001728117-23-000094,0001728117,"Gossamer Bio, Inc.",2023-07-20,2023-07-20T16:01:04-04:00,True,"1.01,3.02,7.01,9.01",OTHER
0001728117-22-000057,0001728117,"Gossamer Bio, Inc.",2022-07-13,2022-07-13T08:45:41-04:00,False,"1.01,3.02,7.01,9.01",OTHER
0001728117-21-000094,0001728117,"Gossamer Bio, Inc.",2021-10-12,2021-10-12T09:19:20-04:00,False,"7.01,8.01,9.01",OTHER
0001564590-20-046250,0001728117,"Gossamer Bio, Inc.",2020-10-13,2020-10-13T07:40:25-04:00,False,"7.01,8.01,9.01",CLINICAL
0001564590-20-000961,0001728117,"Gossamer Bio, Inc.",2020-01-13,2020-01-13T16:08:26-05:00,True,7.01,PRESENTATION
0001564590-19-018969,0001728117,"Gossamer Bio, Inc.",2019-05-14,2019-05-14T07:31:19-04:00,False,"2.02,7.01,9.01",OTHER
0000950170-25-099631,0001213037,"Cardiff Oncology, Inc.",2025-07-29,2025-07-29T16:10:34-04:00,True,"2.02,7.01,8.01",CLINICAL
0000950170-24-134749,0001213037,"Cardiff Oncology, Inc.",2024-12-10,2024-12-10T06:02:28-05:00,False,"7.01,8.01,9.01",CLINICAL
0001628280-24-015247,0001213037,"Cardiff Oncology, Inc.",2024-04-08,2024-04-08T16:07:11-04:00,True,"7.01,9.01",PRESENTATION
0001628280-24-007972,0001213037,"Cardiff Oncology, Inc.",2024-02-29,2024-02-29T16:08:01-05:00,True,"2.02,7.01,9.01",CLINICAL
0001628280-24-000780,0001213037,"Cardiff Oncology, Inc.",2024-01-08,2024-01-08T09:12:29-05:00,False,"7.01,9.01",PRESENTATION
0001628280-23-036386,0001213037,"Cardiff Oncology, Inc.",2023-11-02,2023-11-02T16:06:30-04:00,True,"2.02,7.01,9.01",OTHER
0001628280-23-033014,0001213037,"Cardiff Oncology, Inc.",2023-09-26,2023-09-26T16:07:11-04:00,True,"7.01,8.01,9.01",CLINICAL
0001104659-23-088391,0001213037,"Cardiff Oncology, Inc.",2023-08-07,2023-08-07T16:42:29-04:00,True,"7.01,8.01,9.01",CLINICAL
0001628280-23-007567,0001213037,"Cardiff Oncology, Inc.",2023-03-10,2023-03-10T16:51:28-05:00,True,7.01,OTHER
0001628280-22-025855,0001213037,"Cardiff Oncology, Inc.",2022-10-03,2022-10-03T16:12:14-04:00,True,"7.01,9.01",PRESENTATION
0001628280-22-024744,0001213037,"Cardiff Oncology, Inc.",2022-09-12,2022-09-12T16:09:53-04:00,True,"7.01,8.01,9.01",CLINICAL
0001628280-22-008987,0001213037,"Cardiff Oncology, Inc.",2022-04-12,2022-04-12T16:11:52-04:00,True,"5.02,7.01,9.01",OTHER
0001628280-22-008804,0001213037,"Cardiff Oncology, Inc.",2022-04-08,2022-04-08T15:34:34-04:00,False,"7.01,9.01",CLINICAL
0001628280-22-001039,0001213037,"Cardiff Oncology, Inc.",2022-01-18,2022-01-18T17:00:48-05:00,True,"7.01,9.01",CLINICAL
0001628280-21-018216,0001213037,"Cardiff Oncology, Inc.",2021-09-08,2021-09-08T16:00:55-04:00,True,"7.01,9.01",CLINICAL
0001628280-21-011401,0001213037,"Cardiff Oncology, Inc.",2021-06-01,2021-06-01T10:52:26-04:00,False,"7.01,9.01",PRESENTATION
0001628280-21-006756,0001213037,"Cardiff Oncology, Inc.",2021-04-12,2021-04-12T08:33:51-04:00,False,"7.01,8.01,9.01",CLINICAL
0001628280-20-017686,0001213037,"Cardiff Oncology, Inc.",2020-12-21,2020-12-21T16:18:24-05:00,True,"5.02,7.01,9.01",OTHER
0001628280-20-013800,0001213037,"Cardiff Oncology, Inc.",2020-09-22,2020-09-21T19:19:32-04:00,True,"7.01,9.01",PRESENTATION
0001628280-20-000311,0001213037,"Cardiff Oncology, Inc.",2020-01-13,2020-01-13T10:22:59-05:00,False,"7.01,9.01",PRESENTATION
0001104659-19-040280,0001213037,"Cardiff Oncology, Inc.",2019-07-15,2019-07-15T12:03:13-04:00,False,"7.01,9.01",PRESENTATION
0001104659-19-034533,0001213037,"Cardiff Oncology, Inc.",2019-06-07,2019-06-07T16:06:53-04:00,True,"7.01,9.01",PRESENTATION
0001193125-25-051990,0001226616,MEDICINOVA INC,2025-03-11,2025-03-11T16:45:50-04:00,True,"7.01,9.01",PRESENTATION
0001193125-19-275403,0001226616,MEDICINOVA INC,2019-10-28,2019-10-28T06:10:09-04:00,False,7.01,OTHER
0001564590-19-037824,0001226616,MEDICINOVA INC,2019-10-25,2019-10-25T06:03:30-04:00,False,7.01,OTHER
0001564590-19-026232,0001226616,MEDICINOVA INC,2019-07-26,2019-07-26T06:00:41-04:00,False,7.01,OTHER
0001564590-19-013191,0001226616,MEDICINOVA INC,2019-04-26,2019-04-26T06:05:57-04:00,False,7.01,OTHER
0001564590-19-002909,0001226616,MEDICINOVA INC,2019-02-14,2019-02-14T06:00:46-05:00,False,7.01,OTHER
0000950170-24-135768,0001782303,"Boundless Bio, Inc.",2024-12-12,2024-12-12T16:05:09-05:00,True,"5.02,7.01,8.01,9.01",CLINICAL
0000950170-24-058186,0001782303,"Boundless Bio, Inc.",2024-05-13,2024-05-13T07:05:12-04:00,False,"2.02,7.01,9.01",OTHER
0001193125-25-286984,0001835579,"ImageneBio, Inc.",2025-11-19,2025-11-19T07:50:18-05:00,False,"7.01,9.01",PRESENTATION
0001193125-25-167089,0001835579,"ImageneBio, Inc.",2025-07-29,2025-07-29T06:04:46-04:00,False,"1.01,2.01,3.02,3.03,5.01,5.02,5.03,5.06,7.01,9.01",PRESENTATION
0001193125-25-165170,0001835579,"ImageneBio, Inc.",2025-07-25,2025-07-25T12:23:39-04:00,False,"7.01,9.01",OTHER
0001193125-25-154016,0001835579,"ImageneBio, Inc.",2025-07-01,2025-07-01T16:15:28-04:00,True,"7.01,8.01,9.01",OTHER
0001193125-24-283722,0001835579,"ImageneBio, Inc.",2024-12-23,2024-12-23T08:37:31-05:00,False,"1.01,3.02,5.01,5.02,7.01,9.01",OTHER
0001193125-24-148112,0001835579,"ImageneBio, Inc.",2024-05-28,2024-05-28T16:24:07-04:00,True,"2.05,7.01,8.01,9.01",CLINICAL
0001193125-24-041504,0001835579,"ImageneBio, Inc.",2024-02-21,2024-02-21T16:29:08-05:00,True,"5.02,7.01,9.01",OTHER
0001193125-24-010227,0001835579,"ImageneBio, Inc.",2024-01-18,2024-01-18T16:26:52-05:00,True,"2.02,2.05,7.01,8.01,9.01",OTHER
0001193125-23-204493,0001835579,"ImageneBio, Inc.",2023-08-07,2023-08-07T08:02:59-04:00,False,"1.01,2.01,3.02,5.03,7.01,9.01",OTHER
0001193125-23-144274,0001835579,"ImageneBio, Inc.",2023-05-15,2023-05-15T09:09:10-04:00,False,"1.01,7.01,8.01,9.01",OTHER
0001193125-23-103005,0001835579,"ImageneBio, Inc.",2023-04-17,2023-04-17T09:14:00-04:00,False,"7.01,8.01,9.01",OTHER
0001193125-22-292953,0001835579,"ImageneBio, Inc.",2022-11-28,2022-11-28T08:18:15-05:00,False,"7.01,8.01,9.01",OTHER
0001193125-22-282059,0001835579,"ImageneBio, Inc.",2022-11-10,2022-11-10T09:11:32-05:00,False,"7.01,8.01,9.01",CLINICAL
0001193125-21-326102,0001835579,"ImageneBio, Inc.",2021-11-10,2021-11-10T16:39:40-05:00,True,"7.01,9.01",PRESENTATION
0001193125-25-256300,0000818033,"HERON THERAPEUTICS, INC. /DE/",2025-10-29,2025-10-29T16:05:33-04:00,True,"5.02,7.01,9.01",OTHER
0000950170-24-139569,0000818033,"HERON THERAPEUTICS, INC. /DE/",2024-12-23,2024-12-23T16:05:08-05:00,True,"7.01,9.01",OTHER
0000950170-24-120902,0000818033,"HERON THERAPEUTICS, INC. /DE/",2024-11-04,2024-11-04T17:09:40-05:00,True,"5.02,7.01",OTHER
0000950170-24-080026,0000818033,"HERON THERAPEUTICS, INC. /DE/",2024-07-02,2024-07-02T08:44:34-04:00,False,"7.01,9.01",REGULATORY
0000950170-24-065636,0000818033,"HERON THERAPEUTICS, INC. /DE/",2024-05-29,2024-05-29T08:05:11-04:00,False,"7.01,9.01",REGULATORY
0001193125-23-191942,0000818033,"HERON THERAPEUTICS, INC. /DE/",2023-07-24,2023-07-24T09:12:58-04:00,False,"1.01,3.02,5.02,7.01,9.01",OTHER
0001193125-23-044236,0000818033,"HERON THERAPEUTICS, INC. /DE/",2023-02-22,2023-02-22T09:05:34-05:00,False,"1.01,5.02,7.01,9.01",OTHER
0000950170-23-000458,0000818033,"HERON THERAPEUTICS, INC. /DE/",2023-01-09,2023-01-09T08:40:48-05:00,False,"2.02,7.01,9.01",OTHER
0001564590-22-023137,0000818033,"HERON THERAPEUTICS, INC. /DE/",2022-06-14,2022-06-14T08:40:15-04:00,False,"7.01,9.01",CLINICAL
0001564590-22-011751,0000818033,"HERON THERAPEUTICS, INC. /DE/",2022-03-25,2022-03-25T08:40:27-04:00,False,"7.01,9.01",REGULATORY
0001564590-21-001687,0000818033,"HERON THERAPEUTICS, INC. /DE/",2021-01-21,2021-01-21T08:40:24-05:00,False,"7.01,9.01",CLINICAL
0001564590-21-000771,0000818033,"HERON THERAPEUTICS, INC. /DE/",2021-01-11,2021-01-11T08:40:22-05:00,False,"2.02,7.01,9.01",OTHER
0001564590-20-043657,0000818033,"HERON THERAPEUTICS, INC. /DE/",2020-09-16,2020-09-16T08:40:26-04:00,False,"7.01,9.01",CLINICAL
0001564590-20-028307,0000818033,"HERON THERAPEUTICS, INC. /DE/",2020-06-04,2020-06-04T09:14:21-04:00,False,"7.01,9.01",CLINICAL
0001564590-20-000917,0000818033,"HERON THERAPEUTICS, INC. /DE/",2020-01-13,2020-01-13T08:41:21-05:00,False,"2.02,7.01,9.01",OTHER
0001564590-19-046060,0000818033,"HERON THERAPEUTICS, INC. /DE/",2019-12-16,2019-12-16T16:15:50-05:00,True,"7.01,9.01",PRESENTATION
0001564590-19-036139,0000818033,"HERON THERAPEUTICS, INC. /DE/",2019-10-02,2019-10-02T07:57:49-04:00,False,"7.01,8.01,9.01",CLINICAL
0001564590-19-032608,0000818033,"HERON THERAPEUTICS, INC. /DE/",2019-08-20,2019-08-20T08:35:56-04:00,False,"7.01,9.01",CLINICAL
0001193125-19-152334,0000818033,"HERON THERAPEUTICS, INC. /DE/",2019-05-21,2019-05-21T09:15:32-04:00,False,"7.01,9.01",CLINICAL
0001193125-19-146046,0000818033,"HERON THERAPEUTICS, INC. /DE/",2019-05-14,2019-05-14T08:35:32-04:00,False,"7.01,9.01",CLINICAL
0001193125-19-003247,0000818033,"HERON THERAPEUTICS, INC. /DE/",2019-01-07,2019-01-07T08:36:33-05:00,False,"2.02,7.01,9.01",REGULATORY
0000950170-23-049802,0001339970,aTYR PHARMA INC,2023-09-26,2023-09-26T09:01:19-04:00,False,"7.01,8.01,9.01",PRESENTATION
0000950170-23-007341,0001339970,aTYR PHARMA INC,2023-03-10,2023-03-10T17:01:10-05:00,True,7.01,OTHER
0001564590-21-002003,0001339970,aTYR PHARMA INC,2021-01-25,2021-01-25T08:05:15-05:00,False,"7.01,9.01",OTHER
0001564590-21-001861,0001339970,aTYR PHARMA INC,2021-01-22,2021-01-22T08:05:27-05:00,False,"7.01,9.01",PRESENTATION
0001564590-21-000713,0001339970,aTYR PHARMA INC,2021-01-11,2021-01-08T21:01:27-05:00,True,"7.01,9.01",PRESENTATION
0001564590-20-030026,0001339970,aTYR PHARMA INC,2020-06-22,2020-06-22T09:00:35-04:00,False,"7.01,9.01",PRESENTATION
0001564590-20-025993,0001339970,aTYR PHARMA INC,2020-05-18,2020-05-18T16:00:41-04:00,True,"7.01,9.01",PRESENTATION
0001564590-19-019764,0001339970,aTYR PHARMA INC,2019-05-20,2019-05-20T09:00:25-04:00,False,"7.01,9.01",OTHER
0001564590-19-007103,0001339970,aTYR PHARMA INC,2019-03-11,2019-03-11T09:00:28-04:00,False,"7.01,9.01",PRESENTATION
0001564590-19-004889,0001339970,aTYR PHARMA INC,2019-02-27,2019-02-27T16:05:33-05:00,True,"7.01,9.01",OTHER
0001262104-25-000009,0001262104,"Lite Strategy, Inc.",2025-09-10,2025-09-10T09:00:27-04:00,False,"5.03,7.01,9.01",OTHER
0000950170-25-102419,0001262104,"Lite Strategy, Inc.",2025-08-05,2025-08-05T08:05:27-04:00,False,"7.01,8.01,9.01",OTHER
0000950170-24-087841,0001262104,"Lite Strategy, Inc.",2024-07-30,2024-07-30T16:05:21-04:00,True,"7.01,9.01",PRESENTATION
0000950170-24-085347,0001262104,"Lite Strategy, Inc.",2024-07-22,2024-07-22T17:25:09-04:00,True,"2.05,5.02,7.01,9.01",OTHER
0000950170-24-062739,0001262104,"Lite Strategy, Inc.",2024-05-21,2024-05-21T13:00:22-04:00,False,"7.01,9.01",PRESENTATION
0001193125-23-268167,0001262104,"Lite Strategy, Inc.",2023-11-01,2023-11-01T16:01:55-04:00,True,"1.01,5.02,7.01,9.01",OTHER
0001193125-23-249423,0001262104,"Lite Strategy, Inc.",2023-10-03,2023-10-03T06:04:00-04:00,False,"1.01,3.03,5.03,7.01,9.01",OTHER
0001193125-23-169500,0001262104,"Lite Strategy, Inc.",2023-06-20,2023-06-20T06:08:07-04:00,False,"7.01,9.01",PRESENTATION
0001193125-23-068392,0001262104,"Lite Strategy, Inc.",2023-03-13,2023-03-13T06:05:30-04:00,False,7.01,OTHER
0001193125-23-046815,0001262104,"Lite Strategy, Inc.",2023-02-23,2023-02-23T17:25:46-05:00,True,"1.01,5.02,5.03,7.01,9.01",OTHER
0001193125-25-044830,0001534133,"CalciMedica, Inc.",2025-03-04,2025-03-04T07:05:24-05:00,False,"7.01,8.01,9.01",CLINICAL
0001193125-24-247004,0001534133,"CalciMedica, Inc.",2024-10-30,2024-10-30T07:24:04-04:00,False,"7.01,8.01,9.01",CLINICAL
0001193125-24-169805,0001534133,"CalciMedica, Inc.",2024-06-27,2024-06-27T08:45:55-04:00,False,"7.01,8.01,9.01",CLINICAL
0001193125-24-033981,0001534133,"CalciMedica, Inc.",2024-02-13,2024-02-13T17:30:00-05:00,True,"7.01,8.01,9.01",PRESENTATION
0001193125-24-011738,0001534133,"CalciMedica, Inc.",2024-01-22,2024-01-22T08:42:01-05:00,False,"1.01,2.02,3.02,7.01,8.01,9.01",OTHER
0001193125-23-167330,0001534133,"CalciMedica, Inc.",2023-06-15,2023-06-15T06:15:33-04:00,False,"7.01,9.01",PRESENTATION
0001193125-23-165409,0001534133,"CalciMedica, Inc.",2023-06-12,2023-06-12T17:02:53-04:00,True,"7.01,9.01",OTHER
0001564590-22-014650,0001534133,"CalciMedica, Inc.",2022-04-18,2022-04-18T16:48:17-04:00,True,"5.02,7.01,9.01",OTHER
0001213900-25-126825,0001074871,"Modular Medical, Inc.",2025-12-31,2025-12-31T08:47:40-05:00,False,"3.01,7.01,9.01",OTHER
0001213900-23-098330,0001074871,"Modular Medical, Inc.",2023-12-26,2023-12-22T19:36:21-05:00,True,"7.01,9.01",PRESENTATION
0001019056-22-000448,0001074871,"Modular Medical, Inc.",2022-06-13,2022-06-13T08:32:33-04:00,False,"7.01,9.01",PRESENTATION
0001019056-22-000231,0001074871,"Modular Medical, Inc.",2022-02-25,2022-02-24T19:52:42-05:00,True,"7.01,9.01",PRESENTATION
0001019056-21-000508,0001074871,"Modular Medical, Inc.",2021-09-30,2021-09-30T13:31:13-04:00,False,"7.01,9.01",PRESENTATION
0001493152-25-025491,0001401914,"Dare Bioscience, Inc.",2025-12-01,2025-12-01T08:01:48-05:00,False,"1.02,7.01,9.01",CLINICAL
0001493152-25-012516,0001401914,"Dare Bioscience, Inc.",2025-09-02,2025-09-02T08:00:48-04:00,False,"7.01,9.01",NO_TEXT
0001641172-25-018894,0001401914,"Dare Bioscience, Inc.",2025-07-14,2025-07-14T08:01:40-04:00,False,"7.01,8.01,9.01",CLINICAL
0001641172-25-014238,0001401914,"Dare Bioscience, Inc.",2025-06-09,2025-06-09T08:00:40-04:00,False,"7.01,9.01",NO_TEXT
0001493152-25-005533,0001401914,"Dare Bioscience, Inc.",2025-02-10,2025-02-10T08:01:08-05:00,False,"7.01,9.01",NO_TEXT
0001493152-25-001871,0001401914,"Dare Bioscience, Inc.",2025-01-13,2025-01-13T08:01:35-05:00,False,"7.01,9.01",NO_TEXT
0001493152-24-050117,0001401914,"Dare Bioscience, Inc.",2024-12-16,2024-12-16T08:05:12-05:00,False,"7.01,8.01,9.01",REGULATORY
0001493152-24-042455,0001401914,"Dare Bioscience, Inc.",2024-10-25,2024-10-25T08:01:13-04:00,False,"7.01,9.01",NO_TEXT
0001493152-24-042193,0001401914,"Dare Bioscience, Inc.",2024-10-23,2024-10-23T12:31:39-04:00,False,"1.01,7.01,9.01",OTHER
0001493152-24-041796,0001401914,"Dare Bioscience, Inc.",2024-10-21,2024-10-21T17:00:35-04:00,True,"1.01,3.02,7.01,9.01",OTHER
0001493152-24-028443,0001401914,"Dare Bioscience, Inc.",2024-07-19,2024-07-19T08:05:26-04:00,False,"7.01,8.01,9.01",INVALID:COMPLIANCE
0001493152-24-025435,0001401914,"Dare Bioscience, Inc.",2024-06-27,2024-06-27T16:15:21-04:00,True,"3.03,5.03,7.01,8.01,9.01",OTHER
0001493152-24-017147,0001401914,"Dare Bioscience, Inc.",2024-04-30,2024-04-30T07:45:36-04:00,False,"1.01,2.01,2.03,7.01,9.01",OTHER
0001493152-24-003984,0001401914,"Dare Bioscience, Inc.",2024-01-26,2024-01-26T17:15:12-05:00,True,"5.02,7.01,9.01",OTHER
0001493152-24-001663,0001401914,"Dare Bioscience, Inc.",2024-01-08,2024-01-08T08:00:38-05:00,False,"7.01,9.01",NO_TEXT
0001493152-23-046056,0001401914,"Dare Bioscience, Inc.",2023-12-26,2023-12-26T08:05:34-05:00,False,"1.01,2.03,3.02,7.01,9.01",OTHER
0001493152-23-045515,0001401914,"Dare Bioscience, Inc.",2023-12-20,2023-12-20T08:05:38-05:00,False,"7.01,8.01,9.01",CLINICAL
0001493152-23-038952,0001401914,"Dare Bioscience, Inc.",2023-11-01,2023-11-01T08:05:35-04:00,False,"7.01,8.01,9.01",CLINICAL
0001493152-23-037290,0001401914,"Dare Bioscience, Inc.",2023-10-16,2023-10-16T08:15:35-04:00,False,"7.01,8.01,9.01",OTHER
0001493152-23-032197,0001401914,"Dare Bioscience, Inc.",2023-09-11,2023-09-11T08:15:50-04:00,False,"7.01,9.01",NO_TEXT
0001493152-23-023364,0001401914,"Dare Bioscience, Inc.",2023-07-05,2023-07-05T08:05:17-04:00,False,"1.01,7.01,8.01,9.01",OTHER
0001493152-23-020081,0001401914,"Dare Bioscience, Inc.",2023-06-05,2023-06-05T08:05:32-04:00,False,"7.01,8.01,9.01",CLINICAL
0001493152-23-000904,0001401914,"Dare Bioscience, Inc.",2023-01-09,2023-01-09T08:05:44-05:00,False,"7.01,8.01,9.01",CLINICAL
0001493152-22-035118,0001401914,"Dare Bioscience, Inc.",2022-12-12,2022-12-12T08:05:18-05:00,False,"7.01,8.01,9.01",OTHER
0001493152-22-031629,0001401914,"Dare Bioscience, Inc.",2022-11-14,2022-11-14T08:05:35-05:00,False,"7.01,8.01,9.01",CLINICAL
0001493152-22-030305,0001401914,"Dare Bioscience, Inc.",2022-11-03,2022-11-03T09:15:44-04:00,False,"7.01,9.01",INVALID:I appreciate you providing the reference
0001493152-22-028519,0001401914,"Dare Bioscience, Inc.",2022-10-17,2022-10-17T08:05:49-04:00,False,"7.01,8.01,9.01",CLINICAL
0001493152-22-028049,0001401914,"Dare Bioscience, Inc.",2022-10-11,2022-10-11T09:00:17-04:00,False,"7.01,8.01,9.01",REGULATORY
0001493152-22-024228,0001401914,"Dare Bioscience, Inc.",2022-08-29,2022-08-29T08:05:32-04:00,False,"7.01,8.01,9.01",CLINICAL
0001493152-22-018170,0001401914,"Dare Bioscience, Inc.",2022-06-30,2022-06-30T08:05:27-04:00,False,"2.01,7.01,9.01",OTHER
0001493152-22-017652,0001401914,"Dare Bioscience, Inc.",2022-06-24,2022-06-24T08:05:38-04:00,False,"5.02,5.07,7.01,9.01",OTHER
0001401914-22-000022,0001401914,"Dare Bioscience, Inc.",2022-03-31,2022-03-31T07:28:54-04:00,False,"1.01,7.01,9.01",OTHER
0001401914-21-000114,0001401914,"Dare Bioscience, Inc.",2021-08-09,2021-08-09T08:07:49-04:00,False,"7.01,8.01,9.01",REGULATORY
0001401914-21-000112,0001401914,"Dare Bioscience, Inc.",2021-07-12,2021-07-09T17:34:03-04:00,True,"1.01,7.01,9.01",OTHER
0001401914-21-000064,0001401914,"Dare Bioscience, Inc.",2021-04-19,2021-04-19T08:54:50-04:00,False,"5.02,7.01,9.01",OTHER
0001401914-20-000124,0001401914,"Dare Bioscience, Inc.",2020-12-07,2020-12-07T08:09:06-05:00,False,"7.01,8.01,9.01",CLINICAL
0001401914-20-000007,0001401914,"Dare Bioscience, Inc.",2020-01-13,2020-01-13T07:17:59-05:00,False,"1.01,7.01,9.01",OTHER
0001401914-19-000097,0001401914,"Dare Bioscience, Inc.",2019-11-21,2019-11-21T09:08:56-05:00,False,"2.01,3.02,5.02,7.01,9.01",OTHER
0001401914-19-000088,0001401914,"Dare Bioscience, Inc.",2019-11-12,2019-11-12T07:34:31-05:00,False,"1.01,3.02,7.01,9.01",OTHER
0001411690-25-000008,0001411690,"Bionano Genomics, Inc.",2025-01-27,2025-01-27T16:05:39-05:00,True,"3.03,5.03,7.01,9.01",OTHER
0001140361-25-000296,0001411690,"Bionano Genomics, Inc.",2025-01-06,2025-01-06T07:10:36-05:00,False,"1.01,7.01,8.01,9.01",OTHER
0001140361-25-000132,0001411690,"Bionano Genomics, Inc.",2025-01-03,2025-01-03T08:30:17-05:00,False,"1.01,3.02,7.01,9.01",OTHER
0001140361-24-044715,0001411690,"Bionano Genomics, Inc.",2024-10-31,2024-10-31T08:50:00-04:00,False,"1.01,7.01,8.01,9.01",OTHER
0001140361-24-040508,0001411690,"Bionano Genomics, Inc.",2024-09-09,2024-09-09T08:00:18-04:00,False,"2.05,5.02,7.01,9.01",OTHER
0001140361-24-032559,0001411690,"Bionano Genomics, Inc.",2024-07-08,2024-07-08T06:16:32-04:00,False,"1.01,3.02,7.01,8.01,9.01",OTHER
0001140361-24-027553,0001411690,"Bionano Genomics, Inc.",2024-05-28,2024-05-28T08:15:32-04:00,False,"1.01,1.02,2.03,3.02,7.01,8.01,9.01",OTHER
0001140361-24-018181,0001411690,"Bionano Genomics, Inc.",2024-04-05,2024-04-05T09:29:33-04:00,False,"1.01,7.01,9.01",OTHER
0001140361-24-009930,0001411690,"Bionano Genomics, Inc.",2024-02-28,2024-02-28T08:16:10-05:00,False,"1.01,7.01,9.01",OTHER
0001411690-23-000080,0001411690,"Bionano Genomics, Inc.",2023-11-08,2023-11-08T16:02:28-05:00,True,"2.02,7.01,9.01",OTHER
0001140361-23-047688,0001411690,"Bionano Genomics, Inc.",2023-10-11,2023-10-11T08:17:53-04:00,False,"1.01,2.02,2.03,2.05,3.02,7.01,9.01",OTHER
0001140361-23-039417,0001411690,"Bionano Genomics, Inc.",2023-08-14,2023-08-14T08:10:43-04:00,False,"5.02,7.01,9.01",OTHER
0001140361-22-043313,0001411690,"Bionano Genomics, Inc.",2022-11-28,2022-11-28T17:02:16-05:00,True,"1.01,7.01,8.01,9.01",OTHER
0001140361-21-034291,0001411690,"Bionano Genomics, Inc.",2021-10-12,2021-10-12T08:05:44-04:00,False,"1.01,3.02,7.01,8.01,9.01",OTHER
0001372514-25-000068,0001372514,KIORA PHARMACEUTICALS INC,2025-08-13,2025-08-12T18:00:51-04:00,True,7.01,PRESENTATION
0001372514-25-000050,0001372514,KIORA PHARMACEUTICALS INC,2025-06-03,2025-06-03T07:00:35-04:00,False,"1.01,7.01,9.01",OTHER
0001372514-24-000117,0001372514,KIORA PHARMACEUTICALS INC,2024-10-29,2024-10-29T07:00:23-04:00,False,"7.01,9.01",REGULATORY
0001372514-24-000068,0001372514,KIORA PHARMACEUTICALS INC,2024-07-01,2024-07-01T07:00:32-04:00,False,"5.02,7.01,8.01,9.01",OTHER
0001372514-24-000013,0001372514,KIORA PHARMACEUTICALS INC,2024-02-12,2024-02-12T17:23:39-05:00,True,"7.01,9.01",PRESENTATION
0001372514-24-000010,0001372514,KIORA PHARMACEUTICALS INC,2024-02-01,2024-02-01T07:01:30-05:00,False,"1.01,3.02,7.01,9.01",OTHER
0001372514-24-000007,0001372514,KIORA PHARMACEUTICALS INC,2024-01-31,2024-01-31T17:14:40-05:00,True,"1.01,7.01,9.01",OTHER
0001372514-23-000160,0001372514,KIORA PHARMACEUTICALS INC,2023-11-09,2023-11-09T07:02:00-05:00,False,"7.01,9.01",PRESENTATION
0001372514-23-000112,0001372514,KIORA PHARMACEUTICALS INC,2023-08-01,2023-08-01T07:00:19-04:00,False,"5.02,7.01,9.01",OTHER
0001104659-23-002295,0001372514,KIORA PHARMACEUTICALS INC,2023-01-09,2023-01-09T16:31:34-05:00,True,"7.01,9.01",PRESENTATION
0001104659-22-066571,0001372514,KIORA PHARMACEUTICALS INC,2022-05-31,2022-05-31T16:30:25-04:00,True,"3.01,7.01,9.01",OTHER
0001104659-22-010000,0001372514,KIORA PHARMACEUTICALS INC,2022-02-01,2022-02-01T06:45:27-05:00,False,"5.02,7.01,9.01",OTHER
0001104659-22-002825,0001372514,KIORA PHARMACEUTICALS INC,2022-01-11,2022-01-10T17:58:16-05:00,True,"7.01,9.01",PRESENTATION
0001104659-21-149776,0001372514,KIORA PHARMACEUTICALS INC,2021-12-15,2021-12-15T07:00:47-05:00,False,"5.02,7.01,9.01",OTHER
0001104659-21-129738,0001372514,KIORA PHARMACEUTICALS INC,2021-10-26,2021-10-26T07:00:59-04:00,False,"1.01,2.01,3.02,5.02,7.01,9.01",OTHER
0001104659-21-115504,0001372514,KIORA PHARMACEUTICALS INC,2021-09-14,2021-09-14T16:20:01-04:00,True,"7.01,9.01",PRESENTATION
0001104659-21-095852,0001372514,KIORA PHARMACEUTICALS INC,2021-07-26,2021-07-26T16:18:13-04:00,True,"5.02,7.01,9.01",OTHER
0001104659-21-072696,0001372514,KIORA PHARMACEUTICALS INC,2021-05-27,2021-05-27T07:01:14-04:00,False,"7.01,9.01",PRESENTATION
0001104659-21-045169,0001372514,KIORA PHARMACEUTICALS INC,2021-04-01,2021-04-01T06:55:38-04:00,False,"5.02,7.01,9.01",OTHER
0001104659-20-104579,0001372514,KIORA PHARMACEUTICALS INC,2020-09-14,2020-09-14T06:50:21-04:00,False,"7.01,9.01",PRESENTATION
0001104659-20-067975,0001372514,KIORA PHARMACEUTICALS INC,2020-06-01,2020-06-01T06:55:24-04:00,False,"7.01,9.01",PRESENTATION
0001144204-19-043861,0001372514,KIORA PHARMACEUTICALS INC,2019-09-09,2019-09-09T06:50:45-04:00,False,"7.01,9.01",PRESENTATION
0001628280-25-044223,0001516551,"Skye Bioscience, Inc.",2025-10-06,2025-10-06T08:18:06-04:00,False,"7.01,9.01",CLINICAL
0001516551-24-000085,0001516551,"Skye Bioscience, Inc.",2024-09-04,2024-09-04T17:59:16-04:00,True,"5.02,7.01,9.01",OTHER
0001516551-24-000064,0001516551,"Skye Bioscience, Inc.",2024-07-03,2024-07-03T07:05:55-04:00,False,"5.02,7.01,9.01",OTHER
0001516551-24-000052,0001516551,"Skye Bioscience, Inc.",2024-04-03,2024-04-03T17:07:54-04:00,True,"7.01,9.01",OTHER
0001516551-24-000002,0001516551,"Skye Bioscience, Inc.",2024-01-29,2024-01-29T08:02:44-05:00,False,"1.01,3.02,7.01,8.01,9.01",OTHER
0001516551-23-000073,0001516551,"Skye Bioscience, Inc.",2023-09-07,2023-09-07T13:15:02-04:00,False,"3.03,5.03,7.01,9.01",OTHER
0001516551-23-000046,0001516551,"Skye Bioscience, Inc.",2023-08-21,2023-08-21T08:36:49-04:00,False,"1.01,2.01,2.03,3.02,5.02,7.01,9.01",OTHER
0001516551-23-000016,0001516551,"Skye Bioscience, Inc.",2023-01-27,2023-01-26T21:22:29-05:00,True,"1.01,7.01,9.01",OTHER
0001516551-22-000033,0001516551,"Skye Bioscience, Inc.",2022-10-03,2022-10-03T17:14:53-04:00,True,"4.01,5.07,7.01,9.01",OTHER
0001516551-21-000009,0001516551,"Skye Bioscience, Inc.",2021-09-30,2021-09-29T19:29:45-04:00,True,"7.01,9.01",OTHER
0001640334-19-001000,0001516551,"Skye Bioscience, Inc.",2019-05-29,2019-05-29T16:53:17-04:00,True,"1.01,7.01,9.01",OTHER
0001640334-19-000347,0001516551,"Skye Bioscience, Inc.",2019-03-04,2019-03-04T16:53:05-05:00,True,"1.01,7.01,9.01",OTHER
0001493152-23-043009,0001716947,"Ensysce Biosciences, Inc.",2023-11-29,2023-11-29T09:24:43-05:00,False,"1.01,2.03,3.02,7.01,9.01",OTHER
0001493152-23-038049,0001716947,"Ensysce Biosciences, Inc.",2023-10-24,2023-10-24T07:59:13-04:00,False,"1.01,2.03,3.02,7.01,9.01",OTHER
0001493152-23-003270,0001716947,"Ensysce Biosciences, Inc.",2023-02-01,2023-02-01T13:17:34-05:00,False,"3.03,5.03,7.01,9.01",OTHER
0001493152-22-025380,0001716947,"Ensysce Biosciences, Inc.",2022-09-08,2022-09-08T16:39:30-04:00,True,"5.07,7.01,9.01",OTHER
0001493152-22-021792,0001716947,"Ensysce Biosciences, Inc.",2022-08-09,2022-08-09T17:14:28-04:00,True,"1.01,2.03,3.02,7.01,9.01",OTHER
0001493152-22-018686,0001716947,"Ensysce Biosciences, Inc.",2022-07-06,2022-07-06T16:15:38-04:00,True,"1.01,2.03,3.02,7.01,9.01",OTHER
0001493152-22-017194,0001716947,"Ensysce Biosciences, Inc.",2022-06-17,2022-06-17T17:22:12-04:00,True,"3.01,7.01",OTHER
0001493152-22-012251,0001716947,"Ensysce Biosciences, Inc.",2022-05-05,2022-05-05T16:29:27-04:00,True,"7.01,8.01,9.01",CLINICAL
0001493152-22-003481,0001716947,"Ensysce Biosciences, Inc.",2022-02-08,2022-02-08T16:28:37-05:00,True,"5.02,7.01,9.01",OTHER
0001493152-22-002364,0001716947,"Ensysce Biosciences, Inc.",2022-01-27,2022-01-27T08:24:44-05:00,False,"5.07,7.01,9.01",OTHER
0001493152-21-027784,0001716947,"Ensysce Biosciences, Inc.",2021-11-10,2021-11-10T10:40:04-05:00,False,"1.01,2.03,3.02,7.01,9.01",OTHER
0001493152-21-023828,0001716947,"Ensysce Biosciences, Inc.",2021-09-27,2021-09-27T13:47:19-04:00,False,"1.01,2.03,3.02,7.01,9.01",OTHER
0001493152-21-017401,0001716947,"Ensysce Biosciences, Inc.",2021-07-21,2021-07-21T08:50:48-04:00,False,"7.01,9.01",PRESENTATION
0001493152-21-016422,0001716947,"Ensysce Biosciences, Inc.",2021-07-08,2021-07-08T08:30:32-04:00,False,"7.01,9.01",OTHER
0001493152-21-015864,0001716947,"Ensysce Biosciences, Inc.",2021-07-01,2021-07-01T17:12:11-04:00,True,"7.01,9.01",OTHER
0001493152-21-015806,0001716947,"Ensysce Biosciences, Inc.",2021-07-01,2021-07-01T08:30:41-04:00,False,"7.01,8.01,9.01",OTHER
0001493152-21-013365,0001716947,"Ensysce Biosciences, Inc.",2021-06-01,2021-06-01T17:15:47-04:00,True,"3.01,7.01,9.01",OTHER
0001493152-21-010710,0001716947,"Ensysce Biosciences, Inc.",2021-05-07,2021-05-07T08:38:04-04:00,False,"7.01,9.01",OTHER
0001493152-21-009990,0001716947,"Ensysce Biosciences, Inc.",2021-04-29,2021-04-29T09:00:41-04:00,False,"7.01,9.01",REGULATORY
0001213900-21-010229,0001716947,"Ensysce Biosciences, Inc.",2021-02-18,2021-02-18T09:27:01-05:00,False,"7.01,9.01",OTHER
0001213900-21-006660,0001716947,"Ensysce Biosciences, Inc.",2021-02-04,2021-02-04T08:00:18-05:00,False,"7.01,9.01",PRESENTATION
0001213900-21-006308,0001716947,"Ensysce Biosciences, Inc.",2021-02-03,2021-02-03T07:01:03-05:00,False,"7.01,9.01",PRESENTATION
0001213900-21-006194,0001716947,"Ensysce Biosciences, Inc.",2021-02-02,2021-02-02T16:43:51-05:00,True,"7.01,9.01",NO_TEXT
0001213900-21-005594,0001716947,"Ensysce Biosciences, Inc.",2021-02-01,2021-02-01T08:17:37-05:00,False,"7.01,8.01,9.01",OTHER
0001193125-20-041309,0001716947,"Ensysce Biosciences, Inc.",2020-02-19,2020-02-19T07:02:21-05:00,False,"7.01,9.01",PRESENTATION
0001193125-20-031371,0001716947,"Ensysce Biosciences, Inc.",2020-02-11,2020-02-11T16:30:51-05:00,True,"7.01,9.01",PRESENTATION
0001213900-20-001823,0001716947,"Ensysce Biosciences, Inc.",2020-01-27,2020-01-27T07:01:05-05:00,False,"7.01,9.01",OTHER
0001213900-20-000519,0001716947,"Ensysce Biosciences, Inc.",2020-01-08,2020-01-08T16:18:49-05:00,True,"7.01,9.01",OTHER
0001213900-20-000367,0001716947,"Ensysce Biosciences, Inc.",2020-01-07,2020-01-07T16:02:18-05:00,True,"7.01,9.01",PRESENTATION
0001213900-20-000220,0001716947,"Ensysce Biosciences, Inc.",2020-01-06,2020-01-06T08:43:56-05:00,False,"7.01,8.01,9.01",OTHER
0001213900-19-027124,0001716947,"Ensysce Biosciences, Inc.",2019-12-30,2019-12-27T19:20:08-05:00,True,"7.01,9.01",OTHER
0001493152-25-023419,0001853816,"Dermata Therapeutics, Inc.",2025-11-14,2025-11-14T16:05:37-05:00,True,"2.02,7.01,9.01",OTHER
0001641172-25-023570,0001853816,"Dermata Therapeutics, Inc.",2025-08-13,2025-08-13T17:01:14-04:00,True,"2.02,7.01,9.01",CLINICAL
0001641172-25-011873,0001853816,"Dermata Therapeutics, Inc.",2025-05-21,2025-05-21T09:00:09-04:00,False,"7.01,8.01",OTHER
0001641172-25-010112,0001853816,"Dermata Therapeutics, Inc.",2025-05-14,2025-05-14T09:01:36-04:00,False,"2.02,7.01,9.01",CLINICAL
0001654954-25-004265,0001853816,"Dermata Therapeutics, Inc.",2025-04-15,2025-04-15T08:30:36-04:00,False,"7.01,8.01,9.01",CLINICAL
0001654954-25-003372,0001853816,"Dermata Therapeutics, Inc.",2025-03-27,2025-03-27T08:00:59-04:00,False,"7.01,8.01,9.01",CLINICAL
0001654954-25-002886,0001853816,"Dermata Therapeutics, Inc.",2025-03-17,2025-03-17T16:17:45-04:00,True,"2.02,7.01,9.01",OTHER
0001654954-25-000570,0001853816,"Dermata Therapeutics, Inc.",2025-01-21,2025-01-21T08:05:55-05:00,False,"1.01,7.01,9.01",OTHER
0001654954-24-014289,0001853816,"Dermata Therapeutics, Inc.",2024-11-14,2024-11-13T18:03:44-05:00,True,"2.02,7.01,9.01",OTHER
0001654954-24-010104,0001853816,"Dermata Therapeutics, Inc.",2024-08-07,2024-08-07T16:06:20-04:00,True,"2.02,7.01,9.01",OTHER
0001654954-24-006396,0001853816,"Dermata Therapeutics, Inc.",2024-05-15,2024-05-15T16:06:40-04:00,True,"2.02,7.01,9.01",CLINICAL
0001654954-24-003500,0001853816,"Dermata Therapeutics, Inc.",2024-03-21,2024-03-21T16:05:28-04:00,True,"2.02,7.01,9.01",OTHER
0001654954-23-014015,0001853816,"Dermata Therapeutics, Inc.",2023-11-09,2023-11-09T16:08:14-05:00,True,"2.02,4.01,7.01,9.01",REGULATORY
0001654954-23-010489,0001853816,"Dermata Therapeutics, Inc.",2023-08-10,2023-08-10T16:18:20-04:00,True,"2.02,7.01,9.01",OTHER
0001654954-23-007177,0001853816,"Dermata Therapeutics, Inc.",2023-05-24,2023-05-24T17:13:36-04:00,True,"1.01,3.02,7.01,9.01",OTHER
0001654954-23-006209,0001853816,"Dermata Therapeutics, Inc.",2023-05-11,2023-05-11T16:07:03-04:00,True,"2.02,7.01,9.01",REGULATORY
0001654954-23-003181,0001853816,"Dermata Therapeutics, Inc.",2023-03-20,2023-03-20T16:36:29-04:00,True,"1.01,7.01,9.01",OTHER
0001654954-23-001927,0001853816,"Dermata Therapeutics, Inc.",2023-02-21,2023-02-21T16:10:09-05:00,True,"2.02,7.01,9.01",OTHER
0001654954-22-016099,0001853816,"Dermata Therapeutics, Inc.",2022-12-05,2022-12-05T09:01:47-05:00,False,"7.01,8.01,9.01",CLINICAL
0001654954-22-015036,0001853816,"Dermata Therapeutics, Inc.",2022-11-10,2022-11-10T17:22:39-05:00,True,"2.02,7.01,9.01",OTHER
0001654954-22-011373,0001853816,"Dermata Therapeutics, Inc.",2022-08-15,2022-08-15T16:20:13-04:00,True,"2.02,7.01,9.01",OTHER
0001654954-22-006969,0001853816,"Dermata Therapeutics, Inc.",2022-05-16,2022-05-16T16:09:15-04:00,True,"2.02,7.01,9.01",OTHER
0001654954-22-003871,0001853816,"Dermata Therapeutics, Inc.",2022-03-28,2022-03-28T08:34:49-04:00,False,"2.02,7.01,9.01",OTHER
0001654954-22-000428,0001853816,"Dermata Therapeutics, Inc.",2022-01-13,2022-01-13T08:30:48-05:00,False,"5.02,7.01,9.01",OTHER
0001654954-21-012446,0001853816,"Dermata Therapeutics, Inc.",2021-11-19,2021-11-19T09:06:21-05:00,False,"7.01,8.01",CLINICAL
0001654954-21-012224,0001853816,"Dermata Therapeutics, Inc.",2021-11-15,2021-11-15T16:20:39-05:00,True,"2.02,7.01,9.01",CLINICAL
0001654954-21-010436,0001853816,"Dermata Therapeutics, Inc.",2021-09-27,2021-09-27T16:06:11-04:00,True,"2.02,7.01,9.01",OTHER
0001193125-21-263316,0001853816,"Dermata Therapeutics, Inc.",2021-09-01,2021-09-01T16:50:35-04:00,True,"5.02,7.01,9.01",OTHER
0001193125-25-337646,0001826892,"BioAtla, Inc.",2025-12-31,2025-12-31T07:15:24-05:00,False,"1.01,3.02,7.01,9.01",OTHER
0001193125-24-283212,0001826892,"BioAtla, Inc.",2024-12-20,2024-12-20T16:51:59-05:00,True,"1.01,7.01,9.01",OTHER
0001193125-24-282547,0001826892,"BioAtla, Inc.",2024-12-20,2024-12-20T08:50:36-05:00,False,"7.01,9.01",PRESENTATION
0001193125-24-004912,0001826892,"BioAtla, Inc.",2024-01-09,2024-01-09T09:01:12-05:00,False,"7.01,9.01",PRESENTATION
0001193125-23-293959,0001826892,"BioAtla, Inc.",2023-12-13,2023-12-13T08:31:30-05:00,False,"7.01,8.01,9.01",CLINICAL
0000950170-23-007213,0001826892,"BioAtla, Inc.",2023-03-10,2023-03-10T14:32:03-05:00,False,7.01,OTHER
0001193125-22-101666,0001826892,"BioAtla, Inc.",2022-04-11,2022-04-11T16:13:47-04:00,True,"7.01,9.01",PRESENTATION
0001193125-25-280116,0001510964,"CV Sciences, Inc.",2025-11-13,2025-11-13T16:04:08-05:00,True,"2.02,7.01,9.01",OTHER
0000950170-25-107984,0001510964,"CV Sciences, Inc.",2025-08-13,2025-08-13T16:01:09-04:00,True,"2.02,7.01,9.01",OTHER
0000950170-25-071347,0001510964,"CV Sciences, Inc.",2025-05-14,2025-05-14T16:01:33-04:00,True,"2.02,7.01,9.01",OTHER
0000950170-25-045761,0001510964,"CV Sciences, Inc.",2025-03-27,2025-03-27T09:25:48-04:00,False,"2.02,7.01,9.01",OTHER
0000950170-24-129750,0001510964,"CV Sciences, Inc.",2024-11-21,2024-11-21T16:38:16-05:00,True,"1.01,3.02,7.01,9.01",OTHER
0000950170-24-126787,0001510964,"CV Sciences, Inc.",2024-11-14,2024-11-14T09:17:00-05:00,False,"2.02,7.01,9.01",OTHER
0000950170-24-095801,0001510964,"CV Sciences, Inc.",2024-08-13,2024-08-13T09:28:43-04:00,False,"2.02,7.01,9.01",OTHER
0000950170-24-059152,0001510964,"CV Sciences, Inc.",2024-05-14,2024-05-14T09:10:34-04:00,False,"2.02,7.01,9.01",OTHER
0000950170-24-058981,0001510964,"CV Sciences, Inc.",2024-05-14,2024-05-13T19:38:58-04:00,True,"1.01,3.02,7.01",OTHER
0000950170-24-037652,0001510964,"CV Sciences, Inc.",2024-03-28,2024-03-28T09:20:52-04:00,False,"2.02,7.01,9.01",OTHER
0001510964-23-000042,0001510964,"CV Sciences, Inc.",2023-12-12,2023-12-12T09:36:49-05:00,False,"1.01,3.02,7.01,9.01",OTHER
0001510964-23-000036,0001510964,"CV Sciences, Inc.",2023-11-14,2023-11-14T09:18:33-05:00,False,"2.02,7.01,9.01",OTHER
0001510964-23-000030,0001510964,"CV Sciences, Inc.",2023-08-14,2023-08-14T09:32:15-04:00,False,"2.02,7.01,9.01",OTHER
0001510964-23-000022,0001510964,"CV Sciences, Inc.",2023-05-15,2023-05-15T09:10:50-04:00,False,"2.02,7.01,9.01",OTHER
0001510964-23-000012,0001510964,"CV Sciences, Inc.",2023-03-29,2023-03-29T09:08:15-04:00,False,"2.02,7.01,9.01",OTHER
0001510964-23-000003,0001510964,"CV Sciences, Inc.",2023-03-02,2023-03-02T16:34:16-05:00,True,"7.01,8.01,9.01",OTHER
0001510964-22-000085,0001510964,"CV Sciences, Inc.",2022-11-14,2022-11-14T09:12:56-05:00,False,"2.02,7.01,9.01",OTHER
0001510964-22-000076,0001510964,"CV Sciences, Inc.",2022-09-27,2022-09-27T16:08:08-04:00,True,"7.01,8.01,9.01",OTHER
0001510964-22-000072,0001510964,"CV Sciences, Inc.",2022-08-25,2022-08-24T19:04:33-04:00,True,"1.01,1.02,7.01,9.01",OTHER
0001510964-22-000065,0001510964,"CV Sciences, Inc.",2022-08-15,2022-08-15T09:06:52-04:00,False,"2.02,7.01,9.01",OTHER
0001510964-22-000040,0001510964,"CV Sciences, Inc.",2022-05-16,2022-05-16T09:15:10-04:00,False,"2.02,7.01,9.01",OTHER
0001510964-22-000016,0001510964,"CV Sciences, Inc.",2022-03-31,2022-03-31T16:10:08-04:00,True,"2.02,7.01,9.01",OTHER
0001510964-21-000082,0001510964,"CV Sciences, Inc.",2021-11-30,2021-11-30T17:13:18-05:00,True,"4.01,7.01,9.01",OTHER
0001510964-21-000065,0001510964,"CV Sciences, Inc.",2021-11-15,2021-11-15T08:08:51-05:00,False,"2.02,7.01,9.01",OTHER
0001510964-21-000056,0001510964,"CV Sciences, Inc.",2021-08-12,2021-08-12T16:07:47-04:00,True,"2.02,7.01,9.01",OTHER
0001510964-21-000026,0001510964,"CV Sciences, Inc.",2021-05-13,2021-05-13T16:09:46-04:00,True,"2.02,7.01,9.01",OTHER
0001510964-21-000010,0001510964,"CV Sciences, Inc.",2021-03-18,2021-03-18T16:08:25-04:00,True,"2.02,7.01,9.01",OTHER
0001510964-20-000072,0001510964,"CV Sciences, Inc.",2020-11-05,2020-11-05T16:13:53-05:00,True,"2.02,7.01,9.01",OTHER
0001510964-20-000064,0001510964,"CV Sciences, Inc.",2020-08-06,2020-08-06T16:07:38-04:00,True,"2.02,7.01,9.01",OTHER
0001510964-20-000039,0001510964,"CV Sciences, Inc.",2020-05-08,2020-05-08T08:08:47-04:00,False,"2.02,7.01,9.01",OTHER
0001510964-20-000010,0001510964,"CV Sciences, Inc.",2020-03-16,2020-03-16T16:07:49-04:00,True,"2.02,7.01,9.01",OTHER
0001510964-19-000064,0001510964,"CV Sciences, Inc.",2019-11-05,2019-11-05T16:03:46-05:00,True,"2.02,7.01,9.01",OTHER
0001510964-19-000057,0001510964,"CV Sciences, Inc.",2019-10-30,2019-10-30T16:01:35-04:00,True,"5.02,7.01,9.01",OTHER
0001510964-19-000054,0001510964,"CV Sciences, Inc.",2019-10-22,2019-10-22T16:20:21-04:00,True,"5.02,7.01,9.01",OTHER
0001510964-19-000049,0001510964,"CV Sciences, Inc.",2019-08-27,2019-08-27T16:07:28-04:00,True,"5.02,7.01,9.01",OTHER
0001510964-19-000040,0001510964,"CV Sciences, Inc.",2019-08-06,2019-08-06T16:04:53-04:00,True,"2.02,7.01,9.01",OTHER
0001510964-19-000025,0001510964,"CV Sciences, Inc.",2019-05-08,2019-05-08T16:08:20-04:00,True,"2.02,7.01,9.01",OTHER
0001510964-19-000009,0001510964,"CV Sciences, Inc.",2019-03-21,2019-03-21T16:58:06-04:00,True,"5.02,7.01,9.01",OTHER
0001510964-19-000006,0001510964,"CV Sciences, Inc.",2019-03-12,2019-03-12T16:09:01-04:00,True,"2.02,7.01",OTHER
0001683168-19-000034,0001510964,"CV Sciences, Inc.",2019-01-08,2019-01-08T08:45:13-05:00,False,"5.02,7.01,9.01",OTHER
0001193125-25-256367,0001810560,"REVELATION BIOSCIENCES, INC.",2025-10-29,2025-10-29T16:20:21-04:00,True,"7.01,9.01",OTHER
0001193125-25-240400,0001810560,"REVELATION BIOSCIENCES, INC.",2025-10-15,2025-10-15T17:06:30-04:00,True,"7.01,9.01",OTHER
0000950170-24-029611,0001810560,"REVELATION BIOSCIENCES, INC.",2024-03-12,2024-03-11T21:53:19-04:00,True,"7.01,8.01,9.01",CLINICAL
0000950170-24-008972,0001810560,"REVELATION BIOSCIENCES, INC.",2024-01-30,2024-01-30T17:21:32-05:00,True,"7.01,9.01",PRESENTATION
0000950170-23-053115,0001810560,"REVELATION BIOSCIENCES, INC.",2023-10-12,2023-10-12T16:26:53-04:00,True,"7.01,8.01,9.01",PRESENTATION
0000950170-23-051141,0001810560,"REVELATION BIOSCIENCES, INC.",2023-10-02,2023-10-02T16:24:12-04:00,True,"5.02,7.01,9.01",OTHER
0000950170-23-030766,0001810560,"REVELATION BIOSCIENCES, INC.",2023-06-29,2023-06-29T16:23:53-04:00,True,"7.01,9.01",OTHER
0000950170-23-027498,0001810560,"REVELATION BIOSCIENCES, INC.",2023-06-12,2023-06-12T16:20:49-04:00,True,"7.01,9.01",OTHER
0000950170-23-024262,0001810560,"REVELATION BIOSCIENCES, INC.",2023-05-25,2023-05-25T16:32:30-04:00,True,"7.01,9.01",PRESENTATION
0000950170-23-023380,0001810560,"REVELATION BIOSCIENCES, INC.",2023-05-22,2023-05-22T13:22:28-04:00,False,"2.02,7.01,9.01",OTHER
0000950170-23-011612,0001810560,"REVELATION BIOSCIENCES, INC.",2023-04-03,2023-04-03T16:33:40-04:00,True,"2.02,7.01,9.01",OTHER
0000950170-23-002652,0001810560,"REVELATION BIOSCIENCES, INC.",2023-02-13,2023-02-13T17:30:20-05:00,True,"1.01,3.03,7.01,9.01",OTHER
0000950170-23-001502,0001810560,"REVELATION BIOSCIENCES, INC.",2023-01-31,2023-01-31T17:09:13-05:00,True,"3.03,5.03,5.07,7.01,9.01",OTHER
0000950170-23-000613,0001810560,"REVELATION BIOSCIENCES, INC.",2023-01-10,2023-01-10T16:07:17-05:00,True,"7.01,9.01",PRESENTATION
0000950170-22-024560,0001810560,"REVELATION BIOSCIENCES, INC.",2022-11-10,2022-11-10T17:00:58-05:00,True,"2.02,7.01,9.01",OTHER
0000950170-22-020014,0001810560,"REVELATION BIOSCIENCES, INC.",2022-10-25,2022-10-25T16:01:56-04:00,True,"7.01,9.01",OTHER
0000950170-22-019354,0001810560,"REVELATION BIOSCIENCES, INC.",2022-10-06,2022-10-06T16:02:13-04:00,True,"7.01,9.01",PRESENTATION
0000950170-22-017552,0001810560,"REVELATION BIOSCIENCES, INC.",2022-08-17,2022-08-17T16:32:31-04:00,True,"2.02,7.01,9.01",OTHER
0001213900-22-012515,0001810560,"REVELATION BIOSCIENCES, INC.",2022-03-15,2022-03-15T15:09:52-04:00,False,"7.01,9.01",PRESENTATION
0001213900-22-006506,0001810560,"REVELATION BIOSCIENCES, INC.",2022-02-11,2022-02-10T17:45:44-05:00,True,"7.01,9.01",PRESENTATION
0001213900-22-003972,0001810560,"REVELATION BIOSCIENCES, INC.",2022-01-27,2022-01-27T16:05:17-05:00,True,"1.01,3.02,7.01,9.01",OTHER
0001213900-22-001924,0001810560,"REVELATION BIOSCIENCES, INC.",2022-01-13,2022-01-13T15:53:16-05:00,False,"7.01,9.01",PRESENTATION
0001213900-21-067371,0001810560,"REVELATION BIOSCIENCES, INC.",2021-12-23,2021-12-23T17:27:56-05:00,True,"1.01,2.03,7.01,8.01,9.01",OTHER
0001213900-21-052510,0001810560,"REVELATION BIOSCIENCES, INC.",2021-10-13,2021-10-12T20:39:20-04:00,True,"5.03,5.07,7.01,9.01",OTHER
0001213900-21-045753,0001810560,"REVELATION BIOSCIENCES, INC.",2021-08-31,2021-08-31T06:06:31-04:00,False,"7.01,9.01",OTHER
0001824293-25-000126,0001824293,"GRI Bio, Inc.",2025-08-20,2025-08-20T09:28:49-04:00,False,"7.01,9.01",PRESENTATION
0001824293-25-000082,0001824293,"GRI Bio, Inc.",2025-06-26,2025-06-26T08:01:08-04:00,False,"7.01,9.01",CLINICAL
0001824293-24-000107,0001824293,"GRI Bio, Inc.",2024-08-14,2024-08-14T08:07:50-04:00,False,"2.02,7.01,9.01",OTHER
0001824293-24-000049,0001824293,"GRI Bio, Inc.",2024-05-13,2024-05-13T08:02:59-04:00,False,"2.02,7.01,9.01",OTHER
0001824293-24-000014,0001824293,"GRI Bio, Inc.",2024-01-16,2024-01-16T08:45:50-05:00,False,"7.01,9.01",PRESENTATION
0001824293-23-000166,0001824293,"GRI Bio, Inc.",2023-11-01,2023-11-01T08:45:57-04:00,False,7.01,PRESENTATION
0001824293-23-000161,0001824293,"GRI Bio, Inc.",2023-08-25,2023-08-25T16:42:52-04:00,True,"7.01,9.01",PRESENTATION
0001824293-23-000114,0001824293,"GRI Bio, Inc.",2023-04-27,2023-04-27T08:40:36-04:00,False,"7.01,9.01",PRESENTATION
0001104659-21-029269,0001824293,"GRI Bio, Inc.",2021-02-26,2021-02-26T16:37:36-05:00,True,"7.01,9.01",PRESENTATION
0000950170-25-108447,0001497253,"VivoSim Labs, INC.",2025-08-14,2025-08-14T08:06:27-04:00,False,"5.02,7.01,9.01",OTHER
0000950170-25-057685,0001497253,"VivoSim Labs, INC.",2025-04-24,2025-04-24T08:30:13-04:00,False,"5.03,7.01,8.01,9.01",OTHER
0000950170-25-056974,0001497253,"VivoSim Labs, INC.",2025-04-23,2025-04-23T08:06:08-04:00,False,"7.01,9.01",OTHER
0000950170-25-048888,0001497253,"VivoSim Labs, INC.",2025-04-02,2025-04-02T08:06:07-04:00,False,"2.02,7.01,8.01,9.01",OTHER
0000950170-25-045740,0001497253,"VivoSim Labs, INC.",2025-03-27,2025-03-27T08:05:09-04:00,False,"7.01,9.01",OTHER
0000950170-25-041749,0001497253,"VivoSim Labs, INC.",2025-03-19,2025-03-19T08:06:08-04:00,False,"7.01,9.01",OTHER
0000950170-24-050906,0001497253,"VivoSim Labs, INC.",2024-05-01,2024-05-01T08:05:17-04:00,False,"7.01,9.01",PRESENTATION
0000950170-24-011954,0001497253,"VivoSim Labs, INC.",2024-02-07,2024-02-07T08:05:17-05:00,False,"7.01,9.01",PRESENTATION
0001564590-22-007614,0001497253,"VivoSim Labs, INC.",2022-02-28,2022-02-28T16:07:30-05:00,True,"1.01,7.01,9.01",OTHER
0001493152-25-022349,0001855485,"Calidi Biotherapeutics, Inc.",2025-11-13,2025-11-13T16:30:50-05:00,True,"2.02,7.01,9.01",CLINICAL
0001493152-25-021418,0001855485,"Calidi Biotherapeutics, Inc.",2025-11-10,2025-11-10T08:30:53-05:00,False,"7.01,8.01,9.01",CLINICAL
0001493152-25-019353,0001855485,"Calidi Biotherapeutics, Inc.",2025-10-24,2025-10-24T17:16:07-04:00,True,"7.01,8.01,9.01",OTHER
0001641172-25-026066,0001855485,"Calidi Biotherapeutics, Inc.",2025-08-29,2025-08-29T17:20:03-04:00,True,"7.01,9.01",NO_TEXT
0001641172-25-022791,0001855485,"Calidi Biotherapeutics, Inc.",2025-08-08,2025-08-08T16:35:14-04:00,True,"2.02,7.01,9.01",OTHER
0001641172-25-021039,0001855485,"Calidi Biotherapeutics, Inc.",2025-07-25,2025-07-25T17:00:32-04:00,True,"5.02,7.01,8.01,9.01",OTHER
0001641172-25-018553,0001855485,"Calidi Biotherapeutics, Inc.",2025-07-10,2025-07-10T13:02:07-04:00,False,"1.01,3.02,7.01,9.01",OTHER
0001641172-25-010348,0001855485,"Calidi Biotherapeutics, Inc.",2025-05-14,2025-05-14T17:00:33-04:00,True,"2.02,7.01,9.01",REGULATORY
0001641172-25-005777,0001855485,"Calidi Biotherapeutics, Inc.",2025-04-23,2025-04-23T08:10:13-04:00,False,"1.01,5.02,7.01,8.01,9.01",OTHER
0001641172-25-003501,0001855485,"Calidi Biotherapeutics, Inc.",2025-04-10,2025-04-09T21:57:43-04:00,True,"7.01,9.01",OTHER
0001641172-25-001822,0001855485,"Calidi Biotherapeutics, Inc.",2025-03-31,2025-03-31T16:59:31-04:00,True,"2.02,7.01,9.01",OTHER
0001493152-25-009731,0001855485,"Calidi Biotherapeutics, Inc.",2025-03-10,2025-03-10T17:21:53-04:00,True,"7.01,9.01",OTHER
0001493152-25-003916,0001855485,"Calidi Biotherapeutics, Inc.",2025-01-28,2025-01-28T08:30:32-05:00,False,"1.02,2.02,7.01,9.01",OTHER
0001493152-25-001567,0001855485,"Calidi Biotherapeutics, Inc.",2025-01-10,2025-01-10T08:30:38-05:00,False,"1.01,3.02,7.01,8.01,9.01",OTHER
0001493152-24-046434,0001855485,"Calidi Biotherapeutics, Inc.",2024-11-18,2024-11-18T08:10:35-05:00,False,"7.01,9.01",PRESENTATION
0001493152-24-044932,0001855485,"Calidi Biotherapeutics, Inc.",2024-11-13,2024-11-12T20:25:44-05:00,True,"2.02,7.01,9.01",OTHER
0001493152-24-041633,0001855485,"Calidi Biotherapeutics, Inc.",2024-10-18,2024-10-18T17:29:57-04:00,True,"7.01,9.01",NO_TEXT
0001493152-24-041623,0001855485,"Calidi Biotherapeutics, Inc.",2024-10-18,2024-10-18T17:25:48-04:00,True,"3.01,7.01,9.01",OTHER
0001493152-24-038718,0001855485,"Calidi Biotherapeutics, Inc.",2024-09-30,2024-09-30T09:10:10-04:00,False,"7.01,9.01",REGULATORY
0001493152-24-035939,0001855485,"Calidi Biotherapeutics, Inc.",2024-09-12,2024-09-12T06:12:24-04:00,False,"7.01,9.01",PRESENTATION
0001493152-24-033579,0001855485,"Calidi Biotherapeutics, Inc.",2024-08-22,2024-08-22T17:16:09-04:00,True,"7.01,9.01",PRESENTATION
0001493152-24-031718,0001855485,"Calidi Biotherapeutics, Inc.",2024-08-14,2024-08-13T17:48:18-04:00,True,"2.02,7.01,9.01",OTHER
0001493152-24-029384,0001855485,"Calidi Biotherapeutics, Inc.",2024-07-29,2024-07-29T09:15:16-04:00,False,"1.01,3.02,7.01,9.01",OTHER
0001493152-24-026374,0001855485,"Calidi Biotherapeutics, Inc.",2024-07-05,2024-07-05T16:30:20-04:00,True,"7.01,9.01",OTHER
0001493152-24-022229,0001855485,"Calidi Biotherapeutics, Inc.",2024-05-31,2024-05-31T17:00:37-04:00,True,"1.01,3.02,7.01,9.01",OTHER
0001493152-24-019358,0001855485,"Calidi Biotherapeutics, Inc.",2024-05-15,2024-05-14T21:01:22-04:00,True,"2.02,7.01,9.01",OTHER
0001493152-24-015397,0001855485,"Calidi Biotherapeutics, Inc.",2024-04-19,2024-04-19T17:25:52-04:00,True,"7.01,9.01",NO_TEXT
0001493152-24-015390,0001855485,"Calidi Biotherapeutics, Inc.",2024-04-19,2024-04-19T17:20:14-04:00,True,"1.01,7.01,8.01,9.01",OTHER
0001493152-24-010208,0001855485,"Calidi Biotherapeutics, Inc.",2024-03-18,2024-03-18T08:41:04-04:00,False,"2.02,7.01,9.01",OTHER
0001493152-24-008203,0001855485,"Calidi Biotherapeutics, Inc.",2024-02-28,2024-02-28T16:42:45-05:00,True,"7.01,9.01",PRESENTATION
0001493152-24-005220,0001855485,"Calidi Biotherapeutics, Inc.",2024-02-07,2024-02-07T13:06:39-05:00,False,"2.02,7.01",OTHER
0001493152-24-001661,0001855485,"Calidi Biotherapeutics, Inc.",2024-01-08,2024-01-08T08:00:30-05:00,False,"7.01,9.01",PRESENTATION
0001493152-24-001163,0001855485,"Calidi Biotherapeutics, Inc.",2024-01-05,2024-01-05T08:00:32-05:00,False,"7.01,9.01",PRESENTATION
0001493152-23-045437,0001855485,"Calidi Biotherapeutics, Inc.",2023-12-19,2023-12-19T17:00:51-05:00,True,7.01,PRESENTATION
0001493152-23-041223,0001855485,"Calidi Biotherapeutics, Inc.",2023-11-14,2023-11-14T16:51:02-05:00,True,"2.02,7.01,9.01",OTHER
0001493152-23-038596,0001855485,"Calidi Biotherapeutics, Inc.",2023-10-30,2023-10-30T06:30:35-04:00,False,"1.01,5.02,7.01,9.01",OTHER
0001193125-23-213869,0001855485,"Calidi Biotherapeutics, Inc.",2023-08-16,2023-08-16T07:51:15-04:00,False,"7.01,9.01",PRESENTATION
0001193125-23-173151,0001855485,"Calidi Biotherapeutics, Inc.",2023-06-23,2023-06-23T07:41:03-04:00,False,"1.01,7.01,9.01",OTHER
0001193125-23-032729,0001855485,"Calidi Biotherapeutics, Inc.",2023-02-10,2023-02-10T16:41:14-05:00,True,"1.01,7.01,9.01",OTHER
0001193125-23-004705,0001855485,"Calidi Biotherapeutics, Inc.",2023-01-09,2023-01-09T15:37:28-05:00,False,"1.01,7.01,9.01",OTHER
0001193125-22-283885,0001855485,"Calidi Biotherapeutics, Inc.",2022-11-14,2022-11-14T09:16:03-05:00,False,"3.01,7.01,9.01",OTHER
0001193125-22-246494,0001855485,"Calidi Biotherapeutics, Inc.",2022-09-16,2022-09-16T17:18:05-04:00,True,"1.01,2.03,5.02,5.03,5.07,7.01,9.01",NO_TEXT
0001640334-25-001766,0001621221,"ARTELO BIOSCIENCES, INC.",2025-10-01,2025-10-01T17:28:39-04:00,True,"1.01,7.01,9.01",OTHER
0001640334-25-001642,0001621221,"ARTELO BIOSCIENCES, INC.",2025-09-05,2025-09-05T17:15:32-04:00,True,"1.01,7.01,9.01",OTHER
0001640334-25-001334,0001621221,"ARTELO BIOSCIENCES, INC.",2025-08-04,2025-08-04T07:39:05-04:00,False,"1.01,3.02,7.01,8.01,9.01",REGULATORY
0001640334-25-001062,0001621221,"ARTELO BIOSCIENCES, INC.",2025-06-26,2025-06-26T08:00:25-04:00,False,"1.01,3.02,7.01,9.01",OTHER
0001640334-23-000334,0001621221,"ARTELO BIOSCIENCES, INC.",2023-03-13,2023-03-13T06:17:41-04:00,False,7.01,OTHER
0001640334-19-002370,0001621221,"ARTELO BIOSCIENCES, INC.",2019-11-15,2019-11-15T16:56:19-05:00,True,"7.01,9.01",PRESENTATION
0001683168-25-008953,0000882291,AETHLON MEDICAL INC,2025-12-08,2025-12-05T18:03:31-05:00,True,"1.01,3.03,7.01,9.01",OTHER
0001683168-25-008257,0000882291,AETHLON MEDICAL INC,2025-11-12,2025-11-12T16:16:00-05:00,True,"2.02,7.01,9.01",OTHER
0001683168-25-006360,0000882291,AETHLON MEDICAL INC,2025-08-21,2025-08-21T14:34:05-04:00,False,"7.01,9.01",PRESENTATION
0001683168-25-006042,0000882291,AETHLON MEDICAL INC,2025-08-13,2025-08-13T16:15:34-04:00,True,"2.02,7.01,9.01",OTHER
0001683168-25-004784,0000882291,AETHLON MEDICAL INC,2025-06-27,2025-06-27T13:04:24-04:00,False,"2.02,7.01,9.01",OTHER
0001683168-25-000957,0000882291,AETHLON MEDICAL INC,2025-02-12,2025-02-12T16:15:12-05:00,True,"2.02,7.01,9.01",CLINICAL
0001683168-24-007972,0000882291,AETHLON MEDICAL INC,2024-11-13,2024-11-13T16:15:30-05:00,True,"2.02,7.01,9.01",OTHER
0001683168-24-005697,0000882291,AETHLON MEDICAL INC,2024-08-14,2024-08-14T16:15:21-04:00,True,"2.02,7.01,9.01",OTHER
0001683168-21-000070,0000882291,AETHLON MEDICAL INC,2021-01-11,2021-01-11T09:00:08-05:00,False,"7.01,9.01",PRESENTATION
0001493152-25-018687,0001618835,"Evofem Biosciences, Inc.",2025-10-20,2025-10-20T17:22:48-04:00,True,"1.02,5.07,7.01,9.01",OTHER
0001641172-25-011962,0001618835,"Evofem Biosciences, Inc.",2025-05-22,2025-05-22T06:05:34-04:00,False,"1.01,7.01,9.01",OTHER
0001641172-25-000209,0001618835,"Evofem Biosciences, Inc.",2025-03-24,2025-03-24T08:30:34-04:00,False,"2.02,7.01,9.01",OTHER
0001493152-24-028818,0001618835,"Evofem Biosciences, Inc.",2024-07-23,2024-07-23T16:30:11-04:00,True,"1.01,3.02,7.01,9.01",OTHER
0001493152-24-028280,0001618835,"Evofem Biosciences, Inc.",2024-07-18,2024-07-18T08:15:48-04:00,False,"7.01,9.01",NO_TEXT
0001493152-24-011787,0001618835,"Evofem Biosciences, Inc.",2024-03-28,2024-03-28T17:11:11-04:00,True,"7.01,9.01",NO_TEXT
0001493152-23-044597,0001618835,"Evofem Biosciences, Inc.",2023-12-12,2023-12-12T17:17:03-05:00,True,"1.01,1.02,5.03,7.01,9.01",OTHER
0001493152-23-030365,0001618835,"Evofem Biosciences, Inc.",2023-08-28,2023-08-28T16:30:17-04:00,True,"7.01,9.01",NO_TEXT
0001493152-23-017984,0001618835,"Evofem Biosciences, Inc.",2023-05-17,2023-05-17T17:13:44-04:00,True,"5.03,7.01,9.01",OTHER
0001493152-23-012220,0001618835,"Evofem Biosciences, Inc.",2023-04-14,2023-04-14T09:05:24-04:00,False,"5.02,7.01,9.01",OTHER
0001618835-23-000015,0001618835,"Evofem Biosciences, Inc.",2023-03-10,2023-03-10T17:27:45-05:00,True,"2.04,7.01",OTHER
0001618835-23-000014,0001618835,"Evofem Biosciences, Inc.",2023-03-09,2023-03-09T16:01:52-05:00,True,"1.01,5.02,7.01",OTHER
0001618835-22-000189,0001618835,"Evofem Biosciences, Inc.",2022-10-05,2022-10-05T16:05:16-04:00,True,"7.01,9.01",PRESENTATION
0001618835-22-000153,0001618835,"Evofem Biosciences, Inc.",2022-08-04,2022-08-04T17:01:52-04:00,True,"7.01,9.01",PRESENTATION
0001618835-22-000128,0001618835,"Evofem Biosciences, Inc.",2022-05-26,2022-05-26T14:16:53-04:00,False,"7.01,9.01",PRESENTATION
0001618835-22-000112,0001618835,"Evofem Biosciences, Inc.",2022-05-12,2022-05-12T08:01:41-04:00,False,"7.01,9.01",PRESENTATION
0001618835-22-000016,0001618835,"Evofem Biosciences, Inc.",2022-02-15,2022-02-15T16:10:39-05:00,True,"7.01,9.01",PRESENTATION
0001618835-21-000258,0001618835,"Evofem Biosciences, Inc.",2021-12-09,2021-12-09T08:00:32-05:00,False,"7.01,9.01",OTHER
0001618835-21-000241,0001618835,"Evofem Biosciences, Inc.",2021-11-15,2021-11-15T16:25:50-05:00,True,"7.01,9.01",OTHER
0001618835-21-000209,0001618835,"Evofem Biosciences, Inc.",2021-10-06,2021-10-06T08:02:57-04:00,False,"7.01,9.01",PRESENTATION
0001618835-21-000190,0001618835,"Evofem Biosciences, Inc.",2021-09-10,2021-09-10T08:38:53-04:00,False,"7.01,9.01",PRESENTATION
0001618835-21-000142,0001618835,"Evofem Biosciences, Inc.",2021-06-04,2021-06-04T10:30:24-04:00,False,"7.01,9.01",PRESENTATION
0001618835-21-000091,0001618835,"Evofem Biosciences, Inc.",2021-04-07,2021-04-07T16:52:50-04:00,True,"7.01,9.01",PRESENTATION
0001618835-21-000049,0001618835,"Evofem Biosciences, Inc.",2021-03-08,2021-03-08T08:57:51-05:00,False,"7.01,9.01",OTHER
0001618835-21-000046,0001618835,"Evofem Biosciences, Inc.",2021-03-04,2021-03-04T16:29:41-05:00,True,"7.01,9.01",PRESENTATION
0001618835-21-000022,0001618835,"Evofem Biosciences, Inc.",2021-02-22,2021-02-22T06:12:00-05:00,False,"7.01,9.01",PRESENTATION
0001618835-21-000018,0001618835,"Evofem Biosciences, Inc.",2021-02-05,2021-02-05T08:02:21-05:00,False,"7.01,9.01",PRESENTATION
0001618835-20-000250,0001618835,"Evofem Biosciences, Inc.",2020-12-01,2020-12-01T16:05:33-05:00,True,"7.01,9.01",PRESENTATION
0001618835-20-000244,0001618835,"Evofem Biosciences, Inc.",2020-11-18,2020-11-18T17:04:39-05:00,True,"7.01,9.01",PRESENTATION
0001618835-20-000222,0001618835,"Evofem Biosciences, Inc.",2020-09-14,2020-09-14T15:21:07-04:00,False,"7.01,9.01",PRESENTATION
0001618835-20-000007,0001618835,"Evofem Biosciences, Inc.",2020-01-10,2020-01-10T16:06:55-05:00,True,"7.01,9.01",PRESENTATION
0001618835-19-000160,0001618835,"Evofem Biosciences, Inc.",2019-09-04,2019-09-04T09:07:52-04:00,False,"7.01,9.01",PRESENTATION
0001618835-19-000005,0001618835,"Evofem Biosciences, Inc.",2019-01-07,2019-01-07T06:11:02-05:00,False,"7.01,9.01",PRESENTATION
0001096906-22-002280,0001514946,"AXIM BIOTECHNOLOGIES, INC.",2022-09-19,2022-09-19T12:14:42-04:00,False,"1.01,7.01,9.01",OTHER
0001096906-22-000524,0001514946,"AXIM BIOTECHNOLOGIES, INC.",2022-03-09,2022-03-09T11:37:53-05:00,False,"1.02,7.01,9.01",OTHER
0001096906-21-001784,0001514946,"AXIM BIOTECHNOLOGIES, INC.",2021-08-04,2021-08-03T14:02:08-04:00,False,"1.01,7.01,9.01",OTHER
0001078782-20-000320,0001514946,"AXIM BIOTECHNOLOGIES, INC.",2020-05-13,2020-05-12T17:29:40-04:00,True,"7.01,8.01,9.01",OTHER
0001078782-20-000186,0001514946,"AXIM BIOTECHNOLOGIES, INC.",2020-03-19,2020-03-18T17:24:50-04:00,True,"1.01,2.01,3.02,7.01,9.01",OTHER
0001078782-20-000007,0001514946,"AXIM BIOTECHNOLOGIES, INC.",2020-01-08,2020-01-08T09:26:21-05:00,False,"1.01,7.01,9.01",OTHER
0001078782-19-000576,0001514946,"AXIM BIOTECHNOLOGIES, INC.",2019-07-09,2019-07-09T11:39:25-04:00,False,"1.01,7.01,9.01",OTHER
0001078782-19-000493,0001514946,"AXIM BIOTECHNOLOGIES, INC.",2019-06-04,2019-06-03T15:02:52-04:00,False,"1.01,7.01,9.01",OTHER
0001078782-19-000366,0001514946,"AXIM BIOTECHNOLOGIES, INC.",2019-04-23,2019-04-23T12:58:40-04:00,False,"1.01,7.01,9.01",OTHER
0001078782-19-000294,0001514946,"AXIM BIOTECHNOLOGIES, INC.",2019-04-04,2019-04-04T08:07:06-04:00,False,"5.02,7.01",OTHER
0001078782-19-000057,0001514946,"AXIM BIOTECHNOLOGIES, INC.",2019-01-15,2019-01-15T06:25:31-05:00,False,"7.01,9.01",PRESENTATION
0001078782-19-000021,0001514946,"AXIM BIOTECHNOLOGIES, INC.",2019-01-08,2019-01-08T05:16:37-05:00,False,"5.02,7.01,9.01",OTHER
