accession,cik,name,filing_date,acceptance_et,after_hours,items,llm_label
0001093557-25-000111,0001093557,DEXCOM INC,2025-05-01,2025-05-01T16:03:07-04:00,True,"2.02,8.01,9.01",OTHER
0001093557-25-000047,0001093557,DEXCOM INC,2025-03-07,2025-03-07T16:30:19-05:00,True,"7.01,8.01",REGULATORY
0001093557-24-000143,0001093557,DEXCOM INC,2024-07-25,2024-07-25T16:05:15-04:00,True,"2.02,8.01,9.01",OTHER
0001093557-23-000222,0001093557,DEXCOM INC,2023-11-02,2023-11-02T16:19:16-04:00,True,8.01,OTHER
0001093557-23-000218,0001093557,DEXCOM INC,2023-10-26,2023-10-26T16:04:04-04:00,True,8.01,OTHER
0001093557-23-000191,0001093557,DEXCOM INC,2023-08-28,2023-08-28T08:41:53-04:00,False,"5.02,8.01,9.01",OTHER
0001193125-23-137248,0001093557,DEXCOM INC,2023-05-05,2023-05-05T17:16:52-04:00,True,"1.01,2.03,3.02,8.01,9.01",OTHER
0001193125-23-133137,0001093557,DEXCOM INC,2023-05-03,2023-05-03T07:19:12-04:00,False,"8.01,9.01",OTHER
0001193125-23-131265,0001093557,DEXCOM INC,2023-05-02,2023-05-02T07:16:00-04:00,False,"8.01,9.01",OTHER
0001093557-22-000151,0001093557,DEXCOM INC,2022-08-05,2022-08-05T16:52:04-04:00,True,8.01,OTHER
0001093557-22-000145,0001093557,DEXCOM INC,2022-07-28,2022-07-28T16:23:27-04:00,True,8.01,OTHER
0001193125-22-005104,0001093557,DEXCOM INC,2022-01-10,2022-01-10T08:00:59-05:00,False,"2.02,8.01,9.01",OTHER
0001193125-21-336940,0001093557,DEXCOM INC,2021-11-22,2021-11-22T17:03:02-05:00,True,"8.01,9.01",OTHER
0001193125-21-205018,0001093557,DEXCOM INC,2021-07-01,2021-06-30T18:58:00-04:00,True,8.01,OTHER
0001093557-20-000278,0001093557,DEXCOM INC,2020-10-13,2020-10-13T10:50:00-04:00,False,"5.02,8.01,9.01",OTHER
0001193125-20-217131,0001093557,DEXCOM INC,2020-08-12,2020-08-12T09:13:55-04:00,False,"5.02,8.01,9.01",OTHER
0001193125-20-182596,0001093557,DEXCOM INC,2020-06-29,2020-06-29T18:28:19-04:00,True,"8.01,9.01",OTHER
0001193125-20-143408,0001093557,DEXCOM INC,2020-05-15,2020-05-15T08:07:11-04:00,False,"1.01,2.03,3.02,8.01,9.01",OTHER
0001193125-20-139830,0001093557,DEXCOM INC,2020-05-12,2020-05-12T07:50:10-04:00,False,"8.01,9.01",OTHER
0001193125-20-138228,0001093557,DEXCOM INC,2020-05-11,2020-05-11T07:13:39-04:00,False,"8.01,9.01",OTHER
0001093557-19-000209,0001093557,DEXCOM INC,2019-09-18,2019-09-17T18:29:13-04:00,True,"5.02,8.01",OTHER
0001193125-25-258519,0000943819,RESMED INC,2025-10-30,2025-10-30T16:06:11-04:00,True,"2.02,8.01,9.01",OTHER
0001193125-25-170512,0000943819,RESMED INC,2025-07-31,2025-07-31T16:05:17-04:00,True,"2.02,8.01,9.01",OTHER
0001193125-25-091357,0000943819,RESMED INC,2025-04-23,2025-04-23T16:05:31-04:00,True,"2.02,8.01,9.01",OTHER
0001193125-25-017218,0000943819,RESMED INC,2025-01-30,2025-01-30T16:05:28-05:00,True,"2.02,8.01,9.01",OTHER
0001193125-24-242806,0000943819,RESMED INC,2024-10-24,2024-10-24T16:05:51-04:00,True,"2.02,8.01,9.01",OTHER
0001193125-24-191487,0000943819,RESMED INC,2024-08-01,2024-08-01T16:05:55-04:00,True,"2.02,8.01,9.01",OTHER
0001193125-24-113883,0000943819,RESMED INC,2024-04-25,2024-04-25T16:07:05-04:00,True,"2.02,8.01,9.01",OTHER
0001193125-24-014223,0000943819,RESMED INC,2024-01-24,2024-01-24T16:06:01-05:00,True,"2.02,8.01,9.01",OTHER
0001193125-23-264072,0000943819,RESMED INC,2023-10-26,2023-10-26T16:05:53-04:00,True,"2.02,8.01,9.01",OTHER
0001193125-23-202850,0000943819,RESMED INC,2023-08-03,2023-08-03T16:06:09-04:00,True,"2.02,8.01,9.01",OTHER
0001193125-23-122110,0000943819,RESMED INC,2023-04-27,2023-04-27T16:06:05-04:00,True,"2.02,8.01,9.01",OTHER
0001193125-23-016231,0000943819,RESMED INC,2023-01-26,2023-01-26T16:05:45-05:00,True,"2.02,5.02,8.01,9.01",OTHER
0001193125-22-270961,0000943819,RESMED INC,2022-10-27,2022-10-27T16:05:39-04:00,True,"2.02,8.01,9.01",OTHER
0001193125-22-218522,0000943819,RESMED INC,2022-08-11,2022-08-11T16:07:02-04:00,True,"2.02,8.01,9.01",OTHER
0001193125-22-127535,0000943819,RESMED INC,2022-04-28,2022-04-28T16:07:35-04:00,True,"2.02,8.01,9.01",OTHER
0001193125-22-019765,0000943819,RESMED INC,2022-01-27,2022-01-27T16:06:08-05:00,True,"2.02,8.01,9.01",OTHER
0001193125-21-311286,0000943819,RESMED INC,2021-10-28,2021-10-28T16:07:09-04:00,True,"2.02,8.01,9.01",OTHER
0001193125-21-237704,0000943819,RESMED INC,2021-08-05,2021-08-05T16:08:39-04:00,True,"2.02,8.01,9.01",OTHER
0001193125-21-140371,0000943819,RESMED INC,2021-04-29,2021-04-29T16:06:05-04:00,True,"2.02,8.01,9.01",OTHER
0001193125-21-020758,0000943819,RESMED INC,2021-01-28,2021-01-28T16:05:55-05:00,True,"2.02,8.01,9.01",OTHER
0001193125-20-281037,0000943819,RESMED INC,2020-10-29,2020-10-29T16:05:43-04:00,True,"2.02,8.01,9.01",OTHER
0001193125-20-210635,0000943819,RESMED INC,2020-08-05,2020-08-05T16:05:57-04:00,True,"2.02,8.01,9.01",OTHER
0001193125-20-128755,0000943819,RESMED INC,2020-04-30,2020-04-30T16:05:44-04:00,True,"2.02,8.01,9.01",OTHER
0001193125-20-019606,0000943819,RESMED INC,2020-01-30,2020-01-30T16:05:40-05:00,True,"2.02,8.01,9.01",OTHER
0001193125-19-273579,0000943819,RESMED INC,2019-10-24,2019-10-24T16:05:55-04:00,True,"2.02,8.01,9.01",OTHER
0001193125-19-202515,0000943819,RESMED INC,2019-07-25,2019-07-25T16:05:56-04:00,True,"2.02,8.01,9.01",OTHER
0001193125-19-134997,0000943819,RESMED INC,2019-05-02,2019-05-02T16:06:03-04:00,True,"2.02,8.01,9.01",OTHER
0001193125-19-015912,0000943819,RESMED INC,2019-01-24,2019-01-24T16:05:40-05:00,True,"2.02,8.01,9.01",OTHER
0001193125-25-297576,0001110803,"ILLUMINA, INC.",2025-11-25,2025-11-25T17:06:36-05:00,True,"8.01,9.01",OTHER
0001193125-25-277870,0001110803,"ILLUMINA, INC.",2025-11-12,2025-11-12T16:59:57-05:00,True,"8.01,9.01",OTHER
0001193125-25-144290,0001110803,"ILLUMINA, INC.",2025-06-23,2025-06-23T09:24:49-04:00,False,"1.01,8.01,9.01",OTHER
0001193125-24-215883,0001110803,"ILLUMINA, INC.",2024-09-09,2024-09-09T16:02:31-04:00,True,"1.02,8.01,9.01",OTHER
0001193125-24-214335,0001110803,"ILLUMINA, INC.",2024-09-05,2024-09-05T17:27:02-04:00,True,8.01,OTHER
0001193125-24-167025,0001110803,"ILLUMINA, INC.",2024-06-24,2024-06-24T17:00:58-04:00,True,"1.01,2.01,8.01,9.01",OTHER
0001193125-24-153239,0001110803,"ILLUMINA, INC.",2024-06-03,2024-06-03T17:25:32-04:00,True,"2.05,8.01",OTHER
0000950157-23-000577,0001110803,"ILLUMINA, INC.",2023-05-25,2023-05-25T16:58:28-04:00,True,"8.01,9.01",OTHER
0001193125-22-303832,0001110803,"ILLUMINA, INC.",2022-12-13,2022-12-13T16:31:01-05:00,True,"8.01,9.01",OTHER
0001193125-22-296685,0001110803,"ILLUMINA, INC.",2022-12-01,2022-12-01T17:22:57-05:00,True,8.01,OTHER
0000950157-22-000997,0001110803,"ILLUMINA, INC.",2022-09-06,2022-09-06T17:13:40-04:00,True,"8.01,9.01",OTHER
0001110803-22-000035,0001110803,"ILLUMINA, INC.",2022-07-14,2022-07-14T16:02:53-04:00,True,"8.01,9.01",OTHER
0001110803-22-000026,0001110803,"ILLUMINA, INC.",2022-05-06,2022-05-06T17:12:11-04:00,True,"8.01,9.01",OTHER
0000950157-21-001099,0001110803,"ILLUMINA, INC.",2021-10-15,2021-10-14T21:08:51-04:00,True,"8.01,9.01",OTHER
0000950157-21-000850,0001110803,"ILLUMINA, INC.",2021-08-18,2021-08-18T17:05:26-04:00,True,"1.01,2.01,2.03,8.01,9.01",OTHER
0001193125-21-089600,0001110803,"ILLUMINA, INC.",2021-03-22,2021-03-22T16:31:09-04:00,True,"8.01,9.01",OTHER
0000950157-21-000344,0001110803,"ILLUMINA, INC.",2021-03-16,2021-03-16T16:21:27-04:00,True,8.01,OTHER
0001193125-21-079640,0001110803,"ILLUMINA, INC.",2021-03-12,2021-03-12T16:07:59-05:00,True,"8.01,9.01",OTHER
0000950157-21-000303,0001110803,"ILLUMINA, INC.",2021-03-04,2021-03-04T17:28:02-05:00,True,8.01,OTHER
0001110803-20-000066,0001110803,"ILLUMINA, INC.",2020-11-10,2020-11-09T18:50:24-05:00,True,8.01,OTHER
0000950157-20-001121,0001110803,"ILLUMINA, INC.",2020-09-21,2020-09-21T09:27:21-04:00,False,"1.01,8.01,9.01",OTHER
0001110803-19-000060,0001110803,"ILLUMINA, INC.",2019-12-18,2019-12-18T16:19:00-05:00,True,8.01,OTHER
0001110803-19-000031,0001110803,"ILLUMINA, INC.",2019-06-18,2019-06-18T06:14:36-04:00,False,8.01,OTHER
0000914475-24-000229,0000914475,NEUROCRINE BIOSCIENCES INC,2024-12-20,2024-12-20T08:06:42-05:00,False,8.01,REGULATORY
0000914475-24-000214,0000914475,NEUROCRINE BIOSCIENCES INC,2024-11-01,2024-11-01T08:31:33-04:00,False,8.01,OTHER
0000914475-24-000199,0000914475,NEUROCRINE BIOSCIENCES INC,2024-08-28,2024-08-28T07:00:59-04:00,False,"7.01,8.01,9.01",CLINICAL
0000914475-23-000078,0000914475,NEUROCRINE BIOSCIENCES INC,2023-11-13,2023-11-13T07:01:14-05:00,False,8.01,OTHER
0000914475-23-000075,0000914475,NEUROCRINE BIOSCIENCES INC,2023-11-09,2023-11-09T17:03:30-05:00,True,8.01,OTHER
0000914475-23-000067,0000914475,NEUROCRINE BIOSCIENCES INC,2023-10-06,2023-10-06T09:00:44-04:00,False,8.01,OTHER
0000914475-23-000065,0000914475,NEUROCRINE BIOSCIENCES INC,2023-10-05,2023-10-05T07:02:38-04:00,False,"8.01,9.01",CLINICAL
0000914475-23-000062,0000914475,NEUROCRINE BIOSCIENCES INC,2023-09-12,2023-09-12T07:31:30-04:00,False,"8.01,9.01",CLINICAL
0000914475-23-000023,0000914475,NEUROCRINE BIOSCIENCES INC,2023-03-29,2023-03-28T20:44:59-04:00,True,8.01,OTHER
0000914475-23-000016,0000914475,NEUROCRINE BIOSCIENCES INC,2023-02-24,2023-02-23T19:14:07-05:00,True,8.01,OTHER
0000914475-22-000035,0000914475,NEUROCRINE BIOSCIENCES INC,2022-06-01,2022-05-31T21:04:02-04:00,True,8.01,OTHER
0000914475-22-000032,0000914475,NEUROCRINE BIOSCIENCES INC,2022-05-25,2022-05-24T21:44:44-04:00,True,"8.01,9.01",OTHER
0000914475-21-000064,0000914475,NEUROCRINE BIOSCIENCES INC,2021-12-23,2021-12-23T08:00:49-05:00,False,8.01,OTHER
0000914475-21-000009,0000914475,NEUROCRINE BIOSCIENCES INC,2021-02-02,2021-02-02T16:04:20-05:00,True,8.01,OTHER
0000914475-20-000043,0000914475,NEUROCRINE BIOSCIENCES INC,2020-11-24,2020-11-24T08:02:21-05:00,False,8.01,OTHER
0000914475-20-000040,0000914475,NEUROCRINE BIOSCIENCES INC,2020-11-19,2020-11-19T08:07:53-05:00,False,"8.01,9.01",OTHER
0000914475-20-000005,0000914475,NEUROCRINE BIOSCIENCES INC,2020-07-28,2020-07-28T16:10:31-04:00,True,8.01,OTHER
0001193125-20-191864,0000914475,NEUROCRINE BIOSCIENCES INC,2020-07-13,2020-07-13T16:05:56-04:00,True,8.01,REGULATORY
0001159036-25-000049,0001159036,"HALOZYME THERAPEUTICS, INC.",2025-11-07,2025-11-07T08:02:52-05:00,False,"8.01,9.01",OTHER
0001159036-25-000047,0001159036,"HALOZYME THERAPEUTICS, INC.",2025-11-05,2025-11-05T16:59:47-05:00,True,"1.01,2.03,8.01,9.01",OTHER
0001159036-23-000051,0001159036,"HALOZYME THERAPEUTICS, INC.",2023-09-07,2023-09-07T07:14:46-04:00,False,8.01,OTHER
0001159036-23-000017,0001159036,"HALOZYME THERAPEUTICS, INC.",2023-03-13,2023-03-13T08:47:04-04:00,False,8.01,OTHER
0001193125-22-221861,0001159036,"HALOZYME THERAPEUTICS, INC.",2022-08-16,2022-08-16T08:42:32-04:00,False,"8.01,9.01",OTHER
0001193125-22-220557,0001159036,"HALOZYME THERAPEUTICS, INC.",2022-08-15,2022-08-15T07:18:34-04:00,False,"8.01,9.01",OTHER
0001193125-21-055596,0001159036,"HALOZYME THERAPEUTICS, INC.",2021-02-25,2021-02-25T06:06:02-05:00,False,"8.01,9.01",OTHER
0001193125-21-052372,0001159036,"HALOZYME THERAPEUTICS, INC.",2021-02-23,2021-02-23T16:16:29-05:00,True,"8.01,9.01",OTHER
0001193125-19-294791,0001159036,"HALOZYME THERAPEUTICS, INC.",2019-11-18,2019-11-18T17:02:04-05:00,True,"1.01,1.02,2.03,3.02,8.01,9.01",OTHER
0001193125-19-291625,0001159036,"HALOZYME THERAPEUTICS, INC.",2019-11-14,2019-11-14T06:06:11-05:00,False,"8.01,9.01",OTHER
0001193125-19-289955,0001159036,"HALOZYME THERAPEUTICS, INC.",2019-11-12,2019-11-12T16:15:10-05:00,True,"8.01,9.01",OTHER
0001193125-19-171015,0001159036,"HALOZYME THERAPEUTICS, INC.",2019-06-12,2019-06-12T13:40:30-04:00,False,8.01,OTHER
0001193125-25-284609,0000874015,IONIS PHARMACEUTICALS INC,2025-11-17,2025-11-17T16:06:20-05:00,True,"1.01,2.03,3.02,8.01,9.01",OTHER
0001140361-25-041225,0000874015,IONIS PHARMACEUTICALS INC,2025-11-10,2025-11-10T06:04:26-05:00,False,"7.01,8.01,9.01",CLINICAL
0001140361-25-035634,0000874015,IONIS PHARMACEUTICALS INC,2025-09-22,2025-09-22T07:05:51-04:00,False,"7.01,8.01,9.01",CLINICAL
0001140361-25-033541,0000874015,IONIS PHARMACEUTICALS INC,2025-09-02,2025-09-02T07:05:42-04:00,False,"7.01,8.01,9.01",CLINICAL
0001140361-25-032176,0000874015,IONIS PHARMACEUTICALS INC,2025-08-21,2025-08-21T14:01:34-04:00,False,"7.01,8.01,9.01",REGULATORY
0001140361-25-019620,0000874015,IONIS PHARMACEUTICALS INC,2025-05-19,2025-05-19T07:18:21-04:00,False,"8.01,9.01",CLINICAL
0001140361-24-050057,0000874015,IONIS PHARMACEUTICALS INC,2024-12-20,2024-12-20T14:28:21-05:00,False,"8.01,9.01",REGULATORY
0001193125-24-217333,0000874015,IONIS PHARMACEUTICALS INC,2024-09-12,2024-09-11T18:02:54-04:00,True,"8.01,9.01",OTHER
0001193125-24-215939,0000874015,IONIS PHARMACEUTICALS INC,2024-09-09,2024-09-09T16:33:00-04:00,True,8.01,OTHER
0001140361-24-028247,0000874015,IONIS PHARMACEUTICALS INC,2024-05-31,2024-05-31T07:15:31-04:00,False,"8.01,9.01",CLINICAL
0001140361-24-018449,0000874015,IONIS PHARMACEUTICALS INC,2024-04-08,2024-04-08T06:04:00-04:00,False,"8.01,9.01",CLINICAL
0001140361-24-002995,0000874015,IONIS PHARMACEUTICALS INC,2024-01-22,2024-01-22T07:10:32-05:00,False,"8.01,9.01",CLINICAL
0001140361-23-058974,0000874015,IONIS PHARMACEUTICALS INC,2023-12-22,2023-12-21T20:27:19-05:00,True,"8.01,9.01",REGULATORY
0001140361-23-045170,0000874015,IONIS PHARMACEUTICALS INC,2023-09-26,2023-09-26T07:05:21-04:00,False,"8.01,9.01",CLINICAL
0001140361-23-041038,0000874015,IONIS PHARMACEUTICALS INC,2023-08-23,2023-08-23T17:14:52-04:00,True,8.01,OTHER
0001140361-23-040746,0000874015,IONIS PHARMACEUTICALS INC,2023-08-22,2023-08-21T19:05:32-04:00,True,8.01,OTHER
0001140361-23-033840,0000874015,IONIS PHARMACEUTICALS INC,2023-07-10,2023-07-10T07:00:20-04:00,False,"8.01,9.01",CLINICAL
0001193125-23-165273,0000874015,IONIS PHARMACEUTICALS INC,2023-06-12,2023-06-12T16:03:53-04:00,True,"1.01,2.03,3.02,8.01,9.01",OTHER
0001193125-23-161613,0000874015,IONIS PHARMACEUTICALS INC,2023-06-06,2023-06-06T16:12:01-04:00,True,"8.01,9.01",OTHER
0001140361-23-020335,0000874015,IONIS PHARMACEUTICALS INC,2023-04-26,2023-04-25T20:40:57-04:00,True,"8.01,9.01",REGULATORY
0001140361-23-019757,0000874015,IONIS PHARMACEUTICALS INC,2023-04-24,2023-04-24T07:00:28-04:00,False,"8.01,9.01",CLINICAL
0001140361-23-013852,0000874015,IONIS PHARMACEUTICALS INC,2023-03-27,2023-03-27T06:01:29-04:00,False,"8.01,9.01",CLINICAL
0001140361-22-026294,0000874015,IONIS PHARMACEUTICALS INC,2022-07-19,2022-07-19T06:02:08-04:00,False,"8.01,9.01",OTHER
0001140361-22-023541,0000874015,IONIS PHARMACEUTICALS INC,2022-06-21,2022-06-21T06:03:49-04:00,False,"8.01,9.01",CLINICAL
0001140361-21-039298,0000874015,IONIS PHARMACEUTICALS INC,2021-11-24,2021-11-24T09:29:14-05:00,False,"8.01,9.01",CLINICAL
0001140361-21-034722,0000874015,IONIS PHARMACEUTICALS INC,2021-10-18,2021-10-18T14:31:14-04:00,False,"8.01,9.01",CLINICAL
0001193125-21-113586,0000874015,IONIS PHARMACEUTICALS INC,2021-04-13,2021-04-12T21:13:33-04:00,True,"1.01,2.03,3.02,8.01,9.01",OTHER
0001140361-21-009508,0000874015,IONIS PHARMACEUTICALS INC,2021-03-23,2021-03-22T19:40:05-04:00,True,"8.01,9.01",CLINICAL
0001140361-20-027746,0000874015,IONIS PHARMACEUTICALS INC,2020-12-09,2020-12-09T06:13:37-05:00,False,"8.01,9.01",PRESENTATION
0001193125-20-268017,0000874015,IONIS PHARMACEUTICALS INC,2020-10-13,2020-10-13T08:43:31-04:00,False,"2.01,8.01,9.01",OTHER
0001193125-20-235408,0000874015,IONIS PHARMACEUTICALS INC,2020-08-31,2020-08-31T07:05:04-04:00,False,"1.01,8.01,9.01",OTHER
0001658247-25-000008,0001658247,"Crinetics Pharmaceuticals, Inc.",2025-09-26,2025-09-25T17:36:34-04:00,True,"7.01,8.01,9.01",REGULATORY
0000950170-25-090405,0001658247,"Crinetics Pharmaceuticals, Inc.",2025-06-26,2025-06-26T16:16:14-04:00,True,"7.01,8.01,9.01",PRESENTATION
0000950170-25-003801,0001658247,"Crinetics Pharmaceuticals, Inc.",2025-01-10,2025-01-10T07:34:34-05:00,False,"7.01,8.01,9.01",CLINICAL
0000950170-24-134342,0001658247,"Crinetics Pharmaceuticals, Inc.",2024-12-09,2024-12-09T08:07:20-05:00,False,"8.01,9.01",REGULATORY
0001193125-24-235275,0001658247,"Crinetics Pharmaceuticals, Inc.",2024-10-09,2024-10-09T17:13:00-04:00,True,"8.01,9.01",OTHER
0000950170-24-109644,0001658247,"Crinetics Pharmaceuticals, Inc.",2024-09-26,2024-09-26T16:23:06-04:00,True,"8.01,9.01",REGULATORY
0001193125-24-165903,0001658247,"Crinetics Pharmaceuticals, Inc.",2024-06-21,2024-06-21T17:24:56-04:00,True,"8.01,9.01",OTHER
0001193125-24-153075,0001658247,"Crinetics Pharmaceuticals, Inc.",2024-06-03,2024-06-03T16:35:07-04:00,True,"7.01,8.01,9.01",CLINICAL
0001193125-24-070706,0001658247,"Crinetics Pharmaceuticals, Inc.",2024-03-19,2024-03-19T06:31:10-04:00,False,"7.01,8.01,9.01",CLINICAL
0001193125-24-065913,0001658247,"Crinetics Pharmaceuticals, Inc.",2024-03-12,2024-03-12T16:25:02-04:00,True,"7.01,8.01,9.01",CLINICAL
0001193125-24-055935,0001658247,"Crinetics Pharmaceuticals, Inc.",2024-03-01,2024-03-01T16:07:02-05:00,True,"1.01,3.02,8.01,9.01",OTHER
0000950170-23-071084,0001658247,"Crinetics Pharmaceuticals, Inc.",2023-12-18,2023-12-18T16:12:21-05:00,True,"7.01,8.01,9.01",CLINICAL
0001193125-23-234504,0001658247,"Crinetics Pharmaceuticals, Inc.",2023-09-13,2023-09-13T17:23:02-04:00,True,"8.01,9.01",OTHER
0001193125-23-231899,0001658247,"Crinetics Pharmaceuticals, Inc.",2023-09-11,2023-09-11T06:05:58-04:00,False,"7.01,8.01,9.01",CLINICAL
0000950170-23-007454,0001658247,"Crinetics Pharmaceuticals, Inc.",2023-03-13,2023-03-13T08:30:58-04:00,False,8.01,OTHER
0000950170-22-025709,0001658247,"Crinetics Pharmaceuticals, Inc.",2022-11-28,2022-11-28T08:32:49-05:00,False,"8.01,9.01",REGULATORY
0000950170-22-019537,0001658247,"Crinetics Pharmaceuticals, Inc.",2022-10-13,2022-10-13T08:32:01-04:00,False,"8.01,9.01",OTHER
0000950170-22-010602,0001658247,"Crinetics Pharmaceuticals, Inc.",2022-05-25,2022-05-25T07:02:50-04:00,False,"7.01,8.01,9.01",PRESENTATION
0001193125-22-104334,0001658247,"Crinetics Pharmaceuticals, Inc.",2022-04-13,2022-04-13T16:26:35-04:00,True,"8.01,9.01",OTHER
0000950170-22-004123,0001658247,"Crinetics Pharmaceuticals, Inc.",2022-03-18,2022-03-17T18:22:20-04:00,True,8.01,OTHER
0001564590-22-001071,0001658247,"Crinetics Pharmaceuticals, Inc.",2022-01-12,2022-01-12T07:35:16-05:00,False,8.01,PRESENTATION
0001564590-21-055080,0001658247,"Crinetics Pharmaceuticals, Inc.",2021-11-08,2021-11-08T08:53:24-05:00,False,8.01,CLINICAL
0001193125-21-304041,0001658247,"Crinetics Pharmaceuticals, Inc.",2021-10-21,2021-10-21T16:24:05-04:00,True,"8.01,9.01",OTHER
0001564590-21-051031,0001658247,"Crinetics Pharmaceuticals, Inc.",2021-10-18,2021-10-18T16:08:26-04:00,True,8.01,OTHER
0001564590-21-048956,0001658247,"Crinetics Pharmaceuticals, Inc.",2021-09-27,2021-09-27T07:54:38-04:00,False,8.01,OTHER
0001564590-21-048031,0001658247,"Crinetics Pharmaceuticals, Inc.",2021-09-15,2021-09-15T16:05:54-04:00,True,"7.01,8.01,9.01",CLINICAL
0001564590-21-043067,0001658247,"Crinetics Pharmaceuticals, Inc.",2021-08-10,2021-08-10T16:05:52-04:00,True,"2.02,7.01,8.01,9.01",CLINICAL
0001564590-21-034687,0001658247,"Crinetics Pharmaceuticals, Inc.",2021-06-28,2021-06-28T07:30:29-04:00,False,8.01,OTHER
0001193125-21-110225,0001658247,"Crinetics Pharmaceuticals, Inc.",2021-04-08,2021-04-08T16:09:56-04:00,True,"8.01,9.01",OTHER
0001564590-21-004179,0001658247,"Crinetics Pharmaceuticals, Inc.",2021-02-04,2021-02-04T07:00:23-05:00,False,8.01,CLINICAL
0001564590-21-003931,0001658247,"Crinetics Pharmaceuticals, Inc.",2021-02-03,2021-02-03T07:00:22-05:00,False,8.01,CLINICAL
0001564590-21-000325,0001658247,"Crinetics Pharmaceuticals, Inc.",2021-01-06,2021-01-06T07:00:28-05:00,False,8.01,PRESENTATION
0001564590-20-047499,0001658247,"Crinetics Pharmaceuticals, Inc.",2020-10-26,2020-10-26T06:55:33-04:00,False,"7.01,8.01,9.01",CLINICAL
0001564590-20-044046,0001658247,"Crinetics Pharmaceuticals, Inc.",2020-09-21,2020-09-21T07:30:13-04:00,False,8.01,REGULATORY
0001193125-20-108092,0001658247,"Crinetics Pharmaceuticals, Inc.",2020-04-15,2020-04-15T16:06:13-04:00,True,"8.01,9.01",OTHER
0001193125-20-099551,0001658247,"Crinetics Pharmaceuticals, Inc.",2020-04-06,2020-04-06T16:35:59-04:00,True,"7.01,8.01,9.01",CLINICAL
0001193125-25-331244,0001326110,"ImmunityBio, Inc.",2025-12-29,2025-12-23T19:25:40-05:00,True,"1.01,8.01,9.01",OTHER
0001326110-25-000143,0001326110,"ImmunityBio, Inc.",2025-12-12,2025-12-12T07:01:54-05:00,False,"8.01,9.01",REGULATORY
0001193125-25-177024,0001326110,"ImmunityBio, Inc.",2025-08-08,2025-08-08T16:30:53-04:00,True,"8.01,9.01",OTHER
0001193125-25-164789,0001326110,"ImmunityBio, Inc.",2025-07-25,2025-07-25T06:23:30-04:00,False,"1.01,2.02,7.01,8.01,9.01",OTHER
0001193125-25-112057,0001326110,"ImmunityBio, Inc.",2025-05-05,2025-05-05T07:15:22-04:00,False,"8.01,9.01",REGULATORY
0001193125-24-274871,0001326110,"ImmunityBio, Inc.",2024-12-11,2024-12-11T07:46:30-05:00,False,"1.01,8.01,9.01",OTHER
0001193125-24-274438,0001326110,"ImmunityBio, Inc.",2024-12-10,2024-12-10T17:28:29-05:00,True,"8.01,9.01",OTHER
0001326110-24-000115,0001326110,"ImmunityBio, Inc.",2024-11-19,2024-11-19T08:01:45-05:00,False,"8.01,9.01",CLINICAL
0001326110-24-000040,0001326110,"ImmunityBio, Inc.",2024-04-23,2024-04-23T06:17:01-04:00,False,"7.01,8.01,9.01",REGULATORY
0001326110-24-000003,0001326110,"ImmunityBio, Inc.",2024-01-02,2024-01-02T06:08:31-05:00,False,"1.01,2.03,3.02,8.01,9.01",OTHER
0001326110-23-000121,0001326110,"ImmunityBio, Inc.",2023-09-11,2023-09-11T06:25:05-04:00,False,"1.01,2.03,3.02,8.01,9.01",OTHER
0001326110-23-000112,0001326110,"ImmunityBio, Inc.",2023-09-01,2023-09-01T08:30:58-04:00,False,"8.01,9.01",OTHER
0001326110-23-000102,0001326110,"ImmunityBio, Inc.",2023-08-15,2023-08-15T16:15:56-04:00,True,"8.01,9.01",OTHER
0001193125-23-190491,0001326110,"ImmunityBio, Inc.",2023-07-20,2023-07-20T16:07:29-04:00,True,"8.01,9.01",OTHER
0001326110-23-000063,0001326110,"ImmunityBio, Inc.",2023-05-11,2023-05-11T06:45:11-04:00,False,"8.01,9.01",REGULATORY
0001326110-23-000023,0001326110,"ImmunityBio, Inc.",2023-03-20,2023-03-20T08:31:31-04:00,False,"8.01,9.01",REGULATORY
0001326110-23-000014,0001326110,"ImmunityBio, Inc.",2023-02-13,2023-02-13T08:02:31-05:00,False,"8.01,9.01",OTHER
0001193125-22-302356,0001326110,"ImmunityBio, Inc.",2022-12-12,2022-12-12T09:07:06-05:00,False,"1.01,2.02,2.03,7.01,8.01,9.01",OTHER
0001326110-22-000076,0001326110,"ImmunityBio, Inc.",2022-12-05,2022-12-05T10:51:43-05:00,False,"8.01,9.01",OTHER
0001193125-22-285314,0001326110,"ImmunityBio, Inc.",2022-11-15,2022-11-15T08:42:15-05:00,False,"7.01,8.01,9.01",PRESENTATION
0001193125-21-270970,0001326110,"ImmunityBio, Inc.",2021-09-13,2021-09-13T08:37:32-04:00,False,"2.02,8.01,9.01",CLINICAL
0001193125-21-190551,0001326110,"ImmunityBio, Inc.",2021-06-15,2021-06-15T07:11:00-04:00,False,"5.07,8.01,9.01",REGULATORY
0001193125-21-075243,0001326110,"ImmunityBio, Inc.",2021-03-10,2021-03-09T21:58:48-05:00,True,"2.01,2.03,5.02,5.03,5.07,7.01,8.01,9.01",OTHER
0001193125-21-057184,0001326110,"ImmunityBio, Inc.",2021-02-25,2021-02-25T17:15:13-05:00,True,8.01,OTHER
0001193125-21-054808,0001326110,"ImmunityBio, Inc.",2021-02-24,2021-02-24T16:59:07-05:00,True,"8.01,9.01",OTHER
0001193125-20-322298,0001326110,"ImmunityBio, Inc.",2020-12-21,2020-12-21T07:23:00-05:00,False,"8.01,9.01",CLINICAL
0001193125-20-179095,0001326110,"ImmunityBio, Inc.",2020-06-25,2020-06-25T16:28:03-04:00,True,"8.01,9.01",OTHER
0001193125-20-177788,0001326110,"ImmunityBio, Inc.",2020-06-24,2020-06-24T17:26:38-04:00,True,"8.01,9.01",OTHER
0001193125-19-169172,0001326110,"ImmunityBio, Inc.",2019-06-10,2019-06-10T16:04:01-04:00,True,"8.01,9.01",OTHER
0001438533-25-000049,0001438533,"Travere Therapeutics, Inc.",2025-09-10,2025-09-10T07:05:26-04:00,False,8.01,REGULATORY
0001438533-25-000032,0001438533,"Travere Therapeutics, Inc.",2025-05-15,2025-05-15T16:29:26-04:00,True,8.01,REGULATORY
0001438533-25-000020,0001438533,"Travere Therapeutics, Inc.",2025-04-30,2025-04-29T17:54:56-04:00,True,8.01,REGULATORY
0001438533-25-000012,0001438533,"Travere Therapeutics, Inc.",2025-03-17,2025-03-17T16:57:21-04:00,True,8.01,REGULATORY
0001438533-25-000004,0001438533,"Travere Therapeutics, Inc.",2025-02-11,2025-02-11T07:05:09-05:00,False,8.01,REGULATORY
0001193125-24-254153,0001438533,"Travere Therapeutics, Inc.",2024-11-08,2024-11-08T16:13:55-05:00,True,"8.01,9.01",OTHER
0001438533-24-000038,0001438533,"Travere Therapeutics, Inc.",2024-09-26,2024-09-26T16:02:49-04:00,True,8.01,OTHER
0001438533-24-000035,0001438533,"Travere Therapeutics, Inc.",2024-09-06,2024-09-05T17:47:22-04:00,True,"8.01,9.01",REGULATORY
0001438533-24-000016,0001438533,"Travere Therapeutics, Inc.",2024-04-24,2024-04-24T16:05:22-04:00,True,"8.01,9.01",REGULATORY
0001438533-24-000007,0001438533,"Travere Therapeutics, Inc.",2024-02-23,2024-02-23T16:05:34-05:00,True,"8.01,9.01",REGULATORY
0001438533-23-000050,0001438533,"Travere Therapeutics, Inc.",2023-12-04,2023-12-04T16:10:22-05:00,True,"2.05,8.01,9.01",OTHER
0001193125-23-239098,0001438533,"Travere Therapeutics, Inc.",2023-09-21,2023-09-21T07:35:54-04:00,False,8.01,CLINICAL
0001438533-23-000030,0001438533,"Travere Therapeutics, Inc.",2023-05-31,2023-05-31T16:57:16-04:00,True,"8.01,9.01",CLINICAL
0001438533-23-000018,0001438533,"Travere Therapeutics, Inc.",2023-05-01,2023-05-01T16:07:06-04:00,True,"8.01,9.01",CLINICAL
0001193125-23-056553,0001438533,"Travere Therapeutics, Inc.",2023-03-01,2023-03-01T17:17:40-05:00,True,"8.01,9.01",OTHER
0001438533-23-000002,0001438533,"Travere Therapeutics, Inc.",2023-02-17,2023-02-17T16:06:10-05:00,True,"8.01,9.01",REGULATORY
0001438533-22-000044,0001438533,"Travere Therapeutics, Inc.",2022-10-13,2022-10-13T17:05:25-04:00,True,8.01,REGULATORY
0001438533-22-000042,0001438533,"Travere Therapeutics, Inc.",2022-08-22,2022-08-22T16:43:36-04:00,True,"8.01,9.01",REGULATORY
0001438533-22-000029,0001438533,"Travere Therapeutics, Inc.",2022-05-16,2022-05-16T16:47:54-04:00,True,"8.01,9.01",REGULATORY
0001438533-22-000010,0001438533,"Travere Therapeutics, Inc.",2022-03-21,2022-03-21T16:09:47-04:00,True,"8.01,9.01",REGULATORY
0001193125-22-073387,0001438533,"Travere Therapeutics, Inc.",2022-03-11,2022-03-11T16:06:43-05:00,True,"1.01,2.03,8.01,9.01",OTHER
0001438533-21-000056,0001438533,"Travere Therapeutics, Inc.",2021-12-15,2021-12-15T17:27:25-05:00,True,"8.01,9.01",CLINICAL
0001438533-21-000039,0001438533,"Travere Therapeutics, Inc.",2021-09-07,2021-09-07T17:28:53-04:00,True,"8.01,9.01",REGULATORY
0001438533-21-000036,0001438533,"Travere Therapeutics, Inc.",2021-08-16,2021-08-16T16:18:21-04:00,True,"8.01,9.01",CLINICAL
0001438533-21-000021,0001438533,"Travere Therapeutics, Inc.",2021-05-25,2021-05-25T16:44:35-04:00,True,"8.01,9.01",REGULATORY
0001193125-21-041753,0001438533,"Travere Therapeutics, Inc.",2021-02-12,2021-02-12T16:46:59-05:00,True,"8.01,9.01",OTHER
0001193125-21-036508,0001438533,"Travere Therapeutics, Inc.",2021-02-10,2021-02-10T17:29:07-05:00,True,"2.02,8.01,9.01",OTHER
0001438533-21-000002,0001438533,"Travere Therapeutics, Inc.",2021-02-02,2021-02-02T16:10:20-05:00,True,"8.01,9.01",CLINICAL
0001438533-20-000033,0001438533,"Travere Therapeutics, Inc.",2020-11-12,2020-11-12T16:08:10-05:00,True,"8.01,9.01",OTHER
0001438533-20-000026,0001438533,"Travere Therapeutics, Inc.",2020-10-22,2020-10-22T16:05:20-04:00,True,"1.01,8.01,9.01",OTHER
0001193125-20-164649,0001438533,"Travere Therapeutics, Inc.",2020-06-09,2020-06-09T16:08:04-04:00,True,"8.01,9.01",OTHER
0001438533-20-000015,0001438533,"Travere Therapeutics, Inc.",2020-06-08,2020-06-08T16:00:38-04:00,True,"8.01,9.01",OTHER
0001193125-19-226355,0001438533,"Travere Therapeutics, Inc.",2019-08-22,2019-08-22T06:30:11-04:00,False,8.01,CLINICAL
0000950170-24-116856,0001761918,"Erasca, Inc.",2024-10-24,2024-10-24T08:10:07-04:00,False,8.01,CLINICAL
0000950170-24-076474,0001761918,"Erasca, Inc.",2024-06-24,2024-06-24T09:15:10-04:00,False,8.01,OTHER
0001193125-24-141066,0001761918,"Erasca, Inc.",2024-05-17,2024-05-17T06:05:03-04:00,False,"8.01,9.01",OTHER
0001193125-24-140591,0001761918,"Erasca, Inc.",2024-05-16,2024-05-16T16:21:14-04:00,True,"1.01,2.05,8.01,9.01",PRESENTATION
0000950170-23-069212,0001761918,"Erasca, Inc.",2023-12-11,2023-12-11T09:19:11-05:00,False,8.01,REGULATORY
0000950170-23-066250,0001761918,"Erasca, Inc.",2023-11-28,2023-11-28T09:21:52-05:00,False,"8.01,9.01",INVALID:I cannot provide a classification withou
0000950170-23-045056,0001761918,"Erasca, Inc.",2023-08-29,2023-08-29T16:05:27-04:00,True,8.01,OTHER
0000950170-23-026427,0001761918,"Erasca, Inc.",2023-06-05,2023-06-05T17:06:08-04:00,True,"8.01,9.01",PRESENTATION
0000950170-23-024292,0001761918,"Erasca, Inc.",2023-05-25,2023-05-25T17:10:38-04:00,True,8.01,CLINICAL
0000950170-23-013370,0001761918,"Erasca, Inc.",2023-04-19,2023-04-19T09:01:19-04:00,False,8.01,CLINICAL
0001193125-23-028869,0001761918,"Erasca, Inc.",2023-02-09,2023-02-08T21:39:37-05:00,True,"8.01,9.01",PRESENTATION
0001193125-22-301902,0001761918,"Erasca, Inc.",2022-12-09,2022-12-09T17:27:05-05:00,True,"3.02,8.01,9.01",OTHER
0001193125-22-301402,0001761918,"Erasca, Inc.",2022-12-09,2022-12-09T07:19:00-05:00,False,"1.01,3.02,8.01,9.01",PRESENTATION
0001193125-22-240127,0001761918,"Erasca, Inc.",2022-09-07,2022-09-07T17:16:41-04:00,True,"8.01,9.01",PRESENTATION
0001193125-21-219642,0001761918,"Erasca, Inc.",2021-07-20,2021-07-20T16:11:31-04:00,True,"5.03,8.01,9.01",OTHER
0001193125-25-180841,0000886163,LIGAND PHARMACEUTICALS INC,2025-08-14,2025-08-14T16:41:13-04:00,True,"1.01,2.03,3.02,8.01,9.01",OTHER
0001193125-25-177452,0000886163,LIGAND PHARMACEUTICALS INC,2025-08-11,2025-08-11T07:25:43-04:00,False,"1.01,8.01,9.01",OTHER
0000886163-24-000051,0000886163,LIGAND PHARMACEUTICALS INC,2024-06-27,2024-06-27T09:10:50-04:00,False,8.01,OTHER
0000886163-24-000047,0000886163,LIGAND PHARMACEUTICALS INC,2024-06-18,2024-06-18T17:14:37-04:00,True,8.01,REGULATORY
0000886163-24-000039,0000886163,LIGAND PHARMACEUTICALS INC,2024-05-30,2024-05-30T16:03:43-04:00,True,8.01,OTHER
0000886163-24-000002,0000886163,LIGAND PHARMACEUTICALS INC,2024-01-08,2024-01-05T17:50:28-05:00,True,8.01,REGULATORY
0000886163-23-000078,0000886163,LIGAND PHARMACEUTICALS INC,2023-10-18,2023-10-18T09:03:16-04:00,False,8.01,OTHER
0000886163-23-000053,0000886163,LIGAND PHARMACEUTICALS INC,2023-09-18,2023-09-18T17:26:00-04:00,True,8.01,OTHER
0000886163-23-000009,0000886163,LIGAND PHARMACEUTICALS INC,2023-03-13,2023-03-13T08:02:20-04:00,False,8.01,OTHER
0001193125-22-256260,0000886163,LIGAND PHARMACEUTICALS INC,2022-10-03,2022-10-03T09:18:01-04:00,False,"8.01,9.01",OTHER
0001193125-22-082890,0000886163,LIGAND PHARMACEUTICALS INC,2022-03-23,2022-03-23T17:25:21-04:00,True,"8.01,9.01",OTHER
0000886163-21-000123,0000886163,LIGAND PHARMACEUTICALS INC,2021-08-16,2021-08-16T16:15:57-04:00,True,8.01,CLINICAL
0000886163-21-000112,0000886163,LIGAND PHARMACEUTICALS INC,2021-07-21,2021-07-21T09:05:26-04:00,False,8.01,OTHER
0000886163-21-000102,0000886163,LIGAND PHARMACEUTICALS INC,2021-07-14,2021-07-14T16:08:33-04:00,True,"5.02,7.01,8.01,9.01",OTHER
0000886163-20-000141,0000886163,LIGAND PHARMACEUTICALS INC,2020-12-21,2020-12-21T08:39:58-05:00,False,"8.01,9.01",OTHER
0000886163-20-000129,0000886163,LIGAND PHARMACEUTICALS INC,2020-12-03,2020-12-02T20:05:47-05:00,True,8.01,OTHER
0000886163-20-000126,0000886163,LIGAND PHARMACEUTICALS INC,2020-11-23,2020-11-23T08:32:56-05:00,False,8.01,OTHER
0000886163-20-000037,0000886163,LIGAND PHARMACEUTICALS INC,2020-04-06,2020-04-06T17:15:03-04:00,True,"2.02,8.01",OTHER
0000886163-20-000034,0000886163,LIGAND PHARMACEUTICALS INC,2020-04-02,2020-04-02T16:18:25-04:00,True,"8.01,9.01",OTHER
0000886163-20-000009,0000886163,LIGAND PHARMACEUTICALS INC,2020-02-11,2020-02-11T16:28:06-05:00,True,"1.01,8.01,9.01",OTHER
0000886163-20-000002,0000886163,LIGAND PHARMACEUTICALS INC,2020-01-10,2020-01-10T13:55:00-05:00,False,8.01,OTHER
0000886163-19-000169,0000886163,LIGAND PHARMACEUTICALS INC,2019-09-12,2019-09-11T20:08:45-04:00,True,8.01,OTHER
0000886163-19-000167,0000886163,LIGAND PHARMACEUTICALS INC,2019-09-12,2019-09-11T17:49:22-04:00,True,8.01,OTHER
0000886163-19-000126,0000886163,LIGAND PHARMACEUTICALS INC,2019-07-24,2019-07-23T18:25:04-04:00,True,8.01,OTHER
0000886163-19-000117,0000886163,LIGAND PHARMACEUTICALS INC,2019-07-03,2019-07-02T19:14:25-04:00,True,8.01,OTHER
0001193125-19-170732,0000886163,LIGAND PHARMACEUTICALS INC,2019-06-12,2019-06-12T07:16:53-04:00,False,8.01,OTHER
0000886163-19-000095,0000886163,LIGAND PHARMACEUTICALS INC,2019-06-03,2019-06-03T16:13:59-04:00,True,8.01,OTHER
0000886163-19-000088,0000886163,LIGAND PHARMACEUTICALS INC,2019-05-24,2019-05-24T16:28:06-04:00,True,"1.01,8.01",OTHER
0000886163-19-000059,0000886163,LIGAND PHARMACEUTICALS INC,2019-04-22,2019-04-22T07:55:27-04:00,False,8.01,OTHER
0000886163-19-000024,0000886163,LIGAND PHARMACEUTICALS INC,2019-02-07,2019-02-06T20:19:11-05:00,True,8.01,OTHER
0000886163-19-000022,0000886163,LIGAND PHARMACEUTICALS INC,2019-01-28,2019-01-28T09:00:55-05:00,False,8.01,OTHER
0001193125-25-138452,0001070494,ACADIA PHARMACEUTICALS INC,2025-06-10,2025-06-10T16:06:24-04:00,True,8.01,OTHER
0001193125-25-123175,0001070494,ACADIA PHARMACEUTICALS INC,2025-05-20,2025-05-20T16:31:51-04:00,True,"1.01,8.01",OTHER
0001193125-24-064791,0001070494,ACADIA PHARMACEUTICALS INC,2024-03-11,2024-03-11T16:05:55-04:00,True,8.01,CLINICAL
0001193125-23-281574,0001070494,ACADIA PHARMACEUTICALS INC,2023-11-21,2023-11-21T17:11:54-05:00,True,8.01,OTHER
0001193125-23-068406,0001070494,ACADIA PHARMACEUTICALS INC,2023-03-13,2023-03-13T06:11:04-04:00,False,8.01,OTHER
0001193125-21-362806,0001070494,ACADIA PHARMACEUTICALS INC,2021-12-21,2021-12-20T21:26:04-05:00,True,"8.01,9.01",REGULATORY
0001193125-21-349137,0001070494,ACADIA PHARMACEUTICALS INC,2021-12-06,2021-12-06T17:16:05-05:00,True,"8.01,9.01",CLINICAL
0001193125-21-105632,0001070494,ACADIA PHARMACEUTICALS INC,2021-04-05,2021-04-05T08:08:55-04:00,False,"7.01,8.01,9.01",REGULATORY
0001193125-21-073270,0001070494,ACADIA PHARMACEUTICALS INC,2021-03-08,2021-03-08T16:30:04-05:00,True,"8.01,9.01",REGULATORY
0001193125-20-229278,0001070494,ACADIA PHARMACEUTICALS INC,2020-08-25,2020-08-25T09:02:02-04:00,False,"3.02,8.01,9.01",OTHER
0001193125-20-195481,0001070494,ACADIA PHARMACEUTICALS INC,2020-07-20,2020-07-20T16:15:35-04:00,True,"8.01,9.01",REGULATORY
0001193125-19-248388,0001070494,ACADIA PHARMACEUTICALS INC,2019-09-18,2019-09-18T17:07:10-04:00,True,"8.01,9.01",OTHER
0001193125-19-240440,0001070494,ACADIA PHARMACEUTICALS INC,2019-09-09,2019-09-09T06:46:10-04:00,False,"8.01,9.01",CLINICAL
0001193125-19-064601,0001070494,ACADIA PHARMACEUTICALS INC,2019-03-06,2019-03-06T06:06:03-05:00,False,8.01,OTHER
0000950170-25-057323,0001607678,"Viking Therapeutics, Inc.",2025-04-23,2025-04-23T16:01:15-04:00,True,"4.01,8.01,9.01",OTHER
0000950170-25-036820,0001607678,"Viking Therapeutics, Inc.",2025-03-11,2025-03-11T07:05:08-04:00,False,"1.01,2.03,8.01,9.01",OTHER
0000950170-24-024878,0001607678,"Viking Therapeutics, Inc.",2024-03-04,2024-03-04T16:52:52-05:00,True,"8.01,9.01",OTHER
0000950170-24-023838,0001607678,"Viking Therapeutics, Inc.",2024-03-01,2024-03-01T16:05:20-05:00,True,"1.01,8.01,9.01",OTHER
0000950170-23-011636,0001607678,"Viking Therapeutics, Inc.",2023-04-03,2023-04-03T17:17:25-04:00,True,"8.01,9.01",OTHER
0000950170-23-011443,0001607678,"Viking Therapeutics, Inc.",2023-03-31,2023-03-31T17:27:06-04:00,True,"1.01,8.01,9.01",OTHER
0001823239-24-000133,0001823239,"MARAVAI LIFESCIENCES HOLDINGS, INC.",2024-12-18,2024-12-18T16:35:18-05:00,True,8.01,OTHER
0001823239-22-000002,0001823239,"MARAVAI LIFESCIENCES HOLDINGS, INC.",2022-01-03,2022-01-03T16:08:47-05:00,True,"8.01,9.01",OTHER
0001823239-21-000009,0001823239,"MARAVAI LIFESCIENCES HOLDINGS, INC.",2021-04-05,2021-04-05T17:15:50-04:00,True,"2.02,8.01,9.01",OTHER
0001193125-20-303088,0001823239,"MARAVAI LIFESCIENCES HOLDINGS, INC.",2020-11-25,2020-11-25T08:03:31-05:00,False,"1.01,3.02,3.03,5.02,5.03,8.01,9.01",OTHER
0001370053-25-000097,0001370053,"ANAPTYSBIO, INC",2025-11-21,2025-11-21T09:01:46-05:00,False,"8.01,9.01",OTHER
0001370053-25-000096,0001370053,"ANAPTYSBIO, INC",2025-11-21,2025-11-21T09:00:49-05:00,False,8.01,OTHER
0001370053-25-000091,0001370053,"ANAPTYSBIO, INC",2025-11-10,2025-11-10T09:10:20-05:00,False,"7.01,8.01,9.01",CLINICAL
0001370053-25-000081,0001370053,"ANAPTYSBIO, INC",2025-09-29,2025-09-29T16:29:55-04:00,True,"7.01,8.01,9.01",OTHER
0001370053-25-000052,0001370053,"ANAPTYSBIO, INC",2025-06-03,2025-06-03T17:20:42-04:00,True,"7.01,8.01",CLINICAL
0001370053-25-000028,0001370053,"ANAPTYSBIO, INC",2025-03-24,2025-03-24T09:20:02-04:00,False,"8.01,9.01",OTHER
0001370053-25-000010,0001370053,"ANAPTYSBIO, INC",2025-02-12,2025-02-12T08:30:37-05:00,False,"7.01,8.01",CLINICAL
0001370053-24-000067,0001370053,"ANAPTYSBIO, INC",2024-12-11,2024-12-11T16:06:02-05:00,True,8.01,CLINICAL
0001370053-23-000010,0001370053,"ANAPTYSBIO, INC",2023-01-13,2023-01-13T09:03:19-05:00,False,"8.01,9.01",OTHER
0001438133-25-000160,0001438133,TANDEM DIABETES CARE INC,2025-08-07,2025-08-07T16:09:32-04:00,True,8.01,REGULATORY
0001438133-25-000091,0001438133,TANDEM DIABETES CARE INC,2025-05-20,2025-05-19T18:28:17-04:00,True,8.01,REGULATORY
0001438133-25-000072,0001438133,TANDEM DIABETES CARE INC,2025-05-12,2025-05-12T17:16:49-04:00,True,8.01,REGULATORY
0001438133-24-000088,0001438133,TANDEM DIABETES CARE INC,2024-05-16,2024-05-16T16:35:54-04:00,True,"1.01,8.01,9.01",OTHER
0001438133-24-000047,0001438133,TANDEM DIABETES CARE INC,2024-04-01,2024-04-01T16:33:36-04:00,True,"8.01,9.01",REGULATORY
0001438133-24-000042,0001438133,TANDEM DIABETES CARE INC,2024-03-11,2024-03-08T18:19:50-05:00,True,"1.01,2.03,3.02,8.01,9.01",OTHER
0001628280-23-036843,0001438133,TANDEM DIABETES CARE INC,2023-11-06,2023-11-03T19:42:28-04:00,True,8.01,REGULATORY
0001438133-22-000014,0001438133,TANDEM DIABETES CARE INC,2022-02-16,2022-02-16T08:33:44-05:00,False,8.01,REGULATORY
0001438133-20-000101,0001438133,TANDEM DIABETES CARE INC,2020-07-01,2020-07-01T09:04:25-04:00,False,8.01,OTHER
0001438133-20-000095,0001438133,TANDEM DIABETES CARE INC,2020-06-18,2020-06-17T19:26:12-04:00,True,8.01,REGULATORY
0001438133-20-000069,0001438133,TANDEM DIABETES CARE INC,2020-05-28,2020-05-28T17:04:57-04:00,True,8.01,OTHER
0001438133-19-000030,0001438133,TANDEM DIABETES CARE INC,2019-12-13,2019-12-13T17:13:07-05:00,True,8.01,REGULATORY
0000950123-19-005922,0001438133,TANDEM DIABETES CARE INC,2019-06-10,2019-06-10T09:00:05-04:00,False,"8.01,9.01",CLINICAL
0001193125-25-185553,0001863127,"Tyra Biosciences, Inc.",2025-08-22,2025-08-21T21:43:39-04:00,True,8.01,CLINICAL
0001193125-25-152016,0001863127,"Tyra Biosciences, Inc.",2025-06-30,2025-06-30T08:07:00-04:00,False,8.01,CLINICAL
0001193125-24-244590,0001863127,"Tyra Biosciences, Inc.",2024-10-28,2024-10-28T07:00:28-04:00,False,8.01,REGULATORY
0001193125-24-243475,0001863127,"Tyra Biosciences, Inc.",2024-10-25,2024-10-25T08:01:32-04:00,False,"5.02,7.01,8.01,9.01",CLINICAL
0001193125-24-021953,0001863127,"Tyra Biosciences, Inc.",2024-02-01,2024-02-01T17:24:53-05:00,True,8.01,REGULATORY
0001193125-23-301829,0001863127,"Tyra Biosciences, Inc.",2023-12-22,2023-12-22T09:00:28-05:00,False,8.01,CLINICAL
0001193125-23-055156,0001863127,"Tyra Biosciences, Inc.",2023-03-01,2023-03-01T07:30:58-05:00,False,"5.02,8.01",OTHER
0001193125-22-293899,0001863127,"Tyra Biosciences, Inc.",2022-11-29,2022-11-29T08:06:02-05:00,False,8.01,OTHER
0001193125-21-276124,0001863127,"Tyra Biosciences, Inc.",2021-09-17,2021-09-17T16:01:59-04:00,True,"5.03,8.01,9.01",OTHER
0002007919-25-000097,0002007919,"Inhibrx Biosciences, Inc.",2025-12-16,2025-12-16T17:00:04-05:00,True,"7.01,8.01,9.01",CLINICAL
0002007919-25-000089,0002007919,"Inhibrx Biosciences, Inc.",2025-10-23,2025-10-23T16:05:56-04:00,True,"7.01,8.01,9.01",CLINICAL
0002007919-25-000007,0002007919,"Inhibrx Biosciences, Inc.",2025-01-21,2025-01-21T17:03:34-05:00,True,"7.01,8.01,9.01",CLINICAL
0002007919-24-000054,0002007919,"Inhibrx Biosciences, Inc.",2024-11-04,2024-11-04T16:36:08-05:00,True,8.01,OTHER
0001104659-24-066645,0002007919,"Inhibrx Biosciences, Inc.",2024-05-30,2024-05-30T16:11:21-04:00,True,"1.01,3.02,3.03,5.01,5.02,5.03,8.01,9.01",OTHER
0001193125-25-271197,0001350653,"Alphatec Holdings, Inc.",2025-11-07,2025-11-07T09:10:27-05:00,False,"8.01,9.01",OTHER
0001193125-25-054786,0001350653,"Alphatec Holdings, Inc.",2025-03-14,2025-03-14T16:03:09-04:00,True,8.01,OTHER
0001193125-25-047166,0001350653,"Alphatec Holdings, Inc.",2025-03-05,2025-03-05T16:05:17-05:00,True,"8.01,9.01",OTHER
0001193125-25-044094,0001350653,"Alphatec Holdings, Inc.",2025-03-03,2025-03-03T16:02:59-05:00,True,"1.01,8.01,9.01",OTHER
0001193125-23-108488,0001350653,"Alphatec Holdings, Inc.",2023-04-20,2023-04-20T17:21:55-04:00,True,"1.01,8.01,9.01",OTHER
0001193125-23-106427,0001350653,"Alphatec Holdings, Inc.",2023-04-19,2023-04-19T16:01:54-04:00,True,"1.01,2.01,2.02,8.01,9.01",OTHER
0001564590-21-049126,0001350653,"Alphatec Holdings, Inc.",2021-09-28,2021-09-28T09:17:18-04:00,False,"8.01,9.01",OTHER
0001564590-21-041862,0001350653,"Alphatec Holdings, Inc.",2021-08-06,2021-08-05T21:11:06-04:00,True,"8.01,9.01",OTHER
0001564590-21-040813,0001350653,"Alphatec Holdings, Inc.",2021-08-04,2021-08-04T16:10:45-04:00,True,"8.01,9.01",OTHER
0001193125-20-271231,0001350653,"Alphatec Holdings, Inc.",2020-10-16,2020-10-16T17:19:31-04:00,True,"1.01,8.01,9.01",OTHER
0001193125-20-268645,0001350653,"Alphatec Holdings, Inc.",2020-10-13,2020-10-13T17:29:55-04:00,True,"2.02,8.01,9.01",OTHER
0001193125-19-212044,0001350653,"Alphatec Holdings, Inc.",2019-08-02,2019-08-02T16:17:03-04:00,True,"8.01,9.01",OTHER
0001193125-19-207213,0001350653,"Alphatec Holdings, Inc.",2019-07-30,2019-07-30T17:24:32-04:00,True,"8.01,9.01",OTHER
0001193125-24-271578,0001817713,"Janux Therapeutics, Inc.",2024-12-05,2024-12-05T16:32:31-05:00,True,"8.01,9.01",OTHER
0000950170-24-132302,0001817713,"Janux Therapeutics, Inc.",2024-12-02,2024-12-02T17:10:46-05:00,True,"7.01,8.01,9.01",CLINICAL
0000950170-24-023257,0001817713,"Janux Therapeutics, Inc.",2024-02-29,2024-02-29T17:11:11-05:00,True,"8.01,9.01",OTHER
0000950170-24-022266,0001817713,"Janux Therapeutics, Inc.",2024-02-28,2024-02-28T17:15:06-05:00,True,8.01,OTHER
0000950170-24-021425,0001817713,"Janux Therapeutics, Inc.",2024-02-27,2024-02-27T17:23:20-05:00,True,8.01,CLINICAL
0000950170-23-039843,0001817713,"Janux Therapeutics, Inc.",2023-08-08,2023-08-08T16:17:10-04:00,True,"2.02,8.01,9.01",CLINICAL
0001193125-23-188867,0001817713,"Janux Therapeutics, Inc.",2023-07-18,2023-07-18T16:16:53-04:00,True,"1.01,8.01,9.01",OTHER
0001193125-23-187702,0001817713,"Janux Therapeutics, Inc.",2023-07-17,2023-07-17T08:06:01-04:00,False,"2.02,7.01,8.01,9.01",CLINICAL
0000950170-22-006779,0001817713,"Janux Therapeutics, Inc.",2022-05-02,2022-05-02T08:02:29-04:00,False,"8.01,9.01",PRESENTATION
0001193125-21-191155,0001817713,"Janux Therapeutics, Inc.",2021-06-15,2021-06-15T16:10:58-04:00,True,"5.03,8.01,9.01",OTHER
0001193125-25-304559,0001422143,"Kura Oncology, Inc.",2025-12-02,2025-12-02T08:10:16-05:00,False,8.01,OTHER
0001193125-25-280255,0001422143,"Kura Oncology, Inc.",2025-11-13,2025-11-13T16:27:09-05:00,True,8.01,REGULATORY
0001193125-25-249348,0001422143,"Kura Oncology, Inc.",2025-10-24,2025-10-24T07:24:52-04:00,False,8.01,OTHER
0001193125-25-241416,0001422143,"Kura Oncology, Inc.",2025-10-16,2025-10-16T16:11:18-04:00,True,"8.01,9.01",OTHER
0001193125-25-142816,0001422143,"Kura Oncology, Inc.",2025-06-18,2025-06-18T17:20:51-04:00,True,"8.01,9.01",PRESENTATION
0001193125-25-133717,0001422143,"Kura Oncology, Inc.",2025-06-03,2025-06-03T06:04:07-04:00,False,"8.01,9.01",PRESENTATION
0001193125-25-020831,0001422143,"Kura Oncology, Inc.",2025-02-05,2025-02-05T16:13:00-05:00,True,"8.01,9.01",PRESENTATION
0001193125-25-002189,0001422143,"Kura Oncology, Inc.",2025-01-06,2025-01-06T16:35:52-05:00,True,"5.02,8.01",OTHER
0001193125-24-283109,0001422143,"Kura Oncology, Inc.",2024-12-20,2024-12-20T16:07:00-05:00,True,"8.01,9.01",OTHER
0001193125-24-147030,0001422143,"Kura Oncology, Inc.",2024-05-24,2024-05-24T16:06:05-04:00,True,8.01,OTHER
0001193125-24-018713,0001422143,"Kura Oncology, Inc.",2024-01-30,2024-01-30T07:08:06-05:00,False,"2.02,8.01,9.01",PRESENTATION
0001193125-24-016715,0001422143,"Kura Oncology, Inc.",2024-01-26,2024-01-26T16:08:54-05:00,True,"1.01,3.02,8.01,9.01",OTHER
0001193125-23-301830,0001422143,"Kura Oncology, Inc.",2023-12-22,2023-12-22T09:01:59-05:00,False,"8.01,9.01",OTHER
0001193125-23-166858,0001422143,"Kura Oncology, Inc.",2023-06-14,2023-06-14T16:07:31-04:00,True,"8.01,9.01",OTHER
0001193125-23-164835,0001422143,"Kura Oncology, Inc.",2023-06-12,2023-06-12T06:06:54-04:00,False,"8.01,9.01",PRESENTATION
0001193125-23-105746,0001422143,"Kura Oncology, Inc.",2023-04-19,2023-04-19T08:31:00-04:00,False,"8.01,9.01",CLINICAL
0001193125-23-004159,0001422143,"Kura Oncology, Inc.",2023-01-09,2023-01-09T07:46:15-05:00,False,"2.02,8.01,9.01",PRESENTATION
0001193125-22-302283,0001422143,"Kura Oncology, Inc.",2022-12-12,2022-12-12T07:51:09-05:00,False,8.01,CLINICAL
0001193125-22-276906,0001422143,"Kura Oncology, Inc.",2022-11-03,2022-11-03T16:16:07-04:00,True,"8.01,9.01",CLINICAL
0001193125-22-013806,0001422143,"Kura Oncology, Inc.",2022-01-20,2022-01-20T16:25:04-05:00,True,8.01,REGULATORY
0001193125-21-339334,0001422143,"Kura Oncology, Inc.",2021-11-24,2021-11-24T06:50:58-05:00,False,8.01,REGULATORY
0001193125-20-313807,0001422143,"Kura Oncology, Inc.",2020-12-09,2020-12-09T16:04:32-05:00,True,"8.01,9.01",OTHER
0001193125-20-311098,0001422143,"Kura Oncology, Inc.",2020-12-07,2020-12-07T06:08:25-05:00,False,"8.01,9.01",PRESENTATION
0001564590-20-027461,0001422143,"Kura Oncology, Inc.",2020-05-29,2020-05-29T08:16:02-04:00,False,"8.01,9.01",CLINICAL
0001193125-20-134958,0001422143,"Kura Oncology, Inc.",2020-05-06,2020-05-06T16:34:16-04:00,True,"8.01,9.01",OTHER
0001564590-20-008679,0001422143,"Kura Oncology, Inc.",2020-03-04,2020-03-04T16:05:35-05:00,True,"8.01,9.01",REGULATORY
0001193125-19-314539,0001422143,"Kura Oncology, Inc.",2019-12-16,2019-12-16T07:36:35-05:00,False,"8.01,9.01",REGULATORY
0000950123-19-011815,0001422143,"Kura Oncology, Inc.",2019-12-09,2019-12-09T07:01:02-05:00,False,"8.01,9.01",CLINICAL
0001564590-19-038526,0001422143,"Kura Oncology, Inc.",2019-10-30,2019-10-30T09:01:32-04:00,False,"8.01,9.01",CLINICAL
0001193125-19-235863,0001422143,"Kura Oncology, Inc.",2019-09-03,2019-09-03T08:02:32-04:00,False,"8.01,9.01",CLINICAL
0001193125-19-219012,0001422143,"Kura Oncology, Inc.",2019-08-12,2019-08-12T16:12:02-04:00,True,"5.02,8.01,9.01",OTHER
0001193125-19-176463,0001422143,"Kura Oncology, Inc.",2019-06-19,2019-06-19T16:03:56-04:00,True,"8.01,9.01",OTHER
0001193125-19-173019,0001422143,"Kura Oncology, Inc.",2019-06-14,2019-06-14T07:12:58-04:00,False,"8.01,9.01",CLINICAL
0001193125-25-185355,0001906324,QuidelOrtho Corp,2025-08-21,2025-08-21T16:35:40-04:00,True,"1.01,2.03,8.01,9.01",OTHER
0001193125-24-263447,0001906324,QuidelOrtho Corp,2024-11-21,2024-11-21T16:36:01-05:00,True,"5.02,8.01,9.01",OTHER
0001906324-22-000035,0001906324,QuidelOrtho Corp,2022-12-05,2022-12-05T07:48:42-05:00,False,8.01,OTHER
0001906324-22-000019,0001906324,QuidelOrtho Corp,2022-08-17,2022-08-17T16:55:49-04:00,True,"8.01,9.01",OTHER
0001193125-21-100253,0001807120,"Design Therapeutics, Inc.",2021-03-30,2021-03-30T16:44:52-04:00,True,"5.03,8.01,9.01",OTHER
0001140361-25-034506,0001124105,"GYRE THERAPEUTICS, INC.",2025-09-10,2025-09-10T09:00:50-04:00,False,"8.01,9.01",PRESENTATION
0001140361-25-020157,0001124105,"GYRE THERAPEUTICS, INC.",2025-05-22,2025-05-22T16:01:49-04:00,True,"7.01,8.01,9.01",CLINICAL
0001140361-24-036404,0001124105,"GYRE THERAPEUTICS, INC.",2024-08-08,2024-08-08T16:14:43-04:00,True,"5.02,7.01,8.01,9.01",OTHER
0001140361-24-028106,0001124105,"GYRE THERAPEUTICS, INC.",2024-05-30,2024-05-30T16:05:20-04:00,True,"7.01,8.01,9.01",REGULATORY
0001140361-24-024799,0001124105,"GYRE THERAPEUTICS, INC.",2024-05-08,2024-05-08T08:00:22-04:00,False,"7.01,8.01,9.01",OTHER
0001140361-23-049083,0001124105,"GYRE THERAPEUTICS, INC.",2023-10-23,2023-10-20T20:21:33-04:00,True,8.01,OTHER
0001140361-23-042067,0001124105,"GYRE THERAPEUTICS, INC.",2023-08-31,2023-08-31T16:17:39-04:00,True,"1.01,3.03,5.03,5.07,8.01,9.01",OTHER
0001140361-23-009748,0001124105,"GYRE THERAPEUTICS, INC.",2023-03-02,2023-03-02T16:16:32-05:00,True,"1.01,2.01,8.01,9.01",OTHER
0001140361-22-046943,0001124105,"GYRE THERAPEUTICS, INC.",2022-12-27,2022-12-27T07:00:33-05:00,False,"1.01,2.01,3.02,5.02,5.03,7.01,8.01,9.01",OTHER
0001140361-22-030838,0001124105,"GYRE THERAPEUTICS, INC.",2022-08-25,2022-08-25T09:29:30-04:00,False,"8.01,9.01",OTHER
0001140361-22-030333,0001124105,"GYRE THERAPEUTICS, INC.",2022-08-19,2022-08-19T09:13:10-04:00,False,"8.01,9.01",OTHER
0001140361-22-027565,0001124105,"GYRE THERAPEUTICS, INC.",2022-08-01,2022-08-01T08:32:00-04:00,False,"8.01,9.01",OTHER
0001193125-22-181696,0001124105,"GYRE THERAPEUTICS, INC.",2022-06-27,2022-06-24T17:48:32-04:00,True,"8.01,9.01",OTHER
0001193125-22-170374,0001124105,"GYRE THERAPEUTICS, INC.",2022-06-09,2022-06-08T19:39:55-04:00,True,8.01,OTHER
0001193125-22-016551,0001124105,"GYRE THERAPEUTICS, INC.",2022-01-25,2022-01-25T08:05:33-05:00,False,"8.01,9.01",REGULATORY
0001193125-21-300039,0001124105,"GYRE THERAPEUTICS, INC.",2021-10-15,2021-10-15T16:16:06-04:00,True,"1.01,8.01,9.01",OTHER
0001193125-21-286802,0001124105,"GYRE THERAPEUTICS, INC.",2021-09-29,2021-09-29T16:33:04-04:00,True,"8.01,9.01",REGULATORY
0001193125-21-221838,0001124105,"GYRE THERAPEUTICS, INC.",2021-07-22,2021-07-22T16:06:24-04:00,True,"8.01,9.01",CLINICAL
0001193125-21-217238,0001124105,"GYRE THERAPEUTICS, INC.",2021-07-16,2021-07-16T14:09:07-04:00,False,"8.01,9.01",PRESENTATION
0001193125-21-203458,0001124105,"GYRE THERAPEUTICS, INC.",2021-06-30,2021-06-29T17:58:55-04:00,True,"8.01,9.01",REGULATORY
0001193125-21-164621,0001124105,"GYRE THERAPEUTICS, INC.",2021-05-18,2021-05-18T08:05:32-04:00,False,"8.01,9.01",CLINICAL
0001193125-21-019329,0001124105,"GYRE THERAPEUTICS, INC.",2021-01-27,2021-01-27T17:23:54-05:00,True,"1.01,8.01,9.01",OTHER
0001193125-21-017700,0001124105,"GYRE THERAPEUTICS, INC.",2021-01-26,2021-01-26T16:12:01-05:00,True,"2.02,8.01,9.01",OTHER
0001193125-20-308422,0001124105,"GYRE THERAPEUTICS, INC.",2020-12-02,2020-12-02T16:33:02-05:00,True,"8.01,9.01",REGULATORY
0001193125-20-174052,0001124105,"GYRE THERAPEUTICS, INC.",2020-06-19,2020-06-19T16:26:33-04:00,True,"1.01,8.01,9.01",OTHER
0001193125-20-171303,0001124105,"GYRE THERAPEUTICS, INC.",2020-06-17,2020-06-17T16:08:03-04:00,True,8.01,CLINICAL
0001193125-20-036011,0001124105,"GYRE THERAPEUTICS, INC.",2020-02-14,2020-02-13T20:45:33-05:00,True,"1.01,2.02,8.01,9.01",OTHER
0001193125-20-027476,0001124105,"GYRE THERAPEUTICS, INC.",2020-02-07,2020-02-07T08:41:35-05:00,False,8.01,CLINICAL
0001193125-20-009556,0001124105,"GYRE THERAPEUTICS, INC.",2020-01-17,2020-01-17T08:30:32-05:00,False,"1.01,5.02,8.01,9.01",OTHER
0001193125-19-261180,0001124105,"GYRE THERAPEUTICS, INC.",2019-10-03,2019-10-03T08:05:59-04:00,False,"8.01,9.01",CLINICAL
0001193125-19-095661,0001124105,"GYRE THERAPEUTICS, INC.",2019-04-02,2019-04-02T16:18:33-04:00,True,"8.01,9.01",REGULATORY
0001437749-25-037842,0001855175,"Contineum Therapeutics, Inc.",2025-12-15,2025-12-15T16:05:24-05:00,True,"1.01,8.01,9.01",OTHER
0001437749-25-037547,0001855175,"Contineum Therapeutics, Inc.",2025-12-11,2025-12-11T16:01:15-05:00,True,"8.01,9.01",CLINICAL
0001437749-25-035860,0001855175,"Contineum Therapeutics, Inc.",2025-11-20,2025-11-20T16:07:30-05:00,True,"8.01,9.01",CLINICAL
0001437749-25-029349,0001855175,"Contineum Therapeutics, Inc.",2025-09-18,2025-09-18T08:16:26-04:00,False,"7.01,8.01,9.01",CLINICAL
0001437749-25-016877,0001855175,"Contineum Therapeutics, Inc.",2025-05-14,2025-05-14T16:44:23-04:00,True,"2.02,8.01,9.01",OTHER
0001437749-25-013334,0001855175,"Contineum Therapeutics, Inc.",2025-04-28,2025-04-28T16:10:35-04:00,True,"8.01,9.01",OTHER
0001193125-25-190202,0001671858,"ARS Pharmaceuticals, Inc.",2025-08-28,2025-08-27T21:45:30-04:00,True,8.01,OTHER
0001193125-25-047351,0001671858,"ARS Pharmaceuticals, Inc.",2025-03-05,2025-03-05T17:18:49-05:00,True,8.01,REGULATORY
0001193125-24-198384,0001671858,"ARS Pharmaceuticals, Inc.",2024-08-12,2024-08-12T07:59:39-04:00,False,"7.01,8.01,9.01",PRESENTATION
0001193125-24-171204,0001671858,"ARS Pharmaceuticals, Inc.",2024-06-28,2024-06-28T06:46:32-04:00,False,"7.01,8.01,9.01",PRESENTATION
0001193125-23-237996,0001671858,"ARS Pharmaceuticals, Inc.",2023-09-20,2023-09-20T06:05:01-04:00,False,8.01,REGULATORY
0001193125-22-280241,0001671858,"ARS Pharmaceuticals, Inc.",2022-11-08,2022-11-08T16:51:45-05:00,True,"1.01,2.01,3.02,5.01,5.02,5.03,5.07,8.01,9.01",OTHER
0001193125-22-275336,0001671858,"ARS Pharmaceuticals, Inc.",2022-11-02,2022-11-02T06:07:03-04:00,False,8.01,OTHER
0001193125-22-266351,0001671858,"ARS Pharmaceuticals, Inc.",2022-10-21,2022-10-21T07:36:02-04:00,False,"8.01,9.01",REGULATORY
0001193125-22-199246,0001671858,"ARS Pharmaceuticals, Inc.",2022-07-21,2022-07-21T17:01:57-04:00,True,"1.01,2.05,5.02,8.01,9.01",OTHER
0001193125-20-312895,0001671858,"ARS Pharmaceuticals, Inc.",2020-12-08,2020-12-08T17:25:54-05:00,True,"5.03,8.01,9.01",OTHER
0001104659-24-088395,0001855644,Zura Bio Ltd,2024-08-12,2024-08-12T16:42:26-04:00,True,"1.01,3.03,5.07,8.01,9.01",OTHER
0001104659-24-087838,0001855644,Zura Bio Ltd,2024-08-09,2024-08-09T16:33:38-04:00,True,"8.01,9.01",OTHER
0001104659-24-079351,0001855644,Zura Bio Ltd,2024-07-12,2024-07-12T06:10:22-04:00,False,"8.01,9.01",OTHER
0001104659-24-050169,0001855644,Zura Bio Ltd,2024-04-23,2024-04-22T20:21:55-04:00,True,"1.01,3.02,7.01,8.01,9.01",PRESENTATION
0001104659-23-037779,0001855644,Zura Bio Ltd,2023-03-28,2023-03-28T17:11:51-04:00,True,"7.01,8.01,9.01",OTHER
0001104659-23-032379,0001855644,Zura Bio Ltd,2023-03-15,2023-03-14T17:32:29-04:00,True,"7.01,8.01,9.01",OTHER
0001104659-23-030711,0001855644,Zura Bio Ltd,2023-03-10,2023-03-09T18:50:38-05:00,True,"1.01,8.01,9.01",OTHER
0001104659-21-094971,0001855644,Zura Bio Ltd,2021-07-22,2021-07-22T17:05:58-04:00,True,"3.02,8.01,9.01",OTHER
0001193125-25-275902,0001817241,"Artiva Biotherapeutics, Inc.",2025-11-12,2025-11-12T07:22:26-05:00,False,"7.01,8.01,9.01",CLINICAL
0000950170-25-074397,0001285550,"ClearPoint Neuro, Inc.",2025-05-19,2025-05-19T16:30:08-04:00,True,"8.01,9.01",OTHER
0000950170-25-069175,0001285550,"ClearPoint Neuro, Inc.",2025-05-12,2025-05-12T16:06:27-04:00,True,"1.01,8.01,9.01",OTHER
0001285550-23-000048,0001285550,"ClearPoint Neuro, Inc.",2023-05-22,2023-05-22T17:04:56-04:00,True,"8.01,9.01",OTHER
0001171520-22-000364,0001285550,"ClearPoint Neuro, Inc.",2022-06-06,2022-06-06T16:05:14-04:00,True,"8.01,9.01",OTHER
0001171520-22-000319,0001285550,"ClearPoint Neuro, Inc.",2022-05-23,2022-05-23T07:33:47-04:00,False,"8.01,9.01",OTHER
0001171520-21-000261,0001285550,"ClearPoint Neuro, Inc.",2021-06-28,2021-06-28T08:30:59-04:00,False,"8.01,9.01",OTHER
0001534424-19-000147,0001285550,"ClearPoint Neuro, Inc.",2019-05-17,2019-05-17T16:10:20-04:00,True,"1.01,3.02,5.02,7.01,8.01,9.01",OTHER
0000950170-25-098327,0001794546,"CARLSMED, INC.",2025-07-24,2025-07-24T16:05:31-04:00,True,"5.03,8.01,9.01",OTHER
0001104659-25-118934,0001133869,"CAPRICOR THERAPEUTICS, INC.",2025-12-05,2025-12-05T17:07:48-05:00,True,"7.01,8.01,9.01",OTHER
0001104659-25-117947,0001133869,"CAPRICOR THERAPEUTICS, INC.",2025-12-03,2025-12-03T07:21:12-05:00,False,"7.01,8.01,9.01",CLINICAL
0001558370-25-000010,0001133869,"CAPRICOR THERAPEUTICS, INC.",2025-01-02,2025-01-02T14:17:58-05:00,False,"8.01,9.01",REGULATORY
0001558370-24-013344,0001133869,"CAPRICOR THERAPEUTICS, INC.",2024-10-16,2024-10-16T16:25:24-04:00,True,"2.02,8.01",REGULATORY
0001558370-24-013207,0001133869,"CAPRICOR THERAPEUTICS, INC.",2024-10-09,2024-10-09T09:16:15-04:00,False,"7.01,8.01,9.01",REGULATORY
0001558370-24-000197,0001133869,"CAPRICOR THERAPEUTICS, INC.",2024-01-11,2024-01-11T09:00:12-05:00,False,8.01,OTHER
0001558370-23-019717,0001133869,"CAPRICOR THERAPEUTICS, INC.",2023-12-11,2023-12-11T16:30:20-05:00,True,"8.01,9.01",CLINICAL
0001558370-23-016149,0001133869,"CAPRICOR THERAPEUTICS, INC.",2023-09-29,2023-09-29T07:30:29-04:00,False,"7.01,8.01,9.01",REGULATORY
0001558370-22-010821,0001133869,"CAPRICOR THERAPEUTICS, INC.",2022-07-19,2022-07-19T12:37:38-04:00,False,"8.01,9.01",REGULATORY
0001558370-22-005003,0001133869,"CAPRICOR THERAPEUTICS, INC.",2022-04-01,2022-04-01T08:30:46-04:00,False,8.01,OTHER
0001104659-21-119139,0001133869,"CAPRICOR THERAPEUTICS, INC.",2021-09-24,2021-09-24T11:31:00-04:00,False,"7.01,8.01,9.01",CLINICAL
0001104659-21-083149,0001133869,"CAPRICOR THERAPEUTICS, INC.",2021-06-21,2021-06-21T08:30:32-04:00,False,"8.01,9.01",OTHER
0001104659-20-122803,0001133869,"CAPRICOR THERAPEUTICS, INC.",2020-11-09,2020-11-09T09:15:12-05:00,False,"2.02,8.01,9.01",OTHER
0001104659-20-060449,0001133869,"CAPRICOR THERAPEUTICS, INC.",2020-05-13,2020-05-13T07:00:10-04:00,False,"8.01,9.01",CLINICAL
0001104659-20-058192,0001133869,"CAPRICOR THERAPEUTICS, INC.",2020-05-07,2020-05-07T17:22:49-04:00,True,8.01,OTHER
0001104659-20-056292,0001133869,"CAPRICOR THERAPEUTICS, INC.",2020-05-04,2020-05-04T17:15:38-04:00,True,"8.01,9.01",CLINICAL
0001104659-20-034994,0001133869,"CAPRICOR THERAPEUTICS, INC.",2020-03-18,2020-03-18T08:00:23-04:00,False,8.01,OTHER
0001104659-19-074247,0001133869,"CAPRICOR THERAPEUTICS, INC.",2019-12-19,2019-12-19T14:00:11-05:00,False,"8.01,9.01",OTHER
0001104659-19-073600,0001133869,"CAPRICOR THERAPEUTICS, INC.",2019-12-18,2019-12-18T09:00:16-05:00,False,"1.01,8.01,9.01",OTHER
0001104659-19-063785,0001133869,"CAPRICOR THERAPEUTICS, INC.",2019-11-14,2019-11-14T09:00:23-05:00,False,8.01,OTHER
0001144204-19-042160,0001133869,"CAPRICOR THERAPEUTICS, INC.",2019-08-29,2019-08-28T19:00:27-04:00,True,"8.01,9.01",OTHER
0001144204-19-034627,0001133869,"CAPRICOR THERAPEUTICS, INC.",2019-07-15,2019-07-15T06:05:56-04:00,False,"8.01,9.01",CLINICAL
0001144204-19-031589,0001133869,"CAPRICOR THERAPEUTICS, INC.",2019-06-20,2019-06-20T07:00:31-04:00,False,8.01,OTHER
0001144204-19-005129,0001133869,"CAPRICOR THERAPEUTICS, INC.",2019-02-06,2019-02-06T07:00:19-05:00,False,"5.02,8.01,9.01",CLINICAL
0001144204-19-002173,0001133869,"CAPRICOR THERAPEUTICS, INC.",2019-01-22,2019-01-22T07:00:20-05:00,False,"8.01,9.01",REGULATORY
0001725160-25-000164,0001725160,"Zentalis Pharmaceuticals, Inc.",2025-12-15,2025-12-15T17:01:42-05:00,True,"5.02,8.01",OTHER
0001725160-25-000013,0001725160,"Zentalis Pharmaceuticals, Inc.",2025-01-29,2025-01-29T09:18:14-05:00,False,"7.01,8.01,9.01",PRESENTATION
0001725160-25-000006,0001725160,"Zentalis Pharmaceuticals, Inc.",2025-01-28,2025-01-28T16:07:25-05:00,True,"2.05,7.01,8.01,9.01",OTHER
0001725160-24-000161,0001725160,"Zentalis Pharmaceuticals, Inc.",2024-09-16,2024-09-16T07:02:19-04:00,False,"7.01,8.01,9.01",REGULATORY
0001725160-24-000007,0001725160,"Zentalis Pharmaceuticals, Inc.",2024-01-08,2024-01-08T07:03:29-05:00,False,"7.01,8.01,9.01",OTHER
0001628280-23-022240,0001725160,"Zentalis Pharmaceuticals, Inc.",2023-06-15,2023-06-15T16:23:27-04:00,True,"8.01,9.01",OTHER
0001725160-23-000137,0001725160,"Zentalis Pharmaceuticals, Inc.",2023-06-15,2023-06-15T06:02:16-04:00,False,8.01,OTHER
0001725160-23-000131,0001725160,"Zentalis Pharmaceuticals, Inc.",2023-06-06,2023-06-06T09:10:13-04:00,False,"7.01,8.01,9.01",CLINICAL
0001725160-23-000129,0001725160,"Zentalis Pharmaceuticals, Inc.",2023-06-05,2023-06-05T14:24:49-04:00,False,"7.01,8.01,9.01",CLINICAL
0001725160-23-000119,0001725160,"Zentalis Pharmaceuticals, Inc.",2023-05-26,2023-05-26T12:38:56-04:00,False,"7.01,8.01,9.01",CLINICAL
0001725160-23-000073,0001725160,"Zentalis Pharmaceuticals, Inc.",2023-04-26,2023-04-26T17:00:46-04:00,True,"7.01,8.01,9.01",CLINICAL
0001725160-23-000063,0001725160,"Zentalis Pharmaceuticals, Inc.",2023-04-17,2023-04-17T09:07:43-04:00,False,"7.01,8.01,9.01",OTHER
0001628280-22-014546,0001725160,"Zentalis Pharmaceuticals, Inc.",2022-05-16,2022-05-16T17:18:25-04:00,True,"8.01,9.01",OTHER
0001628280-22-010794,0001725160,"Zentalis Pharmaceuticals, Inc.",2022-04-27,2022-04-27T16:09:49-04:00,True,"8.01,9.01",OTHER
0001725160-22-000076,0001725160,"Zentalis Pharmaceuticals, Inc.",2022-04-11,2022-04-11T16:43:35-04:00,True,"7.01,8.01,9.01",CLINICAL
0001725160-22-000072,0001725160,"Zentalis Pharmaceuticals, Inc.",2022-04-08,2022-04-08T17:05:51-04:00,True,"7.01,8.01",CLINICAL
0001725160-21-000226,0001725160,"Zentalis Pharmaceuticals, Inc.",2021-11-17,2021-11-17T17:15:54-05:00,True,8.01,REGULATORY
0001725160-21-000156,0001725160,"Zentalis Pharmaceuticals, Inc.",2021-07-01,2021-07-01T16:07:05-04:00,True,8.01,OTHER
0001725160-21-000146,0001725160,"Zentalis Pharmaceuticals, Inc.",2021-06-28,2021-06-28T07:11:58-04:00,False,"8.01,9.01",CLINICAL
0001493152-25-018324,0001357459,"PALISADE BIO, INC.",2025-10-16,2025-10-16T16:30:58-04:00,True,8.01,OTHER
0001493152-25-017630,0001357459,"PALISADE BIO, INC.",2025-10-09,2025-10-09T17:08:01-04:00,True,"8.01,9.01",OTHER
0001493152-25-015775,0001357459,"PALISADE BIO, INC.",2025-09-26,2025-09-26T17:10:37-04:00,True,8.01,OTHER
0001493152-25-014071,0001357459,"PALISADE BIO, INC.",2025-09-18,2025-09-18T16:27:12-04:00,True,8.01,OTHER
0001641172-25-020896,0001357459,"PALISADE BIO, INC.",2025-07-25,2025-07-24T19:00:46-04:00,True,"1.01,3.02,8.01,9.01",OTHER
0001641172-25-018313,0001357459,"PALISADE BIO, INC.",2025-07-09,2025-07-09T08:45:26-04:00,False,"5.02,8.01,9.01",OTHER
0001493152-24-050203,0001357459,"PALISADE BIO, INC.",2024-12-16,2024-12-16T16:00:16-05:00,True,"1.01,3.02,8.01,9.01",OTHER
0001493152-24-018687,0001357459,"PALISADE BIO, INC.",2024-05-10,2024-05-10T16:52:30-04:00,True,"5.02,8.01,9.01",OTHER
0001493152-24-017739,0001357459,"PALISADE BIO, INC.",2024-05-03,2024-05-03T16:56:44-04:00,True,"1.01,3.02,8.01,9.01",OTHER
0001493152-24-014253,0001357459,"PALISADE BIO, INC.",2024-04-10,2024-04-10T17:29:22-04:00,True,"8.01,9.01",PRESENTATION
0001493152-24-013336,0001357459,"PALISADE BIO, INC.",2024-04-05,2024-04-05T16:30:30-04:00,True,"5.03,8.01,9.01",OTHER
0001493152-24-006132,0001357459,"PALISADE BIO, INC.",2024-02-13,2024-02-13T16:38:18-05:00,True,"5.02,8.01,9.01",OTHER
0001493152-24-004539,0001357459,"PALISADE BIO, INC.",2024-02-01,2024-02-01T06:02:11-05:00,False,"1.01,3.02,8.01,9.01",OTHER
0001493152-23-032278,0001357459,"PALISADE BIO, INC.",2023-09-11,2023-09-11T17:12:24-04:00,True,"1.01,3.02,5.02,8.01,9.01",OTHER
0001493152-23-032245,0001357459,"PALISADE BIO, INC.",2023-09-11,2023-09-11T15:30:13-04:00,False,"1.01,3.02,8.01,9.01",OTHER
0001493152-23-032118,0001357459,"PALISADE BIO, INC.",2023-09-08,2023-09-08T16:54:24-04:00,True,"1.01,2.01,8.01,9.01",OTHER
0001493152-23-011066,0001357459,"PALISADE BIO, INC.",2023-04-05,2023-04-05T17:18:00-04:00,True,"1.01,3.02,8.01,9.01",OTHER
0001493152-23-007342,0001357459,"PALISADE BIO, INC.",2023-03-13,2023-03-13T07:00:35-04:00,False,8.01,OTHER
0001493152-23-003966,0001357459,"PALISADE BIO, INC.",2023-02-08,2023-02-08T17:08:16-05:00,True,"3.02,5.02,8.01,9.01",OTHER
0001493152-23-000368,0001357459,"PALISADE BIO, INC.",2023-01-04,2023-01-04T17:18:40-05:00,True,"1.01,3.02,8.01,9.01",OTHER
0001493152-22-035770,0001357459,"PALISADE BIO, INC.",2022-12-16,2022-12-16T16:51:50-05:00,True,"8.01,9.01",PRESENTATION
0001493152-22-032591,0001357459,"PALISADE BIO, INC.",2022-11-16,2022-11-16T11:00:15-05:00,False,"5.03,8.01,9.01",OTHER
0000950170-22-017505,0001357459,"PALISADE BIO, INC.",2022-08-16,2022-08-16T16:05:47-04:00,True,"1.01,5.03,8.01,9.01",OTHER
0001193125-22-143077,0001357459,"PALISADE BIO, INC.",2022-05-06,2022-05-06T08:42:32-04:00,False,"1.01,3.02,8.01,9.01",OTHER
0000950170-22-005828,0001357459,"PALISADE BIO, INC.",2022-04-20,2022-04-20T08:04:59-04:00,False,8.01,OTHER
0001193125-21-304862,0001357459,"PALISADE BIO, INC.",2021-10-22,2021-10-22T09:51:02-04:00,False,"8.01,9.01",OTHER
0001171843-21-004377,0001357459,"PALISADE BIO, INC.",2021-06-16,2021-06-16T16:35:07-04:00,True,8.01,OTHER
0001171843-21-003780,0001357459,"PALISADE BIO, INC.",2021-05-26,2021-05-26T09:00:19-04:00,False,"3.02,8.01",OTHER
0001171843-21-003201,0001357459,"PALISADE BIO, INC.",2021-05-06,2021-05-06T07:00:28-04:00,False,8.01,OTHER
0001171843-21-002819,0001357459,"PALISADE BIO, INC.",2021-04-27,2021-04-27T17:24:48-04:00,True,"1.01,2.01,3.03,5.01,5.02,5.03,8.01,9.01",OTHER
0001171843-21-002410,0001357459,"PALISADE BIO, INC.",2021-04-09,2021-04-09T17:00:11-04:00,True,"5.07,8.01",OTHER
0001171843-21-002038,0001357459,"PALISADE BIO, INC.",2021-03-24,2021-03-24T16:45:33-04:00,True,"8.01,9.01",OTHER
0001171843-21-001886,0001357459,"PALISADE BIO, INC.",2021-03-18,2021-03-18T09:02:29-04:00,False,"5.02,8.01,9.01",OTHER
0001171843-20-005791,0001357459,"PALISADE BIO, INC.",2020-08-10,2020-08-10T17:13:27-04:00,True,"5.07,7.01,8.01,9.01",OTHER
0001171843-20-004007,0001357459,"PALISADE BIO, INC.",2020-05-27,2020-05-27T10:52:21-04:00,False,"1.01,3.02,8.01,9.01",OTHER
0001171843-20-002720,0001357459,"PALISADE BIO, INC.",2020-04-20,2020-04-20T17:15:38-04:00,True,8.01,REGULATORY
0001171843-20-002458,0001357459,"PALISADE BIO, INC.",2020-04-07,2020-04-07T17:00:11-04:00,True,8.01,OTHER
0001171843-20-000155,0001357459,"PALISADE BIO, INC.",2020-01-10,2020-01-10T17:00:15-05:00,True,8.01,OTHER
0001171843-19-008270,0001357459,"PALISADE BIO, INC.",2019-12-20,2019-12-20T16:49:37-05:00,True,8.01,OTHER
0001171843-19-005227,0001357459,"PALISADE BIO, INC.",2019-08-07,2019-08-07T09:00:14-04:00,False,"8.01,9.01",OTHER
0001171843-19-004639,0001357459,"PALISADE BIO, INC.",2019-07-18,2019-07-18T09:00:25-04:00,False,"5.02,5.03,8.01,9.01",OTHER
0001193805-25-001499,0001768224,Arcturus Therapeutics Holdings Inc.,2025-10-22,2025-10-22T07:50:46-04:00,False,"7.01,8.01,9.01",CLINICAL
0001193805-23-001328,0001768224,Arcturus Therapeutics Holdings Inc.,2023-09-26,2023-09-26T16:06:46-04:00,True,"1.01,8.01,9.01",OTHER
0001193805-23-001174,0001768224,Arcturus Therapeutics Holdings Inc.,2023-08-14,2023-08-14T16:06:25-04:00,True,"1.01,8.01,9.01",OTHER
0001193805-23-001112,0001768224,Arcturus Therapeutics Holdings Inc.,2023-08-07,2023-08-07T16:23:22-04:00,True,"2.02,8.01,9.01",CLINICAL
0001193805-22-000672,0001768224,Arcturus Therapeutics Holdings Inc.,2022-04-20,2022-04-20T17:24:50-04:00,True,"1.01,1.02,8.01,9.01",CLINICAL
0001193805-22-000358,0001768224,Arcturus Therapeutics Holdings Inc.,2022-02-17,2022-02-17T07:57:54-05:00,False,"8.01,9.01",INVALID:I'd be happy to help classify this SEC 
0001193805-21-001584,0001768224,Arcturus Therapeutics Holdings Inc.,2021-11-16,2021-11-16T16:15:43-05:00,True,"8.01,9.01",INVALID:I don't have access to the actual conten
0001193805-21-000256,0001768224,Arcturus Therapeutics Holdings Inc.,2021-02-22,2021-02-22T17:00:32-05:00,True,"3.02,8.01,9.01",OTHER
0001193805-20-001274,0001768224,Arcturus Therapeutics Holdings Inc.,2020-10-15,2020-10-15T06:27:00-04:00,False,"8.01,9.01",OTHER
0001193805-20-001229,0001768224,Arcturus Therapeutics Holdings Inc.,2020-10-02,2020-10-02T16:15:22-04:00,True,"8.01,9.01",OTHER
0001193805-20-000886,0001768224,Arcturus Therapeutics Holdings Inc.,2020-07-24,2020-07-24T06:02:20-04:00,False,"8.01,9.01",OTHER
0001564590-20-017549,0001768224,Arcturus Therapeutics Holdings Inc.,2020-04-21,2020-04-21T06:03:05-04:00,False,8.01,OTHER
0001564590-20-017147,0001768224,Arcturus Therapeutics Holdings Inc.,2020-04-17,2020-04-17T06:06:05-04:00,False,"1.01,1.02,8.01,9.01",OTHER
0001193125-19-252227,0001768224,Arcturus Therapeutics Holdings Inc.,2019-09-23,2019-09-23T16:34:56-04:00,True,"5.02,8.01,9.01",OTHER
0001193125-19-245891,0001768224,Arcturus Therapeutics Holdings Inc.,2019-09-16,2019-09-16T17:04:02-04:00,True,8.01,OTHER
0001193805-19-000694,0001768224,Arcturus Therapeutics Holdings Inc.,2019-08-01,2019-08-01T12:35:40-04:00,False,"1.01,8.01,9.01",OTHER
0001193125-25-250674,0001434316,FATE THERAPEUTICS INC,2025-10-27,2025-10-27T07:00:13-04:00,False,"7.01,8.01,9.01",CLINICAL
0001193125-24-134840,0001434316,FATE THERAPEUTICS INC,2024-05-09,2024-05-09T09:01:04-04:00,False,"7.01,8.01,9.01",CLINICAL
0001193125-24-072871,0001434316,FATE THERAPEUTICS INC,2024-03-21,2024-03-20T17:32:00-04:00,True,"1.01,3.02,8.01,9.01",OTHER
0001193125-23-227749,0001434316,FATE THERAPEUTICS INC,2023-09-01,2023-09-01T17:29:29-04:00,True,8.01,OTHER
0000950170-23-026747,0001434316,FATE THERAPEUTICS INC,2023-06-07,2023-06-07T08:52:01-04:00,False,8.01,PRESENTATION
0001193125-23-002504,0001434316,FATE THERAPEUTICS INC,2023-01-05,2023-01-05T17:04:32-05:00,True,"1.02,2.05,5.02,8.01,9.01",OTHER
0001193125-21-356947,0001434316,FATE THERAPEUTICS INC,2021-12-14,2021-12-14T17:28:34-05:00,True,"8.01,9.01",CLINICAL
0001193125-21-005180,0001434316,FATE THERAPEUTICS INC,2021-01-08,2021-01-08T16:02:00-05:00,True,"1.01,8.01,9.01",OTHER
0001564590-20-056247,0001434316,FATE THERAPEUTICS INC,2020-12-07,2020-12-07T09:00:34-05:00,False,8.01,OTHER
0001193125-20-164916,0001434316,FATE THERAPEUTICS INC,2020-06-10,2020-06-09T21:21:17-04:00,True,"1.01,3.02,8.01,9.01",OTHER
0001564590-20-019242,0001434316,FATE THERAPEUTICS INC,2020-04-28,2020-04-28T16:23:31-04:00,True,8.01,REGULATORY
0001564590-20-015011,0001434316,FATE THERAPEUTICS INC,2020-04-02,2020-04-02T16:55:58-04:00,True,"1.01,3.02,7.01,8.01,9.01",OTHER
0001193125-19-244198,0001434316,FATE THERAPEUTICS INC,2019-09-13,2019-09-12T21:30:03-04:00,True,"1.01,8.01,9.01",OTHER
0001564590-19-000184,0001434316,FATE THERAPEUTICS INC,2019-01-04,2019-01-04T16:04:43-05:00,True,8.01,REGULATORY
0001193125-25-302552,0000876343,"Lineage Cell Therapeutics, Inc.",2025-11-28,2025-11-28T16:05:24-05:00,True,8.01,OTHER
0001193125-25-291979,0000876343,"Lineage Cell Therapeutics, Inc.",2025-11-24,2025-11-24T06:49:07-05:00,False,8.01,OTHER
0001193125-25-276249,0000876343,"Lineage Cell Therapeutics, Inc.",2025-11-12,2025-11-12T09:25:41-05:00,False,8.01,OTHER
0000950170-25-111319,0000876343,"Lineage Cell Therapeutics, Inc.",2025-08-26,2025-08-26T09:14:05-04:00,False,"7.01,8.01,9.01",OTHER
0000950170-25-088738,0000876343,"Lineage Cell Therapeutics, Inc.",2025-06-23,2025-06-23T09:26:11-04:00,False,"7.01,8.01,9.01",CLINICAL
0000950170-25-061466,0000876343,"Lineage Cell Therapeutics, Inc.",2025-05-01,2025-05-01T09:09:09-04:00,False,8.01,OTHER
0000950170-25-009227,0000876343,"Lineage Cell Therapeutics, Inc.",2025-01-27,2025-01-27T16:30:09-05:00,True,"5.07,7.01,8.01,9.01",OTHER
0000950170-24-129402,0000876343,"Lineage Cell Therapeutics, Inc.",2024-11-20,2024-11-20T17:08:36-05:00,True,"1.01,7.01,8.01,9.01",OTHER
0000950170-24-059689,0000876343,"Lineage Cell Therapeutics, Inc.",2024-05-14,2024-05-14T16:39:15-04:00,True,"8.01,9.01",OTHER
0000950170-24-035365,0000876343,"Lineage Cell Therapeutics, Inc.",2024-03-22,2024-03-22T16:15:16-04:00,True,"1.01,8.01,9.01",OTHER
0001493152-24-006901,0000876343,"Lineage Cell Therapeutics, Inc.",2024-02-15,2024-02-15T17:27:49-05:00,True,8.01,OTHER
0001493152-24-005046,0000876343,"Lineage Cell Therapeutics, Inc.",2024-02-06,2024-02-06T09:20:38-05:00,False,"1.01,8.01,9.01",OTHER
0001493152-23-022030,0000876343,"Lineage Cell Therapeutics, Inc.",2023-06-21,2023-06-21T17:00:17-04:00,True,8.01,OTHER
0001493152-23-018160,0000876343,"Lineage Cell Therapeutics, Inc.",2023-05-18,2023-05-18T17:26:13-04:00,True,"8.01,9.01",OTHER
0001493152-22-012893,0000876343,"Lineage Cell Therapeutics, Inc.",2022-05-12,2022-05-11T19:54:49-04:00,True,"7.01,8.01,9.01",CLINICAL
0001493152-22-004309,0000876343,"Lineage Cell Therapeutics, Inc.",2022-02-14,2022-02-14T09:00:13-05:00,False,8.01,OTHER
0001493152-21-032109,0000876343,"Lineage Cell Therapeutics, Inc.",2021-12-21,2021-12-21T06:10:10-05:00,False,"8.01,9.01",OTHER
0001493152-21-031281,0000876343,"Lineage Cell Therapeutics, Inc.",2021-12-13,2021-12-13T16:10:29-05:00,True,"7.01,8.01,9.01",CLINICAL
0001493152-21-024236,0000876343,"Lineage Cell Therapeutics, Inc.",2021-09-30,2021-09-30T17:29:25-04:00,True,"7.01,8.01,9.01",CLINICAL
0001493152-21-013294,0000876343,"Lineage Cell Therapeutics, Inc.",2021-06-01,2021-06-01T07:00:14-04:00,False,"7.01,8.01,9.01",CLINICAL
0001493152-21-010348,0000876343,"Lineage Cell Therapeutics, Inc.",2021-05-03,2021-05-03T17:00:18-04:00,True,"7.01,8.01,9.01",CLINICAL
0001493152-21-006641,0000876343,"Lineage Cell Therapeutics, Inc.",2021-03-23,2021-03-23T17:15:19-04:00,True,8.01,CLINICAL
0001493152-21-005498,0000876343,"Lineage Cell Therapeutics, Inc.",2021-03-05,2021-03-05T17:16:29-05:00,True,"2.02,8.01,9.01",OTHER
0001493152-20-021436,0000876343,"Lineage Cell Therapeutics, Inc.",2020-11-16,2020-11-16T08:30:21-05:00,False,"8.01,9.01",CLINICAL
0001493152-20-020982,0000876343,"Lineage Cell Therapeutics, Inc.",2020-11-12,2020-11-12T06:12:41-05:00,False,8.01,CLINICAL
0001493152-20-009635,0000876343,"Lineage Cell Therapeutics, Inc.",2020-05-21,2020-05-21T16:45:38-04:00,True,8.01,OTHER
0001493152-19-015684,0000876343,"Lineage Cell Therapeutics, Inc.",2019-10-18,2019-10-18T17:00:19-04:00,True,8.01,OTHER
0001493152-19-015458,0000876343,"Lineage Cell Therapeutics, Inc.",2019-10-15,2019-10-15T07:02:47-04:00,False,"8.01,9.01",CLINICAL
0001493152-19-014295,0000876343,"Lineage Cell Therapeutics, Inc.",2019-09-19,2019-09-19T07:05:12-04:00,False,"8.01,9.01",REGULATORY
0001493152-19-012036,0000876343,"Lineage Cell Therapeutics, Inc.",2019-08-12,2019-08-12T09:00:40-04:00,False,"5.03,8.01,9.01",OTHER
0001493152-19-006740,0000876343,"Lineage Cell Therapeutics, Inc.",2019-05-10,2019-05-10T07:55:33-04:00,False,"5.08,8.01",OTHER
0001493152-19-006272,0000876343,"Lineage Cell Therapeutics, Inc.",2019-05-02,2019-05-02T09:00:41-04:00,False,"8.01,9.01",CLINICAL
0001493152-19-006051,0000876343,"Lineage Cell Therapeutics, Inc.",2019-04-29,2019-04-29T09:00:29-04:00,False,"8.01,9.01",CLINICAL
0001493152-19-005752,0000876343,"Lineage Cell Therapeutics, Inc.",2019-04-23,2019-04-23T09:00:20-04:00,False,"8.01,9.01",INVALID:I don't have access to the actual conten
0001493152-19-003570,0000876343,"Lineage Cell Therapeutics, Inc.",2019-03-19,2019-03-19T09:00:28-04:00,False,8.01,OTHER
0001493152-19-002770,0000876343,"Lineage Cell Therapeutics, Inc.",2019-03-01,2019-03-01T16:32:10-05:00,True,8.01,OTHER
0001493152-19-001907,0000876343,"Lineage Cell Therapeutics, Inc.",2019-02-14,2019-02-14T08:05:36-05:00,False,"8.01,9.01",OTHER
0001274737-25-000055,0001274737,EXAGEN INC.,2025-07-17,2025-07-17T16:33:47-04:00,True,"5.02,8.01,9.01",OTHER
0001193125-25-116881,0001274737,EXAGEN INC.,2025-05-09,2025-05-09T16:05:59-04:00,True,"8.01,9.01",OTHER
0001193125-25-115946,0001274737,EXAGEN INC.,2025-05-08,2025-05-08T16:06:09-04:00,True,"1.01,8.01,9.01",OTHER
0001274737-25-000003,0001274737,EXAGEN INC.,2025-01-13,2025-01-13T08:00:39-05:00,False,"2.02,8.01,9.01",OTHER
0001274737-24-000071,0001274737,EXAGEN INC.,2024-08-02,2024-08-02T08:15:50-04:00,False,"5.02,8.01,9.01",OTHER
0001274737-24-000030,0001274737,EXAGEN INC.,2024-04-26,2024-04-26T08:32:10-04:00,False,"5.02,8.01,9.01",OTHER
0001274737-23-000074,0001274737,EXAGEN INC.,2023-07-24,2023-07-24T16:05:57-04:00,True,"5.02,8.01,9.01",OTHER
0001274737-23-000002,0001274737,EXAGEN INC.,2023-01-09,2023-01-09T09:00:29-05:00,False,"2.02,7.01,8.01,9.01",OTHER
0001274737-21-000106,0001274737,EXAGEN INC.,2021-10-25,2021-10-25T08:26:04-04:00,False,"1.01,2.03,8.01,9.01",OTHER
0001274737-21-000085,0001274737,EXAGEN INC.,2021-07-30,2021-07-30T08:25:19-04:00,False,"5.02,8.01,9.01",OTHER
0001274737-21-000021,0001274737,EXAGEN INC.,2021-03-23,2021-03-23T16:16:42-04:00,True,"8.01,9.01",OTHER
0001628280-19-014376,0001274737,EXAGEN INC.,2019-11-21,2019-11-21T08:26:01-05:00,False,"1.01,2.03,8.01,9.01",OTHER
0001193125-19-252366,0001274737,EXAGEN INC.,2019-09-23,2019-09-23T17:30:02-04:00,True,"5.03,8.01,9.01",OTHER
0001815776-25-000077,0001815776,"LENZ Therapeutics, Inc.",2025-12-12,2025-12-12T16:15:09-05:00,True,8.01,OTHER
0001815776-25-000064,0001815776,"LENZ Therapeutics, Inc.",2025-10-08,2025-10-08T16:40:46-04:00,True,8.01,OTHER
0001815776-25-000062,0001815776,"LENZ Therapeutics, Inc.",2025-09-30,2025-09-30T08:06:43-04:00,False,"7.01,8.01,9.01",OTHER
0001815776-25-000059,0001815776,"LENZ Therapeutics, Inc.",2025-07-31,2025-07-31T16:55:14-04:00,True,"8.01,9.01",REGULATORY
0001815776-25-000025,0001815776,"LENZ Therapeutics, Inc.",2025-04-15,2025-04-15T08:37:38-04:00,False,"2.02,7.01,8.01",PRESENTATION
0001815776-24-000064,0001815776,"LENZ Therapeutics, Inc.",2024-10-28,2024-10-28T08:09:55-04:00,False,"8.01,9.01",CLINICAL
0001815776-24-000053,0001815776,"LENZ Therapeutics, Inc.",2024-08-12,2024-08-12T08:05:27-04:00,False,"8.01,9.01",REGULATORY
0001815776-24-000035,0001815776,"LENZ Therapeutics, Inc.",2024-04-03,2024-04-03T07:32:00-04:00,False,"8.01,9.01",CLINICAL
0001193125-24-058513,0001815776,"LENZ Therapeutics, Inc.",2024-03-05,2024-03-05T06:08:01-05:00,False,8.01,OTHER
0001193125-23-303051,0001815776,"LENZ Therapeutics, Inc.",2023-12-26,2023-12-26T16:32:30-05:00,True,8.01,OTHER
0000950170-23-044135,0001815776,"LENZ Therapeutics, Inc.",2023-08-23,2023-08-23T16:06:58-04:00,True,"2.05,5.02,8.01",OTHER
0000950170-23-003808,0001815776,"LENZ Therapeutics, Inc.",2023-02-22,2023-02-22T16:58:08-05:00,True,"2.05,5.02,8.01,9.01",OTHER
0000950170-23-000228,0001815776,"LENZ Therapeutics, Inc.",2023-01-05,2023-01-05T16:06:15-05:00,True,"8.01,9.01",CLINICAL
0000950170-22-026333,0001815776,"LENZ Therapeutics, Inc.",2022-12-12,2022-12-12T06:10:17-05:00,False,"8.01,9.01",OTHER
0000950170-22-021600,0001815776,"LENZ Therapeutics, Inc.",2022-11-03,2022-11-03T09:05:29-04:00,False,"8.01,9.01",PRESENTATION
0000950170-22-016657,0001815776,"LENZ Therapeutics, Inc.",2022-08-11,2022-08-11T08:00:43-04:00,False,"8.01,9.01",CLINICAL
0001564590-21-057384,0001815776,"LENZ Therapeutics, Inc.",2021-11-17,2021-11-17T09:23:33-05:00,False,"7.01,8.01,9.01",OTHER
0001193125-25-231860,0001746466,"Equillium, Inc.",2025-10-06,2025-10-06T16:05:10-04:00,True,"4.01,5.02,8.01,9.01",OTHER
0001193125-25-209068,0001746466,"Equillium, Inc.",2025-09-19,2025-09-19T16:06:43-04:00,True,"8.01,9.01",OTHER
0000950170-25-113023,0001746466,"Equillium, Inc.",2025-09-04,2025-09-04T16:01:28-04:00,True,8.01,OTHER
0001193125-25-172207,0001746466,"Equillium, Inc.",2025-08-04,2025-08-04T08:35:59-04:00,False,"1.01,2.02,7.01,8.01,9.01",OTHER
0001193125-25-021348,0001746466,"Equillium, Inc.",2025-02-06,2025-02-06T08:01:27-05:00,False,8.01,CLINICAL
0001193125-24-248138,0001746466,"Equillium, Inc.",2024-10-31,2024-10-31T07:05:36-04:00,False,"8.01,9.01",PRESENTATION
0001193125-24-247760,0001746466,"Equillium, Inc.",2024-10-31,2024-10-30T18:49:59-04:00,True,8.01,OTHER
0001193125-24-153667,0001746466,"Equillium, Inc.",2024-06-04,2024-06-04T08:00:55-04:00,False,"8.01,9.01",CLINICAL
0001193125-24-082709,0001746466,"Equillium, Inc.",2024-04-01,2024-04-01T08:05:53-04:00,False,8.01,CLINICAL
0001193125-24-063618,0001746466,"Equillium, Inc.",2024-03-08,2024-03-08T16:01:02-05:00,True,"5.02,8.01,9.01",OTHER
0001193125-24-044664,0001746466,"Equillium, Inc.",2024-02-23,2024-02-23T17:12:11-05:00,True,"2.02,8.01,9.01",OTHER
0001193125-24-041994,0001746466,"Equillium, Inc.",2024-02-22,2024-02-22T06:08:05-05:00,False,8.01,OTHER
0001193125-23-300417,0001746466,"Equillium, Inc.",2023-12-21,2023-12-21T08:05:52-05:00,False,8.01,PRESENTATION
0000950170-23-061084,0001746466,"Equillium, Inc.",2023-11-08,2023-11-08T16:05:10-05:00,True,"2.02,8.01,9.01",CLINICAL
0001193125-23-256538,0001746466,"Equillium, Inc.",2023-10-16,2023-10-16T08:05:52-04:00,False,"7.01,8.01,9.01",PRESENTATION
0001193125-22-311788,0001746466,"Equillium, Inc.",2022-12-23,2022-12-23T16:11:02-05:00,True,"1.02,5.07,8.01,9.01",OTHER
0001193125-22-305076,0001746466,"Equillium, Inc.",2022-12-15,2022-12-14T21:49:51-05:00,True,8.01,OTHER
0001193125-22-298869,0001746466,"Equillium, Inc.",2022-12-06,2022-12-06T07:00:37-05:00,False,"1.01,8.01,9.01",OTHER
0001193125-22-251807,0001746466,"Equillium, Inc.",2022-09-27,2022-09-27T09:28:12-04:00,False,"8.01,9.01",CLINICAL
0001193125-22-251386,0001746466,"Equillium, Inc.",2022-09-26,2022-09-26T17:27:07-04:00,True,"8.01,9.01",OTHER
0001193125-22-238883,0001746466,"Equillium, Inc.",2022-09-06,2022-09-06T16:29:43-04:00,True,"1.01,8.01,9.01",OTHER
0001193125-22-144343,0001746466,"Equillium, Inc.",2022-05-09,2022-05-09T08:06:04-04:00,False,8.01,CLINICAL
0001193125-22-116380,0001746466,"Equillium, Inc.",2022-04-25,2022-04-25T08:05:57-04:00,False,8.01,CLINICAL
0000950170-22-002622,0001746466,"Equillium, Inc.",2022-03-02,2022-03-02T09:00:56-05:00,False,"5.02,8.01,9.01",OTHER
0001193125-22-043939,0001746466,"Equillium, Inc.",2022-02-16,2022-02-16T07:01:11-05:00,False,"1.01,2.01,2.03,3.02,7.01,8.01,9.01",OTHER
0000950170-21-000348,0001746466,"Equillium, Inc.",2021-06-14,2021-06-14T15:57:38-04:00,False,8.01,OTHER
0001564590-21-004194,0001746466,"Equillium, Inc.",2021-02-04,2021-02-04T08:10:20-05:00,False,"1.01,5.02,8.01,9.01",OTHER
0001193125-20-281174,0001746466,"Equillium, Inc.",2020-10-29,2020-10-29T17:12:53-04:00,True,"8.01,9.01",REGULATORY
0001193125-20-220538,0001746466,"Equillium, Inc.",2020-08-14,2020-08-14T16:50:53-04:00,True,"1.01,8.01,9.01",OTHER
0001193125-20-215058,0001746466,"Equillium, Inc.",2020-08-10,2020-08-10T17:21:51-04:00,True,"7.01,8.01,9.01",CLINICAL
0001193125-20-191424,0001746466,"Equillium, Inc.",2020-07-13,2020-07-13T06:05:12-04:00,False,"8.01,9.01",CLINICAL
0001193125-19-312050,0001746466,"Equillium, Inc.",2019-12-12,2019-12-12T07:05:33-05:00,False,"1.01,5.02,8.01,9.01",OTHER
0001193125-19-302509,0001746466,"Equillium, Inc.",2019-11-27,2019-11-27T16:08:02-05:00,True,8.01,OTHER
0001564590-19-042913,0001746466,"Equillium, Inc.",2019-11-12,2019-11-12T16:10:27-05:00,True,"2.02,5.02,8.01,9.01",OTHER
0001564590-19-036089,0001746466,"Equillium, Inc.",2019-10-01,2019-10-01T16:10:27-04:00,True,"1.01,2.03,3.02,7.01,8.01,9.01",PRESENTATION
0001193125-19-051928,0001746466,"Equillium, Inc.",2019-02-26,2019-02-26T16:05:13-05:00,True,"2.02,7.01,8.01,9.01",PRESENTATION
0001193125-19-045346,0001746466,"Equillium, Inc.",2019-02-20,2019-02-20T16:08:32-05:00,True,"3.03,5.02,8.01",OTHER
0001193125-25-314364,0001774857,"Aardvark Therapeutics, Inc.",2025-12-10,2025-12-10T16:54:58-05:00,True,"8.01,9.01",OTHER
0001193125-25-267402,0001774857,"Aardvark Therapeutics, Inc.",2025-11-06,2025-11-05T18:11:48-05:00,True,"8.01,9.01",PRESENTATION
0001193125-25-264748,0001774857,"Aardvark Therapeutics, Inc.",2025-11-04,2025-11-04T16:19:58-05:00,True,"7.01,8.01,9.01",CLINICAL
0001193125-25-234722,0001774857,"Aardvark Therapeutics, Inc.",2025-10-09,2025-10-08T17:45:26-04:00,True,"8.01,9.01",REGULATORY
0000950170-25-112645,0001774857,"Aardvark Therapeutics, Inc.",2025-09-03,2025-09-02T20:56:36-04:00,True,"8.01,9.01",PRESENTATION
0000950170-25-107320,0001774857,"Aardvark Therapeutics, Inc.",2025-08-12,2025-08-12T16:11:02-04:00,True,"8.01,9.01",OTHER
0001193125-25-027245,0001774857,"Aardvark Therapeutics, Inc.",2025-02-14,2025-02-14T16:01:22-05:00,True,"5.03,8.01,9.01",OTHER
0001728117-25-000040,0001728117,"Gossamer Bio, Inc.",2025-06-16,2025-06-16T07:31:12-04:00,False,"7.01,8.01,9.01",OTHER
0001728117-25-000004,0001728117,"Gossamer Bio, Inc.",2025-02-19,2025-02-19T16:01:12-05:00,True,8.01,OTHER
0001728117-24-000080,0001728117,"Gossamer Bio, Inc.",2024-07-18,2024-07-18T16:01:22-04:00,True,8.01,OTHER
0001728117-24-000052,0001728117,"Gossamer Bio, Inc.",2024-05-06,2024-05-06T07:31:01-04:00,False,"1.01,1.02,3.02,8.01,9.01",OTHER
0001728117-24-000013,0001728117,"Gossamer Bio, Inc.",2024-03-04,2024-03-04T16:02:26-05:00,True,8.01,OTHER
0001728117-23-000091,0001728117,"Gossamer Bio, Inc.",2023-07-20,2023-07-20T07:50:19-04:00,False,"8.01,9.01",CLINICAL
0001728117-23-000030,0001728117,"Gossamer Bio, Inc.",2023-04-03,2023-04-03T16:01:17-04:00,True,8.01,REGULATORY
0001728117-22-000102,0001728117,"Gossamer Bio, Inc.",2022-12-06,2022-12-06T07:36:04-05:00,False,"8.01,9.01",CLINICAL
0001728117-22-000035,0001728117,"Gossamer Bio, Inc.",2022-04-25,2022-04-25T08:14:06-04:00,False,"2.02,8.01",CLINICAL
0001728117-21-000094,0001728117,"Gossamer Bio, Inc.",2021-10-12,2021-10-12T09:19:20-04:00,False,"7.01,8.01,9.01",OTHER
0001564590-20-046250,0001728117,"Gossamer Bio, Inc.",2020-10-13,2020-10-13T07:40:25-04:00,False,"7.01,8.01,9.01",CLINICAL
0001564590-20-026546,0001728117,"Gossamer Bio, Inc.",2020-05-21,2020-05-21T16:06:09-04:00,True,"1.01,2.03,8.01,9.01",OTHER
0000950170-25-099631,0001213037,"Cardiff Oncology, Inc.",2025-07-29,2025-07-29T16:10:34-04:00,True,"2.02,7.01,8.01",CLINICAL
0000950170-25-087369,0001213037,"Cardiff Oncology, Inc.",2025-06-17,2025-06-17T16:15:28-04:00,True,"5.02,8.01,9.01",PRESENTATION
0000950170-24-134970,0001213037,"Cardiff Oncology, Inc.",2024-12-10,2024-12-10T16:10:05-05:00,True,"1.01,8.01,9.01",OTHER
0000950170-24-134749,0001213037,"Cardiff Oncology, Inc.",2024-12-10,2024-12-10T06:02:28-05:00,False,"7.01,8.01,9.01",CLINICAL
0001628280-24-026295,0001213037,"Cardiff Oncology, Inc.",2024-06-03,2024-06-03T16:03:35-04:00,True,"5.03,8.01,9.01",OTHER
0001628280-23-033014,0001213037,"Cardiff Oncology, Inc.",2023-09-26,2023-09-26T16:07:11-04:00,True,"7.01,8.01,9.01",CLINICAL
0001104659-23-088391,0001213037,"Cardiff Oncology, Inc.",2023-08-07,2023-08-07T16:42:29-04:00,True,"7.01,8.01,9.01",CLINICAL
0001628280-23-025483,0001213037,"Cardiff Oncology, Inc.",2023-07-24,2023-07-24T17:13:04-04:00,True,"8.01,9.01",OTHER
0001628280-23-022757,0001213037,"Cardiff Oncology, Inc.",2023-06-20,2023-06-20T17:24:45-04:00,True,"8.01,9.01",OTHER
0001628280-23-002037,0001213037,"Cardiff Oncology, Inc.",2023-02-02,2023-02-02T16:02:04-05:00,True,"5.02,8.01,9.01",OTHER
0001628280-22-024744,0001213037,"Cardiff Oncology, Inc.",2022-09-12,2022-09-12T16:09:53-04:00,True,"7.01,8.01,9.01",CLINICAL
0001628280-22-024362,0001213037,"Cardiff Oncology, Inc.",2022-09-06,2022-09-06T16:07:38-04:00,True,"8.01,9.01",PRESENTATION
0001628280-22-001522,0001213037,"Cardiff Oncology, Inc.",2022-01-31,2022-01-31T17:29:22-05:00,True,"8.01,9.01",OTHER
0001628280-22-000669,0001213037,"Cardiff Oncology, Inc.",2022-01-11,2022-01-11T10:09:15-05:00,False,"8.01,9.01",OTHER
0001628280-21-024814,0001213037,"Cardiff Oncology, Inc.",2021-12-10,2021-12-10T11:14:22-05:00,False,"8.01,9.01",PRESENTATION
0001628280-21-024493,0001213037,"Cardiff Oncology, Inc.",2021-12-03,2021-12-03T11:05:50-05:00,False,"8.01,9.01",OTHER
0001628280-21-022729,0001213037,"Cardiff Oncology, Inc.",2021-11-10,2021-11-10T12:54:37-05:00,False,"8.01,9.01",PRESENTATION
0001628280-21-018136,0001213037,"Cardiff Oncology, Inc.",2021-09-07,2021-09-07T11:15:44-04:00,False,"8.01,9.01",PRESENTATION
0001628280-21-017578,0001213037,"Cardiff Oncology, Inc.",2021-08-25,2021-08-25T13:23:03-04:00,False,"8.01,9.01",PRESENTATION
0001628280-21-013733,0001213037,"Cardiff Oncology, Inc.",2021-07-12,2021-07-12T11:13:07-04:00,False,"5.02,8.01,9.01",OTHER
0001628280-21-013508,0001213037,"Cardiff Oncology, Inc.",2021-07-06,2021-07-06T12:35:47-04:00,False,"8.01,9.01",PRESENTATION
0001628280-21-013021,0001213037,"Cardiff Oncology, Inc.",2021-06-28,2021-06-28T13:33:49-04:00,False,"8.01,9.01",OTHER
0001628280-21-012005,0001213037,"Cardiff Oncology, Inc.",2021-06-10,2021-06-10T16:07:21-04:00,True,"5.07,8.01,9.01",OTHER
0001628280-21-011784,0001213037,"Cardiff Oncology, Inc.",2021-06-08,2021-06-08T08:41:33-04:00,False,"8.01,9.01",OTHER
0001628280-21-010750,0001213037,"Cardiff Oncology, Inc.",2021-05-20,2021-05-20T10:36:09-04:00,False,"8.01,9.01",PRESENTATION
0001628280-21-006756,0001213037,"Cardiff Oncology, Inc.",2021-04-12,2021-04-12T08:33:51-04:00,False,"7.01,8.01,9.01",CLINICAL
0001628280-21-006707,0001213037,"Cardiff Oncology, Inc.",2021-04-08,2021-04-08T15:03:11-04:00,False,"8.01,9.01",PRESENTATION
0001628280-21-004508,0001213037,"Cardiff Oncology, Inc.",2021-03-11,2021-03-11T13:43:09-05:00,False,"8.01,9.01",PRESENTATION
0001628280-21-003831,0001213037,"Cardiff Oncology, Inc.",2021-03-03,2021-03-03T12:57:19-05:00,False,"8.01,9.01",PRESENTATION
0001628280-21-002984,0001213037,"Cardiff Oncology, Inc.",2021-02-24,2021-02-24T11:21:42-05:00,False,"8.01,9.01",PRESENTATION
0001628280-21-002232,0001213037,"Cardiff Oncology, Inc.",2021-02-16,2021-02-16T13:43:30-05:00,False,"8.01,9.01",PRESENTATION
0001628280-21-001908,0001213037,"Cardiff Oncology, Inc.",2021-02-11,2021-02-11T10:39:30-05:00,False,"8.01,9.01",CLINICAL
0001628280-21-000813,0001213037,"Cardiff Oncology, Inc.",2021-01-26,2021-01-26T11:19:29-05:00,False,"8.01,9.01",REGULATORY
0001628280-21-000474,0001213037,"Cardiff Oncology, Inc.",2021-01-15,2021-01-15T11:34:08-05:00,False,"8.01,9.01",CLINICAL
0001628280-20-017151,0001213037,"Cardiff Oncology, Inc.",2020-12-07,2020-12-07T13:22:45-05:00,False,"8.01,9.01",CLINICAL
0001628280-20-016701,0001213037,"Cardiff Oncology, Inc.",2020-11-23,2020-11-23T11:54:08-05:00,False,"8.01,9.01",PRESENTATION
0001628280-20-014591,0001213037,"Cardiff Oncology, Inc.",2020-10-20,2020-10-20T11:59:37-04:00,False,"8.01,9.01",CLINICAL
0001628280-20-014034,0001213037,"Cardiff Oncology, Inc.",2020-09-30,2020-09-30T16:09:21-04:00,True,"1.01,8.01,9.01",OTHER
0001628280-20-013690,0001213037,"Cardiff Oncology, Inc.",2020-09-17,2020-09-17T11:18:17-04:00,False,"8.01,9.01",CLINICAL
0001628280-20-013580,0001213037,"Cardiff Oncology, Inc.",2020-09-15,2020-09-15T10:36:52-04:00,False,"8.01,9.01",PRESENTATION
0001628280-20-013539,0001213037,"Cardiff Oncology, Inc.",2020-09-14,2020-09-14T11:55:10-04:00,False,"8.01,9.01",PRESENTATION
0001628280-20-011606,0001213037,"Cardiff Oncology, Inc.",2020-08-04,2020-08-04T14:33:14-04:00,False,"8.01,9.01",PRESENTATION
0001628280-20-010960,0001213037,"Cardiff Oncology, Inc.",2020-07-30,2020-07-30T13:22:31-04:00,False,"8.01,9.01",PRESENTATION
0001628280-20-009534,0001213037,"Cardiff Oncology, Inc.",2020-06-16,2020-06-16T16:26:32-04:00,True,"1.01,3.02,5.03,8.01,9.01",OTHER
0001628280-20-009417,0001213037,"Cardiff Oncology, Inc.",2020-06-15,2020-06-15T11:50:22-04:00,False,"8.01,9.01",CLINICAL
0001628280-20-009155,0001213037,"Cardiff Oncology, Inc.",2020-06-09,2020-06-09T11:26:56-04:00,False,"8.01,9.01",OTHER
0001628280-20-008589,0001213037,"Cardiff Oncology, Inc.",2020-05-29,2020-05-29T12:00:24-04:00,False,"8.01,9.01",CLINICAL
0001628280-20-008504,0001213037,"Cardiff Oncology, Inc.",2020-05-28,2020-05-28T11:50:21-04:00,False,"8.01,9.01",REGULATORY
0001628280-20-008455,0001213037,"Cardiff Oncology, Inc.",2020-05-27,2020-05-27T11:07:54-04:00,False,"1.01,3.02,8.01,9.01",OTHER
0001628280-20-007644,0001213037,"Cardiff Oncology, Inc.",2020-05-13,2020-05-13T10:59:15-04:00,False,"1.01,3.02,5.03,8.01,9.01",OTHER
0001628280-20-006555,0001213037,"Cardiff Oncology, Inc.",2020-05-06,2020-05-06T10:29:01-04:00,False,"5.02,5.03,8.01,9.01",OTHER
0001628280-20-005682,0001213037,"Cardiff Oncology, Inc.",2020-04-28,2020-04-28T12:22:34-04:00,False,"8.01,9.01",CLINICAL
0001628280-20-005226,0001213037,"Cardiff Oncology, Inc.",2020-04-22,2020-04-22T10:54:16-04:00,False,"8.01,9.01",OTHER
0001628280-20-004781,0001213037,"Cardiff Oncology, Inc.",2020-04-08,2020-04-08T11:17:49-04:00,False,"8.01,9.01",PRESENTATION
0001628280-20-004445,0001213037,"Cardiff Oncology, Inc.",2020-04-01,2020-04-01T13:54:51-04:00,False,"8.01,9.01",PRESENTATION
0001628280-20-003017,0001213037,"Cardiff Oncology, Inc.",2020-03-05,2020-03-05T10:38:39-05:00,False,"8.01,9.01",OTHER
0001628280-20-001467,0001213037,"Cardiff Oncology, Inc.",2020-02-13,2020-02-13T10:00:15-05:00,False,"8.01,9.01",CLINICAL
0001628280-20-001027,0001213037,"Cardiff Oncology, Inc.",2020-02-05,2020-02-05T10:24:28-05:00,False,"8.01,9.01",PRESENTATION
0001628280-20-000651,0001213037,"Cardiff Oncology, Inc.",2020-01-29,2020-01-29T10:51:44-05:00,False,"8.01,9.01",OTHER
0001628280-20-000533,0001213037,"Cardiff Oncology, Inc.",2020-01-27,2020-01-27T10:59:12-05:00,False,"8.01,9.01",CLINICAL
0001628280-20-000403,0001213037,"Cardiff Oncology, Inc.",2020-01-21,2020-01-21T10:09:04-05:00,False,"8.01,9.01",CLINICAL
0001628280-19-014850,0001213037,"Cardiff Oncology, Inc.",2019-12-09,2019-12-09T14:49:39-05:00,False,"8.01,9.01",CLINICAL
0001628280-19-014717,0001213037,"Cardiff Oncology, Inc.",2019-12-04,2019-12-04T12:15:12-05:00,False,"8.01,9.01",OTHER
0001628280-19-014171,0001213037,"Cardiff Oncology, Inc.",2019-11-14,2019-11-14T09:07:54-05:00,False,"8.01,9.01",CLINICAL
0001628280-19-013431,0001213037,"Cardiff Oncology, Inc.",2019-11-06,2019-11-06T12:41:55-05:00,False,"8.01,9.01",PRESENTATION
0001193125-19-276277,0001213037,"Cardiff Oncology, Inc.",2019-10-28,2019-10-28T16:52:03-04:00,True,"1.01,3.02,8.01,9.01",OTHER
0001628280-19-012452,0001213037,"Cardiff Oncology, Inc.",2019-10-22,2019-10-22T10:30:34-04:00,False,"8.01,9.01",CLINICAL
0001628280-19-012088,0001213037,"Cardiff Oncology, Inc.",2019-10-02,2019-10-02T10:33:33-04:00,False,"8.01,9.01",OTHER
0001628280-19-012043,0001213037,"Cardiff Oncology, Inc.",2019-10-01,2019-10-01T10:50:35-04:00,False,"8.01,9.01",CLINICAL
0001628280-19-011995,0001213037,"Cardiff Oncology, Inc.",2019-09-30,2019-09-30T12:46:22-04:00,False,"8.01,9.01",CLINICAL
0001104659-19-050671,0001213037,"Cardiff Oncology, Inc.",2019-09-19,2019-09-19T10:06:31-04:00,False,"8.01,9.01",CLINICAL
0001628280-19-011354,0001213037,"Cardiff Oncology, Inc.",2019-09-03,2019-09-03T12:33:04-04:00,False,"8.01,9.01",PRESENTATION
0001628280-19-011171,0001213037,"Cardiff Oncology, Inc.",2019-08-26,2019-08-26T13:50:14-04:00,False,"8.01,9.01",CLINICAL
0001104659-19-046145,0001213037,"Cardiff Oncology, Inc.",2019-08-15,2019-08-15T16:10:56-04:00,True,"8.01,9.01",PRESENTATION
0001104659-19-041217,0001213037,"Cardiff Oncology, Inc.",2019-07-22,2019-07-22T11:55:16-04:00,False,"8.01,9.01",PRESENTATION
0001104659-19-039671,0001213037,"Cardiff Oncology, Inc.",2019-07-09,2019-07-09T11:20:49-04:00,False,"8.01,9.01",OTHER
0001104659-19-032992,0001213037,"Cardiff Oncology, Inc.",2019-05-31,2019-05-31T09:09:47-04:00,False,"8.01,9.01",PRESENTATION
0001104659-19-031363,0001213037,"Cardiff Oncology, Inc.",2019-05-23,2019-05-23T09:25:43-04:00,False,"8.01,9.01",OTHER
0001104659-19-023054,0001213037,"Cardiff Oncology, Inc.",2019-04-23,2019-04-23T14:39:44-04:00,False,"8.01,9.01",OTHER
0001104659-19-020072,0001213037,"Cardiff Oncology, Inc.",2019-04-05,2019-04-05T10:03:54-04:00,False,"1.01,3.02,8.01,9.01",OTHER
0001193125-19-095338,0001213037,"Cardiff Oncology, Inc.",2019-04-02,2019-04-02T10:48:02-04:00,False,"8.01,9.01",CLINICAL
0001193125-19-094145,0001213037,"Cardiff Oncology, Inc.",2019-04-01,2019-04-01T13:10:33-04:00,False,"8.01,9.01",CLINICAL
0001193125-19-073028,0001213037,"Cardiff Oncology, Inc.",2019-03-13,2019-03-13T12:10:02-04:00,False,"8.01,9.01",OTHER
0001193125-19-071578,0001213037,"Cardiff Oncology, Inc.",2019-03-12,2019-03-12T11:19:02-04:00,False,"8.01,9.01",OTHER
0001193125-19-056253,0001213037,"Cardiff Oncology, Inc.",2019-02-28,2019-02-28T10:38:32-05:00,False,"8.01,9.01",PRESENTATION
0001193125-19-044909,0001213037,"Cardiff Oncology, Inc.",2019-02-20,2019-02-20T10:04:32-05:00,False,"5.03,8.01,9.01",OTHER
0001193125-19-039699,0001213037,"Cardiff Oncology, Inc.",2019-02-14,2019-02-14T10:43:02-05:00,False,"8.01,9.01",CLINICAL
0001193125-19-024055,0001213037,"Cardiff Oncology, Inc.",2019-01-31,2019-01-31T16:56:47-05:00,True,"5.03,8.01,9.01",OTHER
0001193125-19-021144,0001213037,"Cardiff Oncology, Inc.",2019-01-29,2019-01-29T17:23:33-05:00,True,"1.01,3.02,5.03,8.01,9.01",REGULATORY
0001193125-19-014479,0001213037,"Cardiff Oncology, Inc.",2019-01-23,2019-01-23T08:44:37-05:00,False,"8.01,9.01",OTHER
0001193125-19-009824,0001213037,"Cardiff Oncology, Inc.",2019-01-15,2019-01-15T16:57:07-05:00,True,"8.01,9.01",OTHER
0001193125-22-095275,0001226616,MEDICINOVA INC,2022-04-05,2022-04-04T18:01:01-04:00,True,8.01,OTHER
0001193125-21-165299,0001226616,MEDICINOVA INC,2021-05-18,2021-05-18T16:01:56-04:00,True,8.01,OTHER
0001193125-21-150688,0001226616,MEDICINOVA INC,2021-05-05,2021-05-05T06:06:01-04:00,False,8.01,OTHER
0001193125-21-023589,0001226616,MEDICINOVA INC,2021-02-01,2021-02-01T06:32:01-05:00,False,"3.02,8.01,9.01",OTHER
0001193125-21-006833,0001226616,MEDICINOVA INC,2021-01-12,2021-01-12T08:45:54-05:00,False,"1.01,3.02,8.01,9.01",OTHER
0000950170-25-076911,0001782303,"Boundless Bio, Inc.",2025-05-23,2025-05-23T16:06:08-04:00,True,"2.05,8.01",OTHER
0000950170-24-135768,0001782303,"Boundless Bio, Inc.",2024-12-12,2024-12-12T16:05:09-05:00,True,"5.02,7.01,8.01,9.01",CLINICAL
0001193125-24-084736,0001782303,"Boundless Bio, Inc.",2024-04-02,2024-04-02T16:01:34-04:00,True,"5.03,8.01,9.01",OTHER
0001193125-25-171747,0001835579,"ImageneBio, Inc.",2025-08-01,2025-08-01T16:59:33-04:00,True,"5.02,8.01,9.01",OTHER
0001193125-25-163990,0001835579,"ImageneBio, Inc.",2025-07-24,2025-07-24T09:18:39-04:00,False,8.01,OTHER
0001193125-25-162584,0001835579,"ImageneBio, Inc.",2025-07-22,2025-07-22T16:20:15-04:00,True,8.01,OTHER
0001193125-25-159400,0001835579,"ImageneBio, Inc.",2025-07-15,2025-07-15T16:50:41-04:00,True,"5.02,5.07,8.01,9.01",OTHER
0001193125-25-157867,0001835579,"ImageneBio, Inc.",2025-07-11,2025-07-11T08:34:05-04:00,False,"8.01,9.01",OTHER
0001193125-25-154016,0001835579,"ImageneBio, Inc.",2025-07-01,2025-07-01T16:15:28-04:00,True,"7.01,8.01,9.01",OTHER
0001193125-24-148112,0001835579,"ImageneBio, Inc.",2024-05-28,2024-05-28T16:24:07-04:00,True,"2.05,7.01,8.01,9.01",CLINICAL
0001193125-24-010227,0001835579,"ImageneBio, Inc.",2024-01-18,2024-01-18T16:26:52-05:00,True,"2.02,2.05,7.01,8.01,9.01",OTHER
0000950170-23-061519,0001835579,"ImageneBio, Inc.",2023-11-09,2023-11-09T07:09:22-05:00,False,"2.02,8.01,9.01",CLINICAL
0001193125-23-144274,0001835579,"ImageneBio, Inc.",2023-05-15,2023-05-15T09:09:10-04:00,False,"1.01,7.01,8.01,9.01",OTHER
0001193125-23-103005,0001835579,"ImageneBio, Inc.",2023-04-17,2023-04-17T09:14:00-04:00,False,"7.01,8.01,9.01",OTHER
0001193125-22-292953,0001835579,"ImageneBio, Inc.",2022-11-28,2022-11-28T08:18:15-05:00,False,"7.01,8.01,9.01",OTHER
0001193125-22-282059,0001835579,"ImageneBio, Inc.",2022-11-10,2022-11-10T09:11:32-05:00,False,"7.01,8.01,9.01",CLINICAL
0001193125-22-096765,0001835579,"ImageneBio, Inc.",2022-04-06,2022-04-06T07:04:01-04:00,False,8.01,OTHER
0000950170-25-109234,0000818033,"HERON THERAPEUTICS, INC. /DE/",2025-08-15,2025-08-15T07:45:32-04:00,False,"1.01,3.03,5.03,8.01,9.01",OTHER
0000950170-25-107416,0000818033,"HERON THERAPEUTICS, INC. /DE/",2025-08-12,2025-08-12T16:45:30-04:00,True,"1.01,5.03,8.01,9.01",OTHER
0000950170-25-105474,0000818033,"HERON THERAPEUTICS, INC. /DE/",2025-08-08,2025-08-08T07:45:30-04:00,False,"1.01,2.02,2.03,3.02,8.01,9.01",OTHER
0000950170-25-063967,0000818033,"HERON THERAPEUTICS, INC. /DE/",2025-05-06,2025-05-06T07:30:08-04:00,False,"8.01,9.01",OTHER
0000950170-24-132874,0000818033,"HERON THERAPEUTICS, INC. /DE/",2024-12-03,2024-12-03T17:15:07-05:00,True,8.01,OTHER
0001193125-24-013587,0000818033,"HERON THERAPEUTICS, INC. /DE/",2024-01-24,2024-01-24T08:01:00-05:00,False,"8.01,9.01",REGULATORY
0001193125-23-302150,0000818033,"HERON THERAPEUTICS, INC. /DE/",2023-12-22,2023-12-22T16:30:04-05:00,True,8.01,REGULATORY
0000950170-23-007473,0000818033,"HERON THERAPEUTICS, INC. /DE/",2023-03-13,2023-03-13T09:11:45-04:00,False,"8.01,9.01",REGULATORY
0000950170-23-006139,0000818033,"HERON THERAPEUTICS, INC. /DE/",2023-03-06,2023-03-06T09:11:09-05:00,False,"8.01,9.01",OTHER
0000950170-22-027082,0000818033,"HERON THERAPEUTICS, INC. /DE/",2022-12-29,2022-12-29T09:10:31-05:00,False,"8.01,9.01",REGULATORY
0001564590-22-031836,0000818033,"HERON THERAPEUTICS, INC. /DE/",2022-09-19,2022-09-19T08:00:54-04:00,False,"8.01,9.01",REGULATORY
0001564590-22-010729,0000818033,"HERON THERAPEUTICS, INC. /DE/",2022-03-17,2022-03-17T08:45:16-04:00,False,"8.01,9.01",REGULATORY
0001564590-21-059819,0000818033,"HERON THERAPEUTICS, INC. /DE/",2021-12-09,2021-12-09T08:05:15-05:00,False,"8.01,9.01",REGULATORY
0001564590-21-057541,0000818033,"HERON THERAPEUTICS, INC. /DE/",2021-11-18,2021-11-18T07:40:15-05:00,False,"8.01,9.01",REGULATORY
0001564590-21-049889,0000818033,"HERON THERAPEUTICS, INC. /DE/",2021-10-04,2021-10-04T08:40:21-04:00,False,"8.01,9.01",REGULATORY
0001564590-21-027241,0000818033,"HERON THERAPEUTICS, INC. /DE/",2021-05-13,2021-05-13T08:25:43-04:00,False,"8.01,9.01",REGULATORY
0001564590-20-053742,0000818033,"HERON THERAPEUTICS, INC. /DE/",2020-11-13,2020-11-13T08:40:21-05:00,False,"8.01,9.01",REGULATORY
0001564590-20-044749,0000818033,"HERON THERAPEUTICS, INC. /DE/",2020-09-28,2020-09-28T08:41:33-04:00,False,"8.01,9.01",REGULATORY
0001564590-20-042727,0000818033,"HERON THERAPEUTICS, INC. /DE/",2020-09-08,2020-09-08T08:41:30-04:00,False,"8.01,9.01",REGULATORY
0001564590-20-033338,0000818033,"HERON THERAPEUTICS, INC. /DE/",2020-07-24,2020-07-24T08:40:28-04:00,False,"8.01,9.01",REGULATORY
0001564590-20-032445,0000818033,"HERON THERAPEUTICS, INC. /DE/",2020-07-16,2020-07-16T08:40:15-04:00,False,"8.01,9.01",OTHER
0001564590-20-031058,0000818033,"HERON THERAPEUTICS, INC. /DE/",2020-06-29,2020-06-29T16:06:13-04:00,True,"8.01,9.01",REGULATORY
0001564590-20-025913,0000818033,"HERON THERAPEUTICS, INC. /DE/",2020-05-18,2020-05-18T09:11:53-04:00,False,"8.01,9.01",REGULATORY
0001564590-20-005303,0000818033,"HERON THERAPEUTICS, INC. /DE/",2020-02-19,2020-02-19T16:37:23-05:00,True,"8.01,9.01",REGULATORY
0001564590-19-045076,0000818033,"HERON THERAPEUTICS, INC. /DE/",2019-12-03,2019-12-03T07:41:12-05:00,False,"8.01,9.01",REGULATORY
0001564590-19-038027,0000818033,"HERON THERAPEUTICS, INC. /DE/",2019-10-28,2019-10-28T08:41:10-04:00,False,"8.01,9.01",REGULATORY
0001564590-19-037287,0000818033,"HERON THERAPEUTICS, INC. /DE/",2019-10-22,2019-10-22T08:42:08-04:00,False,"8.01,9.01",REGULATORY
0001564590-19-036139,0000818033,"HERON THERAPEUTICS, INC. /DE/",2019-10-02,2019-10-02T07:57:49-04:00,False,"7.01,8.01,9.01",CLINICAL
0001564590-19-036000,0000818033,"HERON THERAPEUTICS, INC. /DE/",2019-10-01,2019-10-01T08:42:22-04:00,False,"8.01,9.01",REGULATORY
0001193125-19-195218,0000818033,"HERON THERAPEUTICS, INC. /DE/",2019-07-17,2019-07-17T08:30:33-04:00,False,"3.01,8.01",OTHER
0001193125-19-130962,0000818033,"HERON THERAPEUTICS, INC. /DE/",2019-05-01,2019-05-01T08:06:55-04:00,False,"8.01,9.01",REGULATORY
0001193125-19-093695,0000818033,"HERON THERAPEUTICS, INC. /DE/",2019-04-01,2019-04-01T08:35:33-04:00,False,"8.01,9.01",REGULATORY
0001193125-19-070125,0000818033,"HERON THERAPEUTICS, INC. /DE/",2019-03-11,2019-03-11T08:39:02-04:00,False,"8.01,9.01",CLINICAL
0001193125-19-051944,0000818033,"HERON THERAPEUTICS, INC. /DE/",2019-02-26,2019-02-26T16:10:32-05:00,True,"8.01,9.01",REGULATORY
0001193125-19-001151,0000818033,"HERON THERAPEUTICS, INC. /DE/",2019-01-03,2019-01-03T08:35:35-05:00,False,"8.01,9.01",CLINICAL
0001193125-25-202865,0001339970,aTYR PHARMA INC,2025-09-15,2025-09-15T08:30:27-04:00,False,"8.01,9.01",CLINICAL
0000950170-24-085058,0001339970,aTYR PHARMA INC,2024-07-22,2024-07-22T08:30:15-04:00,False,8.01,OTHER
0000950170-24-065899,0001339970,aTYR PHARMA INC,2024-05-29,2024-05-29T16:03:07-04:00,True,"5.02,5.05,5.07,8.01,9.01",OTHER
0000950170-23-049802,0001339970,aTYR PHARMA INC,2023-09-26,2023-09-26T09:01:19-04:00,False,"7.01,8.01,9.01",PRESENTATION
0000950170-23-047360,0001339970,aTYR PHARMA INC,2023-09-11,2023-09-11T08:04:08-04:00,False,8.01,CLINICAL
0000950170-23-002384,0001339970,aTYR PHARMA INC,2023-02-09,2023-02-09T16:48:04-05:00,True,"8.01,9.01",OTHER
0000950170-23-001836,0001339970,aTYR PHARMA INC,2023-02-06,2023-02-06T08:03:30-05:00,False,8.01,OTHER
0000950170-22-016670,0001339970,aTYR PHARMA INC,2022-08-11,2022-08-11T08:27:00-04:00,False,8.01,REGULATORY
0001564590-22-020476,0001339970,aTYR PHARMA INC,2022-05-17,2022-05-17T08:04:32-04:00,False,"8.01,9.01",PRESENTATION
0001564590-21-048145,0001339970,aTYR PHARMA INC,2021-09-16,2021-09-16T17:13:17-04:00,True,"8.01,9.01",OTHER
0001564590-21-047679,0001339970,aTYR PHARMA INC,2021-09-13,2021-09-13T08:30:49-04:00,False,"8.01,9.01",CLINICAL
0001564590-21-023319,0001339970,aTYR PHARMA INC,2021-05-04,2021-05-04T16:03:45-04:00,True,"8.01,9.01",OTHER
0001564590-21-013011,0001339970,aTYR PHARMA INC,2021-03-15,2021-03-15T08:09:17-04:00,False,"8.01,9.01",CLINICAL
0001564590-21-005005,0001339970,aTYR PHARMA INC,2021-02-09,2021-02-09T16:21:44-05:00,True,"8.01,9.01",OTHER
0001564590-21-001138,0001339970,aTYR PHARMA INC,2021-01-14,2021-01-14T08:05:18-05:00,False,"8.01,9.01",OTHER
0001564590-21-000167,0001339970,aTYR PHARMA INC,2021-01-04,2021-01-04T16:20:55-05:00,True,"8.01,9.01",CLINICAL
0001564590-20-026385,0001339970,aTYR PHARMA INC,2020-05-20,2020-05-20T16:19:16-04:00,True,"8.01,9.01",OTHER
0001564590-20-017579,0001339970,aTYR PHARMA INC,2020-04-21,2020-04-21T08:35:18-04:00,False,"8.01,9.01",REGULATORY
0001564590-19-045783,0001339970,aTYR PHARMA INC,2019-12-12,2019-12-12T08:10:16-05:00,False,"8.01,9.01",CLINICAL
0001564590-19-024170,0001339970,aTYR PHARMA INC,2019-07-01,2019-07-01T09:00:42-04:00,False,"5.02,8.01,9.01",OTHER
0001564590-19-024064,0001339970,aTYR PHARMA INC,2019-06-28,2019-06-28T16:15:36-04:00,True,"3.03,5.03,8.01,9.01",OTHER
0001564590-19-011319,0001339970,aTYR PHARMA INC,2019-04-11,2019-04-11T08:30:46-04:00,False,"1.01,8.01,9.01",OTHER
0001193125-25-258474,0001262104,"Lite Strategy, Inc.",2025-10-30,2025-10-30T16:00:27-04:00,True,"5.02,8.01,9.01",OTHER
0000950170-25-102419,0001262104,"Lite Strategy, Inc.",2025-08-05,2025-08-05T08:05:27-04:00,False,"7.01,8.01,9.01",OTHER
0001140361-25-026773,0001262104,"Lite Strategy, Inc.",2025-07-22,2025-07-22T17:22:30-04:00,True,"1.01,1.02,3.02,5.02,8.01,9.01",OTHER
0000929638-24-002259,0001262104,"Lite Strategy, Inc.",2024-06-25,2024-06-25T16:05:16-04:00,True,8.01,OTHER
0000950170-24-017875,0001262104,"Lite Strategy, Inc.",2024-02-21,2024-02-21T16:00:17-05:00,True,"8.01,9.01",OTHER
0000950170-23-069381,0001262104,"Lite Strategy, Inc.",2023-12-11,2023-12-11T16:00:09-05:00,True,"8.01,9.01",CLINICAL
0001193125-23-191945,0001262104,"Lite Strategy, Inc.",2023-07-24,2023-07-24T09:16:29-04:00,False,"1.02,5.07,8.01,9.01",OTHER
0001193125-23-189610,0001262104,"Lite Strategy, Inc.",2023-07-19,2023-07-19T16:02:09-04:00,True,"1.02,8.01,9.01",OTHER
0001193125-23-188930,0001262104,"Lite Strategy, Inc.",2023-07-18,2023-07-18T17:20:27-04:00,True,"8.01,9.01",OTHER
0001193125-23-188090,0001262104,"Lite Strategy, Inc.",2023-07-17,2023-07-17T16:02:00-04:00,True,"8.01,9.01",OTHER
0001193125-23-186570,0001262104,"Lite Strategy, Inc.",2023-07-13,2023-07-13T16:15:59-04:00,True,"8.01,9.01",OTHER
0001193125-23-183853,0001262104,"Lite Strategy, Inc.",2023-07-07,2023-07-07T16:51:30-04:00,True,"8.01,9.01",OTHER
0001193125-23-182031,0001262104,"Lite Strategy, Inc.",2023-07-05,2023-07-05T17:07:06-04:00,True,"8.01,9.01",OTHER
0001193125-23-178569,0001262104,"Lite Strategy, Inc.",2023-06-29,2023-06-29T16:02:04-04:00,True,"8.01,9.01",OTHER
0001193125-23-176628,0001262104,"Lite Strategy, Inc.",2023-06-28,2023-06-28T06:07:29-04:00,False,"8.01,9.01",OTHER
0001193125-23-158451,0001262104,"Lite Strategy, Inc.",2023-06-01,2023-06-01T08:16:51-04:00,False,"8.01,9.01",OTHER
0001193125-23-156923,0001262104,"Lite Strategy, Inc.",2023-05-31,2023-05-30T21:00:58-04:00,True,"8.01,9.01",OTHER
0001193125-23-102213,0001262104,"Lite Strategy, Inc.",2023-04-14,2023-04-14T16:49:02-04:00,True,"3.03,5.03,8.01,9.01",OTHER
0001193125-22-301019,0001262104,"Lite Strategy, Inc.",2022-12-08,2022-12-08T16:04:13-05:00,True,"5.07,8.01,9.01",REGULATORY
0001193125-22-084277,0001262104,"Lite Strategy, Inc.",2022-03-25,2022-03-24T21:56:05-04:00,True,"8.01,9.01",REGULATORY
0001193125-21-349142,0001262104,"Lite Strategy, Inc.",2021-12-06,2021-12-06T17:22:02-05:00,True,"8.01,9.01",OTHER
0001193125-21-342891,0001262104,"Lite Strategy, Inc.",2021-11-30,2021-11-30T07:13:55-05:00,False,"8.01,9.01",CLINICAL
0001193125-21-189193,0001262104,"Lite Strategy, Inc.",2021-06-14,2021-06-11T19:28:07-04:00,True,"8.01,9.01",PRESENTATION
0001193125-21-144939,0001262104,"Lite Strategy, Inc.",2021-04-30,2021-04-30T16:01:56-04:00,True,"5.02,8.01,9.01",OTHER
0001193125-21-114670,0001262104,"Lite Strategy, Inc.",2021-04-13,2021-04-13T16:04:10-04:00,True,"2.02,8.01,9.01",PRESENTATION
0001193125-20-290299,0001262104,"Lite Strategy, Inc.",2020-11-10,2020-11-10T17:11:29-05:00,True,"8.01,9.01",OTHER
0001193125-20-185881,0001262104,"Lite Strategy, Inc.",2020-07-02,2020-07-02T07:31:59-04:00,False,"8.01,9.01",CLINICAL
0001193125-20-106585,0001262104,"Lite Strategy, Inc.",2020-04-14,2020-04-14T13:26:58-04:00,False,"5.02,8.01,9.01",OTHER
0001193125-20-105808,0001262104,"Lite Strategy, Inc.",2020-04-14,2020-04-14T07:31:04-04:00,False,"1.01,1.02,8.01,9.01",OTHER
0001193125-19-316554,0001262104,"Lite Strategy, Inc.",2019-12-18,2019-12-17T21:32:33-05:00,True,"8.01,9.01",OTHER
0001193125-19-189160,0001262104,"Lite Strategy, Inc.",2019-07-03,2019-07-03T15:00:32-04:00,False,"5.02,8.01,9.01",OTHER
0001193125-19-164088,0001262104,"Lite Strategy, Inc.",2019-06-03,2019-06-03T16:06:03-04:00,True,"8.01,9.01",CLINICAL
0001193125-25-269526,0001534133,"CalciMedica, Inc.",2025-11-06,2025-11-06T16:11:13-05:00,True,"8.01,9.01",OTHER
0001193125-25-046225,0001534133,"CalciMedica, Inc.",2025-03-05,2025-03-05T07:08:25-05:00,False,"1.01,2.03,3.02,8.01,9.01",OTHER
0001193125-25-044830,0001534133,"CalciMedica, Inc.",2025-03-04,2025-03-04T07:05:24-05:00,False,"7.01,8.01,9.01",CLINICAL
0001193125-24-283105,0001534133,"CalciMedica, Inc.",2024-12-20,2024-12-20T16:06:00-05:00,True,"8.01,9.01",OTHER
0001193125-24-248761,0001534133,"CalciMedica, Inc.",2024-10-31,2024-10-31T16:48:00-04:00,True,"1.01,8.01,9.01",OTHER
0001193125-24-247643,0001534133,"CalciMedica, Inc.",2024-10-30,2024-10-30T16:56:52-04:00,True,"2.02,8.01,9.01",OTHER
0001193125-24-247004,0001534133,"CalciMedica, Inc.",2024-10-30,2024-10-30T07:24:04-04:00,False,"7.01,8.01,9.01",CLINICAL
0001193125-24-169805,0001534133,"CalciMedica, Inc.",2024-06-27,2024-06-27T08:45:55-04:00,False,"7.01,8.01,9.01",CLINICAL
0001193125-24-081584,0001534133,"CalciMedica, Inc.",2024-03-29,2024-03-29T08:35:33-04:00,False,"8.01,9.01",OTHER
0001193125-24-033981,0001534133,"CalciMedica, Inc.",2024-02-13,2024-02-13T17:30:00-05:00,True,"7.01,8.01,9.01",PRESENTATION
0001193125-24-011738,0001534133,"CalciMedica, Inc.",2024-01-22,2024-01-22T08:42:01-05:00,False,"1.01,2.02,3.02,7.01,8.01,9.01",OTHER
0001193125-23-268948,0001534133,"CalciMedica, Inc.",2023-11-02,2023-11-02T09:26:00-04:00,False,"2.02,8.01,9.01",CLINICAL
0001193125-23-210794,0001534133,"CalciMedica, Inc.",2023-08-11,2023-08-11T16:28:30-04:00,True,"8.01,9.01",OTHER
0001193125-23-137097,0001534133,"CalciMedica, Inc.",2023-05-05,2023-05-05T16:09:11-04:00,True,"3.01,8.01",OTHER
0001193125-23-076714,0001534133,"CalciMedica, Inc.",2023-03-22,2023-03-22T16:18:04-04:00,True,"2.01,3.01,3.02,3.03,5.01,5.02,5.03,8.01,9.01",OTHER
0001193125-23-071452,0001534133,"CalciMedica, Inc.",2023-03-15,2023-03-15T17:03:53-04:00,True,"5.07,8.01",OTHER
0001193125-23-059999,0001534133,"CalciMedica, Inc.",2023-03-03,2023-03-03T16:04:13-05:00,True,"5.02,8.01",OTHER
0001193125-22-290485,0001534133,"CalciMedica, Inc.",2022-11-22,2022-11-22T07:51:03-05:00,False,"8.01,9.01",OTHER
0001193125-22-290244,0001534133,"CalciMedica, Inc.",2022-11-22,2022-11-21T21:49:03-05:00,True,"1.01,8.01,9.01",OTHER
0001213900-25-120759,0001074871,"Modular Medical, Inc.",2025-12-11,2025-12-11T17:00:24-05:00,True,"1.01,8.01,9.01",OTHER
0001213900-25-048276,0001074871,"Modular Medical, Inc.",2025-05-28,2025-05-28T16:05:30-04:00,True,"5.02,8.01,9.01",OTHER
0001213900-24-102121,0001074871,"Modular Medical, Inc.",2024-11-25,2024-11-25T15:39:55-05:00,False,"1.01,8.01,9.01",OTHER
0001213900-24-075772,0001074871,"Modular Medical, Inc.",2024-09-05,2024-09-05T06:06:43-04:00,False,"8.01,9.01",REGULATORY
0001213900-24-014985,0001074871,"Modular Medical, Inc.",2024-02-16,2024-02-16T17:27:54-05:00,True,"1.01,8.01,9.01",OTHER
0001213900-24-014542,0001074871,"Modular Medical, Inc.",2024-02-15,2024-02-15T16:01:39-05:00,True,"3.03,5.03,5.07,8.01,9.01",OTHER
0001213900-24-004669,0001074871,"Modular Medical, Inc.",2024-01-19,2024-01-19T08:30:34-05:00,False,"8.01,9.01",REGULATORY
0001213900-23-040917,0001074871,"Modular Medical, Inc.",2023-05-17,2023-05-17T17:21:40-04:00,True,"1.01,8.01,9.01",OTHER
0001019056-22-000518,0001074871,"Modular Medical, Inc.",2022-07-26,2022-07-26T09:00:55-04:00,False,"3.02,5.02,8.01,9.01",OTHER
0001019056-22-000516,0001074871,"Modular Medical, Inc.",2022-07-25,2022-07-22T17:44:16-04:00,True,8.01,OTHER
0001019056-22-000371,0001074871,"Modular Medical, Inc.",2022-05-05,2022-05-05T17:00:32-04:00,True,"1.01,3.02,8.01,9.01",OTHER
0001019056-22-000321,0001074871,"Modular Medical, Inc.",2022-04-08,2022-04-08T07:21:40-04:00,False,"8.01,9.01",OTHER
0001019056-22-000236,0001074871,"Modular Medical, Inc.",2022-02-25,2022-02-25T15:59:27-05:00,False,"5.02,8.01,9.01",OTHER
0001019056-22-000180,0001074871,"Modular Medical, Inc.",2022-02-14,2022-02-14T11:29:18-05:00,False,"1.01,8.01,9.01",OTHER
0001019056-22-000025,0001074871,"Modular Medical, Inc.",2022-01-04,2022-01-04T15:12:26-05:00,False,"5.02,8.01,9.01",OTHER
0001019056-21-000626,0001074871,"Modular Medical, Inc.",2021-12-03,2021-12-03T17:11:37-05:00,True,"5.02,8.01,9.01",OTHER
0001019056-21-000620,0001074871,"Modular Medical, Inc.",2021-12-01,2021-12-01T09:26:00-05:00,False,"5.03,8.01,9.01",OTHER
0001019056-21-000475,0001074871,"Modular Medical, Inc.",2021-08-16,2021-08-16T14:44:42-04:00,False,"5.02,8.01,9.01",OTHER
0001019056-21-000212,0001074871,"Modular Medical, Inc.",2021-03-25,2021-03-25T14:04:06-04:00,False,"8.01,9.01",PRESENTATION
0001493152-25-011402,0001401914,"Dare Bioscience, Inc.",2025-07-25,2025-07-25T08:00:27-04:00,False,8.01,OTHER
0001641172-25-020295,0001401914,"Dare Bioscience, Inc.",2025-07-21,2025-07-18T17:48:56-04:00,True,8.01,OTHER
0001641172-25-018894,0001401914,"Dare Bioscience, Inc.",2025-07-14,2025-07-14T08:01:40-04:00,False,"7.01,8.01,9.01",CLINICAL
0001641172-25-016374,0001401914,"Dare Bioscience, Inc.",2025-06-25,2025-06-25T08:00:42-04:00,False,8.01,OTHER
0001641172-25-003887,0001401914,"Dare Bioscience, Inc.",2025-04-11,2025-04-11T17:15:09-04:00,True,8.01,OTHER
0001493152-24-050117,0001401914,"Dare Bioscience, Inc.",2024-12-16,2024-12-16T08:05:12-05:00,False,"7.01,8.01,9.01",REGULATORY
0001493152-24-028443,0001401914,"Dare Bioscience, Inc.",2024-07-19,2024-07-19T08:05:26-04:00,False,"7.01,8.01,9.01",INVALID:COMPLIANCE
0001493152-24-025435,0001401914,"Dare Bioscience, Inc.",2024-06-27,2024-06-27T16:15:21-04:00,True,"3.03,5.03,7.01,8.01,9.01",OTHER
0001493152-23-045515,0001401914,"Dare Bioscience, Inc.",2023-12-20,2023-12-20T08:05:38-05:00,False,"7.01,8.01,9.01",CLINICAL
0001493152-23-038952,0001401914,"Dare Bioscience, Inc.",2023-11-01,2023-11-01T08:05:35-04:00,False,"7.01,8.01,9.01",CLINICAL
0001493152-23-037290,0001401914,"Dare Bioscience, Inc.",2023-10-16,2023-10-16T08:15:35-04:00,False,"7.01,8.01,9.01",OTHER
0001493152-23-030659,0001401914,"Dare Bioscience, Inc.",2023-08-30,2023-08-30T16:05:19-04:00,True,"1.01,8.01,9.01",OTHER
0001493152-23-023364,0001401914,"Dare Bioscience, Inc.",2023-07-05,2023-07-05T08:05:17-04:00,False,"1.01,7.01,8.01,9.01",OTHER
0001493152-23-020081,0001401914,"Dare Bioscience, Inc.",2023-06-05,2023-06-05T08:05:32-04:00,False,"7.01,8.01,9.01",CLINICAL
0001493152-23-007352,0001401914,"Dare Bioscience, Inc.",2023-03-13,2023-03-13T08:20:35-04:00,False,"8.01,9.01",NO_TEXT
0001493152-23-003634,0001401914,"Dare Bioscience, Inc.",2023-02-06,2023-02-06T08:00:43-05:00,False,"8.01,9.01","INVALID:I appreciate your request, but I need to"
0001493152-23-002389,0001401914,"Dare Bioscience, Inc.",2023-01-25,2023-01-25T08:00:26-05:00,False,8.01,OTHER
0001493152-23-000904,0001401914,"Dare Bioscience, Inc.",2023-01-09,2023-01-09T08:05:44-05:00,False,"7.01,8.01,9.01",CLINICAL
0001493152-22-035118,0001401914,"Dare Bioscience, Inc.",2022-12-12,2022-12-12T08:05:18-05:00,False,"7.01,8.01,9.01",OTHER
0001493152-22-034410,0001401914,"Dare Bioscience, Inc.",2022-12-05,2022-12-05T07:45:20-05:00,False,8.01,OTHER
0001493152-22-031629,0001401914,"Dare Bioscience, Inc.",2022-11-14,2022-11-14T08:05:35-05:00,False,"7.01,8.01,9.01",CLINICAL
0001493152-22-028519,0001401914,"Dare Bioscience, Inc.",2022-10-17,2022-10-17T08:05:49-04:00,False,"7.01,8.01,9.01",CLINICAL
0001493152-22-028049,0001401914,"Dare Bioscience, Inc.",2022-10-11,2022-10-11T09:00:17-04:00,False,"7.01,8.01,9.01",REGULATORY
0001401914-22-000079,0001401914,"Dare Bioscience, Inc.",2022-09-12,2022-09-09T17:44:14-04:00,True,"8.01,9.01",PRESENTATION
0001493152-22-024228,0001401914,"Dare Bioscience, Inc.",2022-08-29,2022-08-29T08:05:32-04:00,False,"7.01,8.01,9.01",CLINICAL
0001493152-22-020205,0001401914,"Dare Bioscience, Inc.",2022-07-25,2022-07-25T09:00:54-04:00,False,"8.01,9.01",NO_TEXT
0001493152-22-018820,0001401914,"Dare Bioscience, Inc.",2022-07-07,2022-07-07T17:00:35-04:00,True,8.01,OTHER
0001401914-22-000054,0001401914,"Dare Bioscience, Inc.",2022-05-23,2022-05-20T17:37:03-04:00,True,"8.01,9.01",PRESENTATION
0001401914-22-000015,0001401914,"Dare Bioscience, Inc.",2022-03-07,2022-03-04T17:40:25-05:00,True,"8.01,9.01",PRESENTATION
0001401914-22-000012,0001401914,"Dare Bioscience, Inc.",2022-02-14,2022-02-11T17:40:49-05:00,True,"8.01,9.01",PRESENTATION
0001401914-22-000003,0001401914,"Dare Bioscience, Inc.",2022-01-10,2022-01-07T17:38:12-05:00,True,"8.01,9.01",PRESENTATION
0001401914-21-000144,0001401914,"Dare Bioscience, Inc.",2021-12-08,2021-12-08T16:05:09-05:00,True,"8.01,9.01",PRESENTATION
0001401914-21-000140,0001401914,"Dare Bioscience, Inc.",2021-12-07,2021-12-07T16:16:55-05:00,True,8.01,REGULATORY
0001401914-21-000125,0001401914,"Dare Bioscience, Inc.",2021-09-30,2021-09-29T17:46:54-04:00,True,"8.01,9.01",PRESENTATION
0001401914-21-000122,0001401914,"Dare Bioscience, Inc.",2021-09-09,2021-09-08T18:23:40-04:00,True,"8.01,9.01",PRESENTATION
0001401914-21-000114,0001401914,"Dare Bioscience, Inc.",2021-08-09,2021-08-09T08:07:49-04:00,False,"7.01,8.01,9.01",REGULATORY
0001401914-21-000106,0001401914,"Dare Bioscience, Inc.",2021-06-30,2021-06-29T17:41:18-04:00,True,"8.01,9.01",PRESENTATION
0001401914-21-000085,0001401914,"Dare Bioscience, Inc.",2021-05-17,2021-05-17T16:10:39-04:00,True,"8.01,9.01",PRESENTATION
0001401914-21-000061,0001401914,"Dare Bioscience, Inc.",2021-04-08,2021-04-08T16:03:52-04:00,True,"8.01,9.01",PRESENTATION
0001401914-21-000030,0001401914,"Dare Bioscience, Inc.",2021-03-08,2021-03-08T16:45:25-05:00,True,"8.01,9.01",PRESENTATION
0001401914-21-000026,0001401914,"Dare Bioscience, Inc.",2021-02-16,2021-02-12T17:33:38-05:00,True,"8.01,9.01",PRESENTATION
0001401914-21-000017,0001401914,"Dare Bioscience, Inc.",2021-01-11,2021-01-11T07:45:40-05:00,False,"8.01,9.01",PRESENTATION
0001401914-20-000126,0001401914,"Dare Bioscience, Inc.",2020-12-09,2020-12-09T16:03:07-05:00,True,"8.01,9.01",PRESENTATION
0001401914-20-000124,0001401914,"Dare Bioscience, Inc.",2020-12-07,2020-12-07T08:09:06-05:00,False,"7.01,8.01,9.01",CLINICAL
0001401914-20-000122,0001401914,"Dare Bioscience, Inc.",2020-11-18,2020-11-18T16:04:16-05:00,True,"8.01,9.01",PRESENTATION
0001401914-20-000114,0001401914,"Dare Bioscience, Inc.",2020-10-06,2020-10-06T16:06:09-04:00,True,"8.01,9.01",PRESENTATION
0001401914-20-000109,0001401914,"Dare Bioscience, Inc.",2020-09-09,2020-09-09T16:03:44-04:00,True,"8.01,9.01",PRESENTATION
0001401914-20-000081,0001401914,"Dare Bioscience, Inc.",2020-06-08,2020-06-05T17:52:37-04:00,True,"8.01,9.01",PRESENTATION
0001401914-20-000054,0001401914,"Dare Bioscience, Inc.",2020-04-27,2020-04-24T18:36:04-04:00,True,"8.01,9.01",PRESENTATION
0001401914-20-000038,0001401914,"Dare Bioscience, Inc.",2020-03-16,2020-03-16T16:10:36-04:00,True,"8.01,9.01",PRESENTATION
0001401914-20-000022,0001401914,"Dare Bioscience, Inc.",2020-02-10,2020-02-10T16:03:11-05:00,True,"8.01,9.01",PRESENTATION
0001401914-20-000020,0001401914,"Dare Bioscience, Inc.",2020-02-06,2020-02-06T08:52:49-05:00,False,"8.01,9.01",OTHER
0001401914-20-000018,0001401914,"Dare Bioscience, Inc.",2020-02-05,2020-02-04T18:08:33-05:00,True,8.01,OTHER
0001401914-20-000012,0001401914,"Dare Bioscience, Inc.",2020-01-30,2020-01-30T08:54:36-05:00,False,"8.01,9.01",OTHER
0001401914-20-000003,0001401914,"Dare Bioscience, Inc.",2020-01-09,2020-01-08T17:39:53-05:00,True,"8.01,9.01",PRESENTATION
0001401914-19-000086,0001401914,"Dare Bioscience, Inc.",2019-10-02,2019-10-02T16:04:28-04:00,True,"8.01,9.01",PRESENTATION
0001401914-19-000084,0001401914,"Dare Bioscience, Inc.",2019-09-09,2019-09-06T17:59:45-04:00,True,"8.01,9.01",PRESENTATION
0001401914-19-000074,0001401914,"Dare Bioscience, Inc.",2019-07-22,2019-07-22T17:15:14-04:00,True,"8.01,9.01",PRESENTATION
0001401914-19-000058,0001401914,"Dare Bioscience, Inc.",2019-06-03,2019-06-03T16:06:32-04:00,True,"8.01,9.01",PRESENTATION
0001401914-19-000050,0001401914,"Dare Bioscience, Inc.",2019-05-20,2019-05-20T16:20:06-04:00,True,"8.01,9.01",PRESENTATION
0001401914-19-000034,0001401914,"Dare Bioscience, Inc.",2019-04-22,2019-04-22T16:03:17-04:00,True,8.01,OTHER
0001401914-19-000032,0001401914,"Dare Bioscience, Inc.",2019-04-12,2019-04-12T16:05:33-04:00,True,8.01,OTHER
0001401914-19-000029,0001401914,"Dare Bioscience, Inc.",2019-04-11,2019-04-11T16:25:38-04:00,True,8.01,OTHER
0001401914-19-000023,0001401914,"Dare Bioscience, Inc.",2019-04-09,2019-04-09T08:50:06-04:00,False,"1.01,8.01,9.01",OTHER
0001401914-19-000017,0001401914,"Dare Bioscience, Inc.",2019-04-01,2019-04-01T16:47:25-04:00,True,"8.01,9.01",OTHER
0001401914-19-000008,0001401914,"Dare Bioscience, Inc.",2019-03-05,2019-03-05T08:45:39-05:00,False,"8.01,9.01",PRESENTATION
0001401914-19-000006,0001401914,"Dare Bioscience, Inc.",2019-02-11,2019-02-11T16:09:20-05:00,True,"8.01,9.01",PRESENTATION
0001401914-19-000003,0001401914,"Dare Bioscience, Inc.",2019-02-05,2019-02-05T11:04:10-05:00,False,"8.01,9.01",PRESENTATION
0001564590-19-000281,0001401914,"Dare Bioscience, Inc.",2019-01-07,2019-01-07T08:00:55-05:00,False,"8.01,9.01",PRESENTATION
0001140361-25-035286,0001411690,"Bionano Genomics, Inc.",2025-09-18,2025-09-17T18:02:26-04:00,True,"1.01,8.01,9.01",OTHER
0001140361-25-000296,0001411690,"Bionano Genomics, Inc.",2025-01-06,2025-01-06T07:10:36-05:00,False,"1.01,7.01,8.01,9.01",OTHER
0001140361-24-044715,0001411690,"Bionano Genomics, Inc.",2024-10-31,2024-10-31T08:50:00-04:00,False,"1.01,7.01,8.01,9.01",OTHER
0001140361-24-032559,0001411690,"Bionano Genomics, Inc.",2024-07-08,2024-07-08T06:16:32-04:00,False,"1.01,3.02,7.01,8.01,9.01",OTHER
0001140361-24-027553,0001411690,"Bionano Genomics, Inc.",2024-05-28,2024-05-28T08:15:32-04:00,False,"1.01,1.02,2.03,3.02,7.01,8.01,9.01",OTHER
0001140361-24-018645,0001411690,"Bionano Genomics, Inc.",2024-04-08,2024-04-08T16:56:24-04:00,True,"8.01,9.01",OTHER
0001140361-23-011289,0001411690,"Bionano Genomics, Inc.",2023-03-13,2023-03-13T07:30:40-04:00,False,8.01,OTHER
0001140361-23-004345,0001411690,"Bionano Genomics, Inc.",2023-02-03,2023-02-03T08:30:28-05:00,False,"2.02,8.01",OTHER
0001140361-22-043393,0001411690,"Bionano Genomics, Inc.",2022-11-29,2022-11-29T08:00:32-05:00,False,"8.01,9.01",PRESENTATION
0001140361-22-043313,0001411690,"Bionano Genomics, Inc.",2022-11-28,2022-11-28T17:02:16-05:00,True,"1.01,7.01,8.01,9.01",OTHER
0001411690-21-000029,0001411690,"Bionano Genomics, Inc.",2021-11-04,2021-11-04T16:05:05-04:00,True,"2.02,8.01,9.01",OTHER
0001140361-21-034291,0001411690,"Bionano Genomics, Inc.",2021-10-12,2021-10-12T08:05:44-04:00,False,"1.01,3.02,7.01,8.01,9.01",OTHER
0001411690-21-000022,0001411690,"Bionano Genomics, Inc.",2021-08-04,2021-08-04T16:02:39-04:00,True,"2.02,8.01,9.01",OTHER
0001411690-21-000012,0001411690,"Bionano Genomics, Inc.",2021-05-13,2021-05-13T16:01:07-04:00,True,"2.02,8.01,9.01",OTHER
0001140361-21-009777,0001411690,"Bionano Genomics, Inc.",2021-03-24,2021-03-24T16:11:37-04:00,True,"8.01,9.01",OTHER
0001411690-21-000002,0001411690,"Bionano Genomics, Inc.",2021-03-23,2021-03-23T16:04:46-04:00,True,"2.02,8.01,9.01",OTHER
0001140361-21-001667,0001411690,"Bionano Genomics, Inc.",2021-01-21,2021-01-21T06:06:21-05:00,False,"8.01,9.01",OTHER
0001140361-21-001495,0001411690,"Bionano Genomics, Inc.",2021-01-20,2021-01-19T17:59:42-05:00,True,"2.02,8.01",OTHER
0001140361-21-000749,0001411690,"Bionano Genomics, Inc.",2021-01-11,2021-01-11T08:37:55-05:00,False,"8.01,9.01",OTHER
0001140361-21-000504,0001411690,"Bionano Genomics, Inc.",2021-01-07,2021-01-07T16:41:03-05:00,True,"2.02,8.01,9.01",OTHER
0001140361-21-000003,0001411690,"Bionano Genomics, Inc.",2021-01-04,2021-01-04T06:03:16-05:00,False,8.01,OTHER
0001140361-20-019070,0001411690,"Bionano Genomics, Inc.",2020-08-26,2020-08-26T08:05:59-04:00,False,"5.02,8.01,9.01",OTHER
0001140361-20-018910,0001411690,"Bionano Genomics, Inc.",2020-08-24,2020-08-24T07:35:16-04:00,False,"1.01,2.01,2.02,2.03,3.02,8.01,9.01",OTHER
0001140361-20-018395,0001411690,"Bionano Genomics, Inc.",2020-08-14,2020-08-14T06:28:59-04:00,False,"8.01,9.01",OTHER
0001140361-20-011663,0001411690,"Bionano Genomics, Inc.",2020-05-14,2020-05-14T17:28:20-04:00,True,"2.02,8.01,9.01",OTHER
0001140361-20-008106,0001411690,"Bionano Genomics, Inc.",2020-04-06,2020-04-06T16:00:35-04:00,True,8.01,OTHER
0001140361-20-001848,0001411690,"Bionano Genomics, Inc.",2020-01-30,2020-01-30T16:05:16-05:00,True,8.01,OTHER
0001140361-19-018941,0001411690,"Bionano Genomics, Inc.",2019-10-23,2019-10-23T16:56:59-04:00,True,8.01,OTHER
0001140361-19-016942,0001411690,"Bionano Genomics, Inc.",2019-09-19,2019-09-19T06:04:17-04:00,False,8.01,OTHER
0001193125-19-017154,0001411690,"Bionano Genomics, Inc.",2019-01-25,2019-01-25T16:32:35-05:00,True,"3.03,8.01",OTHER
0001372514-24-000099,0001372514,KIORA PHARMACEUTICALS INC,2024-07-30,2024-07-30T07:02:02-04:00,False,"8.01,9.01",REGULATORY
0001372514-24-000068,0001372514,KIORA PHARMACEUTICALS INC,2024-07-01,2024-07-01T07:00:32-04:00,False,"5.02,7.01,8.01,9.01",OTHER
0001372514-24-000057,0001372514,KIORA PHARMACEUTICALS INC,2024-06-07,2024-06-07T07:02:21-04:00,False,"3.03,5.03,8.01,9.01",OTHER
0001372514-23-000129,0001372514,KIORA PHARMACEUTICALS INC,2023-09-21,2023-09-21T07:00:27-04:00,False,"5.02,8.01,9.01",OTHER
0001372514-23-000125,0001372514,KIORA PHARMACEUTICALS INC,2023-09-01,2023-09-01T07:00:16-04:00,False,"8.01,9.01",OTHER
0001372514-23-000101,0001372514,KIORA PHARMACEUTICALS INC,2023-06-15,2023-06-15T16:59:00-04:00,True,"1.01,8.01,9.01",OTHER
0001372514-23-000097,0001372514,KIORA PHARMACEUTICALS INC,2023-06-06,2023-06-06T16:52:21-04:00,True,"1.01,5.03,8.01,9.01",OTHER
0001372514-23-000057,0001372514,KIORA PHARMACEUTICALS INC,2023-04-27,2023-04-27T14:55:53-04:00,False,"8.01,9.01",CLINICAL
0001372514-23-000010,0001372514,KIORA PHARMACEUTICALS INC,2023-02-07,2023-02-07T07:01:56-05:00,False,"8.01,9.01",REGULATORY
0001372514-23-000008,0001372514,KIORA PHARMACEUTICALS INC,2023-02-03,2023-02-03T07:01:58-05:00,False,"1.01,3.02,8.01,9.01",OTHER
0001104659-23-000363,0001372514,KIORA PHARMACEUTICALS INC,2023-01-03,2023-01-03T16:31:06-05:00,True,8.01,OTHER
0001104659-22-120486,0001372514,KIORA PHARMACEUTICALS INC,2022-11-21,2022-11-21T07:00:23-05:00,False,"1.01,3.02,3.03,8.01,9.01",OTHER
0001104659-22-108263,0001372514,KIORA PHARMACEUTICALS INC,2022-10-13,2022-10-13T06:45:24-04:00,False,"8.01,9.01",OTHER
0001104659-22-102816,0001372514,KIORA PHARMACEUTICALS INC,2022-09-26,2022-09-26T06:45:56-04:00,False,"3.03,5.03,8.01,9.01",OTHER
0001104659-22-100852,0001372514,KIORA PHARMACEUTICALS INC,2022-09-16,2022-09-16T16:30:33-04:00,True,"5.02,5.07,8.01,9.01",OTHER
0001104659-22-082802,0001372514,KIORA PHARMACEUTICALS INC,2022-07-26,2022-07-26T16:31:04-04:00,True,"1.01,5.03,8.01,9.01",OTHER
0001104659-21-149386,0001372514,KIORA PHARMACEUTICALS INC,2021-12-14,2021-12-14T07:02:29-05:00,False,"8.01,9.01",CLINICAL
0001104659-21-135333,0001372514,KIORA PHARMACEUTICALS INC,2021-11-08,2021-11-08T07:32:56-05:00,False,"5.03,8.01,9.01",PRESENTATION
0001104659-21-102512,0001372514,KIORA PHARMACEUTICALS INC,2021-08-10,2021-08-10T06:55:46-04:00,False,"1.01,3.02,8.01,9.01",OTHER
0001104659-21-009669,0001372514,KIORA PHARMACEUTICALS INC,2021-02-01,2021-02-01T06:55:17-05:00,False,"5.02,8.01,9.01",OTHER
0001104659-21-001243,0001372514,KIORA PHARMACEUTICALS INC,2021-01-06,2021-01-06T06:55:07-05:00,False,"1.01,3.02,8.01,9.01",OTHER
0001104659-20-137679,0001372514,KIORA PHARMACEUTICALS INC,2020-12-21,2020-12-21T06:55:40-05:00,False,"1.01,2.01,3.02,5.03,8.01,9.01",OTHER
0001104659-20-040798,0001372514,KIORA PHARMACEUTICALS INC,2020-03-31,2020-03-31T06:55:34-04:00,False,"8.01,9.01",CLINICAL
0001104659-19-077311,0001372514,KIORA PHARMACEUTICALS INC,2019-12-31,2019-12-31T16:05:34-05:00,True,"1.01,3.02,8.01,9.01",OTHER
0001104659-19-073250,0001372514,KIORA PHARMACEUTICALS INC,2019-12-17,2019-12-17T08:41:46-05:00,False,"8.01,9.01",CLINICAL
0001104659-19-068757,0001372514,KIORA PHARMACEUTICALS INC,2019-12-02,2019-12-02T06:55:21-05:00,False,"8.01,9.01",CLINICAL
0001104659-19-066395,0001372514,KIORA PHARMACEUTICALS INC,2019-11-22,2019-11-22T06:55:24-05:00,False,"8.01,9.01",CLINICAL
0001144204-19-046375,0001372514,KIORA PHARMACEUTICALS INC,2019-09-30,2019-09-30T06:55:40-04:00,False,"1.01,3.02,8.01,9.01",OTHER
0001144204-19-045543,0001372514,KIORA PHARMACEUTICALS INC,2019-09-23,2019-09-23T06:57:20-04:00,False,"8.01,9.01",OTHER
0001144204-19-042362,0001372514,KIORA PHARMACEUTICALS INC,2019-08-29,2019-08-29T12:45:16-04:00,False,"3.03,5.03,8.01,9.01",OTHER
0001144204-19-025771,0001372514,KIORA PHARMACEUTICALS INC,2019-05-14,2019-05-14T06:55:54-04:00,False,"8.01,9.01",OTHER
0001516551-24-000093,0001516551,"Skye Bioscience, Inc.",2024-10-29,2024-10-29T17:25:22-04:00,True,"5.02,8.01,9.01",OTHER
0001516551-24-000059,0001516551,"Skye Bioscience, Inc.",2024-06-10,2024-06-10T09:27:39-04:00,False,"8.01,9.01",CLINICAL
0001516551-24-000034,0001516551,"Skye Bioscience, Inc.",2024-03-04,2024-03-04T16:23:48-05:00,True,"5.02,8.01,9.01",OTHER
0001516551-24-000008,0001516551,"Skye Bioscience, Inc.",2024-02-12,2024-02-12T16:18:20-05:00,True,"8.01,9.01",OTHER
0001516551-24-000002,0001516551,"Skye Bioscience, Inc.",2024-01-29,2024-01-29T08:02:44-05:00,False,"1.01,3.02,7.01,8.01,9.01",OTHER
0001516551-23-000079,0001516551,"Skye Bioscience, Inc.",2023-10-03,2023-10-03T16:34:25-04:00,True,"5.02,8.01,9.01",OTHER
0001516551-23-000020,0001516551,"Skye Bioscience, Inc.",2023-02-16,2023-02-16T17:16:29-05:00,True,"5.02,8.01,9.01",OTHER
0001516551-23-000018,0001516551,"Skye Bioscience, Inc.",2023-02-15,2023-02-15T16:26:04-05:00,True,"1.01,2.01,8.01,9.01",OTHER
0001516551-22-000010,0001516551,"Skye Bioscience, Inc.",2022-05-12,2022-05-12T09:08:42-04:00,False,"1.01,3.02,5.02,8.01,9.01",OTHER
0001516551-21-000031,0001516551,"Skye Bioscience, Inc.",2021-12-20,2021-12-20T17:25:25-05:00,True,"5.02,8.01,9.01",OTHER
0001516551-21-000017,0001516551,"Skye Bioscience, Inc.",2021-10-15,2021-10-15T17:05:10-04:00,True,"1.01,8.01,9.01",OTHER
0001516551-21-000015,0001516551,"Skye Bioscience, Inc.",2021-10-06,2021-10-05T20:43:42-04:00,True,"5.02,8.01,9.01",OTHER
0001640334-21-002419,0001516551,"Skye Bioscience, Inc.",2021-09-28,2021-09-28T08:45:42-04:00,False,"1.01,8.01,9.01",OTHER
0001628280-21-018623,0001516551,"Skye Bioscience, Inc.",2021-09-15,2021-09-14T20:08:06-04:00,True,"5.02,8.01,9.01",OTHER
0001640334-21-001671,0001516551,"Skye Bioscience, Inc.",2021-07-26,2021-07-26T12:40:36-04:00,False,"5.02,8.01,9.01",OTHER
0001640334-21-000128,0001516551,"Skye Bioscience, Inc.",2021-01-19,2021-01-19T10:57:38-05:00,False,"5.03,8.01,9.01",NO_TEXT
0001640334-20-002056,0001516551,"Skye Bioscience, Inc.",2020-08-12,2020-08-12T16:41:53-04:00,True,"5.02,8.01,9.01",OTHER
0001640334-20-001960,0001516551,"Skye Bioscience, Inc.",2020-08-05,2020-08-04T20:00:01-04:00,True,"1.01,8.01,9.01",OTHER
0001640334-19-002653,0001516551,"Skye Bioscience, Inc.",2019-12-23,2019-12-20T20:10:43-05:00,True,"1.01,1.02,5.02,8.01,9.01",OTHER
0001640334-19-002436,0001516551,"Skye Bioscience, Inc.",2019-11-21,2019-11-21T17:21:03-05:00,True,"1.01,8.01,9.01",OTHER
0001640334-19-001741,0001516551,"Skye Bioscience, Inc.",2019-08-23,2019-08-23T07:42:39-04:00,False,8.01,OTHER
0001640334-19-000432,0001516551,"Skye Bioscience, Inc.",2019-03-25,2019-03-25T16:15:53-04:00,True,"5.03,8.01,9.01",OTHER
0001493152-25-023933,0001716947,"Ensysce Biosciences, Inc.",2025-11-17,2025-11-17T17:29:37-05:00,True,"1.01,3.02,5.03,8.01,9.01",OTHER
0001641172-25-006009,0001716947,"Ensysce Biosciences, Inc.",2025-04-24,2025-04-24T16:27:20-04:00,True,"1.01,3.02,8.01,9.01",OTHER
0001641172-25-002087,0001716947,"Ensysce Biosciences, Inc.",2025-04-01,2025-04-01T16:30:10-04:00,True,"8.01,9.01",OTHER
0001641172-25-001751,0001716947,"Ensysce Biosciences, Inc.",2025-03-31,2025-03-31T16:20:36-04:00,True,"1.01,3.02,8.01,9.01",OTHER
0001493152-24-034451,0001716947,"Ensysce Biosciences, Inc.",2024-08-30,2024-08-29T20:54:45-04:00,True,"1.01,3.02,8.01,9.01",OTHER
0001493152-24-021456,0001716947,"Ensysce Biosciences, Inc.",2024-05-28,2024-05-28T08:10:33-04:00,False,"8.01,9.01",OTHER
0001493152-24-018482,0001716947,"Ensysce Biosciences, Inc.",2024-05-09,2024-05-09T16:40:37-04:00,True,8.01,OTHER
0001493152-24-006773,0001716947,"Ensysce Biosciences, Inc.",2024-02-14,2024-02-14T17:27:47-05:00,True,"1.01,3.02,8.01,9.01",OTHER
0001493152-23-046578,0001716947,"Ensysce Biosciences, Inc.",2023-12-29,2023-12-29T16:15:30-05:00,True,8.01,OTHER
0001493152-23-045413,0001716947,"Ensysce Biosciences, Inc.",2023-12-19,2023-12-19T16:24:52-05:00,True,"8.01,9.01",OTHER
0001493152-23-021113,0001716947,"Ensysce Biosciences, Inc.",2023-06-14,2023-06-13T18:12:03-04:00,True,"8.01,9.01",OTHER
0001493152-23-019987,0001716947,"Ensysce Biosciences, Inc.",2023-06-02,2023-06-02T16:35:35-04:00,True,8.01,OTHER
0001493152-23-017038,0001716947,"Ensysce Biosciences, Inc.",2023-05-15,2023-05-15T11:05:44-04:00,False,"1.01,8.01,9.01",OTHER
0001493152-23-003873,0001716947,"Ensysce Biosciences, Inc.",2023-02-07,2023-02-07T17:14:59-05:00,True,"1.01,3.02,3.03,5.03,8.01,9.01",OTHER
0001493152-23-001811,0001716947,"Ensysce Biosciences, Inc.",2023-01-19,2023-01-18T19:15:53-05:00,True,"8.01,9.01",PRESENTATION
0001493152-22-034836,0001716947,"Ensysce Biosciences, Inc.",2022-12-08,2022-12-08T10:19:59-05:00,False,"1.01,8.01,9.01",OTHER
0001493152-22-031763,0001716947,"Ensysce Biosciences, Inc.",2022-11-14,2022-11-14T12:04:31-05:00,False,"8.01,9.01",REGULATORY
0001493152-22-014090,0001716947,"Ensysce Biosciences, Inc.",2022-05-17,2022-05-17T07:31:38-04:00,False,"8.01,9.01",NO_TEXT
0001493152-22-012251,0001716947,"Ensysce Biosciences, Inc.",2022-05-05,2022-05-05T16:29:27-04:00,True,"7.01,8.01,9.01",CLINICAL
0001493152-21-015806,0001716947,"Ensysce Biosciences, Inc.",2021-07-01,2021-07-01T08:30:41-04:00,False,"7.01,8.01,9.01",OTHER
0001213900-21-005594,0001716947,"Ensysce Biosciences, Inc.",2021-02-01,2021-02-01T08:17:37-05:00,False,"7.01,8.01,9.01",OTHER
0001193125-20-061642,0001716947,"Ensysce Biosciences, Inc.",2020-03-04,2020-03-04T16:21:06-05:00,True,8.01,OTHER
0001193125-20-026122,0001716947,"Ensysce Biosciences, Inc.",2020-02-06,2020-02-06T07:01:33-05:00,False,8.01,OTHER
0001213900-20-000220,0001716947,"Ensysce Biosciences, Inc.",2020-01-06,2020-01-06T08:43:56-05:00,False,"7.01,8.01,9.01",OTHER
0001493152-25-029364,0001853816,"Dermata Therapeutics, Inc.",2025-12-29,2025-12-29T16:05:50-05:00,True,"1.01,3.02,8.01,9.01",OTHER
0001493152-25-021255,0001853816,"Dermata Therapeutics, Inc.",2025-11-07,2025-11-07T16:05:49-05:00,True,"8.01,9.01",OTHER
0001493152-25-013815,0001853816,"Dermata Therapeutics, Inc.",2025-09-17,2025-09-17T06:05:11-04:00,False,8.01,CLINICAL
0001493152-25-012952,0001853816,"Dermata Therapeutics, Inc.",2025-09-10,2025-09-10T08:00:53-04:00,False,8.01,OTHER
0001641172-25-025405,0001853816,"Dermata Therapeutics, Inc.",2025-08-25,2025-08-25T17:00:11-04:00,True,8.01,OTHER
0001641172-25-011873,0001853816,"Dermata Therapeutics, Inc.",2025-05-21,2025-05-21T09:00:09-04:00,False,"7.01,8.01",OTHER
0001654954-25-004265,0001853816,"Dermata Therapeutics, Inc.",2025-04-15,2025-04-15T08:30:36-04:00,False,"7.01,8.01,9.01",CLINICAL
0001654954-25-003372,0001853816,"Dermata Therapeutics, Inc.",2025-03-27,2025-03-27T08:00:59-04:00,False,"7.01,8.01,9.01",CLINICAL
0001654954-25-000681,0001853816,"Dermata Therapeutics, Inc.",2025-01-23,2025-01-23T16:16:32-05:00,True,"1.01,3.02,8.01,9.01",OTHER
0001654954-24-012031,0001853816,"Dermata Therapeutics, Inc.",2024-09-17,2024-09-17T17:25:17-04:00,True,"1.01,3.02,8.01,9.01",OTHER
0001654954-24-009903,0001853816,"Dermata Therapeutics, Inc.",2024-08-02,2024-08-02T17:16:49-04:00,True,"8.01,9.01",OTHER
0001654954-24-007369,0001853816,"Dermata Therapeutics, Inc.",2024-06-05,2024-06-05T09:02:59-04:00,False,8.01,OTHER
0001654954-24-006312,0001853816,"Dermata Therapeutics, Inc.",2024-05-15,2024-05-15T09:00:42-04:00,False,"3.01,8.01",OTHER
0001654954-23-003722,0001853816,"Dermata Therapeutics, Inc.",2023-03-28,2023-03-28T16:06:16-04:00,True,8.01,OTHER
0001654954-22-016569,0001853816,"Dermata Therapeutics, Inc.",2022-12-15,2022-12-15T16:05:40-05:00,True,"3.01,8.01",OTHER
0001654954-22-016099,0001853816,"Dermata Therapeutics, Inc.",2022-12-05,2022-12-05T09:01:47-05:00,False,"7.01,8.01,9.01",CLINICAL
0001654954-22-007063,0001853816,"Dermata Therapeutics, Inc.",2022-05-17,2022-05-17T16:07:49-04:00,True,8.01,OTHER
0001654954-22-005375,0001853816,"Dermata Therapeutics, Inc.",2022-04-25,2022-04-25T16:45:41-04:00,True,"1.01,3.02,8.01,9.01",OTHER
0001654954-22-002423,0001853816,"Dermata Therapeutics, Inc.",2022-03-02,2022-03-02T17:25:43-05:00,True,8.01,REGULATORY
0001654954-22-001134,0001853816,"Dermata Therapeutics, Inc.",2022-02-04,2022-02-04T16:46:42-05:00,True,8.01,REGULATORY
0001654954-21-012446,0001853816,"Dermata Therapeutics, Inc.",2021-11-19,2021-11-19T09:06:21-05:00,False,"7.01,8.01",CLINICAL
0001193125-25-337078,0001826892,"BioAtla, Inc.",2025-12-30,2025-12-30T16:05:35-05:00,True,"5.07,8.01",OTHER
0001193125-25-211305,0001826892,"BioAtla, Inc.",2025-09-22,2025-09-22T16:10:07-04:00,True,8.01,OTHER
0000950170-24-061616,0001826892,"BioAtla, Inc.",2024-05-17,2024-05-17T16:05:22-04:00,True,8.01,OTHER
0000950170-24-013807,0001826892,"BioAtla, Inc.",2024-02-12,2024-02-12T16:01:17-05:00,True,8.01,OTHER
0001193125-23-293959,0001826892,"BioAtla, Inc.",2023-12-13,2023-12-13T08:31:30-05:00,False,"7.01,8.01,9.01",CLINICAL
0001193125-23-288019,0001826892,"BioAtla, Inc.",2023-12-04,2023-12-04T09:01:00-05:00,False,"8.01,9.01",PRESENTATION
0001193125-22-277328,0001826892,"BioAtla, Inc.",2022-11-04,2022-11-04T06:08:34-04:00,False,"8.01,9.01",CLINICAL
0000950170-25-022630,0001510964,"CV Sciences, Inc.",2025-02-19,2025-02-18T19:06:54-05:00,True,8.01,OTHER
0000950170-24-130576,0001510964,"CV Sciences, Inc.",2024-11-25,2024-11-25T16:17:49-05:00,True,8.01,OTHER
0001510964-23-000003,0001510964,"CV Sciences, Inc.",2023-03-02,2023-03-02T16:34:16-05:00,True,"7.01,8.01,9.01",OTHER
0001510964-22-000076,0001510964,"CV Sciences, Inc.",2022-09-27,2022-09-27T16:08:08-04:00,True,"7.01,8.01,9.01",OTHER
0001510964-22-000051,0001510964,"CV Sciences, Inc.",2022-06-06,2022-06-06T16:01:40-04:00,True,8.01,OTHER
0001510964-22-000008,0001510964,"CV Sciences, Inc.",2022-03-28,2022-03-28T08:55:52-04:00,False,"1.01,2.03,8.01,9.01",OTHER
0001510964-21-000075,0001510964,"CV Sciences, Inc.",2021-11-15,2021-11-15T17:21:13-05:00,True,"1.01,2.03,8.01,9.01",OTHER
0001510964-20-000082,0001510964,"CV Sciences, Inc.",2020-12-08,2020-12-07T21:05:39-05:00,True,"1.01,8.01,9.01",OTHER
0001510964-20-000045,0001510964,"CV Sciences, Inc.",2020-05-20,2020-05-20T16:40:53-04:00,True,"8.01,9.01",OTHER
0001510964-19-000052,0001510964,"CV Sciences, Inc.",2019-09-20,2019-09-19T17:44:35-04:00,True,"8.01,9.01",OTHER
0001510964-19-000036,0001510964,"CV Sciences, Inc.",2019-07-08,2019-07-08T16:58:50-04:00,True,8.01,OTHER
0001510964-19-000011,0001510964,"CV Sciences, Inc.",2019-04-02,2019-04-02T16:49:38-04:00,True,8.01,OTHER
0001193125-25-306915,0001810560,"REVELATION BIOSCIENCES, INC.",2025-12-03,2025-12-03T17:01:56-05:00,True,"3.03,5.07,8.01,9.01",CLINICAL
0001193125-25-203750,0001810560,"REVELATION BIOSCIENCES, INC.",2025-09-15,2025-09-15T17:02:40-04:00,True,"1.01,3.02,3.03,8.01,9.01",OTHER
0001810560-25-000006,0001810560,"REVELATION BIOSCIENCES, INC.",2025-09-09,2025-09-09T08:02:12-04:00,False,"8.01,9.01",CLINICAL
0000950170-25-094789,0001810560,"REVELATION BIOSCIENCES, INC.",2025-07-09,2025-07-09T16:17:31-04:00,True,"3.03,5.03,8.01,9.01",OTHER
0000950170-25-089972,0001810560,"REVELATION BIOSCIENCES, INC.",2025-06-25,2025-06-25T16:26:46-04:00,True,"5.07,8.01","INVALID:I appreciate your request, but I cannot "
0000950170-25-081604,0001810560,"REVELATION BIOSCIENCES, INC.",2025-06-04,2025-06-04T16:05:23-04:00,True,"1.01,3.03,8.01,9.01",OTHER
0000950170-25-078340,0001810560,"REVELATION BIOSCIENCES, INC.",2025-05-28,2025-05-28T16:14:23-04:00,True,"5.02,8.01",OTHER
0000950170-25-040294,0001810560,"REVELATION BIOSCIENCES, INC.",2025-03-17,2025-03-17T16:17:14-04:00,True,8.01,CLINICAL
0000950170-25-025626,0001810560,"REVELATION BIOSCIENCES, INC.",2025-02-24,2025-02-24T16:12:08-05:00,True,"8.01,9.01",OTHER
0000950170-25-017882,0001810560,"REVELATION BIOSCIENCES, INC.",2025-02-11,2025-02-11T16:05:25-05:00,True,"8.01,9.01",PRESENTATION
0000950170-25-007303,0001810560,"REVELATION BIOSCIENCES, INC.",2025-01-21,2025-01-21T16:31:27-05:00,True,"5.07,8.01,9.01",CLINICAL
0000950170-25-002828,0001810560,"REVELATION BIOSCIENCES, INC.",2025-01-07,2025-01-07T16:05:18-05:00,True,"3.01,8.01,9.01",OTHER
0000950170-24-135895,0001810560,"REVELATION BIOSCIENCES, INC.",2024-12-12,2024-12-12T17:20:49-05:00,True,"8.01,9.01",OTHER
0000950170-24-134064,0001810560,"REVELATION BIOSCIENCES, INC.",2024-12-06,2024-12-06T16:03:58-05:00,True,"1.01,3.02,3.03,8.01,9.01",REGULATORY
0000950170-24-109998,0001810560,"REVELATION BIOSCIENCES, INC.",2024-09-27,2024-09-27T16:09:26-04:00,True,"8.01,9.01",CLINICAL
0000950170-24-100550,0001810560,"REVELATION BIOSCIENCES, INC.",2024-08-26,2024-08-26T16:25:36-04:00,True,"1.01,3.02,3.03,8.01,9.01",OTHER
0000950170-24-089966,0001810560,"REVELATION BIOSCIENCES, INC.",2024-08-02,2024-08-02T16:11:50-04:00,True,"8.01,9.01",OTHER
0000950170-24-076761,0001810560,"REVELATION BIOSCIENCES, INC.",2024-06-24,2024-06-24T16:28:06-04:00,True,"8.01,9.01",OTHER
0000950170-24-029611,0001810560,"REVELATION BIOSCIENCES, INC.",2024-03-12,2024-03-11T21:53:19-04:00,True,"7.01,8.01,9.01",CLINICAL
0000950170-24-012748,0001810560,"REVELATION BIOSCIENCES, INC.",2024-02-08,2024-02-08T16:01:23-05:00,True,"1.01,3.03,8.01,9.01",OTHER
0000950170-23-053115,0001810560,"REVELATION BIOSCIENCES, INC.",2023-10-12,2023-10-12T16:26:53-04:00,True,"7.01,8.01,9.01",PRESENTATION
0000950170-23-003213,0001810560,"REVELATION BIOSCIENCES, INC.",2023-02-17,2023-02-17T16:13:29-05:00,True,8.01,OTHER
0000950170-23-000608,0001810560,"REVELATION BIOSCIENCES, INC.",2023-01-10,2023-01-10T16:02:33-05:00,True,"8.01,9.01",OTHER
0000950170-22-013698,0001810560,"REVELATION BIOSCIENCES, INC.",2022-08-01,2022-08-01T17:09:54-04:00,True,"1.01,8.01,9.01",OTHER
0001213900-21-067371,0001810560,"REVELATION BIOSCIENCES, INC.",2021-12-23,2021-12-23T17:27:56-05:00,True,"1.01,2.03,7.01,8.01,9.01",OTHER
0001213900-21-065969,0001810560,"REVELATION BIOSCIENCES, INC.",2021-12-17,2021-12-17T15:31:52-05:00,False,8.01,OTHER
0001213900-21-062013,0001810560,"REVELATION BIOSCIENCES, INC.",2021-11-24,2021-11-24T17:17:41-05:00,True,8.01,OTHER
0001213900-21-053548,0001810560,"REVELATION BIOSCIENCES, INC.",2021-10-19,2021-10-19T17:23:21-04:00,True,"1.01,2.03,8.01,9.01",OTHER
0001213900-21-049595,0001810560,"REVELATION BIOSCIENCES, INC.",2021-09-23,2021-09-23T17:22:40-04:00,True,"1.01,2.03,5.03,8.01,9.01",OTHER
0001213900-21-030290,0001810560,"REVELATION BIOSCIENCES, INC.",2021-06-01,2021-06-01T16:31:29-04:00,True,"3.01,8.01,9.01",OTHER
0001213900-20-036166,0001810560,"REVELATION BIOSCIENCES, INC.",2020-11-10,2020-11-10T16:05:45-05:00,True,"8.01,9.01",OTHER
0001213900-20-031128,0001810560,"REVELATION BIOSCIENCES, INC.",2020-10-13,2020-10-13T17:20:38-04:00,True,"1.01,3.02,5.03,8.01,9.01",OTHER
0001193125-20-141404,0001355790,International Stem Cell CORP,2020-05-13,2020-05-13T13:39:32-04:00,False,8.01,OTHER
0001564590-20-019252,0001355790,International Stem Cell CORP,2020-04-28,2020-04-28T16:35:29-04:00,True,8.01,OTHER
0001564590-20-014239,0001355790,International Stem Cell CORP,2020-03-30,2020-03-30T16:42:13-04:00,True,8.01,OTHER
0001628280-25-056751,0001824293,"GRI Bio, Inc.",2025-12-12,2025-12-12T16:05:13-05:00,True,"8.01,9.01",OTHER
0001824293-25-000167,0001824293,"GRI Bio, Inc.",2025-12-10,2025-12-10T16:05:59-05:00,True,"8.01,9.01",CLINICAL
0001824293-25-000160,0001824293,"GRI Bio, Inc.",2025-12-08,2025-12-08T08:00:31-05:00,False,8.01,CLINICAL
0001824293-25-000094,0001824293,"GRI Bio, Inc.",2025-07-31,2025-07-31T09:02:46-04:00,False,"8.01,9.01",CLINICAL
0001824293-25-000079,0001824293,"GRI Bio, Inc.",2025-05-23,2025-05-23T07:16:47-04:00,False,"8.01,9.01",OTHER
0001824293-25-000063,0001824293,"GRI Bio, Inc.",2025-05-05,2025-05-05T07:35:49-04:00,False,"8.01,9.01",OTHER
0001628280-25-016066,0001824293,"GRI Bio, Inc.",2025-04-02,2025-04-02T08:29:59-04:00,False,"1.01,8.01,9.01",OTHER
0001824293-25-000045,0001824293,"GRI Bio, Inc.",2025-03-11,2025-03-11T08:37:05-04:00,False,"3.01,8.01,9.01","INVALID:COMPLIANCE

Wait, let me reconsider"
0001824293-25-000042,0001824293,"GRI Bio, Inc.",2025-02-19,2025-02-19T16:08:43-05:00,True,"3.03,5.03,8.01,9.01",OTHER
0001824293-24-000159,0001824293,"GRI Bio, Inc.",2024-12-20,2024-12-20T16:05:58-05:00,True,"8.01,9.01",OTHER
0001824293-24-000143,0001824293,"GRI Bio, Inc.",2024-10-24,2024-10-24T08:35:47-04:00,False,"8.01,9.01",OTHER
0001824293-24-000141,0001824293,"GRI Bio, Inc.",2024-10-22,2024-10-22T16:21:46-04:00,True,"1.01,3.02,3.03,8.01,9.01",OTHER
0001824293-24-000094,0001824293,"GRI Bio, Inc.",2024-07-26,2024-07-26T16:07:43-04:00,True,"8.01,9.01",OTHER
0001824293-24-000084,0001824293,"GRI Bio, Inc.",2024-07-19,2024-07-19T16:03:19-04:00,True,"8.01,9.01",OTHER
0001824293-24-000078,0001824293,"GRI Bio, Inc.",2024-07-08,2024-07-08T09:07:05-04:00,False,"3.01,8.01,9.01",OTHER
0001628280-24-030244,0001824293,"GRI Bio, Inc.",2024-06-27,2024-06-27T08:05:57-04:00,False,"1.01,8.01,9.01",OTHER
0001824293-24-000060,0001824293,"GRI Bio, Inc.",2024-06-14,2024-06-14T08:08:20-04:00,False,"3.03,5.03,8.01,9.01",OTHER
0001628280-24-003067,0001824293,"GRI Bio, Inc.",2024-02-02,2024-02-02T16:23:00-05:00,True,"1.01,8.01,9.01",OTHER
0001824293-24-000023,0001824293,"GRI Bio, Inc.",2024-01-30,2024-01-30T08:12:42-05:00,False,"3.03,5.03,8.01,9.01",OTHER
0001824293-23-000179,0001824293,"GRI Bio, Inc.",2023-12-05,2023-12-05T09:07:52-05:00,False,"8.01,9.01",PRESENTATION
0001824293-23-000177,0001824293,"GRI Bio, Inc.",2023-11-27,2023-11-27T08:38:43-05:00,False,8.01,REGULATORY
0001824293-23-000159,0001824293,"GRI Bio, Inc.",2023-08-23,2023-08-23T09:07:49-04:00,False,"1.01,2.01,8.01,9.01",OTHER
0001824293-23-000116,0001824293,"GRI Bio, Inc.",2023-04-27,2023-04-27T09:12:07-04:00,False,"8.01,9.01",PRESENTATION
0001824293-23-000073,0001824293,"GRI Bio, Inc.",2023-04-21,2023-04-21T17:14:39-04:00,True,"1.01,2.01,3.03,4.01,5.01,5.02,5.03,8.01,9.01",OTHER
0001824293-23-000065,0001824293,"GRI Bio, Inc.",2023-04-21,2023-04-20T19:38:47-04:00,True,"5.07,8.01,9.01",OTHER
0001824293-23-000062,0001824293,"GRI Bio, Inc.",2023-04-12,2023-04-12T16:06:39-04:00,True,"5.07,8.01,9.01",OTHER
0001824293-23-000056,0001824293,"GRI Bio, Inc.",2023-04-07,2023-04-07T08:24:20-04:00,False,8.01,OTHER
0001824293-23-000043,0001824293,"GRI Bio, Inc.",2023-04-04,2023-04-04T09:01:12-04:00,False,"8.01,9.01",OTHER
0001824293-23-000033,0001824293,"GRI Bio, Inc.",2023-03-31,2023-03-31T16:35:00-04:00,True,8.01,OTHER
0001824293-23-000010,0001824293,"GRI Bio, Inc.",2023-01-11,2023-01-11T08:30:26-05:00,False,"8.01,9.01",PRESENTATION
0001628280-22-031808,0001824293,"GRI Bio, Inc.",2022-12-13,2022-12-13T16:09:38-05:00,True,"1.01,8.01,9.01",OTHER
0001824293-22-000039,0001824293,"GRI Bio, Inc.",2022-05-18,2022-05-18T17:07:50-04:00,True,"3.02,5.03,8.01,9.01",OTHER
0001628280-22-014382,0001824293,"GRI Bio, Inc.",2022-05-13,2022-05-13T17:12:21-04:00,True,"1.01,8.01,9.01",OTHER
0001824293-22-000036,0001824293,"GRI Bio, Inc.",2022-05-12,2022-05-12T08:37:17-04:00,False,"8.01,9.01",CLINICAL
0001824293-22-000024,0001824293,"GRI Bio, Inc.",2022-04-22,2022-04-22T09:17:53-04:00,False,"5.02,8.01,9.01",OTHER
0001824293-22-000019,0001824293,"GRI Bio, Inc.",2022-03-21,2022-03-21T07:01:45-04:00,False,"8.01,9.01",CLINICAL
0001824293-21-000024,0001824293,"GRI Bio, Inc.",2021-12-23,2021-12-23T08:36:05-05:00,False,"8.01,9.01",CLINICAL
0001824293-21-000018,0001824293,"GRI Bio, Inc.",2021-11-12,2021-11-12T08:06:30-05:00,False,"2.02,8.01,9.01",OTHER
0001824293-21-000013,0001824293,"GRI Bio, Inc.",2021-10-12,2021-10-12T09:02:50-04:00,False,"8.01,9.01",OTHER
0001104659-21-049886,0001824293,"GRI Bio, Inc.",2021-04-14,2021-04-13T19:30:31-04:00,True,"8.01,9.01",PRESENTATION
0001104659-21-022369,0001824293,"GRI Bio, Inc.",2021-02-16,2021-02-16T06:02:26-05:00,False,"1.01,3.02,5.03,8.01,9.01",OTHER
0000950170-25-063979,0001497253,"VivoSim Labs, INC.",2025-05-06,2025-05-06T08:05:09-04:00,False,"8.01,9.01",OTHER
0000950170-25-057685,0001497253,"VivoSim Labs, INC.",2025-04-24,2025-04-24T08:30:13-04:00,False,"5.03,7.01,8.01,9.01",OTHER
0000950170-25-048888,0001497253,"VivoSim Labs, INC.",2025-04-02,2025-04-02T08:06:07-04:00,False,"2.02,7.01,8.01,9.01",OTHER
0000950170-25-044801,0001497253,"VivoSim Labs, INC.",2025-03-26,2025-03-26T08:05:08-04:00,False,"2.01,5.02,8.01,9.01",OTHER
0000950170-25-034181,0001497253,"VivoSim Labs, INC.",2025-03-06,2025-03-06T08:05:09-05:00,False,"8.01,9.01",OTHER
0000950170-25-026097,0001497253,"VivoSim Labs, INC.",2025-02-25,2025-02-25T08:06:08-05:00,False,"1.01,3.01,8.01,9.01",OTHER
0000950170-24-058805,0001497253,"VivoSim Labs, INC.",2024-05-13,2024-05-13T17:00:35-04:00,True,"1.01,8.01,9.01",OTHER
0000950170-24-046879,0001497253,"VivoSim Labs, INC.",2024-04-23,2024-04-23T16:05:11-04:00,True,"8.01,9.01",OTHER
0000950170-23-073581,0001497253,"VivoSim Labs, INC.",2023-12-28,2023-12-28T16:05:09-05:00,True,"3.02,8.01,9.01",OTHER
0001564590-22-031015,0001497253,"VivoSim Labs, INC.",2022-09-06,2022-09-06T08:06:27-04:00,False,"8.01,9.01",OTHER
0001193125-21-276145,0001497253,"VivoSim Labs, INC.",2021-09-17,2021-09-17T16:13:03-04:00,True,"8.01,9.01",OTHER
0001564590-20-040374,0001497253,"VivoSim Labs, INC.",2020-08-17,2020-08-17T08:05:52-04:00,False,"3.03,5.03,8.01,9.01",OTHER
0001564590-20-015914,0001497253,"VivoSim Labs, INC.",2020-04-08,2020-04-08T16:32:25-04:00,True,"1.02,5.07,8.01,9.01",OTHER
0001564590-20-014668,0001497253,"VivoSim Labs, INC.",2020-04-01,2020-04-01T09:17:36-04:00,False,"8.01,9.01",OTHER
0001564590-20-013657,0001497253,"VivoSim Labs, INC.",2020-03-27,2020-03-27T17:07:33-04:00,True,"5.07,8.01,9.01",OTHER
0001193125-20-080822,0001497253,"VivoSim Labs, INC.",2020-03-20,2020-03-20T17:21:03-04:00,True,"8.01,9.01",OTHER
0001193125-19-325309,0001497253,"VivoSim Labs, INC.",2019-12-30,2019-12-30T06:12:03-05:00,False,"3.01,8.01",OTHER
0001193125-19-314613,0001497253,"VivoSim Labs, INC.",2019-12-16,2019-12-16T08:04:04-05:00,False,"1.01,5.02,8.01,9.01",OTHER
0001564590-19-036322,0001497253,"VivoSim Labs, INC.",2019-10-03,2019-10-03T08:05:29-04:00,False,"8.01,9.01",OTHER
0001564590-19-029710,0001497253,"VivoSim Labs, INC.",2019-08-07,2019-08-07T09:07:22-04:00,False,"8.01,9.01",OTHER
0001493152-25-021418,0001855485,"Calidi Biotherapeutics, Inc.",2025-11-10,2025-11-10T08:30:53-05:00,False,"7.01,8.01,9.01",CLINICAL
0001493152-25-019353,0001855485,"Calidi Biotherapeutics, Inc.",2025-10-24,2025-10-24T17:16:07-04:00,True,"7.01,8.01,9.01",OTHER
0001641172-25-025273,0001855485,"Calidi Biotherapeutics, Inc.",2025-08-22,2025-08-22T17:27:23-04:00,True,"1.01,8.01,9.01",OTHER
0001641172-25-021039,0001855485,"Calidi Biotherapeutics, Inc.",2025-07-25,2025-07-25T17:00:32-04:00,True,"5.02,7.01,8.01,9.01",OTHER
0001641172-25-005777,0001855485,"Calidi Biotherapeutics, Inc.",2025-04-23,2025-04-23T08:10:13-04:00,False,"1.01,5.02,7.01,8.01,9.01",OTHER
0001641172-25-001969,0001855485,"Calidi Biotherapeutics, Inc.",2025-04-01,2025-04-01T06:07:00-04:00,False,"1.01,3.02,8.01,9.01",OTHER
0001493152-25-004887,0001855485,"Calidi Biotherapeutics, Inc.",2025-02-05,2025-02-04T18:15:51-05:00,True,"8.01,9.01",OTHER
0001493152-25-001711,0001855485,"Calidi Biotherapeutics, Inc.",2025-01-10,2025-01-10T16:24:52-05:00,True,"8.01,9.01",OTHER
0001493152-25-001567,0001855485,"Calidi Biotherapeutics, Inc.",2025-01-10,2025-01-10T08:30:38-05:00,False,"1.01,3.02,7.01,8.01,9.01",OTHER
0001493152-24-046330,0001855485,"Calidi Biotherapeutics, Inc.",2024-11-15,2024-11-15T17:02:23-05:00,True,"1.01,3.02,8.01,9.01",OTHER
0001493152-24-042406,0001855485,"Calidi Biotherapeutics, Inc.",2024-10-24,2024-10-24T17:18:07-04:00,True,"1.01,3.02,8.01,9.01",OTHER
0001493152-24-033215,0001855485,"Calidi Biotherapeutics, Inc.",2024-08-20,2024-08-20T06:04:17-04:00,False,"5.02,8.01",OTHER
0001493152-24-015390,0001855485,"Calidi Biotherapeutics, Inc.",2024-04-19,2024-04-19T17:20:14-04:00,True,"1.01,7.01,8.01,9.01",OTHER
0001493152-24-005808,0001855485,"Calidi Biotherapeutics, Inc.",2024-02-12,2024-02-12T06:30:32-05:00,False,"3.02,8.01,9.01",OTHER
0001193125-23-232609,0001855485,"Calidi Biotherapeutics, Inc.",2023-09-11,2023-09-11T17:29:34-04:00,True,"8.01,9.01",OTHER
0001193125-23-222968,0001855485,"Calidi Biotherapeutics, Inc.",2023-08-29,2023-08-29T07:03:05-04:00,False,"1.01,5.07,8.01,9.01",OTHER
0001193125-23-220122,0001855485,"Calidi Biotherapeutics, Inc.",2023-08-24,2023-08-24T16:14:06-04:00,True,"8.01,9.01",OTHER
0001193125-23-218005,0001855485,"Calidi Biotherapeutics, Inc.",2023-08-22,2023-08-22T16:14:02-04:00,True,"8.01,9.01",OTHER
0001193125-23-216394,0001855485,"Calidi Biotherapeutics, Inc.",2023-08-21,2023-08-21T06:06:32-04:00,False,8.01,OTHER
0001193125-23-169071,0001855485,"Calidi Biotherapeutics, Inc.",2023-06-16,2023-06-16T16:44:57-04:00,True,8.01,OTHER
0001193125-22-305908,0001855485,"Calidi Biotherapeutics, Inc.",2022-12-15,2022-12-15T16:16:23-05:00,True,"8.01,9.01",OTHER
0001193125-22-242078,0001855485,"Calidi Biotherapeutics, Inc.",2022-09-09,2022-09-09T17:18:07-04:00,True,"8.01,9.01",OTHER
0001193125-21-311401,0001855485,"Calidi Biotherapeutics, Inc.",2021-10-28,2021-10-28T16:44:01-04:00,True,"8.01,9.01",OTHER
0001193125-21-277439,0001855485,"Calidi Biotherapeutics, Inc.",2021-09-20,2021-09-20T17:26:59-04:00,True,"8.01,9.01",OTHER
0001193125-21-273980,0001855485,"Calidi Biotherapeutics, Inc.",2021-09-15,2021-09-15T16:21:59-04:00,True,"8.01,9.01",OTHER
0001640334-25-001680,0001621221,"ARTELO BIOSCIENCES, INC.",2025-09-15,2025-09-15T16:15:31-04:00,True,"8.01,9.01",OTHER
0001640334-25-001617,0001621221,"ARTELO BIOSCIENCES, INC.",2025-09-03,2025-09-03T17:29:52-04:00,True,8.01,CLINICAL
0001640334-25-001334,0001621221,"ARTELO BIOSCIENCES, INC.",2025-08-04,2025-08-04T07:39:05-04:00,False,"1.01,3.02,7.01,8.01,9.01",REGULATORY
0001640334-25-001184,0001621221,"ARTELO BIOSCIENCES, INC.",2025-07-11,2025-07-11T16:36:40-04:00,True,"2.02,8.01,9.01",OTHER
0001640334-25-001046,0001621221,"ARTELO BIOSCIENCES, INC.",2025-06-13,2025-06-13T17:10:52-04:00,True,"3.03,5.03,8.01,9.01",OTHER
0001640334-22-001896,0001621221,"ARTELO BIOSCIENCES, INC.",2022-08-25,2022-08-25T09:00:27-04:00,False,8.01,OTHER
0001640334-22-001683,0001621221,"ARTELO BIOSCIENCES, INC.",2022-08-09,2022-08-09T08:05:56-04:00,False,"3.03,5.03,8.01,9.01",CLINICAL
0001640334-22-000506,0001621221,"ARTELO BIOSCIENCES, INC.",2022-03-16,2022-03-16T06:05:56-04:00,False,8.01,OTHER
0001640334-22-000444,0001621221,"ARTELO BIOSCIENCES, INC.",2022-03-10,2022-03-09T19:15:17-05:00,True,"5.02,5.03,8.01,9.01",OTHER
0001640334-21-000356,0001621221,"ARTELO BIOSCIENCES, INC.",2021-02-16,2021-02-16T17:25:05-05:00,True,8.01,OTHER
0001640334-20-002559,0001621221,"ARTELO BIOSCIENCES, INC.",2020-10-14,2020-10-14T16:15:58-04:00,True,"1.01,8.01,9.01",OTHER
0001640334-20-001760,0001621221,"ARTELO BIOSCIENCES, INC.",2020-07-14,2020-07-14T09:21:08-04:00,False,"8.01,9.01",OTHER
0001640334-20-001606,0001621221,"ARTELO BIOSCIENCES, INC.",2020-06-26,2020-06-26T16:19:37-04:00,True,8.01,OTHER
0001640334-20-000210,0001621221,"ARTELO BIOSCIENCES, INC.",2020-02-07,2020-02-07T06:05:10-05:00,False,8.01,OTHER
0001640334-19-001230,0001621221,"ARTELO BIOSCIENCES, INC.",2019-06-25,2019-06-25T16:05:50-04:00,True,"1.01,5.03,8.01,9.01",OTHER
0001640334-19-000730,0001621221,"ARTELO BIOSCIENCES, INC.",2019-04-30,2019-04-30T17:05:15-04:00,True,"1.01,3.02,8.01",OTHER
0001640334-19-000362,0001621221,"ARTELO BIOSCIENCES, INC.",2019-03-08,2019-03-07T20:16:46-05:00,True,8.01,OTHER
0001683168-25-008001,0000882291,AETHLON MEDICAL INC,2025-11-06,2025-11-06T09:15:28-05:00,False,8.01,OTHER
0001683168-25-006917,0000882291,AETHLON MEDICAL INC,2025-09-12,2025-09-12T16:10:36-04:00,True,8.01,OTHER
0001683168-25-006788,0000882291,AETHLON MEDICAL INC,2025-09-09,2025-09-09T16:10:42-04:00,True,"1.01,8.01,9.01",OTHER
0001683168-25-004248,0000882291,AETHLON MEDICAL INC,2025-06-05,2025-06-05T08:30:54-04:00,False,8.01,OTHER
0001683168-24-008868,0000882291,AETHLON MEDICAL INC,2024-12-20,2024-12-20T08:01:08-05:00,False,"8.01,9.01",OTHER
0001683168-24-007858,0000882291,AETHLON MEDICAL INC,2024-11-12,2024-11-12T09:00:08-05:00,False,"8.01,9.01",OTHER
0001683168-24-006522,0000882291,AETHLON MEDICAL INC,2024-09-19,2024-09-19T08:01:08-04:00,False,"8.01,9.01",REGULATORY
0001683168-24-005445,0000882291,AETHLON MEDICAL INC,2024-08-12,2024-08-12T08:01:08-04:00,False,"8.01,9.01",REGULATORY
0001683168-24-003812,0000882291,AETHLON MEDICAL INC,2024-05-24,2024-05-24T13:24:31-04:00,False,8.01,OTHER
0001683168-24-003612,0000882291,AETHLON MEDICAL INC,2024-05-17,2024-05-17T16:05:28-04:00,True,"8.01,9.01",OTHER
0001683168-24-003191,0000882291,AETHLON MEDICAL INC,2024-05-10,2024-05-10T08:01:40-04:00,False,"8.01,9.01",OTHER
0001683168-24-002672,0000882291,AETHLON MEDICAL INC,2024-04-25,2024-04-25T08:00:15-04:00,False,"8.01,9.01",PRESENTATION
0001683168-23-006959,0000882291,AETHLON MEDICAL INC,2023-10-04,2023-10-04T17:05:12-04:00,True,"8.01,9.01",OTHER
0001683168-23-002609,0000882291,AETHLON MEDICAL INC,2023-04-25,2023-04-25T13:48:00-04:00,False,8.01,OTHER
0001683168-22-006679,0000882291,AETHLON MEDICAL INC,2022-09-29,2022-09-29T16:19:52-04:00,True,"8.01,9.01",OTHER
0001683168-22-006676,0000882291,AETHLON MEDICAL INC,2022-09-29,2022-09-29T16:05:16-04:00,True,8.01,OTHER
0001683168-22-006480,0000882291,AETHLON MEDICAL INC,2022-09-19,2022-09-19T17:00:14-04:00,True,"5.02,5.03,5.07,8.01,9.01",OTHER
0001683168-21-002493,0000882291,AETHLON MEDICAL INC,2021-06-11,2021-06-11T17:28:14-04:00,True,"8.01,9.01",OTHER
0001683168-20-003665,0000882291,AETHLON MEDICAL INC,2020-11-03,2020-11-03T16:15:06-05:00,True,"4.01,5.02,8.01,9.01",OTHER
0001683168-20-000188,0000882291,AETHLON MEDICAL INC,2020-01-17,2020-01-17T17:29:07-05:00,True,"1.01,8.01,9.01",OTHER
0001683168-19-004031,0000882291,AETHLON MEDICAL INC,2019-12-19,2019-12-19T13:49:49-05:00,False,8.01,OTHER
0001683168-19-003245,0000882291,AETHLON MEDICAL INC,2019-10-15,2019-10-15T08:01:46-04:00,False,"5.07,8.01,9.01",OTHER
0001683168-19-003151,0000882291,AETHLON MEDICAL INC,2019-10-03,2019-10-03T08:31:13-04:00,False,"8.01,9.01",OTHER
0001683168-19-003033,0000882291,AETHLON MEDICAL INC,2019-09-24,2019-09-24T10:59:34-04:00,False,"8.01,9.01",PRESENTATION
0001683168-19-001084,0000882291,AETHLON MEDICAL INC,2019-04-17,2019-04-17T08:27:10-04:00,False,"8.01,9.01",OTHER
0001493152-24-051174,0001618835,"Evofem Biosciences, Inc.",2024-12-23,2024-12-23T06:05:53-05:00,False,8.01,OTHER
0001493152-24-028352,0001618835,"Evofem Biosciences, Inc.",2024-07-18,2024-07-18T16:35:32-04:00,True,"1.01,8.01,9.01",OTHER
0001493152-24-009063,0001618835,"Evofem Biosciences, Inc.",2024-03-06,2024-03-06T17:14:53-05:00,True,"1.01,8.01,9.01",OTHER
0001493152-23-033841,0001618835,"Evofem Biosciences, Inc.",2023-09-27,2023-09-27T08:50:10-04:00,False,"8.01,9.01",OTHER
0001493152-23-015641,0001618835,"Evofem Biosciences, Inc.",2023-05-05,2023-05-05T17:00:15-04:00,True,8.01,REGULATORY
0001618835-23-000018,0001618835,"Evofem Biosciences, Inc.",2023-03-21,2023-03-20T21:55:55-04:00,True,"2.05,5.02,8.01",OTHER
0001618835-23-000016,0001618835,"Evofem Biosciences, Inc.",2023-03-14,2023-03-14T09:00:32-04:00,False,"1.01,8.01",OTHER
0001618835-23-000012,0001618835,"Evofem Biosciences, Inc.",2023-02-24,2023-02-23T20:59:02-05:00,True,"8.01,9.01",OTHER
0001618835-23-000005,0001618835,"Evofem Biosciences, Inc.",2023-01-12,2023-01-12T14:22:32-05:00,False,8.01,OTHER
0001618835-23-000004,0001618835,"Evofem Biosciences, Inc.",2023-01-10,2023-01-10T08:38:02-05:00,False,8.01,OTHER
0001618835-23-000003,0001618835,"Evofem Biosciences, Inc.",2023-01-09,2023-01-09T11:10:14-05:00,False,8.01,OTHER
0001618835-22-000212,0001618835,"Evofem Biosciences, Inc.",2022-12-30,2022-12-30T09:25:03-05:00,False,"8.01,9.01",OTHER
0001618835-22-000196,0001618835,"Evofem Biosciences, Inc.",2022-10-12,2022-10-11T21:23:56-04:00,True,"8.01,9.01",CLINICAL
0001618835-22-000172,0001618835,"Evofem Biosciences, Inc.",2022-09-16,2022-09-16T06:00:53-04:00,False,"1.01,2.03,2.04,3.02,8.01,9.01",OTHER
0001618835-22-000138,0001618835,"Evofem Biosciences, Inc.",2022-06-14,2022-06-14T16:15:28-04:00,True,8.01,OTHER
0001618835-22-000125,0001618835,"Evofem Biosciences, Inc.",2022-05-23,2022-05-20T19:55:26-04:00,True,"1.01,8.01,9.01",OTHER
0001618835-22-000097,0001618835,"Evofem Biosciences, Inc.",2022-05-05,2022-05-05T09:03:41-04:00,False,"1.01,2.03,3.02,5.03,5.07,8.01,9.01",OTHER
0001618835-22-000088,0001618835,"Evofem Biosciences, Inc.",2022-04-07,2022-04-07T06:51:41-04:00,False,"3.01,8.01,9.01",OTHER
0001618835-21-000252,0001618835,"Evofem Biosciences, Inc.",2021-12-08,2021-12-08T06:30:26-05:00,False,"8.01,9.01",OTHER
0001618835-21-000248,0001618835,"Evofem Biosciences, Inc.",2021-11-22,2021-11-22T06:50:23-05:00,False,"1.01,2.03,8.01,9.01",OTHER
0001618835-21-000215,0001618835,"Evofem Biosciences, Inc.",2021-10-12,2021-10-12T16:02:58-04:00,True,"1.01,8.01,9.01",OTHER
0001618835-21-000212,0001618835,"Evofem Biosciences, Inc.",2021-10-12,2021-10-12T06:04:12-04:00,False,"1.01,5.03,8.01,9.01",OTHER
0001618835-21-000127,0001618835,"Evofem Biosciences, Inc.",2021-05-19,2021-05-19T16:02:26-04:00,True,"1.01,8.01,9.01",OTHER
0001618835-21-000075,0001618835,"Evofem Biosciences, Inc.",2021-03-25,2021-03-25T16:16:35-04:00,True,"8.01,9.01",OTHER
0001618835-20-000226,0001618835,"Evofem Biosciences, Inc.",2020-10-15,2020-10-15T08:05:18-04:00,False,"1.01,2.03,3.02,8.01,9.01",OTHER
0001618835-20-000178,0001618835,"Evofem Biosciences, Inc.",2020-06-03,2020-06-03T16:52:29-04:00,True,"8.01,9.01",OTHER
0001618835-20-000169,0001618835,"Evofem Biosciences, Inc.",2020-06-02,2020-06-02T16:21:23-04:00,True,"1.02,8.01,9.01",PRESENTATION
0001618835-20-000149,0001618835,"Evofem Biosciences, Inc.",2020-05-22,2020-05-22T16:05:23-04:00,True,"8.01,9.01",REGULATORY
0001618835-20-000084,0001618835,"Evofem Biosciences, Inc.",2020-04-28,2020-04-28T07:59:30-04:00,False,"8.01,9.01",OTHER
0001618835-20-000081,0001618835,"Evofem Biosciences, Inc.",2020-04-27,2020-04-27T08:00:41-04:00,False,"1.01,2.03,3.02,8.01,9.01",OTHER
0001618835-20-000057,0001618835,"Evofem Biosciences, Inc.",2020-03-25,2020-03-25T17:00:36-04:00,True,"1.01,3.03,5.03,8.01,9.01",OTHER
0001618835-19-000208,0001618835,"Evofem Biosciences, Inc.",2019-12-02,2019-12-02T06:50:35-05:00,False,"8.01,9.01",CLINICAL
0001618835-19-000192,0001618835,"Evofem Biosciences, Inc.",2019-11-26,2019-11-26T07:30:20-05:00,False,"8.01,9.01",REGULATORY
0001618835-19-000114,0001618835,"Evofem Biosciences, Inc.",2019-06-10,2019-06-10T16:01:24-04:00,True,"3.02,5.02,8.01,9.01",OTHER
0001618835-19-000058,0001618835,"Evofem Biosciences, Inc.",2019-04-11,2019-04-11T17:16:31-04:00,True,"1.01,3.02,5.02,8.01,9.01",OTHER
0001618835-19-000003,0001618835,"Evofem Biosciences, Inc.",2019-01-03,2019-01-03T08:00:23-05:00,False,"8.01,9.01",CLINICAL
0001078782-20-000333,0001514946,"AXIM BIOTECHNOLOGIES, INC.",2020-05-14,2020-05-14T13:06:43-04:00,False,8.01,OTHER
0001078782-20-000320,0001514946,"AXIM BIOTECHNOLOGIES, INC.",2020-05-13,2020-05-12T17:29:40-04:00,True,"7.01,8.01,9.01",OTHER
0001078782-20-000203,0001514946,"AXIM BIOTECHNOLOGIES, INC.",2020-03-27,2020-03-27T13:17:00-04:00,False,8.01,OTHER
